Rank,TeamId,TeamName,LastSubmissionDate,Score,SubmissionCount,TeamMemberUserNames
1,16681125,"M & M & P & Q","2026-09-30 15:21:46",3047.3,2,"morimo,msd0110,piiiiiiiii,qistripute"
2,16623559,DECEM,"2026-09-30 10:46:53",2965.4,2,zy1343930734
3,16621497,"Victor @ Tufa Labs","2026-09-30 14:25:15",2954.1,2,vmerckle
4,16732748,DSM,"2026-09-30 14:09:31",2928.8,2,"denden12,masspeaks,shimishige"
5,16736435,CDE,"2026-09-30 07:36:00",2896.1,2,"arc144,christofhenkel,crodoc"
6,16730612,"Unknown Mother-Goose","2026-09-30 13:57:57",2883.1,2,linkinpony
7,16684994,TKNP,"2026-09-30 10:22:53",2866.6,2,"justnik77,katasonoveugene,romankatasonov,sergey140146659"
8,16770421,"Vadim Vasilenko","2026-09-30 09:48:41",2861.6,2,vadimvasilenko
9,16698308,"Gemini IS ALL YOU NEED","2026-09-30 13:31:04",2849.4,2,"jacqueszhelinzhang,yuan800"
10,16854176,吃白饭的大肥鱼,"2026-09-30 07:32:46",2823.3,2,"deepios,gengsr,tangdi24,tanpowasd"
11,16654697,KawattaTaido,"2026-09-30 14:59:06",2813.1,2,kawattataido
12,16718819,Majkel1337,"2026-09-30 17:30:18",2812.7,2,majkel1337
13,16712258,Yizhou,"2026-09-30 17:16:32",2811.9,2,yaphellee
14,16915014,Boey,"2026-09-30 11:51:30",2810.9,2,boeychenjun
15,16628664,"Anton Tikhonov","2026-09-30 16:52:04",2810.0,2,itwastony
16,16717665,"Christoffer Thimsen","2026-09-30 13:53:05",2796.0,2,lowasitgoes
17,16804022,monsaraida,"2026-09-30 08:17:57",2792.1,2,monsaraida
18,16760699,Luca,"2026-09-30 15:06:50",2788.6,2,yijiey
19,16623716,"tetsuya & yuanzhe & guoqin","2026-09-30 08:58:54",2788.5,2,"guoqingu,tetsuya3510,yuanzhezhou"
20,16624026,有辣条有权,"2026-09-30 11:36:46",2777.1,2,russcore
21,16751828,"E. Honda","2026-09-30 16:55:50",2771.6,2,toseihatori
22,16657750,.,"2026-09-30 14:49:26",2768.3,2,proptiter
23,16709492,abozten,"2026-09-30 14:03:28",2765.3,2,abozten
24,16758882,mtmr_s1,"2026-09-30 13:25:03",2765.0,2,mtmrs1
25,16730326,atsushi11o7,"2026-09-30 06:32:27",2762.9,2,atsushi11o7
26,16695046,"No Shake Please!!!","2026-09-30 11:32:04",2759.9,2,"aurax7,coolinlai,davidsarrat,pseree,zongzishuang"
27,16634580,akmr,"2026-09-30 14:32:57",2753.4,2,akimaru
28,16623697,yuto083,"2026-09-30 10:32:29",2749.3,2,yuto0712
29,16621799,"Artem The Farmer 🍅","2026-09-29 21:06:06",2749.1,2,veshkinartem
30,16736838,😗アナコンダ🤭,"2026-09-30 16:52:24",2742.4,2,"ei1333,unosss"
31,16866398,feles99,"2026-09-30 15:42:48",2735.1,2,feles99
32,16942171,mhw,"2026-09-30 15:03:26",2733.4,2,"matelong,wuyujc,yanghanxin"
33,16867213,한밭대학교컴퓨터공학과정우민,"2026-09-30 16:13:50",2732.2,2,woominyo
34,16670384,"Gordeev Max","2026-09-30 10:19:59",2731.0,2,gordeevmax
35,16811917,"Dipam Chakraborty","2026-09-30 12:31:56",2721.7,2,dipamc77
36,16743356,"Azat Akhtyamov","2026-09-30 17:20:52",2715.8,2,azakhtyamov
37,16721453,"Random Mambo","2026-09-30 03:37:59",2712.8,2,beaten67
38,16623580,matu997,"2026-09-30 16:36:59",2712.3,2,mastu997
39,16730357,"My second life","2026-09-30 14:35:03",2709.5,2,"giovannibaldon,jjinho,pavelsavchenkov,ttyn4519"
40,16862183,Smackaveli,"2026-09-30 07:31:02",2702.0,2,spoutop
41,16632377,"Legend Brothers","2026-09-29 16:56:45",2693.2,2,"holeguma,shunhirota"
42,16793083,"🐚seek inspiration🐚","2026-09-30 04:44:35",2693.1,2,kurupical
43,16633507,"Happy Farm","2026-09-30 14:37:38",2688.9,2,"alexesn,c0ldzy,ivanvorfolomeev,semyonepanov"
44,16891902,Farmcore,"2026-09-30 17:04:58",2674.7,2,"betmyex,doifgoox,garifullintimur,naviniklag"
45,16735341,MAC,"2026-09-30 14:23:56",2673.8,2,"ryui68925,uki706"
46,16673205,"Arda Ceylan","2026-09-30 00:07:16",2668.6,2,ardacey
47,16942123,dodsters,"2026-09-30 15:02:40",2662.7,2,"andreyakifev,friklez"
48,16739633,kwa,"2026-09-30 11:20:06",2660.0,2,ikaroskaggle
49,16632327,"We wanna be tomatos","2026-09-30 06:57:15",2658.9,2,"behindkun,forrestxlz,konbu17,mechi22,midnqly"
50,16887437,TheEggman,"2026-09-30 14:05:56",2658.1,2,ethanl67
51,16623669,goonew,"2026-09-30 16:37:12",2647.1,2,goonew
52,16714162,MarvinTMB,"2026-09-30 16:12:59",2639.3,2,marvintmb
53,16644287,"Ryo Hasegawa","2026-09-30 13:04:20",2638.3,2,ryohasegawa926
54,16623451,Ueddy,"2026-09-30 15:04:18",2638.2,2,ku0807
55,16767215,keiz,"2026-09-30 11:30:08",2636.8,2,keizkeiz
56,16758767,NSK_54,"2026-09-30 12:43:47",2631.5,2,"leon7archer,suvalex"
57,16754882,vvs,"2026-09-30 12:25:34",2628.8,2,marvelworld
58,16748733,"Driz Lo","2026-09-30 15:48:44",2625.3,2,"cieling,drizlo,kindinred"
59,16806195,unreal,"2026-09-30 10:12:50",2625.0,2,gauravgs1007
60,16709127,IsaiahP,"2026-09-29 22:18:35",2623.4,2,pressman1
61,16734966,kigasudayooo,"2026-09-30 14:16:00",2612.7,2,argon1215
62,16730524,"THIRD FARM CLUB","2026-09-30 14:14:38",2611.8,2,"bowwowforeach,mooegi,shunrcn,simann"
63,16794696,"Paul Bryan Elefante","2026-09-30 07:16:57",2611.5,2,heuljax
64,16906728,"Konstantin Zhar","2026-09-30 04:33:46",2608.3,2,zharkd
65,16658248,Aaweg,"2026-09-30 14:38:39",2606.2,2,aawegbhaladhare
66,16675778,"Orbital Terraformer","2026-09-30 15:07:51",2605.1,2,tubotubo
67,16633132,"Kaggledew Valley 🏆","2026-09-30 02:38:09",2595.0,2,"jackvd,wscmisx,yanzhou06"
68,16811307,elmo,"2026-09-30 10:38:27",2594.9,2,mktakizawa
69,16920891,codex还我pro20x,"2026-09-30 13:20:12",2579.3,2,renfei123456
70,16685950,"Planned Economy","2026-09-30 12:46:52",2572.4,2,alturutin
71,16723620,3정훈,"2026-09-30 15:42:22",2571.1,2,az05192000gmailcom
72,16668998,WarRusher,"2026-09-30 05:07:28",2567.8,2,warrusher
73,16656941,"Winter Lamb","2026-09-30 15:44:37",2566.8,2,fabiansyahcahyo
74,16802598,"macbook air m4","2026-09-30 14:07:54",2564.7,2,anonimniygeniy
75,16749520,"Andrey Tikhomirov","2026-09-30 12:24:01",2561.5,2,andreytikhomirov
76,16864314,marwar22,"2026-09-27 23:59:33",2558.5,2,marwar22
77,16805699,"feel the agi","2026-09-30 12:48:53",2558.4,2,nulldata
78,16796574,cununn,"2026-09-30 03:54:36",2554.9,2,w007425y
79,16878533,HayatoFujihara,"2026-09-30 15:42:47",2554.6,2,hayatofujihara
80,16926467,arutyunoff,"2026-09-30 06:05:02",2553.8,2,arutyunoff
81,16685634,"Syed Asad Ali","2026-09-30 08:15:43",2553.6,2,syed3000
82,16728071,AI是我的豆包,"2026-09-30 03:56:48",2552.2,2,"blht2026,wocenmma,zzxhee"
83,16760569,"Otter Vibe","2026-09-30 07:39:27",2552.1,2,gyuminsong
84,16670948,wally0593,"2026-09-30 03:32:45",2550.6,2,wally0593
85,16660281,"xiy lin","2026-09-30 05:11:53",2547.3,2,xiylin
86,16909118,loxigicck,"2026-09-30 00:02:51",2540.9,2,loxigicck
87,16670221,"❄️ Cole Palmer ❄️","2026-09-30 10:06:26",2540.9,2,fleongg
88,16760701,"Yannik Schiffner","2026-09-29 00:20:24",2538.8,2,yannikschiffner
89,16732403,ymg_aq,"2026-09-30 12:35:49",2538.6,2,ymgpalaqs
90,16629972,"forever young","2026-09-30 05:41:04",2537.6,2,keisukeyokota0428
91,16690867,叫啥,"2026-09-30 14:24:08",2534.2,2,"binghua123,gisgisgis,howardleetw,william950615"
92,16645703,madmax0404,"2026-09-30 14:00:01",2533.5,2,max6296
93,16690820,"Alan C52","2026-09-30 11:27:21",2532.5,2,alanc52
94,16763230,flg,"2026-09-25 10:41:13",2529.7,2,ferdinandlimburg
95,16731443,"Arjun Vinod","2026-09-30 05:07:03",2527.1,2,arjun0014
96,16691451,Nakano,"2026-09-30 14:22:42",2526.9,2,spicatom0914
97,16740405,by,"2026-09-30 02:38:41",2526.0,2,ibyyue
98,16688294,"high frequency farming","2026-09-30 09:07:27",2525.8,2,"gunhcolab,hweowe,markslavin"
99,16913723,azamat1ch,"2026-09-30 14:12:27",2525.3,2,azamat1ch
100,16743582,ShunkiKyoya,"2026-09-30 07:40:35",2523.5,2,shunkikyoya
101,16707990,Snorlax,"2026-09-30 06:29:06",2523.1,2,pku1400010735
102,16918411,"Gautier Marti","2026-09-29 19:16:19",2521.5,2,gautiermarti
103,16730946,"Bohann Wang","2026-09-30 16:51:38",2520.7,2,bohannnwang
104,16652536,Satoshi_SsSs,"2026-09-30 03:32:16",2520.3,2,satoshissss
105,16732879,daulettoibazar,"2026-09-30 07:24:25",2518.9,2,daulettoibazar
106,16779451,kibuna,"2026-09-30 16:55:37",2516.5,2,kibuna
107,16739419,"misis biznessmenlb","2026-09-30 10:39:28",2515.7,2,"adilkhabibullin,bebra3222,daniilsergeevda,player77"
108,16630825,"Black Mamba Farm","2026-09-30 13:47:05",2515.5,2,"asherjyd,frankyhz,qizhiran,yukundu231100"
109,16758244,yumizu,"2026-09-30 09:26:08",2514.3,2,yumizzzz
110,16659555,"Joseph Adamski","2026-09-30 11:06:19",2513.9,2,josephadamski91
111,16623466,len8487,"2026-09-30 01:35:32",2513.0,2,len8487
112,16756591,"Hamed Vakili","2026-09-30 09:00:53",2509.3,2,"hamedvakilit0,maryam7713"
113,16732521,redblackbst,"2026-09-30 17:25:54",2508.5,2,redblackbst
114,16944414,Aguacates,"2026-09-30 15:36:25",2507.0,2,"carolinemercedes,joshdankworth"
115,16655610,GPTatoes,"2026-09-30 16:28:30",2504.5,2,"angran,kaixuanosmas"
116,16946542,"Siyuan Wang","2026-09-30 17:31:50",2504.4,2,merlynwang
117,16681405,"Yusuke Hayashi","2026-09-30 12:12:06",2498.3,2,yhay81
118,16731803,JYShane,"2026-09-30 15:00:28",2497.7,2,jyshane
119,16743836,"Auto Fermers","2026-09-30 16:23:45",2496.1,2,"arsgorynich,artemboltaev,dmitriigluzdov"
120,16769836,weense,"2026-09-30 06:48:39",2494.3,2,weense
121,16621590,Yaroslav,"2026-09-28 09:37:57",2494.1,2,yaroslavrogoza
122,16758316,"Roy Lo TW","2026-09-30 10:46:39",2490.0,2,roylotw
123,16891058,Navier-stokes,"2026-09-30 07:14:46",2488.2,2,"nguyenkhanhvu,nhtlongcs"
124,16752196,sekai013,"2026-09-30 08:36:04",2485.0,2,sekai013
125,16674102,没落者,"2026-09-30 13:03:59",2483.4,2,needless090
126,16640785,"syouya tobita","2026-09-30 00:13:17",2482.1,2,syouyatobita
127,16768065,"Gradient Grazing","2026-09-30 14:46:57",2482.1,2,adamhusein
128,16823930,"Ghost Rule","2026-09-30 03:39:13",2478.5,2,yiyangxudmm
129,16762319,"Shiji Zheng","2026-09-30 14:27:51",2477.7,2,"q20020006073,watcher996,zhengshiji"
130,16852049,Tremble,"2026-09-29 08:38:51",2476.1,2,"aimeechen1,haoxuanwang12366,junsongzhang,qiyaoxu,yifuandonlyyifu"
131,16945978,"Grigor Sargsyan","2026-09-30 07:32:14",2474.2,2,grigorsargsyan
132,16627906,"Tergel Munkhbat","2026-09-30 12:17:52",2474.2,2,tergelmunkhbat
133,16633178,"Cow Boy","2026-09-30 12:27:13",2472.6,2,shanzhong8
134,16675873,"Zhu Liang","2026-09-30 02:31:37",2470.5,2,paradite
135,16857676,"Justin Yang","2026-09-30 15:14:26",2468.3,2,zake7749
136,16672709,"RS Turley","2026-09-30 14:48:34",2466.8,2,rturley
137,16784691,"ready or not here i come","2026-09-30 03:55:42",2465.4,2,emrekuruba
138,16803103,hugghngkai,"2026-09-30 06:32:13",2462.2,2,hugghngkai
139,16754022,Pico,"2026-09-30 16:04:31",2461.7,2,charithgr
140,16892458,goose10,"2026-09-30 14:53:20",2459.2,2,orangeaugust
141,16637255,"leave you","2026-09-30 13:46:36",2458.9,2,superallen001
142,16760523,"Joseph Ayanda","2026-09-30 02:01:31",2456.4,2,josephayanda
143,16921670,giyogoioが相手の農地を燃やします,"2026-09-30 11:22:57",2455.1,2,"giyogoiohlrlqll,k256net"
144,16917996,Agentculture,"2026-09-30 13:54:59",2454.8,2,"ericchen001,huzhenyi,sylvia47,thx123456121"
145,16815017,Humanitis,"2026-09-30 14:38:46",2454.7,2,humanitis
146,16852826,Phoenix750,"2026-09-30 16:38:45",2454.2,2,richardmaddox
147,16889522,"Y & G","2026-09-30 13:33:44",2451.5,2,"gauravnagotanekar,raneyash"
148,16910441,Ultracodes,"2026-09-30 13:36:33",2450.8,2,"guanchaosun,lh123463,yitao111"
149,16904566,FLA,"2026-09-30 14:18:17",2450.7,2,"athnnna,fanglong,fengzq777"
150,16717536,c0nrad,"2026-09-30 15:50:08",2450.0,2,stuartlarsen
151,16819030,sunyuxiang136,"2026-09-29 12:01:23",2447.7,2,"hqy0619,orangetailfish,sunyuxiang136,tshen12"
152,16717440,"farm pt","2026-09-29 16:53:10",2445.0,2,"gunianxue,marisyn,muran169633"
153,16732727,brightest66,"2026-09-30 13:49:48",2444.7,2,"brightest66,laplacenvmv"
154,16709176,Efnutrrionpy,"2026-09-30 11:08:58",2443.7,2,efnutrrionpy
155,16624309,jjamppongmandu,"2026-09-30 02:15:10",2442.2,2,"beckspeca,hihiimj,jjamppongmandu"
156,16668783,Zyy7390,"2026-09-30 14:59:56",2441.3,2,"tigerrrrrr,zyy7390"
157,16941436,fshindo,"2026-09-30 15:20:32",2440.7,2,ffsscf
158,16658349,lingxiaojun,"2026-09-29 03:07:22",2440.6,2,lingxiaojun
159,16806018,トゲアリトゲナシトゲトゲ,"2026-09-30 11:08:41",2439.7,2,togearitogenasi
160,16671741,Excluding,"2026-09-30 14:52:58",2437.7,2,excluding
161,16706222,"Xiangyu Liu","2026-09-30 07:35:08",2436.6,2,xiangyuliu007
162,16734580,shyjin,"2026-09-30 15:30:59",2436.5,2,shyjin
163,16913591,fly,"2026-09-29 16:05:29",2436.3,2,"azh1sdad,linjingmax,rong414,w1ll1am10,yuhanleo"
164,16653199,Koba,"2026-09-30 13:09:26",2435.8,2,zone0906
165,16748511,HarshPandey-yt-auto,"2026-09-29 17:10:22",2431.7,2,harshpandeyytauto
166,16863512,YumeNeko,"2026-09-30 16:45:49",2431.7,2,kashiwaba
167,16633950,"Matt Motoki","2026-09-29 13:27:03",2430.4,2,mmotoki
168,16857621,"stack overflow","2026-09-30 14:07:38",2429.5,2,"cudastack,dlbyte,dsbeta"
169,16811703,KaggricultureX,"2026-09-30 14:02:41",2429.0,2,"hanwang666,huanghaoyu7280,lannuo,liangzixiabc"
170,16871381,huaiyuyoung,"2026-09-26 09:05:31",2427.4,2,"huaiyuyoung,mushancui,nuoyixu,sdsnorth,yuantoby"
171,16660255,"Revanth Tambisetty","2026-09-29 10:12:23",2423.9,2,revanthtambisetty
172,16766128,"Oleksandr Parfionov","2026-09-30 14:07:00",2422.7,2,parfyon
173,16943306,liminhai,"2026-09-27 01:10:11",2420.5,2,"hungry1728,liminhai,mars086,yeukwanvickyli,yuchuanzhang1202"
174,16624645,"Closed Loop","2026-09-30 03:08:11",2418.8,2,hobbisttech
175,16669926,Jince,"2026-09-30 08:36:38",2418.1,2,jincesaju
176,16843221,refine123,"2026-09-30 02:17:06",2417.5,2,refine123
177,16759402,Capitaalgain,"2026-09-30 15:59:12",2417.3,2,capitaalgain
178,16623637,kuro0315,"2026-09-30 07:38:46",2417.1,2,skuro0315
179,16928267,"GPT 6 Astra Ultra Fast","2026-09-30 14:21:10",2417.1,2,"dorags,linmiaohan,zhiruizheng111"
180,16668162,AlejandroAlvarez,"2026-09-30 17:27:37",2417.1,2,theworm
181,16922539,Gatswei,"2026-09-30 11:05:52",2414.8,2,gatswei
182,16664246,"Sida Zuo","2026-09-27 23:49:18",2413.7,2,sidazuo
183,16681744,team_fn,"2026-09-30 15:04:50",2413.5,2,fjklmn
184,16805882,nmdcddwzml,"2026-09-30 00:00:36",2412.5,2,mujian63
185,16719758,pangzi233,"2026-09-30 16:11:19",2407.7,2,pangzi233
186,16665224,tyz123456,"2026-09-30 13:57:45",2407.5,2,tyz123456
187,16688732,"sAIzeria Harness","2026-09-30 08:38:58",2405.5,2,"gnux1408,tanakaai24"
188,16697395,darktetradgod,"2026-09-29 08:08:11",2405.2,2,darktetradgod
189,16730676,ActiveMusyoku,"2026-09-30 11:10:38",2405.2,2,"daiki0381,kohei0okazaki,noriyukimori,ryonatori,seipon"
190,16799266,"Kucing Garong","2026-09-30 14:54:55",2404.9,2,syaugialkaf
191,16857636,Tm-ACCS,"2026-09-30 14:22:12",2404.6,2,"bitsmini,corebase,llmrun,opsneo"
192,16806938,boominginging,"2026-09-26 13:00:54",2404.0,2,"aviator22,boominginging,caiwenjie123,mikeintokyo"
193,16884814,"Happy Farmers","2026-09-30 14:01:28",2403.6,2,"loopide,mapmicro,modelkit"
194,16904592,RLMAX,"2026-09-30 13:29:23",2403.6,2,"haoyangdaviddong,mingsiguo,risottoolive,yuanqinyi"
195,16679098,"KIRTAN RUPESHBHAI BHOJANI","2026-09-28 20:07:30",2402.0,2,kitran17
196,16945969,"Rushil Desai","2026-09-30 04:01:06",2401.9,2,rushildesai
197,16657931,t-enstar,"2026-09-30 16:15:51",2397.8,2,tstustatama
198,16663614,Nevska,"2026-09-30 00:32:27",2396.4,2,nevska
199,16905679,xaxipiruli,"2026-09-30 09:25:35",2392.4,2,xaxipirulazo
200,16929367,SimulationXYZ,"2026-09-30 14:29:41",2390.9,2,"biandatong,fan41786,taomarktao,ycc13688881999"
201,16623370,kenmatsu4,"2026-09-28 15:29:13",2388.6,2,kenmatsu4
202,16945263,liyupengli,"2026-09-26 23:59:24",2388.0,2,"easonrao,huhuown,liyupengli,mikesun20110408"
203,16621515,"Alexander Gremyakov","2026-09-30 13:17:48",2387.6,2,alexandergremyakov
204,16856022,"fasith 007","2026-09-27 12:52:47",2387.5,2,fasith007
205,16741131,"Adarsh Balanolla","2026-09-30 16:37:31",2387.3,2,adarshreddyb
206,16929873,offhand,"2026-09-30 04:41:44",2382.8,2,offhand
207,16684954,Rogues,"2026-09-30 16:14:49",2382.6,2,"saikushal185,suneethreddy"
208,16681007,AkiraOnojp,"2026-09-30 11:57:49",2382.5,2,akiraonojp
209,16761593,Azathoth,"2026-09-30 13:52:46",2379.8,2,stsaasts
210,16919136,"First Farming","2026-09-30 13:40:36",2378.9,2,"chengxuanyang,dongshangyu,lxinye09,pengwenlong"
211,16625220,thisray,"2026-09-30 16:15:01",2377.3,2,thisray
212,16857762,Fablers,"2026-09-30 13:57:06",2376.9,2,"cvcost,fluxdev,lossvis,zetaex"
213,16748173,pensukesan,"2026-09-30 13:59:26",2376.4,2,pensukesan
214,16925604,"Fritz Cremer","2026-09-30 14:48:10",2375.5,2,fritzcremer
215,16820794,"Yuxuan Ba","2026-09-26 03:37:23",2375.4,2,"cynthiaaaaa06,hyt9797,lynndai67,yuxuanba"
216,16808905,"Yusaku Muroya","2026-09-30 09:07:11",2375.4,2,ymuroya47
217,16705417,fuxi,"2026-09-23 13:20:03",2375.2,2,"padyue,pytorch5009asd"
218,16701074,"One Policy to Rule Them All","2026-09-29 20:47:42",2374.1,2,qujiahui
219,16882725,Ebi,"2026-09-29 21:07:49",2373.3,2,ebinan92
220,16659627,"Lam Dang","2026-09-29 02:10:22",2372.6,2,lamdang
221,16641138,"Bharath Varma","2026-09-30 15:36:53",2368.1,2,bharath111l
222,16905643,yngd99,"2026-09-30 12:53:50",2367.6,2,yngd99
223,16685743,"Alex Oranov","2026-09-30 11:06:31",2367.5,2,aoranov
224,16857488,BC+,"2026-09-30 14:04:21",2366.1,2,"lachesism,neoist,wangtianyi8,zhihaoweng"
225,16748866,masayoshi,"2026-09-30 13:17:55",2365.9,2,masayoshi64
226,16884751,"full-auto agent","2026-09-30 13:47:50",2362.9,2,"idcode,pychat,regularl2,tokenrank"
227,16693904,DeeperNet,"2026-09-30 15:41:27",2362.2,2,"deepernet,kkkggg,xblade"
228,16745959,_demo,"2026-09-30 16:23:52",2360.6,2,fortunaterookie
229,16857723,"Mask Learning","2026-09-30 13:39:28",2359.2,2,"clipcode,daskrank,maskgen,nnmerge,opscfg"
230,16622198,"THUNDER THUNDER","2026-09-21 07:08:52",2358.6,2,thunderthunder
231,16854059,"Gökmen KÜÇÜKAYDIN","2026-09-30 01:56:24",2358.2,2,gkmenkkaydin
232,16732857,Rojiomote,"2026-09-30 13:43:22",2357.0,2,rojiomote
233,16860907,zzzz,"2026-09-26 06:07:29",2356.1,2,"haojunwei,kuengo,leonstew,ruoguxu"
234,16669269,"yash bhaskar","2026-09-30 11:35:52",2355.7,2,yash9439
235,16696703,Farmer,"2026-09-29 14:05:50",2354.3,2,alekseic
236,16731605,datatuu,"2026-09-30 15:18:22",2352.3,2,yaoguang516
237,16832971,"Scott Willis","2026-09-30 02:50:24",2352.1,2,scottgwillis
238,16732478,Ken_Ken_Pa,"2026-09-30 14:35:12",2351.7,2,kenkenpa
239,16796682,LK30,"2026-09-30 15:14:48",2350.5,2,louisklasing
240,16857685,kaggriwaves,"2026-09-30 14:24:30",2350.1,2,"cliwave,cyberpsi,hyperacc"
241,16920167,AI+Agriculture,"2026-09-30 13:34:44",2350.1,2,"alexanderzhiyuanliu,duyutong6,jackdeng123,lgz666"
242,16930465,"Xuanhao Wang","2026-09-26 10:07:02",2346.6,2,xuanhao666
243,16754112,"rhythm master","2026-09-30 14:08:25",2346.6,2,"lukaswong,nairurga,vincent19543,zaynedong"
244,16679245,"Krzysztof Gonia","2026-09-30 12:49:29",2346.2,2,krzysztofgonia
245,16723955,chunsuri,"2026-09-30 10:45:14",2344.1,2,chunsuri
246,16811251,poijio,"2026-09-28 13:12:54",2341.1,2,poijio
247,16652446,"tine.sh agent","2026-09-30 00:17:58",2340.6,2,sidcodegg
248,16945992,wwwwwwwwwwwwwwwwwwwwwwwwwwwwww,"2026-09-30 14:26:46",2340.5,2,wwwwwwwwwwwwwwwwwwww
249,16663626,"yvn kaggriculture","2026-09-29 21:43:10",2339.7,2,"garnikdavtyan,mikayelgr"
250,16751061,L1a0JH,"2026-09-30 15:22:48",2338.5,2,coolkid14122
251,16931354,snappi,"2026-09-30 08:31:16",2336.8,2,snappi
252,16794090,Euphor_M,"2026-09-30 11:20:01",2332.6,2,euphor
253,16673303,"Samuel Sundararaman ","2026-09-30 12:00:02",2331.4,2,neopok919
254,16723991,"James Holland","2026-09-29 23:41:36",2328.7,2,jkhollandjr
255,16632021,istinetz,"2026-09-29 13:18:53",2328.6,2,istinetz
256,16732055,DASH村,"2026-09-30 16:46:56",2328.4,2,sobameshi
257,16641536,"Michael Timbs","2026-09-30 12:00:49",2327.4,2,michaeltimbs
258,16872754,kitano0104,"2026-09-30 03:44:09",2326.2,2,"kitano0104,ryyymy"
259,16622245,"Vlas Veles","2026-09-29 11:45:57",2325.5,2,vlasveles
260,16738626,李BCDEFGA,"2026-09-28 07:18:02",2322.1,2,"bcdefga,fengzhaofan,quzehao12"
261,16727171,yfy,"2026-09-30 11:35:10",2320.6,2,qwidndbdjss
262,16910633,Shawn404,"2026-09-29 11:24:59",2319.0,2,shawn404
263,16756764,"Alperen Aydın","2026-09-30 15:02:03",2318.4,2,alperen5252525
264,16690763,chungkuangwen,"2026-09-27 10:49:12",2317.6,2,chungkuangwen
265,16853849,emreaydin,"2026-09-28 18:11:32",2315.8,2,aydinemre
266,16756698,savoelh,"2026-09-30 14:39:35",2314.0,2,savoelh
267,16641710,yjshyfy,"2026-09-30 09:56:50",2313.8,2,yjshyfy
268,16657796,"parv goyal2","2026-09-30 15:06:53",2311.7,2,parvgoyal2
269,16763706,断罪の孤高の神・大宇宙草莓覇皇,"2026-09-30 04:25:24",2307.0,2,"lordofichigo,qilejiang76"
270,16673230,saitamad,"2026-09-28 16:23:00",2306.5,2,saitamad
271,16688787,Fih,"2026-09-30 17:06:08",2306.5,2,vencerlanz09
272,16669935,"Roman Svet","2026-09-30 12:57:40",2305.7,2,romansvet
273,16654783,quantara.cv,"2026-09-29 23:38:26",2304.5,2,goth55
274,16727266,Agricola,"2026-09-29 21:56:46",2304.4,2,ebisuya
275,16659286,shane18,"2026-09-29 07:02:03",2303.8,2,shane18
276,16674353,"Lakshmanan R","2026-09-30 16:25:44",2302.2,2,lakshmanankumar02
277,16809294,Cherie01,"2026-09-30 12:48:56",2301.7,2,cherie01
278,16627888,atl132,"2026-09-30 01:04:26",2301.4,2,atl132
279,16736874,mhiro2,"2026-09-30 05:05:43",2301.3,2,mhiro2
280,16622898,"sbol ball","2026-09-29 21:23:12",2301.2,2,"linearbasis,maksimkostritsya"
281,16665237,"Ad Space Available","2026-09-29 16:51:52",2297.5,2,"liyouran0820,rainchen0411,richardsilence,tongyuexiao"
282,16652175,"Lucas Boesen","2026-09-30 08:04:55",2294.4,2,lucasboesen
283,16693965,ra5anchor,"2026-09-28 17:05:02",2292.6,2,junmitsui
284,16784943,"Ian lin","2026-09-30 10:20:00",2291.8,2,ianlin310707
285,16935560,南山3G战神,"2026-09-29 07:11:35",2290.7,2,"dongxinwan,jyo5200,linkenfaqiu8290,vincent8491,wxh20031103"
286,16689154,CrossEngineered,"2026-09-30 06:17:59",2286.3,2,"danyalsahin1,gkenurk"
287,16659679,Civitasmass,"2026-09-30 15:41:48",2282.9,2,godhand
288,16854842,ijiiok,"2026-09-26 19:44:27",2281.9,2,ijiiok
289,16867799,"Chris Deotte","2026-09-28 11:49:26",2281.7,2,cdeotte
290,16674961,"Ilya & Yurnero","2026-09-30 16:29:06",2281.4,2,"samson8,test7845"
291,16784829,"Masahiro Yamagata","2026-09-29 18:18:02",2279.6,2,masahiroyamagata
292,16678521,"techno coven","2026-09-30 14:39:08",2279.5,2,"blancaplanca,nevolinaa"
293,16828244,AGSaturn,"2026-09-30 13:42:29",2276.2,2,polyuhst
294,16942378,"Cheese Burgers","2026-09-29 08:46:16",2272.6,2,"gaippi,mrkoolguy"
295,16751152,"Andrew Reed","2026-09-30 12:46:23",2270.6,2,andrewreed
296,16847812,tw1nstar,"2026-09-30 16:49:13",2269.7,2,"candaceward,supermanking,waekeee"
297,16846958,"Constantin Craciun","2026-09-30 09:32:15",2269.2,2,constantincraciun
298,16627751,lzeee,"2026-09-30 13:47:26",2263.3,2,shzgong
299,16807538,Asterope,"2026-09-29 23:25:14",2260.7,2,jianlee0
300,16829239,tomfng,"2026-09-28 13:30:08",2260.5,2,tomfng
301,16684093,"fog flower","2026-09-30 17:20:19",2259.1,2,"fogflower,gdz007,kitchs,xuesongyin"
302,16905243,Nyassy,"2026-09-30 12:56:18",2258.1,2,ka4869
303,16704466,"QQ Farming","2026-09-30 07:14:35",2258.1,2,"dzjiann,hdhsjdjd,keithtyser,mitubant,ngyzly"
304,16684250,"Alexander Sokolov","2026-09-27 06:57:58",2258.0,2,cheeec0
305,16856988,"power spy","2026-09-30 15:45:09",2253.9,2,powerrspyy
306,16811414,Y-Kitaro,"2026-09-30 13:39:52",2252.3,2,yhataktaro
307,16651244,"Knight of Favonius","2026-09-30 15:39:45",2251.8,2,ladyfaye
308,16760515,"Kazuo Watanabe","2026-09-30 10:43:35",2251.3,2,watanabekazuo
309,16690805,"Alejandro Ayestaran","2026-09-28 18:18:26",2250.6,2,alejandroayestaran
310,16882022,URAD,"2026-09-28 15:40:06",2249.0,2,uradkr
311,16688159,"aildar &  slopernak & bobot","2026-09-30 13:59:15",2248.8,2,"eldarkhisamutdinov,mernak,vladimirbagmanov"
312,16632783,chocolat,"2026-09-30 10:06:45",2248.4,2,chocolatnya999
313,16677342,Fedor,"2026-09-30 11:26:13",2248.4,2,fedorchuprakov
314,16730065,Blu3s,"2026-09-29 23:02:22",2246.7,2,"atteincueo,ausrine"
315,16685548,"Erfan Eshratifar","2026-09-30 01:58:35",2245.4,2,erfaneshrati
316,16806023,"Eesh saxena","2026-09-30 12:14:49",2245.0,2,eeshsaxena
317,16748154,taiseiu,"2026-09-30 11:37:44",2244.7,2,taiseiu
318,16700211,miya,"2026-09-30 05:10:44",2243.0,2,miyamuratakeki
319,16656496,"Vaibhav Gupta","2026-09-27 15:46:58",2241.9,2,vaihero
320,16728492,ほのぼの牧場,"2026-09-30 00:01:14",2239.0,2,masatoshitaniguchi
321,16634537,"How to Make Bread from N2","2026-09-30 07:41:04",2238.9,2,yuki11ii
322,16656452,Kudo,"2026-09-30 11:34:30",2238.8,2,nguyenchicuong
323,16629685,mikelou1,"2026-09-30 17:22:17",2238.8,2,mikelou1
324,16673328,"Preetham Prasanna","2026-09-29 10:20:03",2238.1,2,preethamprasanna
325,16731275,carbonapi,"2026-09-30 04:52:09",2237.6,2,nonempty
326,16671361,"Hangyu Yu","2026-09-30 15:53:29",2236.9,2,"cqupthangyuyu,leoethan,wxgisspider"
327,16663946,"Hello San Francisco","2026-09-30 10:26:20",2236.7,2,"circiumaru,dulgherustefan,radugoga"
328,16748142,"Hikaru Umeda","2026-09-30 13:18:18",2235.5,2,hikarumeda1030
329,16656500,奶龙宝宝爱种田吖,"2026-09-30 06:29:05",2234.3,2,"a982295350,bertmacutata,blencanierice,dangzhiyuan,imoxzm"
330,16640510,SpaTaro,"2026-09-30 15:33:24",2232.7,2,tarosqrd2
331,16725899,Zhenghongshuang,"2026-09-30 16:34:14",2232.2,2,zhenghongshuang
332,16860784,xxxx0314,"2026-09-30 16:15:34",2231.7,2,"kirklandsan,xxxx0314,yunfeiyang223"
333,16845367,kyy666,"2026-09-29 21:11:57",2230.3,2,"kyy666,robertmcwang"
334,16651332,"Le Viet","2026-09-30 06:57:58",2228.5,2,sleepyssr
335,16917382,"Anand Singh","2026-09-28 13:56:26",2226.7,2,anandsingh8687
336,16623990,senkin13,"2026-09-30 07:02:31",2226.1,2,senkin13
337,16740419,IamDiganta.7,"2026-09-30 10:35:23",2225.2,2,iamdiganta7
338,16705390,"Subramanya N","2026-09-30 05:36:30",2225.1,2,subramanya1997
339,16750416,QQ农场,"2026-09-30 16:53:41",2224.4,2,"dqfeng,gvione"
340,16668736,bhundreds,"2026-09-30 11:09:51",2224.2,2,hundreds1103
341,16850509,LS,"2026-09-28 20:56:49",2224.0,2,shannanl
342,16667242,"Gleb Tumanov","2026-09-30 16:11:08",2222.8,2,crachton
343,16908425,CUties,"2026-09-30 14:50:08",2221.6,2,"tagireminov,timmass2"
344,16638909,mbscgi,"2026-09-28 01:24:14",2219.8,2,mbscgi
345,16711376,"Arman Tuganbaev","2026-09-29 14:19:22",2217.9,2,armantuganbaev
346,16806556,KyryloBakumenko,"2026-09-30 08:15:39",2216.6,2,kyrylobakumenko
347,16728076,uuu,"2026-09-30 07:15:18",2215.7,2,vovafinogenov
348,16633552,Unkn0wn,"2026-09-30 13:02:17",2214.7,2,"harnadshilpa,nagendraadisesha"
349,16798172,"Dmytro Maliarenko","2026-09-30 07:16:24",2213.6,2,arxitekton
350,16855857,tchufers,"2026-09-25 19:41:27",2213.5,2,viniciusraupp
351,16705790,clora,"2026-09-30 15:52:44",2213.2,2,clora16
352,16632224,"Millia il Velch Cutrettola","2026-09-30 07:36:25",2212.7,2,yamakawanin
353,16889691,"Evil Mango","2026-09-24 19:57:10",2210.3,2,"theevilpiggie,yangbai2026"
354,16701768,darasty,"2026-09-30 04:54:52",2206.6,2,darasty
355,16837491,takaito,"2026-09-30 15:37:12",2206.3,2,takaito
356,16622349,"Mengfei Li","2026-09-30 16:09:17",2205.5,2,meli19
357,16685047,Yvonne.,"2026-09-30 13:57:43",2205.1,2,zdawer250
358,16635108,"cabbage corp","2026-09-28 15:41:15",2203.1,2,"kagglercs,phoenix0501"
359,16622454,automatylicza,"2026-09-30 00:01:55",2202.8,2,automatylicza
360,16870342,"CHEN Xiang","2026-09-30 13:25:23",2202.7,2,intoxicatinglips
361,16770229,"shivam kanojia","2026-09-30 14:17:41",2202.3,2,shivamkanojia1
362,16640807,TS,"2026-09-30 17:07:31",2202.0,2,"macomacoo,milkcoffeen,takumi0220"
363,16762735,"Zenith Ye","2026-09-30 01:42:05",2198.4,2,zenithye
364,16714457,"Crop Dustas","2026-09-30 16:24:24",2198.2,2,"peikopon,rishigottumukkala"
365,16946062,Dlyra,"2026-09-28 20:05:31",2196.9,2,tyronnaidoo
366,16908263,Paing,"2026-09-30 03:13:30",2196.5,2,painghtetsw
367,16716558,"Evan Tobias","2026-09-29 20:22:40",2195.3,2,evantobias
368,16847578,"Tim Chernov","2026-09-29 21:14:10",2194.0,2,saffff
369,16662883,OceanMix,"2026-09-30 06:28:46",2193.8,2,"cggonzalezsc,fierus,liesvyvalladares"
370,16651806,shawnYiB,"2026-09-30 12:56:36",2193.2,2,"mike17cui,shawnyib"
371,16622330,"hiroshi murakami","2026-09-30 13:34:54",2193.0,2,zabojeb
372,16752740,BorisV,"2026-09-30 13:52:19",2192.5,2,bvoskresenskii
373,16632245,u,"2026-09-30 10:24:36",2190.6,2,"apostoloskontarinis,curbotron13,halzweiman,josephmcgonaglebrown,shreyanshpoddar"
374,16916142,aryandongare27,"2026-09-30 04:20:25",2190.3,2,aryandongare27
375,16908623,42,"2026-09-30 16:41:08",2190.0,2,"ffy208,kefeiyan,yirenw11"
376,16754552,Touyu,"2026-09-30 08:33:23",2188.1,2,yutoaoki
377,16641130,LitvinKA,"2026-09-30 09:49:39",2187.1,2,litvinka
378,16832209,enduejdu,"2026-09-29 18:20:14",2186.9,2,"cliff376,enduejdu,vvennie,yuwenyue"
379,16633790,curiosity,"2026-09-30 16:08:44",2186.7,2,chmffwn1
380,16663649,"Akhil Chinta","2026-09-29 19:20:38",2186.0,2,akhilchinta1505
381,16685763,"koren sabag","2026-09-29 23:40:39",2185.6,2,korensabag
382,16805704,ShuHaya,"2026-09-30 11:55:13",2185.0,2,yfqqq088
383,16665402,PrasadChopade213,"2026-09-30 13:44:24",2183.6,2,prasadchopade213
384,16749342,crasal,"2026-09-30 13:16:48",2183.1,2,crasal
385,16731966,ねねね,"2026-09-30 08:02:16",2182.5,2,napier1550
386,16706321,lumen,"2026-09-30 14:21:32",2182.3,2,lumenyuto
387,16730076,SJY321,"2026-09-30 13:25:05",2182.0,2,sjy321
388,16947214,gogogogogo,"2026-09-30 16:17:40",2181.1,2,"bzttub,hehahakl,michaelyu99,y1jun0000"
389,16822602,haru0707,"2026-09-29 15:27:16",2181.0,2,"haru0707,kiduna"
390,16823116,一路向北,"2026-09-30 04:52:54",2180.5,2,chronoscop
391,16675486,"SALAH ELDIN ELNABARAWY","2026-09-30 17:06:32",2180.4,2,salaheldinelnabarawy
392,16640048,"extra eclaire","2026-09-30 11:53:00",2179.4,2,"aeniminu,extraeclaire"
393,16762769,"Jacques Buis","2026-09-29 16:12:15",2177.1,2,jacquesbuis
394,16725564,NoPlanB,"2026-09-29 17:40:44",2176.7,2,kduncanrobertson
395,16927774,shuto,"2026-09-29 16:34:32",2176.3,2,shutohorie
396,16924283,"Hello kaggle","2026-09-30 10:31:42",2175.6,2,gehaohua
397,16925409,Silver,"2026-09-30 15:52:04",2175.5,2,gshy2028
398,16795448,ultimatum_game,"2026-09-30 00:02:26",2175.4,2,"ultimatumgame,walrushero"
399,16783642,base_camp_2002,"2026-09-30 13:07:14",2174.4,2,basecamp2002
400,16846677,涵哥,"2026-09-30 08:01:01",2173.7,2,jinfanhahaha1
401,16735744,老乡,"2026-09-29 23:59:09",2173.5,2,"hboyang,junjiezhou5100"
402,16669123,"Alex #2","2026-09-30 14:07:49",2170.2,2,alxdfy
403,16762208,CrazyML,"2026-09-30 10:06:06",2170.1,2,"janhvikhattri,sorcererbi,vedanshipathak"
404,16933749,ctree4113,"2026-09-30 13:40:07",2167.2,2,yitree
405,16867734,SH11235,"2026-09-30 10:07:34",2165.3,2,sh11235
406,16933836,arumajiro,"2026-09-30 10:19:03",2164.5,2,excellentarumajiro
407,16690353,b13902103_yuhung94,"2026-09-22 02:00:14",2163.5,2,yuhung94
408,16847189,"porosyonok Beib","2026-09-30 14:51:54",2163.3,2,rocinantt
409,16923122,RangerSnow,"2026-09-30 15:01:07",2163.2,2,rangersnow
410,16736427,KouFu,"2026-09-29 16:39:31",2161.7,2,kouheif
411,16655190,"Will Rice","2026-09-30 13:30:55",2161.5,2,willrice
412,16655129,"Morylov Yehor","2026-09-30 00:26:02",2159.3,2,morylov
413,16679812,"Xiang Li","2026-09-30 15:39:53",2159.0,2,xianglipee
414,16681893,morality0707,"2026-09-30 08:34:52",2158.8,2,morality0707
415,16634149,"Hozuma ITOBAYASHI","2026-09-29 13:23:14",2158.1,2,hozumaitobayashi
416,16661118,"Sirui Zeng","2026-09-30 17:03:39",2158.0,2,siruizeng
417,16667774,"Ziad EL ARARI","2026-09-30 11:36:48",2157.0,2,ziadelarari
418,16762019,mqjx,"2026-09-30 16:59:58",2156.2,2,"jifengjianhao666,mqingcs"
419,16671376,Lebxgue.,"2026-09-30 17:23:31",2155.2,2,yukieja
420,16799428,hatata,"2026-09-30 07:02:44",2154.8,2,hatata3737
421,16891965,artem3605,"2026-09-30 11:16:20",2154.7,2,artem3605
422,16728910,Thai,"2026-09-27 08:28:29",2154.1,2,hnthai
423,16923256,Rio,"2026-09-30 13:04:12",2152.9,2,ryosukehada
424,16933535,Binbin022,"2026-09-30 10:03:33",2152.9,2,binbin022
425,16623378,"nvidia fan","2026-09-30 16:29:35",2152.6,2,outwrest
426,16861362,我小栗帽要娶藤正进行曲！！！💍,"2026-09-30 15:57:21",2150.8,2,"praveensahukari,rubiakaslana"
427,16833141,yomogii,"2026-09-30 14:25:07",2150.7,2,yomogii
428,16910680,colum2131,"2026-09-30 08:25:42",2150.4,2,columbia2131
429,16823467,"Riki Uchida","2026-09-30 12:31:37",2150.3,2,rikiuchida
430,16724366,"YASH JAIN","2026-09-30 13:58:27",2147.3,2,yashjain911
431,16798694,"PostgreSQL DBA","2026-09-30 14:03:18",2147.1,2,nintendojoa
432,16919131,"Argyris Anastopoulos","2026-09-30 10:34:56",2147.1,2,argyrisanastopoulos
433,16940889,Yoshiki_Nakamura,"2026-09-30 17:10:09",2146.8,2,yakizakana629
434,16637987,Xander,"2026-09-30 14:10:06",2146.5,2,"badboiriri,canqiang,xiuyang88"
435,16658732,Olympus,"2026-09-30 14:19:39",2146.4,2,"jiseungwoo,peppersaltman"
436,16811313,Ta_____ko,"2026-09-30 14:16:25",2146.2,2,tako1249
437,16740996,ikevayansky,"2026-09-29 09:47:40",2146.0,2,ikevayansky
438,16732210,tanadai,"2026-09-30 11:15:46",2143.8,2,da0516
439,16623440,"JB Bryant","2026-09-30 16:30:18",2143.3,2,jbbryant
440,16721501,αίνιγμα,"2026-09-30 07:12:33",2141.6,2,"muditnagori09,shahidnadaf001"
441,16682494,Phi,"2026-09-30 13:02:46",2141.4,2,ajinomoto132
442,16878458,"Sho Saga","2026-09-25 00:13:47",2141.1,2,shosaga
443,16705499,byncpy,"2026-09-30 17:25:59",2140.1,2,jinliangbi
444,16722500,"Mike Murunov","2026-09-29 20:44:43",2140.1,2,mikhailmurunov
445,16839983,hana87hana,"2026-09-30 07:49:23",2139.4,2,hana87hana
446,16801351,デワンシュ,"2026-09-30 14:00:26",2139.0,2,shade012
447,16622338,github/shepsci/kaggle-skill,"2026-09-30 06:21:48",2138.9,2,shepscientific
448,16670032,Kenjo1209,"2026-09-30 06:43:26",2136.3,2,kenjo1209
449,16715235,l1aF,"2026-09-30 16:22:51",2136.0,2,hhhoang
450,16796241,"pavan rajr","2026-09-30 15:47:27",2134.9,2,pavanrajr
451,16693215,"Izzoudine Mohamed KANTA","2026-09-28 04:49:33",2133.2,2,izzoudeenkanta
452,16630779,Jimmer,"2026-09-30 12:34:54",2132.5,2,przemysawonr
453,16918460,cotton0025,"2026-09-29 10:00:14",2132.1,2,cotton0025
454,16630752,motemen,"2026-09-30 16:20:12",2130.9,2,motemen
455,16890510,"Ivan Vybornov","2026-09-30 16:35:37",2130.4,2,ivanvybornov
456,16918263,Ascent,"2026-09-30 10:17:13",2130.2,2,ishaangangwani
457,16663818,"Mike Mordetsky","2026-09-30 08:56:15",2129.8,2,mikemordetsky
458,16810078,Sam-wiz,"2026-09-30 14:05:39",2128.4,2,samwiz
459,16796370,Z-A,"2026-09-28 15:07:02",2128.4,2,"dfgtde,yuyizhu"
460,16735094,RngRng,"2026-09-29 17:25:50",2128.4,2,rngrng
461,16822071,"aisormo P.H","2026-09-30 15:28:26",2127.9,2,aisormoph
462,16624934,"Haramball forever!","2026-09-30 17:35:32",2127.8,2,envyy23120093
463,16849801,tq1d,"2026-09-30 02:15:52",2127.7,2,haya03010
464,16653044,"Claudex - An","2026-09-30 09:30:07",2127.2,2,"binhdth,buphmquc,hainguyenthien,pntan17"
465,16839458,"Agent 0","2026-09-30 05:17:09",2126.0,2,agent0
466,16742139,ALLAI,"2026-09-30 12:24:24",2126.0,2,glorysing
467,16941020,"Artur Markosyan","2026-09-30 13:07:34",2125.1,2,arturmarkosyan2
468,16867277,"Aura Farmer","2026-09-26 18:27:29",2124.9,2,oriolhinojocomellas
469,16738852,ZJUwlm,"2026-09-30 15:56:59",2124.9,2,"oonumberone,zjuwlm"
470,16843082,"Mohmed Hafez","2026-09-30 10:51:56",2124.7,2,mohmedatya
471,16633100,"Emile Andrieu","2026-09-30 16:31:05",2123.6,2,emileandrieu
472,16923064,ryomac1,"2026-09-30 14:50:39",2123.0,2,ry1729
473,16796238,"Zhongyi Dai","2026-09-30 17:01:55",2119.8,2,zhongyidai
474,16743392,tellurium_rrr,"2026-09-30 14:24:03",2119.6,2,telluriumrrr
475,16701779,"Chaoqi Luo","2026-09-30 09:31:31",2119.5,2,chaoqiluo7
476,16897610,"in blue","2026-09-29 19:46:59",2117.2,2,bhatiji
477,16633341,Hak,"2026-09-30 16:38:50",2116.3,2,hakdevelopment
478,16839986,"XIAO MA","2026-09-30 14:45:59",2116.2,2,linusm020311
479,16768385,neibyr,"2026-09-30 17:21:57",2115.5,2,neibyr
480,16842194,threnox,"2026-09-29 16:16:29",2114.6,2,threnox
481,16633688,Ryo,"2026-09-30 05:17:23",2114.5,2,ryosukekurakami
482,16666784,"Michał Łapiński","2026-09-30 10:55:28",2113.2,2,michaapiski
483,16750575,Gronk,"2026-09-29 06:23:02",2112.8,2,jianyicai
484,16684202,Ignat,"2026-09-30 16:02:33",2112.6,2,ignatgotin
485,16709905,Rospel,"2026-09-30 03:12:39",2111.4,2,rospel
486,16732496,kanno,"2026-09-30 07:53:05",2111.0,2,kannomasaki
487,16769491,"Ivan Ternovskiy","2026-09-30 14:47:13",2111.0,2,aristophanivan
488,16721384,Hackoholics,"2026-09-30 17:04:03",2110.8,2,"limyenhui,richierx"
489,16711317,"yf D","2026-09-30 02:26:23",2110.4,2,dengvitruviano
490,16710464,ns0329,"2026-09-30 16:58:15",2109.5,2,ns0329
491,16946558,Kamilek,"2026-09-30 10:46:26",2108.5,2,kamillek
492,16870986,Taeyang,"2026-09-30 14:47:38",2108.4,2,"lucas040,taeyangg4,xox787,yw8837"
493,16658185,"Juwon Kweon","2026-09-30 06:38:43",2107.2,2,juwonkwon
494,16930535,wind,"2026-09-30 16:47:00",2107.1,2,"sfkmzy,windbyluck"
495,16677938,"Hajime Tamura","2026-09-30 05:54:23",2104.3,2,thajime
496,16683529,"Yanis Belami","2026-09-30 12:27:36",2104.2,2,yanisbelami
497,16705830,"Grim Reaper","2026-09-30 16:47:04",2103.3,2,fathomable
498,16772204,"Hamam Ahmed","2026-09-29 17:17:32",2102.7,2,hamamelsanousi
499,16769990,delai50,"2026-09-30 08:57:04",2102.3,2,delai50
500,16798602,uns.t,"2026-09-30 12:36:30",2101.0,2,franksunp
501,16638651,Emre,"2026-09-29 19:24:06",2100.6,2,emre690
502,16709809,RiyaSoni20,"2026-09-30 03:27:35",2100.2,2,"riyasoni20,rudraamin06"
503,16932366,"Mehrdad Naderi","2026-09-29 15:01:12",2099.5,2,mehrdadnaderi
504,16841940,"Hakkı Besim Bardakçı","2026-09-25 13:53:39",2098.9,2,xdebron
505,16838538,"rz cao","2026-09-29 16:03:53",2098.5,2,"caoruizhe,luckybara"
506,16726915,"인공저능연구소( Artificial Idiocy Lab )","2026-09-30 13:14:35",2098.4,2,megayak
507,16934931,erica,"2026-09-30 12:28:06",2097.9,2,duanyong049
508,16939190,Ichika,"2026-09-30 13:23:30",2096.1,2,natsue
509,16654589,"Rishant Sharma","2026-09-27 17:20:16",2095.8,2,trishtan99
510,16938244,"Yeashu Semwal","2026-09-30 14:12:54",2095.7,2,yeashusemwal
511,16809263,"Bertan Pank","2026-09-30 09:25:48",2095.3,2,bertanpank
512,16734667,sadanamaru,"2026-09-29 11:31:49",2095.1,2,sadanamaru
513,16861885,"Олег Бабков","2026-09-30 05:07:19",2093.6,2,jabberwock78
514,16677810,"Maksim Borisov","2026-09-30 12:39:41",2093.3,2,ma4ypic4y
515,16683755,"Meng Di","2026-09-30 02:19:29",2093.1,2,hughshaoqz
516,16904028,BraydenPikachu,"2026-09-29 06:08:31",2093.1,2,braydenpikachu
517,16860129,sonny_01,"2026-09-30 13:56:07",2092.2,2,sonnymupfuni01
518,16640683,Jason-Oh,"2026-09-30 14:20:51",2092.2,2,dossantoss
519,16866579,"Fighting Gold","2026-09-30 14:15:24",2091.9,2,sawada
520,16863959,686868,"2026-09-30 03:31:41",2091.7,2,thangnm1
521,16892537,"Petr 🐖 the 🚜pig","2026-09-30 10:03:00",2091.4,2,artemkhakimov
522,16730673,"John Doge","2026-09-29 23:07:00",2091.2,2,spacedoge
523,16623458,datnt114,"2026-09-30 17:32:08",2089.5,2,kingkong153
524,16758556,bpbpbpbpb,"2026-09-30 16:08:03",2087.9,2,bpbpbpbpb
525,16653303,open5,"2026-09-28 16:55:20",2087.5,2,"chen2yoimiya,huaidezhang,hyt1nn,wahuwahuwahu,zrurfa"
526,16835029,"Generated by Doubao","2026-09-30 03:14:36",2087.0,2,"gutssss,hangzheng1,ppsshh123"
527,16623877,Chikuwabu,"2026-09-30 12:27:42",2086.9,2,prgckwb
528,16805171,Mario,"2026-09-30 06:45:41",2085.6,2,mwalkiew
529,16641171,"Sadettin Şamil Verdil","2026-09-28 13:59:38",2084.7,2,sadettinamilverdil
530,16889224,"Ishan Karnick","2026-09-29 23:00:00",2084.7,2,"ishankarnick,trinitynusca31"
531,16687649,track,"2026-09-30 12:48:44",2083.9,2,"a2nt1as2n,ahmedberatozer,omerlleez"
532,16855156,"Lior Toledano","2026-09-30 07:24:39",2082.5,2,liortoledano
533,16898165,"Mahmoud Nasser","2026-09-30 16:20:07",2082.3,2,lomnafsk
534,16778640,Kilupy,"2026-09-30 14:03:26",2082.1,2,kilupy
535,16789745,LoveLetter,"2026-09-30 11:32:38",2081.9,2,arthasmenethil
536,16843864,IkeKodd,"2026-09-30 17:00:37",2081.8,2,"ikekodd,pinluk"
537,16942819,Mositaku,"2026-09-30 16:48:11",2081.4,2,versavice
538,16744573,"Oleksandr Kovalchuk","2026-09-29 22:25:04",2080.5,2,oleksandrkovalchuk
539,16784217,MMN0222,"2026-09-30 05:47:59",2079.7,2,mmn0222
540,16848956,"HadBoumoussa's Farm 🌾","2026-09-30 15:15:25",2079.4,2,hkassimi
541,16696607,"Manish modak","2026-09-30 01:59:45",2079.2,2,manishmodak
542,16692923,"Pavel Kazlou","2026-09-30 17:31:43",2078.1,2,paulik
543,16759037,Yuyannnn,"2026-09-30 11:22:27",2077.9,2,yuyannnn
544,16718138,Haalandspring,"2026-09-30 15:21:58",2076.6,2,haalandspring
545,16696304,"Utkarsh #2","2026-09-26 07:05:14",2074.7,2,n0va007
546,16799934,auhulu,"2026-09-30 11:54:28",2074.1,2,auhulu
547,16813899,kenken,"2026-09-29 14:13:09",2074.0,2,minagawateru
548,16761293,cha7ura,"2026-09-30 16:45:31",2073.8,2,cha7ura
549,16857505,"joy of harvest","2026-09-30 13:49:13",2073.6,2,"dllogic,hanleileo,lawjkj,mragentrrr"
550,16887107,"Crazy Spirits","2026-09-30 08:24:32",2072.3,2,latents
551,16671163,"Suyash Verma","2026-09-30 08:48:58",2071.8,2,suyashdiamond1
552,16806141,rode1234,"2026-09-30 00:04:30",2070.6,2,rode1234
553,16657547,"Pranav Thota","2026-09-29 10:30:59",2070.5,2,pranavthota
554,16762302,别ban我claude,"2026-09-30 13:58:02",2070.2,2,oxfffs
555,16840466,Bomieee,"2026-09-30 16:03:37",2068.5,2,bomieee
556,16717787,Bull,"2026-09-30 15:45:18",2067.4,2,welshonionman
557,16853805,yefenfei,"2026-09-30 16:52:22",2067.3,2,"stargazer7c,yefenfei,yuchenzhanlulu,zhengweibin1026"
558,16849053,z7777,"2026-09-30 00:43:41",2067.1,2,songqizhou
559,16839389,lizs,"2026-09-30 15:31:57",2066.6,2,chiila
560,16743342,"Артём Свинобоев","2026-09-29 06:51:07",2065.8,3,ssstelmah
561,16653085,"haoran huang430","2026-09-29 18:11:35",2065.7,2,haoranhuang430
562,16809874,抹茶屋,"2026-09-30 16:59:58",2065.2,2,havenox
563,16743240,yoshino,"2026-09-30 14:28:33",2064.9,2,shirayukiaya
564,16659295,snaykey,"2026-09-30 15:33:55",2064.7,2,snaykey
565,16899084,"Asan Ashirov","2026-09-30 12:53:24",2064.1,2,asanashirov
566,16774701,@Suzumaru_1666,"2026-09-30 07:23:53",2063.2,2,suzumaru1666
567,16781166,Ant,"2026-09-30 05:08:39",2061.8,2,anthonytrevino
568,16639705,"Yuta Tomimasu","2026-09-30 09:11:27",2061.2,2,yutatomimasu
569,16732507,怒破餓鬼,"2026-09-30 12:37:07",2060.6,2,"alcoholcat,makishis,ryutokeshi,yuinokogawa"
570,16623980,Nikita,"2026-09-30 14:37:12",2060.0,2,ivanovnikitawork
571,16634246,just_calculate,"2026-09-30 05:29:04",2059.6,2,justcalculate
572,16860293,kobq,"2026-09-30 15:30:39",2059.3,2,kooobq
573,16699165,lime0001,"2026-09-30 12:52:23",2059.2,2,lime0001
574,16765233,Shun,"2026-09-30 15:17:12",2059.1,2,shunchan0677
575,16876126,1fan,"2026-09-30 14:49:03",2057.7,2,wurrfv
576,16782193,nal_nh906,"2026-09-30 14:23:40",2057.7,2,hhan09
577,16671588,"Keisuke & rererenore & Kifine","2026-09-30 16:40:12",2057.6,2,"keisukeueda,liaoyingxi,rererenore"
578,16763897,BackFiring,"2026-09-29 01:29:35",2057.0,2,backfiring
579,16892288,"Omar Althobaiti","2026-09-30 16:09:45",2056.4,2,omarahmedalthbite
580,16644724,"Kaggriculture Agent","2026-09-30 16:57:54",2056.0,2,"jiweiliu,tonylica,yiheng"
581,16829053,BigAngel,"2026-09-29 07:47:49",2055.9,2,kevin8093
582,16764499,"Edwards Neuron","2026-09-30 14:27:01",2055.7,2,edwardsneuron
583,16756411,"Maximo Uribarri","2026-09-30 10:58:44",2054.6,2,maximouribarri
584,16947863,"Minato Namikaze","2026-09-30 10:12:57",2054.4,2,arunklenin
585,16653982,"Arul Prasad S P","2026-09-30 12:21:09",2053.2,2,arulprasadsp
586,16843436,ktaery,"2026-09-30 06:45:28",2052.6,2,ktaery
587,16655383,MtN,"2026-09-28 19:24:36",2052.2,2,mariotrsn
588,16638918,"Nawap Bastola","2026-09-30 07:37:01",2051.4,2,nawapbastola
589,16805918,"kaito ide 31","2026-09-30 14:25:44",2051.1,2,kaitoide31
590,16741178,guruguru000,"2026-09-30 07:29:35",2050.7,2,guruguru000
591,16633179,infamemconculcemus,"2026-09-30 12:33:38",2050.2,2,jcgweb
592,16744133,"levr hang","2026-09-30 15:43:13",2049.8,2,levrhang
593,16888885,"Rômulo Drumond","2026-09-30 00:03:15",2048.5,2,romulodrumond
594,16641077,lucaskna,"2026-09-30 05:30:47",2048.3,2,lucaskna
595,16914530,ZKH-Harness,"2026-09-30 13:58:29",2046.7,2,"hanyazhang,kanny912,zhaoruichen"
596,16622459,"Munal Singh","2026-09-30 13:01:25",2045.3,2,munalsingh
597,16712189,"Kostiantyn Isaienkov","2026-09-30 11:00:13",2045.1,2,isaienkov
598,16701258,ln,"2026-09-30 16:34:57",2044.8,2,"flentz,nazarov"
599,16674948,habe.sq,"2026-09-30 11:07:09",2043.8,2,habesq
600,16791828,Ling,"2026-09-30 15:09:20",2043.3,2,lingbia
601,16639871,"Aura Farming","2026-09-30 09:12:01",2042.8,2,"aghbalouanass,gauthieravite"
602,16693534,HireMe,"2026-09-30 11:23:23",2042.8,2,junta1104
603,16658554,Pai,"2026-09-30 06:46:26",2042.4,2,rajathrpai
604,16683936,Cyrus,"2026-09-30 17:07:29",2041.9,2,jamalsaeedi
605,16936328,JerryChen,"2026-09-30 07:20:54",2041.8,2,horse602
606,16751820,yy,"2026-09-29 00:49:57",2039.9,2,hirokiyamazaki
607,16689430,"Terry Luo","2026-09-29 00:22:28",2039.8,2,eimhluo1764
608,16784401,east,"2026-09-30 12:34:12",2039.4,2,eastxe
609,16866549,"Roman Nesterov","2026-09-30 11:36:45",2039.3,2,romanest
610,16683288,HuaLQin,"2026-09-30 17:36:27",2038.5,2,hualqin
611,16848060,juliencst,"2026-09-30 14:58:11",2038.1,2,juliencst
612,16830390,"Hajime Kumami","2026-09-30 14:50:09",2037.6,2,hajimekumami
613,16752250,"Takahiro Katsumata (tkatsuma)","2026-09-30 16:03:39",2036.6,2,alextfkd
614,16804768,Chaos,"2026-09-30 09:42:01",2035.8,2,hcfighting
615,16696999,"HD h Joratos","2026-09-28 03:42:23",2034.8,2,hdhjoratos
616,16746395,Levin,"2026-09-30 15:35:44",2034.6,2,"sophiexs,zhengliwen"
617,16755650,"kazuki morikawa","2026-09-30 03:57:39",2034.4,2,kazukimorikawa
618,16663403,matthewwh,"2026-09-28 11:11:12",2034.3,2,matthewwh
619,16938872,ゴロ・イ,"2026-09-28 20:28:45",2033.3,2,gorubachohu
620,16731415,BOB,"2026-09-30 15:59:46",2032.5,2,hotpotbro
621,16623449,"Ryo Takaki","2026-09-30 15:12:00",2032.3,2,ryotakaki
622,16623616,nasubiman,"2026-09-30 12:24:30",2032.2,2,yousukenakamura
623,16938955,何时成为宗师,"2026-09-30 15:58:22",2032.1,2,wowandanle
624,16785753,"Mizero Lucky Gall","2026-09-30 07:28:52",2031.7,2,mizeroluckygall
625,16822519,Lunospital,"2026-09-30 04:13:23",2031.5,2,lunospital
626,16786382,hylexi,"2026-09-30 07:42:13",2031.1,2,hylexi
627,16696231,"Oleg Smirnov","2026-09-28 17:05:01",2030.6,2,smirnolegov
628,16693050,Shoko,"2026-09-29 21:55:18",2030.5,2,abreyton
629,16895106,linchuhan,"2026-09-28 04:53:18",2029.7,2,linchuhan
630,16731776,ASH,"2026-09-30 08:48:22",2028.6,2,pentannnn
631,16885561,goodpjw2008,"2026-09-30 12:05:33",2028.6,2,goodpjw2008
632,16730881,hank0123,"2026-09-30 15:42:48",2028.6,2,hank0123
633,16666977,"Tagir Analyzes","2026-09-30 08:43:45",2027.8,2,tagirkhairutdinov
634,16884244,UCAS_fish_wang,"2026-09-30 10:03:21",2027.6,2,yiliu15
635,16936172,"полная JEPA","2026-09-30 12:49:25",2027.1,2,levkayumov
636,16630380,JM,"2026-09-28 14:21:11",2026.9,2,julianmukaj
637,16896998,YehHua001,"2026-09-29 07:14:47",2026.8,2,yehhua001
638,16664132,kojingbo,"2026-09-30 06:57:45",2025.5,2,kojingbo
639,16671515,ziheng,"2026-09-29 15:36:50",2025.2,2,zihengedie
640,16688893,CCG,"2026-09-30 17:24:47",2023.8,2,"hirokenn,nagomenk"
641,16832555,"Yanxi Teng","2026-09-30 09:24:03",2023.7,2,yanxiteng
642,16632119,nickyl,"2026-09-29 00:54:55",2023.5,2,nickyjliang
643,16642139,"Arnav Goel","2026-09-27 10:44:22",2021.9,2,arnavgoel17
644,16623520,asteriam,"2026-09-29 22:03:10",2021.9,2,masatakashiwagi
645,16794542,ysd1110,"2026-09-30 11:32:17",2021.6,2,ysd1110
646,16898651,Kitsune0o,"2026-09-30 12:50:51",2021.6,2,theodaimones888
647,16749071,snc5656,"2026-09-30 17:15:06",2020.6,2,jamm1412
648,16734409,"Yuta Yamazaki","2026-09-30 02:56:00",2020.5,2,yamayuu18
649,16922434,Raduansm,"2026-09-30 11:49:25",2020.0,2,raduansm
650,16773064,GoPreCure,"2026-09-30 14:15:10",2019.9,2,sonuyadav710
651,16662041,"Sarah Ng","2026-09-30 16:12:28",2019.3,2,thunguyen1510
652,16677568,yarneo,"2026-09-30 02:50:30",2018.4,2,yarneo
653,16879127,lihaoruolhr,"2026-09-29 14:50:45",2017.7,2,lihaoruolhr
654,16758982,Boredom,"2026-09-30 16:14:13",2017.4,2,"baodewen,cudacoding,elektromagnetizm,j12345673,mikeyu2026"
655,16637546,Forrest,"2026-09-30 15:52:20",2016.6,2,yinxiaogang
656,16811036,"farmin time","2026-09-29 17:32:55",2016.5,2,jaydenszeto123
657,16928701,gt50,"2026-09-30 11:08:25",2015.6,2,shawnqjackson
658,16747306,"Yasasvi Josyula","2026-09-30 09:21:35",2014.7,2,yasasvijosyula
659,16855492,"Matin Urdu","2026-09-30 17:04:51",2014.3,2,"amir314,arianurdu,benediktschink,matinurdu"
660,16686707,"Sébastien henry","2026-09-28 15:47:00",2014.1,2,sebmontreal
661,16901814,pengurei,"2026-09-30 02:53:04",2013.3,2,pengurei
662,16823957,"kiki yi2","2026-09-30 00:09:45",2012.4,2,kikiyi2
663,16750779,"Mao Nishino (mao1756)","2026-09-30 03:29:35",2012.4,2,maonishinomao1756
664,16700634,"Alperen Söylen","2026-09-29 22:08:55",2012.4,2,alperensylen
665,16670569,Ezzzzzekki,"2026-09-30 13:58:52",2012.1,2,abdullahelzeki
666,16764228,鸭专农场,"2026-09-30 03:41:18",2012.0,2,"huadutry,kaixizha"
667,16638887,molspace,"2026-09-30 13:16:17",2011.7,2,nurlybek17
668,16794730,Fanch,"2026-09-30 15:23:59",2011.6,2,fanch123
669,16821542,"Hıdır BozkurtT","2026-09-30 08:58:50",2011.4,2,hdrbozkurtt
670,16673870,"Yuxiao Wang","2026-09-30 10:48:36",2010.8,2,yuxiaowangx
671,16730719,Xiaowenhao404,"2026-09-30 17:04:10",2009.9,2,xiaowenhao404
672,16769059,Gabriel,"2026-09-30 01:34:33",2009.8,2,"shawsebastian,tvtdddd"
673,16771785,"Mencius silverio MENSAH","2026-09-30 08:18:26",2009.7,2,menciussilverio
674,16892357,easygame,"2026-09-28 13:16:07",2009.7,2,"kangqinyao,xinjunc"
675,16700204,"ZHOU HONGYI","2026-09-30 15:59:46",2005.5,2,zhouhyz
676,16865261,"Kamal Kadakara","2026-09-30 09:48:45",2005.1,2,kamalkadakara
677,16803032,"varshitha kolupuri","2026-09-30 09:37:56",2004.4,2,varshithakolupuri
678,16939679,tokawa2997,"2026-09-30 06:59:58",2004.1,2,tokawa2997
679,16702590,Aashka,"2026-09-30 15:17:28",2003.7,2,aashka
680,16621500,"Reinforcement Larping","2026-09-30 13:38:47",2003.0,2,"egortkachenko,timzagrebelny"
681,16877834,playboicarti,"2026-09-29 06:45:07",2002.9,2,playb0icarti
682,16674831,"nk for work","2026-09-29 23:13:52",2002.7,2,nkforwork
683,16738759,YJR,"2026-09-30 09:47:47",2002.3,2,misakamikoto66
684,16666434,"JOSHNA ACSHA S 21CS","2026-09-30 12:21:14",2001.8,2,joshnaacshas21cs
685,16669911,"Batuhan Ustun","2026-09-30 00:27:29",2001.6,2,batustun
686,16672136,chupaletas,"2026-09-30 04:51:08",2000.7,2,urvesh
687,16666442,"SHALWIN SANJU","2026-09-30 12:21:20",2000.6,2,shalwinsanju
688,16861302,YieldCurve,"2026-09-30 15:12:38",2000.0,2,"gendaijin,haruna015"
689,16732696,naniwazu,"2026-09-29 15:25:03",1999.7,2,naniwazu
690,16811949,PeterDreamHan,"2026-09-30 17:34:26",1999.5,2,"niuwh1004,peterdreamhan"
691,16865424,"clove instalocker","2026-09-30 15:49:49",1998.0,2,fluorescencexe
692,16675708,"Mahder Tesfaye Abebe","2026-09-30 15:13:23",1996.9,2,mahdertesfayeabebe
693,16676739,"Jonathan Zheng Jiahao","2026-09-30 03:05:39",1995.2,2,jonathanzhengjiahao
694,16633173,"Saulo Quiñones Góngora","2026-09-29 19:42:57",1994.6,2,sauloquionesgngora
695,16852728,"Ryuto Yoda","2026-09-27 14:19:07",1993.9,2,ryutoyoda
696,16848396,ColorGram,"2026-09-29 23:27:34",1993.6,2,"colorgram,hagiwarashigechika,himihimi,s1300200"
697,16799045,qq牧场,"2026-09-30 17:21:46",1992.9,2,"goodchen145,sir2026,zhaosir2026"
698,16945684,watanabe_sengyo,"2026-09-30 02:24:13",1990.8,2,watanabesengyo
699,16722487,Zotar,"2026-09-30 15:33:59",1990.4,2,chunhinma
700,16651157,StupidXie,"2026-09-30 12:21:58",1988.9,2,stupidxie
701,16718649,"Zakaria Aala","2026-09-30 16:57:07",1988.8,2,zlordgrim
702,16933848,"Lawrence Katongole","2026-09-29 00:02:25",1988.6,2,lawrencekatongole
703,16730577,"Team Rocket’s Orbital Farm","2026-09-30 10:50:17",1988.4,2,koheitsutsumi
704,16832316,"Tatu Helander","2026-09-30 09:49:32",1987.6,2,tatuhelander
705,16674174,"Ramesh Arvind","2026-09-29 07:22:22",1987.5,2,rameshln
706,16734498,kazuhiro3381,"2026-09-30 02:30:47",1987.2,2,kazuhiro3381
707,16663247,Ak,"2026-09-29 10:18:24",1986.7,2,abisheksrivastav
708,16932323,Matt,"2026-09-30 09:06:25",1986.1,2,mclouter
709,16810111,"Saket Singh","2026-09-28 11:37:20",1985.4,2,saketsingh9728
710,16843860,LH-and-FPGA,"2026-09-28 23:13:28",1985.2,2,lhandfpga
711,16757635,"Sridip Basu","2026-09-30 10:56:35",1985.2,2,sridipbasu
712,16716431,m&m,"2026-09-29 05:51:30",1984.8,2,ntrlmt
713,16741819,"Paritosh Kumar Tripathi","2026-09-30 17:01:10",1984.4,2,paritoshtripathi5
714,16657775,"Raagav & Pieter","2026-09-30 14:34:13",1983.2,2,"peetapit,raagavanand"
715,16755911,"Paarth Patel","2026-09-29 07:45:21",1982.7,2,martis10
716,16748382,shiiin9,"2026-09-30 13:16:35",1981.6,2,shiiin9
717,16854935,일필휘지,"2026-09-30 14:50:19",1981.6,2,tenkojun
718,16663271,"Malyshev Danil","2026-09-30 15:14:59",1981.4,2,"corgisamoyed,malyshevdanil"
719,16944151,kkogai,"2026-09-30 16:52:11",1981.2,2,kkogai
720,16747408,すずき,"2026-09-30 16:05:54",1980.9,2,shumpeace
721,16739925,nofreewill42,"2026-09-30 05:37:46",1980.7,2,nofreewill
722,16892314,"Akshay #3","2026-09-28 00:32:11",1980.6,2,akshay1301
723,16937431,ekkkcz,"2026-09-30 02:48:29",1980.4,2,ekkkcz
724,16931054,"Daeyoung Ahn","2026-09-30 16:40:23",1979.6,2,daeyoungahn
725,16921938,"Hikaru Kambe","2026-09-30 03:39:34",1977.9,2,hikarukambe
726,16752019,"Kaipeng Zheng","2026-09-30 12:44:56",1977.5,2,kaipengzheng
727,16704580,"Yunho Hwang","2026-09-30 14:18:57",1977.5,2,yunhohwang
728,16813655,c_fxy,"2026-09-30 17:26:57",1976.9,2,cfxyai
729,16700846,"Vaibhav Patel","2026-09-30 10:03:04",1976.3,2,vaibhavpatel
730,16770089,ouga,"2026-09-30 14:41:54",1975.6,2,ouga1shizawa
731,16847222,charmq,"2026-09-30 05:23:00",1974.7,2,charmq
732,16885059,"Itikela Bhaskar","2026-09-30 15:30:28",1974.6,2,itikelabhaskar
733,16793535,Pink,"2026-09-30 07:27:40",1974.1,2,farjanaafrinswarna
734,16847609,"Aura Farmers","2026-09-30 08:08:01",1973.7,2,"adriana0022,ayrnpn,shengkaizhu"
735,16678618,"Manu Nicholas Jacob","2026-09-29 01:04:39",1973.5,2,manunicholasjacob
736,16806328,"The Fly🪰","2026-09-30 09:12:43",1973.4,2,takamichitoda
737,16847304,"eryue shisi","2026-09-30 13:58:35",1972.5,2,eryueshisi
738,16695664,Bantam,"2026-09-30 08:36:19",1969.8,2,bantam
739,16794167,"Daniel Mineev","2026-09-30 15:27:48",1969.3,2,nilpotent1
740,16738408,kujitama,"2026-09-30 10:56:51",1969.0,2,tyamujin
741,16802575,saeNeko,"2026-09-30 13:09:43",1968.9,2,sae20gorilla
742,16782203,"rui xiong","2026-09-30 14:43:45",1968.8,2,xiongruihumingyu
743,16899004,Antonoof,"2026-09-30 06:59:32",1967.9,2,antonoof
744,16639550,data_gardening_club,"2026-09-30 00:30:07",1967.8,2,"hideyochiba,mitsuaccessjam"
745,16634179,daoviet,"2026-09-30 16:07:18",1967.1,2,daoviet
746,16938111,barbosi,"2026-09-30 07:17:15",1966.8,2,"despairdr,tupperq"
747,16859815,alcanta,"2026-09-30 16:41:51",1966.6,2,ccotiuga
748,16623459,"Peng Wang","2026-09-28 22:34:47",1966.3,2,pengwang91
749,16890669,"Fuchun Wang","2026-09-24 09:10:01",1965.7,2,wangfuchunag
750,16931781,"shreyash kumar","2026-09-30 11:39:18",1965.7,2,shrreku
751,16678693,"Maher el Ouahabi","2026-09-30 10:14:38",1965.6,2,maherelouahabi
752,16845193,Kaan111,"2026-09-30 16:25:19",1964.5,2,kaan111
753,16843755,oguzok,"2026-09-30 17:20:49",1964.2,2,oguzok
754,16848479,nilochan,"2026-09-30 12:45:10",1964.1,2,nilochan
755,16665134,edteoh,"2026-09-30 13:39:31",1962.6,2,edteoh
756,16655826,KKY,"2026-09-28 02:43:42",1962.5,2,evilpsycho42
757,16868759,Pand,"2026-09-30 10:41:30",1962.4,2,pand999
758,16815132,"Duc-Anh Nguyen","2026-09-28 10:28:05",1962.2,2,valentinonguyen
759,16881694,Novardion,"2026-09-30 06:01:34",1961.9,2,novardion
760,16667872,"Pralay Ghosh","2026-09-29 00:01:56",1961.9,2,pralayghosh83
761,16919599,yygg2026,"2026-09-30 10:05:02",1961.8,2,yygg2026
762,16935391,spaceship,"2026-09-30 10:03:43",1961.6,2,kostopr4v
763,16707144,Kirderf,"2026-09-29 22:33:59",1961.1,2,kirderf
764,16626814,"Vu Tran Hoang","2026-09-30 03:28:18",1959.5,2,hoangvux
765,16695685,"kwon yong deuk","2026-09-30 15:29:35",1959.4,2,kwonyongdeuk
766,16647324,GG-bond,"2026-09-30 08:14:20",1959.4,2,wyhwyh123
767,16674649,寿!,"2026-09-28 05:54:21",1959.2,2,taka3776toshi
768,16765668,shun_johnny,"2026-09-30 12:57:53",1959.2,2,shunjohnny
769,16623071,"Santiago Maniches","2026-09-30 12:06:58",1958.9,2,santmani
770,16706892,Ko,"2026-09-30 03:15:10",1958.8,2,syurenuko
771,16790432,"Field General","2026-09-30 13:39:32",1958.8,2,kevinarvai
772,16756510,tongmian1314,"2026-09-30 02:10:28",1957.9,2,tongmian1314
773,16735628,RB25det,"2026-09-30 14:58:02",1957.6,2,"perrodawn,rb25det,shinzotakayama,toranosukenoda"
774,16698661,"Albert Wang","2026-09-30 13:51:32",1955.4,2,mianwang1024
775,16641116,"Варим сельский самогон","2026-09-29 23:50:52",1955.3,2,"andrey4522,asimandia,darksteeldragon,evgeniyveselkov,ispromashka"
776,16629033,"Igor V","2026-09-29 14:57:48",1955.3,2,rostigor
777,16664640,kaggricodex,"2026-09-29 21:38:42",1955.1,2,underestimated
778,16859963,Liuzonglin,"2026-09-30 16:05:51",1954.3,2,linxii012
779,16623399,Kendamarron,"2026-09-29 23:52:24",1953.1,2,kazuhirokuriyama
780,16771200,DeeSaa,"2026-09-30 16:59:11",1953.0,2,deesaa
781,16863350,"Horatio Eversfield","2026-09-30 07:46:24",1952.4,2,horatioeversfield
782,16778178,kyosan,"2026-09-29 17:55:19",1951.4,2,"azizbekxasanov,dilyorbek"
783,16716533,wiffany,"2026-09-30 16:19:26",1950.8,2,wiffany
784,16811571,"Daniel Guo","2026-09-30 10:32:15",1950.8,2,denialguo
785,16917270,kaibaur,"2026-09-30 09:16:53",1950.8,2,kaibaur
786,16698366,Fateyongheng,"2026-09-30 05:25:45",1950.6,2,fateyongheng
787,16659081,"JALKARNA GAUTAM","2026-09-30 07:50:30",1950.2,2,jalkarnagautam
788,16623974,Canon,"2026-09-30 07:49:49",1949.5,2,sotakurihara1
789,16677423,songling,"2026-09-30 11:25:11",1949.1,2,"lvbingrong,oralia"
790,16792681,"MISIS loss volos","2026-09-30 07:15:28",1948.9,2,"bryxosmmm,mors1337"
791,16711398,"Claude Fable 5.1","2026-09-29 17:07:43",1948.2,2,chenxizhao21
792,16762248,KongKongDe,"2026-09-29 12:08:20",1946.9,2,kongkongde
793,16652710,Pilea55,"2026-09-30 09:02:30",1946.3,2,ryutogrrr
794,16861278,"Michael Pershin","2026-09-30 17:02:13",1946.2,2,michaelpershin
795,16802486,SHICHIES,"2026-09-30 15:21:59",1946.0,2,shichies
796,16661558,안녕하세요이세입니다잘부탁드립니다,"2026-09-30 11:01:57",1945.6,2,"moonswalk,municef1"
797,16658700,"szlachetny snieg","2026-09-30 14:09:50",1945.4,2,takayukiimoto
798,16692443,xmkevin2004,"2026-09-29 02:36:33",1945.3,2,"deersirz,qiuzaooppo,xmkevin2004"
799,16944480,"Peihao Chen Caesar","2026-09-30 15:10:30",1945.2,2,peihaochencaesar
800,16702975,RicardoLópez,"2026-09-30 14:17:22",1945.1,2,richi2489
801,16851474,"HY ISHI","2026-09-30 15:14:04",1944.9,2,hyugaishioka
802,16721980,pend_ts19,"2026-09-30 07:33:39",1944.9,2,pendts19
803,16623678,"Mahog & Gerar","2026-09-30 14:37:37",1944.8,2,"gerardeltoro,mahoganybuttstrings"
804,16840447,"Suliman Tadros","2026-09-28 00:11:22",1944.6,2,sulimantadros
805,16635406,ykuroka,"2026-09-29 12:57:43",1944.2,2,ykuroka
806,16659870,"Tien N.","2026-09-30 17:32:28",1943.7,2,tientrum
807,16755278,Kaz,"2026-09-30 14:33:05",1943.0,2,kazuyago
808,16642570,"Mathurin Ache","2026-09-29 20:13:15",1942.8,2,mathurinache
809,16677149,"Umataro Tenma","2026-09-30 12:05:02",1942.8,2,umatarotenma
810,16826561,"ANJAN B","2026-09-30 11:40:21",1942.6,2,anjan4646
811,16848633,umizora,"2026-09-30 13:07:46",1942.6,2,yoiisohira
812,16695567,tera358,"2026-09-28 22:45:28",1942.0,2,tera358
813,16661050,Master_S1ave,"2026-09-30 17:32:19",1941.9,2,masters1ave
814,16789950,"Zachary Zhang","2026-09-30 10:50:20",1941.9,2,zacharyzhang16
815,16796484,"Ryutaro Tsujii","2026-09-30 07:21:17",1941.7,2,ryutarotsujii
816,16754670,Th3o_P,"2026-09-30 13:04:45",1941.1,2,xiaokunxia
817,16785483,xiongrui666,"2026-09-30 15:50:59",1941.1,2,xiongrui666
818,16730323,fufufukakaka,"2026-09-29 23:16:50",1940.8,2,fufufukakaka
819,16631115,prvsiyan,"2026-09-30 14:49:53",1939.9,2,prvsiyan
820,16941479,karttikjangid05,"2026-09-30 13:49:41",1939.9,2,karttikjangid05
821,16696716,MatiasMG,"2026-09-30 15:57:49",1939.7,2,matiasmgonzalez
822,16659920,vkhydras,"2026-09-30 08:30:47",1939.4,2,vickimar
823,16917715,BIGWin,"2026-09-30 07:04:57",1938.4,2,"jackerdu,pinjiewang,sunjiadong12,sunruiwang"
824,16784164,Yaojinming,"2026-09-29 17:17:53",1937.7,2,yjm0905
825,16898090,"Zbigniew Kirchner","2026-09-29 23:27:11",1937.2,2,zbigniewkirchner
826,16946519,ShimonHori,"2026-09-30 05:59:09",1936.9,2,shimonhori
827,16828050,stephenlau,"2026-09-28 03:29:07",1936.8,2,stephenlu0422
828,16663387,Ju,"2026-09-30 15:23:33",1936.8,2,juziddd
829,16661325,"Max Fofanov","2026-09-29 21:06:30",1936.7,2,maxfofanov
830,16663264,Adarsh,"2026-09-30 05:40:33",1936.6,2,madarshbb
831,16660215,"YoungDSML [dsml.kz]","2026-09-30 11:40:05",1936.5,2,"mazgas,nurikw3"
832,16878119,Aryan.Ahl,"2026-09-30 11:41:34",1935.2,2,aryanahl
833,16655255,MalelizarazoP,"2026-09-30 16:06:08",1935.1,2,malelizarazop
834,16773244,"Yudai Ueno","2026-09-29 00:03:02",1933.9,2,yudaiueno
835,16631978,"batuhan kalem","2026-09-29 12:27:44",1933.6,2,batuhankalem
836,16870621,BobtheBot369,"2026-09-30 13:06:52",1933.4,2,bobthebot369
837,16749079,mraz1006,"2026-09-30 13:16:40",1933.4,2,mraz1006
838,16637099,tobhull,"2026-09-30 05:16:39",1933.3,2,tobhull
839,16775125,weimean,"2026-09-29 12:10:40",1933.2,2,gtwm98
840,16925277,wanzi,"2026-09-30 05:17:13",1931.8,2,jyw131331
841,16924433,stochar,"2026-09-30 05:54:34",1931.1,2,"bayerfe,quantforge12,spectior,stochar"
842,16743647,bono,"2026-09-30 14:02:03",1931.1,2,kjoonha
843,16876706,"zijun zhang","2026-09-30 15:59:45",1931.0,2,kongmu0503
844,16892318,"fumiya utsuno","2026-09-30 15:25:38",1930.3,2,"fumiya326,kuboken,rikutokuwayama"
845,16851664,koucha,"2026-09-30 14:54:43",1930.2,2,momotakaaoki
846,16773125,kuroko1t,"2026-09-25 16:49:59",1929.2,2,kuroko1t
847,16886640,holyholy,"2026-09-30 14:27:34",1929.0,2,holy5contents
848,16894895,Talented_Eggs,"2026-09-30 12:53:46",1928.1,2,"kangmingpeng,kinghuang123,qiandongxie666,yyhm666"
849,16927409,ReD_MooN_rise,"2026-09-30 14:50:34",1927.6,2,"redmoonrise,yug0616"
850,16743656,Deskbo,"2026-09-30 14:59:26",1927.2,2,deskbo
851,16763274,vinceybb,"2026-09-30 16:05:18",1926.7,2,vinceybb
852,16794207,AlekseiProvorov,"2026-09-30 15:15:05",1926.2,2,leoprovorov
853,16752277,YKuma,"2026-09-30 09:41:11",1925.9,2,ykumazaki
854,16793148,"Hoàng Trung Nguyễn","2026-09-30 06:36:42",1924.5,2,hongtrungnguyn
855,16627032,"Kaito Fukami","2026-09-30 16:06:07",1923.7,2,kaitofukami
856,16949818,MachineLearner,"2026-09-30 16:34:17",1922.7,2,anesabbad
857,16657316,只因,"2026-09-30 16:52:23",1922.7,2,"jasonxusk,mingkangyan,no13ody,renmin517"
858,16670537,Silhouette,"2026-09-30 11:01:18",1922.7,2,jamessargsyan
859,16624969,tf,"2026-09-30 10:26:34",1921.8,2,tfukuhara
860,16743033,Nagahama,"2026-09-29 16:00:34",1921.7,2,kazukinagahama
861,16653385,"Vasilii Buzmakov","2026-09-30 13:32:13",1920.8,2,vasiliibuzmakov
862,16737650,sime_saba,"2026-09-29 04:19:46",1920.6,2,watarukawashima
863,16890988,"Aleksandrov Andrey Alekseevich","2026-09-30 12:02:46",1920.5,2,abbeleve
864,16926301,"Максим Бортник","2026-09-30 06:55:43",1920.3,2,maxim2512
865,16664487,houlidai-jiekiulai,"2026-09-30 09:24:24",1920.3,2,houlidaijiekiulai
866,16762289,NineThree,"2026-09-30 14:26:18",1918.9,2,xiaoazuzong
867,16621163,john,"2026-09-30 16:44:43",1918.6,2,jaejohn
868,16896240,mexlora,"2026-09-30 15:36:07",1918.1,2,"mexlora,nolzixo,qizlona"
869,16631752,"Junichiro Morita","2026-09-30 14:42:14",1916.7,2,junichiromorita
870,16942011,"Öylesine Yarışıyoruz","2026-09-29 05:03:49",1916.6,2,"burakemrepolat,muhammedfurkanata"
871,16805952,hatakazu93,"2026-09-30 10:22:27",1916.4,2,hatakazu93
872,16924271,kitton,"2026-09-30 08:32:21",1915.4,2,kitton20250606
873,16659103,Arin,"2026-09-30 11:04:36",1914.4,2,skarin
874,16665233,"Akash Deep","2026-09-29 06:36:52",1913.4,2,akashdeepo
875,16743858,kawauso9n,"2026-09-30 13:09:38",1913.2,2,kawauso9n
876,16663867,"Stephen Schott","2026-09-30 03:17:45",1913.2,2,steve421471
877,16641548,"Indium AI Labs","2026-09-30 14:34:02",1912.7,2,"devaanshpa,wolframbopp"
878,16803658,"Timmy ""Kermit"" Turner's Team","2026-09-29 21:00:52",1912.4,2,"timsurreal,zombiespecz"
879,16779957,养了一群扫福瑞,"2026-09-29 18:35:46",1912.3,2,whq0q7
880,16757253,ZEE,"2026-09-29 22:48:08",1911.4,2,randyzhang666
881,16679214,alban,"2026-09-30 09:51:05",1910.9,2,albantiacoh
882,16674881,"Saisree Dhanasekaran","2026-09-30 17:10:25",1910.5,2,saisreedhanasekaran
883,16709837,Sophinator,"2026-09-25 16:31:47",1910.4,2,sophinator
884,16775242,"Timothee Henry","2026-09-30 13:14:58",1909.9,2,timhenry
885,16891602,keidroid,"2026-09-30 15:56:38",1909.8,2,keidroid
886,16777767,"Miyanogawa Yuya","2026-09-30 04:40:30",1909.2,2,veritalogos
887,16750314,Captainuknow,"2026-09-30 08:14:09",1908.9,2,captainuknow
888,16676885,"Riva Kajangu","2026-09-29 22:31:44",1908.8,2,rivakajangu
889,16732292,takaygiiiiiiii,"2026-09-30 09:39:07",1908.0,2,takaygiiiiiiii
890,16872073,"Positive Quark","2026-09-30 03:44:26",1907.4,2,quarkliu
891,16786341,"Farmula One","2026-09-30 16:26:51",1907.3,2,"joesland,mer4yyy,ricaaaovo,zhangxingzhe"
892,16705139,gogogo,"2026-09-30 13:21:15",1906.5,2,huzech
893,16884858,HojunLee,"2026-09-30 13:31:21",1906.4,2,hojuna
894,16690019,Around30,"2026-09-30 13:23:45",1905.8,2,"cyanspring,masahiromatsuda,sutesute000012"
895,16891911,N_noa21,"2026-09-30 16:13:20",1905.8,2,nnoa21
896,16882140,"jiang luo1021","2026-09-30 13:48:08",1905.5,2,"jiangluo1021,shangzhongxia"
897,16630804,4418,"2026-09-30 13:33:57",1905.4,2,"biohack44,merkiraz"
898,16889597," Master Bob111","2026-09-30 15:58:25",1904.7,2,masterbob111
899,16654752,Agrofitting,"2026-09-28 15:55:37",1904.5,2,"evvfebruary,vinch97"
900,16730223,Ojaswy,"2026-09-30 14:33:03",1903.6,2,ojaswy
901,16684641,t.me/aetheranime,"2026-09-29 03:59:28",1903.6,2,yfrite
902,16660251,Yagawa,"2026-09-30 14:57:40",1903.4,2,yagawa
903,16623635,HiroyukiSasaki,"2026-09-30 03:58:43",1902.7,2,hiroyukisasaki815
904,16936749,statma,"2026-09-30 05:14:12",1902.1,2,"fractalbyte,marshjff,statma,valqeth"
905,16757809,dasfds,"2026-09-30 16:48:56",1902.1,2,dasfds
906,16811605,"Ryu Sonoda","2026-09-30 14:31:22",1901.6,2,ryusonoda
907,16894714,"PadroChill Farm","2026-09-30 15:26:14",1901.6,2,"gerbertradmirovich,kastv90"
908,16747273,红烧肉,"2026-09-29 15:51:19",1900.7,2,ra1nac1d
909,16935669,"Timon Wendland","2026-09-29 14:34:47",1899.8,2,timonwendland
910,16944851,Asuka0131_LFG,"2026-09-30 15:58:06",1898.8,2,whisperss
911,16775803,Robson,"2026-09-29 23:49:04",1898.6,2,robsonsan
912,16768236,Baligh,"2026-09-28 05:05:35",1898.2,2,balighmehrez
913,16733176,Yakouu,"2026-09-27 14:17:25",1898.2,2,yakouu
914,16841440,CornFormer,"2026-09-30 13:31:47",1898.1,2,linyangtian
915,16904289,"farmer zefeng","2026-09-30 01:24:00",1898.0,2,zefengai
916,16636536,tetsu2131,"2026-09-30 15:11:25",1897.9,2,tetsutani
917,16746025,Hamachi,"2026-09-30 12:45:10",1897.0,2,hamatz
918,16673336,honjousetuna,"2026-09-28 15:51:29",1896.7,2,honjousetuna
919,16703045,ReCurSiON,"2026-09-29 21:11:48",1896.4,2,ashok205
920,16679688,"Sathwik Chinthakayala","2026-09-30 12:04:51",1896.3,2,sathwikchinthakayala
921,16768047,アメリカ農業研究会,"2026-09-30 03:07:07",1896.3,2,flnkhome
922,16934238,"Yujin Cha","2026-09-30 07:50:35",1895.3,2,ckdbwlsdlfkdn
923,16812062,姜上（Integ）,"2026-09-30 14:56:05",1895.2,2,"borealis27,integjs"
924,16906012,GarbageOoze,"2026-09-29 15:16:43",1895.1,2,"garbageooze,luoruihan12"
925,16684748,"nailong alpha","2026-09-30 09:55:58",1894.6,2,"dejavucry,weiyun22021,yizhewong,yoruet,zekenos"
926,16736685,kentaro_kato,"2026-09-30 12:47:25",1894.4,2,kentarokato
927,16795844,Azamaro,"2026-09-30 16:08:38",1894.3,2,azamaro
928,16632423,goh,"2026-09-30 06:10:09",1893.7,2,bungohatayama
929,16882868,"Yash Mohan","2026-09-30 15:49:11",1893.2,2,yashm917
930,16666365,yiyu0716,"2026-09-30 01:52:41",1892.8,2,"lugent,yiyu0716"
931,16925097,deeptrace12,"2026-09-30 05:49:28",1892.8,2,"deeptrace12,je2wak,neonmatrix6,rdwan3"
932,16644575,julymarc,"2026-09-29 15:47:41",1892.8,2,julymarc
933,16828705,"liama liama","2026-09-30 12:35:06",1892.0,2,liamaliama
934,16809249,Moro,"2026-09-30 15:17:26",1891.4,2,moromoromoro
935,16736265,"Marko Rupnik","2026-09-30 12:07:21",1891.3,2,markorupnik
936,16749272,giraffeneck,"2026-09-30 07:42:09",1891.1,2,yamajin
937,16777359,"AI Dmitrii","2026-09-30 16:23:43",1890.6,2,dmitriyulybin
938,16704247,WeAreFarmers,"2026-09-26 15:16:59",1890.0,2,gbmorris1
939,16786126,"Max Bloom","2026-09-30 17:20:29",1889.3,2,maxbloom
940,16713048,"liqin fei 2005","2026-09-30 11:04:23",1888.4,2,liqinfei2005
941,16891740,quwon_000,"2026-09-30 13:36:56",1888.2,2,quwon000
942,16892313,zszdl0530,"2026-09-26 03:12:47",1887.8,2,zszdl0530
943,16707057,tamo,"2026-09-29 10:03:33",1887.7,2,ryotakasuya
944,16689599,Ryvven,"2026-09-30 03:58:33",1887.6,2,unethicalmk
945,16881395,nikotin55,"2026-09-30 13:47:23",1887.0,2,"isaevsemyon,nikotin55,remihrf"
946,16641884,Blacklions.,"2026-09-30 06:34:12",1886.9,2,"blacklions,llllllc666"
947,16671092,"tomohito shimura","2026-09-29 01:22:00",1886.8,2,tomohitoshimura
948,16738424,Yunioshi,"2026-09-30 15:07:50",1886.0,2,yunioshi
949,16655682,"Azamat Sadikov","2026-09-30 02:17:52",1885.5,2,azamatsadikov
950,16832185,"MILANA STARR","2026-09-30 12:42:12",1885.4,2,andrewchist
951,16883355,WebFarmers,"2026-09-30 16:13:25",1884.9,2,"axollo,dmitriiorel"
952,16857404,gachichan,"2026-09-30 01:57:49",1884.6,2,gachichan
953,16745138,yok,"2026-09-30 17:33:40",1884.3,2,yokoinaba
954,16674508,"Giulio Ravasio","2026-09-30 12:06:39",1884.1,2,giuliorav
955,16727103,sword3522,"2026-09-30 16:31:59",1883.9,2,"qinyanqiu,sword3522"
956,16864919,ujimaa,"2026-09-28 11:16:32",1883.3,2,ujimaa
957,16689186,NCK,"2026-09-30 02:34:52",1882.8,2,drnchaitanyakumar
958,16790660,suk1yak1,"2026-09-30 16:15:33",1882.6,2,suk1yak1
959,16927484,eigeness9,"2026-09-30 05:31:29",1882.6,2,"eigeness9,postrflux,reciprocityj,zenoflux77"
960,16777836,キムチ納豆,"2026-09-29 00:34:27",1881.3,2,ccchikuwa
961,16698999,Odyssey,"2026-09-30 11:13:50",1881.2,2,a1spirit
962,16669686,"Mert Bayraktar","2026-09-30 15:18:45",1881.0,2,mertbayraktar
963,16923450,tensorlike,"2026-09-30 05:36:51",1881.0,2,"echoverse1,neonflux,regressiw,tensorlike"
964,16793474,"Liu Classmate","2026-09-30 11:30:32",1880.9,2,"lilya98,liuclassmate,yuxuanzhao1203"
965,16673109,"Surya Bhattiprol","2026-09-30 15:51:25",1880.8,2,suryabhattiprol01
966,16621153,"Addison Howard (ineligible)","2026-09-30 17:17:53",1880.1,2,addisonhoward
967,16640394,"MOHAMMADJAFAR ZAMANI","2026-09-30 15:55:28",1879.8,2,mohammadjafarzamani
968,16666805,Kaggs,"2026-09-30 09:20:52",1879.2,2,ayush21042004
969,16687901,Khalid,"2026-09-30 04:02:48",1878.8,2,khalid000000
970,16771456,"Tianrun Liao","2026-09-30 12:10:44",1878.8,2,tianrunliao1
971,16792661,итмоняяя,"2026-09-30 10:41:17",1878.5,2,"naladwepo,tickflag"
972,16792586,dodoshark,"2026-09-30 16:38:56",1877.1,2,dodoshark
973,16699741,Tom3,"2026-09-30 16:57:57",1876.5,2,tomohiroaz
974,16876865,LR.AIML,"2026-09-30 15:33:50",1876.4,2,"lucasgroot,robkraseu"
975,16727404,Yichi,"2026-09-30 01:27:30",1875.7,2,"liyulin666,yichi02"
976,16806882,"Friedhelm Winter","2026-09-30 14:02:58",1875.0,2,friedhelmwinter
977,16717114,uninhibited-scholar,"2026-09-29 17:35:08",1874.7,2,uninhibitedscholar
978,16700919,Anubisyy,"2026-09-30 05:08:14",1873.9,2,anubisyy
979,16924069,levshaazz,"2026-09-29 19:36:40",1873.6,2,levshaazz
980,16624080,yuuuki1111,"2026-09-30 07:56:49",1873.6,2,yuuuki1111
981,16702547,Dean0016,"2026-09-30 09:45:25",1873.3,2,"ddcchh,dean0016,zureaaa"
982,16659351,"Hamna Kaleem","2026-09-30 02:45:27",1873.2,2,hk3296
983,16914287,"Vinzi Leo","2026-09-30 14:48:03",1872.8,2,vinzileo
984,16907393,Logus,"2026-09-30 13:18:56",1871.3,2,logus4704
985,16870800,Myasui,"2026-09-29 04:58:05",1871.3,2,zaki38
986,16740361,"Suba S","2026-09-29 23:31:44",1871.2,2,jupiter79
987,16736670,"Mark Astrid","2026-09-30 06:20:22",1871.2,2,markastrid
988,16792568,李秉叡（ntumlnoob）,"2026-09-30 12:21:35",1871.1,2,ntumlnoob
989,16843315,Talvenn,"2026-09-30 14:33:46",1871.1,2,talvenn
990,16826465,linmumu009,"2026-09-30 11:58:07",1870.7,2,"linmumu009,renjunxiang"
991,16732578,nao.kwmr,"2026-09-30 14:32:09",1870.6,2,naokwmr
992,16855295,zhudong1949,"2026-09-30 15:08:00",1870.2,2,zhudong1949
993,16622376,fmind,"2026-09-28 06:17:23",1868.9,2,freaxmind
994,16793039,"Carson Rodrigues","2026-09-30 13:52:21",1867.7,2,carsonrodrigues
995,16690852,"Naveen Venu Bagadi","2026-09-30 02:49:43",1867.3,2,naveenvenubagadi
996,16764459,"local farmers","2026-09-29 16:31:28",1867.2,2,"chaojiwudiwujie,qianxiang123"
997,16885261,sdy623,"2026-09-29 23:23:37",1867.2,2,jaxa623
998,16671504,Agentmaster,"2026-09-30 16:21:02",1866.8,2,"kinjaza,shawnno"
999,16738700,"Bugra Cinar","2026-09-29 02:02:45",1866.8,2,bugracnr
1000,16923238,Jaga,"2026-09-30 07:49:34",1865.8,2,skntbass
1001,16668761,"Lorenzo Regalado","2026-09-30 07:19:30",1865.5,2,lregaladohdez
1002,16804863,JezzLynn,"2026-09-30 15:29:49",1865.2,2,"fresnellll,jezzlin,zemengzero"
1003,16933123,dynatrixa,"2026-09-30 15:44:26",1864.6,2,"datacinder7,dynatrixa,veltronic"
1004,16819431,kkkk,"2026-09-30 13:27:40",1864.4,2,kkkk4649
1005,16624040,kumk,"2026-09-29 12:14:16",1862.5,2,kknagoya
1006,16925367,codezzzsleep,"2026-09-30 12:05:37",1862.3,2,codezzzsleep
1007,16759699,"Mason Cao","2026-09-28 17:32:48",1861.3,2,mzcao7
1008,16853054,saberzky,"2026-09-29 15:42:44",1860.5,2,saberzky
1009,16783265,"Xiangjiang Zhou","2026-09-30 17:14:17",1860.4,2,"lilysmi,llccqq624,qqqqwqq,xiangjiangzhou"
1010,16773144,"Mohamed Salah","2026-09-29 00:49:43",1860.3,2,mosalah7
1011,16664969,猫猫开大运,"2026-09-30 12:51:07",1860.2,2,"estrellasss,kingsley31,smithshine,wuliaoluis,xuteli"
1012,16638551,@s,"2026-09-30 12:24:35",1859.8,2,ryosketchbook2007
1013,16687294,"Madiyar Khamzanov","2026-09-29 00:06:18",1859.4,2,mkhamzanov
1014,16655277,GUAM,"2026-09-30 17:30:32",1859.0,2,"analyticaobscura,jeongminlee92,kmmmvs,wnmgrn"
1015,16882746,yuiop!,"2026-09-30 13:28:11",1858.8,2,yuiopy
1016,16777134,Tom&Jerry,"2026-09-30 15:50:57",1858.5,2,tomjerry101
1017,16823626,Korokke3,"2026-09-28 20:10:30",1857.4,2,korokke3
1018,16735794,宗宗没有英文名,"2026-09-30 02:43:07",1856.9,2,iver666
1019,16759632,"Rifqi Haikal","2026-09-30 05:48:35",1856.7,2,rifqihaikal
1020,16623897,satoooh,"2026-09-30 02:37:00",1856.4,2,satoooh
1021,16845258,Squirrel,"2026-09-30 04:25:34",1855.6,2,bunnykeeper
1022,16793600,mogura2.0,"2026-09-30 14:53:59",1855.6,2,mogura20
1023,16626582,"Omer Faruk Merey","2026-09-30 08:49:56",1855.5,2,omerfarukmerey
1024,16689183,Hawksartelier,"2026-09-30 16:41:19",1855.0,2,satyapb2002
1025,16713262,"Seyit kaan Gunes","2026-09-30 10:39:11",1855.0,2,seyitkaangunes
1026,16623488,"Kevin E R MILLE","2026-09-30 07:20:23",1855.0,2,kevinermille
1027,16786517,"Kagdew Valley_HeNU","2026-09-30 06:59:46",1854.6,2,"hongtongyi,hoshiiabc,lizhe125,ypeng1234"
1028,16738349,Suna-D,"2026-09-30 17:30:06",1854.2,2,sunad0630
1029,16834038,"Akio Furutsuka","2026-09-30 04:41:35",1854.1,2,akiofurutsuka
1030,16635663,"Pascal Pfeiffer","2026-09-30 07:36:19",1854.0,2,ilu000
1031,16845833,おかゆん,"2026-09-30 12:55:24",1853.6,2,okayun
1032,16637597,venks,"2026-09-30 05:45:27",1853.5,2,vterli
1033,16684128,NIklitaCheporev,"2026-09-30 12:31:07",1853.4,2,niklitacheporev
1034,16735066,Saberr,"2026-09-30 16:35:59",1853.2,2,yzheng21
1035,16632157,"福原 大知","2026-09-27 17:27:43",1852.4,2,fxxyfox
1036,16693227,"Aniket Sharma","2026-09-28 20:05:14",1851.9,2,aniketsharma00411
1037,16777710,"Clement Lau","2026-09-30 17:35:27",1851.8,2,clementlau
1038,16875659,あかつき,"2026-09-29 12:57:40",1851.8,2,akatuki25
1039,16861768,koala_bear,"2026-09-30 17:15:05",1851.3,2,jpkoalabear
1040,16745761,mitomeat823,"2026-09-30 13:56:17",1850.8,2,mitomeat823
1041,16757727,"Sohshi Nakamura","2026-09-29 06:46:32",1850.7,2,sohshinakamura
1042,16669256,Shivam_2212,"2026-09-30 15:48:26",1850.0,2,shivam2212
1043,16668564,"Rikito Kanda","2026-09-28 13:29:11",1849.1,2,rikitokanda
1044,16731751,"Nikita Pudovkin","2026-09-30 15:51:29",1849.1,2,nickpudovkin
1045,16938473,bansalis,"2026-09-28 21:29:55",1848.7,2,ishanbansal1
1046,16748765,"A. R. SEKKAT","2026-09-30 14:48:07",1848.7,2,arsekkat
1047,16725177,misaka12435,"2026-09-30 13:09:13",1848.5,2,misaka12435
1048,16689748,cheesytoasts,"2026-09-28 19:11:07",1848.1,2,cheesinnn
1049,16780097,"wei chang","2026-09-28 11:41:32",1848.0,2,wayne0404
1050,16751140,onick_man,"2026-09-30 08:43:11",1847.8,2,ftakahas
1051,16655796,"dijia zhang735","2026-09-30 13:24:53",1847.8,2,dijiazhang735
1052,16683865,Shin7jp,"2026-09-30 12:15:35",1845.5,2,shin7jp
1053,16665864,kavipavi19,"2026-09-29 11:41:48",1845.3,2,kavipavi19
1054,16891718,"Me & myself","2026-09-29 12:25:50",1845.2,2,fannasankh
1055,16707467,kay.liechtenstein,"2026-09-30 03:30:33",1845.2,2,kayliechtenstein
1056,16723301,mayukistarry,"2026-09-29 06:03:58",1844.6,2,mayukistarry
1057,16639418,"Oleksii Zhukov","2026-09-29 15:06:26",1844.5,2,zhukovoleksiy
1058,16731834,Kamma,"2026-09-30 12:05:28",1844.4,2,"cheliu0307,makerfly,vonlanvonlan233"
1059,16756153,"🪏Harvest Moon","2026-09-30 13:42:27",1843.9,2,"bbrage,bobmyersthesecond,wguesdon,yutomuroshima"
1060,16929642,"lyre lin","2026-09-30 05:54:32",1843.7,2,lyrelingg
1061,16656810,IskanderAkhmetov,"2026-09-29 07:35:58",1842.9,2,iskander2017
1062,16759578,Randy,"2026-09-28 00:24:02",1842.9,2,rvndyerwin
1063,16799235,K.Piro,"2026-09-30 08:30:37",1842.6,2,agares02
1064,16634716,Eusebius,"2026-09-29 17:44:10",1842.4,2,protuberanzen2000
1065,16655478,Bruce,"2026-09-30 14:00:48",1842.3,2,bruceqdu
1066,16854477,"Marc Maldonado Lorca","2026-09-30 10:05:32",1842.2,2,marcmaldonado
1067,16779304,"Ari Nakos","2026-09-29 10:29:42",1841.6,2,aristides
1068,16623524,"Marcus Vinicius","2026-09-30 12:47:22",1841.5,2,marcux777
1069,16922419,"Md Abu Saif","2026-09-30 12:45:23",1841.4,2,mdabusaif48
1070,16714474,"Glenn Dalbey","2026-09-30 13:12:54",1841.3,2,glenndalbey
1071,16776793,"Guilherme Raiuga","2026-09-30 17:13:02",1841.1,2,guilhermeraiuga
1072,16875989,NapolianAdmin,"2026-09-30 10:51:19",1841.0,2,ninadrai
1073,16844132,Tamasaki217,"2026-09-30 15:06:16",1840.6,2,tamadesu217
1074,16863383,HanFish,"2026-09-30 15:32:26",1840.5,2,hananfish
1075,16726461,mocatti,"2026-09-30 13:32:12",1840.0,2,mocatti
1076,16859757,"Nathan Jacob","2026-09-29 21:29:47",1839.6,2,nathanjacob
1077,16946322,"hb and ys","2026-09-30 13:11:38",1839.3,2,hbandys
1078,16757621,Kurokawa,"2026-09-30 14:44:54",1839.2,2,hiroshikurokawa
1079,16930394,"civil 11","2026-09-30 17:15:58",1839.1,2,civil11
1080,16889906,kerlgd,"2026-09-30 15:46:29",1838.8,2,"kerlgd,kernlst92,laatentia,plasmoryx"
1081,16729102,"Bruce Zheng","2026-09-29 14:06:59",1838.4,2,brucezheng666
1082,16778946,yuki0731,"2026-09-30 15:58:25",1837.8,2,yuki0731
1083,16923904,signalior,"2026-09-29 09:01:04",1837.4,2,"convexla,probflun,signalior,synaptivox"
1084,16791369,dataix,"2026-09-30 14:20:17",1837.4,2,codymachody
1085,16720696,Ankit0017,"2026-09-30 04:59:57",1837.1,2,ankit0017
1086,16720056,"Heads or Tails","2026-09-30 15:32:23",1836.1,2,headsortails
1087,16912574,好运连连,"2026-09-30 14:47:02",1836.1,2,"jiangxinyuan616,xiaoranx,xigemalyk"
1088,16793656,王子铖,"2026-09-30 17:19:02",1835.1,2,aurantium
1089,16839902,"Sōsuke Aizen","2026-09-30 13:55:58",1835.0,2,"soukeaizenz,souvikdbiswas"
1090,16677337,"xi luo","2026-09-30 17:23:31",1834.7,2,xiluo00
1091,16622319,"Roman Tamrazov 52","2026-09-30 14:22:09",1834.1,2,romantamrazov
1092,16644565,Suda,"2026-09-29 23:45:48",1833.5,2,"chaneyma,deryawang"
1093,16811467,Raster0x2a,"2026-09-30 16:15:59",1833.4,2,raster0x2a
1094,16768239,Oshbocker,"2026-09-30 16:26:18",1833.2,2,oshbocker
1095,16823942,"jiajun chi","2026-09-29 15:18:22",1833.0,2,jiajunchi
1096,16850995,"KOSUKE MATSUDA","2026-09-30 11:37:32",1832.4,2,kosukematsuda
1097,16844845,"Dinesh Amalathasan","2026-09-28 19:38:32",1832.4,2,amaldinesh
1098,16919030,"wenzhi liu","2026-09-30 07:04:58",1832.2,2,liuwenzhi
1099,16793427,wuwuwu,"2026-09-30 10:18:53",1832.1,2,wu1570
1100,16947583,Koranil,"2026-09-26 08:19:53",1832.1,2,koranil
1101,16719563,"GPT-5.6 Sol🏆","2026-09-30 14:52:24",1831.4,2,"ctfxiao,gaoruihua,otherworldly777,wennaliu2007,xgentle"
1102,16927831,Baimakanov,"2026-09-30 15:18:02",1830.9,2,baimakanov
1103,16632612,Farmville,"2026-09-30 12:29:19",1829.9,2,rafaelfigueiredo13
1104,16924338,tyvallo,"2026-09-29 12:35:16",1829.3,2,"tyvallo,vornilo,xerlavo,zovrita"
1105,16656399,CROW,"2026-09-30 15:57:05",1828.7,2,"aaayangxh,hanifnoerrofiq"
1106,16634426,ertu,"2026-09-30 16:23:58",1828.5,2,ozertuu
1107,16632006,"Adwait Tagalpallewar","2026-09-30 16:39:03",1828.4,2,adwaittagalpallewar
1108,16858228,doubao,"2026-09-28 06:21:23",1828.0,2,"erhankangyan,yuanlili123321"
1109,16925703,darkphase11,"2026-09-29 02:30:28",1828.0,2,"corephase,darkphase11,metacraftt,neurofieldd"
1110,16741965,Ryuichi,"2026-09-30 14:22:53",1827.7,2,ryuichigt
1111,16657152,"K S VIJAYARAAGHAVAN","2026-09-30 16:03:15",1827.1,2,"blackscythe123,ksvijayaraaghavan"
1112,16671088,jasonstillchasin,"2026-09-30 00:02:41",1826.7,2,jasonstillchasin
1113,16870033,"wbcrypto abrams","2026-09-28 16:55:13",1826.3,2,wbcryptoabrams
1114,16825002,RAVEN,"2026-09-30 05:09:24",1826.2,2,silverlxt
1115,16632593,skomuro,"2026-09-30 15:30:04",1825.8,2,skomuro
1116,16802535,"To be happy","2026-09-30 12:58:04",1825.7,2,yaokaixinya123
1117,16658203,Lan_Sky,"2026-09-30 14:48:11",1825.4,2,lansky6
1118,16866996,"Marina Afanas'eva","2026-09-30 11:31:54",1825.0,2,proamari
1119,16728114,yu9824,"2026-09-30 15:17:38",1824.1,2,yu9824
1120,16696720,"JAZ COLD HORN","2026-09-30 10:15:09",1823.8,2,"evanmaksud,jazivxt,maulikgajera,niazmohaimanabtahi,victorhorn"
1121,16879027,XMHHHH,"2026-09-25 12:36:50",1823.0,2,jkkhhoo
1122,16718745,"Vishwamitra Mishra","2026-09-28 21:49:45",1822.9,2,vishwa007
1123,16655477,Aurora,"2026-09-29 19:04:55",1822.9,2,"niteshranjansingh,themeghajoshi"
1124,16705431,"Thuận Đoàn Vũ","2026-09-30 00:46:37",1822.1,2,thunonv
1125,16875986,"k hori ","2026-09-30 10:28:16",1822.1,2,khori7
1126,16624651,"Zihao Zeng","2026-09-29 08:30:31",1821.7,2,zihaozeng0021
1127,16693962,"Changyuan Chen","2026-09-29 13:59:12",1821.3,2,changyuanchenmit
1128,16745059,mekduy,"2026-09-30 17:37:26",1820.3,2,mekduy
1129,16811868,luyinn,"2026-09-30 14:51:51",1819.9,2,luyinn
1130,16846856,BladeRunner,"2026-09-28 06:28:20",1819.6,2,bladerunner2022
1131,16936827,"Weixuan Liu","2026-09-30 05:58:51",1819.3,2,flyfish666
1132,16642128,"MAC SAHO","2026-09-30 12:14:54",1818.7,2,macsaho
1133,16697893,"YWehbe / ADIA Lab","2026-09-29 11:16:30",1818.4,2,youssefwehbe
1134,16682306,岸本湧士郎,"2026-09-30 10:47:26",1817.8,2,yushiro20021111
1135,16808241,miran0313,"2026-09-30 00:33:11",1817.1,2,miran0313
1136,16811948,"xiao xiongwei","2026-09-30 15:48:17",1816.6,2,"huyang111,lixuefeng2336,sherikavotta,xiaofangzhangxfz,xiaoxiongwei"
1137,16639263,Yam,"2026-09-29 10:16:26",1816.2,2,minyam
1138,16686912,@mldsdev,"2026-09-30 13:32:40",1815.5,2,lan1mel
1139,16860071,TOSS,"2026-09-30 14:40:12",1815.2,2,toshikawa80
1140,16923217,kou,"2026-09-29 22:52:06",1814.9,2,yuu111111111
1141,16668215,renta.k,"2026-09-30 15:18:30",1814.7,2,renta0426
1142,16654158,Hack2Publish,"2026-09-30 04:46:50",1814.6,2,"esfersami50,foysalemonshanto,hosen42,rokaiyasomapti"
1143,16696738,rekhasri,"2026-09-29 22:38:01",1813.7,2,rekhasri
1144,16701051,"Komi ShouKo","2026-09-30 11:42:23",1812.6,2,asdwswdxd
1145,16876344,Hyunwoo_Park,"2026-09-29 15:30:15",1811.3,2,uts3125014010829
1146,16760490,"nir afek","2026-09-30 14:09:00",1810.9,2,nirafek
1147,16634704,M.,"2026-09-30 16:58:14",1810.4,2,mahamhc
1148,16942567,MatveyVarfolomeev,"2026-09-28 16:04:57",1809.3,2,matveyvarfolomeev
1149,16660152,LIH.YUN,"2026-09-30 12:57:40",1809.2,2,fxlcee
1150,16805370,"Gaiar Baimuratov","2026-09-29 11:59:39",1808.8,2,baimuratov
1151,16707915,MGöksu,"2026-09-30 14:31:37",1808.7,2,mgoksu
1152,16707286,"Koki _1231","2026-09-30 16:19:21",1808.6,2,koki1231
1153,16943310,Biubiu,"2026-09-30 12:56:50",1808.1,2,jianthuang
1154,16854776,aruuu,"2026-09-30 12:36:12",1808.0,2,arruuu
1155,16926787,"Владислав Ковкін","2026-09-30 05:51:10",1807.7,2,vladyslavkovkin
1156,16885764,shuinno,"2026-09-29 06:07:29",1807.6,2,"astralisa,hemlock1,metaforge,shuinno"
1157,16860813,hirayuki,"2026-09-30 07:22:17",1807.6,2,hirayukis
1158,16833095,"ADARSH DWIVEDI","2026-09-25 11:41:22",1807.1,2,adarshcod
1159,16927533,Deenouement,"2026-09-28 14:12:37",1806.9,1,"deenouement,eelixirr,efffervescent,ellegance"
1160,16630524,"Omprakash Patra","2026-09-29 04:08:54",1806.8,2,omprakashpy
1161,16884892,AQiDA19,"2026-09-30 01:48:56",1806.8,2,aqida19
1162,16887242,AnnaPlugn,"2026-09-30 12:54:21",1806.4,2,annaplugn
1163,16697891,KuziJA,"2026-09-30 15:39:25",1806.0,2,kuzija
1164,16805244,nari,"2026-09-30 01:13:15",1805.7,2,shoheiyoshinari
1165,16848063,"Yuan Weijun","2026-09-29 01:36:34",1805.7,2,yuanweijun
1166,16928466,"Diogenes's cask","2026-09-29 07:50:33",1805.5,2,diogenesscask
1167,16855214,"Kazumi Sakamaki","2026-09-30 05:38:33",1805.2,2,hatimitusiropp
1168,16933178,darkvector4,"2026-09-28 14:23:32",1805.0,2,"darkvector4,sha1ng,valtrix"
1169,16627600,"NiA Farms","2026-09-28 14:33:18",1805.0,2,"adriaft,natliablascoandreo"
1170,16756477,Ender,"2026-09-30 15:12:54",1804.9,2,eamonnkashyap
1171,16700767,tkpmnlms,"2026-09-30 14:36:00",1804.7,2,"emorgunov,mikhailkachalin,roniuhle"
1172,16896299,Bungalow0,"2026-09-28 09:37:55",1804.7,2,"achatoyant,bungalow0,demuure"
1173,16761434,t07_noma,"2026-09-30 10:27:57",1804.2,2,t07noma
1174,16709236,rick11224,"2026-09-30 16:35:19",1803.7,2,rick11224
1175,16810171,kta_jpn,"2026-09-30 15:08:54",1803.6,2,ktajpn
1176,16655114,"Hippo Farming Ltd.","2026-09-30 14:38:21",1803.0,2,felixmneumann
1177,16806541,hidenov,"2026-09-30 03:01:06",1802.3,2,hidenov
1178,16852559,永井こうたろう,"2026-09-28 15:33:59",1802.2,2,kotakota914
1179,16712121,"Hai Dang","2026-09-28 07:01:07",1802.0,2,haidang2405
1180,16630729,"american gothic","2026-09-30 16:11:06",1801.3,2,grennwolf
1181,16679393,"Anvith Pothula","2026-09-30 01:05:16",1801.2,2,anvithpothula
1182,16696593,bplyc15,"2026-09-30 16:32:05",1801.1,2,bplyc15
1183,16623390,KodamaSec,"2026-09-30 10:03:44",1800.6,2,dfhgfdghfdhg
1184,16946666,"Pengfei Yan ","2026-09-28 10:59:42",1800.6,2,pengfeiyan
1185,16911212,zby_4240,"2026-09-30 13:18:28",1800.2,2,"panhiuting,zby4240"
1186,16741500,weichy7,"2026-09-30 03:45:13",1799.4,2,weichy7
1187,16659550,"Sai Syam","2026-09-30 07:14:34",1799.4,2,saisyam
1188,16748941,"We Forgot To Water","2026-09-30 13:52:24",1799.3,2,"dearkarl,shuangxue"
1189,16891334,"Ruslan Akhmetov","2026-09-30 11:05:11",1799.3,2,ecolla999
1190,16630251,"Handry Novianto","2026-09-30 11:47:31",1798.9,2,handrynovianto
1191,16928491,weihewo,"2026-09-29 15:10:11",1798.7,2,weihewo
1192,16706185,"Bab Kek","2026-09-28 06:34:27",1798.5,2,babkek
1193,16949981,"Yi Yu","2026-09-30 13:19:33",1798.4,2,yy5652
1194,16652079,Infill,"2026-09-30 15:38:15",1798.2,2,infill
1195,16658865,"Victoria Karpukhina","2026-09-30 15:36:09",1797.7,2,vikileina
1196,16639168,Sergey,"2026-09-30 08:03:38",1797.3,2,sergeymikhailovn
1197,16932996,"Francisco Angulo de Lafuente","2026-09-30 08:45:00",1796.7,2,franciscoangulo
1198,16784420,renyxin,"2026-09-30 13:36:40",1796.2,2,renyxin
1199,16774141,Radiance,"2026-09-30 15:07:36",1795.9,2,"evelyn3976,wangyi01"
1200,16622567,"Georgy Mamarin","2026-09-29 06:19:11",1795.9,2,georgymamarin
1201,16810587,"Avineesh Arora","2026-09-30 15:23:32",1795.6,2,avndope
1202,16670371,rkd,"2026-09-30 09:43:32",1795.5,2,ryookd
1203,16815841,"Sunshine through fog","2026-09-30 15:41:35",1794.7,2,sunshinethroughfog
1204,16655922,kusui26,"2026-09-30 15:46:16",1794.1,2,kusui26
1205,16934847,yuuri,"2026-09-29 11:40:21",1794.1,2,yuuuuuuuuri
1206,16727998,hidsaito,"2026-09-30 16:18:42",1793.7,2,hidsaito
1207,16738492,"Follow Me Gradient","2026-09-30 16:13:24",1793.3,2,farukece
1208,16682867,sneaky6767,"2026-09-30 13:01:07",1792.9,2,sneaky6767
1209,16811900,"Brejesh Balakrishnan","2026-09-30 05:11:53",1792.6,2,brejeshbalakrishnan
1210,16668430,"john inan","2026-09-30 17:13:15",1792.5,2,johninan
1211,16621243,"Jesse Bullard","2026-09-30 01:41:12",1792.2,2,jessebullard
1212,16704924,jdx,"2026-09-29 02:37:16",1792.2,2,jdsemrau
1213,16854552,ShionMatsuoka,"2026-09-28 06:50:16",1792.1,2,shionmatsuoka
1214,16654881,Freddy,"2026-09-30 08:03:20",1791.8,2,twoxding
1215,16735252,LagrangianLocomotive,"2026-09-30 16:11:45",1790.7,2,lagrangianlocomotive
1216,16763829,"Shane Thivaharraja","2026-09-30 04:03:34",1790.6,2,shanethivaharraja
1217,16839530,"que la cuenten como quieran","2026-09-30 01:44:14",1790.4,2,germanjurado1
1218,16682210,Boiled-Sweet-Potato,"2026-09-28 07:56:38",1790.3,2,boiledsweetpotato
1219,16911681,nena,"2026-09-30 14:41:44",1790.2,2,nena0undefined
1220,16858464,Taisei_Tsuneki,"2026-09-29 14:31:10",1789.7,2,"ryoyaotsuki,taiseitsuneki"
1221,16908829,Terremoto,"2026-09-30 13:26:37",1789.6,2,alfredoachondo
1222,16655519,CurveCowboy,"2026-09-30 09:52:40",1788.2,2,curvecowboy
1223,16918430,"Huifeng Li","2026-09-30 16:44:44",1788.0,2,stevenli1
1224,16665785,"Maria Gordeeva","2026-09-30 16:01:56",1786.6,1,heriqis777
1225,16660483,TIM,"2026-09-29 00:40:14",1786.0,2,daynoryamil
1226,16926921,"Ruslan Kovychev","2026-09-24 10:48:23",1785.7,2,ruslankovychev
1227,16724801,Noir,"2026-09-29 02:00:56",1785.1,2,nuitnoir
1228,16621625,YBEJlKA,"2026-09-30 14:42:04",1784.8,2,alexanderchesnokov
1229,16940533,shikaikaikaikai,"2026-09-28 05:53:43",1784.1,2,shikaikaikaikai
1230,16778792,"Karthik #2","2026-09-30 13:57:38",1783.8,2,karg14
1231,16774843,"Assylkhan Kerey","2026-09-30 08:51:29",1783.7,2,n0nlyy
1232,16941779,"Michael Jordan","2026-09-30 09:08:02",1783.6,2,m1chaeljordan
1233,16687159,Max64738CB,"2026-09-29 15:16:11",1783.5,2,max64738cb
1234,16662492,"Lester Leong","2026-09-30 06:22:12",1783.3,2,lesterleong
1235,16728238,ubcict232,"2026-09-30 00:32:07",1782.7,2,ubcict232
1236,16838479,"Sufi Afifi","2026-09-30 03:34:07",1782.6,2,emrys21
1237,16759058,Miz,"2026-09-29 14:42:24",1781.7,2,ryota040
1238,16935594,"wenya hao","2026-09-30 10:30:43",1781.5,2,wenyahao
1239,16840617,RyotaroAbe,"2026-09-29 16:09:58",1781.0,2,ryotaro45123
1240,16763761,mkai1981,"2026-09-30 11:47:56",1780.9,2,mkai1981
1241,16703315,"Ryan Triplett","2026-09-30 13:58:27",1780.8,2,ryantriplett
1242,16876180,kk.sky.9k,"2026-09-30 14:11:43",1780.3,2,kksky9k
1243,16847478,tokitamago,"2026-09-30 14:44:58",1780.0,2,tokitamago
1244,16872204,"Nguyễn Trần Thanh Bình","2026-09-30 17:27:25",1779.8,2,nguyntrnthanhbnh
1245,16939767,"Elias William","2026-09-30 13:24:30",1779.7,2,eliaswilliam
1246,16927437,SeEquoia,"2026-09-29 12:56:54",1779.3,2,"glaccier,m3onsoon,seequoia,typhooon"
1247,16864558,"Henghan Dong","2026-09-27 08:10:31",1778.7,2,henghandong
1248,16706897,"Akshay Mathur","2026-09-27 19:33:42",1778.4,2,akshaymathur777
1249,16621616,insuperabilehart,"2026-09-30 12:23:51",1778.2,2,insuperabile
1250,16661665,"Leonardo Viola10","2026-09-28 12:21:08",1778.2,2,leonardoviola10
1251,16774884,assssstnuar,"2026-09-30 08:42:04",1777.9,2,assssstnuar
1252,16807108,dongdongunique2,"2026-09-30 07:45:25",1777.5,2,yinzhaoren
1253,16745006,UjjwalPardeshi,"2026-09-30 17:31:23",1777.4,2,ujjwalpardeshi
1254,16949661,Shs123,"2026-09-26 20:14:37",1777.2,2,shs123
1255,16732445,ГИМНАЗИЯ14ЙОШКАРОЛА,"2026-09-30 14:18:46",1776.8,2,"domager72,fylgde,kolyaflexcu"
1256,16681927,"Dariush Afshar","2026-09-30 00:47:11",1776.5,2,dariushafshar
1257,16838766,"Justin Gao","2026-09-28 06:12:14",1776.4,2,justingao
1258,16944396,Monruho,"2026-09-30 12:34:54",1776.4,2,monruho
1259,16657032,"Ayaan Ghosh","2026-09-30 11:50:33",1776.3,2,ayan9001
1260,16790527,Yuta,"2026-09-30 07:21:06",1776.1,2,yutaecon
1261,16665637,Luvsh81,"2026-09-30 16:09:08",1775.9,2,luvsh81
1262,16911078,Tolgii,"2026-09-30 01:15:37",1775.8,2,tolgakiremit
1263,16675866,DanilChil,"2026-09-25 14:06:52",1775.6,2,danilchil
1264,16635314,"Aurora wy","2026-09-30 16:23:21",1775.0,2,aurorawy
1265,16698560,"Seungjun Lee","2026-09-30 08:01:14",1774.7,2,seungjunleeofficial
1266,16626332,"MD. Nazmus Sakib Anik","2026-09-30 15:39:08",1774.4,2,beyondlogic
1267,16854216,Rita-1021,"2026-09-30 12:48:45",1774.3,2,rita1021
1268,16756891,T.Uehira,"2026-09-30 10:05:19",1774.0,2,tuehira
1269,16621481,"zero waste","2026-09-27 17:17:22",1773.6,2,chinnaphatkhun
1270,16891008,"Golubev Alexander","2026-09-30 12:54:38",1772.8,2,"golubevalexander,nikitadgolubev"
1271,16905157,Moonyk,"2026-09-30 14:31:09",1772.4,2,moonyk
1272,16732156,"Ца-ри-ца по-лей, ку-ку-ру-за!","2026-09-30 16:40:07",1771.9,2,samvelkoch
1273,16790765,Aristotle.Chen,"2026-09-30 12:41:49",1771.8,2,aristotlechen
1274,16898049,"Alua Аkhmetkali","2026-09-26 07:46:37",1771.2,2,alua01
1275,16892257,ShadowMist01,"2026-09-29 18:39:26",1770.4,2,shadowmist01
1276,16633212,goosehaaan,"2026-09-30 12:35:05",1770.2,2,goosehaaan
1277,16884822,reziavon,"2026-09-30 14:58:30",1769.5,2,reziavon
1278,16841026,"Max Power","2026-09-29 18:56:07",1769.5,2,markbarney
1279,16623381,cocoaAI,"2026-09-30 06:25:06",1769.3,2,cocoaai
1280,16683435,CoorDi,"2026-09-30 07:45:53",1769.2,2,bxy0125
1281,16885498,farmhouse,"2026-09-30 16:01:10",1769.2,2,tomoyayanagi
1282,16633226,test_money,"2026-09-30 03:42:47",1769.0,2,michaelsemenoff
1283,16935530,"[RU] Evgeniy Kamyshan (sharing)","2026-09-27 19:05:40",1769.0,2,svo1488zov
1284,16718033,TheMightiestMan,"2026-09-29 13:54:33",1768.6,2,themightiestman
1285,16740644,Terence0914,"2026-09-30 13:34:49",1768.2,2,terence0914
1286,16709872,"Tim McGarvey","2026-09-30 15:56:30",1767.7,2,timmcgarvey
1287,16667240,WGaurav,"2026-09-30 12:57:05",1767.4,2,wgaurav
1288,16885734,zylvento,"2026-09-30 16:09:08",1766.9,2,"lorvexa,zylvento"
1289,16645426,Jun_value,"2026-09-30 12:59:45",1766.7,2,junvalue
1290,16767052,KaitoKusumoto,"2026-09-30 13:34:40",1766.6,2,kaitokusumoto
1291,16635421,"Lennart Haupts","2026-09-30 09:48:09",1766.4,2,lennarthaupts
1292,16907326,"julien gaza","2026-09-29 01:04:28",1766.4,2,juliengaza
1293,16664111,"John Park","2026-09-29 07:26:53",1766.1,2,sigint
1294,16775350,"Sourabh Nirwanevht","2026-09-30 10:22:05",1765.4,2,"sourabhnirwanevht,yanggod"
1295,16676904,researchstudio.site,"2026-09-30 01:40:05",1764.5,2,fistyee
1296,16641751,Hikari_30,"2026-09-29 04:21:44",1764.3,2,hikari30
1297,16904651,chenpengyu603,"2026-09-29 04:43:55",1764.3,2,chenpengyu603
1298,16730713,"Michael Mueller","2026-09-29 17:16:13",1764.2,2,michaelmueller26
1299,16937607,wuyan-nox,"2026-09-30 12:55:15",1763.2,2,wuyannox
1300,16851853,tryagain123,"2026-09-28 10:06:38",1763.2,2,lanqingsong123
1301,16931893,IUT_BakeNekos【化け猫】,"2026-09-30 16:59:17",1762.4,2,"didhitinahid,farhanishraqq"
1302,16918063,"Dante Lok","2026-09-30 08:55:19",1762.1,2,dantelok
1303,16837554,Quickpanda,"2026-09-30 06:45:10",1761.2,2,quickpanda
1304,16780455,wadigongren,"2026-09-30 16:27:56",1761.1,2,wadigongren
1305,16627796,tizawa3,"2026-09-28 01:14:11",1761.1,2,tizawa
1306,16786108,Pakhan873,"2026-09-30 14:42:07",1760.6,2,paveldidin
1307,16731926,"Pardheev Krishna","2026-09-29 05:28:54",1760.5,2,"anandkumar0901,ayushjiwatramani,nidhibsh,nitindatanylatics,pardheev"
1308,16814409,YuyaSuzuki,"2026-09-29 16:01:03",1760.3,2,yututapp
1309,16808111,"Oliver #2","2026-09-29 16:02:42",1759.9,2,wangzn0410
1310,16736931,"Sergei Fironov","2026-09-28 14:31:48",1759.9,2,sergeifironov
1311,16634765,democatXamer,"2026-09-30 08:48:26",1758.9,2,w1326627677
1312,16714057,"T0m0t0m0 W","2026-09-30 12:01:36",1758.7,2,t0m0t0m0w
1313,16709068,Vib,"2026-09-28 21:46:51",1758.3,2,viblal
1314,16748462,"Jiwon Lee","2026-09-30 15:49:55",1757.9,2,jibong7600
1315,16914006,Stefano,"2026-09-28 13:08:40",1757.1,2,stefanojp
1316,16885704,tavrico,"2026-09-30 15:21:58",1756.8,2,tavrico
1317,16667767,t3l3kin3sis,"2026-09-30 17:35:14",1756.6,2,"daffafariq,hashmatzamaryali,malsabbagh05"
1318,16885137,"Manjunadh Padarthi","2026-09-29 19:40:36",1756.2,2,manjunadhpadarthi
1319,16755203,TY0912,"2026-09-30 15:02:35",1756.0,2,samejimatink0
1320,16790652,救赎之道，就在其中,"2026-09-30 16:54:27",1755.4,2,"mengyihu,pengchaozheng"
1321,16668227,Yusuraume,"2026-09-30 05:51:35",1755.3,2,sugitatomohiko
1322,16927521,wadia,"2026-09-30 05:24:07",1755.0,2,"sihuanian777,yeshawang"
1323,16778340,NayuNayu,"2026-09-30 15:49:32",1754.8,2,nayunayu1005
1324,16709435,"Artyom Lyan","2026-09-30 13:14:29",1754.6,2,arli2016
1325,16623034,"Vlad Kochetov","2026-09-30 16:24:54",1754.3,2,vladkochetov07
1326,16723528,"Singaraj B","2026-09-29 01:53:01",1754.3,2,singarajb
1327,16816196,"Bianco Chiu","2026-09-30 09:17:33",1753.8,2,biancochiu
1328,16730728,"Le Trong Hieu","2026-09-30 16:38:11",1753.7,2,backtracking
1329,16904867,wahaka,"2026-09-30 17:29:19",1753.5,2,wahaka
1330,16947730,"青葉 涼風","2026-09-29 23:54:25",1752.6,2,suzukaze
1331,16644808,"Rotation Theory","2026-09-30 17:20:25",1752.0,2,mikhsank
1332,16658044,"Roshan Singh","2026-09-22 21:43:31",1751.8,2,roshanavadheshsingh
1333,16749034,digitalChaos,"2026-09-30 12:00:19",1751.7,2,digitalchaos666
1334,16914744,哈基米南北路多,"2026-09-30 14:14:06",1751.7,2,"drlimingz,freakrk,liushunyao,perrinslutman,sayu1u"
1335,16890222,"Borisov Emilian","2026-09-29 12:42:05",1751.2,2,emili123
1336,16734551,"junseok lee","2026-09-29 22:47:48",1751.1,2,jaslee2
1337,16945907,"yuki ogata","2026-09-30 07:09:58",1751.0,2,yyogata
1338,16803448,jiatu.l,"2026-09-30 15:38:00",1750.6,2,jiatul
1339,16880278,Kaggria,"2026-09-30 16:06:19",1750.6,2,"andyzhenlee,jiayi2627,mingyuechu,zhaoliangyuan"
1340,16755328,"yang zhang","2026-09-30 13:53:43",1750.3,2,zhang1221ai
1341,16924604,"Dzmitry Pihulski","2026-09-30 14:34:14",1750.0,2,dzmitrypihulski
1342,16769411,Beyond,"2026-09-29 09:44:08",1749.8,2,themanysh
1343,16730334,"Have a nice trip in USST","2026-09-30 06:12:35",1749.5,2,"eugeneyeung,grace7523,sztszt0726,tuskig,wzh20050212"
1344,16658895,kunihiro,"2026-09-30 02:29:20",1748.7,2,kunihiro
1345,16811224,yuya,"2026-09-29 18:42:53",1748.3,2,yuomori
1346,16738145,綿鍋だよん,"2026-09-30 17:05:49",1748.0,2,potrue
1347,16775749,Yurikada,"2026-09-30 01:23:39",1747.9,2,yosukeinada
1348,16783537,JustinybGao,"2026-09-30 14:15:42",1747.6,2,justinybgao
1349,16639625,"Dr Chandrasen Pandey","2026-09-28 05:28:20",1747.6,2,devchandra
1350,16814417,"Jane Street Farmers","2026-09-30 14:03:23",1747.5,2,"akamasterpiece,gianghiango,paramizodicrominique,phnhnnguyn,sebastiancooper116"
1351,16840857,Meteor,"2026-09-30 11:34:24",1746.9,2,meteorkid
1352,16631460,Kosuke.T,"2026-09-28 11:44:29",1746.8,2,kosuke1992
1353,16941047,"RUSHMANTH NALLURI","2026-09-24 00:07:09",1746.4,2,rushmanthnalluri
1354,16659412,yesterdays_rebel,"2026-09-28 10:39:06",1746.2,2,irfanparaniya
1355,16768603,Kinance,"2026-09-30 02:24:16",1745.8,2,kinance
1356,16707453,"Kaan Dınız","2026-09-30 10:13:25",1745.7,2,kaandnz
1357,16690447,Supermercado,"2026-09-30 13:32:37",1745.5,2,ryotaaaaaa
1358,16756062,"Thomas #2","2026-09-30 13:54:24",1745.5,2,tommurakami
1359,16917732,qianqiuwushang,"2026-09-28 21:13:27",1745.0,2,qianqiuwushang
1360,16744837,JuliaGastellu,"2026-09-30 00:10:08",1745.0,2,juliagastellu
1361,16886400,Nisshi888880,"2026-09-30 15:54:49",1744.9,2,nisshi888880
1362,16698206,"Bark at the Barnyard","2026-09-30 03:22:56",1744.5,2,mming0430
1363,16879199,Back,"2026-09-30 12:17:18",1744.3,2,back2525
1364,16925740,Virexon,"2026-09-30 16:16:24",1743.9,2,"spectrion5,synthexia,virexon,vorinaq"
1365,16741639,kirito83,"2026-09-30 10:56:04",1743.0,2,lishsh83
1366,16706227,"Wise Fancy","2026-09-30 04:45:48",1742.8,2,wisefancy
1367,16653260,"Kadouci Abdelhak","2026-09-29 20:54:13",1740.2,2,kadouciabdelhak
1368,16932850,"Amir Ghazi","2026-09-28 23:32:13",1739.5,2,amirghazi
1369,16792109,rogerrogerroger3r,"2026-09-30 09:13:04",1739.2,2,rogerrogerroger3r
1370,16861198,Eggplanck,"2026-09-30 14:39:10",1739.0,2,gyozzza
1371,16622121,xz,"2026-09-27 17:11:33",1739.0,2,xiaoz259
1372,16705523,"Brian Chua","2026-09-30 10:32:43",1738.9,2,chuazhengweibrian
1373,16630274,yutoAb,"2026-09-28 08:15:40",1738.8,2,yutoab
1374,16778469,"Tamandeep Singh","2026-09-27 17:09:21",1738.6,2,tamandeep1024
1375,16861102,walnut11,"2026-09-29 23:33:55",1738.3,2,walnut11
1376,16903770,UYHHHHYu,"2026-09-30 12:08:35",1737.6,2,yhhhhyu
1377,16806206,"Yuan Yongth","2026-09-30 16:11:58",1737.5,2,"sunnylzheng,yuanyongth"
1378,16628897,"Kyoungwon Jeong","2026-09-30 10:54:09",1737.3,2,kyoungwonjeong
1379,16699856,yukio,"2026-09-30 15:24:41",1736.8,2,yukioseki
1380,16765884,洛希边际,"2026-09-30 16:25:31",1735.9,2,"bxz2003,mingyue12318,thethirdsight"
1381,16640067,"minghao mei","2026-09-30 02:05:26",1735.8,2,minghaomei
1382,16778835,kiyoc,"2026-09-30 17:12:39",1735.2,2,kiyoshiohno
1383,16880830,Piyorin,"2026-09-27 13:07:49",1735.1,2,mystakhs
1384,16942720,"Shadow Es","2026-09-30 03:56:24",1734.9,2,shadowes
1385,16702754,"Запрети мне брать H100","2026-09-30 17:23:43",1734.9,2,"amocualg,borismatsakov,kirya1,vladimirlovtsov18"
1386,16829834,Luxuer,"2026-09-30 15:55:43",1734.8,2,luxuer
1387,16807038,mitsuki,"2026-09-28 03:23:54",1734.6,2,mk00000
1388,16779564,oycr,"2026-09-30 14:10:22",1734.5,2,"oyxiaobai159,wdt124"
1389,16799832,"Maman Salto","2026-09-30 04:13:25",1734.5,2,saddamaditya
1390,16706395,"Kunal Desale","2026-09-30 04:00:43",1734.1,2,kunaldesale2408
1391,16692432,"Les 2 oies","2026-09-30 14:24:15",1733.7,2,"sanarceate,youyoucrf"
1392,16743988,"Akhilesh Vinnakota","2026-09-26 04:20:38",1733.6,2,akhileshvinnakota
1393,16645596,Kosakunin,"2026-09-30 14:19:54",1733.5,2,yugoawawa
1394,16708791,atsu0905,"2026-09-29 16:10:17",1732.7,2,atsu0905
1395,16740161,r2singh,"2026-09-29 14:02:23",1732.7,2,ratnaraj
1396,16760244,"Alex Paul","2026-09-27 18:50:13",1732.7,2,alexazander
1397,16839427,kooooozh,"2026-09-29 15:58:50",1732.5,2,grigoriykozhemyakin
1398,16662846,"Kerem Ercin","2026-09-29 15:22:13",1732.4,2,keremercin
1399,16621595,"Farmers From Punjab","2026-09-27 05:14:16",1732.2,2,alisalmanrana
1400,16749435,SGY2512,"2026-09-29 14:07:06",1731.7,2,sgy2512
1401,16652631,"Panagiotis Anagnostou","2026-09-29 07:48:13",1731.6,2,panosanag
1402,16842242,"Scott Kirila","2026-09-27 09:00:25",1731.6,2,scottkirila
1403,16657229,"Adam Plow","2026-09-30 10:04:32",1730.6,2,lizhiiii
1404,16733851,tangaii,"2026-09-30 17:21:43",1730.5,2,tangai1
1405,16670453,141,"2026-09-30 08:22:24",1730.4,2,"muhammadmustafaxo,siddiqshah"
1406,16794753,"Yan #2","2026-09-30 05:25:35",1730.3,2,diskya
1407,16844233,y3uanm,"2026-09-29 04:32:55",1730.2,2,"delta47x,lunpaixo,y3uanm"
1408,16654585,"David Pedersen","2026-09-30 08:11:22",1729.7,2,semalytics
1409,16634493,xixi,"2026-09-28 15:33:24",1729.6,2,huangcarry26
1410,16762957,邪悪な暁山瑞希、ジャガイモを量産してフライドポテト市場を独占,"2026-09-28 15:10:55",1729.3,2,yinzimike
1411,16676455,"Sarthak Sharma ","2026-09-30 10:34:42",1729.2,2,sarthaksharma14
1412,16662684,"Harshini Reddy","2026-09-27 12:50:40",1728.6,2,luffyh04
1413,16624571,kaggri_Team,"2026-09-30 15:40:05",1728.4,2,"baidalinadilzhan,qasminumber,zelza0"
1414,16877997,Mirlan,"2026-09-30 17:18:56",1727.7,2,zmtrxq
1415,16697898,"Yin Li","2026-09-29 08:19:48",1727.7,2,kevin250304
1416,16643453,Haumea,"2026-09-28 20:55:33",1727.4,2,chaitanyagullapalli
1417,16638386,"Md Boktiar Mahbub Murad","2026-09-30 08:10:38",1726.0,2,mbmmurad
1418,16729280,"Ryoya Tsuruoka","2026-09-30 08:36:01",1725.8,2,"irohasorange,mrooto,rahaia"
1419,16738534,"Sakito Horie","2026-09-29 04:29:59",1725.8,2,sakitohorie
1420,16716335,JamesJJJJJ,"2026-09-27 21:40:36",1725.7,2,jamesjjjjj
1421,16870461,Fumi,"2026-09-30 16:54:12",1725.6,2,cheersbeer
1422,16804827,"Bala Baskar","2026-09-28 13:55:41",1725.6,2,balabaskar
1423,16664359,Nightingale,"2026-09-29 03:20:00",1725.5,2,apilkhadka
1424,16738503,dddmd,"2026-09-30 14:44:55",1725.4,2,dddmdd
1425,16674526,"Imdadul hasan hamim","2026-09-29 12:57:08",1724.8,2,imdadulhasanhamim
1426,16692185,"Xu Suyi","2026-09-30 14:55:48",1724.6,2,xuyuhaosuyi
1427,16633944,Toru59er,"2026-09-28 00:04:27",1724.6,2,toru59er
1428,16923115,"Takamasa Ueno","2026-09-28 02:06:50",1724.5,2,uentsz
1429,16709930,llRX,"2026-09-30 16:24:22",1724.3,2,"bankkobe,leojeel,ruikaihong"
1430,16865070,carlos-tagosaku,"2026-09-28 03:44:02",1724.2,2,sousugiyama
1431,16742684,Inzilbêth,"2026-09-30 12:41:17",1724.1,2,inzilbth
1432,16732126,iwashi,"2026-09-27 18:45:45",1723.6,2,iwashi
1433,16706004,Divyansh,"2026-09-30 12:19:32",1723.4,2,sehgaldivyansh
1434,16699045,"Abu Kayyisah Basyid","2026-09-27 16:15:38",1723.1,2,abukayyisahbasyid
1435,16632262,Milkomeda,"2026-09-30 16:45:25",1723.0,2,milkomeda74583
1436,16743165,"Chiachii Liang","2026-09-28 03:14:42",1723.0,2,chiachiiliang
1437,16866933,tech-Mira,"2026-09-30 15:57:07",1722.8,2,itsukiito
1438,16851557,SunaoCool,"2026-09-28 00:03:30",1722.7,2,yoshikinishita
1439,16730462,XTang,"2026-09-30 12:00:40",1722.6,2,flyonthewater
1440,16634312,"Linh Le","2026-09-29 09:26:19",1722.5,2,linhlethuy
1441,16659843,"Amer Alkhalili","2026-09-30 12:56:58",1722.2,2,ameralkhalili
1442,16655128,"Somasundar V","2026-09-30 16:20:38",1722.0,2,somasundarv
1443,16640388,SANNNNN,"2026-09-30 01:05:02",1721.9,2,zuhairsan
1444,16622509,Ali,"2026-09-30 17:02:12",1721.8,2,asalhi
1445,16718660,"Ramona Flowers","2026-09-30 05:01:49",1721.6,2,forsmthnoithingtosay
1446,16660601,"Rabbiya affan","2026-09-28 10:39:05",1721.5,2,rabbiyaaffan
1447,16891283,tofu1002,"2026-09-30 16:31:47",1721.4,2,tofu1002
1448,16722705,我的AI是豆包,"2026-09-30 16:43:24",1721.3,2,"carrotliang,haoxuanjng,kaoqiangzhang,rainhuang0220"
1449,16632214,roomer,"2026-09-29 14:12:52",1721.0,2,"matsuphy,mqme526,yasunamiura"
1450,16683952,"Maksimov Evgeniy","2026-09-30 16:39:44",1720.9,2,maxevg
1451,16802505,daviondk,"2026-09-30 14:41:19",1720.3,2,daviondk
1452,16835641,dzzz,"2026-09-30 11:41:40",1720.2,2,"brittneylewis2,innocentdzzz"
1453,16839972,"Yusuf Lee","2026-09-29 09:12:22",1720.0,2,yusuflee
1454,16806000,wyz0210,"2026-09-30 16:54:37",1719.8,2,weiyouzhen
1455,16730735,YUK,"2026-09-30 12:47:37",1719.8,2,yu0307
1456,16655411,フナコシ,"2026-09-30 14:43:17",1719.2,2,kokifunakoshi
1457,16945364,胜你不须第二剑,"2026-09-28 08:10:34",1719.2,2,abinyzl123
1458,16882280,K_daisuke,"2026-09-29 13:08:39",1719.2,2,kawakamidaisuke
1459,16745995,"Guido Tapia","2026-09-28 05:26:17",1718.9,2,guidotapia
1460,16893006,"Duvor Richard","2026-09-27 16:21:20",1718.7,2,duvorrichard
1461,16795853,GaoKui,"2026-09-30 16:25:54",1718.7,2,gaokui
1462,16631421,cg,"2026-09-22 14:31:09",1718.6,2,chaitanyagarg2
1463,16932849,"Siddhant Rajhans","2026-09-30 16:06:54",1718.6,2,siddhantrajhans
1464,16777961,qiwaki,"2026-09-28 14:54:32",1718.5,2,resonayu
1465,16717572,kiyomiya-k,"2026-09-27 15:46:20",1717.8,2,kiyomiyak
1466,16949185,"Akil Al-Sharafi","2026-09-29 13:57:01",1717.7,2,akilalsharafi
1467,16885548,"Anand Kumar 369o","2026-09-30 14:15:41",1717.2,2,anandkumar369o
1468,16681848,Haraguchi-T,"2026-09-28 12:28:23",1717.2,2,haraguchit
1469,16941692,twotodevnull,"2026-09-30 05:23:29",1717.0,2,twotodevnull
1470,16634128,ZechHuang,"2026-09-30 09:26:19",1716.8,2,zechhuang
1471,16865949,bhaskar9221,"2026-09-29 18:12:35",1716.7,2,bhaskarkumar11
1472,16769967,"Bill Fan","2026-09-29 00:57:08",1716.6,2,billfan88
1473,16920678,qinsuikang,"2026-09-30 16:11:37",1716.5,2,"qinsuikang,tudousisi"
1474,16752104,WYSSR1225,"2026-09-30 05:39:25",1716.4,2,wyssr1225
1475,16654373,thwaitsusa2,"2026-09-30 14:15:08",1716.2,2,thwaitsusa2
1476,16730854,src,"2026-09-30 13:49:52",1716.2,2,skthtu
1477,16716078,H&E,"2026-09-30 09:10:23",1716.0,2,"jenzenhuang,luwyeb,wafflebear,wenjiewangdev"
1478,16633853,"funny farm","2026-09-30 16:21:07",1715.7,2,"alannasibullin,alexandrutkov"
1479,16632138,kaggle_bbgg,"2026-09-30 00:04:38",1715.6,2,kagglebbgg
1480,16799132,"Marlon Vasquez","2026-09-29 01:50:15",1715.6,2,vexmeavf
1481,16938488,Firdannn,"2026-09-29 11:33:25",1715.4,2,firdannn
1482,16676193,"Akira Hirohashi","2026-09-29 13:38:55",1715.1,2,akirahirohashi
1483,16656011,"Jiashun Tan","2026-09-28 08:56:10",1714.8,2,jiashuntan
1484,16681049,"SiLin “Can SiLin” Can","2026-09-28 12:20:44",1714.7,2,"k3rn3l,silincansilincan"
1485,16776738,"Kundan Bhaskar","2026-09-28 18:53:39",1714.7,2,kundan007
1486,16804757,MAT,"2026-09-30 07:37:55",1714.7,2,mehmetanltays
1487,16737237,"Ayodeji Adesegun","2026-09-29 19:37:24",1713.9,2,ayodejiadesegun
1488,16768449,"Dmitry Volovikov","2026-09-29 22:25:03",1713.8,2,dmitryvolovikov
1489,16696960,pi-500.phys,"2026-09-28 15:52:33",1713.7,2,pi500phys
1490,16795086,Leroll,"2026-09-29 05:35:15",1713.5,2,leroll
1491,16948431,t.me/anpilovetg,"2026-09-29 22:28:43",1713.0,2,anpilovkirill
1492,16775286,DanilAbdullin,"2026-09-28 11:42:03",1712.3,2,danilabdullin
1493,16753974,"David Goldrajch","2026-09-30 17:06:35",1712.3,2,elie2003
1494,16701897,"Alejandro Lavandeira Casais","2026-09-30 10:49:03",1711.7,2,alejandrolavandeira
1495,16674932,kokinnwakashuu,"2026-09-29 21:51:03",1711.6,2,kokinnwakashuu
1496,16716566,"Junliang Ye","2026-09-30 17:34:49",1711.6,2,junliangye
1497,16666393,saikyo,"2026-09-30 02:45:27",1711.4,2,kyosaikyo
1498,16779110,markastra,"2026-09-30 03:10:28",1711.3,2,markastra
1499,16675344,PP_Azalearn,"2026-09-30 08:45:17",1711.2,2,"androidss,keitookamoto,pptakehirokawada"
1500,16644303,"kevin zhou","2026-09-30 01:16:56",1711.1,2,kevinzhou66
1501,16730344,lvisdd,"2026-09-30 15:20:21",1711.1,2,lvisdd
1502,16717901,"Ahmed Hazem Abdeltawab","2026-09-29 21:49:11",1710.8,2,ahmedhazem23
1503,16793396,...,"2026-09-28 09:02:01",1710.5,2,shackles6966
1504,16753567,wangkxu,"2026-09-29 02:39:09",1710.4,2,davics
1505,16850522,WayneCheng,"2026-09-29 05:08:23",1710.4,2,taffy1883
1506,16736985,Colt,"2026-09-30 16:26:58",1710.2,2,nht1990
1507,16644456,"Agbe Eko","2026-09-30 17:26:27",1710.0,2,timmecom
1508,16894196,"Qiank Chen","2026-09-28 21:56:56",1709.9,2,qiankchen
1509,16631215,私立ホルスタイン学園,"2026-09-30 12:47:36",1709.7,2,hiranorm
1510,16885421,"Lee Minseung","2026-09-29 16:07:48",1709.7,2,leeminseung
1511,16797543,Tarang222,"2026-09-27 19:17:22",1709.6,2,tarang222
1512,16661073,PyJa,"2026-09-30 16:20:34",1709.6,2,pixiux
1513,16750268,"Harris Bashir","2026-09-30 12:32:35",1709.1,2,harrisbashir
1514,16668406,"VAP RF5","2026-09-27 16:51:03",1708.8,2,vaprf5
1515,16775686,"Max Podd","2026-09-29 12:54:08",1708.7,2,maxpodd
1516,16743015,"Sword's Frost","2026-09-29 03:29:55",1708.5,2,alexwilliam7
1517,16774700,たたたた,"2026-09-30 07:36:56",1708.4,2,tatatata1111
1518,16622032,"Raunak Dey","2026-09-30 10:25:25",1708.3,2,raunakdey07
1519,16720841,liuhc1017,"2026-09-30 11:19:34",1708.1,2,liuhc1017
1520,16765327,master_ssx,"2026-09-27 22:55:19",1707.7,2,masterssx
1521,16639507,Homii_N,"2026-09-27 20:22:41",1707.6,2,homeshwarrao
1522,16944892,Daijingping,"2026-09-29 04:00:52",1707.5,2,daijingping
1523,16942014,"Raymond Parker","2026-09-26 11:58:26",1707.5,2,raymondparker
1524,16665919,"Labmem Tang","2026-09-30 16:43:30",1707.2,2,labmemtang
1525,16823981,"mou mou","2026-09-30 03:46:00",1707.1,2,moumou6322
1526,16663213,"Takahiro Someya","2026-09-27 09:34:49",1707.0,2,takahirosomeya
1527,16726287,BBaRRel.,"2026-09-26 13:26:34",1706.9,2,yujinkk0609
1528,16651402,"Mille Initiate","2026-09-28 08:52:31",1706.7,2,milleinitiate
1529,16905685,小娃娃是娃娃里较小的娃娃,"2026-09-30 15:01:10",1706.6,2,xiewenwei29
1530,16936280,dev.asad67,"2026-09-29 21:49:08",1706.4,2,devasad67
1531,16836633,Yukino487,"2026-09-30 11:26:32",1705.8,2,"xingyulll,yukino487"
1532,16622420,RuiFSPinto,"2026-09-30 06:57:56",1705.6,2,ruifspinto
1533,16730045,渡邊征央,"2026-09-30 16:37:57",1705.6,2,undertaker3409
1534,16888254,CaliforniaDog,"2026-09-29 23:19:24",1705.5,2,californiadog
1535,16633190,Gigrise,"2026-09-25 05:41:17",1705.3,2,gigrais
1536,16730706,flaty,"2026-09-30 10:12:58",1705.3,2,flat831
1537,16671133,Kazeneko,"2026-09-30 12:38:27",1705.3,2,kazeneko77
1538,16878026,yamazaking,"2026-09-28 23:42:03",1704.9,2,zacky21
1539,16802322,HongchenDai,"2026-09-30 08:12:39",1704.5,2,hongchendai
1540,16697229,"Masashi Nishimoto","2026-09-30 17:21:21",1704.3,2,masashinishimoto
1541,16858087,"Mohd Aasim Ansari","2026-09-30 10:23:23",1703.7,2,aasim2003
1542,16631090,yoikoarmor,"2026-09-30 16:27:17",1703.4,2,yoikoarmor
1543,16896273,Elooquence,"2026-09-28 09:44:17",1703.4,2,"elooquence,opulencee,piicturesque"
1544,16670229,Munshi-PremChand,"2026-09-30 13:51:34",1703.0,2,munshipremchand
1545,16682283,"RL is all you need","2026-09-30 17:16:14",1702.8,2,"bpmf577,junzhejiao,jwj1342,liaodid,mrschang"
1546,16764089,UtaAzu,"2026-09-30 15:11:23",1702.7,2,utaazu
1547,16891703,"Rasmus Hulthe","2026-09-30 17:25:39",1702.6,2,zazmuz
1548,16795070,"HKUST Random","2026-09-28 15:11:10",1702.4,2,siulungfan
1549,16862096,"Saksham Gupta","2026-09-30 17:29:45",1701.8,2,mashug
1550,16707547,Lin,"2026-09-29 13:17:21",1701.7,2,linjianrong
1551,16732666,"Stefano Blando","2026-09-29 13:29:20",1701.0,2,stefanoblando
1552,16630519,"Mehmet Özer","2026-09-30 17:16:36",1700.9,2,ozermehmet
1553,16724806,rin2401,"2026-09-29 01:42:12",1700.8,2,rin2401
1554,16655912,sssskilo,"2026-09-29 20:50:38",1700.7,2,wellkilo
1555,16654379,"Sebastian Mateus","2026-09-30 13:01:34",1700.6,2,"brenorb,sebastianmateus"
1556,16793080,"Lonan Syayf","2026-09-29 19:03:04",1700.3,2,lonansyayf
1557,16663457,Furqan102102,"2026-09-29 18:55:19",1700.2,2,furqan102102
1558,16796840,ezalbxx,"2026-09-29 20:17:55",1700.2,2,ezalbxx
1559,16927351,"Bryan Yahir Hernandez","2026-09-27 19:28:33",1700.1,2,bryanhernandez
1560,16778012,俺是耕田哩,"2026-09-30 16:00:47",1700.1,2,tianzhenggao
1561,16623938,flashthunder,"2026-09-29 08:55:57",1700.0,2,thunderflash
1562,16798724,"junfan shen","2026-09-28 12:41:51",1700.0,2,junfanshen
1563,16668262,spbforce,"2026-09-27 20:01:54",1699.7,2,spbforce
1564,16887476,"Memory Engineer","2026-09-29 05:36:36",1699.5,2,salazarslytherin
1565,16644690,Dubnium,"2026-09-30 17:05:04",1699.3,2,ahmetyasin1
1566,16846968,kfous,"2026-09-30 05:34:12",1699.2,2,kfousekis
1567,16919088,M.Y.C.E.L.I.S,"2026-09-30 16:42:16",1699.0,2,johnmoncel
1568,16654662,"2/3 rounded to two decimals","2026-09-30 12:26:54",1698.9,2,rnold2
1569,16709339,"Mohammad Javad Dianat","2026-09-29 08:51:42",1698.5,2,dianatofficial
1570,16654669,"Jordi Corbilla","2026-09-30 11:38:00",1698.4,2,jordicorbilla
1571,16625060,"Subin An","2026-09-30 05:37:51",1698.2,2,subinium
1572,16671659,Jiang,"2026-09-25 10:48:42",1698.1,2,jncq2006
1573,16723272,"Rimsha Kanwal","2026-09-27 19:29:56",1697.9,2,rimsha234
1574,16863538,e-toppo,"2026-09-29 01:48:36",1697.2,2,masatomatsui
1575,16626732,islet,"2026-09-29 15:56:12",1697.2,2,kojimar
1576,16717794,souldrive,"2026-09-30 02:38:49",1697.2,2,souldrive
1577,16881681,失忆的海_,"2026-09-30 04:20:33",1696.9,2,shiyidehai
1578,16658830,"Farhat Pachisa","2026-09-30 04:21:03",1696.8,2,farhatpachisa
1579,16734435,Economist,"2026-09-29 20:48:58",1696.5,2,jtheyogi
1580,16641982,ZotAZaw3,"2026-09-30 03:47:36",1696.4,2,zotazaw3
1581,16756492,satokato,"2026-09-27 09:08:44",1696.2,2,satokato
1582,16783459,LKQ669,"2026-09-30 14:59:31",1696.0,2,lkq669
1583,16765807,"Win Suthar","2026-09-30 14:54:52",1695.7,2,ashwanidhukra
1584,16717289,JackChenghao,"2026-09-30 02:36:51",1695.7,2,jackchenghao
1585,16705659,"srijan k.r keshri","2026-09-30 15:33:22",1695.6,2,srijankrkeshri
1586,16806053,hisatarosu,"2026-09-30 11:10:51",1695.3,2,tomako4390
1587,16635818,F.A.Nina,"2026-09-29 23:35:38",1695.3,2,nina2025
1588,16768104,"Ivan Aleksandrov","2026-09-30 15:29:40",1694.9,2,ivanblch
1589,16845531,"Suzuki Yuto - W","2026-09-30 08:58:47",1694.8,2,hoshinoyumemi
1590,16692038,CodeHacker,"2026-09-30 14:22:54",1694.6,2,junhanzangai
1591,16628456,kiro,"2026-09-29 06:30:32",1694.5,2,kirosamurai
1592,16639289,"ne Artem Savchenko","2026-09-30 16:26:19",1694.5,2,neartemsavchenko
1593,16930934,LosiSt,"2026-09-29 14:00:55",1694.3,2,losist
1594,16903912,樱花冷月,"2026-09-30 09:38:48",1694.1,2,yinghualengyue
1595,16736542,YuRuiZe,"2026-09-30 16:29:30",1693.9,2,ruoyuruize
1596,16677217,Panos,"2026-09-29 21:49:43",1693.8,2,panosc
1597,16776505,"Duck Typing","2026-09-29 20:31:07",1693.8,2,ahmadamindw
1598,16656143,"Debanshu Mallick","2026-09-27 07:55:25",1693.8,2,debanshumallickiisc
1599,16655631,"Djamila Benchikh","2026-09-28 20:37:08",1693.7,2,djamilabenchikh
1600,16659972,"Pelamovic ","2026-09-30 12:17:17",1693.5,2,pelamovic
1601,16746191,たがやす,"2026-09-30 15:22:48",1693.4,2,drktti
1602,16761744,"Daiki Takahashi","2026-09-29 12:19:44",1693.4,2,daikitakahashi
1603,16662051,"Salem Ali","2026-09-30 07:54:54",1693.1,2,salemali7
1604,16652214,Zhenrui.Weng,"2026-09-30 02:21:52",1693.0,2,zhenruiweng
1605,16845713,"qweq asd","2026-09-30 05:50:28",1692.9,2,qweqasd
1606,16845570,CHCV,"2026-09-30 06:59:33",1692.6,2,chcvpz
1607,16627148,"HUNGRED XYIS","2026-09-29 07:37:00",1692.6,2,"gleny48,makarrogovik,wooler1"
1608,16850198,"Daiki Yasui","2026-09-28 14:32:25",1692.3,2,daikiyasui
1609,16685358,"Nuno Ferreira","2026-09-30 07:14:10",1692.2,2,ngcferreira
1610,16716317,yzyhello,"2026-09-30 08:47:12",1691.3,2,"dalll77,yzyhello"
1611,16655379,Ikeda0516,"2026-09-28 03:39:05",1691.2,2,ikeda0516
1612,16653093,"willam wu","2026-09-29 16:04:05",1691.1,2,biaaib
1613,16665294,"Thái Văn Tài","2026-09-29 09:09:00",1691.0,2,thivnti
1614,16811072,Rafael,"2026-09-29 20:59:32",1690.9,2,rafaeldsjhkas
1615,16735539,"Joe Muller","2026-09-27 05:04:25",1690.7,2,joemuller
1616,16740815,Remielle,"2026-09-30 16:33:41",1690.2,2,remielle
1617,16932413,"Evgeny Bratkovsky","2026-09-30 16:54:01",1690.1,2,bratkovskyevgeny
1618,16794598,"Andrew Yu","2026-09-30 02:57:34",1690.0,2,andnyu
1619,16940953,"Bob Liu","2026-09-29 12:43:34",1689.9,2,bobliu02041302
1620,16639565,yasu,"2026-09-30 01:10:55",1689.6,2,yasutakababa
1621,16918941,"E-Max AI","2026-09-30 15:22:39",1689.6,2,royalacecat
1622,16689844,IchikaHoshino,"2026-09-26 12:20:19",1689.5,2,htunkhi
1623,16801171,"Asterios Terzis","2026-09-30 17:08:58",1689.2,2,asteriosterzis
1624,16643693,"Kerem çelik","2026-09-30 17:33:38",1688.6,2,keremelik
1625,16731940,xxxxyt,"2026-09-30 08:55:33",1688.6,2,"shengqinxi,xmxgxcs,xxxxyt"
1626,16729130,KoshinM,"2026-09-30 04:14:04",1687.7,2,koshinm
1627,16653068,"Shuichi Fushimi","2026-09-30 16:35:58",1687.4,2,shuichifushimi
1628,16893046,ClaudiCulture,"2026-09-30 01:49:22",1687.2,2,ortimusprime
1629,16840212,anngle,"2026-09-30 14:12:07",1686.9,2,anngle
1630,16842828,"Smiley Flour","2026-09-27 12:44:57",1686.6,2,"ddlinh212,nguyenvlm"
1631,16881857,Pheonix,"2026-09-27 12:07:16",1686.5,2,vikasg1711
1632,16658382,vladee,"2026-09-29 11:34:02",1686.2,2,vladee
1633,16890976,zyh222,"2026-09-30 07:42:28",1686.1,2,"eason0407,hrj314,tanghuan2005,zyh222"
1634,16783021,"TAN TIANYE","2026-09-30 08:18:56",1686.1,2,tantianye
1635,16852766,MCZK,"2026-09-30 17:30:31",1685.8,2,hitoshimochizuki
1636,16685649,YUYUTA,"2026-09-29 17:03:40",1685.7,2,yuyuta
1637,16755229,theearthcheng,"2026-09-30 14:56:22",1685.6,2,theearthcheng
1638,16623603,"Renji Starfall","2026-09-30 16:04:42",1685.6,2,renjistarfall
1639,16867120,"DaoHe Liu","2026-09-30 16:25:01",1685.1,2,daoheliu
1640,16793344,zyichi,"2026-09-30 01:35:32",1685.1,2,zyichi
1641,16660313,Ctrl+Code,"2026-09-30 05:13:53",1685.0,2,"jayashankar369085,parnikasm"
1642,16921800,tmcoder,"2026-09-29 14:21:08",1685.0,2,tm0428
1643,16793461,"Muhammad Hokimiyon","2026-09-30 13:48:47",1684.8,2,muhammadhokimiyon
1644,16663175,Anaconda,"2026-09-29 15:52:22",1684.7,2,anaconda
1645,16851133,"Bryan Pauze","2026-09-30 00:50:54",1684.5,2,bryanpauze
1646,16916611,Infinity,"2026-09-27 15:37:44",1684.1,2,"maaz101,syedtahahassan"
1647,16663999,"Colton Martin","2026-09-29 19:32:14",1683.9,2,coltonmartinnn
1648,16919647,moo_&yuu1,"2026-09-30 12:43:52",1683.7,2,"a91zjy,mooyuu"
1649,16779067,fishwg,"2026-09-30 13:49:33",1683.7,2,fishwg
1650,16930459,Ela,"2026-09-30 09:11:10",1683.7,2,pentol
1651,16907246,VROPEXT,"2026-09-28 15:05:06",1683.5,2,vropext
1652,16881913,"Dhanush Reddy B H","2026-09-29 16:03:41",1683.4,1,dhanushreddybh
1653,16934864,"Li Li","2026-09-30 13:56:34",1683.3,2,aikinogard
1654,16630015,星之海,"2026-09-30 05:51:09",1682.8,2,web3cainiao
1655,16743852,"Alexander & Erik","2026-09-30 12:41:00",1682.2,2,"alexandermlad,erikpymay"
1656,16738487,"Andrey Shpigar","2026-09-30 10:18:59",1682.1,2,andreyshpigar
1657,16823938,InSociEUP,"2026-09-30 05:55:35",1682.1,2,santanubanerjee9
1658,16905517,Marti,"2026-09-30 03:14:21",1681.8,2,marticn
1659,16930569,MarqueeMoon19770208,"2026-09-30 15:26:05",1681.4,2,marqueemoon19770208
1660,16621709,smlcr,"2026-09-30 11:25:49",1681.1,2,simulacri
1661,16634238,SoWwe,"2026-09-30 17:23:20",1681.0,2,sowwe4
1662,16766498,HNUST,"2026-09-30 16:01:31",1681.0,2,"aloemoon,castianhans"
1663,16948694,"Bob Jeff","2026-09-27 04:55:57",1680.6,2,bobrg123
1664,16871584,xder,"2026-09-30 08:20:25",1680.0,2,xderyeke393
1665,16675684,washamba_bots,"2026-09-29 21:49:59",1679.9,2,"billygmwangi,futurecentaur,peterkibetspidey,stephanenjoki"
1666,16640873,"Takumu Hata","2026-09-30 10:09:29",1679.4,2,takumuhata
1667,16773098,Apa,"2026-09-30 09:46:02",1679.2,2,yasso1
1668,16848952,tubotu,"2026-09-30 16:59:07",1679.2,2,tubotu
1669,16692956,VanKoha,"2026-09-30 08:28:26",1679.1,2,kohasama
1670,16786595,"dbvz sbsbs","2026-09-30 07:39:03",1679.1,2,dbvzsbsbs
1671,16656432,"CornHub Premium","2026-09-30 15:34:33",1679.1,2,nihilisticneuralnet
1672,16696762,SOSyuki,"2026-09-30 17:12:46",1678.7,2,sosyuki
1673,16709101,"Djaafar Lecheheb DL","2026-09-29 17:13:06",1678.1,2,djaafarlechehebdl
1674,16630984,TakamaruEX,"2026-09-30 09:57:19",1678.1,2,takamaruex
1675,16640600,"Giord Frank","2026-09-30 02:47:03",1677.9,2,"fggggg12345,tangerinedog"
1676,16711918,"Pavel Filin","2026-09-28 17:37:31",1677.9,2,pavelfilin
1677,16691572,"Lord Momo","2026-09-30 07:39:50",1677.7,2,stevenleehans
1678,16743136,unhappy,"2026-09-30 00:47:26",1677.4,2,chenyahui123
1679,16778627,LXZ538,"2026-09-30 15:45:25",1677.1,2,lxz538
1680,16658365,OnlyFarms,"2026-09-30 17:29:32",1676.9,2,hoowoo
1681,16850683,cooked,"2026-09-30 13:28:19",1676.8,2,"jentopia,toasty3302,xenonminer"
1682,16857607,inny,"2026-09-30 15:11:48",1676.3,2,innycc
1683,16665077,"Mohit Babel","2026-09-30 07:58:27",1676.0,2,mohitbabel
1684,16658343,aisamhottman,"2026-09-30 14:37:17",1675.7,2,heuingttiang
1685,16771394,"ZHIRUI ZHAO","2026-09-30 14:58:22",1674.7,2,"harr23,zhiruizhao"
1686,16664760,SN,"2026-09-25 22:07:29",1674.5,2,spirosnianiaras
1687,16930387,Stevenzhao26,"2026-09-30 05:31:45",1674.4,2,stevenzhao26
1688,16791924,magu1234,"2026-09-29 05:38:12",1673.3,2,magu1234
1689,16807411,tamura_aicon,"2026-09-23 00:03:54",1672.8,2,hayatetaf
1690,16759250,"Harsh Jain","2026-09-30 13:56:51",1672.5,2,harshjain123
1691,16641230,"An V1","2026-09-28 15:19:03",1672.4,2,barakuga
1692,16885735,keith,"2026-09-28 22:26:52",1672.4,2,kamatt
1693,16841335,abondrn,"2026-09-29 00:38:13",1672.2,2,abondrn
1694,16659730,"Zhang Yingluo","2026-09-30 14:54:18",1672.2,2,zhangyingluo
1695,16727893,mmwstudy,"2026-09-26 07:43:03",1671.8,2,mmwstudy
1696,16731971,s_a_ai_engineer,"2026-09-30 15:01:45",1671.5,2,saaienginner
1697,16853894,"Ilya Usmanov","2026-09-30 09:53:24",1671.0,2,"ilyausmanov,kolesnikovia,makskhan"
1698,16696997,coolin666,"2026-09-27 15:35:00",1670.9,2,coolin666
1699,16732690,なーでぃー牧場,"2026-09-30 08:32:30",1670.9,2,nadyresearcher
1700,16732051,Jeryos,"2026-09-30 14:13:09",1670.7,2,joulskaf
1701,16635340,"zhuo wamg","2026-09-30 17:15:03",1669.9,2,zhuowamg
1702,16880960,Kiriesh,"2026-09-30 06:17:48",1669.7,2,kiriesh
1703,16709712,iwa_hueai,"2026-09-28 02:01:16",1668.9,2,"sdcarson,yetanothercoder"
1704,16806014,"weihao huang2004","2026-09-30 04:17:55",1668.5,2,weihaohuang2004
1705,16925116,corelattice,"2026-09-30 16:02:08",1668.5,2,"corelattice,darklumen,metashift2,tyrelon"
1706,16809323,"Naoki Yamada","2026-09-30 12:47:10",1668.4,2,naokiyamada1106
1707,16697266,"Top 1 🏆","2026-09-27 05:22:26",1668.2,2,"fahankaudeer,solirus,syntaxprnv,udhaykumarsujeebun"
1708,16700068,"My Little Pony","2026-09-30 15:26:31",1667.8,2,"buxiangzaoqi66,juliezhang131,yaoyilv"
1709,16704818,probably6767,"2026-09-30 13:00:56",1667.7,2,probably6767
1710,16657576,"SUBHASH B","2026-09-30 16:39:18",1667.3,2,"rishikrish1,subhashb21022"
1711,16668737,"Abish Pius","2026-09-30 01:06:37",1667.1,2,abishpius
1712,16859316,LP,"2026-09-27 16:54:45",1666.9,2,lihu6666
1713,16743218,RYUSHI,"2026-09-30 00:57:31",1666.6,2,ryushisa
1714,16638781,itsuki-data,"2026-09-30 09:04:10",1666.6,2,itsuki89
1715,16880296,"CT in CS","2026-09-30 08:27:24",1666.5,2,"anhphamtranminh,nguyenvietdat,nnvietha,toanleducanh"
1716,16879636,aaaaLiu123,"2026-09-30 15:53:59",1666.4,2,aaaaliu123
1717,16935893,lixusb,"2026-09-30 08:44:36",1666.3,2,lixusb
1718,16660046,"Ikki Katsuyama","2026-09-30 04:52:54",1666.0,2,kacchanwriting
1719,16641524,AkiraIshikawa,"2026-09-30 14:19:54",1665.8,2,akiraishikawa
1720,16631640,7day-enough,"2026-09-30 16:05:44",1665.7,2,"caoyupeng,diandianzi,lingyu07,lixin73,xiaoxiaohuazong"
1721,16662628,AbhiniveshSharma5354,"2026-09-30 13:31:28",1665.3,2,abhiniveshsharma5354
1722,16755049,gamesu7107,"2026-09-29 04:02:49",1664.3,2,gamesu7107
1723,16723967,dk2lone,"2026-09-29 06:03:55",1664.1,2,dk2lone
1724,16764605,"Bandito Gangesterito","2026-09-30 12:11:57",1664.1,2,"mrtrueteller,restovrator"
1725,16632735,"No Free Lunch, Only Melons","2026-09-29 20:02:49",1663.5,2,kawaharataishi
1726,16655098,"Brotron Carbide","2026-09-30 16:28:16",1663.5,2,brotroncarbide
1727,16654076,"Son Pham","2026-09-29 02:50:04",1663.0,2,sonphamorg
1728,16874388,"Shuqi Zhang","2026-09-30 14:52:38",1662.5,2,"giadungho,sasalisa"
1729,16671017,"Pablo César Ruíz","2026-09-30 06:57:19",1662.4,2,pcruiher08
1730,16926111,"Somya Patra","2026-09-30 11:39:55",1662.2,2,somyapatra
1731,16741516,"Anh Tu","2026-09-30 13:09:42",1662.1,2,natcs98
1732,16653939,"Amr Yasser","2026-09-30 12:18:33",1661.8,2,amryasswe
1733,16774475,LoveB4Sunrise,"2026-09-30 10:33:06",1661.7,2,demacia1314
1734,16948826,"Viswesh Suri","2026-09-27 18:23:19",1661.7,2,visweshsuri
1735,16789903,"Netanel Keidar","2026-09-26 00:09:01",1661.3,2,netanelkeidar
1736,16727110,yemaoye,"2026-09-30 10:34:07",1661.1,2,"luckyappley,yemaoye"
1737,16688979,"Dhayaney Vijayan","2026-09-30 12:50:35",1660.8,2,dhayaneyvijayan
1738,16889296,"Takauchi Suguru","2026-09-30 12:07:08",1660.6,2,gurusut
1739,16793287,"Kim Jinseo","2026-09-30 13:33:16",1660.3,2,kimjinseo1
1740,16731186,Naru041104,"2026-09-30 15:33:42",1660.2,2,naru041104
1741,16932335,"Dom Bavuso","2026-09-30 03:37:22",1660.1,2,dombavuso
1742,16731270,"Arthurs Torres24","2026-09-29 17:34:57",1660.0,2,arthurstorres24
1743,16806346,"Mike chen666","2026-09-29 14:19:24",1659.3,2,"mikechen666,tiffanyjade"
1744,16652659,Eos,"2026-09-29 16:11:17",1659.1,2,vvickeyy
1745,16663259,erush,"2026-09-30 04:24:56",1658.6,2,erushia
1746,16863344,masat,"2026-09-30 14:43:47",1658.5,2,masatttt
1747,16623643,LiXingtao,"2026-09-30 09:18:43",1658.3,2,lixingtao123
1748,16779171,Xunden,"2026-09-30 14:08:43",1658.1,2,xunden
1749,16688907,青烟,"2026-09-30 14:15:13",1657.7,2,"imagine4391,mortal4416"
1750,16727182,FinalSunFlower,"2026-09-30 14:37:19",1657.7,2,"finalsunflower,wubingheng"
1751,16879185,"xuhang ren","2026-09-30 08:03:40",1656.5,2,xuhangren
1752,16661754,edwinis,"2026-09-28 20:48:07",1655.8,2,edwinis
1753,16699947,HKmgikao,"2026-09-30 10:55:47",1655.5,2,hitoshikmgai
1754,16778417,"TANG BUDU 19SD195","2026-09-29 17:02:11",1655.2,2,tangbudu19sd195
1755,16841434,soraemon,"2026-09-30 15:11:43",1655.2,2,soraemon
1756,16890503,KevinYongxin,"2026-09-28 02:05:34",1655.1,2,yongxinkwan
1757,16769116,qiuqiu,"2026-09-30 08:22:57",1654.9,2,qiuqiuh
1758,16730142,static,"2026-09-30 09:51:14",1654.8,2,huangshunhao
1759,16715933,Scomics,"2026-09-30 09:00:16",1654.7,2,"bruceche7797,dongyiqun,jyxxxx"
1760,16736079,Maxy5illion,"2026-09-29 06:18:21",1654.6,2,maxy5illion
1761,16791977,JeremyLIU858,"2026-09-30 04:20:31",1653.7,2,jeremyliu1997
1762,16658618,"philip georgiev","2026-09-30 14:58:34",1653.3,2,philipgeorgiev
1763,16661039,Abracadabra,"2026-09-30 15:38:20",1652.4,2,giovannicr
1764,16847275,"Giovanni Marco Dall'Olio","2026-09-30 09:07:58",1651.7,2,dalloliogm
1765,16707383,"codex is all you need","2026-09-29 05:18:56",1651.5,2,chizhu2018
1766,16693342,takemo,"2026-09-30 13:15:56",1651.0,2,takemoriyuto
1767,16671424,cicen1139,"2026-09-30 05:38:05",1650.9,2,cicen1139
1768,16667080,King-damon,"2026-09-30 16:42:39",1650.7,2,kingdamon
1769,16730688,zy,"2026-09-26 17:59:04",1650.6,2,justforwin
1770,16728262,wakawakayu,"2026-09-30 09:33:32",1650.6,2,wakawakayu
1771,16734715,史永刚,"2026-09-30 07:47:23",1650.4,2,shizehao
1772,16631592,ktr,"2026-09-26 15:20:21",1650.1,2,kcotton21
1773,16712863,ominteam,"2026-09-30 16:27:16",1650.0,2,"luantony,suruikk"
1774,16727784,Baen,"2026-09-29 07:21:34",1650.0,2,cairh22
1775,16732530,可抽奖的冰棒,"2026-09-30 12:59:24",1649.7,2,daniel1547
1776,16734914,bharat,"2026-09-30 13:12:35",1649.4,2,bharatmohan
1777,16896572,latentm,"2026-09-26 12:30:30",1649.0,2,"latentm,quannt9,xanvior,xeloria"
1778,16809211,"Aleix López","2026-09-30 00:31:09",1648.9,2,aleixlopez
1779,16910137,imissher,"2026-09-28 22:51:45",1648.9,2,tule12345
1780,16763767,"Carson Zhang","2026-09-28 08:58:52",1648.7,2,zmcddn
1781,16806475,sohma,"2026-09-30 07:48:14",1648.5,2,hi210278
1782,16773026,アルモンド,"2026-09-30 03:52:50",1647.9,2,almondman0707
1783,16847543,"Sankalp Wanjari","2026-09-30 16:48:31",1647.5,2,sankalpwanjari25
1784,16661570,"sissoko cheick","2026-09-30 09:08:41",1647.3,2,sissokocheick
1785,16754567,"Ashraf 1232","2026-09-30 07:44:46",1647.2,2,ashraf1232
1786,16778656,Aacceeo,"2026-09-30 13:31:15",1647.2,2,aacceeo
1787,16867671,Abhinav0370,"2026-09-26 16:03:44",1647.2,2,abhinav0370
1788,16851147,Saifuddin,"2026-09-30 13:04:21",1647.1,2,syehsyoh
1789,16741527,meiyoun,"2026-09-30 14:36:39",1647.0,2,"guetsg,meiyoun,miraclehat"
1790,16660485,tablecables,"2026-09-30 01:14:48",1646.8,2,colingaffney1
1791,16945162,"Farm Hullabaloo","2026-09-27 15:06:50",1646.7,2,nids21s
1792,16667219,"Komil Parmar","2026-09-30 14:47:35",1646.5,2,komilparmar
1793,16663252,"MD Concepcion","2026-09-29 23:34:46",1646.2,2,mikedconcepcion
1794,16762101,"Kazama Yusuke","2026-09-30 07:50:30",1646.0,2,kazamayusuke
1795,16709463,MKhlystun,"2026-09-29 22:11:26",1645.8,2,mkhlystun
1796,16824664,wozijishuode,"2026-09-30 14:49:18",1645.5,2,jamsubmarines
1797,16822002,shiokoh,"2026-09-30 14:31:39",1645.3,2,shiokoh
1798,16732670,minoneru,"2026-09-30 04:51:24",1645.2,2,kotaminoshima
1799,16668168,"Desh ke Mitron","2026-09-28 14:41:54",1644.8,2,"asce09,attiraina,hashlord"
1800,16883907,lll,"2026-09-30 16:02:39",1644.6,2,lghlgh001
1801,16725403,tabetai28,"2026-09-30 15:21:34",1644.5,2,taichiabewaseda
1802,16792410,"Taewoong Kim","2026-09-30 00:27:50",1644.3,2,aleaiest
1803,16632097,PavelLiashkov,"2026-09-30 00:04:19",1643.9,2,bigbag1983
1804,16797045,"Carl Pang","2026-09-24 20:38:19",1643.1,2,carlpang
1805,16660220,tomo11111,"2026-09-30 14:55:25",1643.0,2,tomo11111
1806,16772460,"Дмитрий Онин","2026-09-27 02:00:16",1642.7,2,rejo1ce
1807,16694149,maxout,"2026-09-30 16:06:52",1642.4,2,"aadijoshi19,kavyabhand"
1808,16710140,Lynxx,"2026-09-30 17:21:38",1642.4,2,lynnsakurai
1809,16903793,"Zhongkai Shangguan","2026-09-30 11:16:34",1642.3,2,leonshangguan
1810,16625908,trantrikien239,"2026-09-30 16:19:51",1642.0,2,trantrikien239
1811,16663229,kakuteki,"2026-09-29 08:25:24",1641.9,2,kakuteki
1812,16936121,herens,"2026-09-29 04:14:44",1641.2,2,herens
1813,16744979,"Ahmed Alhassan","2026-09-13 21:51:58",1641.0,2,ahmed55
1814,16709967,Matsu,"2026-09-30 13:25:48",1640.5,2,matsuzawahayato
1815,16864016,"Setu Chokshi","2026-09-24 15:06:01",1640.4,2,setuch
1816,16897821,bjthomas,"2026-09-30 13:33:02",1640.3,2,bjthomas
1817,16649314,"Yuka,Ota","2026-09-30 12:15:05",1639.3,2,yukaika
1818,16865470,J.Moriuchi,"2026-09-29 15:14:12",1639.2,2,hesoponyo
1819,16658221,"Roshan Roy","2026-09-30 16:40:27",1638.9,2,"adhilvt,mohamedarifj,roshanroy333"
1820,16641169,boatlee,"2026-09-26 14:06:19",1638.9,2,boatlee
1821,16863329,"Alvaro Mendizabal","2026-09-29 00:20:32",1638.7,2,alvaromendizabal
1822,16622242,"Robert Koval","2026-09-30 12:26:41",1637.8,2,robertkoval
1823,16884028,"Jayden Y","2026-09-30 14:22:25",1637.4,2,jy0810
1824,16663783,WBF_USA_NYC,"2026-09-26 22:55:05",1636.8,2,wbfranci
1825,16675863,"Habib ullah","2026-09-30 13:55:12",1636.1,2,habibullah123456789
1826,16668688,"Nezihe Sözen","2026-09-30 10:32:16",1636.0,2,nezihesozen
1827,16755654,oQo,"2026-09-30 12:06:48",1635.9,2,oqoxodk6
1828,16681369,GanadorPlusUltra,"2026-09-29 16:18:56",1633.9,2,ganadorplusultra
1829,16668071,"Ali Eren Oğuztaş","2026-09-29 10:48:46",1633.8,2,alierenouzta
1830,16922956,2025爱丁堡大学网球联赛双打冠军国王理查德,"2026-09-29 08:03:53",1633.5,2,lucaluo925
1831,16827290,"Dhruvik Chauhan","2026-09-24 15:01:22",1633.3,2,dangptdawg
1832,16694710,ponsuk,"2026-09-30 13:11:21",1633.0,2,ponsuk
1833,16634432,KARGI,"2026-09-30 17:30:17",1632.8,2,learningkin
1834,16809820,"Pramit Das","2026-09-30 08:18:06",1632.8,2,pramitdas
1835,16728084,iwance,"2026-09-30 12:07:28",1632.5,2,iwance
1836,16948146,tsuka3a_soc,"2026-09-29 04:49:13",1632.4,2,tsuka3asoc
1837,16749205,"Wish Coding Guy","2026-09-30 16:32:03",1631.8,2,tommycyd
1838,16880393,flower_s,"2026-09-30 03:10:49",1631.7,2,flower244140625
1839,16836787,KSKBL,"2026-09-29 15:35:11",1630.7,2,"length1001,trafalgar1234"
1840,16662949,"Will English","2026-09-29 15:45:33",1630.6,2,dubascudes
1841,16884121,Radiant,"2026-09-30 17:01:32",1630.5,2,"dnpkkk,xxxxxx6x,y4matt"
1842,16841108,"Sean Peppers","2026-09-30 02:49:50",1630.4,2,gagepeppers
1843,16937798,"Semih Temiz","2026-09-30 16:45:13",1630.3,2,semhtemiz
1844,16778744,"Shunsuke Hayashi","2026-09-29 04:50:22",1629.4,2,shunsukehayashi1993
1845,16624893,"GURU Prasaatha S","2026-09-30 15:18:17",1629.2,2,guruprasaathas111
1846,16919139,SynthReaper,"2026-09-30 17:03:27",1629.1,2,synthreaper
1847,16748412,"Nimish Shinde","2026-09-26 16:47:59",1628.9,2,nimishshinde
1848,16684402,vn1111,"2026-09-30 16:43:10",1628.8,2,vn1111
1849,16658909,"evolve faster!","2026-09-30 12:35:20",1628.3,2,junesdata
1850,16697767,"Teddy Tennant","2026-09-30 00:50:24",1628.0,2,thtennant
1851,16655505,Debmalya,"2026-09-30 01:12:42",1627.4,2,debmalya84
1852,16693549,別班,"2026-09-30 16:37:48",1627.3,2,"kusurizuke,pepushi,tomokiaki"
1853,16765601,"Dinesh Makireddy 7389","2026-09-28 06:44:01",1626.3,2,dineshmakireddy7389
1854,16945973,e3k,"2026-09-30 16:39:04",1626.1,2,ekleezhya
1855,16857766,OmerZalman,"2026-09-25 23:43:27",1624.5,2,omerzalman
1856,16939445,Dylan,"2026-09-30 01:46:44",1623.7,2,dylan2778
1857,16693092,"Sell wheat everyday💨","2026-09-30 15:53:01",1623.4,2,"dzisandy,e0xextazy,liderpartiii"
1858,16764394,haseryooooo,"2026-09-30 09:37:37",1623.3,2,haseryooooo
1859,16674949,"Lev Neganov","2026-09-27 00:07:06",1622.9,2,levoel
1860,16670883,G*Sim,"2026-09-29 21:13:38",1622.8,2,guillaumesimiand
1861,16667964,Shuiys,"2026-09-30 14:42:28",1622.6,2,ysshui
1862,16632715,cmasch,"2026-09-30 08:09:38",1622.3,2,cmasch
1863,16821420,Sight,"2026-09-30 16:20:19",1621.9,2,"cai12341234,crimsurfer,jingwenxu85,sakurasss,yuankunzou3"
1864,16936876,ZeroGrain,"2026-09-30 14:15:11",1621.9,2,"fengwenxu,liuhongyi2026,liyayay,ruihuang999"
1865,16661708,"Stanley Honkpehedji","2026-09-29 20:14:25",1621.8,2,stanleyhonkpehedji
1866,16783721,lc今天刷了吗,"2026-09-23 03:24:33",1621.5,2,"alkaidchen,limufeng"
1867,16660678,"Chaitanya Sonaje","2026-09-30 12:14:49",1621.0,2,chaitanya205
1868,16623366,"Alexander Dudin","2026-09-30 12:35:45",1620.3,2,cyberecho
1869,16664266,"Ian Chung","2026-09-30 02:02:33",1619.9,2,iannnnn012345
1870,16664360,"Rohan L","2026-09-24 13:38:10",1619.6,2,rohanlopes
1871,16686918,JustinLee,"2026-09-30 14:21:46",1618.9,2,justin2061
1872,16713743,oliver,"2026-09-30 17:11:36",1618.3,2,ollibolli
1873,16733111,qihuaz,"2026-09-30 04:10:14",1617.4,2,qihuaz
1874,16779977,sue124,"2026-09-30 16:12:57",1617.4,2,ryotasueyoshi
1875,16623371,MoZayed,"2026-09-30 09:12:12",1617.2,2,mohamedzayedahmed
1876,16650181,victorvv,"2026-09-29 13:57:14",1617.1,2,whs66666666666
1877,16784416,tatt:)ch,"2026-09-30 15:18:52",1616.8,2,"awewrasdffetfe,jay051012,tattch,yjy10086"
1878,16714401,"Ivo Georgiev","2026-09-30 16:18:14",1616.5,2,ivogeorg
1879,16623805,"Howon Kang","2026-09-30 15:43:12",1616.4,2,howonkang
1880,16712714,MiMi,"2026-09-23 03:19:07",1616.4,2,"frank0921,rickytsou"
1881,16854869,Ibar-Aki,"2026-09-28 10:37:05",1615.5,2,akicolor
1882,16805949,Bigplanedoesnotflyfast,"2026-09-30 03:07:56",1615.3,2,ronav48902753425
1883,16790585,wzyxp_123,"2026-09-29 14:53:09",1614.9,2,cloudssdut
1884,16733766,Paarthpowa,"2026-09-25 11:47:49",1614.5,2,paarthpowa
1885,16895472,codeWS,"2026-09-30 05:19:39",1614.4,2,codews
1886,16742362,"AMANI DD","2026-09-28 17:32:09",1614.4,2,dkonan
1887,16660413,Ritesh-2006,"2026-09-28 07:26:27",1614.1,2,ritesh2006
1888,16691038,"animal crossing","2026-09-30 16:58:23",1614.1,2,hoonchoonc
1889,16920251,otouhu,"2026-09-30 15:59:56",1614.0,2,"minera,toroochi"
1890,16889791,JinboWang,"2026-09-24 06:26:31",1613.7,2,jinbowang1
1891,16660209,"Whyme Labs","2026-09-26 02:31:05",1613.6,2,whymelabs
1892,16845907,yt0914,"2026-09-24 04:25:15",1613.2,2,yt0914
1893,16858984,Katherine_2002,"2026-09-30 14:58:55",1612.9,2,katherine2002
1894,16926032,robikscube,"2026-09-27 09:14:04",1612.8,2,ujjwalnewd
1895,16896203,Qx_qingxi,"2026-09-30 16:37:34",1612.8,2,yongqiangtian
1896,16872275,"Maciek Kiryla","2026-09-24 06:07:38",1611.8,2,doktorkelp
1897,16672325,Ispagiytiy,"2026-09-30 07:21:54",1611.7,2,ispagiytiy
1898,16730015,suzu10,"2026-09-30 12:04:04",1611.3,2,suzu10
1899,16883168,jojo,"2026-09-26 23:54:13",1611.2,2,jojojablon
1900,16729859,wintermute,"2026-09-30 17:18:34",1610.6,2,siraev
1901,16870780,"John Gates","2026-09-30 15:53:11",1610.5,2,johngates
1902,16891396,易思言ysy,"2026-09-29 05:17:07",1610.4,2,ysykevin
1903,16758895,daphne,"2026-09-27 03:35:49",1609.9,2,daphne4sg
1904,16939076,"Solo runner","2026-09-26 23:10:19",1609.6,2,camronsanders
1905,16669204,Scout,"2026-09-29 22:14:10",1609.5,2,"aeryst,divyanshxanshu,mridulahluwalia06,shlokgoyal1234,smaggr"
1906,16731839,mamematcha,"2026-09-27 00:50:59",1609.4,2,mamematcha
1907,16701024,pig7selene,"2026-09-30 06:06:26",1609.4,2,"ejlthomas,gaoeeee"
1908,16888303,Satuker,"2026-09-28 18:27:11",1609.3,2,filipgaliski
1909,16632240,Deepseek的恩情还不完,"2026-09-30 04:43:37",1608.7,2,"iwanys,pedianeko,realybin,theunforgiven7"
1910,16674385,"qr farm","2026-09-30 15:41:09",1608.6,2,qrz1201
1911,16730720,broccoli,"2026-09-30 03:22:49",1608.1,2,norihori0917
1912,16726687,"Rohin Kethipally","2026-09-30 12:47:09",1608.0,2,rohinkethipally
1913,16865564,Manat,"2026-09-27 05:38:57",1607.9,2,manatoshoji03
1914,16930655,"Abdalrahman mohamed","2026-09-30 13:14:40",1607.1,2,abdalrahmanmohamed3
1915,16711752,"Atakan Aldemir","2026-09-29 16:16:42",1606.9,2,atakanaldemir
1916,16770785,Brahim,"2026-09-29 09:51:58",1606.9,2,brahimdriss
1917,16623836,awarse,"2026-09-30 05:19:18",1606.3,2,awarse
1918,16944401,summer_desire,"2026-09-30 07:06:36",1606.2,2,summerdesire
1919,16811799,"Yuanchen Huang","2026-09-27 08:49:50",1606.1,2,geokocha
1920,16658334,"Roy Wei","2026-09-29 21:09:35",1605.7,2,renyiwei
1921,16732763,"Raihan Ramadistra","2026-09-26 04:44:16",1605.7,2,raihanramadistra
1922,16666566,"Rairo Mukamuri","2026-09-30 08:03:56",1605.5,2,thetraveller
1923,16794630,"Yuchuan Ding","2026-09-30 03:16:27",1604.9,2,yuchuanding
1924,16630331,"Mohamed El-Nageeb","2026-09-30 09:19:12",1603.7,2,thelastsmilodon
1925,16658962,"Fabian Friedland","2026-09-30 11:56:59",1603.0,2,fabotelli
1926,16735837,yaki-imo,"2026-09-30 16:42:25",1603.0,2,taichiakiyama
1927,16753515,"Yosif EL-Rammaal","2026-09-29 01:15:43",1602.9,2,yosifelrammaal
1928,16913081,"Danil Bashkirov","2026-09-30 14:29:58",1602.5,2,chieph
1929,16847412,SuzukiKazuma,"2026-09-30 14:17:00",1602.3,2,suzukikazuma
1930,16793340,bee_lx_xl,"2026-09-29 04:42:21",1601.9,2,beelxxl
1931,16656337,"Prashant Kikani","2026-09-28 02:27:38",1601.9,2,prashantkikani
1932,16662618,"Soledad Santiago","2026-09-30 14:43:15",1601.8,2,soledadsantiago
1933,16660137,Densike,"2026-09-30 17:09:21",1601.7,2,densike
1934,16948957,KIT0,"2026-09-30 06:01:31",1601.4,2,kit024
1935,16924480,Manasa.ai,"2026-09-30 10:13:57",1601.3,2,manasaai
1936,16639971,"qi yun","2026-09-29 21:38:37",1601.1,2,qiyun280
1937,16923012,"jiggly buns","2026-09-25 13:02:29",1600.8,2,sellside
1938,16915820,CjzmFeng,"2026-09-30 14:47:02",1600.6,2,cjzmfeng
1939,16852342,"Minh Đăng Lê","2026-09-27 10:14:51",1600.5,2,minhngle
1940,16942314,"Seva Gusev","2026-09-30 07:40:46",1599.6,2,seva1232
1941,16664096,"Charles Coonce","2026-09-26 22:12:40",1599.1,2,charlescoonce
1942,16624276,MKGA,"2026-09-30 06:03:09",1598.6,2,"horizen12,zejunfool"
1943,16751411,"lamb Liu","2026-09-25 13:57:23",1597.7,2,liuxiaohua72
1944,16831179,"Andrey Baranov","2026-09-30 14:31:34",1597.6,2,baranov
1945,16760158,"apple farmer","2026-09-29 22:40:43",1597.2,2,gustavoknudsen
1946,16826582,natsu,"2026-09-30 14:45:16",1597.0,2,okamotonatsuo
1947,16719884,ykhnkf,"2026-09-24 22:36:04",1596.6,2,ykhnkf
1948,16847725,SOLUCIENCE,"2026-09-30 05:31:19",1596.6,2,solucience
1949,16731630,SatoshiN04,"2026-09-27 23:19:51",1596.5,2,satoshinakamura04
1950,16794536,HirokiTaniai,"2026-09-29 14:32:31",1596.0,2,nyokinyoki
1951,16750364,Tangruichen,"2026-09-30 17:27:21",1595.5,2,device666kunkun
1952,16621165,"xisheng feng","2026-09-28 07:53:31",1595.4,2,xishengfeng
1953,16630548,"YJ Wee 2807","2026-09-30 16:54:31",1595.4,2,yjwee2807
1954,16641348,wata,"2026-09-30 12:21:44",1594.9,2,iwatahiroki
1955,16684620,kobayasi,"2026-09-30 16:00:50",1594.5,2,"boomvector,tatsuokoshida"
1956,16657877,zigiella,"2026-09-29 19:45:21",1594.4,2,zigiella
1957,16748476,sam_the_rice_cake,"2026-09-30 14:13:03",1594.2,2,"hash548,wliilamsam"
1958,16824931,Magniverko,"2026-09-29 08:38:41",1594.0,2,huangyingkun
1959,16794527,linyifangzhenshuai,"2026-09-30 02:56:37",1593.1,2,linyifangzhenshuai
1960,16668789,qaq7864,"2026-09-25 06:23:51",1592.2,2,qaq7864
1961,16696895,BrokeFarm,"2026-09-30 13:26:56",1592.2,2,brucec
1962,16838370,aqua,"2026-09-30 15:33:57",1592.1,2,aquaaqua11
1963,16634026,"Mike Kim","2026-09-30 04:18:19",1591.3,2,mikeskim
1964,16772723,"Zhou Haonan","2026-09-30 15:42:05",1591.1,2,hatsuseizuna
1965,16888282,Sheeesh---,"2026-09-30 15:06:11",1590.9,2,hamzaaitmohamed
1966,16671412,Xman,"2026-09-30 16:17:52",1590.7,2,xuanzhang001
1967,16629624,"Sayandeep Ghosh","2026-09-30 17:18:58",1590.7,2,sayandeepghosh
1968,16635969,"Omkar Kadam","2026-09-30 16:56:48",1590.6,2,"itzzomkar,khanayanayub,princypaonam"
1969,16891115,tkm7510,"2026-09-26 02:22:37",1590.3,2,tkm7510
1970,16621671,Chellick,"2026-09-26 08:47:01",1590.3,2,matweyisupov
1971,16694138,Alex,"2026-09-29 05:18:36",1590.2,2,alex789
1972,16885832,"Soshi Uejima","2026-09-24 14:09:29",1589.9,2,assdafa1223
1973,16671150,Mc10nys0n,"2026-09-29 14:39:08",1589.2,2,rattanunt
1974,16865168,"Maksym Bilychenko","2026-09-29 18:51:40",1589.1,2,mbilichenko
1975,16665331,winstonton,"2026-09-29 02:35:45",1589.0,2,winstonton
1976,16668610,Sian,"2026-09-30 14:24:35",1588.8,2,arki13
1977,16800076,xinwang,"2026-09-28 08:24:06",1588.7,2,xxxtetantion
1978,16632201,neurlog,"2026-09-29 09:40:28",1588.5,2,neurlog
1979,16805671,"Yuxiang LIANG","2026-09-27 13:35:29",1588.4,2,yuxiangliang
1980,16663632,Seho.Connect,"2026-09-26 21:40:39",1587.9,2,sehoconnect
1981,16675063,"King Tian","2026-09-30 15:57:12",1587.8,2,"serven1,tianwang1210"
1982,16630829,Ivan1625,"2026-09-29 13:20:53",1587.5,2,ivan1625
1983,16670210,"Ali Alghaithi","2026-09-29 02:27:46",1587.4,2,alioman
1984,16865335,"Hire me! 🤗 [Viktor Cikojevic]","2026-09-20 13:38:52",1586.8,2,viktorcikojevic
1985,16728160,Ozi,"2026-09-27 00:34:36",1586.5,2,muhammaduzair21
1986,16909097,"Yaoxiang Li","2026-09-27 04:37:11",1585.6,2,lzyacht
1987,16791943,tamref,"2026-09-30 09:26:19",1585.1,2,tamreff3290
1988,16944820,Nikouo,"2026-09-25 06:20:36",1585.0,2,nikouo
1989,16898204,"MAHESH ISHRAN","2026-09-29 18:20:29",1584.3,2,iitm21f1003346
1990,16708296,LUCKY2,"2026-09-30 08:38:14",1583.6,2,carolezountangni
1991,16904732,Weifenhuan,"2026-09-30 13:02:43",1583.4,2,schwa6
1992,16909485,SatoGo,"2026-09-30 06:37:21",1583.2,2,satogo
1993,16641372,ShoaibSSM,"2026-09-24 17:10:08",1583.0,2,"naveenlx111249971939,shoaibssm"
1994,16881005,"Donald Trump","2026-09-30 15:06:03",1582.9,2,"seanmtk,sinfonia8838"
1995,16931975,loki005,"2026-09-30 17:11:52",1582.8,2,loki005
1996,16881250,"Enes Altunbaş","2026-09-28 20:29:47",1582.3,2,enesaltunba
1997,16891851,kamranahmmed,"2026-09-29 04:30:12",1582.2,2,kamranahmmed
1998,16789990,SA,"2026-09-30 16:05:01",1581.8,2,soheiarisaka
1999,16936848,spy007,"2026-09-27 13:55:49",1581.7,2,"py1603300133,syhsyh123"
2000,16849330,"Ian Wang","2026-09-30 17:34:10",1581.7,2,ianwang1204
2001,16658474,you,"2026-09-29 18:01:16",1581.4,2,"huyimin517517,touyouzhaji,wumingshi2006,zxinzzzz"
2002,16631536,kglctf,"2026-09-30 13:25:20",1581.3,2,kglctf
2003,16730446,photunix,"2026-09-29 11:02:12",1581.2,2,photunix
2004,16842300,fanmili,"2026-09-29 12:07:50",1581.1,2,fanmili
2005,16664577,a14iiiii,"2026-09-26 02:55:58",1580.9,2,a14iiiii
2006,16661994,"Suvrat Rai","2026-09-26 06:47:52",1580.8,2,suvrat11rai
2007,16671306,Yeswanthperni,"2026-09-30 15:43:04",1580.2,2,"tanvicaaa,yeswanthperni"
2008,16785321,HaoChi,"2026-09-29 07:24:14",1579.9,2,"lishi321,moxi21"
2009,16758893,"Sercan Yeşilöz","2026-09-30 12:54:46",1579.5,2,sercanyesiloz
2010,16806862,JudyWatermelon,"2026-09-30 00:44:17",1579.4,2,judywatermelon
2011,16924472,Rajusah,"2026-09-30 07:51:04",1579.4,2,rajucode
2012,16936688,"avinash singh","2026-09-28 08:30:30",1579.1,2,avszoom
2013,16702275,Joyal,"2026-09-28 15:15:13",1577.6,2,joyalseejo
2014,16738298,tomo0608,"2026-09-25 14:46:56",1577.6,2,tomo0608
2015,16624056,Raggriculture,"2026-09-26 10:42:52",1577.3,2,ravi123a321at
2016,16677855,Mehrdad_LU,"2026-09-30 14:47:51",1577.0,2,mehrdadal2023
2017,16647438,"Aderian Setiawan","2026-09-26 07:37:57",1577.0,2,aderiannovito
2018,16775378,TK256,"2026-09-30 08:30:08",1576.5,2,tk256ailab
2019,16624484,"Tomoki Hirose","2026-09-24 15:50:38",1576.0,2,tomokihirose
2020,16844148,Ethereal49,"2026-09-26 07:49:26",1575.9,2,ethereal49
2021,16622422,ss,"2026-09-29 12:21:01",1575.9,2,forest2026
2022,16738822,shakedamo0w0,"2026-09-30 14:34:29",1575.1,2,shakedamo0w0
2023,16654511,"Syed Shayan Ali Shah","2026-09-25 06:31:36",1575.1,2,dsshayan
2024,16810408,"Bohdan Boklah","2026-09-30 17:15:56",1574.8,2,bohdanbb2000
2025,16740263,4H,"2026-09-29 18:17:42",1574.5,2,scottweeden
2026,16904984,"Andrej Angelovski","2026-09-22 17:23:18",1574.1,2,cybertiger7
2027,16644160,"Saravana Rajan B","2026-09-29 07:20:04",1574.0,2,saravanarajanb
2028,16846857,"Tomohiro Nagai","2026-09-30 07:18:49",1573.5,2,tomohironagai
2029,16817518,Dresden,"2026-09-25 02:29:39",1573.5,2,dresdeng
2030,16655789,"wen chong yu","2026-09-30 06:10:29",1573.3,2,wenchongyu
2031,16869614,"Szymon Miłosz","2026-09-27 03:01:10",1573.2,2,szymonmiosz
2032,16730675,"🦊Farm Fox🦊","2026-09-30 12:05:47",1572.9,2,soutasakurai
2033,16694016,"Prajwal M","2026-09-30 12:05:59",1572.9,2,estrick
2034,16629308,Sutee,"2026-09-30 12:34:47",1572.7,2,lszlst
2035,16693045,"Huseyin Battal","2026-09-25 00:07:14",1572.5,2,huseyinbattal
2036,16638557,"Araik Tamazian","2026-09-25 06:41:49",1572.4,2,atamazian
2037,16854901,matheus,"2026-09-30 16:53:02",1572.4,2,tomirol
2038,16709519,"p pxl16","2026-09-30 16:34:46",1572.3,2,ppxl16
2039,16927550,User1114,"2026-09-28 03:12:24",1572.3,2,lyboihh
2040,16709468,"Andrey Chankin","2026-09-30 15:26:08",1571.5,2,bluepill
2041,16806376,pardival,"2026-09-30 15:09:20",1571.5,2,pardival
2042,16941777,"Ziming Wu","2026-09-23 08:55:56",1570.9,2,zimingwu
2043,16807875,meghana,"2026-09-30 16:29:18",1570.6,2,meghana284
2044,16723096,Shabuuu,"2026-09-25 13:55:51",1570.2,2,shabuuu
2045,16698294,"John Doe","2026-09-25 01:10:36",1570.0,2,johndoe90843
2046,16758905,"Iwa Iwa","2026-09-30 15:43:52",1569.6,2,iwaiwa
2047,16682183,lihaha.36,"2026-09-30 15:57:36",1569.1,2,lihaha36
2048,16630713,"Grzegorz Sionkowski","2026-09-29 19:59:07",1569.1,2,sionek
2049,16930633,micro,"2026-09-27 08:26:33",1568.7,2,brucewu1200
2050,16942000,tyson,"2026-09-25 17:24:15",1568.6,2,tysonwashere
2051,16840509,"Iskander Yusupov","2026-09-30 08:31:37",1568.3,2,iskanderyusupov
2052,16654027,shiv,"2026-09-26 03:39:41",1568.3,2,shivaurora
2053,16664836,"Adnan Zaman","2026-09-30 14:46:05",1568.2,2,adnanzamanniloy
2054,16665416,"zeyu lau","2026-09-22 12:23:19",1567.6,2,zeyulau
2055,16758381,"Yang Kuang Ou","2026-09-25 09:23:02",1567.2,2,yangkuangou
2056,16858303,马嘉蛋爱玩跳棋,"2026-09-22 05:52:02",1567.2,2,"jamalzzj,jlw123456"
2057,16624919,"Juste Me (●'◡'●)","2026-09-30 13:36:33",1567.1,2,degnonguidi
2058,16632291,"alex chilton","2026-09-24 08:14:35",1567.0,2,alexchilton
2059,16932757,yucho147,"2026-09-27 16:23:25",1566.8,2,yucho147
2060,16852141,"Zhou Hengyu","2026-09-30 15:17:05",1566.8,2,zhouhengyuu
2061,16790943,"Tashfik Salehin","2026-09-26 18:28:58",1566.5,2,tashfiksalehin
2062,16761652,"Dhruv #2","2026-09-26 08:05:02",1566.5,2,dhruvrama
2063,16623533,xthixsl_ml,"2026-09-29 12:41:58",1566.1,2,xthistle999
2064,16814375,"Yuta Eiki","2026-09-30 06:52:14",1566.0,2,wildauk
2065,16749605,SoedaHaruto,"2026-09-28 15:09:56",1565.5,2,soedaharuto
2066,16774250,"C R Suthikshn Kumar","2026-09-30 16:19:13",1565.5,2,crsuthikshnkumar
2067,16774712,icelemon2004,"2026-09-30 15:59:07",1565.4,2,"guanghuchen,icelemon2004,mustard64"
2068,16644643,today,"2026-09-28 14:02:59",1565.0,2,today55
2069,16699722,Dicere,"2026-09-23 09:23:48",1564.7,2,thedark735
2070,16655582,"Yang Jinneng","2026-09-27 07:28:44",1564.6,2,adurey
2071,16731678,ShadowT_T,"2026-09-30 15:11:59",1564.3,2,shadowtt
2072,16847706,takumina,"2026-09-26 10:19:02",1564.3,2,takuminakamatsu
2073,16721079,"six seven swag","2026-09-29 12:32:26",1563.7,2,polinababiichuk
2074,16762195,eliasruntime,"2026-09-29 11:35:08",1563.7,2,eliasruntime
2075,16785523,Doranap,"2026-09-27 17:51:41",1563.3,2,doranap
2076,16906666,"selam ya","2026-09-30 13:14:43",1562.9,2,selamya
2077,16927555,yaya__k,"2026-09-24 09:27:12",1562.9,2,yaya88k
2078,16665352,"Paul Nassiri","2026-09-30 11:49:57",1562.9,2,laszlolevray
2079,16663668,"Tahsin Arafat","2026-09-26 10:41:50",1562.8,2,tahsinarafat
2080,16667880,DOPEなNOUFU耕すHOPE👨‍🌾,"2026-09-25 00:02:40",1562.7,2,"shin9915,syamoji141chan"
2081,16706410,lixiaoxin25,"2026-09-25 07:20:08",1562.6,2,lixiaoxin25
2082,16689741,shinamonmon,"2026-09-24 07:38:25",1562.3,2,shinamonmon
2083,16632294,"Rajan Nagarajan","2026-09-30 14:42:13",1561.9,2,narajan
2084,16786109,"Thomas Deng","2026-09-30 11:36:04",1561.6,2,tdeng24
2085,16725712,"ᶜᵒʷᵇᵒʸ 𝘤𝘺𝘣𝘦𝘳𝘯𝘦𝘵𝘪𝘤𝘴","2026-09-30 11:54:39",1561.6,2,alexcasper
2086,16638994,wpl,"2026-09-30 11:25:42",1561.4,2,peilwang
2087,16697461,Agricroporation,"2026-09-29 13:51:54",1561.3,2,"algionightly,kroissant7,officialabhinavsingh"
2088,16841747,"Carlos Bósquez","2026-09-30 17:36:19",1560.9,2,carlosbsquez
2089,16675671,Marlubie,"2026-09-30 10:49:37",1560.8,2,kchuang
2090,16719733,CleoCantCompete,"2026-09-25 05:52:04",1560.5,2,cleocantcompete
2091,16635744,XDang13,"2026-09-24 16:52:57",1560.3,2,xdang13
2092,16626191,"kevin park","2026-09-25 12:19:27",1560.1,2,k3v1npark
2093,16772391,"Jinhan Gao","2026-09-27 11:21:18",1559.9,2,jinhangao
2094,16698688,JeremiahMannings,"2026-09-24 04:03:51",1559.6,2,jmannings
2095,16831965,"Ray Roberts","2026-09-29 01:01:51",1559.1,2,rayroberts
2096,16675493,"Ryotaro Minato","2026-09-29 12:46:01",1559.0,2,ryotarominato
2097,16863974,suteno,"2026-09-26 10:28:04",1559.0,2,sutekikano
2098,16846010,muelsyse111,"2026-09-30 15:18:11",1558.2,2,"muelsyse111,zltrqn"
2099,16742369,"Ömer Faruk Yüce","2026-09-30 16:22:15",1558.2,2,merfarukyce
2100,16660988,"AI After Hours","2026-09-29 06:56:52",1557.8,2,"akshaythammana,mmehersaipreetam"
2101,16935521,闰土和‌猹‌,"2026-09-26 17:18:59",1557.6,2,"fenghanxiang,zzh13332470923"
2102,16880648,"Akash Pattani","2026-09-27 15:21:40",1557.5,2,akashpattani
2103,16661702,"Chattso-GPT (Yasuhito Yanagisawa)","2026-09-30 16:20:15",1557.4,2,yasuhitoyanagisawa
2104,16678534,"Filip Strzałka","2026-09-29 04:17:39",1557.3,2,snufkin77
2105,16839422,Serendipity,"2026-09-27 07:30:13",1556.8,2,stringyixuxi
2106,16949339,Kuriboh,"2026-09-27 06:59:23",1556.7,2,cauchyeix
2107,16783124,Logorhythms,"2026-09-30 17:15:46",1556.1,2,mohammadsaidulislam
2108,16913949,"Tejash Prakash","2026-09-30 08:42:54",1556.0,2,tejashxprakash
2109,16903852,maoxin123,"2026-09-30 15:29:02",1556.0,2,maoxin123
2110,16693942,"Lisan al-Gaib","2026-09-28 09:27:56",1555.9,2,azrihasin
2111,16782520,Durian,"2026-09-27 12:14:59",1555.9,2,rainyjin
2112,16686583,techtech69,"2026-09-29 12:08:07",1555.6,2,techtech69
2113,16631967,vecxoz,"2026-09-24 17:42:44",1555.5,2,vecxoz
2114,16721805,kavunidze,"2026-09-30 07:18:35",1555.2,2,kartu72
2115,16643319,Jules,"2026-09-30 06:06:53",1554.7,2,julesvanligtenberg
2116,16701685,shawloong,"2026-09-25 01:14:31",1554.7,2,shawloong
2117,16730761,ElephtAI,"2026-09-26 07:23:45",1554.3,2,yuchengj
2118,16716263,"Ugnė Miklovaitė","2026-09-25 12:34:58",1554.1,2,ugnmiklovait
2119,16655199,"Alexander Ulrich","2026-09-24 05:32:03",1554.1,2,alexanderulrich01
2120,16634462,"Yash Marathe","2026-09-23 13:27:14",1553.4,2,maratheyash
2121,16736632,Leo,"2026-09-30 02:50:13",1553.4,2,huangkx666
2122,16664217,Shushantw,"2026-09-23 14:34:39",1553.2,2,shushantw
2123,16663963,M0h4m3d-Byte,"2026-09-30 17:12:35",1553.2,2,dev3mohamed
2124,16632172,Ayodeji,"2026-09-28 21:01:23",1552.8,2,ayodejiibrahimlateef
2125,16920069,"arar tawil","2026-09-27 13:36:15",1552.7,2,araraltawil
2126,16657093,"sixer srinath","2026-09-30 15:50:10",1552.7,2,srinath2495
2127,16938980,24110231_pyongjoo,"2026-09-29 04:36:25",1552.5,2,assistonia
2128,16755414,Danzzzl,"2026-09-30 16:16:40",1552.4,2,okunevda
2129,16743484,"薄和叶 Lv.INF","2026-09-30 10:29:26",1551.9,2,lumine01
2130,16786102,"Anay Garodia","2026-09-24 03:58:21",1551.6,2,anaygarodia
2131,16651331,"Mohamed Saeed","2026-09-24 17:00:06",1551.5,2,m0sm71
2132,16817750,"Baiqing Wang","2026-09-30 14:52:09",1550.4,2,wangbqbqbq
2133,16898500,"M Noxon","2026-09-18 21:46:34",1549.8,2,mnoxon
2134,16664788,rian,"2026-09-30 11:37:41",1549.5,2,rian55
2135,16888794,NonCaffeine,"2026-09-30 05:43:02",1549.4,2,noncaffeine
2136,16926937,"Romuald Delene","2026-09-30 14:54:50",1549.3,2,romualddelene
2137,16665809,"Saravanan Jaichandaran","2026-09-30 14:14:19",1549.1,2,saranchandar
2138,16659467,AlexMoura2026,"2026-09-30 05:35:09",1548.8,2,alexmoura2023
2139,16747069,l'rug,"2026-09-25 16:10:12",1547.9,2,sdfsfsfsdf
2140,16747161,wqlun06,"2026-09-30 09:30:52",1547.8,2,wqlun06
2141,16931907,"Nokubonga Ngema","2026-09-22 20:13:20",1547.2,2,nokubongangema
2142,16841708,toku,"2026-09-23 15:31:55",1547.1,2,tokurr
2143,16655150,"Benjamin H Pepper","2026-09-24 11:34:27",1546.9,2,bhpepper
2144,16626093,"Pilkwang Kim","2026-09-27 01:31:52",1546.3,2,pilkwang
2145,16943709,ser5kovskiy,"2026-09-30 16:46:50",1546.1,2,sergeypyatkovskiy
2146,16823319,eviltsundera,"2026-09-29 19:55:50",1546.0,2,eviltsundera
2147,16658038,Khanh,"2026-09-30 16:47:48",1545.9,2,khanhp142
2148,16867132,"Dilara Adıgüzel","2026-09-29 12:18:46",1545.8,2,dilaraadgzel
2149,16864113,YYC3,"2026-09-23 10:47:51",1545.4,2,icongovo
2150,16633069,"Nur Srijan","2026-09-25 15:27:30",1545.3,2,nursrijan
2151,16917796,"Kazuma Shimokawa","2026-09-29 05:22:19",1545.2,1,kazumashimokawa
2152,16655423,"Roland Luethy","2026-09-27 15:04:02",1545.0,2,rluethy
2153,16718480,PLReddy23,"2026-09-26 17:08:47",1545.0,2,plreddy23
2154,16926108,"Pavan G","2026-09-28 18:11:39",1544.8,2,exemplar
2155,16674312,yuxuan,"2026-09-30 00:44:20",1544.8,2,yuxuan1221
2156,16688896,"JianYuan Deng","2026-09-30 16:43:36",1544.7,2,"jiahewangggg,jianyuandeng"
2157,16939044,pioneerqaz,"2026-09-29 15:38:06",1544.4,2,pioneerqaz
2158,16846963,成吉思汗,"2026-09-29 07:45:26",1544.3,2,jddhhdh
2159,16937871,"Rashid Khazeiynasab","2026-09-29 16:17:59",1544.1,2,rashidel1988
2160,16930858,LIUDIZHU,"2026-09-28 20:29:59",1543.9,2,liudizhu
2161,16846525,Dwaslaop,"2026-09-30 12:56:19",1543.3,2,"dwaslaop,haorunjia"
2162,16654707,ManasviSharma,"2026-09-30 17:33:11",1543.0,2,manasvi821
2163,16688568,Sophie555,"2026-09-27 22:03:51",1543.0,2,sophie555
2164,16671292,Yuyajk,"2026-09-24 05:39:41",1542.9,2,yuyajk
2165,16690338,dvv_ram,"2026-09-30 13:08:45",1542.6,2,ddvram
2166,16657657,ArnabKarmakar,"2026-09-30 00:05:13",1542.5,2,arnabkarmakar
2167,16936082,"H IMedit","2026-09-29 13:41:34",1542.4,2,himedit
2168,16795798,"Refrain 1","2026-09-22 15:35:00",1542.2,2,"chisatoy,refrain1"
2169,16925842,Naoya,"2026-09-27 18:33:29",1542.0,2,takashimanaoya
2170,16946853,"BAHUMANYA R G","2026-09-25 11:58:12",1541.3,2,bahumanyarg
2171,16651695,"Fried Chicken Lovers","2026-09-30 16:21:42",1541.1,2,"gwey1025,koushikrudra,kragglenote2forwork"
2172,16661743,"Sergey Kutepov","2026-09-30 14:48:09",1540.8,2,natsyst
2173,16640472,"Vsevolod Rakita","2026-09-27 06:21:08",1540.5,2,vsevolodrakita
2174,16681116,Kagamihara,"2026-09-26 01:45:41",1540.5,2,kagamihara
2175,16802578,Yuuki4543,"2026-09-30 10:43:50",1539.9,2,yuuki4543
2176,16635127,"Sergey Bryansky","2026-09-30 10:28:17",1539.7,2,sggpls
2177,16867370,jasonyoung,"2026-09-25 21:22:54",1539.5,2,jasonyoung66
2178,16724298,Orig_lab,"2026-09-24 10:30:26",1539.4,2,chengxixixi
2179,16689881,"yuki #2","2026-09-30 12:03:15",1539.2,2,hosikusa
2180,16761875,"Eugen Nekhai","2026-09-30 16:59:41",1539.2,2,eugennekhai
2181,16659328,"Muhammed Ashiq Abdul Khader","2026-09-25 15:00:27",1539.2,2,ashiqabdulkhader
2182,16858418,"Nguyễn Công Tuấn","2026-09-30 03:51:50",1538.8,2,nctuan
2183,16936225,Holeon,"2026-09-26 17:05:58",1538.3,2,holeon
2184,16870486,"Sincere Bailey","2026-09-30 15:42:53",1538.1,2,sincerebailey
2185,16724847,辽大之光,"2026-09-30 13:04:05",1537.9,2,guangchenlu
2186,16753906,Rmy,"2026-09-30 16:44:24",1537.5,2,mekory
2187,16769849,"Shuwen(Shawn) Ge","2026-09-30 15:52:29",1537.3,2,shuwenshawnge
2188,16739537,"Bina Salama","2026-09-30 07:02:03",1537.0,2,binasalama
2189,16784561,"Rodrigo Ramón","2026-09-30 12:06:36",1536.9,2,rodrigoramn
2190,16937599,"Swasembada Pangan","2026-09-24 16:17:30",1536.8,2,fathurachmadhanafi
2191,16781445,"𝕯𝖊𝖔𝖉𝖎𝖒𝖘 & 𝕮𝖔","2026-09-30 11:06:06",1536.7,2,odimdavidchukwuemeka
2192,16741113,kaitle,"2026-09-30 00:03:06",1536.2,2,kaitle
2193,16677518,"Khor Yin Loon","2026-09-30 01:31:48",1536.1,2,khoryinloon
2194,16892118,DsLiner,"2026-09-25 15:12:41",1536.1,2,dsliner
2195,16665129,Doom,"2026-09-26 22:12:36",1535.9,2,"mr6436,sanskaarundale"
2196,16655758,patience,"2026-09-30 12:17:54",1535.6,2,"weirdocurry,wenjunkai124"
2197,16690923,"Maqsoud Tawaliou","2026-09-27 04:45:03",1535.0,2,maqsoudtawaliou
2198,16668532,"Nir Aberman","2026-09-25 04:13:41",1534.8,2,niraberman
2199,16623691,KevlarZanderChi,"2026-09-30 15:59:02",1534.7,2,kevlarzanderchi
2200,16879253,Bldr2,"2026-09-30 04:24:05",1534.6,2,alphalin2010
2201,16818194,sugiharahara,"2026-09-29 02:09:47",1534.3,2,sugiharahara
2202,16692845,"Yassine Ben Zekri","2026-09-24 21:18:48",1534.2,2,yassinebenzekri
2203,16634088,Jet,"2026-09-25 09:54:52",1534.1,2,drkongvis
2204,16896224,"Rajveer Singh Rajput","2026-09-26 15:58:34",1533.4,1,rajveersrajput080
2205,16749257,rsraki,"2026-09-30 09:56:44",1533.2,2,rsraki
2206,16671454,Shadow,"2026-09-28 05:22:55",1532.9,2,uziahmd
2207,16742439,"Shangshang Zhang","2026-09-30 17:10:36",1532.8,2,msvzss
2208,16939469,dingzhen,"2026-09-30 16:37:43",1532.0,2,yiyaog
2209,16840439,"God Se7en","2026-09-29 19:13:31",1532.0,2,godseven7
2210,16838312,macaron,"2026-09-30 13:39:07",1531.8,2,hayatotech
2211,16654196,"Aryaman Chokhani","2026-09-24 08:41:08",1531.8,2,"aryamanchokhani,pranrocky"
2212,16658665,ChandramouliNagasundaram,"2026-09-29 19:34:37",1531.0,2,"enginegeneral,mouliindian"
2213,16922094,Shiv28,"2026-09-26 03:38:57",1529.3,2,shiv28
2214,16763669,cm391,"2026-09-24 22:20:58",1528.4,2,mccocoful
2215,16756972,"Đức Hải Hà","2026-09-30 07:24:59",1527.9,2,tankinguyen
2216,16842384,"Muhammad Mirza Darma Putra","2026-09-27 13:02:25",1527.7,2,mirzadarma
2217,16859034,wayg9odysseus,"2026-09-24 18:56:46",1527.4,2,wayg9odysseus
2218,16772109,Yashvs56,"2026-09-29 23:03:41",1527.2,2,"vivaancyber,yashvs56"
2219,16732714,Mforg,"2026-09-25 03:26:51",1527.1,2,mforg74911
2220,16673881,"Sebastian Johansson","2026-09-29 07:55:16",1527.1,2,sebbejohansson
2221,16723379,local,"2026-09-23 07:32:48",1526.9,2,matteo123383iend
2222,16654704,mandgeee,"2026-09-30 15:27:10",1526.1,2,mandgeee
2223,16634104,FarmGoose,"2026-09-27 22:25:20",1524.7,2,yizhanglou
2224,16809194,Ajanraj,"2026-09-23 17:48:10",1524.7,2,ajanraj25
2225,16841061,"Artin yzn","2026-09-30 03:43:32",1524.6,2,artinyzn
2226,16668152,ksew364,"2026-09-24 09:24:05",1524.6,2,ksew364
2227,16763437,"⸻AgentZZ ⸻","2026-09-26 16:27:48",1524.5,2,agentzz
2228,16855885,"Shinonome Seiga","2026-09-30 14:30:37",1524.4,2,shinonomeseiga
2229,16897501,"I'm Fine.","2026-09-26 03:10:36",1524.2,2,zkheart
2230,16746010,"Khoi Tuan Nguyen","2026-09-23 15:06:41",1524.1,2,khoingt
2231,16947057,jfhjfgjhfj,"2026-09-25 07:29:39",1523.9,2,jigsawpuzzle
2232,16655316,Nader,"2026-09-28 15:13:50",1523.8,2,naderamin
2233,16941364,anto,"2026-09-30 08:33:26",1523.8,2,"yeohzhonghanervin,yueyaozzz"
2234,16694110,"Team Amboss","2026-09-23 16:09:25",1523.1,2,alexphilippi
2235,16784608,shawenher,"2026-09-30 13:30:57",1523.1,2,shawenher
2236,16851186,kaerururu,"2026-09-30 12:31:26",1522.6,2,kaerunantoka
2237,16886856,爱上帝的小熊猫,"2026-09-30 15:34:36",1522.2,2,xuefengxie
2238,16944381,"yoshiyasu han ","2026-09-30 15:32:54",1522.2,2,yoshiyasuhan
2239,16635504,"Datta Dhebe","2026-09-29 23:12:15",1522.1,2,dattadhebe
2240,16669490,hinemos,"2026-09-30 10:57:34",1521.4,2,hinemos
2241,16661607,choqui62,"2026-09-30 09:25:06",1520.7,2,choqui62
2242,16746632,tingyu516,"2026-09-30 08:36:47",1520.7,2,tingyu516
2243,16740659,haodou092,"2026-09-30 15:57:25",1520.6,2,haodou092
2244,16632867,"Rayk Kretzschmar","2026-09-29 13:29:22",1520.0,2,raykkretzschmar
2245,16761693,nhatvo,"2026-09-23 01:07:47",1519.9,2,nhatvo
2246,16687363,"elegantangel (628700)","2026-09-29 11:01:04",1519.1,2,elegantangel
2247,16663748,Calmracer,"2026-09-29 17:18:11",1518.5,2,ethanhall123
2248,16693488,HarvestZero,"2026-09-30 06:07:22",1518.5,2,bernardboatey
2249,16671738,Exposed,"2026-09-28 04:20:14",1518.4,2,erickeller2
2250,16894437,hondana29,"2026-09-30 16:30:37",1518.1,2,tanadaaa
2251,16722378,waticson,"2026-09-27 14:55:04",1517.8,2,yutodennou
2252,16657100,"Jacky Chan","2026-09-29 00:46:44",1517.8,2,jhkchan
2253,16930688,"Solo Leveling","2026-09-26 14:05:00",1517.1,2,lingyuzhi
2254,16843582,isk54_34,"2026-09-26 05:25:07",1516.7,2,isk5434
2255,16698069,k_4821,"2026-09-28 22:14:50",1516.6,2,edgarondoodevilclub
2256,16688217,"The Grower","2026-09-30 14:48:02",1516.2,2,vigneshsankar1962
2257,16662914,"Apollo's cattles","2026-09-30 02:09:27",1516.1,2,"icr007,kennethlie16,romanrozen"
2258,16779598,RiverStead,"2026-09-27 11:22:54",1515.7,2,riverstead
2259,16926473,"Illia Dolenko","2026-09-22 00:32:26",1515.6,2,illiadolenko
2260,16917149,beastars,"2026-09-29 00:47:42",1515.5,2,"doorknob881,ohyabuddy,vickylinvicky"
2261,16672251,"Kavinkumar M","2026-09-29 18:34:30",1515.4,2,kavinkumarrkm
2262,16871409,"Aleksandr Isakov","2026-09-30 14:42:21",1515.0,2,aleksandrisakov
2263,16923373,"kouhei mori","2026-09-23 13:22:14",1514.9,2,kouheimori
2264,16856778,"Johnathan King","2026-09-29 21:59:09",1514.7,2,johnathanking1278
2265,16639583,typeIIIfairy,"2026-09-30 13:02:53",1514.6,2,typeiiifairy
2266,16876853,PUN,"2026-09-26 17:24:20",1514.6,2,pshikk
2267,16623799,"Akhilesh godugu","2026-09-24 06:37:23",1514.4,2,"akhileshgodugu,ashokgodugu"
2268,16666571,"Zhengxu Yu","2026-09-24 09:26:27",1514.1,2,zhengxuyu
2269,16658499,Grifun,"2026-09-30 06:00:19",1514.1,2,msingatullin
2270,16653927,"Fernando GH H","2026-09-30 12:08:21",1513.7,2,fernandoghh2
2271,16823251,"Khaled Yousef","2026-09-25 05:52:51",1513.6,2,recochet96
2272,16734803,guoziyi123456,"2026-09-30 15:33:26",1513.5,2,"ax1lec,guoziyi123456,linhexlu,xuanzhechen"
2273,16676114,Gekkotron,"2026-09-24 13:32:38",1513.5,2,gekkotron
2274,16872211,"Artem Bakalinskiy","2026-09-28 05:37:59",1513.4,2,artembakalinskiy
2275,16732774,edchax,"2026-09-30 11:43:00",1513.0,2,"edchax,kevinkoza,slirche"
2276,16757064,"coke lu","2026-09-30 07:09:07",1512.1,2,cokelu
2277,16871967,"Md Arafat #2","2026-09-29 16:44:36",1511.8,2,arafat362
2278,16841826,抵扣豆浆,"2026-09-30 02:23:18",1511.8,2,tootough
2279,16781170,"Ulugbek Salohiddinov","2026-09-30 01:48:41",1511.0,2,ulugbeksalohiddinov
2280,16735741,"Фермеры чист","2026-09-29 07:23:13",1510.9,2,"gdreallygoodman,maksonch1k"
2281,16647607,pumpkin,"2026-09-30 10:59:51",1510.6,2,gealachpumpkin
2282,16936396,olHwHlo,"2026-09-26 07:44:32",1510.3,2,olhwhlo
2283,16765135,neuro168,"2026-09-23 11:11:29",1510.2,2,lordmc
2284,16921300,tamakawa,"2026-09-29 10:51:17",1509.8,2,tantantama1192
2285,16938859,Adequate_Echo,"2026-09-25 05:09:30",1509.2,2,adequateecho
2286,16674451,NycteacoBa,"2026-09-27 13:53:45",1509.2,2,nycteaowl
2287,16765834,Oakzen,"2026-09-24 11:49:54",1509.1,2,gyx517120273
2288,16660735,"Bassel Elbahnasy","2026-09-29 19:12:39",1508.4,2,basselashraf
2289,16639969,"Sheep Are All You need","2026-09-29 06:38:41",1507.9,2,aliyelbekov
2290,16946367,dwinging,"2026-09-23 14:07:09",1507.7,2,dwinging
2291,16629787,FlameZywoo,"2026-09-30 14:46:34",1507.6,2,zgdllt
2292,16659540,"Goua Henri","2026-09-28 07:10:04",1507.6,2,gouahenri
2293,16775473,LuanHengYu,"2026-09-30 14:41:50",1507.5,2,apexml
2294,16896774,EPHEMORIA,"2026-09-25 09:29:13",1507.5,2,ephemoria
2295,16773448,"Qamar usman","2026-09-29 17:27:06",1507.4,2,qamarmath
2296,16872203,"Mikael Kerimov","2026-09-28 10:05:46",1507.3,2,"mikaelkerimov,mperminiov"
2297,16910041,"Gorgulu Fried Chicken Wings","2026-09-30 02:13:55",1507.3,2,"jingshixu,ooorangecatt"
2298,16662380,"Brandon Calderon-Morales","2026-09-27 01:45:32",1507.1,2,bmoe640
2299,16767929,Timbydude,"2026-09-24 15:30:58",1507.1,2,timbydude
2300,16798317,"Baran Akyıldız","2026-09-24 16:17:09",1507.0,2,baranakyldz
2301,16772808,lucataco,"2026-09-30 07:15:20",1507.0,2,lucataco
2302,16894110,寒月千逸,"2026-09-30 02:39:31",1507.0,2,"hanyueqianyi,leeyang1,sakurahg"
2303,16676762,"Tomas Escobar Rivera","2026-09-30 16:18:53",1506.9,2,tomasescobarrivera
2304,16669632,"Kenneth Alonso","2026-09-27 13:16:12",1506.8,2,kennethalonso
2305,16844004,"Takahiro Saito","2026-09-30 13:33:47",1506.8,2,takahiro3110
2306,16750448,"Ansh Agarwal","2026-09-29 20:39:55",1506.6,2,anshagarwal2616
2307,16948745,"Nero Nrx","2026-09-30 13:59:19",1505.7,2,neronrx
2308,16766640,watana,"2026-09-30 16:06:29",1505.1,2,yukiwat
2309,16888752,"edward john washins","2026-09-26 18:43:24",1503.9,2,edwardjohnwashins
2310,16644578,"Team Name","2026-09-30 14:38:25",1503.8,2,baytree1238
2311,16682843,underline12311,"2026-09-23 04:27:15",1503.4,2,underline12311
2312,16783740,ZiYiMing,"2026-09-24 11:53:34",1503.4,2,"kaibozhou,ziyiming"
2313,16628765,"Kota Iizuka","2026-09-25 00:04:42",1503.3,2,kotaiizuka
2314,16888093,"Alejandro Izaguirre","2026-09-24 20:35:33",1503.3,2,alejandroizag
2315,16732537,Rapha,"2026-09-30 16:24:09",1502.9,2,raphaabels
2316,16832192,"No Name #2","2026-09-30 14:49:00",1502.9,2,ivanj0
2317,16848208,"Takuto Inoue","2026-09-30 10:54:59",1502.8,2,takutoinoue
2318,16635872,"Evgeniya Dmitrieva","2026-09-30 07:48:39",1502.3,2,evgeniyadm
2319,16663214,"Mathieu W","2026-09-30 08:08:02",1502.1,2,mathieuw
2320,16943126,"Aaditya Verma","2026-09-30 13:14:39",1502.0,2,tensura911
2321,16692895,Manuf,"2026-09-29 21:02:31",1501.7,2,manuelferromorales
2322,16680172,TTANE,"2026-09-29 02:36:50",1501.2,2,otmaneelmahdaouy
2323,16736474,"Håkon Kjelseth","2026-09-23 09:18:48",1501.0,2,hkon2k
2324,16949503,"Nikita Makarov","2026-09-30 10:00:50",1498.9,2,nikimakarov
2325,16944065,"Wael El Ghazzawi","2026-09-22 23:05:10",1498.9,1,waelelghazzawi
2326,16895464,WilsonPzx,"2026-09-29 05:52:44",1498.7,2,"lirongkun,wilsonpzx"
2327,16725996,MatheusPSorancoDeCarvalho,"2026-09-29 12:07:06",1498.4,2,matheussoranco
2328,16842747,314?,"2026-09-24 08:51:31",1498.4,2,elshahed
2329,16764386,Troy_xx,"2026-09-27 07:41:14",1498.3,2,troyxx
2330,16733016,Quillbolt,"2026-09-30 03:41:02",1497.3,2,tunminhhunh
2331,16906651,Izumi_LP,"2026-09-30 07:03:52",1496.9,2,amememe
2332,16935499,"Smarter Decision🏆","2026-09-30 10:28:17",1496.9,2,yunkuns
2333,16921163,"Sam StSt","2026-09-22 06:30:05",1496.3,2,samstst
2334,16772678,SuppliLion,"2026-09-28 01:20:42",1496.2,2,supplilion
2335,16732129,"payne yam","2026-09-30 13:22:06",1495.7,2,payneyam
2336,16760990,naren_v,"2026-09-30 03:41:18",1494.8,2,varuthakari
2337,16713797,CrazyDave111,"2026-09-27 18:44:35",1494.8,2,crazydave111
2338,16770979,"Paulo Martins","2026-09-30 01:36:57",1494.7,2,paulomartins87
2339,16730301,wonder777,"2026-09-30 16:49:04",1492.9,2,wonder777
2340,16768143,KingDellaFarm,"2026-09-23 17:55:42",1492.6,2,"alessandrodestasi,disteroas"
2341,16799304,"Rlug mb","2026-09-29 04:44:59",1492.2,2,"hongxinzhang111,minhtrph,rlugmb"
2342,16897489,"East Kowloon","2026-09-23 16:16:34",1491.9,2,"haydenmlh,veron0611"
2343,16668167,sottnik,"2026-09-30 15:32:12",1491.5,2,sottnik
2344,16637031,"and more","2026-09-25 07:28:43",1491.4,2,kym2022
2345,16751999,"Poorna Sai Dumpa","2026-09-30 07:06:35",1491.2,2,poornasaidumpa
2346,16942240,M78星云,"2026-09-27 17:18:40",1491.2,2,"cheng2246,tangyangpu284,upczbw,xinyinghu7123"
2347,16723893,iring58,"2026-09-27 02:18:39",1491.0,2,iring58
2348,16793635,"Johnny Hyland","2026-09-29 17:21:49",1490.9,2,johnnyhyland
2349,16661276,Middle,"2026-09-29 06:58:29",1490.8,2,aydagul
2350,16676063,"Kembang Melon","2026-09-28 12:32:34",1490.8,2,wajawaja
2351,16667233,EdGy2k,"2026-09-29 16:33:44",1490.5,2,edgy2k
2352,16623400,Less,"2026-09-23 04:33:03",1490.4,2,jiaoyouzhang
2353,16940950,"Camarillo Kull","2026-09-30 11:42:40",1490.4,2,camarillokull
2354,16640467,Catalyst,"2026-09-23 09:25:57",1490.2,2,vibekaggler
2355,16634803,hongzhouzhou,"2026-09-26 09:24:12",1490.1,2,afterrain42
2356,16659419,"Chahat Mehra","2026-09-30 05:53:22",1489.9,2,chahatmehra
2357,16915663,Wlemalin,"2026-09-23 15:16:20",1489.4,2,wlemalin
2358,16737944,ToastUz,"2026-09-27 10:15:09",1488.7,2,tatsuzoosawa
2359,16737057,Wiz,"2026-09-30 12:54:49",1488.6,2,williamzhou001
2360,16742149,"Ankith Savio","2026-09-30 10:35:31",1488.2,2,weedoo
2361,16701728,"katya barzova","2026-09-30 07:03:39",1488.1,2,"harlenka,nipah1,sigmaborov"
2362,16880664,"Nodir Xamdamov","2026-09-24 16:18:54",1487.8,2,nodirxamdamov
2363,16657728,"T Soo","2026-09-28 17:49:32",1487.6,2,ttgrcgrc
2364,16848588,"vibe coders","2026-09-30 07:17:27",1487.2,2,"caando,sheryllynntan"
2365,16884467,jiangnanxn,"2026-09-30 17:31:22",1487.1,2,jiangnanxn
2366,16842093,aether74,"2026-09-24 02:23:54",1486.5,2,aether74
2367,16944349,m_meles,"2026-09-23 16:04:45",1485.3,2,mmeles
2368,16774075,"Mohammad Yaser Hussain","2026-09-24 11:10:55",1485.0,2,mohammadyaserhussain
2369,16919615,AcidicBlaster,"2026-09-21 10:37:49",1484.9,2,adityamurugesh
2370,16810472,YuanKing77,"2026-09-30 17:04:08",1484.8,2,yuanking77
2371,16664573,AdhithyaRokhith,"2026-09-25 17:29:38",1484.4,2,adhithyarokhith
2372,16657277,"Dude and Destroy","2026-09-30 15:23:56",1484.4,2,raymondbrookman
2373,16762926,"Ricky RTG","2026-09-30 00:43:25",1484.0,2,rickyrtg
2374,16810306,"Asy Mortenson","2026-09-25 19:53:34",1483.3,2,asymortenson
2375,16920916,"wiki Alexander","2026-09-28 12:01:30",1483.1,2,wikialexander
2376,16665357,XW,"2026-09-29 04:01:40",1483.0,2,xuewei
2377,16908403,"Stepan Ivanov","2026-09-29 18:51:06",1482.8,2,stepanivanov233
2378,16842786,ScotLee08,"2026-09-30 14:16:41",1482.4,2,scotlee08
2379,16897094,Ryota-Di,"2026-09-30 15:40:01",1482.3,2,ryota6230
2380,16623515,"Apple Joy","2026-09-23 05:27:00",1482.2,2,"cqput640,fishcat37,sdq2237"
2381,16875984,cccyou,"2026-09-30 04:23:17",1481.9,2,cccyou
2382,16931127,taipen,"2026-09-29 07:02:13",1481.9,2,pankhuri001
2383,16894950,csly666,"2026-09-21 15:34:28",1481.5,2,csly666
2384,16866971,imriad,"2026-09-29 04:56:30",1480.8,2,riadhhossain
2385,16726769,"Ci Zhu","2026-09-27 03:39:13",1480.5,2,zhuci1993
2386,16938431,"ADRIANO ALMEIDA","2026-09-24 00:03:40",1480.5,2,adrianoalmeidaa
2387,16943979,"Joshua Willie","2026-09-30 14:44:33",1480.4,2,joshuawillie
2388,16658300,"Thành Toàn Vương","2026-09-23 11:25:19",1480.3,2,thnhtonvng
2389,16661539,"Ilia Mironov","2026-09-29 04:33:03",1480.1,2,millcool
2390,16623812,"SeshuRaju 🧘‍♂️","2026-09-27 07:28:40",1479.6,2,seshurajup
2391,16928213,橋本真旺,"2026-09-22 16:37:33",1479.6,2,mao925
2392,16726547,"Ezra Kho","2026-09-26 11:07:55",1478.6,2,ezrakho
2393,16699082,Sakthei,"2026-09-20 13:41:34",1478.3,2,sakthei
2394,16838956,"Michael Brown","2026-09-26 19:51:50",1478.0,2,michaelbrown4343
2395,16762935,"ibr mo sal","2026-09-25 08:20:45",1477.8,2,ibrmosal
2396,16684401,WQAAAA,"2026-09-30 12:48:14",1477.2,2,wqaaaa
2397,16627799,"navazsh fathi","2026-09-30 15:40:47",1476.9,2,navazshfathi
2398,16632757,taopy2,"2026-09-29 08:58:17",1476.7,2,taopy2
2399,16632304,"Masataka Suzuki","2026-09-29 22:40:47",1476.5,2,masatakasuzuki
2400,16852910,omoch1,"2026-09-25 09:35:30",1476.5,2,agecom
2401,16759626,"Ghazaros Barseghyan","2026-09-30 00:37:45",1475.8,2,ghazarosbarseghyan91
2402,16806568,"Mumtaz Ahmad Maitla","2026-09-28 07:11:40",1475.7,2,mumtazahmadmaitla
2403,16905426,futabato,"2026-09-27 01:32:28",1475.6,2,futabato
2404,16808492,"beginner's luck","2026-09-30 15:40:24",1475.5,2,"naohs01,tropicalbanana"
2405,16886344,魏杨康,"2026-09-30 08:39:46",1475.5,2,weiiyangkang
2406,16911850,Farmerjay,"2026-09-30 03:18:40",1474.7,2,officeghost
2407,16809677,"Phong Khổng Hoàng","2026-09-30 05:16:54",1474.6,2,phongkhonghong
2408,16746689,"Harm Buisman","2026-09-28 06:49:41",1474.1,2,harmbuisman
2409,16654914,Nozprod,"2026-09-30 16:33:51",1473.2,2,nozprod
2410,16659464,"Héctor Valverde","2026-09-29 13:53:53",1472.2,2,hvpareja
2411,16662121,One-For-All,"2026-09-30 06:26:54",1472.2,2,"akankshatiwari2803,indarkarhana"
2412,16827224,"[HSE Lyceum ML] zaepupno","2026-09-30 16:10:38",1471.9,2,daniilgoryushin
2413,16672456,hangglider5,"2026-09-24 07:49:26",1471.8,2,hangglider5
2414,16644480,"Umut Keltek","2026-09-23 19:23:59",1471.8,2,umutkeltek
2415,16682514,"Pavel Pavlov","2026-09-25 13:16:01",1471.5,2,akakii
2416,16843042,"Frost Cerberus","2026-09-30 16:50:53",1471.2,2,frostcerberus
2417,16634873,shin0000,"2026-09-24 03:07:22",1471.0,2,shin0000
2418,16859473,wakaka,"2026-09-30 11:40:20",1470.9,2,bernicerobinson
2419,16935813,MINGHUN,"2026-09-30 15:17:37",1470.7,2,"aiwuhui,jiyuhao1213"
2420,16761267,"Pranav Arvind","2026-09-30 15:58:40",1470.1,2,pranavarvind
2421,16678061,"Sushanth Tiruvaipati","2026-09-30 04:43:05",1470.0,2,sushanthtiruvaipati
2422,16676336,lemon13418,"2026-09-23 00:05:09",1469.5,2,lemon13418
2423,16915571,"jay tsang","2026-09-26 07:57:39",1469.4,2,jaytsang
2424,16769234,"Akshar #2","2026-09-23 17:16:50",1469.3,2,"aksharzala,therishitaggarwal"
2425,16723988,yuyinghuang,"2026-09-29 14:04:30",1469.1,2,yuyinghuang
2426,16904371,Makhmudov_1602,"2026-09-22 10:40:41",1468.7,2,makhmudov1602
2427,16947886,"Rufeng Toxins","2026-09-23 14:01:48",1468.5,2,rufengtoxins
2428,16864870,JR,"2026-09-30 09:03:36",1468.4,2,jurijsruko
2429,16763375,Makus,"2026-09-22 13:33:25",1468.4,2,alexmartinez75
2430,16671012,"Sean Zhang","2026-09-24 01:00:58",1468.2,2,seanzhang2445
2431,16940722,"Jalen ShiAo","2026-09-30 16:07:50",1468.2,2,jalenshi
2432,16728571,hasibirok0,"2026-09-30 05:39:09",1468.0,2,hasibirok0
2433,16636756,"K.THARUN KUMAR","2026-09-30 16:52:22",1467.2,2,tharunkumar369
2434,16728708,"Rishi Jain","2026-09-25 19:29:04",1466.5,2,rishijain07
2435,16827859,"Ishraq Tanvir","2026-09-25 14:54:39",1466.1,2,ishraqtanvir
2436,16668260,"Yangle Ma","2026-09-30 09:52:53",1465.2,2,yanglema
2437,16878353,"Hongbin Gu","2026-09-28 07:57:38",1465.1,2,guhongbin
2438,16768650,ifarm,"2026-09-23 08:48:33",1465.0,2,sericsheon
2439,16925892,野獸先輩,"2026-09-22 17:10:48",1464.9,2,rayyen216
2440,16663513,DLTLM,"2026-09-23 13:12:06",1464.7,2,"debayank2024,laveshjadon,laxmikantaroy,moumitaaaaaa,tarunraii"
2441,16730810,mgoto51004,"2026-09-30 12:08:28",1464.6,2,mgoto51004
2442,16742183,alessandrozonta,"2026-09-23 07:46:51",1464.3,2,azonta
2443,16924916,Teraya,"2026-09-30 17:12:55",1464.2,2,yuyaterasawa
2444,16664392,AdamHsieh,"2026-09-26 03:06:41",1464.0,2,adamhsieh
2445,16931481,"Дмитрий Томилов","2026-09-22 02:12:22",1463.9,2,floyed
2446,16699519,Handudu,"2026-09-30 15:49:22",1463.2,2,handudu
2447,16842183,"Sumukh M G","2026-09-25 03:33:11",1462.6,2,sumukhmg35
2448,16736124,GIN,"2026-09-23 06:57:33",1462.6,2,runjinzhang
2449,16848217,"Yang Bai","2026-09-23 11:23:39",1462.5,2,jackelysia
2450,16865693,Eda,"2026-09-30 12:21:35",1462.5,2,edagram
2451,16769595,Rudra,"2026-09-30 12:18:21",1462.1,2,rudrabhaskar
2452,16749061,"Wang H2O","2026-09-23 03:58:50",1462.0,2,wangh2o
2453,16727745,auouer,"2026-09-30 16:38:27",1461.8,2,"auouer,guriken,hkamna,insightfulthinking"
2454,16761657,Picu,"2026-09-29 07:33:02",1461.1,2,rumoschilling
2455,16802867,matcha110,"2026-09-30 16:03:05",1461.0,2,matcha110
2456,16827571,"BNBU Astra","2026-09-29 15:08:39",1460.9,2,"andycooper747,austindengkaggle,BNBUDINGSHANLee21,yuxiang328"
2457,16752082,"Tian hao Qing Nano7ko","2026-09-29 12:34:38",1460.3,2,tianhaoqingnano7ko
2458,16717255,Ryuuga89,"2026-09-25 15:08:51",1459.7,2,ryuuga89
2459,16655704,heinado,"2026-09-29 20:41:52",1459.3,2,heinado
2460,16685982,Snorf,"2026-09-29 15:49:18",1459.0,2,snorfyang
2461,16859496,KTAcosmo,"2026-09-28 20:50:02",1458.3,2,ktacosmo2kag
2462,16712134,cf696666,"2026-09-29 23:36:56",1458.3,2,cf33333
2463,16690500,Mr.NoT_GaMeR,"2026-09-27 03:47:24",1458.1,2,joshdilipkumarpatel
2464,16661737,"Márcio Santos","2026-09-30 17:38:13",1456.9,2,mos3santos
2465,16847247,月之光面,"2026-09-30 00:44:54",1456.4,2,cxcxcxcx
2466,16623746,Juyong,"2026-09-30 17:38:31",1455.7,2,kimdoong
2467,16862155,"Kydyrbek Kozykorpesh","2026-09-30 07:27:49",1455.2,2,kozykappa
2468,16796901,hanhan761,"2026-09-30 12:55:21",1455.2,2,"hanhan761,kiivii,noice12138,xiaobai0417"
2469,16881512,"Asem Adnan","2026-09-24 10:30:05",1455.1,2,asemadnan
2470,16943704,"Qutaiba Kaleem","2026-09-28 15:21:07",1454.9,2,qutaibakaleem
2471,16692678,Nerozud,"2026-09-30 13:04:11",1454.5,2,"lorerubiano22,nerozud"
2472,16861903,iwa,"2026-09-23 09:53:06",1454.4,2,ichiko
2473,16795698,ml_gg,"2026-09-30 15:16:32",1454.3,2,ramnarayanchoudhary
2474,16621294,dpquoc,"2026-09-24 04:40:59",1454.2,2,dpquoc
2475,16818313,"haonan zhengh","2026-09-27 01:57:16",1454.2,2,haonanzhengh
2476,16663827,magoemu,"2026-09-27 08:50:37",1454.0,2,magoemu
2477,16940453,"HIbiki Awai","2026-09-22 13:57:50",1454.0,2,hibikiawai
2478,16879166,NoDash,"2026-09-29 11:50:23",1453.6,2,nodash
2479,16654332,"Borys Tymchenko","2026-09-30 13:03:03",1452.6,2,spsancti
2480,16932257,"Joumier Loick","2026-09-30 00:10:46",1451.9,2,loickjoumier
2481,16842482,Litvin,"2026-09-29 14:55:37",1451.6,2,wodo888
2482,16716949,ligaydima,"2026-09-30 12:26:30",1451.6,2,ligaidima
2483,16845736,Gio,"2026-09-27 17:58:35",1451.1,2,giovanizanfra
2484,16683808,RuggedBones,"2026-09-30 17:26:40",1451.1,2,ruggedbones
2485,16914676,"Luon may Man","2026-09-30 12:09:26",1450.8,2,luonmayman
2486,16775190,bianfu,"2026-09-30 02:13:43",1450.8,2,bianfu
2487,16622937,"Sheep 🐑","2026-09-28 13:08:41",1450.4,2,kabilrh
2488,16924914,AgriPredictors,"2026-09-30 12:01:44",1450.2,2,"mehakiftikhar,mnkaggler"
2489,16857491,cherish_zhang,"2026-09-23 07:18:03",1449.0,2,cherishzhang
2490,16861805,farmer-kuni,"2026-09-30 17:04:16",1448.5,2,kuni05
2491,16887631,"Wills Cui","2026-09-22 05:47:39",1448.0,2,willscui
2492,16722827,Prathyyyyy,"2026-09-30 17:10:41",1447.7,2,prathyyyyy
2493,16870247,mxt1022,"2026-09-30 08:10:52",1447.1,2,unlome
2494,16737482,Lindicaphxag,"2026-09-29 22:22:34",1446.7,2,oblivicore
2495,16853540,WUZB,"2026-09-23 03:14:03",1446.5,2,wzhengbiao
2496,16858986,kam,"2026-09-24 07:21:27",1446.3,2,kotakambayashi
2497,16921557,"Terry Duan","2026-09-30 02:29:53",1446.3,2,xueyueicu
2498,16857977,namopanda,"2026-09-28 15:30:18",1446.1,2,namopanda
2499,16723318,グレイラットルーデウス,"2026-09-22 07:27:17",1445.8,2,rudeus666
2500,16719451,"Syed Toubur","2026-09-23 07:12:40",1445.5,2,syedtoubur
2501,16867067,jiazepin,"2026-09-30 04:58:38",1445.4,2,jiazepin
2502,16818060,bnfan,"2026-09-27 00:01:53",1444.8,2,simonfan7
2503,16681986,"Chirantan Bhardwaj","2026-09-25 04:22:03",1444.5,2,chirantanbhardwaj
2504,16936542,"Lee Velon","2026-09-30 17:30:06",1444.3,2,leevelon
2505,16880694,yuxian6666,"2026-09-23 13:00:16",1443.9,2,yuxian6666
2506,16723241,TrinhDung16,"2026-09-30 14:20:17",1443.5,2,trinhdung16
2507,16935434,chumajin,"2026-09-30 15:36:41",1443.2,2,chumajin
2508,16870350,praneethb7,"2026-09-27 12:19:57",1443.1,2,praneethbudati
2509,16875653,xuzenkun,"2026-09-27 12:55:18",1443.0,2,xuzenkun
2510,16711608,"Thomas Greissler","2026-09-30 14:11:49",1442.9,2,thomasg22202020
2511,16727350,"T Hansda","2026-09-22 13:49:10",1442.5,2,hansda
2512,16732746,MSG_Encrypted,"2026-09-27 22:11:41",1441.7,2,msghais
2513,16750317,"ELhamdaoui AM","2026-09-28 07:14:14",1441.5,2,elhamdaouiabdelmajid
2514,16744842,juisajdiasd,"2026-09-30 14:56:52",1441.5,2,juisajdiasd
2515,16655263,rishavsaigal,"2026-09-27 20:08:20",1441.2,2,rishavsaigal
2516,16659719,"Subha Prakash Pattnaik","2026-09-30 17:05:23",1440.5,2,quantumwars
2517,16767360,"Sinh Nguyễn Đức","2026-09-30 11:17:31",1440.3,2,sinhnguync
2518,16728863,Irabala,"2026-09-29 09:35:07",1440.2,2,irabala1
2519,16760241,"Collin Christensen","2026-09-30 05:30:28",1440.1,2,cchristens
2520,16662946,uzair,"2026-09-30 03:36:05",1439.7,2,quantumcurator
2521,16744503,"Jun AKita","2026-09-26 11:50:00",1439.3,2,junakita
2522,16924529,dacheah,"2026-09-24 12:40:10",1438.9,2,dacheah
2523,16786357,guoyihui,"2026-09-23 06:12:19",1438.6,2,guoyihui
2524,16841663,"Ryosei Hara","2026-09-29 16:15:30",1438.0,2,ryhara
2525,16662191,Danieler,"2026-09-22 18:46:56",1437.6,2,danielerufo
2526,16646318,TeamNexus,"2026-09-26 18:21:52",1436.5,2,chrisopherjoshy
2527,16730578,BostonKaggle,"2026-09-29 16:41:50",1436.2,2,"isthereanycode,lynnkim0"
2528,16751603,xxxzzz123312123321,"2026-09-30 06:51:47",1436.2,2,xxxzzz123312123321
2529,16851553,Sentinel,"2026-09-30 13:39:20",1435.9,2,atlasar
2530,16693431,"Yi Wang","2026-09-29 09:03:54",1435.8,2,jone520
2531,16848970,massi0411,"2026-09-30 14:57:31",1435.5,2,massi0411
2532,16640058,"Justin CH123","2026-09-30 06:00:22",1435.4,2,justinch123
2533,16742267,chandora,"2026-09-28 23:07:24",1435.1,2,chandora
2534,16712796,"Kumar Saurabh","2026-09-29 18:38:02",1434.9,2,bakakaka
2535,16665084,"Wei Han","2026-09-30 17:03:16",1434.2,2,weihan87
2536,16932743,"Chris Chia","2026-09-22 02:24:46",1433.8,2,cchia3
2537,16661362,BEETRiX🦋,"2026-09-29 15:46:39",1433.8,2,johannaleighdeley
2538,16654841,"ABHIRUP DAS","2026-09-30 14:14:56",1433.6,2,abhirupdas10
2539,16696421,"Koyashiki Mao","2026-09-22 11:55:10",1433.3,2,koyashikimao
2540,16655520,"kaggle Osaka","2026-09-30 00:06:55",1433.0,2,toshiyukitanaka
2541,16890118,chiikavyshy,"2026-09-27 09:56:14",1432.6,2,"marynaborovska,yuriygreben"
2542,16632599,HyperARC,"2026-09-30 17:02:57",1432.4,2,shadowell888
2543,16838914,kikikukikii,"2026-09-30 16:16:15",1432.4,2,kikikukikii
2544,16886627,caintly,"2026-09-30 13:39:30",1432.1,2,eyesad
2545,16935319,"Adrian Phillips","2026-09-23 06:52:14",1432.1,2,adrianphillips00
2546,16623577,"Jiayi Tang","2026-09-30 17:24:42",1431.5,2,mannguo
2547,16789946,"Oriol Pi Morell","2026-09-30 16:49:27",1431.4,2,oriolpi
2548,16936346,"Han Zhou","2026-09-22 00:51:30",1431.4,2,hanzhou445
2549,16880792,dre,"2026-09-22 17:25:08",1431.2,2,ahmedelfazouan
2550,16809842,"zg l1218","2026-09-27 09:01:21",1431.1,2,"dkttttt,zgl1218"
2551,16754823,"tiki tiki tiki","2026-09-23 22:48:33",1430.9,2,slangitup
2552,16796937,Alan,"2026-09-24 00:44:47",1430.6,2,amunsentom
2553,16682667,"zeel vavliya","2026-09-29 11:37:57",1429.8,2,zeelvavliya
2554,16880558,"Georgi Kanev","2026-09-26 11:05:46",1428.4,2,georgikanev
2555,16735232,"Johnson Chishimba","2026-09-22 05:41:07",1427.7,2,johnsonchishimba
2556,16667018,ZekeAlx,"2026-09-29 20:39:12",1426.8,2,alexthomas12345
2557,16946537,"Roustoum Abdel Moula","2026-09-23 09:34:04",1426.6,1,roustoumabdelmoula
2558,16848992,"Lee Shit Hoo","2026-09-30 10:01:32",1426.6,2,leeshithoo
2559,16806219,"Yiwei Pu","2026-09-22 01:59:54",1426.3,2,"lvyihan1210,raven20010261,yiweipu"
2560,16709126,"Jamie Nojek","2026-09-29 19:36:30",1426.2,2,jamienojek
2561,16945180,"Anton Nikonov","2026-09-30 16:20:56",1426.0,2,antonnikonov
2562,16783870,malaxg,"2026-09-30 06:57:43",1425.4,2,guoyixian2
2563,16754838,"Berkay Özkan","2026-09-30 13:09:08",1425.2,2,berkayzkan
2564,16677847,ShiviWhivi,"2026-09-22 02:15:51",1425.1,2,blackpearls1
2565,16789546,"lsm jii","2026-09-28 05:55:06",1424.8,2,lsmjii
2566,16755495,"Leo Udah","2026-09-30 12:19:14",1424.6,2,leoudah
2567,16832335,"Junhua Yang","2026-09-29 04:33:04",1424.1,2,junhuay
2568,16653728,"Iswar Patra","2026-09-25 15:05:38",1424.0,2,iswarpatra
2569,16770832,"Harish Yadav","2026-09-24 11:57:04",1423.8,2,harishyadav0506
2570,16843838,"Alapati Ramakrishna","2026-09-30 16:48:01",1423.5,2,alapatiramakrishna
2571,16673524,"Zikai Chen","2026-09-30 04:21:06",1423.0,2,"auroraxxiiaa,kyrie1102kai"
2572,16655567,Heisnotanimposter,"2026-09-22 04:52:39",1422.9,2,test013
2573,16682753,"Cam-Luan Truong","2026-09-22 11:11:54",1422.5,2,luantruong
2574,16895147,"DL Julius","2026-09-29 20:09:03",1422.5,2,dljulius
2575,16657094,irynavs,"2026-09-23 14:18:45",1422.3,2,irynavs
2576,16839638,keeplooking,"2026-09-27 14:31:39",1421.7,2,keeplooking
2577,16797699,"Dylan Moraes","2026-09-28 07:08:49",1421.6,2,dylanmoraes
2578,16674919,yukiZ,"2026-09-30 06:01:37",1421.6,2,hideyukizushi
2579,16622934,"Ümit Anık","2026-09-29 17:44:57",1421.4,2,mitank
2580,16624047,GUOHAOYANG,"2026-09-21 06:13:29",1421.3,2,pkuszboi
2581,16931121,Caocao,"2026-09-30 13:15:23",1420.6,2,caocaoIvy
2582,16858208,linhaiy,"2026-09-30 15:03:34",1419.6,2,linhaiy
2583,16795131,XuanxuChem,"2026-09-30 16:57:54",1419.5,2,zhaonoah
2584,16732878,modelcollapse,"2026-09-21 10:09:15",1419.4,2,modelcollapse
2585,16841190,dp23334,"2026-09-22 10:42:21",1419.0,2,dp23334
2586,16659715,masb,"2026-09-30 15:35:13",1418.9,2,affansaied
2587,16838560,Aphrodite,"2026-09-24 05:04:21",1418.9,2,aphrodite874
2588,16731832,jackee777,"2026-09-30 16:20:21",1418.4,2,jackee777
2589,16805778,"Dương Đức Anh","2026-09-30 17:01:27",1418.3,2,"dda2k6,trungdttik55"
2590,16770282,colt,"2026-09-21 17:56:20",1418.3,2,"logicalgenius1,mindmaniac,mindpioneer,thinkinglogic2,xiaomaguo"
2591,16638804,"Anhad Mahajan","2026-09-30 09:44:00",1418.0,2,anhadmahajan06
2592,16862614,"Andrew Bunn","2026-09-22 00:14:18",1417.9,2,andrewbunn
2593,16848297,chacha260,"2026-09-29 01:54:11",1417.4,2,chacha260
2594,16678370,Wangles,"2026-09-22 11:10:59",1417.1,2,wangles
2595,16846149,"Arnav Salkade","2026-09-30 08:34:07",1417.0,2,arnavsalkade
2596,16793452,"Ghazaros Ghazaros","2026-09-30 00:38:16",1416.9,2,ghazarosghazaros
2597,16757034,"Hanxiang Li","2026-09-21 03:43:45",1416.7,2,hanxiangjames
2598,16865317,"sunil kumar","2026-09-30 05:23:01",1416.6,2,sunil123kumar
2599,16778707,momohuhu_kkkkkarrot,"2026-09-28 12:19:16",1416.5,2,kjy666
2600,16840550,henriquejsza,"2026-09-21 05:07:28",1416.5,2,henriquejsza
2601,16942573,Almaz,"2026-09-30 12:06:13",1416.2,2,almazsakhapov
2602,16632146,Haker_Sam,"2026-09-30 15:51:33",1415.8,2,hakersam
2603,16771623,kekuru,"2026-09-29 00:02:51",1415.2,2,soyaishihara
2604,16798974,huangbin,"2026-09-30 05:40:47",1415.2,2,huangbin1
2605,16658677,大山,"2026-09-30 03:03:51",1414.9,2,mapodoufu
2606,16773185,"Alwin Djuliansah","2026-09-26 01:40:34",1414.2,1,alwdj07
2607,16655686,Kyle,"2026-09-30 11:25:33",1414.1,2,kylezhouzhou
2608,16768702,"Crop It Like It's Hot","2026-09-30 13:32:07",1413.8,2,"davidben10,rachel79"
2609,16657785,"Himanshu Kumar","2026-09-30 15:42:36",1413.6,2,himanshujha2812
2610,16903652,LokeshGiri,"2026-09-29 09:47:17",1413.5,2,"lokeshjasrotia,vengatagirig"
2611,16773069,Grant,"2026-09-30 14:55:38",1413.3,2,leolin05
2612,16746599,Borrun,"2026-09-30 15:38:27",1413.2,2,borrun
2613,16639934,"Zihe Henry Zhang","2026-09-30 16:12:57",1413.1,1,caesium137
2614,16939133,wang,"2026-09-27 08:11:49",1412.7,2,tombryant
2615,16668056,"Quantum Farm","2026-09-21 16:05:52",1412.7,2,"anselem7,divineokwueze,nnanyereuzoma"
2616,16947082,"Alex  Redna","2026-09-25 12:46:49",1412.0,2,alexredna
2617,16942875,Vikram,"2026-09-24 03:42:14",1411.5,2,vikramreddy2001
2618,16895750,"charles Ndemo","2026-09-29 12:54:53",1411.4,2,charlesndemo
2619,16680690,MYOUCER,"2026-09-24 01:40:19",1411.2,2,myoucer
2620,16674839,"hongqian miao","2026-09-20 14:22:50",1411.1,2,hongqianmiao
2621,16741932,"Michael Chen","2026-09-30 16:00:24",1410.7,2,fuqiangchen
2622,16657941,"Nick Styles","2026-09-30 08:10:27",1410.5,2,styles
2623,16722117,"Zhou Zhengyu","2026-09-30 05:10:29",1410.4,2,"yanwenwang921,zhouzhengyu118"
2624,16660395,ljx59141421,"2026-09-22 13:47:32",1410.2,2,ljx59141421
2625,16667020,SCLim2022080004,"2026-09-22 03:18:23",1410.2,2,sclim2022080004
2626,16906626,JY,"2026-09-20 13:07:00",1409.4,2,junyihjy
2627,16878968,"Dale Zhong","2026-09-30 03:05:24",1409.0,2,dalezhong
2628,16665966,aj000,"2026-09-30 10:06:19",1408.8,2,anishjagdaleaj
2629,16682885,风沙星辰,"2026-09-21 20:40:04",1408.6,2,"duoliya,linyeping,sereinovov,wangying2026"
2630,16779388,"Mohammad Alnajdawi","2026-09-23 11:40:29",1408.6,2,mohammadalnajdawi
2631,16904440,"Orion on earth","2026-09-30 11:04:18",1408.3,2,oriononearth
2632,16945301,QQQXXX123,"2026-09-30 07:02:11",1408.1,2,qqqxxx123
2633,16924344,trigo,"2026-09-21 07:41:11",1408.0,2,trigoani
2634,16741672,张菠,"2026-09-30 02:05:59",1407.4,2,ysqdababa
2635,16622482,"Veniamin Nelin","2026-09-29 22:43:43",1407.2,2,veniaminnelin
2636,16655632,"Dmitry Kozlov","2026-09-22 05:26:12",1406.8,2,dkozlov
2637,16789561,"Rohan Kishibe","2026-09-22 14:43:18",1406.7,2,anbianluban1
2638,16916938,MC1127,"2026-09-24 13:08:50",1406.5,2,mc1127
2639,16623463,porply,"2026-09-21 13:32:47",1406.0,2,porply
2640,16722399,"Meta learners","2026-09-30 17:06:28",1406.0,2,aditya2909rb
2641,16848622,"KUO JEN WEI","2026-09-24 19:20:54",1406.0,2,"kuojenwei,kuyiting"
2642,16645203,easonyanyan,"2026-09-30 16:27:42",1405.9,2,easonyanyan
2643,16791862,"Emmanuel Mireku","2026-09-29 21:44:17",1405.8,2,eldermireku
2644,16644530,"Busya PRIME","2026-09-21 11:20:07",1405.5,2,busyaprime
2645,16855111,PixelPuff,"2026-09-26 14:16:59",1405.2,2,krishpatel290895
2646,16854472,Taimo,"2026-09-30 08:04:04",1404.6,2,taikimori
2647,16914801,milkdragon,"2026-09-30 09:23:58",1404.3,2,hhhhhhyc
2648,16713543,"Rustam Bazarbayev","2026-09-30 06:51:06",1403.7,2,rustambazarbayev
2649,16712751,haruo_tensai,"2026-09-26 01:58:17",1403.5,2,haruotensai
2650,16647192,"Sailor Ren","2026-09-29 04:34:32",1403.1,2,"dongdongjiaqi,sailorren"
2651,16655654,Cacinie,"2026-09-30 05:14:34",1403.0,2,cacinie
2652,16849780,"Juan Leiva","2026-09-20 14:08:59",1402.8,2,juank333
2653,16943033,BobChuckyJoe,"2026-09-24 05:07:19",1402.4,2,bobchuckyjoe
2654,16653828,Boltuzamaki,"2026-09-29 16:13:46",1402.2,2,boltuzamaki
2655,16854074,yudai_000111,"2026-09-29 10:36:30",1401.3,2,yudai000111
2656,16808396,Dr_F,"2026-09-30 14:27:29",1401.2,2,algebraictopology
2657,16861616,"Gagan Deep","2026-09-30 10:35:13",1401.0,2,gagandeep1
2658,16934170,"Krish Shah","2026-09-23 05:49:34",1400.8,2,krshs90
2659,16744983,Gappy,"2026-09-29 14:53:42",1399.3,2,takahirohigasa
2660,16851343,"Ritwika Kancharla","2026-09-27 01:43:09",1397.3,2,ritwikakancharla
2661,16673604,"Jiman Kwon","2026-09-27 03:49:55",1397.1,2,jimankwon
2662,16752444,zama,"2026-09-29 04:49:36",1396.9,2,zamami
2663,16922832,"Zhang Feifan","2026-09-29 10:05:21",1396.7,2,zhangfeifan
2664,16817077,"Dinesh kumar Thiyagarajan","2026-09-20 21:01:23",1396.6,2,dineshkumar0705
2665,16664157,"Runjie Zhu","2026-09-30 11:57:36",1396.1,2,damiendesolei
2666,16656659,"James Y","2026-09-29 04:01:55",1395.7,2,redoctopusk
2667,16932197,SamarthPD-21,"2026-09-30 08:26:05",1394.8,2,samarthpd21
2668,16801855,KooDol,"2026-09-29 20:15:57",1394.4,2,koodol
2669,16658777,"Jiarui (Jerry) Cao","2026-09-27 12:55:00",1394.2,2,jiaruicao7
2670,16654710,"Ray Brothers","2026-09-28 17:52:46",1394.0,2,"madhurjyaray,vibekodr"
2671,16623875,"Pavlo Ivanin","2026-09-30 14:19:58",1393.4,2,pavloivanin
2672,16939292,Cunriman,"2026-09-24 12:59:54",1392.9,2,cunriman
2673,16662749,Jordan,"2026-09-30 03:30:47",1392.7,2,extergeist
2674,16644877,lu_fish,"2026-09-26 08:00:10",1391.9,2,thefish114514
2675,16853132,masa0219,"2026-09-26 21:46:08",1391.8,2,masa0219
2676,16900489,Machine_e1,"2026-09-25 12:52:38",1391.7,2,"arcanee1,machinee1,mymilk"
2677,16630545,"GAURAV PARKHEDKAR","2026-09-25 13:18:41",1391.4,2,gauravparkhedkar
2678,16870440,GOSS,"2026-09-30 16:46:11",1391.0,2,gossan
2679,16641183,"Team Name Pending","2026-09-20 14:32:46",1391.0,2,"abdaathaillahhadyan,oliverspiby"
2680,16693557,"Ifeoluwa Adewumi","2026-09-29 21:22:40",1390.7,2,ifeadewumi
2681,16630797,"Seok, Jeongeum","2026-09-30 13:38:18",1390.6,2,seokjeongeum
2682,16886298,amosokello451,"2026-09-29 20:45:43",1390.0,2,amosokello451
2683,16730634,Priestess,"2026-09-21 05:34:51",1389.9,2,kalypheus
2684,16766401,"Gobi Elangovan","2026-09-20 11:00:23",1389.7,2,gobielangovan
2685,16662833,"umair zia","2026-09-30 15:43:46",1388.7,2,aimerscoding
2686,16666719,helenkwok,"2026-09-29 02:12:23",1388.7,2,helenkwok
2687,16770715,"Vicens Gaitan","2026-09-28 15:01:15",1388.4,2,vicensgaitan
2688,16932991,"Gabriel Stoms","2026-09-22 15:15:38",1388.4,2,gabrielstoms
2689,16624941,"KO Ho Tin","2026-09-29 13:39:30",1388.2,2,b14ckc4tmr
2690,16690113,m0chi1216,"2026-09-29 16:37:43",1387.7,2,m0chi1216
2691,16826999,donaldxu,"2026-09-28 13:31:45",1387.7,2,abc1705
2692,16792865,"Arseniy Shutko","2026-09-29 17:06:54",1387.6,2,arseniyshutko
2693,16935420,"zicong pan","2026-09-24 09:34:45",1387.4,2,zicongpan
2694,16630364,"Anh Tuan Ha","2026-09-30 15:27:48",1387.2,2,schw1eg0
2695,16698540,asasaaa,"2026-09-30 01:15:35",1386.9,2,fieldhh
2696,16624339,"Дворкин Евгений Владимирович","2026-09-30 15:47:14",1386.8,2,evgendvorkin
2697,16623530,khursani,"2026-09-30 15:03:44",1386.5,2,khursani8
2698,16767709,"Mike Anderson","2026-09-30 00:17:19",1386.3,2,manderson240
2699,16808526,iheng88,"2026-09-30 14:56:20",1386.1,2,iheng88
2700,16656340,MAGMA,"2026-09-30 07:19:45",1386.1,2,infiheart
2701,16795062,"Satoshi Nguyen","2026-09-30 17:20:43",1385.6,2,satoshinguyenai
2702,16849282,ancientLuck,"2026-09-20 13:04:14",1385.4,2,ancientluck
2703,16849377,try,"2026-09-29 14:18:24",1385.3,2,weishanshan033
2704,16759849,kkanayj,"2026-09-30 14:57:37",1385.2,2,kkanayj
2705,16924825,"Steven Feng","2026-09-24 09:46:32",1385.0,2,stevenkaiyi
2706,16838981,"Adil Shamim","2026-09-30 16:27:21",1384.9,2,adilshamim8
2707,16669148,"Syed Muhammad Gillani","2026-09-20 23:33:36",1384.7,2,syedmuhammadgillani
2708,16749576,heralces,"2026-09-29 15:08:02",1384.3,2,heralces
2709,16658109,edward1503,"2026-09-21 09:31:07",1383.8,2,nguynnc
2710,16640264,DhanaLakshmiMalla,"2026-09-29 19:30:09",1383.4,2,dhanalakshmimalla
2711,16625219,MJVinay,"2026-09-29 18:57:21",1383.3,2,mallajayanthvinay
2712,16792927,EnricRovira,"2026-09-30 15:29:13",1383.2,2,enric1296
2713,16921085,Keerthana,"2026-09-23 16:30:06",1382.7,2,k33rthanaa
2714,16669650,motono0223,"2026-09-30 04:09:57",1382.5,2,motono0223
2715,16660488,tehyoni,"2026-09-30 05:27:38",1382.5,2,"gooberdambi,sidcat,suaeng,tehyoni"
2716,16901894,"Michael Reid","2026-09-23 17:10:41",1381.8,2,michaelreid2025
2717,16920189,"Son Hoang","2026-09-23 12:57:59",1381.7,2,sonhoang82
2718,16635668,"Mirza Yasir Abdullah Baig","2026-09-28 07:34:02",1381.7,2,myab07
2719,16644818,chudddc,"2026-09-29 03:41:17",1381.2,2,chudddc
2720,16922907,萤火2018,"2026-09-20 09:48:37",1381.0,2,aiwody
2721,16669594,euorrl,"2026-09-26 14:02:56",1380.9,2,euorrl
2722,16771558,"Vitalie Cervinschi","2026-09-30 17:05:43",1380.8,2,vitaliecervinschi
2723,16741096,"Yohanes Lengkong","2026-09-30 14:13:29",1380.5,2,yohanesfc
2724,16801797,Tv,"2026-09-27 15:45:59",1380.3,2,linyeah
2725,16655688,"Ryan Shan","2026-09-29 05:58:06",1379.8,2,codegold
2726,16716531,tebenia,"2026-09-20 08:51:40",1379.7,2,tebenia
2727,16719123,"Thomas Tschinkel","2026-09-23 02:43:20",1379.4,2,thomastschinkel
2728,16863501,ATC,"2026-09-20 09:24:46",1379.3,2,t6ccc2
2729,16845965,Oldplaykid,"2026-09-29 07:56:56",1379.0,2,"tonf3195,zerethon"
2730,16672315,CemBas,"2026-09-30 12:59:14",1379.0,2,cembas
2731,16746317,xingyun_byto,"2026-09-30 17:33:57",1378.7,2,xingyunbyto
2732,16881928,"Saad Khan","2026-09-30 15:32:24",1378.6,2,saadlohani
2733,16741243,"Yasin Mert Şahin","2026-09-29 19:29:46",1378.6,2,ymertsahin
2734,16635747,"Jeki Wan Taufik","2026-09-29 00:31:55",1378.0,2,jek1wantaufik
2735,16892682,"Yasuhiro Manai","2026-09-29 07:49:40",1378.0,2,yasu01
2736,16757392,Winter01,"2026-09-30 16:25:18",1377.8,2,wei111111
2737,16635670,"Mr.S hanakosan","2026-09-29 03:07:00",1377.8,2,earlgreytea15
2738,16855394,chipssy,"2026-09-29 17:14:19",1376.5,2,shotafubasami
2739,16912988,"Roy Zhu","2026-09-29 12:56:20",1376.5,2,roy0zhu0
2740,16675960,"Audric LOKO","2026-09-30 10:12:12",1376.4,2,audricloko
2741,16763505,"Sai Reddy Pothireddy","2026-09-29 21:38:05",1376.3,2,saireddypothireddy
2742,16740431,yuikag,"2026-09-27 14:52:33",1375.8,2,yuikag
2743,16745419,elren,"2026-09-21 15:48:47",1375.4,2,elrensmin
2744,16658025,"Dennis Gioche","2026-09-30 10:26:22",1375.3,2,dennisgioche
2745,16927660,abraxas417,"2026-09-20 13:44:26",1375.2,2,abraxas417
2746,16927087,"Arun #2","2026-09-30 16:55:52",1373.9,2,arun8ovfjfdr6
2747,16844518,"Haroon Rasheed","2026-09-24 04:47:28",1373.4,2,haroonnsgb
2748,16937269,"Egg D. Kernel","2026-09-22 01:53:27",1372.6,2,eggdkernel
2749,16749251,HawkOsm,"2026-09-23 05:17:19",1372.3,2,hawkosm
2750,16744342,"glupez ","2026-09-30 16:21:00",1372.0,2,glupez
2751,16926712,lostargon,"2026-09-21 21:44:55",1371.8,2,vadimpryakhin
2752,16941720,Abdellatif,"2026-09-22 13:35:50",1371.5,2,moussaid
2753,16746380,JKong,"2026-09-24 00:00:30",1371.5,2,kmt2001
2754,16728549,Karatelb,"2026-09-26 11:53:23",1371.4,2,karatelb
2755,16632493,"oni chan arigato","2026-09-20 10:55:22",1371.3,2,"kindasomethin,nabidnur"
2756,16880773,最强扫地僧,"2026-09-21 05:14:26",1370.8,2,yyx466005036
2757,16672033,"Mohan Prasath P","2026-09-21 13:48:43",1370.3,2,mohanprasath21
2758,16806840,"Tavuk Master","2026-09-21 09:52:18",1370.2,2,mkrimenurgm
2759,16916418,Lukas,"2026-09-23 13:02:38",1369.7,2,lukasbuck
2760,16921049,"liuyang Mei","2026-09-30 17:33:34",1369.5,2,liuyangmei
2761,16784725,prairieee,"2026-09-30 01:27:46",1369.0,2,"haideptry,prairieee"
2762,16654681,htech5,"2026-09-25 13:19:38",1368.8,2,htech5
2763,16845695,"Nam Lê Phương","2026-09-28 06:55:21",1368.1,2,pearpn25
2764,16743528,shfyyds12138,"2026-09-20 02:46:07",1367.2,2,"chrisshi123,junwenzhu1314"
2765,16883863,qhapaq49,"2026-09-27 09:26:47",1366.8,2,qhapaq49
2766,16936519,Found,"2026-09-30 14:55:29",1365.5,2,seventeennine
2767,16668798,"Ayush Shukla","2026-09-29 10:29:06",1365.4,2,ayushivy
2768,16716475,"dong & shen","2026-09-30 16:58:36",1364.8,2,"dongcookies,muyouqian4"
2769,16795134,"jiawei li","2026-09-29 06:10:16",1363.4,2,jiaweiaaa
2770,16898309,"Mohammad Albaddawi","2026-09-19 14:27:45",1363.1,2,m7mdalbaddawi
2771,16779942,"YueKai Yu","2026-09-30 15:44:02",1362.5,2,yuekaiyu
2772,16790945,"WHITE WOOD","2026-09-30 06:22:32",1362.3,2,lijinxuan
2773,16661575,skw1990,"2026-09-20 23:43:37",1362.3,2,skw1990
2774,16691512,"Hongxin Su","2026-09-30 15:34:33",1362.0,2,hongxinsu
2775,16860288,"VIKASH YADAV","2026-09-29 05:25:11",1361.2,2,vikashyadav05
2776,16939130,BenRed1,"2026-09-28 00:59:20",1360.6,2,benred1
2777,16697185,"Prince Special","2026-09-30 16:14:35",1360.4,2,temitayogbolahan
2778,16887858,"Oleg Zholobov","2026-09-21 14:06:59",1360.3,2,olegzholobov
2779,16660090,"Kaggriculture @ Farmageddon","2026-09-27 10:35:32",1360.1,2,gary08phillios
2780,16863551,"Fady Mohammed","2026-09-26 04:39:25",1359.0,2,fadymagdy
2781,16621154,Zain96,"2026-09-30 11:35:18",1358.6,2,zain96
2782,16671607,"Chanhyuk Han","2026-09-30 13:36:29",1358.5,2,chanhyukhan
2783,16928640,Kenj,"2026-09-20 08:01:59",1357.9,1,kiritoooooooo
2784,16665829,Shadowfishes,"2026-09-30 13:20:53",1357.8,2,"boandme,ronitagarwal1,shauryasahdev2"
2785,16860164,Ry_Sa,"2026-09-22 13:02:38",1357.7,2,ryqsaq
2786,16662176,"jorge fabian avila","2026-09-30 16:00:20",1357.4,2,jorgefabianavila
2787,16807373,"junxing peng","2026-09-30 17:36:56",1356.5,2,junxingpeng
2788,16623450,S.Aoki,"2026-09-21 04:27:13",1356.4,2,soyaoki
2789,16779519,"Xiangsong Tian","2026-09-30 07:45:39",1356.0,2,xiangsongtian25
2790,16751358,Cristiano,"2026-09-26 14:41:59",1356.0,2,zhuangbility
2791,16635600,"Divyansh Kumar","2026-09-28 11:20:31",1355.4,2,"divyanshkumar3,vivekjeetpatel"
2792,16691670,wangbin.dev,"2026-09-29 15:42:12",1355.3,2,wangbindev
2793,16623920,"Kazuta MIZUTA","2026-09-21 00:27:46",1355.2,2,kazutamizuta
2794,16704864,ksj00610,"2026-09-30 10:58:01",1354.8,2,ksj00610
2795,16632476,"Назар Коваль","2026-09-29 19:29:19",1354.8,2,miickey
2796,16942821,PabloKim,"2026-09-25 11:26:53",1354.0,2,pablodevkim
2797,16753820,sbite0138,"2026-09-28 15:31:44",1353.9,2,sbite0138
2798,16659942,"Abdoulaye DIAW","2026-09-22 09:46:49",1353.5,2,abdoulayediaw25
2799,16756899,Muj!rush!,"2026-09-30 12:57:28",1353.1,2,mujrush
2800,16790091,"[Deleted] 0c90d8c7-6287-45e2-a53d-b800213ae7c3","2026-09-23 14:47:14",1353.0,2,del=09910093914da146
2801,16687824,"André Dkw","2026-09-29 17:57:53",1352.2,2,andrdkw
2802,16724242,"Romash Koirala","2026-09-25 12:35:17",1351.2,2,romashkoirala
2803,16806249,CLJY,"2026-09-28 08:13:21",1351.2,2,cljy2026
2804,16659961,faahh,"2026-09-30 10:33:21",1351.0,2,shivam98saini
2805,16699586,"Linda Liu","2026-09-30 14:05:57",1350.5,2,lpoint
2806,16848394,Polaris,"2026-09-19 12:40:07",1350.4,2,zhanglei226
2807,16876869,MAGGR,"2026-09-29 14:14:17",1350.2,2,manojmandal
2808,16848850,Lazyman,"2026-09-21 18:42:12",1349.3,2,lazyman
2809,16625921,JinchengZhang1,"2026-09-29 01:45:43",1348.9,2,jinchengzhang1
2810,16700207,"S. Mujtaba Hussain","2026-09-23 08:49:23",1348.0,2,smujtabahussain
2811,16917535,"Edric Zhou","2026-09-21 08:05:07",1347.9,2,edriczhou
2812,16847096,Jackylw,"2026-09-20 15:53:08",1346.4,2,jackylw
2813,16791873,Eldritch,"2026-09-30 17:15:29",1346.3,2,"sanjay6727,thefool00"
2814,16728897,kaba777,"2026-09-29 20:43:39",1345.4,2,kaba777
2815,16655748,revathip,"2026-09-29 12:35:57",1345.3,2,revathiprakash
2816,16929850,"XINGYUAN  ZHOU","2026-09-30 16:59:46",1344.7,2,n05199
2817,16625214,Malla,"2026-09-29 19:31:15",1344.5,2,mallaphalguni
2818,16622939,"Kamal Das","2026-09-30 14:59:44",1344.1,2,kmldas
2819,16809332,"ansheng jhang","2026-09-29 06:39:41",1344.1,2,anshengjhang
2820,16665596,chunhu666,"2026-09-26 08:12:26",1343.9,2,chunhu666
2821,16621249,"Kunal Aarse","2026-09-30 17:29:16",1343.8,2,kunalinfinite
2822,16944358,Kobamiyannnn,"2026-09-23 02:50:24",1343.8,2,kobamiyannnn
2823,16769277,卡心农场,"2026-09-29 14:43:09",1343.7,2,"hkd2333,hsiaosuan"
2824,16929902,Daijun_zju,"2026-09-21 07:23:03",1343.5,2,daijunzju
2825,16759501,BaconT,"2026-09-22 15:56:11",1343.1,2,bacont
2826,16719869,"Swamy Gadila","2026-09-25 14:32:08",1342.5,2,testfridaycore2
2827,16926297,brave-心勇-heart,"2026-09-29 13:44:42",1342.5,2,braveheart
2828,16936434,joshuag99,"2026-09-27 08:15:37",1341.9,2,joshuag99
2829,16854072,r13721,"2026-09-19 15:19:42",1341.8,2,r13721
2830,16866458,lalal2006,"2026-09-23 14:26:28",1341.7,2,lalal2006
2831,16682879,"Ace Team","2026-09-30 16:19:21",1341.6,2,drpatrickchan
2832,16621315,"Reyhan Ksatria","2026-09-19 11:26:15",1341.2,2,reyhanksatria
2833,16682254,"Jeffery Jerome Harris","2026-09-28 07:41:58",1340.9,2,jefferyjeromeharris
2834,16777138,"Anna Pakhaliuk","2026-09-27 16:29:48",1340.9,2,annapakhaliuk
2835,16765151,htnhtn,"2026-09-26 13:00:38",1340.4,2,htnhtn
2836,16868304,"Aaron amacadu","2026-09-19 20:18:38",1340.3,2,aaronamacadu
2837,16713457,"Poor farmer","2026-09-30 16:55:11",1339.7,2,trnhip
2838,16825815,linchenge,"2026-09-29 08:37:53",1339.5,2,linchenge
2839,16810595,dauriel,"2026-09-30 16:57:15",1339.5,2,"dauriel,theakshay"
2840,16712560,"Max vrstpan1","2026-09-30 17:21:38",1339.4,2,wdjy123456
2841,16775076,hiros,"2026-09-30 17:19:33",1339.0,2,hiroshige1
2842,16937817,Yuki_ARL,"2026-09-21 17:58:56",1338.7,1,yukiarl
2843,16941958,"Justin Anderson","2026-09-25 10:20:24",1338.6,2,justanderson
2844,16764901,"Han Chen","2026-09-22 09:05:16",1338.4,2,puffohan
2845,16721248,"Raef Guizani","2026-09-29 12:02:18",1338.2,2,raefguizani
2846,16900902,"Younes Chafi","2026-09-23 12:36:44",1337.9,2,youneschafi
2847,16663851,"Harshith revuru","2026-09-19 19:18:24",1337.9,2,harshithrevuru
2848,16743546,"Simon Dorcas","2026-09-24 16:36:17",1337.6,2,simondorcas
2849,16642036,enddl22,"2026-09-30 03:14:45",1337.5,2,enddl22
2850,16632708,__Taichicchi__,"2026-09-27 22:30:30",1337.2,2,hutch1221
2851,16663759,Aggro,"2026-09-21 17:30:40",1337.0,2,datafad
2852,16670967,"Ne ML Clan","2026-09-30 17:31:12",1336.8,2,"al55522me,egoregors,sirgauda,vladmazeev"
2853,16857458,HIIHIH,"2026-09-29 13:26:40",1336.7,2,hiihih
2854,16849778,"Kim Minh","2026-09-22 03:21:00",1336.7,2,hanming14
2855,16697249,"Sudharsana Rajasekaran","2026-09-24 01:19:07",1336.4,2,sudhan03
2856,16640552,"rupsa roy","2026-09-27 13:23:40",1336.2,2,rupsarroy
2857,16927137,"Hibachi Fried Rice","2026-09-29 05:45:01",1335.9,2,samvalladares
2858,16851399,"Ali Eren Konak","2026-09-28 10:49:26",1335.9,2,alierenkonak
2859,16925699,"YOUNG CHOW","2026-09-30 09:09:04",1335.6,2,youngchow
2860,16790005,"Rohit Kumar Sahoo","2026-09-30 17:13:15",1335.6,2,rohit4118
2861,16875601,forwardidear,"2026-09-19 08:49:41",1335.1,2,forwardidear
2862,16884417,"malcolm tan","2026-09-18 18:24:39",1335.0,2,malcolmtan
2863,16838589,iCO,"2026-09-26 17:00:02",1335.0,2,takashimaeda
2864,16658426,RIVEN23,"2026-09-29 06:20:02",1335.0,2,riven5
2865,16656213,"Mehdi Boumiza","2026-09-24 03:56:40",1334.9,2,mehdiboumiza
2866,16862461,"Guilherme Volpe","2026-09-23 00:38:39",1334.7,2,guivolpe
2867,16943490,"green algeria","2026-09-22 19:12:48",1333.5,2,greenalgeria
2868,16661533,wangyuou,"2026-09-25 11:22:49",1333.2,2,wangyuou
2869,16722619,vlavlalva,"2026-09-20 13:44:47",1333.1,2,cppcph
2870,16678080,"Timothy Adeyemi","2026-09-19 16:58:52",1332.8,2,timothyadeyemi
2871,16843522,clouds111,"2026-09-24 13:40:53",1332.8,2,clouds111
2872,16822706,"YUE WU","2026-09-21 00:34:02",1332.5,2,yuewuacademic
2873,16635209,4eta,"2026-09-30 16:36:12",1332.5,2,bio4eta
2874,16645431,Amin,"2026-09-30 14:18:52",1332.4,2,aminvafaei
2875,16926016,"[KGZ] Aruke Sulaimanova","2026-09-19 15:15:47",1332.4,2,arukesulaimanova1
2876,16871053,Ni123456&,"2026-09-25 05:05:05",1332.1,2,bingdongni
2877,16674367,"zongze Yan","2026-09-30 15:26:24",1332.0,2,aaayan
2878,16743055,栗ご飯,"2026-09-26 22:23:06",1331.7,2,criticalpath1903
2879,16679144,つるげーねふ,"2026-09-29 03:13:10",1331.5,2,atom7666
2880,16726545,whm8016,"2026-09-23 16:17:05",1331.4,2,whm8016
2881,16863212,"Jayanth Koppala","2026-09-21 19:38:51",1331.0,2,jayanthkoppala
2882,16673013,TTT,"2026-09-30 13:52:55",1330.6,2,tadahiroasami
2883,16621075,"Octavi Grau","2026-09-30 14:34:10",1330.5,2,octaviograu
2884,16654091,webmaking,"2026-09-30 17:04:12",1330.4,2,webmaking
2885,16862044,"Toshiki Narushima","2026-09-30 17:34:42",1328.5,2,toshikinarushima
2886,16710428,"Mansi Aggarwal","2026-09-30 15:24:12",1328.4,2,mansiaggarwal88
2887,16793478,noisyislands,"2026-09-30 15:31:28",1328.3,2,noisyislands
2888,16855992,"Vanshika #2","2026-09-29 03:53:20",1327.8,2,crystalbaby
2889,16811920,"MINGXI LIU","2026-09-28 16:39:52",1327.8,2,wang5630900
2890,16621063,Broskis,"2026-09-30 17:27:38",1327.3,2,"aikyatansinha,r1cksync,vamshikrishnaemmadi"
2891,16845382,Alpha_Ashwin007,"2026-09-23 20:31:55",1327.1,2,alphaashwin007
2892,16623708,"Chekhlov Dmitrii","2026-09-18 13:45:33",1326.4,2,zoli800
2893,16698136,"David Estevez","2026-09-30 16:24:22",1325.9,2,destbreso
2894,16782708,lcx666,"2026-09-28 07:52:40",1325.9,2,chengxinliang
2895,16652451,JackGong,"2026-09-30 11:46:57",1325.5,2,jackgong
2896,16658709,"Kaggler Albafica","2026-09-30 04:55:28",1325.4,2,kaggleralan
2897,16735353,我是刘大聪,"2026-09-29 15:27:47",1324.8,2,smartorz
2898,16690065,JiangWenfeng1,"2026-09-27 14:29:04",1324.6,2,jiangwenfeng1
2899,16880856,jinxingweilai,"2026-09-30 17:10:36",1324.6,2,jinxingweilai
2900,16743846,"Hemanth Raja Guttikonda","2026-09-29 17:07:54",1324.5,2,"hemanthrajg,poojithakatta18"
2901,16657623,Restart:),"2026-09-19 16:26:31",1324.4,2,wayne127
2902,16630740,"Ramazan Turan","2026-09-19 08:51:11",1324.4,2,ramazanturann
2903,16677320,kcoffee,"2026-09-30 15:23:44",1324.3,2,kcoffee
2904,16820988,人畜无害,"2026-09-29 00:57:46",1324.2,2,slowmo19
2905,16670524,"Nat Bel ML Fun","2026-09-30 12:20:25",1324.2,2,natbel4ml
2906,16848929,"Nikoo Yu","2026-09-29 05:55:00",1323.4,2,nikooyu
2907,16885090,higuuu,"2026-09-27 05:40:50",1323.3,2,higuuu
2908,16888648,"MAOSEN ","2026-09-21 10:40:03",1323.2,2,maosen
2909,16870596,juicyorange,"2026-09-29 03:36:35",1323.0,2,billychau1
2910,16777394,antadam127,"2026-09-19 23:03:20",1322.7,2,antadam127
2911,16926545,"Rintaro Washio","2026-09-19 19:02:47",1321.7,1,rintarowashio
2912,16849814,"Mr. Architect","2026-09-20 08:06:03",1321.6,2,vietnguyen130593
2913,16644229,"Amy Yuan","2026-09-29 16:41:33",1321.6,2,cozytato
2914,16793385,"Rishav Utkarsh","2026-09-30 17:06:29",1320.9,2,rishavutkarsh
2915,16843203,"Liyi xin jie","2026-09-30 15:01:42",1320.5,2,liyixinjie
2916,16756029,EndCreeper,"2026-09-30 13:32:59",1320.1,2,endcreeper
2917,16635067,"Berat Egemen Gök","2026-09-28 19:42:39",1320.0,2,berategemengk
2918,16907973,Mainafly,"2026-09-30 01:44:15",1319.6,2,ishakuyusufmaina
2919,16775684,ketterking,"2026-09-30 13:51:48",1319.4,2,"ketterwang,wwppyywwww"
2920,16708315,beeyan,"2026-09-29 13:38:26",1319.3,2,beeyan0821
2921,16668123,B0RN2BL0W0UT,"2026-09-19 19:30:24",1319.1,2,kadenmansur
2922,16814852,"Shivcharanraju Anga","2026-09-29 22:16:12",1319.0,2,shivcharanrajuanga
2923,16701697,Pelican,"2026-09-29 05:18:25",1318.0,2,chetanagrawall
2924,16736198,JetJetGo,"2026-09-19 14:10:00",1317.6,2,psykrishna
2925,16622034,"Aryan Yadav","2026-09-19 05:51:25",1317.3,2,simplexcomplex
2926,16866014,htsbrer,"2026-09-20 00:09:51",1317.2,2,ht5brer
2927,16663485,"Jacob Alstrup","2026-09-28 15:08:44",1316.9,2,jacobalstrup
2928,16786092,Shiru2,"2026-09-30 14:48:41",1316.8,2,shiru2
2929,16920912,wxxbest,"2026-09-23 13:36:08",1316.0,2,w20260801
2930,16852208,"LONG NT123","2026-09-19 08:30:22",1315.6,2,longnt123
2931,16888126,Iminabo,"2026-09-17 16:21:33",1314.6,2,iminabo
2932,16885430,zoujustkidding,"2026-09-18 08:42:04",1314.6,2,chenxianshen123
2933,16733839,"Fabian Ruiz","2026-09-19 21:47:07",1314.4,2,fabianruiz3
2934,16689926,3MnRho,"2026-09-19 06:59:04",1314.2,2,yongxiangzhao
2935,16802752,hako22,"2026-09-30 16:45:25",1313.1,2,hako22
2936,16746275,LittleScottyy,"2026-09-19 11:11:39",1312.0,2,fongwaiyong
2937,16696743,"wennan cao","2026-09-29 19:58:25",1312.0,2,wennancao
2938,16743427,Under遊具,"2026-09-18 06:00:32",1311.8,2,andayougui
2939,16715828,samg,"2026-09-29 04:17:53",1311.7,2,samgreen2046
2940,16731983,Gracie,"2026-09-27 13:23:32",1311.7,2,gracie428
2941,16678930,"Just a moroccan","2026-09-26 12:14:44",1311.7,2,zbidaamine
2942,16921850,"Leon Sakakibara","2026-09-21 02:05:50",1311.3,2,leonsakakibara
2943,16856629,Methematics,"2026-09-29 15:53:34",1311.2,2,pavelvasilevskiy
2944,16922609,rofa2,"2026-09-18 23:05:58",1311.0,2,"gaoyuanjun,zhdmath"
2945,16911021,spark328,"2026-09-19 10:30:15",1311.0,2,spark328
2946,16623988,"Charismatic Pizza Party🍕","2026-09-19 12:22:20",1310.9,2,debugendless
2947,16919736,elda27,"2026-09-22 01:32:59",1310.8,2,elda27
2948,16751899,peggy,"2026-09-28 09:59:58",1310.6,2,refrigerator21
2949,16791248,"Ioannis Tzachristas","2026-09-19 06:15:43",1310.2,2,"ioannistzachristas,lilishyxf"
2950,16944157,"Aly Dhedhi","2026-09-23 00:53:42",1309.6,2,alydhedhi
2951,16899240,"Abel Mendez","2026-09-25 04:42:43",1309.5,2,abelmendez
2952,16775474,ERS,"2026-09-19 06:16:01",1309.2,2,shingo257
2953,16737113,"Sergei Myshianov","2026-09-30 15:14:56",1308.7,2,sergeimyshianov
2954,16824010,yuxingyizhou,"2026-09-29 00:08:06",1308.4,2,yuxingyizhou
2955,16630964,LEEKANG,"2026-09-19 08:43:02",1308.1,2,poby7722
2956,16622788,Fitzcarraldo,"2026-09-27 06:42:36",1307.7,2,ivankuc
2957,16920843,"Hou JH-71","2026-09-20 13:09:46",1307.7,2,houjihao
2958,16674878,KirillKlem,"2026-09-29 15:18:20",1307.6,2,kirillklem
2959,16915888,"Steve T","2026-09-20 05:28:41",1307.5,2,jamesfitxroi
2960,16654486,alijs,"2026-09-30 16:59:09",1307.4,2,alijs1
2961,16653078,pk210495,"2026-09-21 12:11:20",1307.4,2,pk210495
2962,16655766,前衛,"2026-09-18 16:22:25",1307.3,2,"atharvranjan,shreyasgandhe,siddharth9077"
2963,16885933,"Nadeem Kilani","2026-09-23 03:32:45",1307.3,2,fifthway
2964,16721259,Qsj,"2026-09-24 01:31:34",1307.0,2,qiaoshiji
2965,16755808,"Van-Phuc Huynh","2026-09-22 07:21:40",1306.4,2,hvanphucs112
2966,16777923,Sho,"2026-09-30 15:37:10",1305.7,2,shoito08190904
2967,16667500,jiannebab,"2026-09-30 14:24:52",1305.6,2,jiannebab
2968,16757987,maverick_ss_26,"2026-09-22 13:19:24",1304.7,2,maverickss26
2969,16914950,"Alessio Mezzina","2026-09-22 07:11:58",1304.7,2,alessiomezzinaaa
2970,16897955,Diganta,"2026-09-18 15:58:46",1304.7,2,digantabhattacharya
2971,16719771,"Oleg Papulov","2026-09-29 16:14:25",1303.5,2,olegpapulov
2972,16623263,ASHML,"2026-09-29 10:41:54",1303.1,2,ashml
2973,16743639,Hanserong,"2026-09-18 06:20:56",1303.0,2,"ronghedragon,rufus666"
2974,16676321,"tao wu11","2026-09-27 07:17:27",1302.1,2,"taowu11,xujchill"
2975,16937658,=.=,"2026-09-30 11:42:54",1301.9,2,yishenxiao
2976,16847370,"Suleyman Yollyyev","2026-09-25 05:54:55",1301.4,2,suleyman71
2977,16621628,pupen_o,"2026-09-23 17:16:53",1301.2,2,pupeno
2978,16679004,"Kevin Zhao","2026-09-22 07:36:22",1300.6,2,kevinzhao666
2979,16728996,autowin,"2026-09-20 06:57:56",1300.2,2,atharvjairath
2980,16764868,y129besan,"2026-09-19 02:30:37",1300.2,2,y129besan
2981,16714134,"Raul Tinajero","2026-09-17 19:57:39",1300.0,2,raultinajeroo
2982,16939866,"Big boom","2026-09-30 16:32:07",1300.0,2,cancinoespi
2983,16740034,BSCode,"2026-09-29 16:28:27",1299.6,2,bscode
2984,16924209,AmirabbasBF2027,"2026-09-24 19:10:14",1299.5,2,amirabbasbf2027
2985,16623749,Tejas,"2026-09-17 09:53:36",1299.3,2,tejuuss
2986,16664239,VK_Kaggriculture..StartCompet,"2026-09-29 05:16:05",1299.1,2,venkatkumar001
2987,16685014,"Vishal Kishore","2026-09-20 11:55:12",1298.8,2,kishorevishal
2988,16917982,"Haitao56 ","2026-09-19 14:38:52",1297.7,2,haotao56
2989,16886174,还没想好冥,"2026-09-18 14:45:39",1297.2,2,"fufustory,hashak,linjunren1016,mushroom1763,yamaer"
2990,16921161,"earl naranja","2026-09-18 14:29:46",1296.8,1,earlnaranja
2991,16668370,"Matthew Labrador","2026-09-17 14:07:15",1296.5,2,m4tyuuu
2992,16799769,manyuA,"2026-09-29 01:42:16",1295.4,2,"forheuristiclifeksh,manyua,realhonest"
2993,16656382,Aevion-Labs,"2026-09-23 14:23:35",1294.6,2,aevionlabs
2994,16890772,tcipin-egor,"2026-09-19 01:12:37",1293.8,2,egorich51
2995,16667604,L7n,"2026-09-17 08:29:55",1293.3,2,znwe342
2996,16652630,stars_w,"2026-09-18 06:57:00",1292.7,2,starsw
2997,16830000,"Danilo Lapegna","2026-09-30 17:27:30",1292.4,2,danilolapegna
2998,16926797,aurnik,"2026-09-24 19:26:39",1292.0,2,aurnik
2999,16635910,K3V1NM,"2026-09-18 13:33:33",1291.6,2,k3v1nm
3000,16664506,"Jonatan Asketorp","2026-09-30 03:34:00",1291.4,2,weft169aston
3001,16839580,"Søren Ravn Andersen","2026-09-16 13:57:31",1291.0,2,sorenravn
3002,16806635,digimagi,"2026-09-22 08:18:35",1290.9,2,digimagi
3003,16658840,sanju25,"2026-09-30 13:23:07",1290.8,2,sanju25
3004,16891040,"Nasri Siwar","2026-09-28 22:40:29",1290.6,2,sassounasri
3005,16770842,yatakeuc,"2026-09-29 14:37:36",1290.6,2,yatakeuc
3006,16662318,"Bardia Bahadori","2026-09-18 15:21:53",1290.3,2,bardiabahadori
3007,16671520,sci-shi,"2026-09-30 13:18:10",1289.6,2,scishi
3008,16933118,wkdbskwsm,"2026-09-27 09:58:40",1289.2,2,wkdbskwsm
3009,16879879,wulawulacong,"2026-09-18 03:56:01",1289.0,2,wulawulacong
3010,16852963,LingLingToshite,"2026-09-30 01:37:02",1288.6,2,lingtoshitehiroki
3011,16709304,"Aleksey SCHUKIN","2026-09-30 12:43:58",1288.0,2,alekseyschukin
3012,16677774,"Abdulatif Mahgoub","2026-09-27 17:00:28",1288.0,2,abdulatifmahgoub
3013,16817923,"Adhiraj Jagtap","2026-09-29 08:09:52",1287.8,2,adhirajjagtap
3014,16796223,"Bohan Shao","2026-09-29 08:44:47",1287.8,2,bohanshao
3015,16621610,NMarkS,"2026-09-21 12:03:36",1287.7,2,nmarks
3016,16751267,Guojun1,"2026-09-28 17:25:04",1287.4,2,guojun1
3017,16810954,BayramAnnakov,"2026-09-19 11:14:29",1287.0,2,bayramannakov
3018,16664751,"Cindy Meng90","2026-09-21 08:37:53",1285.4,2,cindymeng90
3019,16825340,xiaoBOSS97,"2026-09-21 15:18:33",1285.2,2,xiaoboss97
3020,16798989,"Harvest Sun","2026-09-30 09:02:38",1285.2,2,zaoooo29
3021,16888261,"Andreas meling","2026-09-30 00:03:28",1285.1,2,andreasmeling
3022,16635280,"Narendra Sirvi","2026-09-24 04:12:37",1284.7,2,narendras78
3023,16781279,zhyphirus,"2026-09-16 11:08:51",1284.4,2,zhyphirus
3024,16875968,"Dias Bakhtiyarov","2026-09-16 19:41:15",1284.0,2,diasbakhtiyarov
3025,16912371,Dorararra,"2026-09-23 03:37:28",1283.7,2,dorafairy661
3026,16635509,simmons1025,"2026-09-30 17:09:29",1283.6,2,simmons1025
3027,16668157,"vineet dairashri","2026-09-24 21:14:39",1283.5,2,vineetdairashri
3028,16669089,YujieXing10,"2026-09-29 13:40:34",1283.4,2,yujiexing10
3029,16667346,Artwenty-six,"2026-09-27 04:57:22",1282.9,2,rezakautsarinsani
3030,16780062,Kousuke55,"2026-09-30 14:18:43",1282.7,2,kousuke555
3031,16861256,lizh2025,"2026-09-27 15:04:10",1282.5,2,lizh2025
3032,16635418,ocean240812,"2026-09-30 14:26:31",1282.5,2,ocean240812
3033,16880975,"Shenyu Ma","2026-09-18 15:19:11",1282.3,2,shenyuma
3034,16662681,"Vernon Campbell","2026-09-18 01:51:57",1282.0,2,vernoncampbell
3035,16908832,"ranya marwan","2026-09-18 20:46:58",1281.8,2,ranymarwan286
3036,16866689,snehitha,"2026-09-23 13:47:34",1280.8,2,andapallysnehitha
3037,16749466,"The Wolf of Wheat Street","2026-09-16 23:35:18",1280.7,2,"lijuantang19,yuemengzheng01"
3038,16662910,"shoryakumar mishra","2026-09-30 16:52:11",1280.4,2,shoryakumarmishra
3039,16859269,BAILW,"2026-09-30 14:01:24",1280.1,2,baimatubama
3040,16881660,Prateek,"2026-09-28 17:41:40",1280.1,2,prateekagnihotri
3041,16669711,"Anton Shaniuk","2026-09-18 18:08:55",1279.9,2,antonshaniuk
3042,16891588,Krtecek,"2026-09-20 11:16:13",1279.7,2,krtecek
3043,16930996,"ROGER REN","2026-09-29 17:14:12",1279.5,2,rogerrenruben
3044,16740010,"[Deleted] 3d43f904-9731-4807-b835-0ae07351a8c7","2026-09-20 18:57:10",1279.4,2,del=230950f98ee5f235
3045,16855477,SiriusStarRally,"2026-09-16 09:32:59",1279.3,2,siriusstarrally
3046,16728135,sukirman,"2026-09-16 03:25:01",1279.0,2,rakbidb
3047,16904006,vorlian,"2026-09-16 03:18:09",1278.6,2,vorlian
3048,16841799,珍珠,"2026-09-30 07:57:27",1278.5,2,luochen6
3049,16875763,"芳村 愛支","2026-09-20 03:21:14",1277.9,2,shin1012
3050,16775010,"Alexey Kuznetsov","2026-09-19 14:26:40",1277.3,2,legtarrr
3051,16681100,Chiranjith,"2026-09-17 11:37:34",1276.7,2,chiranjithdharma
3052,16860811,XiaoXiaoJ,"2026-09-17 19:38:39",1276.4,2,xiaoxiaoj
3053,16805906,FENGYESHAN,"2026-09-30 13:44:12",1275.2,2,fengyeshan
3054,16764546,Thirst,"2026-09-28 20:00:47",1275.1,2,wahidakram
3055,16725947,SamarthRawat18,"2026-09-24 16:29:45",1274.9,2,samarthrawat18
3056,16672448,"Crisis Liu","2026-09-30 16:42:42",1274.9,2,crisisliu
3057,16748738,Shymohn,"2026-09-17 07:01:37",1274.3,2,shymohn
3058,16670659,saumyagupta12,"2026-09-26 18:07:30",1274.3,2,saumyagupta12
3059,16750931,"Antonio Rotundo","2026-09-30 08:47:52",1273.5,2,antoniorotundo2
3060,16924959,"Shun Liou","2026-09-30 10:56:03",1273.4,2,shunliou
3061,16830526,"Raghav Agrawal","2026-09-23 17:42:54",1273.2,2,raghagra
3062,16936777,tagokoro,"2026-09-24 05:14:27",1272.3,2,tagokoro
3063,16891562,"Weverton Guedes","2026-09-25 12:29:45",1272.2,2,owevertonguedes
3064,16635055,chch,"2026-09-29 02:49:26",1272.1,2,chchentw
3065,16907595,"Eric Zhang63","2026-09-18 18:15:50",1272.0,1,"ericzhang63,szqg666"
3066,16659160,"Dmitry Bardonov","2026-09-18 18:20:26",1271.9,2,bdesim
3067,16672371,Loren-wen,"2026-09-27 04:40:08",1271.7,2,wofusituerte
3068,16644481,Liquidus,"2026-09-16 02:57:18",1271.7,2,liquidus
3069,16637919,NoOneAhead,"2026-09-19 03:24:29",1271.6,2,jerrlu
3070,16671767,Kaileh57,"2026-09-30 06:14:03",1271.5,2,kaileh57
3071,16807380,"D × MirAI","2026-09-29 00:16:04",1270.9,2,kmnkmn
3072,16821967,"Nakul Maurya","2026-09-29 16:56:08",1270.9,2,nakulmaurya
3073,16830678,Voodoo_m88,"2026-09-26 05:18:05",1270.3,2,voodoom88
3074,16730903,noynkmr,"2026-09-30 14:40:17",1270.2,2,noynkmr
3075,16915300,wanhty,"2026-09-18 13:43:54",1269.8,1,wanhty
3076,16726816,"Games Jadley","2026-09-24 22:02:50",1269.5,2,gamesjadley
3077,16845020,AGI,"2026-09-17 18:19:05",1268.4,2,"guusadema,tgroen3"
3078,16676034,"Songyot P","2026-09-18 06:33:06",1268.4,2,songyotpi
3079,16639844,MaxChen303,"2026-09-20 03:12:58",1268.2,2,maxchen303
3080,16729488,"Bala vighnesh Reddy","2026-09-20 11:38:40",1267.9,2,balavighneshreddy
3081,16915895,Shaylynn,"2026-09-17 15:58:29",1267.6,1,shittttttt
3082,16739019,quzhihang,"2026-09-23 08:28:40",1266.7,2,quzhihang
3083,16897870,妮选择遗忘的,"2026-09-17 13:59:51",1266.3,2,yk120951
3084,16894457,kento2002,"2026-09-17 16:44:18",1266.3,2,kento2002
3085,16621683,Shivangoudaa,"2026-09-16 16:04:07",1266.0,2,ishivapatil
3086,16626203,"Manish Kumar Maurya","2026-09-19 19:39:02",1266.0,2,manishkumarmaurya11
3087,16907699,"zhirong ye","2026-09-18 16:25:01",1265.8,2,zhirongye
3088,16651257,PursueML,"2026-09-22 16:24:27",1265.6,2,"cuijohn,pursueml"
3089,16859157,"David Mensah-Gbekor","2026-09-17 22:03:56",1265.4,2,ravdave
3090,16912052,"Nana Bast","2026-09-18 16:29:38",1265.4,2,"fontainedefurina,nanabast"
3091,16927981,narihz,"2026-09-22 12:25:06",1264.7,2,xiaochaizhen
3092,16635745,DataRockstar,"2026-09-30 04:45:26",1264.1,2,"amaropeter,jvlegend"
3093,16729105,cc,"2026-09-29 09:24:09",1264.0,2,hqj66666
3094,16899300,"Yassine Chritt","2026-09-17 06:31:14",1263.9,2,yassinechritt
3095,16661509,JSON_Voorhees,"2026-09-30 13:08:04",1263.5,2,michaelgreenhut
3096,16768543,caas_sicca,"2026-09-19 07:56:21",1263.4,2,caassicca
3097,16707994,"Ayush Gupta #2","2026-09-17 22:21:54",1263.2,2,desmond6101
3098,16855268,"Jiayi Du","2026-09-26 21:17:21",1261.9,2,jahyee
3099,16895927,logicorix,"2026-09-15 09:30:21",1261.4,2,logicorix
3100,16738653,"Julien Trocmé","2026-09-29 14:50:45",1261.3,2,julientrocm
3101,16743172,moonzfxs,"2026-09-23 15:34:29",1261.1,2,moonzfxs
3102,16758954,shenjj02,"2026-09-17 02:30:08",1261.0,2,shenjj26
3103,16849125,"OBSTACLE DEVELOPER","2026-09-26 09:46:19",1260.4,2,obstacledeveloper
3104,16736202,杨雨灿,"2026-09-30 06:48:02",1259.8,2,yucanyang
3105,16882077,telep,"2026-09-30 00:13:48",1257.8,2,vitaliypyvovar1
3106,16908116,"Kabir Potdar","2026-09-16 18:40:56",1257.8,2,kabir01010
3107,16640780,"drezna ultra","2026-09-18 14:14:35",1257.5,2,notakes
3108,16849328,"Gaurav #2","2026-09-17 13:14:38",1257.5,2,genesis96839
3109,16799024,Becegatto,"2026-09-27 23:55:44",1257.3,2,viniciussignorelli
3110,16909973,"Tri Tuc Cao","2026-09-17 09:59:28",1257.1,1,tricao
3111,16636954,"Jeff Horon","2026-09-29 17:24:04",1256.9,2,jeffhoron
3112,16680144,AM,"2026-09-17 15:52:11",1256.1,2,adammekky
3113,16895014,trying_out,"2026-09-15 20:03:10",1256.1,2,"samiatisha,vickysynapsev"
3114,16804859,DevashishSoni123,"2026-09-30 04:00:41",1256.1,2,devashishsoni123
3115,16797457,Aamod06,"2026-09-30 14:01:04",1255.9,2,aamod06
3116,16662314,"Hanh Tran","2026-09-16 09:57:42",1255.3,2,honghanhhh
3117,16796544,"Xiaonan FU","2026-09-16 01:44:11",1255.0,2,xiaonanfu999
3118,16761324,WLYYYo,"2026-09-22 14:15:28",1255.0,2,wlyyyo
3119,16716012,LaiCxm,"2026-09-24 11:50:02",1254.7,2,laicxm
3120,16623199,"Jesse Ferguson","2026-09-25 22:32:37",1254.2,2,jesseferguson
3121,16843555,sol12378,"2026-09-30 08:47:35",1253.8,2,sol12378
3122,16731799,"Ansh The Farmer 👩‍🌾","2026-09-15 19:05:59",1253.7,2,affection
3123,16773170,"yy li","2026-09-24 03:40:48",1252.8,2,yangyili11
3124,16791999,"Dashi Tsybikzhapov","2026-09-28 11:01:31",1252.6,2,dashitsybikzhapov
3125,16853125,"BEIKE YAN","2026-09-21 02:10:30",1252.5,2,craigsid
3126,16907222,"Harshith Kumar","2026-09-16 17:13:57",1252.3,2,harshith1212a
3127,16709950,"Ryan Myers","2026-09-25 05:52:17",1251.9,2,ryanmyers03
3128,16681464,Amyel21,"2026-09-17 18:28:33",1251.3,2,amyel21
3129,16687479,kowalskii,"2026-09-17 08:52:42",1251.0,2,anirudhkumaraheer
3130,16889004,SkOnTheRocks,"2026-09-15 11:43:43",1250.4,2,skontherocks
3131,16915374,"Muaz Husaini","2026-09-21 06:18:49",1250.1,2,muazhus
3132,16878308,Pjchauhan,"2026-09-25 04:59:56",1250.0,2,pjchauhan
3133,16918151,"Hidenori Sasaki","2026-09-25 16:49:57",1249.7,2,hidenorisasaki
3134,16793553,hoon0303,"2026-09-16 12:38:01",1249.6,2,hoon0303
3135,16842246,montplusa,"2026-09-17 00:59:05",1249.5,2,montplusa
3136,16763551,"PRASHANT SHUKLA91","2026-09-29 14:31:57",1249.3,2,prashantshukla91
3137,16897719,"Muhammad Aashir Irshad","2026-09-21 14:44:03",1249.3,2,muhammadaashirirshad
3138,16826719,"Dennis HT","2026-09-18 09:43:32",1248.6,2,dennisht
3139,16898547,"[Deleted] 56e880dc-015c-4899-9c1b-85d9958ef4af","2026-09-15 18:25:34",1247.8,2,del=84798c2d77df7d9d
3140,16876520,OpenModelMap,"2026-09-18 15:05:55",1247.5,2,openmodelmap
3141,16887661,magic101,"2026-09-14 22:48:26",1247.0,2,magicbuttons
3142,16903902,wanghaozhi,"2026-09-20 02:00:08",1246.3,2,wanghaozhi
3143,16697411,VynoDePal,"2026-09-20 23:47:47",1246.2,2,kvynodjo
3144,16677399,lyts,"2026-09-26 08:54:14",1245.8,2,lytsyyds
3145,16896886,"hemloock ","2026-09-15 12:35:43",1245.4,2,hemloock
3146,16943936,"Wessel van Dijke","2026-09-27 23:22:56",1245.3,2,wesselvandijke
3147,16701948,"Shaokai Zhang","2026-09-19 10:58:04",1245.3,1,shaokaizhang
3148,16892796,FunLegendGaming,"2026-09-17 16:27:04",1245.1,2,funlegendgaming
3149,16838625,kyohei2106,"2026-09-17 22:37:42",1244.2,2,kyohei2106
3150,16820607,PeriwinkleBlueOvO,"2026-09-28 08:47:08",1243.9,2,"PeriwinkleBlueOvO,wenqiangao1"
3151,16896854,photonova,"2026-09-15 12:29:25",1243.6,2,photonova
3152,16663603,xsong2020,"2026-09-30 16:37:46",1243.5,2,xstargate
3153,16881600,"Yoshihiro Hatakeyama","2026-09-21 03:41:49",1243.3,2,yoshihiro1909
3154,16896267,HendraDanuSaputraChauwito,"2026-09-16 12:37:41",1242.8,2,usilisme
3155,16706576,王一凡,"2026-09-23 01:33:57",1242.4,2,"liuziyang1016,mikakohinata68"
3156,16797029,phospholipid,"2026-09-20 23:17:05",1241.8,2,phospholipid0614
3157,16720316,"Hưng Trần","2026-09-16 10:27:05",1241.2,2,hungtrabiz
3158,16679810,"Patrick Joël MAIRLOT-MBEZELE","2026-09-30 07:08:57",1241.0,2,pigenesis75
3159,16732735,MMMMMMMMMMMM,"2026-09-16 14:57:27",1240.9,2,hyh273279
3160,16640540,QYQ1693,"2026-09-16 03:29:19",1240.8,2,qyq1693
3161,16746372,"Meerub Atiq","2026-09-18 13:00:49",1240.7,2,meerubatiq
3162,16690401,Skyspace,"2026-09-16 11:02:11",1240.6,2,empireblue
3163,16886193,"Xiaoyong Zhu","2026-09-15 01:23:47",1240.6,2,xiaoyzhu
3164,16891432,porzlck,"2026-09-17 10:07:44",1240.5,2,orzlck
3165,16893291,"We Want... A Shrubbery!","2026-09-17 21:55:10",1240.2,2,timlongii
3166,16881235,"Konstantin Zorin","2026-09-30 15:01:02",1240.2,2,zokost
3167,16679827,Juanky_too,"2026-09-30 06:03:01",1239.2,2,juankytoo
3168,16698287,"Reinforcement Forgetting","2026-09-24 23:34:50",1238.9,2,ethanjschauder
3169,16688460,lllleeeo,"2026-09-16 17:38:13",1238.9,2,lllleeeo
3170,16864125,culture,"2026-09-15 12:50:09",1238.8,2,shkurak
3171,16857987,fujia,"2026-09-29 07:27:12",1238.4,2,fujiasama
3172,16671844,I2nfinit3y,"2026-09-30 09:34:49",1237.9,2,i2nfinit3y
3173,16654742,"Aastik Rajan15","2026-09-14 11:58:25",1237.3,2,aastikrajan15
3174,16910590,Hubillionaire,"2026-09-17 06:56:01",1237.1,2,hubillionaire
3175,16827097,"Bình Trần Thanh","2026-09-16 03:47:00",1236.1,2,dsdadasda
3176,16722295,"Yuya Shintani","2026-09-20 16:06:02",1235.0,2,uplus26e7
3177,16903970,qorlin,"2026-09-16 03:12:00",1235.0,2,qorlin
3178,16806728,"Neural Knight","2026-09-24 16:39:55",1234.8,2,"chinmaymnaik,sivasainath06"
3179,16697139,Stocks152,"2026-09-20 04:10:05",1234.8,2,stocks152
3180,16682032,"Satkar sarvankar","2026-09-25 14:17:58",1234.8,2,satkar003
3181,16692711,Deniz,"2026-09-16 14:51:14",1234.0,2,denizeryilmaz
3182,16747982,"Affriza Wildan Fauzan","2026-09-30 10:16:25",1233.8,2,affrizawildanfauzan
3183,16665746,Chiranjieev,"2026-09-30 15:35:06",1233.5,2,"abhirajhiwale,amitambhore27,himanshu2605"
3184,16840921,evolved,"2026-09-30 10:52:25",1233.4,2,algunion
3185,16673370,JeovaAnderson,"2026-09-24 15:45:12",1233.0,2,jeovaanderson
3186,16777137,Bernardus,"2026-09-25 08:18:07",1232.7,2,bernubritz
3187,16710499,sukeke,"2026-09-15 04:28:10",1232.3,2,sukeke
3188,16726616,9Hash,"2026-09-26 10:46:04",1231.9,2,hashimrazi
3189,16895926,Zengr1,"2026-09-17 09:58:50",1231.8,2,zengr1
3190,16659771,DieByTheSword,"2026-09-16 08:53:03",1231.8,2,przemysawstroiws
3191,16847620,york1to,"2026-09-15 19:10:35",1231.7,2,yorkkang
3192,16820596,Karina,"2026-09-30 00:24:26",1231.7,2,karinajoey
3193,16767960,"Yuvraj Bhati","2026-09-14 23:24:32",1231.5,2,avioon
3194,16840576,kfsky,"2026-09-19 11:16:48",1231.5,2,kengofujii
3195,16802442,"Rabia Eda Yılmaz","2026-09-15 19:10:02",1231.2,2,truthisneverlinear
3196,16741551,"Vedant Tiwari","2026-09-26 17:22:42",1231.1,2,vedant7312
3197,16841816,JasonDTao,"2026-09-30 01:01:32",1230.6,2,jasondtao
3198,16739181,yamu_duck,"2026-09-18 12:14:10",1230.5,2,crazyleg11
3199,16634156,"Hiroyasu Okuno","2026-09-30 15:25:18",1230.5,2,hiroyasuokuno
3200,16655844,MAFIN,"2026-09-14 12:37:15",1230.3,2,moneyman91
3201,16657276,"Пётр П","2026-09-29 08:31:15",1230.1,2,petrinvest
3202,16828191,wanghongwei111,"2026-09-14 13:07:32",1229.8,2,wanghongwei111
3203,16881248,Veerakrishna,"2026-09-17 16:30:12",1229.7,2,veerukhannan
3204,16865570,"Kedar Kale","2026-09-22 14:32:10",1229.7,2,kedarkale
3205,16698726,加油,"2026-09-14 12:25:38",1229.6,2,honeeyl
3206,16670933,Pat,"2026-09-15 05:34:10",1229.5,2,junseia
3207,16672121,"Tiger bonbon","2026-09-14 03:41:59",1229.3,2,fujiwarayuto
3208,16673131,"Arfin Mustofa","2026-09-17 01:40:55",1229.1,2,arfinmustofa
3209,16661622,"Ergin Akın","2026-09-21 17:19:04",1227.1,2,erginakin
3210,16872207,"Tèo Búng","2026-09-18 08:06:06",1227.1,2,teobung
3211,16728774,あなまか,"2026-09-30 14:42:45",1226.8,2,arakish
3212,16877685,"Felipe Figueiredo","2026-09-24 02:47:56",1225.8,2,felipefigueiredo02
3213,16755099,"Aleksandr Ulianin","2026-09-14 12:05:33",1225.7,2,aleksandrulianin
3214,16693439,"Ankit Hemant Lade","2026-09-30 04:10:15",1225.6,2,"ankitlade12,jsaikrishna"
3215,16891791,judy12345.0316,"2026-09-15 05:38:38",1225.3,2,judy123450316
3216,16674586,"Stanislav Ilin","2026-09-15 13:33:30",1224.5,2,stanislavilin2026ai
3217,16850078,"Safwan Amin","2026-09-16 16:53:04",1224.0,2,bracu23101281
3218,16741321,"S. B.","2026-09-25 06:01:56",1223.9,2,aughra
3219,16904305,"YICHEN PAN","2026-09-16 18:39:53",1223.8,2,sakanamango
3220,16691001,"Mahmoud Abdelshafy","2026-09-14 20:08:03",1223.7,2,mahmoudabdshafy
3221,16864346,"Yanwei Lu","2026-09-30 05:23:30",1223.6,2,yanweilu
3222,16621355,Raiden.B,"2026-09-22 16:08:44",1223.3,2,raidenb
3223,16730495,joinus,"2026-09-15 08:34:22",1223.2,2,joinus2003
3224,16875618,"Joel P. Joseph","2026-09-30 15:30:07",1223.1,2,joelpjoseph
3225,16862967,Unicorns,"2026-09-15 17:50:14",1222.9,2,"isaacjiang,ryokitano"
3226,16763457,"Mohammad Essam","2026-09-30 07:24:34",1222.8,2,mohammedessam97
3227,16918568,"Penn Lam","2026-09-24 09:56:43",1222.8,2,pennlam
3228,16685342,"Kanth Da","2026-09-21 04:15:12",1222.8,2,"kanthda,riteeshreddybysani"
3229,16879578,"kabir Merakeb","2026-09-30 17:31:38",1222.2,2,kmerakeb
3230,16792799,Kohecchi,"2026-09-15 16:17:53",1222.1,1,kohecchi
3231,16774699,"Rio Nakamura","2026-09-16 09:25:16",1222.1,2,rionakamura10
3232,16905027,"xiaomeng lin","2026-09-26 15:10:44",1221.8,2,xiaomenglin
3233,16924679,"Vandan Sharma","2026-09-20 09:50:10",1221.7,2,vanam56
3234,16768016,JohnBlake,"2026-09-30 11:01:00",1221.0,2,jaybeeja
3235,16679987,"Said Mohamed Omary","2026-09-21 11:31:47",1220.3,2,saidmohamedomary
3236,16697540,"Jared Floersch","2026-09-24 12:24:14",1220.1,2,jaredfloersch
3237,16764301,"Quýt đây đừng sợ","2026-09-20 15:19:28",1219.7,2,ponschannel
3238,16674744,"Burhan Ul Tayyab","2026-09-27 14:21:41",1219.7,2,babychick
3239,16896033,omnifluxor,"2026-09-15 09:40:03",1219.5,2,omnifluxor
3240,16676278,"Om Sangwan","2026-09-23 15:04:01",1219.4,2,omsangwan
3241,16881350,xwl_tree,"2026-09-18 10:40:29",1219.4,2,xwltree
3242,16732945,"Aru Ohta","2026-09-22 14:21:41",1219.3,2,aruohta
3243,16845023,zhtmgxr,"2026-09-17 04:53:03",1219.3,2,zhtmgxr
3244,16634952,"Igor Zharov","2026-09-30 16:58:13",1219.2,2,flexonafft
3245,16723427,"Nikita Biryukov","2026-09-14 07:00:48",1218.8,2,bnikita
3246,16742159,mimi！,"2026-09-16 05:57:58",1218.4,2,"morongzhu,we111135"
3247,16622531,"musya lyusya team","2026-09-15 17:44:15",1218.3,2,vswz2nqp
3248,16832231,lst1923,"2026-09-26 22:06:29",1218.1,2,lst1923
3249,16854521,koumiyata,"2026-09-27 08:32:40",1218.1,2,koumiyata
3250,16707303,meTeam,"2026-09-24 18:14:20",1217.7,2,aaronzribi
3251,16893208,hongan,"2026-09-15 21:49:30",1217.6,2,honganzhu
3252,16867924,PeaBrain,"2026-09-16 01:22:29",1217.4,2,abiruekanayaka1
3253,16862582,StephaneB7899,"2026-09-14 02:34:17",1217.0,2,stephaneb7899
3254,16793755,"Juank Suarez","2026-09-20 02:45:18",1216.9,2,juanksuarez
3255,16887142,backsider,"2026-09-16 09:34:44",1216.7,2,backsider
3256,16814637,random_numb,"2026-09-28 19:10:56",1215.8,2,randomnumb
3257,16835851,ruizhichen,"2026-09-22 16:59:50",1215.0,2,ruizhichen
3258,16700298,tmgf,"2026-09-29 19:26:28",1214.2,2,tiagomgfernandes
3259,16865554,"parker tan","2026-09-18 10:42:33",1214.0,2,parkertan
3260,16642662,CdeTilly,"2026-09-30 16:50:10",1213.4,2,cdetilly
3261,16646970,juewang1p,"2026-09-21 13:00:11",1212.9,2,juewang1p
3262,16669441,"Chirag Desai","2026-09-18 15:03:16",1212.7,2,cid007
3263,16802745,"Fuat Çakıcı","2026-09-28 00:14:50",1212.6,2,fuatcakiicii
3264,16652272,"nadhir hasan","2026-09-13 14:07:09",1212.5,2,nadhirhasan
3265,16625082,真的懒,"2026-09-19 06:14:56",1212.5,2,gtccc9
3266,16744914,"El Mehdi EL JAIR","2026-09-21 07:56:02",1212.3,2,elmehdieljair
3267,16659395,HyperX,"2026-09-15 11:53:22",1212.3,2,"diversedharun,harishinkaggle"
3268,16623326,"Tatiana Malygina","2026-09-27 11:00:08",1212.0,2,latticetower
3269,16637973,StephenNedumpally,"2026-09-15 07:50:55",1211.5,2,stephennedumpally
3270,16664609,Re2lawd,"2026-09-24 09:51:49",1211.5,2,re2lawd
3271,16861637,薄荷喵呜,"2026-09-12 09:39:16",1211.3,2,bohemiao
3272,16758817,Ruwawa,"2026-09-15 14:26:15",1210.7,2,ruwawa
3273,16875849,"Yaotong Niu","2026-09-15 13:37:34",1210.4,2,yaotongniu
3274,16846069,"Bryce Muhlnickel","2026-09-27 17:17:36",1210.3,2,tokenjunkielabs
3275,16886979,"Ivan Toropin","2026-09-13 21:21:17",1210.1,2,ivantoropin
3276,16630312,beijijun,"2026-09-14 12:04:11",1210.0,2,beijijun
3277,16653311,"Stanislav Tsepa","2026-09-28 17:36:27",1209.5,2,mrtsepa
3278,16630129,"Yi Lu","2026-09-16 01:54:33",1209.2,2,liqiu0224
3279,16757320,Jingxiang,"2026-09-12 22:11:32",1209.2,2,jingxiango
3280,16855071,Janvi_ch,"2026-09-13 18:22:18",1208.7,2,janvich
3281,16674295,"Nguyễn Minh Hiếu","2026-09-19 07:44:18",1208.4,2,endermage
3282,16852383,"Ahmed Mostafa #2","2026-09-27 21:11:57",1208.1,2,republic966
3283,16845165,Tanuki_boosting,"2026-09-13 12:41:51",1207.9,2,miyamotodaiya
3284,16914244,Poemcourt,"2026-09-17 11:14:15",1207.8,1,poemcourt
3285,16840588,Q.Ai,"2026-09-13 19:36:27",1207.6,2,"alperennbaran,hseyinemre134"
3286,16877958,"Igor Buinyi","2026-09-27 06:33:31",1207.4,2,buinyi
3287,16822395,"Vladimir Galatenko","2026-09-24 02:41:17",1207.0,2,vladimirgalatenko
3288,16893402,tedo,"2026-09-15 00:05:46",1206.9,2,takuroedo
3289,16656312,"retiring to farm","2026-09-25 14:55:10",1206.6,2,"avnermlim,belati,hilariusjeremy,matthewpramana,nicholasarditirta"
3290,16630784,"🚜 Sub-Par Seedlings","2026-09-29 07:21:33",1206.2,2,"dwellement0baser,michaellist,oneupkiwi,wilhelmberghammer"
3291,16709504,U023,"2026-09-14 16:44:14",1206.2,2,ryutek
3292,16858523,"Taivanbat Bayarsaikhan","2026-09-24 08:03:28",1206.1,2,taivnaaiwnl
3293,16710466,"Charles Backman on LinkedIn","2026-09-14 14:14:42",1206.0,2,charlesbackman
3294,16684704,LIQUIDHORSE,"2026-09-14 17:57:58",1205.6,1,liquidhorse
3295,16780995,"Silver Surfer","2026-09-25 09:29:46",1205.5,2,hausch11
3296,16769435,"Nguyễn Mạnh","2026-09-21 04:23:56",1204.7,2,nguyenmanh97
3297,16870577,"Kenan Zhang9","2026-09-21 02:18:25",1204.5,2,kenanzhang9
3298,16624109,"Nguyễn Thế Minh Đức","2026-09-15 01:01:29",1203.3,2,nguynthminhc
3299,16862912,"Nicolas Krusche","2026-09-15 00:03:10",1202.9,2,nicolaskrusche
3300,16731577,RYnerv,"2026-09-14 11:33:32",1202.6,2,rynerv
3301,16809721,siren2345,"2026-09-22 14:35:50",1201.9,2,siren2345
3302,16918530,lingsio,"2026-09-22 06:17:59",1201.9,2,shinshengchiou
3303,16653127,"Talim Aushakhman","2026-09-15 17:29:46",1201.6,2,talimaushakhman
3304,16670504,Shirabe,"2026-09-17 03:00:23",1201.3,2,carlmakt
3305,16713335,"Muhammad Imran","2026-09-14 09:42:21",1201.2,2,muhammadimranchitral
3306,16863335,"Bright Choice AI","2026-09-30 11:07:06",1200.9,2,brightchoiceai
3307,16810030,fukumayo,"2026-09-30 14:20:02",1200.8,2,fukumayouta
3308,16660020,"Gaddam Shiva Teja","2026-09-30 10:38:55",1200.8,2,shivateja005
3309,16802410,"Aleksandr  Larko","2026-09-14 02:42:42",1199.6,2,alexxanderlarko
3310,16688808,"Niranjan Nakkala","2026-09-25 11:28:27",1199.5,2,niranjanmudhiraj
3311,16868001,"Young MacDonald","2026-09-18 15:16:22",1199.5,2,natert
3312,16897519,SShota-box,"2026-09-30 05:01:21",1198.7,2,sshotabox
3313,16682892,"Alvaro Llamojha","2026-09-24 06:44:17",1198.6,2,alvarollamojha
3314,16863498,Jackmama-nolfwin,"2026-09-13 04:36:37",1197.9,2,nolfwin
3315,16729765,"Caio Ruiz","2026-09-29 10:41:34",1197.5,2,chvruiz
3316,16728321,Rohitt_94,"2026-09-30 07:20:33",1197.5,2,rohitt94
3317,16838362,"Yixuan Yang","2026-09-29 18:19:26",1196.8,2,easoney
3318,16884932,torvile,"2026-09-13 05:54:14",1196.0,2,torvile
3319,16694346,ywwywww,"2026-09-14 07:52:56",1195.6,2,ywywww
3320,16761418,"Piggy Piggy","2026-09-14 23:37:49",1194.7,2,txgg123
3321,16701612,Kiki,"2026-09-29 08:49:39",1194.7,2,rouiou
3322,16796133,NoMoreThan20Words,"2026-09-15 00:19:25",1194.4,2,nomorethan20words
3323,16881818,gradfield21,"2026-09-12 15:44:29",1193.5,2,gradfield21
3324,16858207,"David Wang","2026-09-29 03:39:12",1193.0,2,renew66
3325,16855088,Re:dorf,"2026-09-15 12:44:10",1193.0,2,reydorf
3326,16885807,S3unburst,"2026-09-13 10:25:40",1192.8,2,s3unburst
3327,16654322,"Debatreya Biswas","2026-09-24 14:55:19",1192.4,2,debatreyabiswas
3328,16796235,"Keside Onyeocha","2026-09-20 01:25:05",1192.4,2,kesideonyeocha
3329,16884861,Sky,"2026-09-13 07:20:40",1192.3,2,dhaksheshwarm
3330,16832226,"DI27 RF","2026-09-13 02:34:01",1192.3,2,di27rf
3331,16928266,"Arun Khatua","2026-09-24 05:25:15",1192.2,2,arunkhatua
3332,16797154,"Elvern Neylmav Tanny","2026-09-13 23:37:07",1192.1,2,elvernneylmavtanny
3333,16734901,Breaking1800,"2026-09-30 14:04:20",1191.4,2,breaking1800
3334,16809200,v0m0v,"2026-09-13 12:09:18",1191.0,2,maguchiya
3335,16843303,inori315,"2026-09-14 13:31:27",1190.9,2,inori315
3336,16635973,"Code by Nadiia","2026-09-24 11:05:35",1190.4,2,codebynadiia
3337,16642846,"Leonid Zaporozhets","2026-09-26 09:30:34",1190.3,2,leonidzaporozhets
3338,16725856,"Abhi Datta","2026-09-30 16:04:35",1189.9,2,abhidatta87
3339,16748559,GodofThunder2407,"2026-09-13 06:18:15",1189.1,2,godofthunder2407
3340,16802843,Dream,"2026-09-16 02:45:24",1189.0,2,"jamesl8,tzeweilim"
3341,16731501,"Shiv Satyam","2026-09-13 22:14:15",1188.9,2,shivsatyam
3342,16871483,carnivore,"2026-09-30 04:45:31",1188.0,2,prapproved
3343,16667766,vasujain7,"2026-09-14 17:44:19",1187.7,2,vasujain7
3344,16715216,Colin,"2026-09-15 12:36:41",1187.5,2,umcolin
3345,16845112,"Robert Baburin","2026-09-20 18:23:29",1187.5,2,robertbaburin
3346,16880953,IAMNAMNAM,"2026-09-30 06:14:25",1187.2,2,iamnamnam
3347,16865854,lancerhim,"2026-09-14 04:18:21",1187.1,2,lancerhim
3348,16881755,MudassarPAPI,"2026-09-14 08:59:06",1186.9,2,mudassarpapi
3349,16892272,"Leo #3","2026-09-14 15:44:18",1186.0,1,leo123321
3350,16696099,moss,"2026-09-13 09:31:52",1185.5,2,kenyashimizu
3351,16854439,"Yosef Zoabi","2026-09-13 21:05:15",1185.5,2,yosefzoabi
3352,16766796,panda__MB__maximus,"2026-09-27 05:24:45",1185.4,2,tanishmohokar09
3353,16660041,"Hoàng Quốc Việt ","2026-09-13 04:56:59",1185.2,2,viethwang3i
3354,16867375,YUXUCH,"2026-09-27 13:45:23",1184.5,2,yuxuch
3355,16624073,SoftRL,"2026-09-29 23:29:10",1183.7,2,"maruichi01,ppocharl,puws06,tatsukisato,unikina"
3356,16949344,M1R0OFFICIAL,"2026-09-24 00:09:03",1183.6,1,m1r0official
3357,16727219,"Chukka Venugopalam","2026-09-29 16:11:45",1183.4,2,chukkavenugopalam
3358,16915222,FriedLoop,"2026-09-30 06:07:09",1183.2,1,friedloop
3359,16629873,UncleWKTK,"2026-09-13 05:24:28",1182.8,2,unclewktk
3360,16753925,"Tyler Durden","2026-09-15 08:06:49",1182.5,2,jeedimetlacharan213
3361,16866868,mr_children_0617,"2026-09-14 13:01:56",1181.8,2,mrchildren0617
3362,16942588,Isabe11aM00re,"2026-09-25 19:37:41",1181.8,2,"dan1e1c1ark,henryy0ung,isabe11am00re,s0ph1amart1n"
3363,16847763,MartinZiserman,"2026-09-11 23:53:37",1181.5,2,zarmii
3364,16871327,"Anh Bui","2026-09-18 04:29:28",1181.3,2,bibanh
3365,16715066,akahane,"2026-09-16 21:06:58",1181.3,2,shuheiakahane
3366,16879614,"Razvan Stancioiu","2026-09-22 20:24:54",1181.0,2,razvanstancioiu
3367,16885455,"Ali Azizi","2026-09-19 12:36:06",1180.6,2,aliazizi1
3368,16633773,copasta,"2026-09-13 06:16:43",1180.5,2,copasta
3369,16881631,"Arjun Sharma","2026-09-12 14:47:32",1180.0,2,arjundsharma
3370,16881121,Annsatz,"2026-09-14 14:59:00",1179.0,2,ansatzkong
3371,16884368,LaManbo,"2026-09-13 10:51:44",1178.6,2,encizhang
3372,16630418,butterchicken,"2026-09-25 08:17:33",1178.6,2,"ritanshuprasad,sriramlingavel01"
3373,16623152,"agentic warriors","2026-09-30 07:12:02",1178.4,2,"ibadia,isabellawoo01"
3374,16622820,"Sergey Nefedov","2026-09-13 18:00:39",1177.6,2,sergionefedov
3375,16907576,"Dat Nguyen Viet","2026-09-30 11:05:00",1177.1,2,datnguyenviet
3376,16810141,"Sijie Ma","2026-09-13 14:22:49",1177.1,2,"dimashitong112,sijiema"
3377,16782564,"Chris Tu","2026-09-29 05:14:24",1176.1,2,christu831004
3378,16881882,Fl,"2026-09-14 21:42:24",1175.6,2,flagon
3379,16807802,嘴爷,"2026-09-29 03:07:21",1175.5,2,zui0711
3380,16780279,"N Divij","2026-09-12 18:30:06",1175.3,2,divijio
3381,16625050,"how to place pokemon","2026-09-28 19:36:41",1175.2,2,ktverdov
3382,16702424,BHarisankar_07,"2026-09-30 03:26:05",1174.1,2,bharisankar07
3383,16654848,DovyDigital,"2026-09-25 00:28:21",1173.9,1,dovydigital
3384,16862390,huytngo,"2026-09-13 02:44:09",1173.8,2,huytngo
3385,16886066,latentb,"2026-09-13 11:55:55",1173.7,2,latentb
3386,16686155,梁圣的恩情还不完,"2026-09-14 14:08:46",1173.5,2,yyyyhhhhwww
3387,16852377,"Zhong Lyu","2026-09-25 08:57:10",1173.0,2,zhonglyu
3388,16932705,tan014,"2026-09-30 15:17:54",1172.7,2,tan014
3389,16798152,"A secretive person","2026-09-18 14:09:57",1171.8,2,asecretiveperson
3390,16859745,111,"2026-09-25 16:54:39",1171.5,2,guoz112
3391,16943817,Ranbeer06052009,"2026-09-27 08:23:55",1171.2,2,ranbeer06052009
3392,16884902,yovrini,"2026-09-13 05:49:06",1170.7,2,yovrini
3393,16632743,"Krizsó Gergely","2026-09-30 16:35:05",1170.5,2,lucifer19
3394,16785884,TX,"2026-09-30 17:11:29",1170.1,2,realrudraa
3395,16864988,"jiangling wang","2026-09-13 10:59:00",1169.8,1,jianglingwang
3396,16805144,heliosli,"2026-09-29 06:29:19",1169.7,2,heliosli
3397,16630803,"Mirza Milan Farabi","2026-09-13 21:59:25",1169.4,2,mirzamilanfarabi
3398,16806146,"Factual Explorer","2026-09-12 20:05:48",1169.1,2,factualexplorer
3399,16869555,"Karthik Nambiar","2026-09-15 07:13:16",1169.0,2,karthiknambiar387239
3400,16839489,Q1du,"2026-09-12 10:12:02",1168.5,2,zjecust
3401,16639642,c-number,"2026-09-13 03:29:40",1168.5,2,cnumber
3402,16749352,"Ian Virchenko","2026-09-14 10:23:15",1167.9,2,yvainr
3403,16707865,"bb aa","2026-09-20 09:47:41",1167.6,2,bbaa233
3404,16859690,Molood,"2026-09-10 20:30:43",1167.5,2,molooda
3405,16669843,"hikaru kitagawa","2026-09-21 04:20:12",1167.2,2,hikarukitagawa
3406,16881267,"juu meng","2026-09-13 07:07:40",1166.9,2,juumeng
3407,16641309,klog,"2026-09-12 04:48:32",1166.7,2,mhrzmmhrzm
3408,16715912,"Hiroshi Sakiyama","2026-09-25 15:56:51",1165.8,2,hiroshisakiyama
3409,16946333,KIT,"2026-09-23 09:13:30",1165.6,2,ray6767
3410,16629699,radiant-allomancer,"2026-09-11 00:50:02",1165.1,2,radiantallomancer
3411,16671596,Sibato,"2026-09-22 00:41:44",1164.9,2,sibato
3412,16875464,tllswelp,"2026-09-13 11:07:16",1164.7,2,tllswelp
3413,16878707,"Shiva Somasundaram Balaji","2026-09-13 05:58:09",1164.6,2,shivasomasundaramb
3414,16657587,PxlPau,"2026-09-13 00:34:27",1164.5,2,studybeetutoring
3415,16643554,"Arnie Jimenez","2026-09-16 16:50:18",1164.2,2,arniejimenez
3416,16881613,refluxor,"2026-09-12 14:44:46",1163.8,2,refluxor
3417,16808829,"Shiyuan Wang","2026-09-30 14:48:06",1163.4,2,ricardoevolto
3418,16722849,"Dhruv Bansal","2026-09-27 09:01:17",1162.6,2,dhruvb2028
3419,16855665,"Yash Yadav","2026-09-27 07:10:51",1162.3,2,yash2072005
3420,16862944,Luchsus,"2026-09-14 23:29:16",1162.0,2,jansteindlstarlinger
3421,16688313,"Gnosys Labs","2026-09-18 00:56:10",1161.9,2,gnosyslabs
3422,16660250,Moshel,"2026-09-12 23:06:43",1161.8,2,moshel
3423,16875733,Fronta,"2026-09-13 06:47:59",1160.8,2,mirichima
3424,16881521,Juniperss,"2026-09-12 14:16:09",1160.7,2,juniperss
3425,16826555,AioRaito,"2026-09-30 16:38:02",1160.0,2,aioraito
3426,16850105,Pantheon,"2026-09-14 07:40:15",1159.8,2,skyenxt
3427,16862806,kitsada,"2026-09-19 09:59:59",1159.7,2,wangwaen
3428,16737041,presucc,"2026-09-13 04:13:37",1158.9,2,presucc
3429,16942143,Simosc,"2026-09-27 10:58:32",1158.8,2,simosc
3430,16716867,"Kevin Gemilang","2026-09-19 04:52:17",1158.6,2,kevingemilang
3431,16881237,"Chunlai Li","2026-09-26 12:30:35",1158.2,2,lichunlai123
3432,16669038,"Nabeel Shar","2026-09-13 09:17:32",1158.0,2,nabeelshar
3433,16855035,"rock paper scissors","2026-09-29 13:05:01",1158.0,2,downbythesallygarden
3434,16733298,"Damian Kuraś","2026-09-29 22:13:05",1157.7,2,damiankuras
3435,16718937,62326368,"2026-09-29 07:17:48",1157.7,2,mooniim
3436,16663929,"Erman Man","2026-09-12 02:05:39",1157.6,2,ermanman
3437,16854939,nusrati,"2026-09-30 15:40:44",1157.5,2,nusrati
3438,16708546,"Blue Rain","2026-09-12 04:15:32",1156.6,2,bluefeather386
3439,16833013,"Tariq Alyami","2026-09-30 11:42:09",1155.8,2,tariqalyami
3440,16692725,"Zhen Li","2026-09-12 10:05:10",1155.4,2,zhenlisak
3441,16948046,"Jeroen Cottaar","2026-09-23 14:38:47",1155.2,2,jeroencottaar
3442,16775571,Gaurav06520,"2026-09-15 12:38:42",1154.6,2,gaurav06520
3443,16724976,Soham,"2026-09-30 12:29:51",1154.3,2,soham308
3444,16748933,Lixrixy,"2026-09-30 11:24:41",1154.3,2,lixrixy
3445,16669604,"Abhijit Pise","2026-09-30 06:46:11",1154.0,2,abhijitpise
3446,16657265,"Hemant Kumar","2026-09-18 13:53:47",1153.9,2,hemantrajputt
3447,16845314,ryvhii,"2026-09-21 06:51:36",1153.6,2,ryvhii
3448,16801457,"Anthropic Banned My Account","2026-09-30 17:11:04",1153.6,2,subaru486
3449,16905838,lin_,"2026-09-24 12:41:31",1153.1,2,linabohachuk
3450,16630315,janson,"2026-09-29 04:31:06",1152.7,2,johnjanson
3451,16632266,"(ノ◡ <)","2026-09-29 17:44:24",1152.4,2,nawfeelrahman1124444
3452,16882304,"Lokesh Prajapat","2026-09-12 18:20:47",1152.4,1,lokesh0252
3453,16881783,novasync88,"2026-09-12 15:27:48",1152.3,2,novasync88
3454,16870485,agentic,"2026-09-16 19:21:30",1152.2,2,"audiuphile,mark5221,sidchevvan"
3455,16784516,pejipej,"2026-09-29 17:25:04",1152.2,2,pejmaneghbali
3456,16657486,"Turhan TAS","2026-09-30 10:48:14",1152.2,2,turhantas
3457,16748487,Hiters,"2026-09-11 00:54:16",1152.0,2,mikehongsz
3458,16664761,"Udit Jain #2","2026-09-12 00:14:14",1150.2,2,iamudit
3459,16949285,"Subham Sharma","2026-09-29 08:21:03",1149.3,2,subsh2004
3460,16867005,cryptvector2,"2026-09-11 13:22:09",1148.9,2,cryptvector2
3461,16942273,"Sravanthi Kovvuri","2026-09-23 12:14:18",1148.5,2,sravanthikovvuri
3462,16762494,西松大祐,"2026-09-30 08:53:36",1148.1,2,wep212
3463,16783173,"Michael Shihong Zhang","2026-09-13 05:39:27",1147.3,2,"excelexx,festyve"
3464,16782196,"jingyang tu","2026-09-28 08:59:23",1147.1,2,jingyangtu
3465,16662984,"Mark Schatza","2026-09-17 18:27:19",1147.1,2,markschatza
3466,16663166,Rey4Dan,"2026-09-30 17:12:36",1146.8,2,rey4dan
3467,16700510,"Shadow Recon","2026-09-30 05:01:24",1146.0,2,gaurav065
3468,16654109,"Mohamed Amine Aichaoui","2026-09-22 21:38:11",1145.2,2,mohamedamineaichaoui
3469,16858414,wantOchange,"2026-09-13 01:00:32",1145.1,2,wantochange
3470,16880407,kimuraaa,"2026-09-21 07:58:10",1145.0,2,kimuraaa
3471,16859409,wia'ma,"2026-09-26 00:45:31",1144.5,2,wangyiqicy
3472,16860160,Kohei_,"2026-09-30 00:39:18",1144.3,2,confirm
3473,16697736,"Daniel Correa","2026-09-26 16:35:27",1144.3,2,dcorrea1
3474,16930280,greyhound,"2026-09-29 22:10:52",1144.0,2,tapaskd123
3475,16885599,Suiban,"2026-09-27 12:44:09",1143.9,2,suiban410219
3476,16868685,"Kotaro Simizu","2026-09-11 20:39:54",1143.7,2,"kotarosimizu,mahiro1214"
3477,16808020,"Pulkit Arora 🇮🇳","2026-09-11 09:15:58",1143.5,2,pulkittarora
3478,16670715,i3,"2026-09-24 08:33:45",1143.4,2,ishijima
3479,16713281,SirShifu,"2026-09-10 22:19:52",1143.2,2,sirshifu
3480,16883478,Aggri_goon,"2026-09-16 10:48:29",1143.2,2,ryonagakubo
3481,16942429,"yangjian zhu","2026-09-26 01:53:40",1143.1,2,yangjianzhu
3482,16623665,Giba,"2026-09-30 14:05:53",1142.9,2,titericz
3483,16669461,"suzy su","2026-09-12 12:38:38",1142.6,2,suzysu997
3484,16658291,"Meenal Sinha","2026-09-30 10:16:39",1142.3,1,meenalsinha
3485,16705907,Adrià,"2026-09-30 12:19:31",1142.1,2,adriamb3
3486,16885770,"Rahul Jangra","2026-09-13 10:13:19",1142.1,1,leonado10000
3487,16814701,e0970145,"2026-09-10 11:43:21",1141.3,2,maxxtucker
3488,16867327,Zorvella,"2026-09-11 03:16:36",1141.0,2,zorvella
3489,16830984,lizhengui,"2026-09-13 06:34:44",1140.2,2,lizhengui
3490,16876040,hgh404,"2026-09-28 20:00:36",1140.1,2,"gamejoker,hgh1024"
3491,16741542,"let cats farm","2026-09-19 22:33:26",1139.6,2,amonkizawa
3492,16881585,Venqira,"2026-09-12 14:31:19",1138.7,2,venqira
3493,16725287,NoahRyan,"2026-09-30 08:52:37",1138.0,2,beginner080
3494,16920623,yeqinxin,"2026-09-27 23:55:38",1137.9,2,yqx123456
3495,16688587,yamashu,"2026-09-21 01:17:33",1137.7,2,yamashuuu
3496,16731911,"liu bo","2026-09-29 05:53:39",1137.5,2,liuboo45586
3497,16654715,"Aqib Raza","2026-09-30 06:34:51",1136.8,2,aqibrazadev
3498,16734447,"Ali Bauyrzhan","2026-09-30 10:06:04",1136.7,2,alibauyrzhan
3499,16705318,arminhej96,"2026-09-22 05:17:55",1136.7,2,arminhej96
3500,16627194,GzmCR632,"2026-09-11 07:01:14",1136.6,2,gzmcr632
3501,16699455,vijaikm,"2026-09-22 11:56:07",1136.6,2,vijaikm
3502,16843892,luxinyayaya,"2026-09-15 03:23:21",1136.6,2,luxinyayaya
3503,16623213,zulfikar.khalwaniev,"2026-09-30 14:40:03",1136.3,2,khalwaniev
3504,16661667,"Wufang Hong","2026-09-10 07:14:27",1135.7,2,wufanghong
3505,16857624,flatton,"2026-09-16 23:02:27",1135.6,2,tomokifujihara
3506,16772090,"SHIVAJI SHAIK","2026-09-20 07:13:54",1135.6,2,shivajishaik
3507,16770055,"san yin26","2026-09-15 08:14:39",1135.2,2,"amadeusan,sanyin26"
3508,16842293,"WANG HONGXIANG","2026-09-20 15:33:21",1135.2,2,wanghongxiang
3509,16772119,Workybara.ai,"2026-09-12 03:16:14",1135.0,2,workybaraai
3510,16839754,"Lauresowe 3D","2026-09-12 10:00:06",1134.9,2,lauresowe3d
3511,16659957,LeFarmers,"2026-09-24 19:10:00",1134.6,2,"jaydonjp,kuantumknight"
3512,16861544,"Hiroyuki Fujimaki","2026-09-29 16:22:27",1133.5,2,hiroyukifujimaki
3513,16864072,"Matvey Skovordin","2026-09-10 04:24:07",1133.0,1,kickassnumberone
3514,16722888,GarrieD,"2026-09-12 14:53:50",1132.9,2,garried
3515,16799598,RameshG888,"2026-09-11 08:42:57",1132.0,2,ramesh888
3516,16663808,"Fae Gaze","2026-09-10 20:30:29",1131.9,2,achievement
3517,16639746,"Kyle Wang","2026-09-30 15:34:04",1131.5,2,ky1ewan9
3518,16635233,"Szymon Kłapiński","2026-09-12 10:11:30",1131.2,2,szymonkapiski
3519,16621402,Maxim,"2026-09-27 07:05:24",1130.9,2,ektarr
3520,16628875,TakahiroHon,"2026-09-17 02:59:51",1130.9,2,takahirohon
3521,16661462,"Dania Amer","2026-09-30 12:50:04",1130.7,2,dania35
3522,16791254,player123,"2026-09-29 15:47:36",1130.7,2,prashantbhattarai093
3523,16665841,"Mohit Rao","2026-09-14 05:22:15",1129.9,2,vmohitrao
3524,16898290,"Ryan Jonathan Valencia","2026-09-17 17:33:18",1129.1,2,ryanjonathanvalencia
3525,16843384,"Anatoly Lyutov","2026-09-11 11:54:44",1129.0,2,anatolylyutov
3526,16623385,yurunougyou!,"2026-09-10 12:25:26",1129.0,2,isakatsuyoshi
3527,16862056,konchu2,"2026-09-10 11:32:13",1128.5,2,konchu2
3528,16781550,Lumberjacks,"2026-09-19 16:21:59",1128.3,2,jamesmcgarryiv
3529,16676085,"Giordano Dolenz","2026-09-11 17:20:50",1128.1,2,giordanodolenz
3530,16632527,"GIVE ME A JOB","2026-09-10 09:35:11",1127.8,2,tarokogawa
3531,16665641,"Alexander Shahramanyan","2026-09-30 16:41:01",1127.0,2,alexshah
3532,16771703,"Moomin and his farm","2026-09-12 07:03:58",1126.9,2,ataraxyyeah
3533,16698489,"JIUZHOU CHAN","2026-09-30 16:33:55",1126.9,2,jiuzhouchan
3534,16662735,"Kurian George","2026-09-11 17:16:25",1126.8,2,kuriangeorge
3535,16691270,"Piyal Chowdhury","2026-09-21 18:53:53",1126.4,2,piyalchowdhury
3536,16865917,"Yihao Wei","2026-09-13 10:07:46",1125.7,2,yihaowei
3537,16630142,zawawannko,"2026-09-11 08:03:32",1125.7,2,zawawannko
3538,16735238,DHKim0324,"2026-09-26 19:32:40",1125.4,2,dhkim0324
3539,16722818,"Mukesh R","2026-09-14 09:13:30",1124.8,2,mukeshr06
3540,16854428,"Marwan Ashref","2026-09-30 17:30:14",1124.6,2,"abobakerabobaker,karimhamada,marwanashref"
3541,16861723,"Landon Hershberger","2026-09-15 22:04:40",1124.1,2,landonhershberger
3542,16811496,Marie,"2026-09-30 07:03:05",1123.6,2,mariashatrova
3543,16683488,"Ripudaman Parmar","2026-09-19 12:56:14",1123.6,2,"ktkgpt,ripudamanparmar"
3544,16635029,"Oleg Melnik","2026-09-30 17:12:00",1123.6,2,olegmelnik
3545,16862840,"Ammar Aziz","2026-09-12 11:11:53",1123.2,2,cabtainamamr
3546,16756965,gchauhan,"2026-09-15 06:57:02",1123.0,2,gchauhan
3547,16794758,wppepi,"2026-09-09 03:06:09",1122.8,2,"foxsuzuran,malossov,wppepi"
3548,16860118,Hironobukawaguchi,"2026-09-09 11:53:30",1122.7,2,hironobukawaguchi
3549,16797847,"levski shampion","2026-09-12 23:19:08",1122.6,2,mariomalev
3550,16867407,Lanqira,"2026-09-11 03:08:56",1122.4,2,lanqira
3551,16702674,"Varun S G","2026-09-18 05:49:16",1121.2,2,warun7
3552,16634519,"Darshan Makwana","2026-09-10 10:17:03",1121.1,2,ellipticaloranges
3553,16652764,hikahika,"2026-09-11 13:31:34",1121.1,2,naganohikaru
3554,16657671,CyberRacoon,"2026-09-15 10:38:45",1120.7,2,racoontw
3555,16784992,Prasad.tgs,"2026-09-25 15:00:49",1120.0,2,sivaprasadnaidu
3556,16719364,Yeh!AIGame,"2026-09-29 02:28:32",1119.9,2,"luluyeh,yehshibang"
3557,16832866,bgaoi2,"2026-09-09 15:09:29",1119.7,2,bgaoi2
3558,16858157,osteo,"2026-09-11 01:33:23",1119.2,2,logstwo
3559,16622835,"Max Manushin","2026-09-11 01:04:29",1118.6,2,innerf1re
3560,16639731,williamrawling,"2026-09-30 00:37:09",1118.5,2,williamrawling
3561,16781506,un0o7,"2026-09-11 13:10:36",1118.3,2,hjhsdsdww
3562,16659415,PincheCabrón,"2026-09-30 17:17:52",1118.0,2,pinchecabrn
3563,16722112,nyori,"2026-09-29 01:59:42",1117.6,2,nyoriworks
3564,16849766,"Uncle Scooge","2026-09-11 13:27:24",1117.5,2,"guzzbr,pascalcoimbra"
3565,16848765,XJHya233,"2026-09-13 11:56:26",1117.0,2,xjhya233
3566,16739578,"Pietro Valocchi","2026-09-15 06:34:30",1116.9,2,pietrovalocchi
3567,16809445,takusemba,"2026-09-09 14:50:14",1116.8,2,takusembba
3568,16717549,"Adejumo Boluwatife","2026-09-11 19:09:23",1116.8,2,adejumoboluwatife
3569,16678609,quantcrypto3,"2026-09-19 01:51:13",1116.7,2,quantcrypto3
3570,16841595,Jaso1024,"2026-09-10 01:44:10",1116.5,2,jaso1024
3571,16623608,"Dmitry Larko","2026-09-08 23:05:52",1116.5,2,dmitrylarko
3572,16720797,"Vibe Farmer","2026-09-11 02:14:27",1116.4,2,pulakkantibhowmick
3573,16623309,zyvren,"2026-09-11 15:14:31",1114.9,2,"nusratahmmedmaisha,sharif485"
3574,16854815,marching_zzz,"2026-09-30 16:10:20",1114.6,2,marchingzzz
3575,16833052,"we lose some 🏆","2026-09-26 14:40:54",1114.1,2,sayangoswami
3576,16879360,"Neural Subscribed Operator","2026-09-12 06:55:46",1113.6,1,nacl3084
3577,16875671,"Nikolay Shaulsky","2026-09-28 06:23:56",1113.3,2,nikolayshaulsky
3578,16789509,"Yang Wei Hao","2026-09-09 13:02:55",1113.1,2,aichangeworld
3579,16867641,YK,"2026-09-10 17:17:04",1112.9,2,yukitashiro
3580,16710469,Qimra1729,"2026-09-11 08:09:04",1112.8,2,qimra1729
3581,16857932,"Ahmed Ansari","2026-09-16 11:57:46",1112.6,2,ahmed1ansari
3582,16670276,"Egor Trushin","2026-09-10 08:19:32",1112.3,2,egortrushin
3583,16860566,黄旭伟aaaabbs,"2026-09-27 18:45:01",1111.7,2,aaaabbs
3584,16641956,SixGODD,"2026-09-20 01:06:51",1111.4,2,sixgodd
3585,16667951,KoRo2_JP,"2026-09-30 16:32:54",1111.2,2,koro2jp
3586,16887947,"Blips and Chitz","2026-09-28 22:42:31",1111.1,2,michaelriedl
3587,16712007,"Dipin Kothavoor","2026-09-14 13:54:52",1111.0,2,dipinkothavoor
3588,16746796,kaguramena,"2026-09-10 07:13:17",1110.8,2,kaguramena
3589,16665191,JoJa,"2026-09-22 04:49:21",1110.7,2,"mojyou,noahzx"
3590,16884148,mengxc410,"2026-09-29 08:08:40",1110.7,2,mengxc410
3591,16758232,mech_39,"2026-09-10 21:20:57",1110.6,2,mech39
3592,16839821,"Stepan Pankratov","2026-09-09 14:47:50",1110.3,2,infam62
3593,16839834,nouvya,"2026-09-10 15:48:43",1110.2,2,nouvya
3594,16712329,"Andrej Carpenter","2026-09-29 05:51:20",1109.4,2,andrejcarpenter
3595,16907406,herok0809,"2026-09-16 16:49:09",1109.1,2,herok0809
3596,16658801,"Thuc Nguyen Dang 111","2026-09-13 05:21:36",1109.0,2,thucnguyendang111
3597,16667959,"Fourth Quadrant","2026-09-30 16:44:45",1109.0,2,flynnfei
3598,16844456,Touk00,"2026-09-13 04:20:04",1107.9,2,touk00
3599,16886357,"Sun Jaden","2026-09-13 21:34:56",1107.6,2,sunjaden
3600,16786496,"Lê Quang Cảnh","2026-09-12 05:44:25",1106.4,2,zhincez
3601,16743648,Hei_shao,"2026-09-28 18:48:15",1106.2,2,heishao
3602,16698134,Hossein,"2026-09-11 02:29:53",1106.1,2,tomi85
3603,16866946,truxivan,"2026-09-10 13:46:58",1105.6,1,truxivan
3604,16623298,Mikhail_Komkin,"2026-09-26 22:58:30",1105.2,2,mikhailkomkin
3605,16760509,"gnanadeepika karanam","2026-09-26 17:57:13",1105.2,2,gnanadeepikakaranam
3606,16939844,YH,"2026-09-28 13:04:36",1105.1,2,febyeji
3607,16756765,DharmParmar,"2026-09-23 01:19:56",1105.1,2,dharmparmar
3608,16640991,sometimeafter,"2026-09-09 17:35:05",1104.1,2,xinyeee
3609,16857861,Satua,"2026-09-11 06:36:26",1103.6,2,satyasrinivasanandh
3610,16672997,"Francesco Montone","2026-09-11 10:56:31",1103.4,2,francescomontone
3611,16855868,PapaSoda,"2026-09-10 17:45:16",1103.2,2,papasoda
3612,16682318,Bibek,"2026-09-13 20:49:12",1102.9,2,bibek777
3613,16890052,Code4life,"2026-09-15 16:46:33",1102.1,2,"huylngcgia,taovietducofficial"
3614,16691084,"Ke Ma Ke","2026-09-13 09:01:36",1102.1,2,kemake
3615,16863445,Mainies,"2026-09-27 23:24:23",1101.6,2,mainies7
3616,16854573,"这是 AI 的胜利","2026-09-10 09:15:16",1101.6,2,iaptainmy
3617,16731836,"Theo Venturian","2026-09-11 18:03:45",1101.1,2,theodorraulventurian
3618,16641816,"Toshiki Honda","2026-09-29 00:00:50",1101.0,2,toshikihonda
3619,16859585,momo,"2026-09-10 03:06:37",1100.2,2,fyenneyenn
3620,16740851,Zefirrr,"2026-09-28 16:38:53",1099.9,2,zefirrrr
3621,16670020,nanare,"2026-09-16 16:43:03",1099.7,2,nanaresudo
3622,16854090,"Kaichi Morimoto","2026-09-09 11:22:01",1099.7,2,kaichimorimoto
3623,16677596,Sere1n,"2026-09-11 15:08:02",1099.3,2,chacc0
3624,16860251,"Fabian Henning","2026-09-09 11:37:30",1099.1,1,crustacean
3625,16896283,"WENBO ZHANG","2026-09-24 00:48:40",1098.9,2,wenbozhang2026
3626,16808822,-lingluo-,"2026-09-22 04:22:20",1098.5,2,lingluoo
3627,16758629,karinkaito,"2026-09-16 01:08:30",1098.3,2,karinkaito
3628,16661701,premjampuram,"2026-09-09 11:13:52",1098.2,2,"aasthasinha9,anji2705,premjampuram,sheetallodhi"
3629,16858196,"Cường Dược Sĩ","2026-09-22 19:12:00",1097.7,2,cngdcs
3630,16668622,"Michael McGrain","2026-09-10 10:38:27",1097.6,2,michaelmcgrain
3631,16732409,kawhi0.0,"2026-09-10 03:44:50",1097.3,2,kawhi00
3632,16730236,加麻不加辣,"2026-09-27 14:04:46",1096.9,2,"shiyuanhe123,zihaokang"
3633,16811247,"Luca Mussino","2026-09-10 20:53:58",1096.5,2,lucamussino
3634,16840564,starlovelmj,"2026-09-09 02:16:02",1096.3,2,starlovelmj
3635,16680524,Nealdarkdarkdark,"2026-09-08 04:36:02",1096.0,2,wklyb1
3636,16851444,"Vũ Tuấn","2026-09-25 15:13:25",1095.3,2,vtunksdlvnj6
3637,16792013,"Alec Polansky","2026-09-10 01:58:49",1094.9,2,alecpolansky
3638,16669826,Jesse,"2026-09-12 07:51:27",1094.9,2,jesneuman
3639,16857939,"Le Duy Dong","2026-09-10 16:11:23",1094.6,1,lduynglduyng
3640,16634082,"Mikey Marszewski","2026-09-11 02:26:39",1094.4,2,mikeymarszewski
3641,16841960,WessonZ,"2026-09-10 02:11:20",1094.1,2,wessonz
3642,16876071,NITISH5236GOEL,"2026-09-26 05:12:35",1093.7,2,nitish5236goel
3643,16627581,AidenSong123,"2026-09-12 14:15:30",1093.7,2,aidensong123
3644,16689488,"Ming Fong","2026-09-10 02:48:20",1093.5,2,evilpegasus
3645,16657091,raw2clean,"2026-09-30 17:11:58",1093.4,2,raw2clean
3646,16870447,"louie lau","2026-09-11 08:22:30",1093.2,1,louielau
3647,16724755,K.nosaka,"2026-09-10 12:07:13",1093.2,2,kenseinosaka
3648,16861083,Shoto,"2026-09-09 15:14:42",1092.8,1,bloodymonday
3649,16709501,Galaxantic,"2026-09-09 06:02:29",1092.4,2,neel21yt
3650,16633793,adakoda,"2026-09-09 11:55:49",1092.3,2,adakoda
3651,16670879,"old macdonald","2026-09-07 16:11:15",1092.3,2,djschmit
3652,16654403,"Skibidi Six Seven","2026-09-08 14:20:24",1092.2,2,iam4722202468
3653,16808840,Devansh3007,"2026-09-10 05:02:13",1091.8,2,devansh3007
3654,16885509,HAL,"2026-09-14 07:58:55",1091.4,1,"asunalin,ljimmy2005007"
3655,16870600,"Huayu Wen","2026-09-11 14:17:55",1090.2,2,huayuwen
3656,16843047,liyuting,"2026-09-10 07:27:21",1090.0,2,lytqwq
3657,16764349,Solo,"2026-09-12 22:58:37",1089.9,2,solosolo
3658,16715205,GCarnovale,"2026-09-24 01:40:57",1089.2,2,gcarno
3659,16657290,lol-hiker,"2026-09-30 09:39:27",1089.0,2,lolhiker
3660,16861998,bobodict,"2026-09-09 17:26:50",1089.0,2,bobodict
3661,16661846,"Jeffrey Pike","2026-09-09 16:05:56",1088.9,2,jeffreypikeai
3662,16731194,"Neglected Turtle","2026-09-30 14:03:05",1088.7,2,pleaselike
3663,16630711,"Aleks Lviv","2026-09-30 16:40:43",1087.1,2,alekslviv
3664,16753710,tax_free,"2026-09-10 17:08:47",1086.9,2,taxfreepython
3665,16659670,MeeMee,"2026-09-10 07:07:22",1086.0,2,yagi46
3666,16884338,"Emmet Banker","2026-09-24 01:53:27",1085.8,2,emmetbanker
3667,16706265,questiondlmarks,"2026-09-10 06:09:35",1085.7,2,questiondlmarks
3668,16840862,HaoKwok,"2026-09-09 03:50:41",1085.5,2,haokwok2002
3669,16858113,wli889661,"2026-09-09 13:38:01",1085.1,2,wli889661
3670,16814378,"Jay Prrajapati","2026-09-09 13:53:13",1085.1,2,jayprrajapati
3671,16624303,seven,"2026-09-09 09:18:12",1084.8,2,morikawatakeshi
3672,16736120,"Ricky #2","2026-09-08 02:47:36",1084.6,2,rickyds97
3673,16750843,jammings,"2026-09-09 13:11:04",1084.4,2,jammings
3674,16779254,MaxZhuCHN,"2026-09-30 07:36:47",1084.3,2,maxzhuchn
3675,16866424,"gmmm mmod2","2026-09-11 07:38:54",1083.8,2,gmmmmmod2
3676,16657646,mountainbob,"2026-09-30 17:15:45",1083.2,2,shongpakmanoon
3677,16688130,"Lujia Liang","2026-09-16 21:00:32",1083.1,2,lujialiang123
3678,16806006,2,"2026-09-23 08:45:53",1082.9,2,smallvv
3679,16659465,AravindLochan,"2026-09-08 10:00:39",1082.5,2,aravindlochan
3680,16844672,"sleeping king","2026-09-09 02:11:59",1082.2,2,sleepingking
3681,16769885,kurushun,"2026-09-10 02:10:21",1082.2,2,kurushun
3682,16854541,yangyiqing6,"2026-09-15 06:14:21",1082.2,2,yangyiqing6
3683,16630833,"Savan Javia","2026-09-10 10:01:49",1082.0,2,savanjaviya
3684,16806879,tetsuro731,"2026-09-09 11:46:20",1081.9,2,tetsuro731
3685,16896006,jrw208,"2026-09-22 21:27:28",1081.9,2,jrw208
3686,16931056,zhangsan1224789,"2026-09-30 17:21:27",1081.6,2,zhangsan1224789
3687,16909962,"Peter Shu","2026-09-17 02:29:52",1081.4,2,petershuikun
3688,16635062,DL,"2026-09-10 04:16:38",1080.6,2,distiller
3689,16663498,"Braxton Dyer","2026-09-23 14:23:54",1080.5,2,braxtondyer
3690,16661648,"Vân Nguyễn","2026-09-15 14:45:09",1080.1,2,vunnguyen
3691,16729186,Virtute,"2026-09-16 06:25:56",1077.4,2,nameless001
3692,16689863,yukichi0403,"2026-09-29 15:20:33",1077.3,2,yukitake93
3693,16778334,"Onkar Belure","2026-09-09 16:22:19",1076.8,2,onkarbelure
3694,16777107,Pipiripipap,"2026-09-09 10:03:38",1076.7,2,yohalf
3695,16862298,"Varadaraj Borkar","2026-09-13 13:12:11",1076.6,2,varadarajborkar
3696,16765484,smsxgz,"2026-09-08 19:09:03",1076.3,2,smsxgz
3697,16908326,"Cristiano M Martins","2026-09-30 12:59:13",1076.0,2,cristianommartins
3698,16688281,"Luke Stafford","2026-09-22 15:43:55",1075.7,2,luketstafford
3699,16771337,titako0000,"2026-09-10 09:00:19",1075.7,2,titako0000
3700,16763418,overwhelmer,"2026-09-16 17:39:13",1074.9,2,overwhelmer
3701,16859804,seele,"2026-09-09 10:20:41",1073.9,1,seele1917
3702,16856437,"Roshan S. Chauhan","2026-09-14 09:33:55",1073.8,2,vrosenta
3703,16623646,"Minal kharat123","2026-09-27 16:22:31",1073.6,2,minalkharat123
3704,16630675,"Lucien de Rubempre","2026-09-30 17:27:54",1073.1,2,lucienderubempre
3705,16757123,"Sripad Modali","2026-09-16 14:48:11",1072.7,2,sripadmodali
3706,16918095,Free-joint,"2026-09-25 07:40:00",1072.6,2,"huangzehua,percivallin"
3707,16655474,Focus,"2026-09-09 12:04:51",1072.2,2,overvalueawareness
3708,16774823,fan2goa1,"2026-09-09 07:23:33",1072.2,2,zfun0926
3709,16844769,phi,"2026-09-09 18:19:54",1072.2,2,fahisplr
3710,16662066,"Yug Savalia","2026-09-30 11:21:48",1071.9,2,"priyankagarg19,yugsavalia"
3711,16715729,Ajay_Rao_43,"2026-09-09 05:25:11",1071.6,2,ajayrao43
3712,16810813,Scorn100,"2026-09-09 17:11:13",1071.5,2,scorn100
3713,16771080,"Ricky Shao","2026-09-07 17:16:14",1071.3,2,rickyshao
3714,16756592,"Abdalrahman Eissa","2026-09-25 12:47:21",1070.9,2,abdalrahmaneissa
3715,16758709,dk07dk,"2026-09-12 07:13:48",1070.9,2,dk07dk
3716,16852605,VTH,"2026-09-08 06:35:01",1070.9,2,storm2501
3717,16843635,"Просто Человек","2026-09-08 18:03:16",1070.2,2,gomunkul
3718,16763001,Eb3lss,"2026-09-09 11:08:19",1069.7,2,eb3lss
3719,16924593,"Aarav Bajya","2026-09-30 11:05:46",1069.7,2,aaravbajya
3720,16779007,nataloe,"2026-09-30 15:03:21",1069.3,2,"nathanael19,teohjiasheng"
3721,16893007,thegoatman7,"2026-09-30 15:45:21",1069.3,2,thegoatman7
3722,16848686,"xiang156 xu","2026-09-08 03:23:16",1069.1,2,xiang156xu
3723,16664619,"Trupen Patel","2026-09-08 15:52:17",1068.2,2,trupenpatel
3724,16679694,"Yaro Perventsev","2026-09-28 02:15:01",1068.1,2,yaroslavperventsev
3725,16625798,grifth,"2026-09-23 06:10:26",1068.0,2,grifth
3726,16656806,"Arshad Shemil k","2026-09-09 08:33:09",1067.4,2,arshadshemilk
3727,16815985,leemc95,"2026-09-08 21:31:33",1066.9,2,leemc95
3728,16784485,betterme,"2026-09-09 15:54:54",1066.5,2,betterme12345
3729,16759508,george-nigmatulin,"2026-09-29 22:56:45",1066.4,2,georgenigmatulin
3730,16771010,42X,"2026-09-09 13:43:36",1066.4,2,infcyx
3731,16840536,"Philip Snyder","2026-09-08 05:18:07",1066.3,2,darkhorsecodes
3732,16866567,Variiiiiii,"2026-09-11 10:09:24",1066.2,2,variiiiiii
3733,16672530,GUGUGAGA,"2026-09-30 01:12:35",1066.1,2,"ruiyangzhang23,taoguo079"
3734,16860708,"Nav N","2026-09-10 07:47:42",1066.1,2,navidata
3735,16841113,Andy,"2026-09-07 01:22:11",1065.6,2,andrewmedran0
3736,16849883,"Rifa Tamanna","2026-09-07 22:07:04",1065.4,2,rifatamanna1109
3737,16630111,jannchie,"2026-09-23 09:27:46",1065.2,2,jannchie
3738,16672241,dupakdungking,"2026-09-15 13:32:04",1063.8,2,primarizki
3739,16840819,clammpon,"2026-09-27 11:28:04",1063.8,2,clammpon
3740,16730473,Kyohei,"2026-09-08 00:42:18",1063.2,2,kyohei3
3741,16841565,"dar Zaa","2026-09-08 18:04:18",1062.6,2,darzaa
3742,16786158,"Yi-Chia Chen","2026-09-22 06:48:34",1062.3,2,threerabbits
3743,16857973,guochangZhang,"2026-09-09 04:24:41",1061.3,1,guochangzhang
3744,16641713,"ronsen sun","2026-09-11 08:01:06",1061.3,2,ronsensun
3745,16846391,"here we go","2026-09-09 05:28:41",1061.1,2,j1aliangx
3746,16718823,"Rafael Molina Castaño","2026-09-12 20:45:02",1061.0,2,rafaelmolinacastano
3747,16652173,"Shardul Gharat","2026-09-22 03:52:12",1059.8,2,shardulgharat
3748,16650824,Orsted_hitogmi,"2026-09-16 07:59:15",1059.7,2,orstedhitogmi
3749,16633445,Wal8800,"2026-09-29 17:30:35",1058.9,2,wal8800
3750,16715358,wuy1hao,"2026-09-07 10:23:01",1058.3,2,wuy1hao
3751,16657341,raccoonForest,"2026-09-08 06:45:18",1058.1,2,gkanamoto
3752,16667922,JungHwan,"2026-09-06 00:05:59",1057.9,2,najunghwan
3753,16841313,"Daniel Harkin","2026-09-09 18:24:13",1057.8,2,danielharkin
3754,16923006,"Nguyen Cat Luong","2026-09-19 21:12:51",1057.5,2,nguyencatluong
3755,16732352,ORiginators,"2026-09-09 10:47:23",1056.4,2,"sachinpandey721,sunritpal"
3756,16688450,SpiralTip,"2026-09-14 04:11:41",1056.1,2,spiraltip
3757,16660987,AdrianWang2003,"2026-09-09 09:32:53",1055.8,2,"adrianwang2003,benlou04"
3758,16842066,Atomo333,"2026-09-08 10:35:55",1055.5,2,atomo333
3759,16810299,spencersi123,"2026-09-30 17:19:53",1055.4,2,spencersi123
3760,16631400,JZ,"2026-09-20 23:44:22",1054.4,2,zhoujiachen
3761,16838807,"tony boakye","2026-09-08 11:41:30",1054.4,2,tonyboakye
3762,16808631,ALkkGame,"2026-09-14 15:16:47",1054.3,2,alkkgame
3763,16672858,Lyesterday,"2026-09-07 10:14:39",1054.3,2,ilyas93
3764,16714159,Lonnie,"2026-09-30 17:19:04",1054.0,2,lonnieqin
3765,16710546,"Russlan Ramdowar","2026-09-09 05:03:58",1053.6,2,russlan
3766,16799362,"James Weatherhead","2026-09-06 21:45:45",1053.3,2,jamesweatherhead
3767,16766171,Jonaid,"2026-09-10 22:22:27",1052.7,2,jonaidshianifar
3768,16790472,"Manurupan M","2026-09-20 07:09:36",1052.1,2,manurupanm
3769,16668748,"Harrison Interactive","2026-09-24 12:07:26",1052.1,2,nosiru
3770,16807786,St　YS,"2026-09-30 14:39:30",1052.0,2,yasunorisuzuki1182
3771,16730288,matsurih,"2026-09-30 11:38:55",1051.5,2,matsurihime
3772,16741997,hikarinosenshi,"2026-09-08 00:50:58",1051.1,2,hikarinosensh1
3773,16842645,zard599,"2026-09-26 08:29:40",1050.6,2,zard599
3774,16668647,"THIRUPATHI KANNAN K","2026-09-07 14:59:51",1050.0,2,thirupathikannank
3775,16737702,"kaneko takafumi","2026-09-28 13:15:47",1049.6,2,kanekotakafumi
3776,16726559,william,"2026-09-05 02:03:48",1049.5,2,hiricodev
3777,16717253,Sybery_AI,"2026-09-13 19:51:41",1049.4,2,syberyai
3778,16748527,Tsubasa_00,"2026-09-10 00:22:27",1048.8,2,tsubasa00
3779,16736404,¡olé!,"2026-09-08 04:30:34",1048.7,2,hjx1024
3780,16845063,"Gaston Zarate","2026-09-22 05:36:22",1048.6,2,gastonz195
3781,16841097,"Arsonist Duck","2026-09-17 20:21:55",1048.1,2,herbertthebird
3782,16840338,"Shoma Arakawa","2026-09-12 08:55:21",1047.0,2,shomaarakawa
3783,16809097,volumatic,"2026-09-10 11:00:51",1046.3,2,"kkeevviinn666,volumatic"
3784,16741563,"Paul Pawletta","2026-09-15 09:16:16",1046.2,2,paulpawletta
3785,16796014,keith70,"2026-09-08 07:18:36",1046.1,2,keith70
3786,16687716,"Joshua Fernando","2026-09-16 12:51:45",1046.0,2,joshuafernandoj
3787,16740464,"Jorrawar Grewal","2026-09-08 00:43:17",1045.5,2,jorrawargrewal
3788,16786139,Trezerg,"2026-09-09 03:22:46",1045.3,2,progtrollwarrior16
3789,16763200,"Alexander Nord","2026-09-07 18:04:42",1045.1,2,"alexandernord123,pizza987"
3790,16824014,"Kotaro Kikuchi","2026-09-30 06:25:10",1044.9,2,kotaro1129
3791,16916104,"Dayi Zhang","2026-09-30 14:10:12",1044.9,2,dayizhang
3792,16671425,"Gajenddra Raj","2026-09-11 01:18:29",1044.5,2,gajenddra
3793,16805940,Foxure,"2026-09-12 01:51:33",1044.4,2,foxure
3794,16639570,"Vishesh Banna","2026-09-08 13:07:51",1044.4,2,visheshbanna
3795,16730247,DOM-VASCONCELOS,"2026-09-23 09:45:05",1044.3,2,domcreator
3796,16700501,Konno,"2026-09-08 02:40:46",1043.5,2,nearfield1234
3797,16695242,"Utkarsh Prakash Srivastava","2026-09-08 15:55:37",1043.3,2,utkarshps
3798,16888260,"Ndabenhle Ngema","2026-09-30 17:13:00",1042.9,2,ndabenhlengema
3799,16656776,ShaoCharles,"2026-09-09 14:16:17",1042.9,2,shaocharles
3800,16661970,"BOB'S ROOM","2026-09-30 12:05:20",1042.7,2,"bobpop123447,datasutudent"
3801,16842967,yoshiki116,"2026-09-11 05:05:19",1042.4,2,yoshiki116
3802,16672549,"ReinFARMent Learning?","2026-09-11 03:38:53",1042.1,2,arksey
3803,16655109,"Tia He","2026-09-10 00:54:40",1041.9,2,altheahe
3804,16854616,"Dd National","2026-09-12 13:29:04",1041.8,2,ddnational
3805,16866086,"Table Feng","2026-09-15 15:22:21",1041.4,2,tablefeng
3806,16849295,"Israa Saede","2026-09-07 17:30:03",1041.0,1,esraaalsaeede
3807,16725851,hetspookjee,"2026-09-07 21:54:39",1039.9,2,hetspookjee
3808,16795704,haodada001,"2026-09-10 01:49:03",1039.4,2,haodada001
3809,16843173,"Hansen Zhong","2026-09-28 02:05:44",1039.0,2,onegameonedream
3810,16848095,"Risha Apps","2026-09-08 15:41:31",1039.0,2,rishaapps
3811,16677107,gagacrow,"2026-09-07 16:11:58",1039.0,2,gagacrow
3812,16824564,"piu ATI","2026-09-06 10:02:27",1038.8,2,piuati
3813,16728109,"Sidharth Hulyalkar","2026-09-11 06:16:26",1038.5,2,sidharthhulyalkar21
3814,16738506,"Rok Sechs","2026-09-30 12:17:21",1038.5,2,rokshimiz
3815,16640701,momoon,"2026-09-30 12:05:16",1038.4,2,nomuraryota
3816,16640878,"Krishna Yadu","2026-09-06 08:18:51",1038.2,1,krishnayadav456wrsty
3817,16774941,Samvrcai,"2026-09-16 22:56:19",1037.5,2,samvrcai
3818,16791712,"xiang W","2026-09-08 14:24:56",1037.2,2,"dekonsu,xiangwaaaaa"
3819,16653805,mohsen2050,"2026-09-14 18:25:43",1037.1,2,mohsen2050
3820,16845083,"Restu Anggoro Kasih","2026-09-07 12:44:58",1037.0,1,restuanggorokasih
3821,16845510,bugkeeper,"2026-09-08 06:24:57",1037.0,2,bugkeeper
3822,16773607,sky1,"2026-09-04 13:54:00",1036.1,2,skyk1jn
3823,16797251,"Nguyễn Mạnh Niên","2026-09-06 11:29:31",1035.8,2,jacobrichard312
3824,16802719,uta_ccc,"2026-09-06 07:15:44",1035.7,2,utaccc
3825,16721382,"Milan Leonard","2026-09-12 07:20:12",1035.3,2,milanleonard
3826,16794871,IMosia,"2026-09-21 08:03:49",1035.2,2,ivanmosiagin
3827,16657637,"Ronnie Atuhaire","2026-09-26 06:27:08",1035.0,2,ronnieatuhaire
3828,16810104,Mahoraga,"2026-09-27 04:29:24",1034.0,2,hemanthraju311
3829,16725081,ZhouYongqi,"2026-09-06 14:55:06",1033.9,2,xy0v0zhang
3830,16661034,"Devesh Mehta","2026-09-28 19:27:28",1033.7,2,deveshmehtaaie
3831,16637241,M4nd4l0r14n,"2026-09-07 21:50:19",1033.1,2,thiagobcunha
3832,16704613,alexbstl,"2026-09-14 01:43:31",1033.0,2,alexbstl
3833,16655501,Savko,"2026-09-21 06:02:04",1032.8,2,savchenko
3834,16724993,Bonkoturyu,"2026-09-10 07:59:12",1032.5,2,bonkoturyu
3835,16841077,melowdramtic,"2026-09-10 02:31:53",1032.3,2,melowdramtic
3836,16754974,BurntPotato,"2026-09-09 00:06:54",1032.2,2,burntpotato
3837,16801995,"XD tsui","2026-09-03 20:41:03",1032.0,2,xdtsui
3838,16797036,tksfjn,"2026-09-12 04:06:53",1031.1,2,tks3210
3839,16659711,williams,"2026-09-06 23:23:25",1031.1,2,williams
3840,16624979,"Mohamed abdelrazik","2026-09-25 20:36:52",1031.0,2,mohamed3abdelrazik
3841,16758839,"Yusuf Murtaza","2026-09-06 10:23:21",1030.8,2,yusufmurtaza01
3842,16728229,twomoon,"2026-09-08 05:22:46",1030.6,2,twomoon036
3843,16765207,Cathy,"2026-09-10 01:48:38",1030.6,2,cathyyou
3844,16842044,StackOverflowed512,"2026-09-07 17:53:32",1030.5,2,stackoverflowed512
3845,16628951,"Hiro Nomo","2026-09-30 14:34:49",1030.4,2,morinokuma3
3846,16937692,"Sergio D","2026-09-25 20:58:22",1030.2,2,ser8147
3847,16842817,darcy132,"2026-09-06 13:16:34",1030.2,2,darcy132
3848,16718788,"Paxton Tillman","2026-09-30 17:12:38",1030.0,2,paxtontillman
3849,16885684,LiYiTingTom,"2026-09-21 15:53:41",1030.0,2,liyitingtom
3850,16803592,"Bishal Lamichhane","2026-09-16 13:33:25",1029.7,2,bishallamichhane44
3851,16699246,"Labh Khatke","2026-09-11 15:53:22",1029.6,2,labhkhatke
3852,16796600,skyShenzi5822,"2026-09-08 08:06:25",1029.5,2,skyshenzi
3853,16845280,"Samuel Watson","2026-09-11 07:06:59",1029.4,2,scwatson
3854,16727536,lelelove1225,"2026-09-06 12:58:48",1029.2,2,lelelove1225
3855,16686444,"Syakirin Pahimi","2026-09-06 16:21:15",1028.5,2,syakirinpahimi
3856,16924407,"Laxmi Khilnani","2026-09-30 14:32:39",1028.5,2,laxmikhilnani2004
3857,16669715,housssaamos,"2026-09-27 16:02:39",1028.5,2,housssaamos
3858,16845426,"Erlik Khan","2026-09-13 23:03:03",1028.3,2,erlikkhan
3859,16768043,"Cropy and Paste","2026-09-13 17:56:08",1027.4,2,tfriedel
3860,16783328,AggriTrader,"2026-09-15 13:56:09",1027.3,2,leoluo
3861,16823782,yuyutech(Genuine),"2026-09-08 04:32:19",1027.2,2,yuyutechgenuine
3862,16750726,prince22466,"2026-09-26 06:40:24",1027.1,2,prince22466
3863,16838953,HHHyyds,"2026-09-05 12:31:34",1026.9,2,hhhyyds
3864,16765488,chenyinheng30,"2026-09-27 13:10:13",1026.9,2,chenyinheng30
3865,16623806,黒田彩人,"2026-09-07 21:37:20",1026.7,2,ayato0705
3866,16708880,yotsutose,"2026-09-10 10:18:49",1026.6,2,yotsutose
3867,16726889,stnick,"2026-09-05 19:13:36",1026.6,2,stnick
3868,16654068,"Renoir Vieira","2026-09-05 17:42:47",1026.3,2,renoirvieira0
3869,16654463,Mark,"2026-09-04 19:38:01",1026.2,2,robotmf
3870,16728959,"no pain no gain","2026-09-11 09:19:44",1026.1,2,ilyayurov2000
3871,16680290,prospers,"2026-09-08 05:37:42",1026.0,2,prospers
3872,16734894,"MP Gamimg","2026-09-25 10:09:15",1025.4,2,okadahiroshi
3873,16730375,Floth,"2026-09-07 15:14:58",1024.9,2,suwat513
3874,16898040,王ruizhe,"2026-09-19 07:56:03",1023.2,2,ruizhe28
3875,16764476,daviddnd,"2026-09-15 07:40:48",1022.9,2,daviddnd
3876,16854416,"Artemiy Shirokov","2026-09-08 12:53:33",1022.9,1,tema7707
3877,16778388,"straw hats","2026-09-20 14:26:24",1022.8,2,rushikeshgaonkar
3878,16719090,CHSTO,"2026-09-12 21:35:49",1022.7,2,haotianqi
3879,16745949,"Miaohua Zhang","2026-09-30 08:21:53",1022.6,2,miaohuazhang
3880,16669666,RhoenSprudel,"2026-09-11 19:08:43",1022.5,2,rhoensprudel
3881,16639800,"Yong Ming-Jia","2026-09-15 06:14:00",1022.3,2,ymingj
3882,16660477,SeaGoat,"2026-09-30 01:47:34",1022.1,2,vbandaru
3883,16697877,"Sky kun","2026-09-13 22:36:13",1021.9,2,skykun
3884,16726431,Manav,"2026-09-07 14:42:18",1021.4,2,manavsangwan
3885,16719578,blueblue222,"2026-09-11 04:36:53",1021.0,2,blueblue222
3886,16893831,"Sasan Nazari","2026-09-16 00:07:26",1021.0,2,sasannazari
3887,16840452,pan6628,"2026-09-10 04:38:21",1020.6,2,pan6628
3888,16693272,ush,"2026-09-29 23:10:50",1020.1,2,kusuha
3889,16667998,Speril,"2026-09-29 14:12:10",1019.0,2,speril
3890,16839429,"Igor Aranovsky","2026-09-08 08:55:51",1018.3,2,igoraranovsky
3891,16802039,"Anna Currie","2026-09-04 10:24:33",1018.3,2,hcnfgxsghvbkhbty
3892,16748997,wl4mb,"2026-09-27 18:02:20",1018.0,1,zhilongjaredliw
3893,16689366,"Cuong Le","2026-09-06 15:24:57",1018.0,2,ad1999
3894,16715383,"Leo Lilley","2026-09-09 03:36:39",1017.9,2,leolilley
3895,16639369,"Kyuhwan Cho","2026-09-18 23:24:42",1017.7,2,octoarden
3896,16734199,Iliamna,"2026-09-06 20:44:33",1017.4,2,decotoj
3897,16854744,"Rostislav Epifanov","2026-09-10 12:14:58",1016.3,2,rostepifanov
3898,16686424,"Thần Thoại","2026-09-08 16:58:05",1016.3,2,thanthoai
3899,16822109,Meticulousss,"2026-09-10 16:32:31",1016.2,2,meticulousss
3900,16810275,Adam,"2026-09-30 17:38:01",1016.1,2,potonglantie93
3901,16777406,"Toheeb Ogunade","2026-09-08 22:46:05",1015.7,2,toheebogunade
3902,16674720,"Prathmesh Lagdive","2026-09-27 07:25:26",1015.6,2,"aglavevaibhav,prathmeshlagdive,shriyashkurud"
3903,16697205,"Gould Research","2026-09-08 17:19:28",1015.5,2,"georgeking1,gouldh,gradybos,shanemullahy"
3904,16818508,"Napster Y","2026-09-30 13:27:55",1015.2,2,napstery
3905,16862895,"Quinn Brighton","2026-09-12 00:01:22",1015.2,2,quinnbrighton
3906,16842187,"rongkai bao","2026-09-06 05:34:57",1014.5,2,rongkaibao
3907,16660444,"Сергей Мизин","2026-09-24 16:29:09",1014.3,2,seeergo
3908,16734979,NiuLAI,"2026-09-29 07:24:41",1014.1,2,"chunsingyu,chunyinhui,jaminmei"
3909,16759913,"Peter Cnudde","2026-09-07 20:08:25",1014.0,2,petercnudde
3910,16810060,galileo680,"2026-09-05 23:45:08",1013.6,2,keter333
3911,16870585,ba,"2026-09-11 08:25:46",1013.6,2,yusukebaba
3912,16803141,"Verdant Meridian","2026-09-08 14:13:17",1013.0,2,xinweizhang003
3913,16839343,"SAURABH VISHWAKARMA","2026-09-15 17:13:31",1013.0,2,surabhv21
3914,16707639,Fujinawa,"2026-09-15 12:14:48",1012.8,2,wasshoiwasshoi
3915,16841542,Smmyth,"2026-09-06 22:18:52",1012.7,2,smmyth
3916,16838588,"Nadeem Ishikawa","2026-09-08 23:04:10",1012.6,2,nadeemishikawa
3917,16702430,"ZeLong Leo","2026-09-28 08:36:26",1012.2,2,zelongleo
3918,16860587,"Mayo Mafia","2026-09-14 12:41:03",1011.8,2,vasujain12344
3919,16725195,易研学社,"2026-09-06 07:27:43",1011.7,2,"chency17,fengwann,mingyingxin,sjojasdq,tbtbbb"
3920,16806809,air,"2026-09-06 09:54:14",1011.7,2,air041001
3921,16697923,"Vincent Debout","2026-09-12 22:24:00",1011.2,2,vdebout
3922,16662204,SM_30,"2026-09-05 15:45:06",1010.9,2,sagarmane104
3923,16853941,"Baha Enes Ören","2026-09-28 15:34:24",1010.8,2,bahaenesren
3924,16661768,"Lợi Trần Bảo","2026-09-13 19:43:53",1010.5,2,litrnbo
3925,16805509,"Adel Zebiche","2026-09-06 17:28:28",1009.7,2,adelzebiche
3926,16634336,"Arko Bera","2026-09-08 19:08:41",1009.7,2,cartoonistbeard
3927,16842273,2424,"2026-09-08 14:29:16",1009.5,2,takutonishi
3928,16854250,"Jenil Emp","2026-09-21 13:06:46",1009.2,2,jenilemp
3929,16644255,Rister,"2026-09-04 00:05:35",1008.4,2,"rister101,stharundhatri"
3930,16838898,"Minh Trịnh","2026-09-06 13:38:05",1008.3,2,minhtrinh2002
3931,16841276,EmmaL09,"2026-09-09 22:09:29",1008.0,2,emmal09
3932,16731822,Senn88,"2026-09-08 13:54:19",1007.9,2,senn88
3933,16918646,MsMarch.7,"2026-09-18 09:12:24",1007.2,2,msmarch7
3934,16832556,"Harshit Raj #2","2026-09-10 16:45:16",1007.2,2,harshitraj2123221
3935,16802630,takotakosan,"2026-09-09 03:10:10",1006.9,2,takotakosan
3936,16811890,Bobbbbbbbbx,"2026-09-03 15:25:01",1006.4,2,bobbbbbbbbx
3937,16783517,"dongdong zhang","2026-09-07 03:22:34",1006.2,2,mcdongdongzhang
3938,16806535,"zhangzhuang li","2026-09-03 18:31:12",1006.2,2,zhangzhuangli
3939,16862084,weiooocnnnnnn,"2026-09-30 08:44:04",1006.1,2,weiooocn
3940,16684947,Hoaquason,"2026-09-28 13:28:54",1005.8,2,"datnguyen0102,mibombaclat"
3941,16838520,"Niu Yuanfang","2026-09-07 07:50:24",1005.5,2,niuyuanfang
3942,16764342,malone001,"2026-09-11 08:18:49",1005.5,2,malone001
3943,16843986,"Young Jim","2026-09-07 00:05:04",1005.2,2,youngjim
3944,16730484,Esperanza,"2026-09-10 00:42:17",1004.8,2,deanpixton
3945,16657825,MilanJoshi,"2026-09-27 13:07:44",1004.7,2,mlnjsh
3946,16838305,"Zhiyan Chen","2026-09-05 09:20:32",1004.6,2,zenosga
3947,16657904,xfhdh1,"2026-09-06 09:51:45",1004.6,2,xfhdh1
3948,16707562,Snipine,"2026-09-08 01:17:09",1004.5,2,boluosnow
3949,16779321,HarryP12,"2026-09-11 16:45:35",1004.3,2,harryp12
3950,16658898,"SRI shiva","2026-09-26 13:57:49",1004.3,2,srishiva
3951,16780141,"One Zero001","2026-09-03 08:43:16",1004.1,2,onezero001
3952,16839548,"Александр Прохоров","2026-09-08 12:30:54",1003.7,2,obbwd12
3953,16644702,cracker_1_war,"2026-09-30 16:44:30",1003.6,2,cracker1war
3954,16792123,coder2403,"2026-09-12 17:08:38",1003.5,1,coder2403
3955,16904747,미카엘,"2026-09-30 16:17:31",1003.5,2,madscientist097
3956,16797063,Nianhua1,"2026-09-05 03:35:11",1003.5,2,nianhua1
3957,16663681,Kometa,"2026-09-20 06:03:24",1003.0,2,petarknezevic1
3958,16714365,meryol,"2026-09-25 21:58:42",1001.6,2,meryol
3959,16675897,"KANG ZHIPENG","2026-09-16 01:26:34",1001.0,2,kangzhipeng
3960,16810859,"Michael Silverblatt","2026-09-06 12:39:49",1000.6,2,msilverblatt
3961,16717186,"Roumak Das","2026-09-04 03:41:55",1000.3,2,roumak77
3962,16735253,银龙,"2026-09-07 07:00:02",1000.0,2,boyanyanbo
3963,16790359,"laoma fighting","2026-09-07 05:30:45",999.8,2,laomafighting
3964,16683199,"Filippo Gombac","2026-09-02 17:16:47",999.2,2,filippogombac
3965,16808178,qianyuatkaggle,"2026-09-08 00:37:32",998.5,2,qianyuatkaggle
3966,16736050,SuperZero11,"2026-09-10 07:44:19",998.2,2,anandaverma
3967,16741683,"Lance Wu","2026-09-05 02:17:10",998.1,2,lancewu722
3968,16738810,mararaa,"2026-09-04 10:21:18",997.5,2,mararaa
3969,16641099,sieru-copan,"2026-09-25 12:03:44",997.3,2,sierucopan
3970,16658946,theredbluepill,"2026-09-30 15:14:16",997.2,2,poonszesen
3971,16839209,yuuuu.T,"2026-09-06 02:01:37",996.8,2,yuuuut
3972,16869870,"Electric Weasle","2026-09-13 15:27:16",996.4,2,electricweasle
3973,16773039,zyiqun,"2026-09-04 06:12:36",995.9,2,zyiqun
3974,16623480,xmaster6y,"2026-09-08 18:26:54",995.0,2,xmaster6y
3975,16927297,galaxy2025,"2026-09-20 01:15:33",994.0,1,galaxy2025
3976,16730049,"r2d2 Dasari","2026-09-20 20:15:24",993.9,2,r2d2dasari
3977,16822414,Yassinovich,"2026-09-06 12:50:02",993.4,2,yassinovich
3978,16738820,"Ying Li","2026-09-14 15:06:54",992.9,2,lyee919
3979,16777894,"Matthew Neba","2026-09-06 21:37:08",992.7,2,matthewneba
3980,16682386,"Charbel Nehme","2026-09-30 12:10:09",992.6,2,charbelnehme
3981,16695931,"Kers Aoyagi","2026-09-05 19:24:41",992.2,2,kersaoyagi
3982,16848220,ggmljs,"2026-09-10 05:10:42",992.1,2,ggmljs
3983,16654995,"Artem Voronov","2026-09-14 11:14:51",991.4,2,artemyvoronov
3984,16820116,cotora2121,"2026-09-05 17:42:49",990.6,2,cotora2121
3985,16658409,AlexMasip,"2026-09-03 15:37:32",990.5,2,alexmasip
3986,16847311,WangYilin_henuAI,"2026-09-30 14:36:54",990.5,2,"hyhyyh,violin1,xiaoming1238952"
3987,16806587,"Dear Shark","2026-09-17 07:12:32",990.3,2,dearshark
3988,16654791,"Dev Rath","2026-09-10 16:32:18",989.8,2,devbratrath
3989,16692350,"Emerson Suarez","2026-09-30 05:07:24",989.8,2,jericksystem32
3990,16851959,Darren0724,"2026-09-11 12:15:26",989.1,2,darren0724
3991,16765763,latter0206,"2026-09-06 07:00:54",989.1,2,shoheiyamanaka
3992,16806160,"Hamza Atique ","2026-09-30 14:14:17",989.0,2,hamzaatique
3993,16764068,"Chika Komari","2026-09-02 11:18:48",988.7,2,gothamjocker
3994,16740892,"yuki matsumori","2026-09-30 17:14:16",988.6,2,yukimatsumori
3995,16635065,T88,"2026-09-07 09:02:57",988.4,2,t88take
3996,16727147,"Alan Smith","2026-09-09 11:26:14",988.3,2,acorncupcake
3997,16695229,X1a0Ch3n,"2026-09-04 16:14:07",988.3,2,xiaochen20236673
3998,16757418,Janus,"2026-09-20 02:21:48",988.3,2,khaled1alhasan
3999,16678462,"Eric Han Wang","2026-09-22 22:39:00",988.2,2,ericwang03
4000,16732433,syuuuuu,"2026-09-06 12:53:05",987.8,2,syuuuuukun
4001,16664293,"Adam Lloyd","2026-09-05 07:12:04",987.6,2,alloyd256
4002,16814716,edder0798,"2026-09-29 09:38:40",987.3,2,"edder0798,wangxi608"
4003,16841667,Zwxiang123,"2026-09-06 01:27:21",987.1,1,zwxiang123
4004,16845366,cdaden,"2026-09-08 06:00:19",986.9,2,cdaden
4005,16736111,hexingwei33,"2026-09-30 12:22:07",986.6,2,hexingwei33
4006,16790542,shiba-inu,"2026-09-21 14:06:32",985.9,2,npinpi
4007,16825772,liujieyou,"2026-09-14 12:01:35",985.6,2,liujieyou
4008,16730834,TomoyaM,"2026-09-10 00:00:39",985.6,2,tomoyamiyaake
4009,16747577,"Nolan BONHOMME","2026-09-03 13:22:05",985.3,2,nolanbonhomme
4010,16651792,LX,"2026-09-02 10:29:49",985.1,2,sunnylx
4011,16756902,"Matt Palmer","2026-09-06 04:17:51",985.1,2,palmsey
4012,16675351,-Beterraba,"2026-09-05 18:45:27",985.1,2,"afonsoo,miguelottoni"
4013,16775506,"lin qiy","2026-09-05 13:32:19",984.9,2,linqiy
4014,16717756,Dominick,"2026-09-28 16:36:55",984.8,2,kcinimod
4015,16745351,ChrisXie,"2026-09-08 02:14:19",984.8,2,chrisstan
4016,16811433,"Bx LLLLLLLL","2026-09-05 21:54:10",984.7,2,bxllllllll
4017,16695521,"Chen Ken","2026-09-28 12:43:30",984.5,2,nutastray
4018,16816445,"Danila Lebedev","2026-09-08 13:54:33",983.8,2,danilalebedev
4019,16719083,"Justin Mai 16","2026-09-07 22:30:10",983.5,2,justinmai16
4020,16730707,"James Michael","2026-09-04 14:12:29",983.4,2,ingenio
4021,16665700,张广麒,"2026-08-31 08:41:33",982.4,2,zzggqq
4022,16667731,"Agent 33","2026-09-24 19:53:19",982.1,2,agent33
4023,16843970,dharana77,"2026-09-24 08:27:42",981.9,2,ylee4574
4024,16732221,ringbearer,"2026-09-27 00:04:05",981.8,2,mehmetbarankrat
4025,16808433,thenokol,"2026-09-07 12:26:33",981.7,2,thenokol
4026,16871907,"Junya _318","2026-09-14 04:15:18",981.6,2,junya318
4027,16771605,Psyrax,"2026-09-17 16:00:11",981.5,2,psyrax012
4028,16688642,"Natalia Mawyin","2026-09-05 11:08:38",980.8,2,nmawyin
4029,16659430,"John Keith Weber","2026-09-06 16:32:54",980.5,2,johnkeithweber
4030,16781110,yqz,"2026-09-04 17:57:19",980.4,2,yuqizheng
4031,16673250,Prashant,"2026-09-04 16:46:37",980.3,2,"kajalsinghrajpoot,prashantxo"
4032,16771397,its_mrz,"2026-09-07 17:48:52",980.3,2,itsmrz
4033,16804549,Feidudu,"2026-09-04 15:51:54",980.2,2,zenanshao
4034,16721237,phoenixai0,"2026-09-08 14:15:57",980.0,2,phoenixultra
4035,16753646,"[Deleted] 7d100524-25e6-4751-98db-b4fdce26a5ee","2026-09-02 14:22:45",979.6,2,del=effabded1aa6d176
4036,16721688,"Hi Im Ryo","2026-09-04 15:05:22",979.6,2,loto610
4037,16785924,Abhinav_26104,"2026-08-31 15:17:41",979.4,2,abhinav26104
4038,16798174,"Jan Bartos","2026-09-07 22:28:55",978.8,2,janbartos
4039,16672040,"Tom Yim","2026-09-07 04:31:34",978.8,2,tomyim
4040,16848645,"Chee Keong Sim","2026-09-10 14:59:11",978.5,2,cheekeongsim
4041,16707702,"anton leyn","2026-09-08 16:30:11",978.5,2,antonleyn
4042,16725793,Krilin,"2026-09-03 18:41:48",978.4,2,krilin
4043,16806394,Flowers,"2026-09-02 04:03:16",978.3,1,"guyueyuan,oliver34,wu12138test"
4044,16858618,NaokaK,"2026-09-09 06:58:14",978.0,1,naokak
4045,16734813,"Johan BONILLA MENDIETA","2026-09-05 15:23:38",977.8,2,johanbonillamendieta
4046,16857923,Haruki.O,"2026-09-12 08:23:32",977.6,2,ho0707
4047,16662810,HarshitSama,"2026-09-19 10:23:32",977.5,2,harshitsama
4048,16626462,mango,"2026-09-04 01:11:13",977.4,2,mango789
4049,16927279,santa9150,"2026-09-29 22:58:48",976.9,2,santa9150
4050,16935054,"jae young ji","2026-09-28 08:01:50",976.8,2,sayul0102
4051,16743788,"Emmanuel Lo","2026-09-04 13:07:50",976.7,2,emmanuello
4052,16899030,CardPilotLab,"2026-09-17 00:32:05",976.4,2,EldieEnfiel
4053,16808352,Rheinmetall,"2026-09-25 16:34:55",976.2,2,rheinmetall
4054,16659210,HASHP100D,"2026-09-05 11:23:41",975.6,2,hashp100d
4055,16675739,"Jithendra Maddala","2026-09-12 05:12:26",975.4,2,jithendramaddala
4056,16672128,Cliffton,"2026-09-30 04:45:40",975.3,2,rieltzx
4057,16639979,naphthalene,"2026-09-01 10:40:26",975.1,2,"aaa0342,leehyungjoon,minjek,trv449"
4058,16639520,"Cary Jin","2026-09-05 22:54:44",975.0,2,strigiformes
4059,16657395,"Uchechukwu Ajuzieogu","2026-09-03 14:10:11",974.9,2,uchechukwuajuzieogu
4060,16810802,"Musa Khan","2026-09-03 16:40:12",974.7,1,lazer999
4061,16860049,Himanshu,"2026-09-15 12:12:33",974.6,2,himanshuffbfujbf
4062,16666296,A.P.R.I.L,"2026-09-12 16:42:30",974.2,2,puneeth333
4063,16761641,Diavolo,"2026-09-05 09:31:08",974.1,2,jeanmarcbah
4064,16686827,Kronki,"2026-09-05 12:24:58",973.8,2,kronki
4065,16783521,xiannaix,"2026-09-04 09:28:00",972.9,2,xiannaix
4066,16851712,VelloNChiru,"2026-09-25 02:30:27",972.6,2,janelawrence
4067,16694186,souju00,"2026-09-14 10:52:51",972.5,2,souju00
4068,16665311,"huayang sun","2026-09-05 06:20:01",972.4,2,okami001
4069,16654266,古德拜吃,"2026-09-26 02:11:29",972.3,2,nosaewang
4070,16722995,July,"2026-09-10 10:42:05",972.3,2,julyzseven
4071,16658287,ArturoSirvent,"2026-09-12 05:20:34",972.3,2,arturosirvent
4072,16786255,OceFFFF,"2026-09-29 06:46:43",972.1,2,oceanfujimoto
4073,16623630,noobanot,"2026-09-03 12:05:20",971.8,2,noobanot
4074,16738895,SangGold,"2026-09-13 09:18:56",971.6,2,sanggold
4075,16742825,"Ritwik Raha","2026-09-05 00:03:10",971.5,2,ritzraha
4076,16824069,"Phương Nguyễn Việt","2026-09-04 03:52:08",971.5,1,phngnguynvit
4077,16824101,"Bala Murugan AIML","2026-09-04 02:20:12",971.3,1,balamuruganaiml
4078,16621831,"Tsung-Yeh, Hsieh","2026-09-09 18:31:09",971.2,2,"tsungyehhsieh,xinyuloong"
4079,16682932,"Iulian Curte","2026-09-13 10:07:59",970.8,2,iuliancurte
4080,16737937,xamad,"2026-09-01 13:19:27",970.8,2,giannicerrato
4081,16774727,"Dannya AbdulHadi","2026-09-04 11:48:50",970.6,2,dannyaabdulhadi
4082,16925327,danmleo,"2026-09-28 12:05:14",970.3,2,danmleo
4083,16818589,"Rachmat S. Haryadi","2026-09-10 16:48:09",970.0,2,rachmatsharyadi
4084,16695556,"Prajwal Dongre","2026-09-20 05:45:05",969.8,2,prajwaldongre
4085,16838821,小等等,"2026-09-16 07:41:23",969.2,2,atwelve
4086,16742470,AK,"2026-09-06 07:57:50",968.7,2,aman1391
4087,16702429,iamlonely,"2026-09-08 16:27:53",968.6,2,iamlonely
4088,16757417,otter_0714,"2026-09-29 14:15:51",968.4,2,otter0714
4089,16728103,Immutable,"2026-09-06 21:33:16",967.7,1,dishcleaner
4090,16717113,"Dovydas Ruokis","2026-09-11 19:58:21",967.4,2,dovydasruokis
4091,16664518,senxichong,"2026-09-18 08:01:00",967.1,2,senxichong
4092,16797393,lingmingzi,"2026-09-05 04:36:26",966.9,2,lingmingzi
4093,16634239,"Radhakrishnan Guhan","2026-09-29 19:38:03",966.8,2,rmsgrk
4094,16655381,"Varshith K","2026-09-30 06:29:25",966.5,2,var3604
4095,16706442,tipstar0125,"2026-09-05 11:50:46",966.3,2,dragonty
4096,16790658,lxymmd,"2026-09-10 07:59:16",966.0,2,lxymmd
4097,16836457,Andrew9603,"2026-09-06 12:28:37",966.0,2,benxvyan
4098,16811637,mohui666,"2026-09-03 09:21:41",966.0,2,mohui666
4099,16729192,1m0ke,"2026-09-30 17:25:03",966.0,2,smokelate
4100,16662568,RaghavMundhra1,"2026-09-23 22:44:35",965.7,2,raghavmundhra1
4101,16734225,"Vijay athithya ","2026-09-02 07:06:29",964.7,2,vijay09
4102,16659776,"Ben Hamilton","2026-09-08 23:36:18",964.3,2,kineticaxisstudio
4103,16725410,LE4VES,"2026-09-08 09:27:15",963.6,2,le4ves
4104,16839975,AlexHan,"2026-09-05 13:16:50",963.5,1,gksgusrb1212
4105,16779652,cheezyp,"2026-08-31 06:26:25",963.2,2,cheezyp
4106,16799554,dengddd,"2026-09-03 15:30:23",962.8,2,dengdgq
4107,16768323,thuvuduy16,"2026-08-31 18:59:54",962.7,2,thuvuduy16
4108,16626655,"Surya milenial","2026-08-30 08:21:22",962.3,2,suryamilenial
4109,16632231,"Samrish B","2026-09-05 18:17:55",961.9,2,samrishb
4110,16655311,"Plant City Planter","2026-09-02 19:03:12",961.4,2,michaellombard
4111,16847289,"Hengxiang Yu","2026-09-21 07:24:59",961.0,2,hengxiangyu
4112,16818689,Takashi,"2026-09-28 02:07:32",961.0,2,takashi1
4113,16713540,Anruan,"2026-09-05 16:45:53",960.8,2,xiaowanshen
4114,16682195,celefefwefwe1,"2026-09-02 16:48:52",960.6,2,celefefwefwe1
4115,16794740,"Alexander R Luz","2026-09-11 16:15:45",960.4,2,alexanderrluz
4116,16794841,thisArmin,"2026-08-31 04:29:30",959.0,1,thisarmin
4117,16729092,"ayman elamin","2026-09-27 17:35:45",958.9,2,aymanelamin
4118,16660121,10pi,"2026-09-30 08:30:09",958.3,2,meredith10pi
4119,16743191,"Ryoya Kochiyma","2026-09-05 13:28:19",958.1,2,"kazutotakekuma,ryoyakochiyma"
4120,16677252,カワシギ,"2026-09-27 02:30:34",957.9,2,kawashigi
4121,16657594,"Wojciech Krasowski","2026-09-02 20:37:04",957.5,2,ci3l4k
4122,16661304,"Jonathan Roy","2026-09-14 17:05:57",956.9,2,jonathanroy7
4123,16791752,bayachay,"2026-09-13 02:26:18",956.7,2,bayachay
4124,16698340,"Yanxi Jiang","2026-08-26 03:24:55",956.5,2,yanxijiang
4125,16782954,"Team Dajiang","2026-09-19 13:02:19",956.1,2,"jihuaye,toolazyhhh123"
4126,16623890,"rapika rosalia","2026-09-01 17:40:24",956.0,2,rapikarosalia
4127,16748187,"Violet Notes","2026-09-09 13:20:38",955.8,2,dominicjamil
4128,16811502,"Avi Porath","2026-09-14 04:33:01",955.7,2,aviporath
4129,16750273,"Nil Lic","2026-09-14 16:44:57",955.6,2,nillic
4130,16659215,"Zhizhou Sha","2026-08-31 12:43:52",954.2,2,zhizhousha
4131,16727544,"Mostafa H","2026-09-01 10:03:53",954.1,2,mostafahaghiri68
4132,16892727,Pi,"2026-09-29 12:15:11",953.9,2,liemdt
4133,16833063,"Fidel Escalona","2026-09-30 10:54:40",953.8,2,fbescalo
4134,16786603,"Shutong Hou","2026-09-27 02:19:48",953.6,2,praxel123
4135,16862225,"Dmitriy Ershov","2026-09-30 15:09:40",953.6,2,bejeweled
4136,16639771,"DK Armada","2026-09-06 06:33:12",952.8,2,dkarmada
4137,16761167,"Tejasteju M P","2026-09-28 03:20:47",952.0,2,tejastejump
4138,16852043,"pig da","2026-09-08 05:32:31",951.8,2,qijunjie
4139,16795041,"Denis Revenko","2026-09-01 13:02:36",951.7,2,denizzko
4140,16689266,"Oleksandr Dudnev","2026-09-09 06:14:10",951.1,2,dantist
4141,16716613,Arvin,"2026-09-08 01:18:15",950.2,2,chesterx
4142,16657228,"Vladimir Babin","2026-09-30 06:04:47",950.0,2,vovababin
4143,16756630,Shreyas,"2026-08-30 09:58:08",949.7,2,shreyasdongre25
4144,16626979,"An - Claudex","2026-09-30 03:57:31",947.7,2,myotterspace
4145,16621687,ropeadope,"2026-09-30 05:57:39",947.3,2,silkross
4146,16757384,straw_Yu,"2026-09-09 01:41:11",946.5,2,strawyu
4147,16771361,"It's Ratcha","2026-09-07 18:59:25",946.2,2,itsratcha
4148,16775771,"Ewia Tng","2026-09-09 04:57:46",945.9,2,ewiatng
4149,16670527,"Balram Gupta","2026-09-18 05:06:28",945.9,2,"akankshaparab,bg28898"
4150,16655633,johnny,"2026-08-31 04:55:56",945.6,2,jonykarki
4151,16822745,Jetpack,"2026-09-28 16:25:34",945.2,2,"m1ngch1,victorye04"
4152,16795982,Vordax,"2026-09-03 18:17:12",944.8,2,vordax
4153,16655169,Musliadi,"2026-08-31 05:51:39",944.7,2,timscientia
4154,16795391,MECHINE,"2026-09-01 03:05:47",943.8,2,nainglinwai
4155,16770998,ket,"2026-08-31 22:14:53",943.8,2,kentken
4156,16936261,pigpig,"2026-09-29 12:24:40",943.7,2,"panyizhouhahaha,yanfeipu"
4157,16844154,シュークリーム,"2026-09-07 03:31:45",943.7,2,syucream
4158,16623856,aowhite,"2026-09-03 06:12:31",943.5,2,brandnewyork
4159,16718956,hassan,"2026-09-01 16:14:25",943.0,2,hasankhhan
4160,16667724,"Masashi Onda","2026-09-02 12:43:58",942.3,2,masashionda
4161,16742232,"Prema Ananda","2026-09-18 15:40:40",942.2,2,premaananda108
4162,16779831,地里偷偷尿尿,"2026-09-06 14:21:55",942.2,2,jjsdfd22
4163,16662696,"Cengizhan Tümer","2026-08-31 20:54:21",942.1,2,cengizhantmer
4164,16652912,"Kyle Ellard","2026-09-04 11:51:13",941.7,2,kyleellard
4165,16661393,"razab Bawa","2026-09-06 12:43:30",940.4,2,razabbawa
4166,16806048,duck_raccooon,"2026-09-02 15:03:04",939.7,2,duckraccooon
4167,16695695,"Siva Kumar","2026-09-30 08:26:40",939.5,2,sivapnlr80
4168,16732484,tanzaku,"2026-09-06 07:58:50",938.9,2,tanzaku
4169,16686513,Vipul_Kumar75476,"2026-09-30 01:54:19",938.3,2,vipulkumar75476
4170,16843617,Jenny124685,"2026-09-30 07:53:05",938.0,2,jenny124685
4171,16712432,hengck23,"2026-08-25 17:58:30",937.6,2,hengck23
4172,16805609,Gleb,"2026-09-01 22:11:48",937.6,1,korelin
4173,16791549,"Eugenio Schiavoni","2026-08-31 19:14:40",937.2,2,eugeniokukes
4174,16622919,Waffle,"2026-09-23 23:19:28",937.1,2,waffle3z
4175,16790233,"prateek chandra","2026-08-30 15:55:55",937.1,2,prateekchandra7005
4176,16756633,TheDanKing,"2026-08-31 05:49:23",936.9,2,thedanking
4177,16774129,"Chen Audrey","2026-09-04 13:38:19",936.8,2,chenaudrey
4178,16641893,"Kashyapsinh gohil","2026-09-30 17:26:00",936.6,2,kashyapsinhgohil
4179,16666188,"XueFeng Chen","2026-09-30 17:06:16",936.5,2,chxfmcs
4180,16871894,sx2154,"2026-09-29 02:21:14",936.3,2,sx2154
4181,16748000,"Rohit Raj Singh","2026-09-15 13:50:22",936.3,2,rohitrajsingh555
4182,16740392,"Amey Thakur","2026-08-25 12:01:41",936.2,2,ameythakur20
4183,16803930,"Farrukh Ismoilov","2026-09-02 11:30:29",936.0,2,fismoilo
4184,16769028,"Rishabh Yadav","2026-09-17 01:59:59",935.9,2,riishabhhh
4185,16633850,Pascal,"2026-09-05 04:01:56",935.1,2,pascalledesma
4186,16689569,JovanaLab,"2026-08-27 22:43:51",934.8,2,"choonesenlu,joxitsai"
4187,16693382,Sandrone,"2026-09-07 15:57:25",934.8,2,luvgoelo
4188,16669810,CREART,"2026-08-29 16:06:18",934.7,2,gustardust
4189,16765154,dreamcxy,"2026-08-31 03:54:16",934.4,2,dreamcxy
4190,16762139,AltriaE,"2026-08-25 15:27:52",934.2,2,altriae
4191,16771457,"HK Fama","2026-09-05 17:51:47",932.9,2,kenho211
4192,16630516,"Seb (allegedly)","2026-09-09 09:22:48",932.7,2,sebmallia
4193,16790931,100rabh,"2026-09-29 07:23:35",932.6,2,saurabhkumar234
4194,16783630,"fan yanbing","2026-08-30 11:33:12",932.4,2,jackpudding
4195,16624506,zhongtian,"2026-09-30 03:28:41",932.2,2,kmtbang
4196,16662222,MinerUNLEASHED,"2026-08-24 16:28:40",932.2,2,minerunleashed
4197,16752121,adhsdrtjh,"2026-08-23 15:02:25",931.4,2,adhsdrtjh
4198,16637458,OlivierS,"2026-09-09 03:41:58",931.2,2,oliviers
4199,16770927,kaptaan45,"2026-08-28 08:06:32",930.9,2,kaptaan45
4200,16662651,CoatiAI,"2026-09-16 11:06:40",930.5,2,gjhordan
4201,16793106,"Пал Лаич","2026-08-30 12:45:34",930.4,1,skypunkaudiowalker
4202,16879133,xiepengo,"2026-09-13 14:05:18",930.0,2,xiepengo
4203,16758279,"GO HIROSHIMA 2","2026-08-29 02:51:47",929.9,2,gohiroshima2
4204,16791163,woldy,"2026-09-30 05:13:09",929.6,2,woldywei
4205,16793261,Von_Feynman,"2026-08-30 13:35:43",929.4,1,terrenceluo1017
4206,16762537,Controlvector,"2026-08-25 08:28:11",929.1,2,"controlvector,yxdu01"
4207,16689697,Kmart0112,"2026-09-21 17:38:23",928.8,2,kmart0112
4208,16893654,"Arhaan Aggarwal","2026-09-24 01:14:00",928.7,2,arhaanaggarwal2
4209,16654491,"Amedeo Biolatti","2026-09-30 02:07:08",928.3,2,abiolatti
4210,16919866,"Harvey Zhang","2026-09-30 17:25:56",928.1,2,harveyel
4211,16764431,"William Diment","2026-09-14 07:50:42",928.0,2,williamdiment
4212,16655693,DePie,"2026-09-29 18:12:47",927.9,2,phucthaiv02
4213,16663584,"Deployable LLMs","2026-09-27 15:20:39",927.4,2,"lucasveronese,planetoidleser,sinhakprat"
4214,16883641,"Benedek Brandschott","2026-09-28 02:23:30",927.4,2,benedekbrandschott
4215,16773320,kaka,"2026-09-17 08:53:18",927.3,2,kakawin
4216,16741826,StackKnight,"2026-08-28 02:12:12",927.0,2,stackknight
4217,16778019,Mr.Frundles,"2026-09-03 02:21:58",926.7,2,watehell
4218,16636079,"Pawan Rama Mali","2026-09-30 15:44:53",926.7,2,pawanmali
4219,16844770,Richard,"2026-09-22 05:48:05",926.5,2,richardwg
4220,16790391,"Kevin Cao","2026-08-29 13:38:03",926.4,1,kevincao2
4221,16734290,CodeAMANSA,"2026-09-09 14:52:52",926.2,2,bcollazo
4222,16734699,PangMinShih,"2026-08-28 08:39:27",925.7,2,shihbonbon
4223,16638019,Randynho,"2026-09-15 16:13:30",924.8,2,randynho
4224,16775443,NoName,"2026-09-04 23:49:43",924.8,2,thesonalsingh
4225,16722731,"E&M Pioneer","2026-08-30 11:18:55",924.6,2,hzq2004
4226,16798544,esprit,"2026-08-31 23:47:56",924.0,1,takuji
4227,16902856,"Laura Vanegas Torres","2026-09-29 03:11:27",923.3,2,lauravanegastorres
4228,16766941,"S Kim","2026-09-10 22:16:57",922.9,2,sunnyk92
4229,16796980,ChenyuBaii,"2026-09-11 09:56:01",922.5,2,chenyubaii
4230,16668756,"Clark Kitchen","2026-09-09 00:54:50",922.5,2,clarkkitchen
4231,16664379,N_Matsumoto24,"2026-09-30 09:38:53",922.4,2,nmatsumoto24
4232,16667147,"Daksh Bhalala","2026-08-26 06:41:04",922.3,2,dakshbhalala
4233,16732813,Soomana1z,"2026-09-27 19:25:10",921.1,2,soshionodera
4234,16757704,Faustine,"2026-09-23 00:54:18",920.8,2,faustine649
4235,16752733,zjukop1,"2026-08-25 03:29:28",920.7,2,zjukop1
4236,16745416,yamato035073,"2026-08-30 22:24:34",920.4,2,yamato035073
4237,16704603,Tmaxxer,"2026-08-28 14:45:38",920.1,2,tmaxxer
4238,16634153,AnpAn_Men,"2026-08-29 19:47:31",919.9,2,anpanmen
4239,16768676,Doit,"2026-08-25 02:09:47",919.8,1,aifccnb
4240,16764738,Lucasty,"2026-08-25 07:04:36",919.1,2,lucaswty
4241,16689274,Anyeson,"2026-09-18 12:04:00",918.9,2,anyeson
4242,16758791,"qw yi123","2026-09-22 13:41:44",918.8,2,qwyi123
4243,16848720,嘎达嘎达,"2026-09-08 07:39:07",918.4,1,eggyeggygggy
4244,16743904,minamoto,"2026-08-25 16:53:16",918.4,2,usermina
4245,16760656,CharTFboy,"2026-08-24 09:19:37",917.9,2,chartfboy
4246,16762940,"Davide Andreolli","2026-09-29 13:27:24",917.1,2,davideandreolli
4247,16832186,"Noah Öksüz","2026-09-15 13:38:56",917.1,2,noahksz
4248,16691247,"Aneesh Rao","2026-08-27 17:11:07",916.8,2,sidrao2006
4249,16761788,"Corenthin Buffard","2026-08-26 13:16:28",916.1,2,cbuffard
4250,16713127,Felis,"2026-09-30 10:34:31",915.8,2,ilyaafanasenko
4251,16780317,jrcjrcjrc,"2026-09-04 06:03:51",915.6,2,jrcjrcjrc
4252,16654526,"Jin Niu","2026-08-26 18:25:33",915.6,2,gufanmingmie
4253,16672468,ComposeMage,"2026-09-08 01:51:40",915.5,2,composemage
4254,16747036,Illusion,"2026-09-04 13:34:36",914.2,2,briankimtaikab
4255,16802775," SonSheungmin","2026-09-03 06:55:03",914.1,2,sonsheungmin
4256,16838843,"qiu ji123","2026-09-12 02:58:46",914.0,2,qiuji123
4257,16664566,"Lormann ","2026-08-23 06:24:29",914.0,2,lormann
4258,16770299,"أحمد فهد الربيش","2026-08-25 09:55:13",913.7,2,ghr111
4259,16729906,"Krzysztof Madziar","2026-08-28 05:05:13",913.7,2,krzysztofmadziar
4260,16753194,"Saicharan Ramineni","2026-08-26 19:33:02",913.3,2,godlydonuts
4261,16738279,zhangshuosc,"2026-08-26 05:11:57",912.7,2,zhangshuosc
4262,16778808,"Candace Dudleson","2026-08-31 23:19:12",912.5,2,candacedudleson
4263,16742228,"bangqun ZHAO","2026-08-27 05:20:56",912.3,2,bangqunzhao
4264,16675777,"Ml BOY","2026-09-07 18:15:38",912.2,2,mlboy1
4265,16692744,"VAIBHAV RASTOGI 90","2026-09-03 23:43:33",911.7,2,vaibhavrastogi90
4266,16627472,CloverFarm,"2026-09-08 13:23:55",911.5,2,ljs2546
4267,16727214,"Jaivardhan Raahi","2026-09-24 04:34:53",910.5,2,jaivardhanraahi
4268,16716549,notoverkil,"2026-08-28 08:16:38",910.3,2,notoverkil
4269,16782227,"chen yue li","2026-09-03 01:34:30",910.2,2,yueelc
4270,16807054,"JSU xiaopoche","2026-09-03 06:35:02",910.0,1,xhmuvw
4271,16938353,"Damilola Oladapo","2026-09-30 12:00:35",909.6,2,wizardskull
4272,16727529,윤영일,"2026-09-22 10:15:57",909.4,2,iongil
4273,16709115,"PARK HYUNSIK","2026-08-26 01:51:31",909.0,2,hyunsikpark
4274,16845582,"Julio Cesar Filho","2026-09-08 06:10:03",908.1,2,juliocesarfilho
4275,16669403,mrgrishninsb,"2026-09-13 13:22:10",908.0,2,mrgrishninsb
4276,16853131,"Awesome Egg","2026-09-10 07:27:41",907.2,2,newegg
4277,16623736,Garigariyong,"2026-09-01 04:31:17",907.2,2,garigariyong
4278,16848207,vlad,"2026-09-15 11:56:09",907.1,2,khizanov
4279,16841536,"Berkay Hasret","2026-09-07 00:29:45",906.5,2,berkayhasret
4280,16840001,agheieff,"2026-09-05 13:16:29",906.5,1,agheieff
4281,16784611,sardarkhanyadav,"2026-08-28 16:45:33",906.4,2,sardarkhanyadav
4282,16935983,"Anas Zewail","2026-09-27 16:07:44",906.0,2,anashanyzewail
4283,16664537,"Lenin Goud","2026-08-27 01:07:37",905.9,2,leningoud
4284,16748647,"Adar Cohen","2026-08-24 21:27:43",905.6,2,adarcohen
4285,16755244,SZU蓝心,"2026-09-01 11:50:45",905.1,2,jiazhanliu
4286,16709246,"Tariku Mehdi","2026-09-03 00:25:56",904.9,2,tarikumehdi
4287,16675831,"Thayaparan Kumarakuru","2026-09-24 17:34:36",904.7,2,"kavishkasubashana,mrkala,thayaparankumarakuru"
4288,16830753,"youyi li","2026-09-06 02:50:01",904.3,2,liyouyi
4289,16770397,Ryu,"2026-09-03 20:15:16",903.7,2,bexultanashenov
4290,16870771,wangxt1,"2026-09-11 06:19:14",902.6,2,wangxt1
4291,16638823,YDDDDDD999,"2026-09-06 18:22:40",902.3,2,ydddddd999
4292,16779063,"Yendrew Y","2026-09-30 14:31:30",902.2,2,yendrewy
4293,16674310,"Ayaz Ahmed Kazi","2026-08-29 18:49:13",901.7,2,ayazahmedkazi
4294,16748907,EdwardHwang@123,"2026-08-24 15:32:00",901.7,2,edwardhwang123
4295,16759705,2nod,"2026-09-19 02:17:04",901.1,2,tsunoten
4296,16662819,THeLAB,"2026-09-25 16:30:40",901.0,2,feuorme
4297,16658280,"Hemanth Reddy Katta","2026-09-14 22:15:43",900.9,2,hemanthreddykatta
4298,16733708,RyanHo,"2026-08-29 03:59:12",900.4,2,ryanrx
4299,16894622,"Matthew B","2026-09-23 08:29:26",900.0,2,mcb68945
4300,16693663,"YoungCheol Son","2026-08-27 00:51:34",899.1,2,sonyc5720
4301,16666195,"Yihan Guo","2026-08-28 08:44:06",898.9,2,yihanguo
4302,16778489,dataWr3cker,"2026-08-28 20:40:52",898.6,2,gourabr0y555
4303,16665753,"Mansour A. S. Ataa","2026-08-26 10:28:34",898.5,2,profmansoor
4304,16838736,"kauan cassiano","2026-09-05 06:42:48",898.4,1,kauancassiano
4305,16822583,"TA ME CHEM","2026-09-13 09:26:11",898.4,1,tamechem
4306,16692639,"Bharat Kumar0925","2026-09-04 19:52:25",898.4,2,bharatkumar0925
4307,16699488,"Kelvin Lai","2026-09-29 14:18:05",898.2,2,kelvin84hk
4308,16663767,"Tommy Mancino","2026-08-31 23:03:57",898.2,2,tommymancino
4309,16828844,"SHOUHEI IKEDA","2026-09-06 23:29:56",897.4,2,shouheiikeda
4310,16736579,rk777848,"2026-09-30 08:13:58",897.1,2,rk777848
4311,16665337,BHackers,"2026-08-26 17:13:11",896.8,2,clarencepagaduan
4312,16660492,"Deven Bagul","2026-08-29 11:56:30",896.5,2,devenbagul
4313,16861578,Markura,"2026-09-19 04:56:28",895.8,2,markura
4314,16708965,"Witold Dziurdz","2026-09-30 14:47:48",895.7,2,witolddziurdz
4315,16745499,"lurs lurs","2026-09-30 07:44:01",895.7,2,lurslurs
4316,16729413,KharinTymofii,"2026-09-30 17:35:09",895.5,2,kharintymofii
4317,16707193,"radji kraim","2026-08-26 11:53:17",895.1,2,radjikraim
4318,16639796,rmizuta,"2026-08-28 15:07:43",894.6,2,rmizuta
4319,16630323,kaggricultureomnidimensionalut,"2026-08-28 10:51:28",894.4,2,kumarandatascientist
4320,16730705,chris,"2026-09-30 13:14:07",894.3,2,chris62
4321,16720720,道海孤舟,"2026-08-21 06:59:41",894.3,2,unseenanch
4322,16744905,"Nator X","2026-08-26 22:15:29",894.1,2,natorx
4323,16672202,HealthStone,"2026-08-29 21:04:07",893.5,2,healthstone
4324,16758152,MiguelLFCG,"2026-08-30 11:20:49",893.4,2,miguellfcg
4325,16750457,"Adrian Ricardo da Silva","2026-08-25 11:21:43",893.3,2,adrianricardodasilva
4326,16738461,monnosuke,"2026-09-30 13:09:12",892.1,2,shiomi1012
4327,16690567,"Falih Kaleel","2026-09-29 12:47:31",892.1,2,alphajet185
4328,16661772,R3ddrag0n,"2026-09-02 19:43:09",891.6,2,r3ddrag0n
4329,16691154,UnknownRobi,"2026-08-31 22:50:27",891.5,2,canrobichaud
4330,16727379,"Nicholas Chua","2026-08-20 16:28:44",891.4,2,nickckb
4331,16680967,Tyooughtul,"2026-08-16 00:58:06",891.0,2,yooughtul
4332,16729554,"JingSong Yang","2026-08-28 05:33:55",891.0,2,jingsongyang
4333,16730449,S.Y.,"2026-09-25 17:12:44",890.9,2,sysd00
4334,16696098,Valmorlee,"2026-08-23 19:40:07",890.6,2,valmorlee
4335,16759075,"Michael Day","2026-08-24 10:38:52",890.4,2,michaelday99
4336,16904612,"Naveen Reddie","2026-09-18 04:19:28",889.8,2,naveenreddie
4337,16658500,"abhinav rai1","2026-09-26 21:08:47",889.6,2,abhinavrai1
4338,16753125,"Rudransh Singh Rathore","2026-08-26 03:10:23",889.5,2,rudranshsinghrathore
4339,16778358,"Lê Nguyễn Việt Cường","2026-08-28 03:46:51",889.4,2,lengvietcuong
4340,16666057,StopPlantingStartGameTheorying,"2026-09-08 07:53:27",889.0,2,mymelodyenjoyer
4341,16701633,"Jacob Davis","2026-08-23 15:06:50",888.9,2,jacobtdavis
4342,16782984,crinoid,"2026-09-02 10:59:06",888.8,2,takemi
4343,16716991,XristosFilip,"2026-08-18 16:43:34",888.5,2,xristosfilip
4344,16842071,buddyY26,"2026-09-07 13:06:08",888.2,2,buddyy26
4345,16738899,Grayden_Lee,"2026-08-21 11:42:07",887.9,2,haozelii
4346,16856449,Sting,"2026-09-16 17:12:20",887.9,2,sarlnovax
4347,16794205,"kiwi apple","2026-09-01 18:56:25",887.6,2,kiwiapple
4348,16774410,"Rishabh Roy","2026-08-26 09:01:38",887.6,1,rishabhr0y
4349,16945082,"Colin's COK and Friends","2026-09-29 14:29:55",887.0,2,"emartinez22,genericcname,sammchargue"
4350,16670297,"Gebreab K. Zewdie","2026-08-26 00:22:15",886.9,2,gzewdie
4351,16729225,"Aayush Sigdel","2026-09-03 15:47:50",886.9,2,aayushsigdel
4352,16733748,"Ashutosh Agarwal","2026-09-30 10:46:31",886.8,2,ashutoshagarwal088
4353,16752018,三浦桂基,"2026-08-30 04:00:30",886.3,2,keikipc
4354,16753831,zhangjiaweii,"2026-09-04 07:26:21",886.2,2,zhangjiaweii
4355,16732446,"Nuri DUDAK","2026-08-29 09:00:59",886.1,2,nuridudak
4356,16730320,Rosebuddychomp,"2026-09-12 07:54:11",886.1,2,rishabhshetye
4357,16664683,"Halapeño Farms","2026-09-14 00:35:12",885.8,2,haladaj
4358,16665214,Epiphany_Thu,"2026-08-21 12:06:53",885.5,2,epiphanythu
4359,16766320,vp_mass,"2026-08-25 20:19:08",885.4,2,vpmass
4360,16933477,curlybaboon,"2026-09-21 12:52:19",885.0,2,curlybaboon
4361,16699772,MrAnalyst,"2026-09-05 10:43:49",884.9,2,mranalyst
4362,16732381,Raphdraft,"2026-09-03 01:11:34",884.8,2,raphdraft
4363,16844277,"Akash Chanran","2026-09-09 16:48:32",884.7,2,"akashchanran,shruti9345"
4364,16729372,"Gaspard Plt","2026-08-17 21:58:55",884.6,2,gaspardplt
4365,16736250,Yizhi,"2026-08-31 06:03:48",884.1,2,yizhitao
4366,16779275,XuetingWang,"2026-09-01 08:50:53",883.9,2,snoopy262
4367,16663569,XYZ,"2026-09-27 12:56:02",883.8,2,h249748fkv7lyhik897
4368,16685450,Nadeem,"2026-08-25 09:21:14",883.8,2,nadeembinshajahan
4369,16745312,"Alexie Huynh","2026-08-22 08:27:27",883.5,1,alexiehuynh
4370,16692272,Ddere008,"2026-08-21 18:43:56",883.2,2,ddere008
4371,16621741,"Andrey Naymushin","2026-08-24 09:46:41",882.9,2,andrewsokolovsky
4372,16728901,dqvide,"2026-08-17 19:53:39",882.8,2,dqvide
4373,16724228,LSS0334,"2026-08-26 00:15:54",882.5,2,lss0334
4374,16731074,UmutUygurr,"2026-09-30 09:13:18",882.5,2,"dilahbaheci,umuttuygurr"
4375,16685074,"Emir Can","2026-08-30 20:16:36",882.5,2,aerospacer
4376,16690308,"Fatima Sarhan","2026-09-29 14:20:44",882.5,2,fatimasarhan
4377,16666468,"J Penman","2026-09-09 07:04:10",882.4,2,jpenman
4378,16784133,"HASNAIN HAIDER","2026-09-01 17:02:27",882.3,2,techzero
4379,16732851,chenry2003,"2026-08-24 02:27:53",882.2,2,chenry2003
4380,16768955,Hunedjekdsfkd,"2026-08-25 03:56:30",882.1,1,hunedjekdsfkd
4381,16763444,"crazy achiever","2026-08-28 18:51:13",881.9,2,crazyachiever
4382,16705328,"Ester Arias","2026-09-29 15:26:07",881.7,2,esterarias
4383,16754560,Kam,"2026-08-21 14:02:39",881.6,1,kamting
4384,16844343,"Gotovtsev Artyom","2026-09-29 18:12:31",881.4,2,artemgotovtsev
4385,16724452,Jay,"2026-08-20 00:34:34",881.1,2,jayshimada
4386,16660233,ko9ma,"2026-09-08 08:42:33",881.0,2,kohojung
4387,16622627,"Erik van de Ven","2026-09-23 14:18:28",881.0,2,erikvdven
4388,16725342,little_d1d1,"2026-08-16 04:24:39",880.8,2,littled1d1
4389,16716081,"dunky su","2026-08-23 06:36:50",880.7,2,dunkysu
4390,16769082,"Little Xi","2026-08-26 03:31:32",880.4,2,littlexi0
4391,16693193,"Efrain Garay","2026-09-04 20:55:13",880.1,2,efraingaray7
4392,16771843,"Surekha Ramireddy","2026-09-01 15:34:18",879.9,2,surekharamireddy
4393,16716930,"Direc M","2026-08-31 04:54:06",879.7,2,direcm
4394,16726281,rperez04,"2026-08-22 23:15:13",879.2,2,rperez04
4395,16655718,eveyxy,"2026-09-05 08:58:28",879.1,2,eveyxy
4396,16675704,reeemii,"2026-08-26 08:51:15",879.1,2,reeemii
4397,16738721,"Luan Kunyu","2026-09-04 07:05:21",878.6,2,luankunyu
4398,16656394,"Pushkar K.G","2026-08-18 09:29:08",878.6,2,dejokz
4399,16664477,"The T-MAN","2026-08-26 18:51:40",878.5,2,otmaneelmahda
4400,16670118,"Álvaro Benítez","2026-08-29 15:46:04",878.5,2,lvarobentezlvarez
4401,16719262,sadjeen00,"2026-08-14 02:15:50",878.4,1,sadjeen00
4402,16769795,"Edi Marian","2026-08-25 11:01:09",878.3,2,edimarian
4403,16755071,"Varun Rao","2026-08-26 18:46:59",878.3,2,varunraosfanlkan
4404,16754086,Beenvvv,"2026-08-25 05:57:29",877.9,2,beenvvv
4405,16671694,evananann,"2026-08-19 07:46:36",877.5,2,evananann
4406,16715244,uri_kkyhr,"2026-08-15 04:53:37",877.4,2,urikkyhr
4407,16712943,"Cesar Marcondes","2026-09-04 13:20:02",877.2,2,cmarcond
4408,16658245,ziliangCok,"2026-08-28 16:08:13",876.8,2,ziliangcok
4409,16753618,mushichou4,"2026-08-22 10:20:51",876.7,2,mushichou4
4410,16764206,yanjixiang,"2026-08-25 11:37:34",876.7,2,yanjixiang
4411,16885658,Mio,"2026-09-30 14:40:20",876.6,2,mio114
4412,16736138,Anand,"2026-08-21 06:00:12",876.3,2,gazzal
4413,16857747,ru-shao,"2026-09-30 08:25:50",876.3,2,"shaoxw,souwaka"
4414,16738657,Mactorr,"2026-09-02 22:44:15",876.2,2,mactorr
4415,16685160,Yura,"2026-08-17 07:27:50",876.1,2,yuratrubitsyn
4416,16761019,"yiwen hou","2026-08-25 14:48:43",876.0,2,hevenhina
4417,16756750,Charu,"2026-08-22 00:45:03",875.5,2,charu13a
4418,16629403,Galza98,"2026-09-20 06:26:24",875.3,2,galza98
4419,16710459,Nironiro,"2026-09-30 17:20:05",875.2,2,nironiro
4420,16765215,"arlenjim ","2026-08-24 19:32:48",875.1,2,arlenjim
4421,16668700,"Pranshu Ghori","2026-08-17 22:02:35",875.1,2,pranshughori
4422,16635681,"Shubham Phapale","2026-09-05 12:46:36",874.9,2,shubhamphapale
4423,16740159,CY,"2026-09-05 09:33:08",874.8,2,aimeny
4424,16721070,LiuChen1350,"2026-08-26 05:30:30",874.8,2,liuchen1350
4425,16875537,HeIIo.Darkness,"2026-09-13 23:22:12",874.7,2,heiiodarkness
4426,16680065,Vishodhan,"2026-08-14 23:46:15",874.6,2,vishodhan
4427,16675610,"Srikar Medisetti","2026-08-30 12:06:25",874.5,2,deathaunter
4428,16664459,gngnher,"2026-09-29 23:58:23",874.4,2,ryanshunsuke
4429,16765313,Hosuke,"2026-09-01 04:19:31",874.3,1,hosuke
4430,16733932,"Jasper Turnidge","2026-08-24 06:36:23",874.2,2,jasperturnidge
4431,16713007,"Jerry Hwa","2026-09-23 11:52:48",874.2,2,"jerryhwa,richarrdyu"
4432,16665543,"Charan Manthena","2026-09-06 08:59:20",874.2,2,charanmanthena
4433,16726994,bird,"2026-08-23 05:00:19",874.1,2,whitebird
4434,16876214,Yunfei_Z,"2026-09-17 16:32:21",873.9,1,zhaoyunfei
4435,16728067,"Chenzhao Li","2026-08-18 08:04:21",873.7,2,heartquest
4436,16925475,AdrianValerio,"2026-09-20 04:21:19",873.7,2,adrianvalerio
4437,16712185,"Vishal Khomane","2026-09-02 15:32:38",873.3,2,vishal567
4438,16856021,PSI,"2026-09-08 19:26:40",873.3,1,vinayak121
4439,16651088,ych~sun,"2026-09-11 13:06:05",873.3,2,ychsun
4440,16712535,"Benjamin Beaujard","2026-08-18 11:03:03",873.1,2,benjaminbeaujard
4441,16675655,TrebolNoir_,"2026-09-01 12:59:42",873.1,2,trebolnoir
4442,16664120,SaiDuttaAbhishekDash,"2026-08-21 20:30:01",873.0,2,saiduttaabhishekdash
4443,16658983,"Titi Huang","2026-09-19 03:19:15",872.7,2,titihuang
4444,16666147,"Khalid Bin Hethlain","2026-09-30 17:15:45",872.5,2,khalidbinhethlain
4445,16759813,tyf_scu,"2026-08-23 17:11:18",872.5,2,tyfscu
4446,16660840,"An Garcia","2026-09-25 14:11:29",872.1,2,angarcia
4447,16666165,ChrisLeiteScha,"2026-08-24 15:20:36",872.0,2,chrisleitescha
4448,16793229,"Waseem Mushtaq","2026-08-30 13:38:14",872.0,1,waseemmushtaq045
4449,16634093,gezi,"2026-09-09 08:07:03",872.0,2,goldenlock
4450,16714498,Zubekanov,"2026-08-18 01:14:49",872.0,2,zubekanov
4451,16665927,"bhavya shah","2026-08-17 11:06:22",871.8,2,bhavyashah007
4452,16722330,"Jean-Louis Roy","2026-08-31 07:44:08",871.8,2,jeanjean111
4453,16755921,"Natnael Yerga","2026-08-24 16:43:22",871.5,2,natnaelyerga
4454,16666665,Team-Veraxion,"2026-08-31 08:24:24",871.1,2,"anuragvelekat,ayushiitomar,faizmemon,hariharigandikota"
4455,16886319,novacryptic,"2026-09-13 12:37:51",871.1,2,novacryptic
4456,16708185,XiaoYan12,"2026-09-13 17:57:28",871.0,2,xiaoyan12
4457,16677577,"Harsha Vardhan Konisa","2026-09-13 17:33:53",871.0,2,harshavardhankonisa
4458,16725335,"Chris #2","2026-08-29 15:32:47",871.0,2,kagglecompetechris
4459,16725304,"Alexandru A","2026-08-29 07:34:25",870.9,2,alexandrua01
4460,16767625,"Saurabh Yadav","2026-08-24 17:56:22",870.9,1,saurabhyadav1305
4461,16709824,pizzahut,"2026-09-19 20:23:22",870.8,2,csalazoltntams
4462,16764545,ArX,"2026-08-24 09:44:45",870.7,2,arx1993
4463,16683193,Paami,"2026-08-24 01:21:00",870.1,2,coldpaami
4464,16733576,"Ojas Aklecha","2026-08-17 18:34:02",869.9,2,ojasaklecha
4465,16758634,Ernnnn4u,"2026-08-24 17:00:46",869.8,2,ernnnn4u
4466,16724584,"Jinx JK","2026-08-18 09:08:26",869.6,2,jinxjk
4467,16841296,Flesymevoli,"2026-09-06 08:49:58",869.6,2,flesymevoli
4468,16638177,stpete_ishii,"2026-08-30 05:35:41",869.4,2,stpeteishii
4469,16674447,"Nathan Thor","2026-09-30 05:43:14",869.2,2,devofpie
4470,16677592,keniii,"2026-08-25 00:29:31",869.2,2,kartheeswaran28
4471,16722319,"༺ANIS YT༻","2026-08-19 13:08:47",868.6,2,anisyt
4472,16733297,sohasoha42,"2026-08-18 17:50:51",868.4,2,sohasoha42
4473,16715579,Uvais,"2026-08-24 00:58:56",868.4,2,joshuaedwinjacobv24f
4474,16739898,"solo levelling","2026-08-18 21:08:16",868.4,2,munibmemon
4475,16664164,"Elzandi Irfan Zikra","2026-08-15 15:53:21",868.1,2,"dyahayuretnoningsih2,zangetsufuin"
4476,16926532,"Akash Shah","2026-09-30 15:47:19",867.9,2,akashshah3
4477,16769769,"Artur Shafiev","2026-08-29 05:29:31",867.7,2,arturshafiev
4478,16630839,steubk,"2026-09-25 05:24:44",867.7,2,steubk
4479,16870431,"Adam Brink","2026-09-11 11:09:17",867.5,2,adambrink
4480,16729273,"Munib Ur Rehman Memon","2026-08-24 20:48:08",867.3,2,muniburrehmanmemon
4481,16634172,"Mario Cicala","2026-09-05 03:06:37",867.1,2,mariocicala
4482,16739363,kulukkuluu,"2026-09-29 14:51:31",866.9,2,kulukkuluu
4483,16744043,Take,"2026-08-23 14:17:27",866.9,2,takeuchidaisuke2001
4484,16742048,SuperGiantLam,"2026-08-25 02:08:17",866.8,2,zptpsz
4485,16709203,Ayush_Patel,"2026-08-25 03:34:12",866.8,2,ayushpatel1305
4486,16751992,Coding4Fun07,"2026-09-27 12:31:57",866.7,2,coding4fun07
4487,16655877,"Harish K","2026-08-25 19:09:49",866.6,2,harishk2209
4488,16623470,rurumi,"2026-09-02 05:21:15",866.0,2,rurururumi
4489,16756557,"Marius Heuser","2026-08-24 21:41:31",866.0,2,mariusheuser
4490,16716697,"Habil Tobi","2026-08-28 20:57:52",865.8,2,habiltobi
4491,16764422,"ong bee","2026-09-09 02:25:57",865.8,2,ongbee
4492,16743016,"MD Zeeshan","2026-08-20 18:13:32",865.7,2,makrovh
4493,16802892,YUYA,"2026-09-06 08:34:05",865.5,2,yuyaizumikawa
4494,16800775,SunSeeker染汐,"2026-09-01 16:47:33",865.4,2,sunseekerrx
4495,16740399,"Lynn Pigott","2026-08-24 03:32:08",865.3,2,lynnpigott
4496,16757566,"Ankit Kumar","2026-08-23 12:03:53",864.9,2,imankit57
4497,16727842,"Iadh Jarray","2026-08-17 13:45:11",864.8,2,iadhjarray
4498,16772803,"Linneu Holanda","2026-09-25 02:25:46",864.7,2,linneuholanda
4499,16683813,WangQrkkk,"2026-09-23 15:58:31",864.7,2,wangqrkkk
4500,16779780,SiVitr2fDrXS.2N,"2026-08-30 15:06:17",864.5,2,sivitr2fdrxs2n
4501,16654021,"Swachhith B","2026-08-24 08:40:04",864.4,2,swachhithb
4502,16780130,与君作田,"2026-08-29 14:01:35",864.4,2,zhaoxi1244
4503,16771994,"Jaden Tang","2026-09-15 09:28:23",864.2,2,"aayanshah,jadentang17"
4504,16732792,amaotone,"2026-08-20 14:27:36",864.0,2,amaotone
4505,16711928,Leraaaa,"2026-09-26 11:32:14",863.8,2,leraaaa
4506,16644145,"Mehdi Azouz","2026-09-07 11:22:07",863.2,2,mehdiazouz
4507,16625241,"Mutoy Choi","2026-09-01 07:42:20",863.1,2,mutoy1
4508,16657553,graceyunliu,"2026-09-16 02:43:23",862.7,2,graceyunliu
4509,16756925,"Dread Development","2026-09-05 11:38:51",862.1,2,"dreaddevelopment,seanornberg"
4510,16690970,"Raoul Biagioni","2026-08-22 06:37:40",861.9,2,raoulbiagioni
4511,16759625,gkg223,"2026-09-03 19:17:02",861.6,2,gkg223
4512,16691946,"Hassan Algizani","2026-08-13 20:20:09",861.5,2,hassanalgizani
4513,16639250,"Hamed Seyed-allaei","2026-08-21 19:11:09",861.1,2,pinocchio
4514,16792329,"Kumkum Barot","2026-09-30 09:23:48",861.0,2,kumkumbarot02062003
4515,16664002,"Guilherme Zanini de Sá","2026-09-28 20:31:16",861.0,2,guilhermezaninides
4516,16725432,Ezra,"2026-09-10 21:42:30",861.0,2,ezberch
4517,16774237,"Dennis SH Lai","2026-08-30 17:21:31",860.9,2,dshihlai
4518,16698930,MrKiwi,"2026-08-19 09:34:31",860.8,2,mrkiwi
4519,16675905,HydFarms,"2026-08-30 11:22:11",860.7,2,"kumaramar,ronithjaju,shiveshcgatech,vidhishah115"
4520,16715319,ocha_heaven,"2026-08-19 13:10:14",860.6,2,ochaheaven
4521,16643125,"CARLOS CAADA ROSTRO","2026-08-21 19:23:34",860.3,2,carloscaadarostro
4522,16725441,lemon1219,"2026-08-21 15:37:35",860.0,2,lemon1219
4523,16718572,MLarpers,"2026-08-22 14:06:48",860.0,2,"koteikachannel,mrhornetik"
4524,16743216,xerkey,"2026-09-08 13:52:41",859.8,2,xerkey
4525,16699745,"Norbert Szolnoki","2026-08-18 11:39:55",859.7,2,norbertszolnoki
4526,16729691,YinuoChen271,"2026-08-17 15:42:51",859.6,2,yinuochen271
4527,16770952,"Satyajeet Kumar","2026-08-25 20:42:40",859.5,2,m4rcuseryx
4528,16738745,"Anh Quân","2026-08-24 13:41:30",859.1,2,qunanh
4529,16846297,"Zihan Ni","2026-09-07 08:06:53",858.7,2,lunangai
4530,16654548,DataSluts,"2026-08-28 07:00:12",858.6,2,"rahulmedida,siddarthnayak50,sivasu07"
4531,16770884,VegetabledogNeo,"2026-08-31 01:23:25",858.5,2,vegetabledogneo
4532,16661784,"XU XUXIANG","2026-08-27 12:57:06",858.4,2,"mikeaaaa14,xuxuxiang"
4533,16755091,Charlie,"2026-09-29 15:41:04",858.3,2,zephyrlennox
4534,16721383,"Emon xu","2026-08-21 16:14:05",858.2,2,emon0xuyym
4535,16667324,"Muhammed selim Bilic","2026-08-26 17:02:17",858.1,2,muhammedselimbilic
4536,16656584,Spintronic,"2026-08-19 15:24:17",858.0,2,spintronic
4537,16666054,Ani,"2026-09-04 21:33:20",857.7,2,anirudhk333
4538,16660268,"Sébastien Mametz (Pixs)","2026-08-14 09:08:39",857.3,2,sbastienmametzpixs
4539,16924409,Obsidian,"2026-09-30 09:24:50",857.3,2,edwardkhunt
4540,16701362,"Papa Annan","2026-08-20 21:26:39",857.3,2,papaannan
4541,16625339,kazusw,"2026-09-23 06:28:56",857.1,2,kazusw
4542,16936191,WDK777,"2026-09-23 16:12:36",857.0,2,wdk777
4543,16698214,Juandix,"2026-08-18 03:35:51",856.6,2,juandix
4544,16667734,SuroRitch,"2026-08-15 16:23:52",856.3,2,suroritch
4545,16664128,"Michael Todd Overdorf","2026-08-17 00:32:51",856.1,2,michaeltoddoverdorf
4546,16675503,"Jeff Marc E. Cadet","2026-08-30 17:56:07",855.8,2,jeffmarcecadet
4547,16665336,"maoyuan ma","2026-08-18 11:41:09",855.8,2,maoyuanma
4548,16708226,asi1024,"2026-08-16 13:14:53",855.5,2,asi1024
4549,16719414,SahilKumarTolani,"2026-09-10 16:16:07",855.3,2,sahilkumartolani
4550,16744127,Faiz,"2026-08-21 20:33:33",855.2,2,souraditya26
4551,16737843,"Muhammad Shoaib Memon","2026-08-23 19:52:52",855.2,2,muhammadshoaibmemon
4552,16726660,"Prime Leo","2026-08-23 14:21:53",855.2,2,primeleo
4553,16732654,Goated_Farmers,"2026-08-23 17:09:50",855.0,2,"mugundhjb,srinathduvvuri"
4554,16728914,d0gied,"2026-08-17 15:12:08",854.9,2,d0gied
4555,16673234,MACvengers,"2026-08-19 16:34:04",854.8,2,"astrojaswanthkumar,ikpikp"
4556,16659763,clarkzhang1031,"2026-08-13 12:27:10",854.8,2,"clarkzhang1031,huafeihuang"
4557,16707749,Yuzu,"2026-09-04 10:22:41",854.8,2,yuzuoctopus
4558,16668721,"Efe Can Celiksoy","2026-08-13 22:00:41",854.8,2,efecnc
4559,16640368,"Nkosi Ndwandwe","2026-09-06 05:03:26",854.6,2,nkosindwandwe
4560,16759652,Fnoa,"2026-08-23 12:26:39",854.6,2,trasibulo
4561,16662338,jaepyeocho,"2026-09-30 14:31:05",854.6,2,jaepyeocho
4562,16736969,"york li13","2026-08-19 01:07:02",854.5,2,yorkli13
4563,16719006,bouiboui,"2026-08-20 18:55:02",854.5,2,bouiboui
4564,16786013,sakarush,"2026-09-02 13:17:42",854.5,2,sakarush
4565,16709295,"Isaac Owomugisha","2026-08-20 16:22:52",854.2,2,cmplxxyttmt
4566,16724351,"Luxshan Thavarasa","2026-08-24 09:58:38",854.2,2,luxluxshan
4567,16691506,Dipak_ISM,"2026-08-29 13:07:18",854.1,2,dipakism
4568,16636094,Hax2456,"2026-08-15 10:05:01",853.9,2,hax2456
4569,16746112,"Jonathan Martschinke","2026-08-24 08:52:51",853.6,2,jonathanmartschinke
4570,16737561,"Raj Aryan Singh","2026-08-18 11:50:54",853.6,2,kratos14raj
4571,16672003,carlscamt,"2026-08-14 17:19:42",853.5,2,carlscamt
4572,16670791,Hugelidus,"2026-08-25 03:43:18",853.4,2,hugelidus
4573,16701868,AJ,"2026-09-09 20:53:34",853.2,2,abduljabbarcalica
4574,16697922,TingyuanLi277,"2026-08-21 03:39:03",853.1,2,tingyuanli277
4575,16734492,Orynx,"2026-08-19 08:01:33",853.0,2,"inderj1,jayveersingh6"
4576,16726232,"sayed rafi","2026-08-18 21:13:00",852.8,2,sayedrafi
4577,16720088,"Oiti Roy","2026-08-14 06:26:04",852.8,1,oitiroy
4578,16775412,"moo moo","2026-09-08 15:54:28",852.4,2,"amrof122,yassinamr11"
4579,16739488,Restodecoca,"2026-08-19 16:42:34",852.2,2,restodecoca
4580,16710389,GuerillaMoon,"2026-08-19 22:33:46",852.1,2,guerillamoon
4581,16757903,"Om Singh","2026-08-27 07:05:06",852.0,1,spoilyfrog
4582,16778410,"uriel villegas govea","2026-08-28 00:25:47",851.6,2,urielvillegasgovea
4583,16653129,"Prashanth Reddy Biyyani","2026-08-20 13:53:37",851.5,2,"prashanthbiyyani,shivagurrala,sumu1526"
4584,16713267,"yq l68135","2026-08-21 21:35:52",851.5,2,yql68135
4585,16666578,STRAF,"2026-08-23 23:07:25",851.5,2,nikosstraf
4586,16709214,"Ariel Suntasig","2026-08-17 19:46:09",851.3,2,arielsuntasig2001
4587,16722303,JohannPongratz,"2026-09-10 08:07:38",850.8,2,johannpongratz
4588,16724353,PrathamGupta,"2026-08-17 02:04:38",850.6,2,prathamguptaaaaaaa
4589,16669191,"Mohammed Nomaan","2026-09-19 19:48:47",850.5,2,nomaanz
4590,16943744,"Quinn Cossette","2026-09-23 20:34:13",850.4,2,quinncossette
4591,16725346,sokoranohimazin,"2026-08-18 19:39:07",850.3,2,sokoranohimazin
4592,16675807,cubreto,"2026-08-26 15:00:34",850.1,2,cubreto
4593,16760295,"Luke Hurt","2026-08-24 01:03:42",850.0,2,lukehurt
4594,16718947,"Dani Ortega","2026-08-25 07:07:35",849.8,2,daniortega99
4595,16653890,YUKRUB,"2026-09-11 08:55:14",849.6,2,yukrub
4596,16709529,alhlbx5,"2026-09-03 22:48:54",849.0,2,alhlbx5
4597,16732428,"Darren Amadeus Martin","2026-08-19 00:48:02",848.2,2,darrenamadeusmartin
4598,16697458,"Lissandra Kruse Fuganti","2026-09-01 15:19:00",848.1,2,lissandrakruse
4599,16719536,"Mandy Lin","2026-08-14 03:18:29",847.9,2,ydnamlin
4600,16653379,"Asakawa Ruriko","2026-08-30 00:31:08",847.6,2,asakawaruriko
4601,16732104,sizumita,"2026-09-12 01:21:14",847.1,2,sizumita
4602,16663590,"Jakub Dolének","2026-08-13 13:08:32",847.1,2,dolenek
4603,16669897,"Tahsan Ferdous","2026-08-14 19:30:09",846.9,2,tahsanferdous
4604,16707561,"Nick Rom111","2026-09-29 10:52:48",846.9,2,nickrom111
4605,16684075,"Tianfang Li","2026-09-25 02:41:25",846.6,2,tianfangli1
4606,16651833,"Hồ Khánh Duy","2026-08-14 17:52:23",846.5,2,hkhnhduy
4607,16771277,zhaowenyi7,"2026-08-31 09:18:04",846.4,2,zhaowenyi7
4608,16743124,"Leo's Demiurge","2026-09-08 15:06:04",845.9,2,jelurge
4609,16790548,"Francesco Del Sesto","2026-08-31 10:47:27",845.9,2,francescodelsesto
4610,16743790,"yuji y","2026-08-28 10:53:06",845.7,2,yujiyyy
4611,16663445,"ali dzaki","2026-09-13 14:59:25",845.6,2,alidzaki
4612,16668788,ConnieCodes,"2026-08-17 13:40:25",845.4,2,conniecodes
4613,16687068,digiliwigili,"2026-08-22 12:49:07",845.2,2,kukchyievervin
4614,16625856,takai380,"2026-09-01 02:34:05",845.2,2,takai380
4615,16724060,"Mạnh Linh Hoàng","2026-08-15 15:54:52",844.8,2,manhlinh1501
4616,16632164,"Tim Shini","2026-08-30 18:04:29",844.6,2,timshini
4617,16890232,"Yihan Guo #2","2026-09-18 02:40:07",844.5,2,kagglebushswill
4618,16698223,"Feng Jiahui","2026-08-18 08:35:04",844.4,2,junipersky
4619,16682557,"Soumalya Mandal","2026-08-14 14:57:29",844.1,2,mrcyberhunter
4620,16731432,sieradni,"2026-09-01 06:12:00",843.9,2,sieradni
4621,16744355,"Sameera T","2026-08-22 10:13:47",843.5,2,sameeramaq
4622,16732685,Tanmay,"2026-08-23 18:16:07",843.3,2,blankkz
4623,16726870,"Svanik Kolli","2026-08-16 00:11:14",843.3,1,svanikkolli
4624,16656931,pns,"2026-08-15 09:45:46",843.1,2,"nikhilkasyap07,premsivasai,saranboddu"
4625,16649313,"Jiajun HAN","2026-08-14 07:13:57",843.0,2,jiajun1
4626,16698439,"Pournami Prakash","2026-09-12 20:17:14",842.8,2,pprakas
4627,16724262,"Obu obu","2026-08-15 10:48:05",842.8,2,obuobu
4628,16729054,"Shantanu Kesarkar","2026-08-27 05:50:23",842.6,2,shantanukesarkar
4629,16634143,"manual player","2026-08-14 00:41:13",842.6,2,prospal
4630,16666033,"Shota Takano","2026-09-30 12:58:43",842.4,2,shotatakano
4631,16651672,"Xiaolei Lian","2026-08-19 03:18:04",842.0,2,xiaoleilian
4632,16697936,"Sami Cakiral","2026-08-15 19:43:40",841.8,2,samicakiral
4633,16623445,"Hasin Raihan Dhrubo","2026-08-16 09:28:12",841.7,1,hasinraihandhrubo
4634,16667843,"durgesh dere","2026-08-21 16:10:13",841.3,2,durgeshdere08
4635,16735075,"Ronchen Luo","2026-08-18 04:29:47",841.1,2,ronchenluo
4636,16765953,"Muhammad Ahmed","2026-08-26 13:46:48",841.1,2,muhammad4hmed
4637,16724947,teacherli0,"2026-08-16 03:09:09",840.9,2,teacherli0
4638,16632777,"Alexandrine Cakpo","2026-08-20 10:20:22",840.7,2,alexandrinecakpo
4639,16664762,"John Marinton","2026-09-22 13:52:40",840.6,2,marintonjohn
4640,16710421,SZ_00_zyz,"2026-08-20 02:54:53",840.2,2,sz00zyz
4641,16770648,"Yoshitaka Nozaki","2026-08-26 00:38:06",840.0,1,yoshitakanozaki
4642,16722120,nekoha,"2026-08-15 15:01:16",839.6,2,nekoha
4643,16697223,"Azizii Gill","2026-09-09 21:27:12",838.9,2,aziziigill
4644,16655195,Pirhosseinlou,"2026-08-24 18:17:43",838.9,2,pirhosseinlou
4645,16771677,"hedy huangyuheng","2026-08-27 02:13:28",838.7,2,hedyhuangyuheng
4646,16639230,Rylan,"2026-08-15 13:15:45",838.4,2,"liuruihan333,wangxiaodundun"
4647,16621219,"Inna Campo","2026-08-15 09:08:23",838.4,2,innacampo
4648,16685626,"Livingstone Selassie","2026-08-16 00:26:50",837.9,2,"hackerx019,livingstoneselassie"
4649,16715506,"Moo Point","2026-08-17 21:44:26",837.7,2,"gnarlycow,tianmeiwang"
4650,16663313,onlysmrtsumx,"2026-08-12 01:29:30",837.5,2,onlysmrtsumx
4651,16635317,"KAKA Minishijie","2026-08-26 04:36:55",837.5,2,kakaminishijie
4652,16739298,"ricardo assaad","2026-08-18 19:03:22",837.4,2,ricardoassaad
4653,16646679,tong00,"2026-08-17 12:02:11",837.4,2,tong00
4654,16738278,yansf677,"2026-09-01 12:24:29",837.2,2,yansf677
4655,16729640,"Наталья Скляр","2026-08-21 18:11:07",837.1,2,natsklyar
4656,16691830,"Nikita Lugovoy","2026-08-15 03:39:17",837.1,2,nikital7
4657,16661352,"Porch Goose","2026-08-21 02:52:24",837.0,2,jaclyndeem
4658,16805870,"Ngo Trung","2026-09-12 17:12:53",837.0,2,trungngotdt
4659,16731243,"[Deleted] dab36be1-9992-4710-95f4-39a9f7a2cd3c","2026-08-24 15:13:27",836.7,2,del=fd92954ed0c92f1a
4660,16724233,"Rafal Porwol","2026-09-24 22:02:55",836.6,2,rafalporwol
4661,16732586,Juniex,"2026-09-30 12:02:18",836.3,2,"juniex,shirleyshirleyye"
4662,16712459,松原琉喜,"2026-08-14 14:54:47",836.2,2,ryuki12kyo
4663,16678172,"Eishkaran Singh","2026-08-19 19:12:02",835.9,2,eishkaran
4664,16623753,HZM,"2026-09-11 04:34:07",835.9,2,leehann
4665,16778206,yuanlao153,"2026-08-28 15:00:04",835.7,2,yuanlao153
4666,16655305,"Junior Sohou","2026-08-14 00:15:42",835.6,2,juniorsohou
4667,16634691,bot-farmer,"2026-08-19 06:16:19",835.5,2,shauryam25
4668,16637329,Rucbic,"2026-08-19 17:32:21",835.0,2,rucbic
4669,16715187,maker2026,"2026-09-09 00:38:59",834.7,2,maker2026
4670,16724795,yangqi1234,"2026-08-23 08:26:23",834.4,2,yangqi1234
4671,16639732,"Junbeom Lee23","2026-08-15 02:45:23",834.3,2,junbeomlee23
4672,16710128,"KeHao Liu","2026-08-14 01:52:29",834.1,2,kehaoliu
4673,16634166,Yuki.O,"2026-08-19 01:38:42",833.7,2,yukiohkawa
4674,16657610,"H Bharath","2026-08-31 18:54:57",833.7,2,hbharath
4675,16670755,"Amine zeDDouk","2026-08-18 09:37:41",833.5,2,aminezeddouk
4676,16821267,1417,"2026-09-11 13:14:32",833.4,2,"dongyuhao,liuyihang026,yejialin"
4677,16662615,"Anurag irawit","2026-09-01 14:16:49",833.3,2,anuragirawit
4678,16665125,"David Schindler15","2026-08-14 04:58:39",833.3,2,"davidschindler15,mz3207"
4679,16690612,"Mina Gayid","2026-08-16 12:59:16",833.3,2,minagayid
4680,16735582,"Tumaini Makena","2026-08-18 06:01:09",833.1,1,tumainimakena
4681,16726011,"Dawid Fleischer","2026-08-25 18:37:25",833.1,2,dawidfleischer
4682,16710587,durgasai,"2026-09-01 13:14:36",833.1,2,dsainvg
4683,16658931,"somewhere after","2026-08-19 08:16:29",833.1,2,amaterasuuuuu
4684,16894541,"Deepak Mahajan","2026-09-17 05:27:59",832.6,2,xdipzz
4685,16841344,"Abdoul Ahad Diop","2026-09-10 20:22:54",832.4,2,abdoulahaddiop
4686,16623791,rakumo,"2026-08-19 23:46:04",832.0,2,sirakumo
4687,16750477,"Tapabrata Biswas","2026-08-25 13:11:13",831.8,2,"dumbakaash,ishanhira"
4688,16763813,Sydney,"2026-09-26 01:39:40",831.7,2,n3yan7
4689,16655335,Justus,"2026-08-19 14:18:38",831.7,2,justus0
4690,16738235,tenfish,"2026-09-22 15:26:05",831.7,2,"oygdri,takatoyoshikawa"
4691,16735125,mtskggle,"2026-08-22 04:50:43",831.7,2,matsusakaggle
4692,16667787,"Daryl Brach","2026-08-17 09:41:51",831.6,2,dbrach
4693,16682471,Soumya2003,"2026-09-17 09:22:26",831.6,2,soumya2003uyvv755
4694,16759864,exaucedossou,"2026-08-22 17:56:40",831.2,2,exaucdossou
4695,16768022,"Miles Oberting","2026-08-31 23:48:39",831.2,2,milesoberting
4696,16839557,Superspork,"2026-09-08 03:25:46",831.1,1,superspork
4697,16638375,"Tran H Hoang","2026-08-14 17:01:27",830.6,2,tranhhoang
4698,16713155,AdarshAleti,"2026-08-18 05:39:57",830.5,2,adarsh1077
4699,16717792,han10086,"2026-08-13 15:05:21",830.4,2,han10086
4700,16750344,Vaasu0501,"2026-08-28 16:49:39",830.3,2,vaasu0501
4701,16698884,VVVoyager,"2026-08-14 03:55:10",830.2,2,"haoxuanshan,hengnui"
4702,16658150,Gravity-x73d,"2026-08-17 09:16:29",828.9,2,gravityx73d
4703,16764850,"cy zhang","2026-09-29 12:29:24",828.8,2,zcy20051117
4704,16691524,"Martim Nascimento","2026-09-05 15:54:47",828.4,2,martimnascimento
4705,16785505,"Rishiraj Acharya","2026-09-08 04:26:42",828.3,2,rishirajacharya
4706,16674684,next-best-agent,"2026-08-17 15:28:53",828.2,2,"minhduy13ly,tdtu981"
4707,16658803,"Rahul Jiwane","2026-08-21 06:19:57",828.1,2,rahuljiwane
4708,16655179,"I Need an Internship","2026-08-15 02:39:23",828.1,2,dimasibnumuthi
4709,16710661,"Pengyi Peng1","2026-09-28 09:10:07",828.0,2,pengyipeng1
4710,16841330,sfsf,"2026-09-30 09:28:26",827.9,2,sfenu3
4711,16691976,"Harini Panigrahi","2026-08-14 16:57:32",827.6,1,harinipanigrahi
4712,16723132,Bridgeport,"2026-08-21 20:25:32",827.2,2,bridgeport
4713,16687596,AjPrem,"2026-09-14 02:49:09",827.2,2,"ajprem,jefferysingh,neelcasula"
4714,16725354,"Swaroop piduguralla","2026-08-19 14:23:28",827.1,2,pnsaimanitejaswaroop
4715,16685850,K,"2026-08-14 06:37:41",827.0,2,kolci017
4716,16694091,"Nan Leng","2026-08-23 07:41:41",826.7,2,nleng66ca
4717,16823751,"Tyler Knecht","2026-09-29 06:50:29",826.7,2,tknecht
4718,16641288,nakagawaren0805,"2026-09-12 10:35:10",826.5,2,nakagawaren0805
4719,16672199,Vachan,"2026-08-20 07:33:48",826.5,2,vachanpadival
4720,16656990,"NALLA SUMANG","2026-08-30 03:15:46",826.3,2,sumangnalla
4721,16665050,"Praneeth Palugula","2026-08-14 06:28:56",826.1,2,praneethpalugula
4722,16727191,"Alexander Kokshenin","2026-08-20 02:08:15",826.0,2,kokshenin
4723,16740700,"Vyas Senthilkumar","2026-08-19 04:26:42",825.9,2,vyassenthilkumar
4724,16656519,"Chris Laska","2026-08-25 19:45:39",825.7,2,chrislaska
4725,16631595,CuteClaw,"2026-08-14 01:25:52",825.7,2,bloodmoonwq
4726,16756399,"old Ryne Mac had a farm","2026-08-21 19:44:11",825.7,1,rynemac
4727,16803602,ihiratch,"2026-09-06 15:57:56",825.6,2,ihiratch
4728,16727019,uitsnf,"2026-08-23 15:45:22",825.2,2,uitsnf
4729,16708624,"Aboubacar HEMA","2026-08-19 14:24:02",824.9,2,"aboubacarhema,marcmare,wilfredkouadjo"
4730,16713178,Funno,"2026-08-19 17:32:54",824.9,2,yes711
4731,16766982,"Sir Dona ","2026-08-25 15:54:46",824.7,2,sirdona
4732,16696631,"saya akan lawan!","2026-08-21 18:42:23",824.5,2,nurhadibudhy
4733,16674479,"Alan Rosston","2026-08-14 08:20:49",824.5,2,alanrosston
4734,16678872,ibrahim,"2026-08-17 19:30:32",824.4,2,skyfish77
4735,16664759,OrGanAIc,"2026-08-14 22:58:18",824.1,2,arghyaranjandas
4736,16809168,"Shaun the Sheep ","2026-09-26 11:43:12",824.0,2,badlandsram
4737,16927988,"Ravi Ramakrishnan","2026-09-20 05:22:13",823.9,1,ravi20076
4738,16666946,pwxc00,"2026-09-29 17:31:26",823.8,2,alert04
4739,16689601,"Prathmesh Adsod","2026-08-18 03:55:13",823.8,2,prathmeshadsod
4740,16623226,"Hafida Belayd","2026-09-05 17:12:33",823.8,2,hafidabelayd
4741,16679560,LEET,"2026-08-15 00:45:52",823.4,2,soufianelasfar
4742,16693058,"Yuvraj singh","2026-09-18 11:41:37",823.1,2,yuvrajsingh789
4743,16663992,小陈同学,"2026-08-18 07:26:54",823.0,1,czastu
4744,16763978,"Swayam Gode","2026-09-07 16:15:33",822.9,2,swayamgode2
4745,16723941,teraSurfer40141,"2026-08-16 01:16:49",822.8,2,r00tt00r
4746,16725242,chinchilla,"2026-08-19 10:53:07",822.7,2,tgwstr
4747,16695093,"Ryota Murai","2026-08-27 15:28:04",822.6,2,rmuraix
4748,16633096,anvai_agents,"2026-08-20 05:50:45",822.5,2,"anandgaikwad7781,vaidehidhamnikar"
4749,16711910,"Artem Zapara","2026-08-18 16:48:51",822.2,2,artemzapara
4750,16748717,mt,"2026-08-20 13:09:12",822.0,1,mtanakaslgfreak
4751,16772450,"Muneeba Badar","2026-08-25 21:19:13",822.0,2,muneebabadar
4752,16761849,viber3221,"2026-08-24 13:38:59",821.8,2,viber3221
4753,16719002,Astraeus,"2026-09-14 15:53:57",821.7,2,astraeusdotdev
4754,16659123,sd,"2026-08-18 17:46:56",821.5,2,siddharthadevkota
4755,16691702,kss,"2026-08-13 19:30:20",821.4,2,l0glikelihood
4756,16705176,"Ruslan Raupov","2026-08-20 09:10:24",821.1,2,ruslanraupoff
4757,16698576,monnu,"2026-08-19 05:55:01",821.0,1,fuumin621
4758,16744658,Shree85,"2026-09-22 21:05:43",820.9,2,shree85
4759,16677945,"Quân Trần","2026-08-25 06:43:39",820.3,2,wuntrn
4760,16666939,20237208_黄奕恺,"2026-08-22 12:53:27",820.2,2,mrhuangyy
4761,16632444,"Issac “Izreal” Davis","2026-08-13 20:42:03",820.0,2,issacizrealdavis
4762,16668069,jackhsia,"2026-08-23 15:56:13",819.8,2,jackhsia
4763,16664860,ANUJPUROHIT18,"2026-09-01 05:03:07",819.7,2,anujpurohit05
4764,16715628,Dian,"2026-08-17 01:57:33",819.7,2,clas233
4765,16693934,evnchn,"2026-08-23 15:41:50",819.5,2,evnchn
4766,16633222,maxingkong733,"2026-08-18 23:32:58",819.4,2,maxingkong733
4767,16675161,iVl44d,"2026-09-24 11:18:03",819.3,2,ivl44d
4768,16738825,RishabhSpark,"2026-08-28 05:11:27",819.3,2,rishabhspark
4769,16717630,Amer,"2026-08-13 21:23:41",819.0,2,amerhu
4770,16657803,"Arya Mazloomi","2026-08-14 00:17:11",819.0,2,aryamazloomi
4771,16743737,"Joanna C.","2026-08-20 23:07:09",818.9,2,joannaciesielski
4772,16666853,"Bisola Olasehinde","2026-08-31 13:08:21",818.8,1,bizzyvinci
4773,16701969,旧楚狂人,"2026-08-15 14:20:59",818.8,2,jiuchukuangren
4774,16740320,NguyenAn27,"2026-08-20 00:46:32",818.7,2,nguyenan27
4775,16628295,qwertykeypadapple,"2026-08-13 19:05:04",818.6,2,qwertykeypadapple
4776,16748246,"Eric S","2026-08-26 12:50:54",818.5,2,ericsangberg
4777,16889392,Prit_44421,"2026-09-14 11:29:09",818.3,2,prit44421
4778,16658097,Sujay,"2026-09-17 06:08:01",818.1,2,sujayprodduturi
4779,16695691,neural-canvas,"2026-08-12 20:46:37",818.0,2,mrsanap
4780,16925900,"Marco Papotti","2026-09-26 14:48:26",817.8,2,marcopapotti
4781,16659614,"Heikki Leskelä","2026-08-22 16:35:42",817.7,2,heikkileskela
4782,16719238,"Rômulo Siqueira","2026-08-20 00:15:16",817.6,2,romulosiqueira
4783,16841176,"Bruce Cole","2026-09-09 00:39:28",817.5,2,brucecole
4784,16726064,"sana slama","2026-08-15 17:01:13",817.3,1,sanaslamamm
4785,16681749,"rohith vinice","2026-08-11 23:55:16",817.2,2,rohithvinice
4786,16655368,"Mohammed Maqsood L","2026-08-19 10:40:17",817.1,2,mohammedmaqsoodl
4787,16622367,mg,"2026-08-23 17:49:21",817.0,2,"egorkashpar,sashaboriskin,smooky"
4788,16743741,Arooran,"2026-08-24 13:37:47",816.8,2,arooransivakarunai
4789,16662940,"The Coder Geek Squad Leader","2026-08-17 09:23:58",816.3,2,soulemaneisissifou
4790,16765526,"Kotala Kishan Reddy","2026-08-24 08:56:22",815.9,1,kotalakishanreddy
4791,16809122,"federico battello","2026-09-10 15:05:02",815.8,2,federicobattello
4792,16728723,"Ronith Rashmikara","2026-08-18 03:28:52",815.8,2,ronithrr
4793,16650372,Greed,"2026-08-12 17:18:47",815.3,2,greedshen
4794,16691987,0xalgos,"2026-08-17 09:35:28",815.2,2,anandvashishtha5362
4795,16841647,patitod,"2026-09-06 01:22:09",815.2,2,anasofaescobar
4796,16691714,"Wesley Juraschek","2026-08-19 06:07:37",815.0,2,wesleyjuraschek1
4797,16941390,yukikotani,"2026-09-25 00:00:27",814.9,2,yukikotani2231
4798,16726512,shash,"2026-08-15 19:41:18",814.9,1,zshashz
4799,16842806,"Yan Tao Tang","2026-09-07 10:41:41",814.6,2,yantaotang
4800,16765065,"Rohith T R","2026-08-26 13:28:38",814.0,2,rohithtrgod
4801,16726071,"PDF ULTRA","2026-08-20 19:36:33",813.4,2,"alengevorgyan,gab0yan"
4802,16719100,"Abhiraj Singh","2026-08-14 12:02:33",813.4,2,cyberdrago
4803,16695615,Celinao,"2026-08-14 08:02:47",813.3,2,celinao
4804,16663240,"Rilen T. L.","2026-08-18 13:45:46",813.3,2,"jairosilvabastos,rilentl"
4805,16665838,wenbodai,"2026-09-01 12:41:51",812.8,2,wenbodai
4806,16712888,Vux,"2026-08-20 14:32:16",812.8,2,weiyu85
4807,16622251,"Moroz Roman","2026-08-20 06:22:05",812.8,2,crissyro
4808,16840694,"cory cozy","2026-09-06 11:48:38",812.7,2,corycozy
4809,16675088,"Andrei Chulkov","2026-08-15 19:43:12",812.6,2,andreichulkov
4810,16672653,Cultuurstelsel,"2026-08-13 16:59:47",811.4,2,ryuorlandotamin
4811,16632788,"Bright O.H.","2026-08-23 03:45:36",811.0,2,brightoh
4812,16748421,lulzx,"2026-08-20 17:52:11",810.7,2,lulzxy
4813,16734450,"Ian Teigen","2026-08-18 00:04:38",810.5,2,ianteigen
4814,16770302,stardxx,"2026-08-26 02:21:35",809.6,2,stardxx
4815,16710141,htatsumi,"2026-08-15 01:07:11",809.4,1,tatsumihasebe
4816,16722986,"Abhiram 9803","2026-08-15 18:43:09",809.2,2,abhiram9803
4817,16697689,"Pavel Pakhmutov","2026-08-12 23:11:23",808.9,2,pavelpakhmutov
4818,16803651,gyujinst,"2026-09-05 01:44:38",808.7,2,gyujinst
4819,16692851,ichnixhelle,"2026-08-12 22:20:24",808.3,2,ichnixhelle
4820,16721947,groots,"2026-08-16 06:32:40",807.9,2,muhammadismail433
4821,16666884,"Antonio Stanciu","2026-08-15 14:33:52",807.8,2,stanciuantonio
4822,16926195,koutwiring,"2026-09-29 23:05:23",807.7,2,koutwiring
4823,16655559,"Fajri Yanuar Shiddiq Juanda","2026-08-13 01:40:20",807.0,2,fajriyanuar
4824,16729421,Oblivix,"2026-09-02 04:16:25",806.9,2,"aradhyatiwariii,oblivix"
4825,16661132,"Jia Chen","2026-09-28 17:05:12",806.1,2,jiachenjasper
4826,16633709,"kitory Yeah やきとり","2026-08-15 22:30:08",805.8,2,kitoryyeah
4827,16692548,"Rockstar Farmer","2026-08-19 05:15:37",805.5,2,yuhaili
4828,16689952,"Lazarus Ogero","2026-08-11 16:44:08",805.4,2,lazarusogero
4829,16691012,"Sanzhar Almasuly","2026-08-29 07:28:34",805.3,2,sanzharalmasuly
4830,16753985,"Narenthira Balaji","2026-08-21 10:54:17",805.1,1,narenthirabalaji
4831,16714058,"Ahmet Erdem Pamuk","2026-08-12 18:59:18",805.1,2,ahmeterdempamuk
4832,16699610,"Sneha ","2026-08-17 01:00:34",804.8,2,kharya3
4833,16745294,"Ahmed Ehab Fathi","2026-09-05 01:27:13",804.6,2,ahmedehabfathi
4834,16680931,"Rattan Singh","2026-08-16 04:23:37",803.9,2,rattans
4835,16634650,UnfriendlyAI,"2026-08-24 11:44:47",803.7,2,unfriendlyai
4836,16658081,ando,"2026-08-20 01:52:23",803.7,2,andoshunsuke
4837,16707598,Kamazarashi,"2026-08-18 05:40:15",803.3,2,kamazarashi
4838,16803913,"SUJIB BARMAN","2026-09-01 16:42:07",803.2,1,cardata
4839,16634824,yuki16,"2026-08-27 02:55:04",803.0,2,yuki16
4840,16710094,winwinwin,"2026-09-03 13:22:51",803.0,2,"ouyangruize,teecemackenieo"
4841,16729828,spunkrock,"2026-08-16 20:08:06",802.5,1,spunkrock
4842,16689447,"Ivan Berrutto","2026-08-13 04:14:38",802.1,2,ivanberrutto
4843,16663352,"Avnish Sharma","2026-08-31 14:42:23",802.1,2,kewlaz
4844,16697024,"Jiri Prudky","2026-09-06 06:00:57",801.8,2,jiprud
4845,16728272,"Daris Dzakwan Hoesien","2026-08-16 10:48:22",801.4,1,darisdzakwanhoesien2
4846,16766905,Antigone_duckduck,"2026-08-24 16:38:37",801.3,2,antigonexzh
4847,16774228,"Anggit Maulana Abdi","2026-08-28 14:37:01",801.1,2,anggitmaulanaabdi
4848,16756415,"Mihai Balan","2026-08-31 06:39:25",801.1,2,mihaibalan
4849,16672243,"Fazil Putra","2026-08-14 01:24:17",800.9,2,fazilputra
4850,16703099,GansPiro,"2026-08-13 18:34:26",800.9,2,ganspiro
4851,16700737,HechtJP,"2026-08-13 11:12:06",800.7,2,hechtjp
4852,16662023,"Vikas Kumar","2026-09-08 17:17:57",800.4,2,vikshit104
4853,16716468,"Sakhawat Hossen","2026-08-15 03:28:07",800.3,2,sakhawathossen
4854,16722902,"Grigorii IU","2026-08-22 01:54:09",800.0,2,grigorii220
4855,16738467,EnriFermi,"2026-08-26 23:51:18",800.0,2,enrifermi
4856,16671821,donglee,"2026-08-13 09:13:09",800.0,1,dongleeovo
4857,16715024,"Ömer Özbek","2026-08-22 13:50:34",799.8,2,omerozb
4858,16714980,Chenaters,"2026-08-16 08:41:10",799.7,2,chenaters
4859,16679767,Salut!,"2026-08-12 21:56:55",799.5,2,denismekhanikov
4860,16700995,"Maram Ali","2026-08-15 09:13:15",799.3,2,msama01
4861,16729227,Marjao,"2026-08-16 16:49:12",799.1,2,muniburrehman2020
4862,16767528,"Umut Toygar Göz","2026-08-30 13:01:54",799.0,2,umuttoygargoz
4863,16654381,"Dmitry Belan","2026-08-30 17:16:29",798.6,2,dimong4
4864,16690020,shantaitichu,"2026-08-17 09:40:30",798.6,2,shantaitichu
4865,16679443,albu,"2026-08-15 19:22:12",798.6,2,albuslaev
4866,16714059,Yentür,"2026-08-12 18:47:44",798.5,1,meryentr
4867,16749347,Shibungi,"2026-09-01 06:52:21",798.5,2,shibungi
4868,16655952,"Tianfu Wang (王天夫)","2026-08-12 15:08:12",798.1,2,wangtf96
4869,16674683,"Ali Esam","2026-09-11 17:00:03",797.8,2,zyxsu0
4870,16732754,ikeuchy,"2026-08-29 04:10:41",797.7,2,ikeuchy
4871,16839110,0x3f,"2026-09-26 03:43:58",797.6,2,zhangbowen1005
4872,16651623,"Sarvesh Talele","2026-08-28 05:18:58",797.6,2,sarveshtalele
4873,16773266,newbyy,"2026-08-26 05:21:47",797.5,1,newbyy
4874,16749618,Fon1as,"2026-08-21 09:36:42",797.4,2,fon1as
4875,16656934,"Aleks Kolesnik","2026-09-29 22:50:19",796.9,2,aleksandrkolesnik
4876,16724109,"small fry in the underworld","2026-09-11 05:51:16",796.5,2,wwwwhitley
4877,16735102,"Zhiqi Liu","2026-08-31 02:57:12",796.3,2,crazyqiqi
4878,16729484,"Sankalp Nagineni","2026-08-16 17:35:31",795.9,2,sankalpnagineni
4879,16663694,"Dimitri ZABRE","2026-09-18 22:22:32",795.9,2,dimitrizabre
4880,16634654,unknown,"2026-08-13 02:11:22",795.7,2,abdullahshafi2021
4881,16636909,"wking edewd","2026-08-21 11:21:57",795.7,1,wkingedewd
4882,16714902,HunterBlue,"2026-08-13 18:54:47",795.0,2,marianacodebase
4883,16748524,TongY26,"2026-08-21 08:33:16",794.9,2,tongy26
4884,16772993,"dirty farmers","2026-08-26 06:33:12",794.6,2,jamesgui2007
4885,16724533,"Yusei Ito","2026-08-22 19:18:19",794.0,2,yuseiito
4886,16625611,"Karl Smile","2026-08-28 16:42:46",793.8,2,karlsmile
4887,16916625,"Dhoni Theja007","2026-09-29 18:33:11",793.7,2,dhonitheja007
4888,16624824,GoofyGenius,"2026-09-09 16:05:59",793.7,2,goofygenius
4889,16664334,"Satishvaran Ragu","2026-08-28 03:07:19",793.7,2,satishvaranragu
4890,16688368,"Lam Vo","2026-08-15 16:39:23",793.6,2,nhatlam
4891,16672374,"kelly waldeck","2026-08-11 21:07:30",793.3,2,kellywaldeck
4892,16633580,Vinymo,"2026-08-23 15:32:23",793.2,2,vinymo
4893,16629292,"Syed Saad Hasan Emad","2026-08-17 06:14:38",792.6,1,syedsaadhasanemad
4894,16656807,Yoganjaneyulu,"2026-08-13 09:20:17",792.3,2,yoganjaneyulu
4895,16857894,"Ludwig Agurto Contador","2026-09-12 22:35:55",792.2,2,ludwigagurtocontador
4896,16811576,Zi,"2026-09-03 01:52:15",791.8,1,kaigaokaigao
4897,16766840,"Andrey ","2026-08-24 14:27:38",791.8,1,anti1111
4898,16695964,"JiMing Feng","2026-08-17 10:56:45",791.7,2,jimingfeng
4899,16773559,"Abhishek Mahto","2026-08-26 06:40:07",791.6,1,abhishek3115
4900,16699659,"Dimas Pasha Akrilian","2026-09-01 01:59:59",791.6,2,dimaspashaakrilian
4901,16698256,Mint,"2026-08-17 18:39:08",791.5,2,rorandangerous
4902,16763120,"Shivam Singh #2","2026-08-23 16:56:35",791.4,1,shivamsingh17072001
4903,16720331,Meghana,"2026-09-30 17:25:48",791.2,2,meghaaira
4904,16633240,Igor,"2026-09-30 13:48:32",790.9,2,igor14497
4905,16660371,"José Luis Gómez","2026-08-13 01:37:42",790.8,2,josluisgmezz
4906,16767164,"yuhan wu","2026-08-26 09:37:53",790.7,2,yuhanwu487
4907,16725680,henri66,"2026-08-15 21:09:47",789.3,2,henri665
4908,16713771,bndang,"2026-09-19 21:22:11",789.2,2,bndang
4909,16696887,kt-Kitayama,"2026-09-01 13:23:49",789.0,2,ktkitayama
4910,16748330,Okan,"2026-08-21 11:15:17",788.9,2,okanzkaya
4911,16652750,"Bahadir Selim Bakla ","2026-09-27 18:52:35",788.2,2,bahadirselimbakla
4912,16708573,Benser,"2026-08-15 14:41:24",788.1,2,benser
4913,16667839,Viet-Tien,"2026-08-22 19:46:21",788.0,2,tiena2cva
4914,16653955,"tanmay singhal","2026-08-29 12:00:53",788.0,2,anexperiencedidiot
4915,16727090,"Deep Blue Pasture","2026-08-17 02:28:34",787.7,2,shamanah
4916,16645712,"Changye Li","2026-08-24 06:23:33",787.6,2,antoinegg1
4917,16840641,"Yukar Fu","2026-09-30 12:36:18",787.6,2,yukarfu
4918,16668049,"Masayoshi Kurihara","2026-08-14 06:20:21",787.0,2,masayoshikurihara
4919,16681275,"CUG HeQiao","2026-08-12 09:06:14",786.8,2,cugheqiao
4920,16678638,Loshtradz,"2026-08-26 18:40:35",786.0,2,loshtradz
4921,16732462,"Aji Samudra","2026-08-24 09:05:21",785.9,2,ajisamudra
4922,16709462,"KK #2","2026-08-14 09:06:37",785.6,2,kk2909
4923,16733547,"Mark Grayson","2026-08-17 18:53:21",785.4,2,flyingsinclair
4924,16688153,"Panchajanya Banerjee (Pancham)","2026-08-16 20:28:27",785.3,2,delayedkarma
4925,16734578,"Pascal Andreas","2026-08-26 17:42:14",784.3,2,pascalandreas
4926,16775386,kaggler,"2026-08-31 09:29:41",784.2,1,deepkim
4927,16666242,"Lalwani Palash","2026-09-28 16:27:06",784.0,2,lalwanipalash
4928,16702774,FilipJ,"2026-08-16 18:34:05",783.9,2,filipjarmua
4929,16693159,"Zonglin Han","2026-08-13 17:10:08",783.9,2,zonglinhan
4930,16682936,"Latifa Riziki","2026-08-12 09:38:13",783.9,2,latifariziki
4931,16697675,"Isaac Grossman","2026-08-30 23:21:35",783.8,2,kingisaac
4932,16898760,"Berat Erol ÇELİK","2026-09-27 15:44:39",783.5,2,beraterolelk
4933,16670433,"Mohammad Osamah Atif","2026-08-19 08:46:32",783.1,2,osamatif
4934,16656731,"Muhammad Ali","2026-08-14 06:47:06",783.1,2,sardaralimaqsood
4935,16695376,Garv88,"2026-08-13 12:19:20",782.9,2,garv88
4936,16624896,"Akmal Azzam o'g'li","2026-08-18 06:03:51",782.7,1,akmalmir
4937,16667994,"Zhian Wei","2026-09-11 06:57:54",782.4,2,zh1anwe1
4938,16695608,"Elie Elias","2026-09-12 11:11:33",782.2,2,elieelias
4939,16692103,HaniJezo,"2026-08-11 20:32:40",782.2,1,hanijezo
4940,16695501,brocade,"2026-08-15 00:01:12",782.2,2,brocade
4941,16768647,vaultguard,"2026-09-14 21:08:32",782.0,2,vaultguard
4942,16866968,HXS-CF13,"2026-09-30 17:32:54",781.8,2,hxscf13
4943,16823144,"AARAV JADAV","2026-09-30 11:32:05",781.6,2,aaravjadav
4944,16632675,"Baran Kucuk","2026-08-11 15:09:58",781.6,2,barankucuk
4945,16785100,5386,"2026-09-10 11:08:04",781.3,2,"ismktkaggle,rairai314,satosis"
4946,16879958,Sash.a,"2026-09-30 08:32:11",781.2,2,smashaza
4947,16696769,"maximo lorenzo y losada","2026-08-12 13:07:35",780.5,2,maximolorenzoylosada
4948,16729874,"Shane Schisler","2026-09-26 19:33:37",780.4,2,seschis
4949,16696983,"JKM Ventures","2026-08-17 22:58:03",780.4,2,jeffreydrew
4950,16657857,hust_xll,"2026-08-12 05:38:12",780.3,2,hustxll
4951,16858828,BlueSky_sora,"2026-09-30 17:27:58",780.2,2,blueskysora
4952,16728460,oh-Artistburger-AHA-TastyMeat!,"2026-08-16 11:54:46",780.2,1,akikukeo1
4953,16889423,ShinChua,"2026-09-14 12:50:22",780.1,1,shinchua
4954,16684012,ceh,"2026-08-16 04:58:18",779.9,2,emilhessman
4955,16755807,PokeTrader,"2026-09-30 14:50:08",779.9,2,poketrader
4956,16621735,VN-Orion,"2026-08-21 11:42:27",779.7,2,fastthanh78
4957,16651052,lty,"2026-08-18 02:33:01",779.3,2,linwei9
4958,16623020,Muhandro,"2026-08-20 16:29:57",778.4,2,muhandro
4959,16781516,"Hongbin Guokaggle","2026-08-29 04:16:00",778.4,2,hongbinguokaggle
4960,16875777,YinboLiu,"2026-09-17 11:11:46",778.1,2,yinboliu
4961,16701759,xycai,"2026-08-14 17:23:35",778.0,2,xycaipku
4962,16661423,"Rishavendra Sharma","2026-09-30 13:04:06",778.0,2,rishavendrasharma
4963,16660711,ricardo,"2026-08-15 22:34:26",777.9,2,magania
4964,16724779,"Gavin Cao","2026-08-16 09:00:53",777.8,2,gavinxgcao
4965,16726115,helloworld311,"2026-08-17 05:52:20",777.5,2,helloworld311
4966,16657494,Trex,"2026-08-12 14:00:14",777.5,2,trexzone
4967,16729650,"Tapiwa Makandigona - Zimbabwe21","2026-08-31 11:36:48",777.2,2,mukanya1994
4968,16639155,"Arturo Gutiérrez Aguilar","2026-09-30 17:19:27",777.1,2,jarturo
4969,16663241,"Kris Adamatzky","2026-08-13 09:49:19",777.1,2,krisadamatzky
4970,16663284,"Aman Prakash","2026-08-12 20:58:28",776.6,2,amanprakash777
4971,16662653,"Jordan Schaeffer","2026-09-09 01:49:11",776.2,2,jordanmschaeffer
4972,16677832,"Maryam Tahir","2026-08-25 15:07:42",775.7,2,maryamtahir09
4973,16689770,"Abdillah Sagif","2026-08-11 10:11:23",775.6,2,abdillahsagif
4974,16769866,"Suzuki Riki","2026-08-25 12:11:09",775.6,2,suzukiriki
4975,16675240,Leifson1337,"2026-09-25 12:17:00",775.5,2,leifson1337
4976,16761728,"Vybhav Nath C A","2026-08-30 12:19:48",775.4,2,shadowfax2000
4977,16682303,"Kapadiya Nirav Kumar","2026-08-18 06:24:30",775.2,2,kapadiyaniravkumar
4978,16692138,"Bishwa Thakur","2026-09-05 09:15:47",774.8,2,bishwathakur
4979,16725642,"Arav Sharma","2026-08-17 03:51:14",774.7,2,aravsharma26
4980,16696561,"Ali Ramazanov","2026-09-22 07:46:58",774.4,2,aliramazanov
4981,16692490,"Enes Coşkun","2026-08-11 05:37:38",773.9,2,enscskn
4982,16649108,"Steve AVOMO","2026-08-17 03:12:41",773.8,2,aurelsteve77
4983,16708333,"Phạm Vương","2026-08-11 16:17:10",773.5,2,vuongphamqq
4984,16709793,"Victor Hotz","2026-08-13 18:48:06",773.5,2,victorhotz
4985,16692110,"Ahmed Khudair","2026-08-11 22:33:06",773.3,1,ahmedkhudair121
4986,16692457,t2better,"2026-08-12 11:56:41",773.0,2,t2better
4987,16660653,kanchana's,"2026-09-21 17:23:31",773.0,2,"saikanchana,yuvarajkanchana"
4988,16767431,Nine1Eight,"2026-08-24 16:51:12",772.8,1,wethepeople918
4989,16695137,"Samantha Nicole Bracamonte","2026-09-27 09:13:45",772.6,2,snrbracamonte
4990,16659692,"Hùng Nguyễn Huy (Hiirooo)","2026-08-11 03:47:45",772.5,2,hngnguynhuy
4991,16692090,sans,"2026-08-12 03:14:55",771.9,2,sans6262q
4992,16707993,"Sangita Bannore","2026-08-11 14:33:47",771.6,1,sangitabannore
4993,16673097,"Sonu Kushwaha","2026-09-01 11:10:15",771.4,2,sonukushwaha124
4994,16679371,ΛYMΞNRH,"2026-08-11 06:43:55",771.3,2,aymnrh
4995,16666733,"Alberto MV","2026-08-10 23:06:33",770.8,2,albertomv
4996,16673110,"Sri Jayavel K","2026-08-20 08:18:31",770.1,2,srijayavelk
4997,16623444,"sary sary","2026-09-22 20:50:21",770.1,2,sarysary
4998,16627400,"Krasnov Daniil","2026-08-11 06:04:48",769.9,2,daniilkrasnovvv
4999,16763383,"Alexandru Sitaru","2026-08-25 07:05:06",769.6,2,sitaru
5000,16770777,"Oscar Legoupil","2026-09-09 15:43:18",769.5,2,oscarlegoupil
5001,16627995,"Fire Bird","2026-08-11 20:36:45",769.2,2,xuanleekaggle
5002,16697021,Vaishnavi22052006,"2026-08-11 18:43:08",768.9,2,vaishnavi22052006
5003,16669494,"Abdullah Razi","2026-09-03 18:39:36",768.5,2,abdullahroninrazi
5004,16808914,slfmmm,"2026-09-02 11:50:26",768.4,1,slfmmm
5005,16663919,hnhyhj,"2026-08-13 04:05:56",767.8,2,hnhyhj
5006,16688136,"Armanzhan Ayan","2026-08-11 16:49:36",767.8,2,armanzhanayan
5007,16700116,Goldian,"2026-08-21 16:13:40",767.7,2,goldian
5008,16665702,"Aman Gupta","2026-09-08 16:26:19",766.9,2,amangupta0014
5009,16659890,"Cu Spoon","2026-08-25 22:02:11",766.8,2,cuspoon
5010,16659314,Sandeep063,"2026-08-25 12:44:22",766.7,2,sandeep063
5011,16693886,spellstriker,"2026-08-12 22:03:20",766.0,2,spellstriker
5012,16709300,炫酷的小克里斯,"2026-08-19 15:54:28",765.8,2,tinfufans
5013,16710672,"Yasemin Koç","2026-08-14 05:52:52",765.5,2,yaseminmkoc
5014,16804961,explise,"2026-09-02 08:13:03",764.7,2,explise
5015,16644891,yankang_XZK,"2026-09-02 18:29:53",764.4,2,yankang233
5016,16806886,dreamtear,"2026-09-02 05:55:56",764.4,1,mohanzeng
5017,16632579,ZZfancy,"2026-08-11 12:04:42",764.3,2,zzfancy
5018,16701573,"Haggai Musoda","2026-08-17 20:04:00",764.3,2,haggismusoda
5019,16704027,"Alan Cai","2026-08-10 22:36:40",764.3,1,alancai27
5020,16660037,shehai.lrs,"2026-08-11 13:37:32",764.3,2,shehailrs
5021,16745092,zakihiro,"2026-08-21 07:59:39",764.2,2,zakihiro
5022,16709744,"Emre Bayram","2026-08-14 09:04:57",764.2,2,emrebayram
5023,16669778,UknesIruka,"2026-09-18 18:30:56",763.9,2,uknesiruka
5024,16709069,"James Mcquay","2026-08-14 18:05:40",763.7,2,jamesmcquay
5025,16707590,KOBLIH,"2026-09-30 12:27:51",763.0,2,"kristosorestisbalil,liherexhmati"
5026,16705370,TS2333,"2026-08-11 03:40:40",762.9,2,ts2333
5027,16830837,"Damilare Olayemi","2026-09-08 08:35:23",762.5,2,damilareolayemi
5028,16809277,"Shuntaro Tanaka","2026-09-11 01:01:20",762.4,2,shuntarotanaka
5029,16666410,"Binil George","2026-08-12 10:40:43",762.3,2,binilg
5030,16768644,Momoko,"2026-08-25 03:22:50",762.0,1,yangmengyuanmomoko
5031,16700876,"Oyegoke Emmanuel","2026-09-28 04:13:08",761.7,2,oyegokeemmanuel
5032,16652849,Hejunhui,"2026-08-16 14:15:29",761.7,2,website98
5033,16640869,taijunhao,"2026-08-12 10:26:30",761.6,2,taijunhao
5034,16740103,Adjakou,"2026-08-24 07:31:02",761.1,2,adjakou
5035,16667729,"Daniel Wu","2026-08-15 14:35:27",761.0,2,danielwuu
5036,16684163,MohamedFD,"2026-08-13 12:32:47",761.0,2,mohamedfd
5037,16656691,"Sahaj Deep Singh","2026-08-12 01:39:36",760.6,2,sahajdeepsingh9877
5038,16633414,"sagar tripathy","2026-08-13 15:57:56",760.5,2,sagar8trip
5039,16625615,"Mobeen Fatima","2026-09-24 10:19:55",760.4,2,mobeenfatimah
5040,16705584,"Adil Munawar","2026-08-29 21:18:33",760.3,2,adilmunawar
5041,16899200,MauoXX,"2026-09-30 17:30:22",760.3,2,mclster
5042,16695176,"Zakaria Settar","2026-08-16 21:52:31",760.2,2,zakariasettar
5043,16661983,"Victor's Team","2026-08-12 12:05:19",760.1,2,"dlordsjustified,jezrealmomoh,joludare,victorokpe"
5044,16696644,"Franklin T","2026-09-13 07:17:43",760.0,2,franklin0410
5045,16940838,"Dean Wuu","2026-09-23 02:06:11",759.9,2,deanwuu
5046,16762837,Nagamatsur,"2026-09-17 12:24:55",759.8,2,rihitonagamatsu
5047,16641141,"Yuri Barbashov","2026-09-29 22:02:27",759.7,2,yuribarbashov
5048,16793275,"Biao Cao","2026-08-30 13:44:48",759.5,1,biaocao398
5049,16678346,"Farhan Abid","2026-09-30 07:57:09",759.5,2,farhanabidtech786
5050,16692164,Abdulrahman.su10,"2026-08-11 20:35:39",759.0,1,abdulrahmansu10
5051,16729863,Monkeyzl,"2026-08-22 20:02:21",759.0,2,monkeyzl
5052,16707584,sadatch,"2026-08-13 05:18:28",758.4,2,sadatch
5053,16676356,"Wander waal","2026-08-11 02:48:56",758.4,2,wanderwaal
5054,16687724,Yijue1,"2026-08-11 02:15:05",758.2,2,yijue1
5055,16662166,duy,"2026-08-31 08:50:51",757.9,2,hduynguyen
5056,16738705,"Atilla Y","2026-09-12 06:51:34",757.7,2,atillay
5057,16631777,KiKi,"2026-09-03 04:27:02",757.5,2,kingkiller2164
5058,16706315,"Desert Fox88","2026-08-11 12:02:03",757.3,2,desertfox88
5059,16660333,"Deanos Crew","2026-08-11 13:10:19",757.3,2,jamescole0101
5060,16655210,Amon,"2026-08-16 06:09:04",756.9,2,kingaemon
5061,16676154,"Tuan Tran","2026-08-10 16:29:40",756.9,2,thtuan
5062,16624682,FrederikZ,"2026-09-02 10:17:51",756.7,1,zkirederf
5063,16700630,apoyusiken,"2026-08-12 06:10:52",756.7,2,umutarpay
5064,16701466,"HELIOS reasonning","2026-08-11 22:38:55",756.6,2,heliosreasonning
5065,16672579,"Udbhaw Anand","2026-08-22 13:15:18",756.5,2,udbhawanand
5066,16704622,ray,"2026-08-11 16:30:13",756.0,2,rayenezanned
5067,16698942,"PRADHAN RS","2026-08-13 18:06:58",755.9,2,pradhanrs
5068,16780558,hxrdxk,"2026-08-29 18:36:48",755.5,2,hxrdxk
5069,16793134,sawasawasawa,"2026-09-07 09:06:57",755.4,2,yukisawamura
5070,16806003,"Hazqeel Afyq","2026-09-20 08:53:15",755.4,2,hazqeelafyqathaillah
5071,16636004,"Ragunath Ravi","2026-08-11 10:59:07",755.2,2,ragunathravi
5072,16663820,taka,"2026-09-16 22:06:10",755.0,2,takaakiishi
5073,16655715,Chin,"2026-08-12 06:20:32",754.8,2,qinyukun
5074,16749153,"Arnav Mishra","2026-09-12 05:10:43",754.8,2,arnavmishra02
5075,16687594,"Andrew Markley","2026-08-13 01:19:04",754.3,2,andrewmarkley1
5076,16771780,Trichoderma,"2026-09-06 04:58:38",754.2,2,brunoescalhao
5077,16828106,AG,"2026-09-20 00:12:01",754.0,2,lacroix7771
5078,16660331,A.K.NITHIN,"2026-08-12 12:07:32",753.9,2,aknithin
5079,16681620,wanwanuil,"2026-08-13 12:43:19",753.8,2,wanwanuil
5080,16661093,"INDRAJIT SWAIN","2026-08-15 13:23:37",753.2,2,indrajitswain
5081,16775781,"I am GroOth","2026-09-30 08:44:53",753.1,2,gideonoba
5082,16706825,"Niranjana Vincent ","2026-09-23 01:06:38",753.1,2,nj54425
5083,16733121,saturnliu,"2026-09-10 17:20:24",752.8,2,saturnliu
5084,16807134,"Chaowei Liang","2026-09-09 01:53:25",752.5,2,chaoweiliang
5085,16662213,"Yang Zong-Yu phD","2026-09-30 13:20:32",752.4,2,yangzongyuphd
5086,16657429,"xiao cat q","2026-08-12 01:41:13",751.9,2,xiaocatq
5087,16683441,Eura73,"2026-08-21 08:07:47",751.9,2,eura73
5088,16728955,"Chris Murphy","2026-09-07 23:33:26",751.0,2,mur418
5089,16688265,"Kyle #2","2026-08-11 01:51:35",750.7,2,georgeturbo
5090,16660911,"Animesh Ratna","2026-08-23 22:01:35",750.7,2,animeshratna
5091,16790115,Starumi,"2026-08-31 00:39:22",750.6,2,starumi
5092,16927276,"julian andres viejo garrido","2026-09-30 00:40:11",750.4,2,salmaviejo
5093,16668334,Suavemango,"2026-08-12 05:18:03",750.3,2,suavemango
5094,16633886,mudesteven,"2026-08-16 02:54:25",750.3,2,fastlight2007
5095,16643233,"Marco DG","2026-08-11 06:20:14",750.1,2,marcodg
5096,16633006,Kaiser,"2026-09-01 06:36:38",750.0,1,kaiserm
5097,16652904,TonightIsOver,"2026-09-26 13:02:54",749.8,2,tonightisover
5098,16830784,栀蓝thy,"2026-09-15 10:03:44",749.7,2,tianhaoyuan86
5099,16691591,"Dheeraj Kumar #3","2026-08-12 04:05:32",749.4,2,kdheeraz
5100,16706283,haogood666,"2026-08-11 08:25:40",749.3,1,haogood666
5101,16667052,"Dandan Li","2026-08-15 18:07:17",749.2,2,clcll532x
5102,16805763,"Masaya Kawamata","2026-09-04 03:39:48",749.2,2,masayakawamata
5103,16672247,"Movie Watch2022","2026-08-18 19:48:12",749.2,2,moviewatch2022
5104,16745264,wpang,"2026-09-25 00:08:24",749.0,2,wangshu
5105,16697142,Kujaomega,"2026-08-10 22:13:02",748.6,1,kujaomega
5106,16664481,"Siddhu Jaykay","2026-08-12 14:02:29",748.1,2,siddhujaykay
5107,16823204,"Adilson Eduardo Tostes Carmo","2026-09-29 23:16:59",747.7,2,eduardotostess
5108,16912040,YUYAN457,"2026-09-18 08:13:27",747.7,2,yuyan457
5109,16660479,"Lakhindar Pal","2026-09-30 17:35:42",747.2,2,lakhindarpal
5110,16941176,"Jesse #2","2026-09-29 15:01:42",746.9,2,atjesse
5111,16658487,radozaprazny,"2026-09-12 14:09:06",746.4,2,radozaprazny
5112,16831372,"Hazel caviar","2026-09-05 08:07:40",745.8,2,hazelcaviar
5113,16669643,"Athenix Kaggriculture","2026-08-24 18:23:54",745.7,2,sdafdsfsdfgdsg
5114,16677723,"Trip Meiners","2026-09-22 14:40:41",745.5,2,tripmeiners
5115,16688436,Zuu3scode,"2026-08-12 15:19:16",745.1,2,zuu3scode
5116,16696608,beanbamboozled,"2026-08-10 10:45:19",744.8,2,beanbamboozled
5117,16728633,draven,"2026-09-12 07:35:01",744.8,2,ustchx
5118,16656948,"alexander kern","2026-08-24 18:02:17",744.5,2,alexanderkern
5119,16672075,"Kameron Green","2026-08-11 05:49:32",744.3,2,hgenix20
5120,16665058,"Llin Ding","2026-09-28 03:25:00",744.0,2,"greatneuro,llinding"
5121,16706523,"Aussie lover","2026-09-30 11:13:26",744.0,2,aussielover
5122,16848998,yiweigan,"2026-09-22 13:17:52",743.8,2,yiweigan
5123,16867601,tadashikato,"2026-09-30 17:35:28",743.6,2,tadashikato
5124,16660385,"Jose Santiago Echevarria","2026-08-25 12:02:45",743.3,2,jmsechevarria
5125,16659803,nRuaif,"2026-08-22 02:47:10",741.5,2,phngdoan
5126,16660594,XIAODOUZI,"2026-08-17 12:06:50",741.1,2,xiaodouzi666
5127,16622487,"Sam kramer_1028","2026-08-18 09:40:58",740.9,2,samkramer1028
5128,16656181,Vishwa,"2026-08-11 05:46:58",740.6,2,rv1922
5129,16665230,"Jack Burley","2026-09-29 15:09:21",740.3,2,jackburley
5130,16726422,"Praveen Kumar","2026-08-29 11:25:55",740.1,2,pankajrepswal
5131,16702909,SG4265,"2026-09-07 21:14:54",739.6,2,sg4265
5132,16705192,"John Ogah","2026-08-16 03:54:21",739.2,2,johnogah
5133,16694065,zhangwei02,"2026-08-30 09:29:12",739.0,2,zhangwei02
5134,16656316,"Richard Tang","2026-08-11 01:09:34",738.9,2,richardgtang
5135,16635330,tekatoncat,"2026-08-16 23:42:10",738.8,2,tekatoncat
5136,16940857,"Melon Man","2026-09-26 11:58:55",738.4,2,alvinandrada
5137,16784719,"Ayush Shekhar","2026-09-26 06:32:29",738.0,2,ayushshekhar56
5138,16890654,"Niloofar Y.","2026-09-24 17:12:56",737.9,2,niloofaryoonesi
5139,16712651,riicon,"2026-09-29 14:35:48",737.8,2,risakashiwabara
5140,16684852,後藤将斗,"2026-08-24 14:51:20",737.5,2,masato09
5141,16659662,MOHSIN525,"2026-09-01 15:43:49",737.4,2,mohsin525
5142,16702482,"Carlos Navarro","2026-08-14 05:26:26",737.0,2,navarr0
5143,16658746,marinxbt,"2026-09-11 14:18:24",736.5,2,marinxbt
5144,16817309,"TeddyDog Lovely","2026-09-03 10:44:15",736.3,2,teddydoglovely
5145,16880045,"Underground Farmers","2026-09-13 13:04:19",736.1,2,xavierwi
5146,16719551,JamesYip7,"2026-08-20 10:24:50",735.8,2,jamesyip7
5147,16671174,Alexandre008,"2026-08-09 12:29:49",735.5,2,alexandre008
5148,16709473,"Selahattin Günter","2026-08-23 14:07:42",735.5,2,selahattingnter
5149,16808116,WWAWW,"2026-09-15 03:47:37",735.2,2,masatowaragai
5150,16653153,Gbining,"2026-09-23 15:25:35",735.2,2,gbining
5151,16823736,"Logan Seitz","2026-09-09 15:07:29",734.9,2,loganseitz26
5152,16926026,"Michael Pamurahardjo","2026-09-29 23:59:02",734.7,2,michaelpamurahardjo
5153,16681858,"Rishav Sanjay","2026-09-27 20:38:41",734.6,1,rishavsanjay
5154,16700314,Giallar,"2026-08-14 16:45:53",734.5,2,andreykrotkikh
5155,16662718,xlnt,"2026-08-22 12:37:49",734.2,2,"princebisht,xlnt404"
5156,16650485,nasu726,"2026-08-13 13:51:20",734.2,2,nasu726
5157,16694744,XiaoZhiren,"2026-08-10 13:03:56",733.8,2,"ruikangan,xiaozhiren"
5158,16701221,"Othman Istaiteh","2026-08-10 13:25:38",733.7,2,istatieh
5159,16780967,"black hole sun","2026-09-01 02:25:21",733.7,2,danielefiorino
5160,16656515,"Rushal Manandhar","2026-09-26 05:41:31",733.5,2,rushalmanandhar
5161,16760247,kriskur123,"2026-09-15 14:23:38",733.5,2,kriskur123
5162,16655323,roma,"2026-08-09 19:49:51",733.5,2,mnroma
5163,16623461,MightyK,"2026-08-09 05:36:23",733.3,2,anhhkhoi
5164,16624625,"Harsha Vardhan","2026-08-10 07:33:35",733.2,2,harshacode101
5165,16690829,JeremyH43,"2026-08-16 00:06:30",732.2,2,jeremyh43
5166,16676275,Scorpi,"2026-08-12 01:34:25",732.1,2,scorpi
5167,16666282,"Bang sion","2026-08-22 10:06:06",731.6,2,bangsioni
5168,16904681,yzhaolabs,"2026-09-20 10:26:40",730.4,2,zhaoyuanzhen
5169,16925552,JacobQIQI,"2026-09-22 13:58:21",729.9,1,jacobqiqi
5170,16736816,LLE,"2026-08-22 16:50:40",729.7,2,"rajaditya01,saiash"
5171,16696852,MYGEMER,"2026-08-09 15:43:13",729.5,1,mygemer
5172,16786082,"Noberto Frota","2026-08-29 00:40:42",729.4,1,nobertofrota
5173,16761975,lixiuqixiaoke,"2026-08-26 09:59:11",729.0,2,lixiuqixiaoke
5174,16732008,"Phoebe Lin","2026-09-05 01:05:06",728.9,2,phoebe0511
5175,16698735,Larfii,"2026-08-21 18:01:02",728.8,2,larfii
5176,16624088,Pomiro,"2026-08-11 04:41:24",728.7,2,pomiro
5177,16659610,gareeb,"2026-08-10 15:46:50",728.6,2,"arjund29,saqlainsqx,yashawl194"
5178,16635238,"Tai Tien Ta","2026-09-03 03:25:55",728.6,2,tittin
5179,16731924,CuddleYokai,"2026-08-19 10:57:11",728.5,2,cuddleyokai
5180,16659618,"Jeevan Jolly","2026-08-13 13:51:52",728.4,2,jeevanjolly
5181,16907268,"Ilya Fedorov","2026-09-19 16:29:53",728.3,2,sorrow321
5182,16711204,"harden james","2026-08-12 08:00:14",728.2,1,ffusername
5183,16683982,Kenny,"2026-08-16 19:43:13",727.9,2,kmonar
5184,16644378,"hicham bedrani","2026-09-29 23:22:46",727.8,2,hichambedrani
5185,16692970,LakoMoor,"2026-08-09 17:43:25",727.8,2,lakomoor
5186,16671837,"Ronald K Wilson ","2026-09-21 14:14:14",727.7,2,ronaldkwilson
5187,16660101,Zarathustra,"2026-08-12 02:48:18",727.6,2,rezkyadytama
5188,16664409,"Kathi Munishwar","2026-08-09 03:37:05",727.5,1,kathimunishwar
5189,16675582,DavidX,"2026-08-11 06:05:18",727.4,2,davidasx
5190,16660259,Marcus,"2026-08-08 17:23:34",727.3,2,marcuseno
5191,16689471,wenjinyang,"2026-08-11 13:32:09",727.0,2,wenjinyang
5192,16695903,cerensukaramese,"2026-08-14 09:18:05",726.6,2,cerensukaramese
5193,16760101,"Big Moo","2026-08-25 00:52:06",726.5,2,abdullahramadan1
5194,16639236,"Dhavan Shah","2026-08-12 18:20:38",726.5,2,dhavanshah99
5195,16679519,"Петьо Лазаров","2026-08-10 22:30:35",726.3,2,pesosz
5196,16639476,耶✌,"2026-08-30 19:52:36",726.2,1,qifeihhh666
5197,16684639,Bru3ll,"2026-08-09 15:50:45",725.4,2,bru3ll
5198,16632113,"Any Things","2026-09-29 21:21:09",725.1,2,anythingsj3fare767
5199,16665935,eternitywinner,"2026-08-08 14:41:53",725.1,2,eternitywinner
5200,16672980,"Thomas Prinz","2026-08-09 13:57:51",724.5,2,xardiphotography
5201,16654122,"Peter Thompson","2026-08-10 17:59:36",724.3,2,mightytreefolk
5202,16726173,"Aman Bihari","2026-08-23 12:51:05",724.0,2,amanbihari
5203,16683036,"Ritesh Thawkar","2026-08-14 08:34:08",723.9,2,riteshthawkar
5204,16672660,"Straw Hat","2026-08-11 06:14:47",723.9,2,"anuragugargol,tanishafagare114"
5205,16663780,"Hamza Kanice","2026-08-09 00:08:11",723.6,2,hamzakanice
5206,16624253,DTrieu,"2026-09-25 13:46:55",723.4,2,hodinhtrieu
5207,16732140,Miaa1526,"2026-08-24 08:58:42",722.1,2,miaa1526
5208,16923114,Pruthvij08#,"2026-09-19 06:44:33",721.8,2,pruthvij08
5209,16675981,"Luca R","2026-09-29 00:05:47",721.8,2,luck058
5210,16656347,OctahedronBB,"2026-08-07 00:52:27",721.7,2,octahedronbb
5211,16732679,argon,"2026-08-19 08:32:47",721.5,2,argonlabs
5212,16923138,"Davi Santos","2026-09-26 17:31:44",721.3,2,davissantos1
5213,16862705,karlmorg37,"2026-09-30 12:01:45",720.5,2,karlmorg37
5214,16655076,"Tita Kongolo","2026-08-08 09:08:57",720.3,2,titakongolo
5215,16675305,"Justin Sabu Sebastian","2026-08-22 23:19:57",720.1,2,justinsabusebastian
5216,16830531,"Nikos Chatzinikolaou","2026-09-24 14:53:07",719.6,2,nikoschatzinikolaou
5217,16698467,"Ra'uf Fauzan Rambe","2026-08-10 04:29:13",719.6,2,rauffauzanrambe
5218,16889300,"Chris McCarthy","2026-09-23 08:20:29",719.4,1,chrismccarthy
5219,16674977,BarbateP,"2026-09-20 10:57:34",719.2,2,barbatep
5220,16644150,"J.M.Mubasshir Rahman","2026-08-09 17:15:01",719.2,2,jmmubasshirrahman
5221,16652827,"Rob C","2026-08-14 03:04:30",719.1,2,robertcheah
5222,16676038,"Adyanth M","2026-08-09 05:12:40",719.0,2,adyanthm
5223,16676043,"Tejash Rai","2026-08-14 07:16:01",718.8,2,tejashrai
5224,16691275,"Muhiminul Islam   Mahim","2026-08-12 10:04:35",718.7,2,muhiminulislammahim
5225,16671666,showtree,"2026-09-02 01:53:55",718.7,2,showtree
5226,16666632,to1_10i,"2026-08-19 20:27:42",718.5,2,to110i
5227,16693925,"Francisco Corredor","2026-09-30 12:33:06",718.5,2,franciscocorredor
5228,16664242,"Alex Lee","2026-08-11 03:43:12",718.3,2,aiexanderr
5229,16746592,Harvester,"2026-08-21 13:57:05",717.5,2,yudhis16
5230,16664283,"Nguyễn Hữu Công","2026-08-07 05:24:48",717.5,2,nguynhucng
5231,16680646,Naym0425,"2026-08-14 04:20:36",717.3,2,naym0425
5232,16705441,CooperJiang,"2026-08-13 06:57:44",717.2,2,gingersna
5233,16679848,Nikola010,"2026-08-13 16:29:19",717.1,2,nikola010
5234,16670545,"Mouad AIT HA","2026-08-18 20:03:55",717.1,2,mo0103
5235,16658278,"Malcolm Durosaye","2026-09-17 12:31:05",716.7,2,malcolm95
5236,16892971,BeachedRobot,"2026-09-30 01:54:46",716.2,2,beachedrobot
5237,16624485,"Nishant Dahal","2026-08-10 02:24:42",716.0,2,nishantdahal
5238,16670117,"Raj Aryan","2026-08-07 18:15:04",716.0,2,rajaryan2503
5239,16666686,yolo,"2026-09-30 10:12:33",715.9,2,avin55
5240,16663678,"Fabiano Adelino","2026-09-25 14:48:28",714.9,2,fabianoadelino
5241,16665500,"Madan kumar","2026-08-13 17:31:57",714.7,2,winklemad
5242,16869317,Pikachuexeallen,"2026-09-12 19:46:36",714.7,2,pikachuexeallen
5243,16661249,Yaohui,"2026-08-26 14:59:02",714.5,2,yaohui85
5244,16692677,"Ashish Dubey","2026-08-10 06:17:34",714.3,2,ashish124536
5245,16773964,trung,"2026-09-30 10:53:21",714.2,2,trung2006
5246,16667124,"Chaotic Era","2026-08-12 01:26:13",714.1,2,sani84
5247,16658875,"Noah Bishop","2026-08-10 09:56:34",713.7,2,noahbishop1
5248,16866155,gomamonaka,"2026-09-12 10:10:10",713.7,2,gomamonaka
5249,16638998,"khalid harouach","2026-09-17 13:32:02",713.5,2,khalidharouach
5250,16661707,"Rudolf HOUNLETE","2026-08-09 11:41:08",713.0,2,queystanle
5251,16749776,DataLover,"2026-08-20 16:34:37",712.9,1,paulknidler
5252,16847300,"Lam PayGi","2026-09-08 02:02:17",712.6,2,lampaygi
5253,16842527,ko_fusion_JPN,"2026-09-29 23:57:22",712.6,2,kofusionjpn
5254,16667479,"Leon Christians","2026-09-13 17:12:37",711.9,2,leonchristians
5255,16670202,"Elizabeth Park","2026-08-09 20:33:17",711.5,2,elizabethpark
5256,16661899,AAI,"2026-08-09 14:23:08",711.5,2,aiolapo
5257,16671314,"Robot Farm","2026-08-29 16:54:23",711.2,2,codearranger
5258,16657887,"Yermak Petro","2026-09-30 14:32:49",711.2,2,yermakpetro
5259,16665976,"Daksh Goyal","2026-08-08 20:36:06",710.9,2,dakshgoyal387
5260,16724895,russ,"2026-08-19 08:55:30",710.9,2,mdevian
5261,16630372,Q.qlmmm,"2026-08-24 18:25:02",710.9,2,qlammi
5262,16695182,"Ali Haydar Özdağ","2026-08-10 14:29:59",710.3,2,ahoirg
5263,16634174,phibkro,"2026-08-07 03:10:52",710.0,2,phibkro
5264,16696208,"kazwzn S","2026-09-22 12:06:22",709.8,2,kazwzns
5265,16847456,waHAHA,"2026-09-07 09:53:07",709.7,1,wangshen1994
5266,16664179,animelonerboy,"2026-08-09 15:52:55",709.6,2,adambasa5
5267,16720234,Aditya109,"2026-09-08 05:20:00",709.4,2,"aditya109,tathagattyger"
5268,16658213,"Ahmet Abdullah Gültekin","2026-09-29 21:20:04",709.2,2,abdullahgultekin
5269,16692883,coolguy,"2026-08-08 20:56:21",708.7,1,vihangpagare334
5270,16683852,"Abhiram Anil","2026-08-08 06:26:11",708.5,2,abhiramanil
5271,16881964,"Vipeen Kumar","2026-09-21 06:20:46",708.5,2,vipeen
5272,16732048,jiangletian,"2026-09-29 23:16:00",708.3,2,jiangletian
5273,16724556,"Yixiang Wu","2026-09-27 22:08:39",708.2,2,yixiang964
5274,16659585,"Anas Riaz","2026-08-08 20:20:23",708.1,2,anasriaz
5275,16694751,im_justmatthew,"2026-08-10 11:27:00",708.0,2,imjustmatthew
5276,16671403,"Alex Karpowicz","2026-08-08 18:36:52",707.8,2,alexkarpowicz
5277,16795676,cold_star,"2026-09-04 03:54:22",707.8,1,a406161167
5278,16838800,"LEE Dailun","2026-09-09 13:59:27",707.6,2,peterccll
5279,16815105,"Saurav Chaudhari","2026-09-03 08:46:53",707.2,2,saur3x
5280,16663928,Auxileon,"2026-08-09 16:20:13",707.2,2,auxileon
5281,16655763,"Diogo Sena","2026-08-22 17:08:45",706.8,2,diogodmsena
5282,16657598,"Arun Mallikarjuna","2026-08-10 04:29:14",706.7,2,arunmallikarjuna
5283,16633276,"Nolan Liang","2026-08-09 03:26:47",706.7,2,iamlkn
5284,16670406,"jessica jennifer","2026-08-20 15:55:41",706.6,2,jessicajennifer
5285,16683909,"Krzysztof ""Chris"" Karaszewski","2026-08-14 08:41:11",706.4,2,futureofworkchannel
5286,16667245,"KAIWALYA RAUT","2026-08-09 09:04:25",706.3,2,kaiwalyaatulraut
5287,16694317,"PRITIKA SA","2026-08-09 07:17:19",705.7,2,pritikasa
5288,16685828,Ztr0,"2026-08-09 05:53:10",705.7,2,y1amadeus
5289,16660613,今日洗澡明日香,"2026-08-07 09:58:49",705.3,2,"jasperkag,ryjiang,timmengzh,yningc"
5290,16731259,"Manvik singh rathore","2026-08-30 17:18:55",704.8,2,manviksinghrathore
5291,16653208,FabienDaniel,"2026-08-07 10:17:38",704.7,2,fabiendaniel
5292,16657957,"Mounika Kommireddy","2026-08-08 07:57:32",704.6,2,mounikakommireddy
5293,16634468,"Kun Zhang","2026-09-01 11:38:47",704.4,2,beicicc
5294,16652741,"Sergi Bas","2026-09-23 16:29:27",704.3,2,sergibas
5295,16845420,"Terrance Luangrath","2026-09-08 05:41:53",704.2,2,tksluangrath
5296,16729800,"Alchemical Retard.","2026-08-20 07:28:07",704.2,2,alchemicalretard
5297,16729472,"Boris Pletenev","2026-08-16 17:23:56",704.1,1,borispletenev
5298,16784056,"anh nông dân may mắn","2026-09-30 16:57:03",704.0,2,nguyen1tri
5299,16635781,wacata,"2026-08-19 14:53:05",703.9,2,wacata
5300,16672520,"Nah I'd win","2026-08-07 08:09:12",703.7,2,asutriy
5301,16643193,"Shoroogh Ahmadi","2026-08-13 10:36:43",703.6,2,shorooghahmadi
5302,16698071,nixotrix,"2026-09-07 21:16:50",703.6,2,nixotrix
5303,16711725,meatori-nu,"2026-09-05 13:40:48",703.4,2,meatorinu
5304,16665898,chengsongtao,"2026-08-23 00:12:59",703.3,2,cheng618
5305,16684762,X-xuhui,"2026-08-08 10:07:58",703.1,2,xxuhui
5306,16742442,"Anton Dugin","2026-08-21 09:51:07",703.0,2,antondugin
5307,16893333,Chista,"2026-09-17 23:10:55",702.5,2,"amirelite,asimir"
5308,16635351,AAAMIKASA,"2026-09-30 17:30:11",702.1,2,aaamikasa
5309,16642579,"Desyat IO","2026-08-09 17:31:59",702.0,2,desyatio
5310,16673179,"Muhammad Faraz Aftab","2026-08-09 10:18:58",701.8,2,muhammadfarazaftab
5311,16661739,"Spandan Mhapsekar","2026-08-08 10:39:41",701.6,2,spandanmhapsekar
5312,16671372,"Meet Sabhaya","2026-08-08 06:02:13",701.4,2,meetsabhaya
5313,16681480,"Kevin Nguyen","2026-08-14 18:16:29",701.3,2,haidangnguyen1802
5314,16630441,"yjhv buddies","2026-08-07 09:50:05",701.2,2,bender1123123
5315,16858849,"Mark Diamond","2026-09-13 22:11:38",701.1,2,ponkle
5316,16664666,"Rheal Thomas","2026-08-21 19:29:44",701.1,2,rhealthomas
5317,16623189,"Aditya Mishra","2026-08-09 03:42:06",701.0,2,adityamishranika
5318,16653984,"Howard Lyu","2026-08-08 18:35:00",701.0,2,howardlyu
5319,16657989,"vishnu gopal P","2026-08-08 12:27:56",700.8,2,vishnugp
5320,16660091,bcTiann,"2026-08-06 05:55:54",700.6,2,bctiann
5321,16680075,I_luv_magick,"2026-08-07 09:50:30",700.5,2,iluvmagick
5322,16910408,Yuumi080911,"2026-09-20 09:42:09",700.4,2,"haiyunzhang,yuumi080911"
5323,16662592,"Vladislav Yushkevich","2026-08-09 14:54:24",700.3,2,"crazyflyingsheep,vladislavyushkevich"
5324,16783131,Hawkeye,"2026-09-03 07:15:17",700.3,2,pragneshbagary
5325,16683439,Goober,"2026-08-10 19:46:41",700.2,2,kongzhisyuen
5326,16676911,"Michał Ścibak","2026-09-29 16:35:23",700.0,2,michacibak
5327,16666301,"James Felipe","2026-09-03 05:42:24",700.0,2,jamesfelipe
5328,16675752,"Simon Rüba","2026-08-10 14:23:16",699.5,2,simonrba
5329,16693374,"Henfry De Los Santos","2026-08-12 11:43:51",699.5,2,henfrydelossantos
5330,16713590,"Александр Арутюнян","2026-08-13 05:20:18",699.3,2,alexarut17
5331,16668758,"Aman Vishwakarma","2026-08-09 17:33:00",699.1,2,amanvishwakarma01
5332,16792989,ALKRIS,"2026-08-31 14:35:26",698.8,2,wasimjbuh
5333,16758431,"Mathews Jere","2026-08-26 18:10:25",698.8,2,mathewjere
5334,16673002,xubenzheng,"2026-08-07 15:40:31",698.5,2,xubenzheng
5335,16679347,"Youssef EL MSIYAH","2026-08-09 12:07:55",698.5,2,youssefelmsiyah
5336,16734490,Tomeiser,"2026-09-24 11:23:16",698.5,2,tomeiser
5337,16676025,"Csaba József","2026-08-31 19:31:00",698.4,2,"jcsaba,peterkiss4"
5338,16672629,"Alex Boyd","2026-09-06 15:37:19",698.3,2,alexrayboyd
5339,16685990,VictorAndrew,"2026-09-05 22:20:04",698.3,2,vicktvr
5340,16789865,AgroByte-dev,"2026-09-02 14:39:25",698.0,2,ylyasyylkybayev
5341,16670807,mannogun,"2026-09-04 23:15:49",697.9,2,arcanejumper
5342,16681226,"tingting shen","2026-08-10 09:24:23",697.1,2,tingtingshen99
5343,16624003,weedfarmer,"2026-08-08 05:34:16",697.1,2,aleksanderhan
5344,16669930,"Ilya Klimanov","2026-08-25 13:30:13",696.8,2,ilyaklimanov
5345,16635890,Poojan,"2026-08-06 09:44:47",696.5,2,poojankumartandel
5346,16640582,Attension_Seeker,"2026-08-10 06:57:51",696.3,2,aisipu
5347,16631101,"Muneeb ul Hassan","2026-08-10 09:56:41",696.2,2,muneeb2405
5348,16736429,Rudra278,"2026-08-18 12:07:42",696.2,1,rudra278
5349,16666625,"Nguyen Ngoc Thien","2026-08-07 16:12:04",695.8,2,ngocthienai
5350,16935826,Ayush,"2026-09-27 10:52:22",695.6,2,"aniketchonu,ayush20081303"
5351,16639496,"Sai Teja Bandaru","2026-08-11 14:51:49",695.4,2,saitejabandaruin
5352,16639606,Peach2587,"2026-08-12 03:19:13",695.4,2,momokayoshioka
5353,16641535,Tutti,"2026-09-06 15:16:23",695.2,2,malk271828
5354,16660537,Furina,"2026-08-08 13:52:01",694.9,2,cjlcjlcjl
5355,16658173,Tamizharuvi,"2026-09-19 08:42:47",694.9,2,tamizh1
5356,16684568,"[ODS] waniz","2026-08-08 11:04:42",694.7,1,wanizz
5357,16841445,Challo,"2026-09-26 02:28:49",694.3,2,germantardioperez
5358,16854347,"Arul Gandhi","2026-09-12 10:19:13",694.2,2,arulgandhi
5359,16659529,"Sanchit Jain","2026-09-27 12:46:58",694.1,2,sanchit1609
5360,16713031,"Nahid Hossain Redom","2026-08-13 15:38:30",694.1,2,nahidhossainredom
5361,16688898,"Sanskar Omar","2026-08-09 11:10:44",693.8,2,sanskaromar7
5362,16670361,"Saud Saudesen","2026-08-15 22:16:42",693.8,2,saudsaudesen
5363,16645078,"A Aswanth Raj","2026-08-09 08:57:36",693.7,2,aaswanthraj
5364,16692469,neoistheone,"2026-08-08 18:38:13",693.6,1,neoistheone
5365,16679237,"Danilo Sepúlveda","2026-08-06 21:26:28",693.6,1,daniloseplveda
5366,16655497,cszf_first,"2026-08-09 02:06:46",693.0,2,cszffirst
5367,16760841,KIsXcl,"2026-08-24 14:34:11",692.4,2,kisxcl
5368,16660430,"Hassaan Ibrahim","2026-08-10 12:45:55",692.3,2,hassaanibrahim
5369,16667606,Manifolds1,"2026-08-06 16:36:46",692.0,2,ptrakuldit
5370,16665256,zhoujqi,"2026-08-06 18:31:31",691.9,2,zhoujqi
5371,16661100,"Muhammad Junaid","2026-09-06 21:24:50",691.8,2,junaid512
5372,16623485,XtraLearning,"2026-08-09 17:10:36",691.8,2,xcessivesmash
5373,16853733,Eugene,"2026-09-27 14:29:46",691.7,2,eugenejyuan
5374,16830079,"Quan Vu","2026-09-04 11:35:57",691.7,2,quan0095
5375,16793895,"Moh Notif","2026-09-30 15:24:10",691.6,2,mohnotif
5376,16665353,Sakshamm2587,"2026-08-17 16:50:43",691.4,2,sakshamm2587
5377,16668029,Timbo615,"2026-08-07 11:56:21",691.3,2,timbo615
5378,16678288,"Speedrun retirement","2026-08-30 18:59:23",691.2,2,"josephkimanikamau,nanducode"
5379,16678506,SireeshLimbu,"2026-08-08 08:39:43",691.1,2,sireesh
5380,16630758,"Keshav Joshi","2026-08-20 18:53:37",691.0,2,keshavjoshi22
5381,16670040,galaxyhunter,"2026-08-17 19:22:06",691.0,2,pkharkwal
5382,16670065,"Artyom Sayapin","2026-09-22 16:26:22",690.9,2,spielmeister
5383,16699784,nianyu,"2026-08-10 09:46:32",690.8,2,nianyuc
5384,16665431,"Monojit Nandy","2026-08-06 11:50:38",690.6,2,vedarthmn
5385,16659958,brainpick,"2026-08-24 21:54:50",690.6,2,prathvirajpalekar
5386,16630249,"Aymar Avohoueme","2026-08-20 10:22:33",690.6,2,aymaravohoueme
5387,16732722,Kusanagi,"2026-08-24 21:52:54",690.6,1,kusanagiap
5388,16623128,AdamJonesJohnson,"2026-09-30 17:15:31",690.2,2,adamjonesjohnson
5389,16639280,"Faruk Çiftler","2026-08-09 11:27:46",690.1,2,abdullahfaruk
5390,16690897,"Ashok Kumar Garain","2026-08-08 13:26:11",690.1,1,ashokkumargarain
5391,16653262,"tianwen zhang1","2026-08-08 16:21:18",690.1,2,tianwenzhang1
5392,16668034,ggggalaxy,"2026-08-28 04:56:40",690.0,2,ggggalaxy
5393,16665529,Venneth,"2026-08-08 12:32:20",689.7,2,venneth
5394,16670058,"Dahoui Alex Armel ","2026-08-07 01:02:07",689.7,2,dahouialexarmel
5395,16666826,"Simone di costanzo","2026-08-07 19:38:11",689.6,2,simonedicostanzo
5396,16811628,"Roger Yang","2026-09-08 03:12:08",689.4,2,rogerjyang
5397,16687463,"Manolo Chow","2026-08-09 22:56:20",689.4,2,manolochow
5398,16905921,关注塔菲喵,"2026-09-16 16:11:46",689.4,2,zuberi05
5399,16698822,JJN8825,"2026-09-26 16:38:20",689.3,2,jjn8825
5400,16670378,"Ari Carter","2026-08-08 23:18:02",689.3,2,aricarter
5401,16656118,Mutte1904,"2026-08-07 05:03:56",689.1,2,mutte1904
5402,16682336,"Çınar Efe Yetişen (Student)","2026-08-19 08:29:20",689.1,2,narefeyetienstudent
5403,16724269,lava,"2026-09-25 13:51:26",688.6,2,fanxiaozhen
5404,16668545,Ronty00,"2026-08-06 08:24:07",688.2,2,ronty00
5405,16742239,"Benny Joseph","2026-09-17 13:06:06",688.1,2,pbennyjoseph
5406,16669971,"Luka Philip","2026-08-08 16:09:32",688.0,2,lukaphilip
5407,16784731,Alfred,"2026-09-20 21:54:16",687.8,2,holleyalfred
5408,16658670,EveryJust,"2026-08-07 08:33:35",687.8,2,"everyjust,zfc666wsnd"
5409,16645705,wataru420,"2026-09-30 11:31:11",687.7,2,wataru420
5410,16665015,"laiba razzaq10","2026-08-07 14:21:49",687.7,2,laibarazzaq10
5411,16639645,RamenBoy,"2026-09-08 14:38:35",687.4,2,ramenboyjapan
5412,16632446,"Abdul Wahab Khan","2026-08-06 04:53:37",687.1,1,abdulwahab2321
5413,16664827,"Jose Miguel Diez de la Lastra","2026-08-07 16:08:49",687.0,2,josemigueldiez
5414,16654832,mohit,"2026-08-07 00:01:08",687.0,2,mohitvarred
5415,16659525,"Dang Khoa Nguyen","2026-08-17 09:51:16",686.7,2,khoadangnguye
5416,16665169,"Rahul Barakoti ITM","2026-08-07 10:58:30",686.2,2,rahulbarakotiitm
5417,16668995,"MD.Firoj Khondokar","2026-08-06 11:05:13",685.9,2,mdfirojkhondokar
5418,16782792,"[Deleted] bdc3c175-811b-438f-9c3a-c2d9c80c106a","2026-08-29 07:16:45",685.9,2,del=e8b93c44cf962f9e
5419,16720913,Candidates,"2026-09-28 12:41:35",685.8,2,"ulyanovmmm,vladimirarchipov"
5420,16669608,"Jesy Lu","2026-08-13 16:21:53",685.7,2,jesylu
5421,16654626,bgsszsa,"2026-08-07 12:01:33",685.7,2,bgsszsa
5422,16934428,shib,"2026-09-24 18:37:26",685.7,2,shibendum
5423,16698538,"Haozhe Wang 2022","2026-08-24 00:50:02",685.5,2,haozhewang2022
5424,16676283,jnurik,"2026-08-07 17:24:01",685.5,2,nurdauletmoldik
5425,16624977,Avikumar93801,"2026-08-11 05:55:19",685.4,2,avikumar93801
5426,16744809,"Ruben Romero Fernández-Monge","2026-08-25 18:00:39",684.9,2,salieri7
5427,16667091,"Nico Feiler","2026-08-07 14:27:47",684.9,2,nicofeiler
5428,16679683,Aberrchan,"2026-08-08 17:44:32",684.8,2,aberrchan
5429,16662730,Operator-X,"2026-08-08 10:06:04",684.6,2,"jpexee,lavlinjaisonme23b250"
5430,16669273,Parag,"2026-09-28 05:24:58",684.3,2,paragkale
5431,16654042,B.Pushpanjali,"2026-09-29 13:59:35",684.1,2,"bpushpanjali,vinithwade"
5432,16653117,"li jiaqi77","2026-08-07 05:32:06",683.9,2,lijiaqi77
5433,16640332,"ning gu","2026-08-21 00:01:22",683.9,2,morninggu
5434,16660555,"Nguyễn Nhật Thanh","2026-08-07 03:45:29",683.5,2,nguynnhtthanhhhhh
5435,16688579,"Long Hu","2026-08-09 09:41:04",683.5,1,longhul
5436,16718916,"ROBERT SSEBAMBULIDDE","2026-08-14 19:21:24",683.4,2,robertssebambulidde
5437,16662161,"Touhidul Alam Seyam","2026-08-10 12:39:51",683.3,2,seyamalam
5438,16656296,Fususu,"2026-09-05 04:32:44",683.0,2,phuongncn
5439,16764419,"Leo #2","2026-08-30 08:17:12",683.0,1,nanlihao
5440,16664890,ideal_m99,"2026-09-19 19:12:14",682.8,2,idealm99
5441,16631665,"jatan sanghvi","2026-09-07 14:03:17",682.0,2,jatansanghvi
5442,16670671,"TAUIL Abd Elilah","2026-08-11 01:17:39",681.9,2,tauilabdelilah
5443,16663369,csteeve,"2026-09-26 18:25:26",681.8,2,csteeve
5444,16677240,"Jeevan Malla","2026-08-07 07:37:46",681.8,2,jeevanmalla
5445,16676677,"Clark Stéphane","2026-08-07 18:58:45",681.7,2,clarkstphane
5446,16669518,Galagala,"2026-08-07 18:35:59",681.3,2,b12705059
5447,16656009,"Steven Liu","2026-08-31 06:25:02",681.3,2,thornkey
5448,16668668,"George Byne","2026-08-25 10:10:36",681.3,2,georgebyne
5449,16655156,"Pranjal Ranjan","2026-08-06 23:58:43",681.0,2,pranjalranjan299
5450,16651613,"Devin Zhou","2026-08-05 02:27:36",680.7,2,devinzhou
5451,16665561,LuoXingda,"2026-08-07 08:22:42",680.6,2,luoxingda
5452,16682182,"himanshu chauhan2406","2026-09-26 11:54:31",680.2,2,himanshuchauhan2406
5453,16681065,SYC,"2026-08-07 03:22:25",680.2,1,yichengs
5454,16680408,mochogo,"2026-08-07 05:42:33",680.2,1,mochogo
5455,16654623,"Asher Goldstein","2026-08-09 17:54:27",680.0,2,ashergoldsteincd21
5456,16762021,Dhananjai1729,"2026-09-26 12:19:33",679.9,2,dhananjai1729
5457,16705242,"Chonghao Peng","2026-09-04 21:45:52",679.8,2,chonghaopeng
5458,16835621,"Atharv Santosh","2026-09-05 02:49:27",679.7,1,atharvsantosh
5459,16818086,wwewwt,"2026-09-08 05:44:07",679.5,2,wwewwt
5460,16621802,fgwiebfaoish,"2026-08-13 12:21:54",679.3,2,fgwiebfaoish
5461,16930968,"Harvey Zheng","2026-09-24 04:34:49",679.2,2,harveyzheng07
5462,16666358,"GAYATHRI SALINI","2026-08-07 07:55:26",678.9,2,gayathrisalini09
5463,16635518,"ROFIQUL ALAM SHEHAB","2026-08-09 11:49:00",678.9,2,rofiqulalamshehab
5464,16633043,"Ryan Adams","2026-09-08 23:48:54",678.8,2,ryanadamsai
5465,16644552,Keanan,"2026-08-08 11:35:17",678.5,2,citerne
5466,16666609,"visit palja.co","2026-08-15 03:34:49",678.4,2,sselrats
5467,16664368,"Ujjwal Reddy","2026-08-10 19:43:26",678.4,2,ujjwalreddyks
5468,16625472,"luna is free！","2026-08-29 16:39:51",678.2,2,simingtan
5469,16663591,"Joseph Franck","2026-08-25 10:07:56",678.0,2,josephfranck
5470,16832844,aliREZA,"2026-09-17 23:55:15",678.0,2,afazlik1
5471,16659883,"Ahmad Hfdx5","2026-08-05 03:33:48",677.6,2,ahmadhfdx5
5472,16668039,NotEnoughTokens,"2026-08-06 13:04:52",677.4,2,"adofai,jonghyun7777,taglink"
5473,16667714,ZhexinJiang,"2026-08-06 11:26:30",677.4,1,zhexinjiang
5474,16896810,Xcution,"2026-09-16 18:23:35",677.4,2,gghhjjkk
5475,16655353,"Pablo Montenegro","2026-08-09 02:13:47",677.1,2,pablomontalb
5476,16659727,shuaiqiyang,"2026-09-16 01:16:36",677.1,2,shuaiqiyang
5477,16712577,"nattapon nakakong","2026-09-22 02:49:39",677.0,2,nattaponnakakhong
5478,16730179,anmadev,"2026-09-29 23:52:27",676.8,1,anmadev
5479,16658684,"Takayuki Michishita","2026-09-13 11:00:03",676.6,2,takayukimichishita
5480,16684470,"Soumi Ghosh","2026-08-11 10:59:07",676.4,2,soumighosh911
5481,16643922,Konstantin03,"2026-09-07 17:03:30",676.2,2,konstantin03
5482,16653855,"Klgv Klgv","2026-08-06 11:54:38",676.1,2,klgvklgv
5483,16727696,Milkman,"2026-08-19 15:05:17",676.0,2,talhasahi
5484,16702796,Yavuz.YILMAZ,"2026-09-07 12:22:45",676.0,2,yvztpe
5485,16668357,"B.Pardha Manoj Reddy","2026-08-24 16:57:25",675.8,2,pardhamanojreddy
5486,16677188,Nicooni,"2026-08-06 16:35:01",675.5,1,nicooni
5487,16669542,Agzam,"2026-08-06 05:09:43",675.4,2,mazgag
5488,16675753,Khafidin,"2026-08-12 05:16:26",675.3,2,khafidin
5489,16673155,"Babar Khilji","2026-08-06 15:55:26",675.2,2,babarkhilji
5490,16664565,"Wayne Chou","2026-08-05 12:30:14",675.1,2,ambientz
5491,16745450,GusNicho,"2026-08-24 03:30:55",675.1,2,pineapplepencil
5492,16656345,sunchang71,"2026-08-05 14:05:13",675.1,2,sunchang71
5493,16686843,"Juraj Zelman","2026-08-09 08:40:09",674.9,2,jurajzelman
5494,16668060,"Spiros Skarmoutsos","2026-08-08 12:48:07",674.8,2,spirosskarmoutsos
5495,16659565,Tekin24,"2026-08-13 21:25:21",674.6,2,tekin24
5496,16634078,"yoho kumedayo","2026-08-15 12:48:29",674.5,2,dorachinyastyle
5497,16866109,AAA-建材批发旭哥,"2026-09-12 03:44:40",674.4,2,aaawenxu
5498,16736559,"Team Rot-Weiß","2026-08-19 13:22:35",674.2,2,moritzpaal
5499,16675027,namanbnsl,"2026-08-06 13:02:52",674.2,2,namanbnsl
5500,16668329,HakimTaoufik,"2026-08-18 13:06:18",674.1,2,hakimtaoufik
5501,16661410,tmxdlr,"2026-08-05 12:40:54",674.0,2,tmxdlr
5502,16659000,xjlgg123,"2026-08-08 12:35:10",673.7,2,xjlgg123
5503,16894273,Darcy-KAYOKO,"2026-09-30 08:28:18",673.6,2,darcykayoko
5504,16719793,dhuruvapriyan,"2026-08-14 16:06:42",673.3,2,dhuruvapriyan
5505,16674550,"Jebastin Nadar","2026-08-06 10:09:16",673.1,2,samfc10
5506,16661229,Gena,"2026-08-04 15:18:42",673.0,2,gdonchyts
5507,16807575,Rf28,"2026-09-03 10:29:55",673.0,2,rehyyy
5508,16639125,"Caio Coelho","2026-08-09 15:38:12",672.5,2,caio41
5509,16753850,"Ahmad Ali","2026-09-09 17:58:10",672.1,2,ahmadali1243534
5510,16886420,infoproje,"2026-09-13 12:58:25",672.1,2,infoproje
5511,16714166,"Naman Malik","2026-09-29 22:11:44",671.5,2,"adenijielijah,anapau11,marydata,namanmalik81714"
5512,16925283,"Carlos Gallego Menor","2026-09-19 19:19:37",671.3,2,carlosgallegomenor
5513,16943185,VarchaswaV,"2026-09-22 21:48:07",671.2,2,varchaswav
5514,16658384,UwU,"2026-08-10 04:20:44",671.1,2,claudesewitz
5515,16659820,Accayo14,"2026-08-06 14:20:30",671.1,2,accayo14
5516,16671407,JBro13,"2026-08-07 02:29:02",671.0,2,jbro13
5517,16657861,"Liao Zixu","2026-08-25 04:28:34",671.0,2,liaozixu
5518,16665399,"Shivam Shrivastava","2026-08-13 15:32:37",670.7,2,shivamshrivastava180
5519,16637898,"Marek Nurzynski","2026-09-26 19:39:58",670.6,2,marek3000
5520,16659217,Dynamic_fire07,"2026-08-05 18:51:51",670.5,2,"dynamicfire07,tryingmybest123"
5521,16667503,Yuzuki,"2026-08-05 12:19:45",670.2,1,yuzukiohya
5522,16936771,"Elvis Diniz","2026-09-22 10:49:26",670.2,2,elvisdiniz
5523,16694399,"Sujith Kumar Sashikanth","2026-08-10 00:01:32",670.1,2,sujithsashi
5524,16632426,Santhana,"2026-09-26 23:27:23",670.1,2,santhanalekshmic
5525,16641326,IY,"2026-08-05 19:27:31",669.9,2,irotrader
5526,16654743,"Jaume Batlle i Ferrer","2026-09-25 06:18:38",669.9,2,jaumebatlleiferrer
5527,16654209,"Nirav Mehta 1612","2026-08-10 15:41:47",669.8,2,niravmehta1612
5528,16655828,ack07,"2026-08-06 04:52:07",669.8,2,its07amit10
5529,16660120,gktdgktdgktd,"2026-08-07 07:50:45",669.7,2,gktdgktdgktd
5530,16652986,"Justin Kimlim","2026-08-26 03:12:37",669.6,2,justinkimlim
5531,16641093,"Satish ","2026-08-20 04:18:42",669.6,2,satishkommanaboina
5532,16848841,Spacejam,"2026-09-07 16:15:52",669.5,1,spacejam1221
5533,16758174,REBEL_K,"2026-08-27 18:30:45",669.3,2,rebelk
5534,16677675,"Roman Mironov","2026-08-06 17:30:28",669.1,1,helloromiro
5535,16639043,"saroj bono","2026-08-28 18:42:55",668.9,2,sarojbono197
5536,16757741,"Malte Bories","2026-08-25 20:08:35",668.9,2,maltebories
5537,16663052,gh,"2026-09-13 21:30:08",668.8,2,grzegorz
5538,16662712,"Roman Stupin","2026-08-27 23:52:01",668.8,2,rcnegby
5539,16623798,RuiKimura4,"2026-08-27 00:30:45",668.7,2,ruikimura4
5540,16876448,"Max Harvestappen","2026-09-23 05:18:56",668.6,2,ryosukefujita
5541,16732667,Doug,"2026-08-26 23:26:49",668.4,2,dougsgrott
5542,16847548,"Abhinav Sai Podugu","2026-09-10 06:59:09",668.2,2,abhinavsaipodugu
5543,16664300,"swajay nandanwade","2026-08-05 04:57:10",668.1,2,swajaynandanwade
5544,16924499,Matterhorn3838,"2026-09-30 07:45:23",668.0,2,matterhorn3838
5545,16825767,f7e6n5g4,"2026-09-25 09:15:53",667.9,2,f7e6n5g4
5546,16622940,"Enrico Ambrosio","2026-08-06 19:56:30",667.7,2,enricoambrosio
5547,16679155,jeziorop,"2026-08-06 20:34:53",667.5,1,jeziorop
5548,16742806,"Oğuz Karabulut","2026-09-11 07:47:41",667.5,2,ouzkarabulut
5549,16632686,strike,"2026-08-06 06:21:38",667.5,2,nicolia
5550,16875632,HexTex,"2026-09-12 04:34:49",667.5,2,hexlab
5551,16658569,"Danu A.","2026-08-05 13:12:09",667.3,2,eu1234
5552,16898029,"Leonid Kononenko","2026-09-18 04:47:05",667.1,1,"aleksandraavetisova,leonidkononenko"
5553,16640811,cyberia,"2026-08-02 09:12:23",666.9,1,cyberia
5554,16713463,"Dillen Perumal","2026-08-29 16:39:37",666.9,2,dxllen
5555,16644861,"kanzaler ensemble","2026-08-11 14:30:36",666.7,2,kanzalerensemble
5556,16796509,"Taha Alselwi","2026-09-27 19:52:40",666.7,2,tahaalselwii
5557,16691310,"Ganesh ","2026-09-28 22:03:09",666.5,2,hotshot1798
5558,16797134,Yooho0,"2026-09-07 16:25:05",666.3,2,yooho0
5559,16676280,agniii,"2026-08-06 17:05:08",666.3,2,agniii
5560,16654081,"Aleksei Ponomarev","2026-08-06 00:43:57",666.2,2,alekseiponomarev
5561,16729165,コーラ,"2026-08-23 07:30:40",666.1,2,cola0912
5562,16689084,Tam1m,"2026-08-29 09:56:39",666.0,2,booleanwolf
5563,16699699,rudykane,"2026-08-11 16:06:34",666.0,2,rudykane
5564,16658789,Zhanpeng.W,"2026-08-08 10:05:26",665.9,2,zhanpengw
5565,16722341,"Pham Huu Bao Chung","2026-09-16 08:57:18",665.7,2,phamhuubaochung
5566,16652896,"R^2 negative","2026-08-04 23:14:38",665.5,2,rktqwe
5567,16663407,Denis,"2026-08-11 17:42:21",665.1,2,matsiusheuski
5568,16655339,harmo-miu,"2026-08-23 05:57:37",664.7,2,harmomiu
5569,16942421,"Raj Tharun","2026-09-30 17:32:12",664.6,2,tharunraj1122
5570,16770724,Louras,"2026-08-26 09:49:05",664.6,2,louras
5571,16802695,"Taras Sam","2026-09-07 17:36:00",664.5,2,tarassam
5572,16797785,"Vivek Verma","2026-08-31 20:36:45",664.4,2,cosmicescape
5573,16734312,truebelief,"2026-09-09 00:11:41",664.4,2,truebelief
5574,16662496,KhalidKhan,"2026-08-05 05:31:07",664.3,2,feedfeed
5575,16655534,"Charles Mills","2026-08-06 16:40:27",664.0,2,charlesqmills
5576,16629983,Amundsen,"2026-08-05 06:51:46",663.9,2,amundsen
5577,16634752,"Praise the SHOVEL","2026-08-03 16:16:28",663.7,2,barnobarno
5578,16666163,"Muthuraman Raman 7","2026-08-06 05:25:09",663.7,2,muthuramanraman7
5579,16657942,"Gokul Prasath","2026-08-04 23:38:18",663.6,2,beastgokul
5580,16940668,"Lars Gade","2026-09-30 05:29:59",663.5,2,larsgade
5581,16744640,"Marcin Skalski","2026-09-01 18:25:08",663.2,2,marcinskalski
5582,16666900,sooflee,"2026-08-12 14:19:50",663.2,2,sooflee
5583,16669491,"Parakh Sharma","2026-08-06 10:59:33",663.1,2,parakh20
5584,16623932,"Axel Ahmer","2026-09-19 16:55:30",663.1,2,blondie1
5585,16659761,cheng-han,"2026-08-06 08:16:10",663.1,2,neoshie
5586,16656393,"Faris Abqari","2026-08-07 00:15:25",662.8,2,farisabqari11
5587,16656171,ishu,"2026-08-04 03:27:45",662.6,2,ishhverma
5588,16894603,"Riyan Ahasan Araf","2026-09-16 02:11:59",662.5,2,riyanahasanaraf
5589,16656444,"christopher athans crow","2026-08-05 00:08:13",662.4,2,cchrisaa
5590,16765310,"Aria Muse","2026-09-30 05:23:00",662.3,2,ariamuse
5591,16919251,"Eric Fan","2026-09-19 19:04:44",662.3,2,ericfan1110
5592,16631016,木下陽平,"2026-08-06 14:52:20",662.3,2,yoheikaggle
5593,16670304,"Daniel Tomaro1","2026-08-09 03:03:06",662.1,2,danieltomaro1
5594,16806251,"Seok Jun Kim","2026-09-08 07:51:16",661.6,2,sjk1225
5595,16726025,"Yanrun Chen","2026-09-07 12:15:23",661.5,2,yrchen98
5596,16654726,"James Mancillas","2026-08-07 15:46:12",661.3,2,jamesmancillas
5597,16702509,KošičanSVK,"2026-08-17 18:04:22",661.1,2,ryanstoner
5598,16656170,"Chakrabhuana V  Deva","2026-08-05 06:54:50",661.0,2,chakrabhuanavdeva
5599,16887820,"Radosław Czajkowski","2026-09-30 11:50:23",661.0,2,radoslaw
5600,16664291,"William Dennis","2026-08-11 07:57:27",661.0,2,williamdennis
5601,16699080,"Karthikeya Thatipamula","2026-09-12 04:52:19",660.9,2,karthikeya18
5602,16866097,"Pradeep Kumar Mahato","2026-09-16 14:21:29",660.8,2,pradeepkr12
5603,16790145,"Casper du Jardin Kejser","2026-09-04 09:12:34",660.8,2,casperdujardinkejser
5604,16677965,felipe9695,"2026-08-12 21:23:05",660.7,1,felipe9695
5605,16770912,IsonaEi,"2026-08-26 12:48:48",660.6,1,isonaei
5606,16658717,"Aditya Kapadia","2026-08-06 14:32:16",660.4,2,adityakapadia2003
5607,16656304,"Gururaj Athani","2026-09-12 02:26:55",660.3,2,gururajathani
5608,16625013,sash,"2026-08-05 01:00:10",660.3,2,sash2104
5609,16762722,"Bruno Romero García","2026-08-31 20:24:32",660.2,2,brunoromerogarca
5610,16650701,"Oliver Wang","2026-08-03 16:17:36",660.0,2,oliverwang15
5611,16675203,HK,"2026-08-06 11:38:05",659.7,1,hizurukonishi
5612,16658723,"Waleed Alkhateeb","2026-08-05 13:31:44",659.7,2,waleedalkhateeb
5613,16659033,"Farzana Shaju","2026-08-05 07:18:29",659.2,2,"farzanashaju,shaikhharisjamal"
5614,16725147,"Salah Ibrahiemu","2026-09-28 03:36:08",659.1,2,salahibrahiemu
5615,16772626,"Dr. Mikholae Hutchinson","2026-09-05 19:48:53",659.0,2,drmikholaehutchinson
5616,16658261,"Manan Khanna","2026-08-04 07:41:27",659.0,1,manankhanna0
5617,16635679,WUHAOZHE618,"2026-08-15 04:08:45",659.0,2,wuhaozhe618
5618,16636148,SanggeunParrk,"2026-08-05 04:04:32",658.8,2,sanggeunparrk
5619,16655294,Mobzya,"2026-08-26 23:11:15",658.7,2,mobzya
5620,16667101,SundharSteyn,"2026-09-23 16:27:30",658.6,2,sundharsteyn
5621,16721639,"Ankit Sain","2026-08-25 01:14:02",658.5,2,thisankitsain
5622,16669282,sky233,"2026-08-06 17:06:04",658.3,2,sky233
5623,16643095,ckyasb,"2026-08-05 14:39:42",658.2,2,ckyasb
5624,16660853,"lxh unbound","2026-08-05 00:02:02",658.1,2,lxhunbound
5625,16678965,MrGS,"2026-08-09 01:18:09",658.0,2,gabrielsderhll
5626,16660939,"Quenux Studio","2026-09-03 17:07:26",657.9,2,dieguis1976
5627,16658265,kraken,"2026-09-05 15:23:26",657.7,2,krn0209
5628,16661019,lmq,"2026-08-04 14:47:23",657.6,2,lmminhquang
5629,16661010,"Dante Dyches-Chandler","2026-08-05 04:36:09",657.6,2,dantedycheschandler
5630,16670765,"tensor choko","2026-08-05 23:03:23",657.4,1,tensorchoko
5631,16671622,"Isaac Diaz Lopez","2026-09-28 02:49:35",657.3,2,isaacdiazlopez
5632,16637519,Temprao,"2026-08-03 12:16:43",657.2,1,maruimono928
5633,16713291,Lperalt,"2026-09-20 02:20:12",657.1,2,lucianobastidas
5634,16653122,Wei_Chance,"2026-08-23 10:25:14",657.1,2,bystanderq
5635,16881685,"Vladislav Mlechko","2026-09-12 16:41:48",657.0,1,vladislavmlechko
5636,16735488,"arhaan rai","2026-09-01 19:18:46",657.0,2,arhaanrai
5637,16662872,"Artem Garbart","2026-08-05 09:41:29",656.9,2,artyomgarbart
5638,16658264,XiweiZhou,"2026-09-06 23:35:58",656.8,2,xiweizhou
5639,16731990,Karl0106,"2026-09-18 08:35:18",656.7,2,karl0106
5640,16729515,"Emmanuel Tolani","2026-08-29 15:03:36",656.4,2,emmanueltolani
5641,16623448,HoJoonYun,"2026-08-09 13:43:43",656.3,2,hojoonyun
5642,16633934,Alexy,"2026-09-30 01:51:36",656.2,2,alexycactus
5643,16927491,Adilkhan1275,"2026-09-30 16:35:11",656.1,2,adilkhan1275
5644,16775250,Junrong,"2026-08-30 00:00:13",656.0,2,fjhgjf
5645,16781377,AgriMind,"2026-09-30 16:57:20",656.0,2,slimaneguermat
5646,16717448,getalife();,"2026-09-20 08:55:13",655.6,2,"byteknight28,dhairyapandya24,rounakagrwl"
5647,16682353,"counter puncher","2026-09-16 13:38:14",655.4,2,ahmadabdoumalickdiop
5648,16732022,Mosamosa,"2026-09-03 00:42:06",654.9,1,mosamosa
5649,16625663,sota1111,"2026-09-03 01:43:41",654.9,2,sota1111
5650,16665994,Rakhansyah,"2026-08-25 13:08:20",654.8,2,rakhansyah
5651,16660824,"Stitch Clarity","2026-08-04 15:27:53",654.8,2,stevenanctil
5652,16690889,"B A S E L #","2026-08-08 14:47:22",654.6,2,basselll
5653,16770454,"Nawaf Almutairi","2026-09-12 19:23:12",654.5,2,nawafbalmutairi
5654,16669400,"Martin Konôpka","2026-08-06 12:16:13",654.5,2,rumburakk
5655,16672264,iiTz_AK,"2026-08-15 12:18:44",654.4,2,iitzak
5656,16691938,"PRASHANT SUTHAR11","2026-09-25 12:12:57",654.3,2,prashantsuthar11
5657,16765743,page0526,"2026-08-26 02:08:11",654.2,2,page0526
5658,16653958,seowoohyeon,"2026-08-06 11:48:06",654.2,2,seowoohyeon
5659,16690050,PersistentLife,"2026-08-08 17:16:17",654.2,2,persistentlife
5660,16663273,"Mason Frias","2026-08-06 22:57:08",653.9,2,masonfrias
5661,16729564,"Eirik Tveiten","2026-08-19 13:04:02",653.9,2,eiriktveiten
5662,16664221,Anish,"2026-08-14 00:53:48",653.9,2,anishmunje
5663,16670424,"Josep Audenis","2026-08-11 17:52:07",653.7,2,josepaudenis
5664,16935335,"Joshua Attridge","2026-09-22 07:07:14",653.7,2,joshuaattridge
5665,16663099,"Md. Abdullah Al Mamun","2026-08-05 02:16:43",653.5,2,mamun18
5666,16673682,MJ.LIU.T,"2026-08-06 08:14:05",653.5,1,mjliut
5667,16939419,goat,"2026-09-30 17:37:04",653.4,2,vinhdang2006
5668,16786115,"Andy Phan","2026-09-07 01:10:28",652.8,2,andyphan
5669,16659435,Zerabyte_X,"2026-08-04 09:52:16",652.5,1,zerabytex
5670,16758383,"Tong Jing Yen","2026-09-03 20:42:50",652.2,2,tongjingyen
5671,16660819,nya654nya,"2026-09-14 08:30:21",652.1,2,nya654nya
5672,16663899,"Abdelrahman Aboegela","2026-08-05 13:54:26",651.7,2,abdelrahmanaboegela
5673,16664775,DoubleZs,"2026-08-06 02:55:02",651.7,2,zhang051018
5674,16683764,bf01,"2026-08-21 21:19:05",651.7,2,jalperov
5675,16664170,SpookyHippo,"2026-08-06 02:44:29",651.7,2,spookyhippo
5676,16654419,kreiack,"2026-08-09 23:47:00",651.7,2,kreiack
5677,16634022,"Cihan Atak","2026-08-02 16:00:43",651.6,2,cihanatak
5678,16623969,"Akira Imae","2026-09-21 07:19:19",651.3,2,imaeakira
5679,16650018,EiMengLove,"2026-08-05 10:27:31",651.2,2,konicty
5680,16693164,nuggettttt,"2026-08-09 02:14:22",651.2,2,nuggettttt
5681,16688884,"As Wasti","2026-08-14 01:34:26",651.0,2,aswasti
5682,16846320,"hao zhang","2026-09-29 04:19:20",651.0,2,zhanghao913
5683,16764445,sukesuke012,"2026-09-03 01:40:16",651.0,2,sukesuke012
5684,16929792,"Ganesh K","2026-09-22 19:25:02",651.0,2,ganeshk2846
5685,16927400,HaY0801,"2026-09-30 03:24:05",650.9,2,hay0801
5686,16656709,"Anh-Vu Mai-Nguyen","2026-09-30 13:21:45",650.8,2,mainguyenanhvu
5687,16794125,"Xero Scythe","2026-09-02 18:57:39",650.7,2,xeroscythe
5688,16872090,DanielAarhus,"2026-09-17 07:10:37",650.7,1,danielaarhus
5689,16949731,"Engel Ai Labs","2026-09-24 00:56:37",650.7,2,joshuaziese
5690,16792155,abc,"2026-09-03 06:45:13",650.6,2,"datqg0,quangnguyn132"
5691,16668633,peien5,"2026-08-06 14:44:47",650.5,2,peien5
5692,16642154,Burkina_team_mate,"2026-08-06 15:30:54",650.4,2,"belemkalilou,tedjosegregorybere"
5693,16764081,"Demir Durbakayım","2026-08-29 21:21:56",650.1,2,sixcode
5694,16706993,Celibistrial,"2026-09-03 20:28:20",650.0,2,celibistrial
5695,16650396,RaymondZhao0304,"2026-08-04 00:39:30",649.8,2,raymondzhao0304
5696,16659676,Light,"2026-08-05 03:07:39",649.5,2,aadarshashrestha007
5697,16655603,"Veeranuch Leelalai","2026-08-11 12:55:29",649.2,2,veeranuchleelalai
5698,16622760,yunus_bayram_kagle,"2026-08-04 07:49:00",649.0,2,yunusbayramkagle
5699,16717483,Caerno,"2026-09-29 07:56:08",649.0,2,caerno
5700,16658562,mashBrian254,"2026-08-04 10:48:33",648.9,2,mash1990
5701,16660376,"Ahmed Sedky 0100","2026-08-06 20:56:37",648.7,1,ahmedsedky0100
5702,16655712,"Smart Manoj","2026-08-04 01:55:13",648.7,2,smartmanoj
5703,16654946,AliLucky,"2026-08-05 15:07:59",648.7,2,alilucky
5704,16663178,Sm00thiecodes,"2026-08-07 11:00:29",648.7,2,sm00thiecodes
5705,16711556,"Avvy Lavoienne","2026-08-18 04:44:16",648.5,2,avvylavoienne
5706,16942806,rosefinch555,"2026-09-27 10:14:55",648.3,1,rosefinch555
5707,16659045,Rai1,"2026-08-08 11:53:28",648.1,2,rai2003
5708,16762634,"Clement Ling","2026-09-11 08:49:26",648.1,2,clementling
5709,16644390,"Manan Gupta","2026-08-05 17:08:32",648.0,2,obirdy
5710,16740633,zhangtingyu11,"2026-08-20 04:34:32",647.9,2,zhangtingyu11
5711,16651180,yangyefd,"2026-08-03 08:42:57",647.7,1,yangyefd
5712,16652900,cjen07,"2026-08-07 23:33:05",647.5,2,cjen07
5713,16621557,"Vijay Krishna Lanka","2026-09-27 05:51:08",647.3,2,vijaykrishnalanka
5714,16687135,"Kavya Bhandari","2026-08-22 17:20:43",646.7,2,kavyabhandari1998
5715,16876275,"JOP OK","2026-09-18 18:09:43",646.7,2,fuveo24
5716,16703300,"Fahd EL ANSARI","2026-09-30 11:50:41",646.1,2,fahdelansari
5717,16796145,Qian,"2026-09-01 15:04:00",645.9,2,"aurelianz,qianyuchaoni"
5718,16633808,mmath2,"2026-08-07 10:52:38",645.9,2,mmath2
5719,16678250,"RMS Danaraj","2026-09-08 19:52:43",645.7,2,salorajan
5720,16819277,"Enshi Zhang","2026-09-05 16:26:29",645.5,2,enshizhang31
5721,16825081,huohuaya,"2026-09-09 06:09:50",645.4,2,huohuaya
5722,16663096,Agola_dasacic,"2026-08-04 20:07:50",645.3,2,mnu303
5723,16766274,"Satwato Dey","2026-09-24 20:50:22",645.3,2,satwato
5724,16637797,"Xiangchen Li","2026-08-04 09:47:59",645.1,2,xiangchenli07
5725,16654235,"Mwanza Wambua","2026-08-06 10:16:13",645.1,2,mwanzawambua
5726,16734672,"Artom  Wade","2026-09-18 19:01:18",644.8,2,artomwade
5727,16923258,nono00,"2026-09-20 16:43:09",644.8,2,nono00
5728,16802341,"Yousef Turk","2026-09-08 04:00:16",644.7,2,yousefturk
5729,16709800,nubx,"2026-08-20 17:12:04",644.6,2,manrajjitsidhu
5730,16639241,"Alissa King","2026-08-04 05:05:30",644.5,2,alissaking
5731,16875907,"Yash Mathur","2026-09-18 16:13:00",644.4,2,yashmathur03102001
5732,16643692,Samsay24,"2026-08-02 17:22:45",644.4,1,samsay23
5733,16767453,IterumVici,"2026-09-06 19:28:10",644.2,2,iterumvici
5734,16747163,"Sarthak Patel","2026-09-27 13:17:54",644.1,2,sarthakpatel2028
5735,16654271,"Sophie and Yanna","2026-08-19 17:08:47",643.8,2,"morty3500,sophanie"
5736,16656503,"Thiago Munhoz da Nóbrega","2026-08-04 20:47:37",643.8,2,thiagommtmn
5737,16839782,"mou chen111","2026-09-05 15:00:04",643.6,2,mouchen111
5738,16753826,"Jai Mata Di","2026-08-31 10:09:11",643.3,2,mrigshira
5739,16748741,"pt ptao","2026-08-26 12:50:45",643.2,2,ptptao
5740,16739551,arao,"2026-08-28 21:24:55",643.2,2,anjanarao
5741,16855147,Kao0207,"2026-09-12 12:32:12",642.9,2,kao0207
5742,16891184,rbjp557,"2026-09-30 03:35:55",642.3,2,rbjp557
5743,16665293,"ADITYA BEECHA","2026-08-10 05:16:38",642.3,2,bechaaditya
5744,16658616,"Amitesh Chaudhary","2026-08-11 10:04:02",642.2,2,amiteshchaudhary
5745,16936773,"shahab shahsavar","2026-09-26 03:17:27",642.1,2,shahabshahsavar
5746,16661353,mithi,"2026-08-11 20:04:07",641.7,2,singhaleo
5747,16654153,"Mateus Cruz, Msc.","2026-08-03 17:44:02",641.7,1,matteuscruz
5748,16823948,"Alexey Stepanov","2026-09-04 21:57:25",641.5,2,alexey0508
5749,16669227,"Tom Dufresne","2026-08-07 11:17:39",641.4,2,tadufre
5750,16633083,bsenst,"2026-08-07 12:38:47",641.3,2,bnzn261029
5751,16664400,Boruiyang21,"2026-08-05 14:56:03",641.2,2,boruiyang21
5752,16655588,"The Devil's World 678","2026-08-07 10:39:23",641.0,2,thedevilsworld678
5753,16639330,"Dead Signal Works","2026-08-02 12:40:32",640.9,2,brooklynhalmstad
5754,16639471,CaminoLSY,"2026-08-05 01:22:09",640.8,2,lsy37521
5755,16655530,AlivRick,"2026-08-05 16:18:54",640.6,2,alivrick
5756,16714335,"Jake Mordan","2026-09-29 23:58:39",640.6,2,jakemordan
5757,16656308,"Srishanth Sriramula","2026-08-08 09:02:13",640.5,2,srishanthsriramula
5758,16695555,S4K50M,"2026-08-12 14:39:41",640.3,2,setiasaksham
5759,16631261,Monster,"2026-08-04 15:46:32",640.0,2,tmtngtrng
5760,16679861,Pandabueno,"2026-08-12 15:51:48",639.9,2,ronaldomonzn
5761,16652339,"Mohamed Amine Rebhi","2026-08-03 16:03:07",639.8,2,mohamedaminerebhi
5762,16632536,"Aleksander Sachuk","2026-08-02 21:33:27",639.7,2,alexsssachuk
5763,16798268,KAEOS,"2026-09-30 09:09:01",639.6,2,hitesh221
5764,16657077,_LT_zyc,"2026-08-05 01:01:42",639.6,1,zyczyc
5765,16624600,ariacat,"2026-08-06 07:16:44",639.3,2,ariacat
5766,16661670,sansm1,"2026-08-04 16:54:59",639.2,2,sansm1
5767,16641489,suminshim,"2026-08-03 06:24:39",639.1,2,suminshim
5768,16661376,"YERMES AMINE","2026-08-04 14:13:45",638.6,1,yermes
5769,16644185,"Mimic Mohsin","2026-08-02 18:38:46",638.4,1,mimicmohsin
5770,16635612,Julian,"2026-09-27 07:55:19",638.4,2,mob404
5771,16730180,zshandy,"2026-09-08 04:57:54",638.2,2,zshandy
5772,16663515,HamsterSashka,"2026-08-20 14:40:55",638.1,2,hamstersashka
5773,16698045,"Vikhas S G","2026-09-07 06:12:25",638.1,2,vikhassg
5774,16784599,"Engineer Lisa","2026-09-29 16:10:42",637.7,2,lisamhines
5775,16670099,"Jon Snyder","2026-08-06 00:27:21",637.7,2,snyderj1515
5776,16642207,"Nerijus Areska","2026-08-04 00:01:32",637.6,2,nerijusareska
5777,16655493,TheDigitalCK,"2026-08-07 12:31:58",637.6,2,thedigitalck
5778,16667547,"miaoqing long","2026-08-06 03:31:43",637.4,2,miaoqinglong
5779,16657294,"Ragul M","2026-08-04 07:08:51",637.2,2,ragul7002
5780,16925125,Chirag&Sanika,"2026-09-30 03:26:24",637.2,2,chiragdeshmukh1
5781,16644221,"Guzha Panashe H","2026-08-22 15:34:41",637.0,2,guzhapanasheh
5782,16644882,"SAMOILOV MIKHAIL","2026-08-03 02:10:04",636.8,1,samoilovmikhail
5783,16623732,A.S.TENSHU,"2026-08-17 16:25:35",636.4,2,kirvk013
5784,16707034,"Muhammed Ali Kul","2026-09-30 11:22:28",636.3,2,muhammedalikul
5785,16644774,lungjyuanz,"2026-08-07 01:03:20",636.3,2,lungjyuanz
5786,16672672,Koiiiiiopen,"2026-08-08 06:25:21",636.0,2,koiiiiiopen
5787,16846490,MazharShaikh,"2026-09-12 04:53:27",635.8,2,mazharshaikh
5788,16730199,kawanot,"2026-08-24 09:15:18",635.8,2,kawano
5789,16669164,コノウイ,"2026-09-23 16:51:48",635.5,2,nickhu0414
5790,16630760,dkzmn,"2026-09-04 08:59:03",635.3,2,dmkzmn
5791,16639719,JASONSLIMWONG,"2026-08-02 08:11:22",635.2,2,jasonslimwong
5792,16667730,"Surya Vijjeswarapu","2026-09-03 18:49:07",635.1,2,suryavijjeswarapu
5793,16666245,"Cagatay Morcicek","2026-08-13 06:53:40",635.0,2,thisismylabs
5794,16670365,"Konstantin Alekseev","2026-08-10 10:58:09",635.0,2,alekskst
5795,16805598,"I'm just trying out here QQ","2026-09-02 22:31:17",634.6,2,zadatt
5796,16659996,Schwifty,"2026-08-12 20:01:01",634.6,2,schwiftyc137
5797,16628727,dominyellow,"2026-08-04 11:44:21",634.6,2,dominyellow
5798,16652560,"Ahmed Samir","2026-08-03 12:15:01",634.5,2,ahmedsamir1598
5799,16656420,"Aditya Raj #2","2026-08-18 16:37:49",634.5,2,optimus2005
5800,16774682,"Tatsuhito Yoshikawa","2026-09-04 02:14:45",634.5,2,tatsuhitoyoshikawa
5801,16661532,"Fedor Baart","2026-08-05 12:34:21",634.5,1,fedorbaart
5802,16716522,"Lavanya Bacche","2026-08-17 08:43:40",634.5,1,lavanyabacche
5803,16758889,bomboclat,"2026-08-30 08:52:08",634.3,2,sstprk
5804,16636105,"Md. Mehedi Hasan","2026-08-01 14:03:03",634.2,2,mehedi052
5805,16700265,Reesav,"2026-08-10 14:15:06",634.2,2,reez08
5806,16676054,"Vladislav Konstantinov","2026-08-08 09:33:35",634.1,2,vladkonstantinov
5807,16635680,starclan,"2026-08-14 17:50:55",634.0,2,starclan
5808,16924892,"cheng chen","2026-09-26 02:32:48",634.0,2,icebruce
5809,16654705,"Abu Saleh","2026-09-09 17:01:47",633.9,2,salehjunior
5810,16665764,"izh yng","2026-08-21 06:16:21",633.7,2,izhyng
5811,16623389,"Mominul Islam Hemal","2026-08-02 11:23:03",633.3,2,mominulislamhemal
5812,16835371,"Eli Ziv","2026-09-06 00:11:52",633.2,2,eliziv027
5813,16640877,Yorix.um,"2026-08-02 13:31:28",633.1,1,yorixum
5814,16632694,8ct10nz,"2026-08-04 12:02:49",633.1,2,act10nz
5815,16668361,NinhNguyen,"2026-09-12 12:55:39",632.9,2,ninhnt110695
5816,16639567,YassY_The_AlchemYst,"2026-08-11 15:07:03",632.9,2,yassineelhallaoui
5817,16849443,"Abhishek Kumar Gupta","2026-09-08 17:27:49",632.8,2,guptabhishekumar
5818,16728345,ron,"2026-09-19 21:49:15",632.6,2,romart
5819,16888646,tinaztepec,"2026-09-19 16:21:38",632.6,2,tinaztepec
5820,16916213,"Arjun Hans","2026-09-18 02:13:40",632.5,2,arjunhans
5821,16668923,"duy tran","2026-08-10 18:38:49",632.3,2,duytran23
5822,16663659,"Omer Rehman","2026-09-02 11:05:02",632.1,2,omerrehman97
5823,16660470,"Oğuz Kaan Mavice","2026-08-28 09:39:58",632.0,2,oguzkaanmavice
5824,16644415,Ztrk,"2026-09-03 17:04:24",632.0,2,ztrk123
5825,16658571,"Yusuke Sato","2026-08-27 03:06:42",631.9,2,wanko123
5826,16918433,"Mingkang He","2026-09-29 03:31:49",631.9,2,mingkanghe
5827,16759229,"Samuel Kurabachew","2026-08-28 22:17:20",631.8,2,samuelkurabachew
5828,16657817,"rohith sai midigudla","2026-08-05 12:36:40",631.7,2,rohithsaimidigudla
5829,16726617,"Chase Lebarv","2026-08-19 01:07:58",631.6,2,chaselebarv
5830,16941830,"Yasin Baykal","2026-09-23 09:27:10",631.5,2,godmethium
5831,16635159,Abdulsamad,"2026-08-06 11:48:04",631.4,2,abdulsamadjod1234
5832,16637489,"Gopal Krishna Gundumalla","2026-08-02 12:39:17",631.4,2,gopalkrishnag
5833,16718039,Uman_n3l,"2026-08-31 14:40:32",631.3,2,umann3l
5834,16715399,"Julia Chien","2026-09-05 08:21:06",631.2,2,juliachien
5835,16662904,Bharathms1902,"2026-08-08 11:41:54",631.0,2,bharathms1902
5836,16823252,"FARZANA ALI","2026-09-30 07:11:31",630.8,2,farzanaali
5837,16664653,Adir,"2026-08-26 00:49:46",630.7,2,adiradam
5838,16632250,"Mesut Gözdemir","2026-08-05 17:54:14",630.6,2,gfkfu123
5839,16640461,"Shigeru Kondou","2026-09-17 19:12:22",630.4,2,shigerukondou
5840,16632055,Bugra0,"2026-08-03 22:44:42",630.2,2,bugra0
5841,16703203,"Hamza Shafik ","2026-08-17 23:48:06",629.9,2,hamzashafik12
5842,16654006,"Harish Dhanarajan","2026-08-03 17:23:50",629.8,1,harishdhanarajan
5843,16627023,Farrmer,"2026-08-05 08:02:35",629.6,2,noahfarr
5844,16658048,"Joel jaison 391","2026-08-05 02:31:57",629.5,2,joeljaison391
5845,16763865,SydneyC666,"2026-08-26 08:50:40",629.3,2,sydneyc666
5846,16807281,sansh0u0,"2026-09-27 15:50:16",629.3,2,sansh0u0
5847,16749524,zzholo,"2026-09-06 00:16:17",629.0,1,zzholo
5848,16725150,"Nicolae Drabcinski","2026-09-01 11:45:51",628.9,2,nickdrabcinski
5849,16655596,Bela,"2026-08-04 01:18:06",628.9,1,istribaik
5850,16923772,"Aidan Edward Lawson","2026-09-21 05:55:34",628.7,2,modalpathethics
5851,16655217,"Jiawei Zhao","2026-09-26 21:57:57",628.6,2,c789a123
5852,16709136,ryanocm,"2026-08-13 15:08:49",628.3,2,ryanong
5853,16677752,"Senya Ka","2026-08-08 19:16:00",628.3,2,m1greatcool
5854,16667516,Rosastella,"2026-08-05 16:00:48",628.2,2,rosastella
5855,16664439,"Tony T","2026-09-10 12:16:04",628.0,2,thekke
5856,16809515,"Александр Трифонов","2026-09-12 20:13:15",627.9,2,cybrvibe
5857,16741892,astro,"2026-08-20 20:49:49",627.7,2,mayursamrutwar
5858,16675452,Vladislav,"2026-08-12 13:58:35",627.7,2,simmeringoverstep
5859,16804027,ceir-ceir,"2026-09-03 19:11:09",627.6,2,ceirceir
5860,16669052,"Md. Asif Hossain","2026-09-18 05:29:41",627.2,2,sabuktagin
5861,16663187,"Teddy McBride","2026-08-07 03:59:53",627.1,2,tedcr100
5862,16718579,"Nazariy Karpov","2026-08-18 07:28:29",627.1,2,nazariykarpov
5863,16798334,"Gabriel othávio","2026-09-02 22:08:55",627.0,2,gabrielothvio
5864,16738239,"Yaseen Shah7897","2026-09-08 05:57:15",626.6,2,yaseenshah7897
5865,16925442,"Stef Sempels","2026-09-22 08:29:38",626.3,2,stefsempels
5866,16659446,zhaozy233,"2026-09-30 09:03:10",626.2,2,zhaozy233
5867,16622312,"Malak Reda","2026-08-03 09:02:41",626.1,2,malak457
5868,16658852,"Chhaya Awasthi","2026-08-04 09:37:05",625.7,2,chhayaawasthi
5869,16850098,"Bob Gerry","2026-09-09 05:35:31",625.7,2,bobgerry
5870,16770972,"Victoria Makarskaia","2026-08-27 12:28:53",625.1,2,victoriamakarskaia
5871,16659125,"Meet Parekh","2026-08-19 10:31:09",625.1,2,meetparekh1
5872,16822111,hikarimaru,"2026-09-10 14:07:36",624.8,2,hikarimaru
5873,16944040,guarva,"2026-09-25 10:27:00",624.8,2,guarva
5874,16934906,"sou yamaguchi","2026-09-21 09:59:04",624.8,2,souyamaguchi
5875,16623236,"Yonatan Nemtsov","2026-08-06 00:28:01",624.7,2,yonatannemtsov
5876,16663444,Thomas,"2026-08-11 04:21:42",624.7,2,tartieret
5877,16716089,wuzixiao,"2026-09-08 03:36:02",624.6,2,wuzixiao
5878,16894008,"Marcus Jamieson","2026-09-25 10:34:42",624.6,2,marcusjamieson
5879,16728204,Meshwa,"2026-09-04 11:17:12",624.6,2,meshwapatel4287
5880,16661685,"Lê Ngọc Lâm","2026-08-13 15:29:40",624.2,2,lengoclam
5881,16622015,"Ioannis M","2026-08-06 08:12:21",624.2,2,imeintanis
5882,16634876,MakiMakiAi,"2026-08-02 07:52:40",624.2,2,makimakiai
5883,16644566,"Guangjian Dong","2026-08-02 23:59:18",623.6,1,guangjiandong
5884,16662633,"Shekhar Suman","2026-08-15 19:17:49",623.5,2,shekharvc
5885,16884753,God111,"2026-09-30 12:21:44",623.5,2,god111
5886,16626217,"Stanislav Chistyakov","2026-08-05 18:52:47",623.5,2,chistyakov
5887,16664249,"Rohan Jain","2026-08-17 20:26:14",623.1,2,rohanjain2312
5888,16667205,"Andrew Lee","2026-08-06 11:16:52",623.1,1,andrewlee23023
5889,16654579,"anagha kv","2026-09-23 06:30:22",622.9,1,anaghakv6801
5890,16715255,"xiaocai liu","2026-09-13 19:19:43",622.8,2,xiaocailiu
5891,16914081,"Ashmit Janjirkar","2026-09-25 07:33:21",622.8,2,ashmitjanjirkar
5892,16659874,"ding yumeng","2026-08-26 11:59:06",622.4,2,dingyumeng
5893,16634213,kkunizaw,"2026-08-03 20:47:58",622.3,2,kkunizaw
5894,16945354,"Aakriti Rao","2026-09-23 06:57:11",622.1,2,aakriti0110
5895,16678666,"Rudranarayan Pradhan","2026-08-09 12:28:32",622.0,2,itzrnp
5896,16669466,"vuppuluri sriramsubhash","2026-08-06 08:42:50",622.0,2,vuppulurisriram
5897,16672035,diet1236364,"2026-08-09 23:37:45",621.9,2,kosuke123
5898,16657419,"Saivedant Hava","2026-08-05 06:36:39",621.8,2,saivedanthava
5899,16680239,"Marinto Richee J","2026-08-12 08:21:02",621.5,2,marintoricheej
5900,16734511,"Marcin Salaterski","2026-09-16 23:18:31",621.2,2,marcinsalaterski
5901,16802675,manishcs076,"2026-09-16 21:13:06",621.1,2,manishcs076
5902,16662375,"Yunusa Hussein Adeiza","2026-08-14 22:12:49",621.1,2,yunusahusseinadeiza
5903,16716300,"Julian Kerignard","2026-09-07 10:12:31",621.0,2,juliankerignard
5904,16809762,"Ryan Wong","2026-09-30 16:45:25",620.9,2,taggatle
5905,16655396,Tesla1AC,"2026-08-08 08:18:09",620.5,2,mathornton
5906,16646360,"Asrith Singampalli","2026-08-03 08:46:59",620.5,2,asrithsingampalli
5907,16840735,"Heavy Drivers 2.0","2026-09-16 22:40:25",620.2,2,"cranjuice,pgggggggggggg,sudhanvaed25b055"
5908,16760087,Slizzle,"2026-08-30 04:37:40",620.1,2,sloan98
5909,16844092,Johana01,"2026-09-15 08:10:42",620.1,2,johana01
5910,16750175,"Quentin Pr","2026-08-27 18:08:14",620.0,2,quentinpr
5911,16666391,"Harshpreet Singh","2026-08-06 10:32:51",620.0,2,harshpreet931
5912,16678044,BJFC,"2026-09-20 16:07:06",619.9,2,"harshithharithsa,svsumanth"
5913,16883264,"João Felipe Aguiar","2026-09-13 15:32:14",619.6,2,joofelipeaguiar
5914,16845284,KD0G22,"2026-09-07 20:07:47",619.6,2,kd0g22
5915,16770154,Florian,"2026-09-11 07:52:00",619.5,2,ftusek
5916,16656379,"Jay Gautam","2026-08-12 12:19:40",619.3,2,jaygautam007
5917,16688868,AlbanMaurel7,"2026-08-14 01:34:07",619.3,2,albanmaurel7
5918,16697694,"Adithya Thiruvalluvan","2026-09-30 15:28:49",619.3,2,forestfire7
5919,16881453,"fahim magsi","2026-09-13 15:18:43",619.0,2,fahimmagsi
5920,16692954,"Adam Nhan","2026-08-16 19:10:48",618.9,2,asnhan
5921,16658252,"Krishnan CS","2026-08-20 05:28:14",618.4,2,krishnanchathadi
5922,16774787,wpk1122,"2026-08-29 01:54:49",618.3,2,wpk1122
5923,16644452,Durlabh_Jha,"2026-09-30 00:59:10",618.2,2,durlabhjha
5924,16916717,Rubén,"2026-09-18 18:44:49",618.1,2,rucamaba
5925,16692569,"Mark Kirwan","2026-08-26 08:05:16",618.1,2,markkirwan1990
5926,16775353,"YK Pan","2026-09-29 11:16:13",617.2,2,vansher
5927,16677514,mayoristaNLP,"2026-08-09 16:33:23",617.2,2,mayoristanlp
5928,16693949,"Eric Worrall","2026-09-30 09:48:31",617.1,2,ericworrall
5929,16662138,"Luan He","2026-09-05 21:53:24",617.1,2,luanhe
5930,16881370,"xianhao Lin6077","2026-09-15 12:39:40",617.0,2,xianhaolin6077
5931,16702932,kyconf,"2026-09-12 14:10:46",616.9,2,kyconf
5932,16641068,"Rahul Ray","2026-08-05 14:27:07",616.9,2,rahulray5
5933,16668021,"bali rasem","2026-08-07 16:15:13",616.9,2,balirasem
5934,16693903,"Alief Randiansyah","2026-08-09 09:37:39",616.8,1,"aliefrandiansyah,salsaaghnia"
5935,16773966,"Ronel Abraham Mathew","2026-08-26 16:05:26",616.7,2,ronelm
5936,16750864,Ymori,"2026-09-27 03:41:35",616.5,2,yasunorim
5937,16665301,EricYang03,"2026-08-13 15:49:11",616.4,2,ericyang03
5938,16634036,"Emanuel Lázaro","2026-08-02 14:55:30",616.2,2,emanuellcs
5939,16736314,"wuret henr","2026-08-20 09:10:48",616.1,2,wurethenr
5940,16944372,bonvoyage-sugar,"2026-09-30 03:46:58",616.1,2,bonvoyagesugar
5941,16762719,"Ahmet Bilginoglu","2026-09-02 20:34:49",615.5,2,ahmetbilginoglu
5942,16639810,gytdrop,"2026-08-14 12:47:28",614.9,2,"kartikeyrajbhar,shaikaktharali"
5943,16815488,"crothety liu","2026-09-05 06:27:35",614.9,2,crothetyliu
5944,16674543,"Sujal Agarwal2301","2026-08-09 13:37:43",614.8,2,sujalagarwal2301
5945,16667058,"Lê Quốc Duy","2026-08-08 01:03:08",614.8,2,lqucduy
5946,16755568,KHuShIMaHajan,"2026-08-21 18:55:05",614.8,2,bymista4578
5947,16632571,"nishchal jain","2026-08-03 07:27:14",614.0,2,nishchaljainds
5948,16708369,JairSanchez151270,"2026-08-11 16:30:55",613.8,2,jairsanchez151270
5949,16669392,cobrapigeon,"2026-08-20 18:43:25",613.7,2,cobrapigeon
5950,16665654,"Anurag H H","2026-09-10 15:05:26",613.7,2,anur4ghh
5951,16639973,akky,"2026-08-03 15:39:41",613.1,2,tellxxx
5952,16733131,Rad,"2026-09-23 09:12:43",612.8,2,vnt174
5953,16759162,sgsuh,"2026-09-23 14:41:49",612.7,2,seukgyo
5954,16747914,"Token's Expired","2026-08-22 16:25:39",612.7,2,"adeebshekh,akratisingh0101,shaankapoor21"
5955,16662050,HandsOffMyBigMelons,"2026-08-13 22:00:12",612.4,2,scrattle
5956,16798401,"Hunter Mimaroglu","2026-09-02 22:00:37",612.4,2,huntermimaroglu
5957,16655187,cmxu,"2026-08-05 05:31:07",612.3,2,cmxu77
5958,16796445,"Md Aminul Islam","2026-09-30 17:09:43",612.2,2,aminulabir
5959,16739640,TeamBanzaiSL,"2026-08-27 17:13:26",612.2,2,teambanzaisl
5960,16664241,payoon,"2026-08-07 08:24:05",612.1,2,payoon1234
5961,16772394,TNWL,"2026-09-27 07:43:54",611.9,2,vuminh
5962,16923101,Kimodii,"2026-09-20 05:30:33",611.9,2,kimodii
5963,16652984,hxaxd,"2026-08-05 15:09:49",611.5,2,hxaxdcs
5964,16639473,"Jeff Borschowa","2026-08-02 00:39:11",611.3,2,jeffborschowa
5965,16710621,(´･_･`),"2026-08-16 07:14:53",611.2,2,tanakh
5966,16734321,SubratP85,"2026-08-25 21:03:35",611.2,2,subratp85
5967,16674532,"shoaib khan","2026-08-08 01:57:11",611.1,2,manifoldinfo
5968,16792512,ckd999,"2026-09-27 13:27:28",611.1,2,ckd999
5969,16759351,"Shinsaku Haruta","2026-09-21 12:22:17",610.8,2,shinsakuharuta
5970,16624277,"D S S Kumar","2026-08-10 03:22:55",610.8,2,satrusskumar
5971,16726093,CocoTeam,"2026-08-18 14:22:45",610.7,2,"albaasca,ceemeese"
5972,16734712,"Jamshid Ganiev","2026-08-19 06:03:31",610.6,2,jamshidganiev
5973,16659749,"Kavsik YVS","2026-08-22 19:30:45",610.6,2,kavsiku0512
5974,16688429,"Omrani Rabah","2026-08-11 22:19:21",610.5,2,omranirabah
5975,16686645,Ornaat,"2026-09-30 15:20:50",610.4,2,ornaat
5976,16757447,soyukke,"2026-09-13 17:38:12",610.4,2,soyukke
5977,16660548,"Viraj Bakshi","2026-08-08 18:50:11",610.3,2,virajbakshi
5978,16947217,"Chikkam Sandeep Munna","2026-09-25 20:26:45",610.3,2,chikkamsandeepmunna
5979,16763977,"Jong Park","2026-08-26 09:21:40",610.1,2,papercat318
5980,16705345,"DEMON JI","2026-08-14 15:02:11",609.8,2,demonji04
5981,16682908,"Masha Mashallah","2026-09-12 09:32:09",609.8,2,mashamashallah
5982,16862913,MLEDV,"2026-09-11 18:13:10",609.7,2,edwardvaines
5983,16926064,"amit shulstein","2026-09-28 12:21:29",609.7,2,amitshulstein
5984,16658272,"Yash Katiyar","2026-08-08 20:17:05",609.6,2,yashkatiyar409
5985,16664828,Leon,"2026-08-09 09:00:09",609.5,2,leonmyl
5986,16633175,"Umut Kıvanç Sipahioğlu","2026-09-30 09:35:29",609.5,2,umutkvansipahiolu
5987,16714894,"Mitsuaki Inoue","2026-09-30 07:59:05",609.5,2,mitsuakiinoue
5988,16635848,KartoplyanePure,"2026-08-31 20:43:34",609.4,2,"danylotovp,wizardmp"
5989,16860086,MTD-hAs,"2026-09-29 02:08:09",609.4,2,mtdhas
5990,16637340,the_vinci_coder,"2026-08-03 16:27:16",609.3,2,lokijt
5991,16718202,"Abhi Kumar Agrawal","2026-08-18 09:52:24",609.1,2,abhikumaragrawal
5992,16724522,"stathis maurog","2026-08-26 07:01:48",609.0,2,stathismaurog
5993,16636725,shichi,"2026-08-11 12:47:35",609.0,2,shichi
5994,16724364,Sh4ron,"2026-09-30 03:41:14",609.0,2,sh4ron
5995,16898276,SergioMoras,"2026-09-18 10:49:37",609.0,2,sergiomoras
5996,16696267,"yu lesui","2026-08-10 05:41:40",608.8,2,yulesui
5997,16675475,"Andrey Aristov","2026-08-10 22:02:24",608.7,2,andreyaristov
5998,16793626,"KO LIH HAN","2026-09-11 01:29:18",608.5,2,kolihhan
5999,16858944,Ashish_G_A,"2026-09-30 06:43:44",608.5,2,ashishga
6000,16717414,"Akshit Sivaraman","2026-08-13 14:43:40",608.3,2,akshitsivaraman
6001,16666452,"victor souza","2026-08-09 17:07:51",608.3,2,victorcaio
6002,16854339,"ML Underdogs","2026-09-22 06:19:48",608.0,2,mdjubairhasan
6003,16666341,"Ege Güvener","2026-09-27 07:08:31",607.9,2,egegvener
6004,16708189,Facouse,"2026-08-11 16:09:17",607.4,2,facouse
6005,16756176,"Unsh Rawal","2026-09-06 20:29:16",607.2,2,unshrawal
6006,16694269,Aftxb,"2026-08-11 14:58:08",607.2,2,aftxb07
6007,16671217,"Akshay V","2026-08-21 04:01:22",607.0,2,akshayv1001
6008,16718539,"Divyansh Agrawal","2026-08-14 06:58:46",607.0,2,spartan1925
6009,16659174,Soulwood,"2026-09-06 04:56:32",606.9,2,soulwood
6010,16880938,nousername22,"2026-09-30 07:49:51",606.8,2,nousername22
6011,16685412,Praveen8775,"2026-09-22 15:48:40",606.4,2,praveen8775
6012,16658083,"Gunjan Solanki","2026-09-03 10:39:28",606.3,2,blackhatv1
6013,16655744,"Ademola Arigbabuwo","2026-09-03 21:44:49",606.2,2,princedemo
6014,16795802,Kk,"2026-09-21 10:03:04",606.1,2,cudamax
6015,16654193,fvong,"2026-09-04 07:15:22",605.9,2,fvong35963
6016,16822523,bvgr,"2026-09-15 19:17:50",605.8,2,vbeeram
6017,16687808,GorillaGhost,"2026-08-13 23:23:10",605.7,2,gorillaghost
6018,16863492,"Andrew Kalita","2026-09-10 03:32:25",605.6,2,andrewkalita
6019,16678246,"Mark Holloway","2026-09-05 22:23:35",605.3,2,markholloway
6020,16663933,AnshV1,"2026-08-06 03:03:35",605.2,2,anshv1
6021,16685069,derek_kuang0213,"2026-08-22 10:33:21",605.2,2,derekkuang0213
6022,16670842,Cole,"2026-08-15 19:50:43",605.1,2,colechristensen
6023,16698007,"Juanma Serrano","2026-08-23 15:49:31",604.9,2,juanmaserrano
6024,16664116,"Bogdan Sburlea","2026-09-29 12:28:30",604.9,2,bogdan1405
6025,16748955,micchy,"2026-09-23 22:17:27",604.8,2,micchy326
6026,16838855,"Sze Yu Sim","2026-09-09 01:37:05",604.7,2,szeyusim
6027,16623645,"ayutin tin","2026-08-14 07:48:31",604.7,2,ayutintin
6028,16775210,"Daniel LPD","2026-09-10 14:44:52",604.7,2,daniellpd
6029,16716402,"Shashvat Singham","2026-09-26 22:53:59",604.6,2,shashvatsingham
6030,16713877,FunnyBishop,"2026-08-16 03:19:24",604.6,2,funnybishop
6031,16675661,June_mk,"2026-09-06 00:08:47",604.5,2,jungoto
6032,16659444,"ANKIT AGARWAL","2026-09-27 17:29:55",604.5,2,ankwall223
6033,16818110,Kactus,"2026-09-16 00:15:43",604.5,2,kactus
6034,16675997,"Rintaro Moriwaki","2026-09-16 16:03:10",604.3,2,rintaromoriwaki
6035,16758298,"Jack p","2026-08-30 07:36:22",604.0,2,jtv199
6036,16672687,Liz,"2026-09-25 23:08:33",603.9,2,lizgarcia3
6037,16688929,"Kangqiao LIU","2026-08-18 07:44:55",603.9,2,kangqiaoliu
6038,16859900,ZZZ234234234,"2026-09-25 10:49:35",603.9,2,zzz234234234
6039,16661467,sh_sub97,"2026-08-12 15:20:25",603.8,2,shsub97
6040,16715251,SoraGinko,"2026-08-28 18:52:17",603.7,2,terrywuu
6041,16664103,izack2666,"2026-08-07 14:41:10",603.7,2,izack2666
6042,16652334,"Aldibek [dsmlkz]","2026-08-27 19:33:18",603.6,2,aldibek
6043,16767802,"Luis Fernando Faria","2026-08-31 20:57:29",603.5,2,luisfernandofaria
6044,16875690,jwboost,"2026-09-16 04:31:31",603.2,2,kiritocui
6045,16669856,StrugglerK,"2026-09-22 17:10:09",603.0,2,muhammedkaanlker
6046,16698596,ymok,"2026-09-12 02:00:52",602.9,2,iromao
6047,16661585,"Fully Liquidated","2026-09-01 01:57:16",602.9,2,kriskilgroe
6048,16684710,"Pratik Singh","2026-08-11 11:34:48",602.8,2,pratikks11
6049,16882001,"Satyam Pote","2026-09-13 00:00:04",602.8,2,satyampote
6050,16694779,JacobKooi,"2026-08-10 09:16:35",602.6,2,jacobkooi
6051,16713236,kingofeverything,"2026-09-30 16:33:46",602.5,2,"kingofeverything,skyyyang"
6052,16728069,Taisei7,"2026-09-09 06:27:49",602.3,2,taisei7
6053,16677402,"Hıdır Demir","2026-09-10 22:35:54",602.1,2,hdrdmr
6054,16712567,PatWid,"2026-08-18 17:17:20",602.1,2,patwid
6055,16665942,"Satvik R Shetty","2026-08-09 03:59:52",601.9,2,satvikrshetty
6056,16658050,"changwei shi","2026-08-18 02:45:47",601.9,2,changweishi
6057,16888546,"Skskj Sskm","2026-09-16 03:06:12",601.9,2,skskjsskm
6058,16786485,"Sam Jenkins","2026-09-01 03:50:16",601.9,2,samjenkinsuk
6059,16670214,"Louis @ tradeInsight.ai","2026-08-21 15:18:11",601.7,2,louisquart
6060,16884718,"Adele Yang","2026-09-30 17:24:50",601.6,1,adeleascloud
6061,16640619,"Sơn Nguyễn","2026-08-28 08:19:19",601.4,2,sonnguyen10
6062,16635049,rooklift,"2026-08-16 06:27:36",601.3,2,rooklift
6063,16639223,"SIDHAARTH SHREE","2026-08-19 15:03:55",601.0,2,sidhaarthshree
6064,16780969,"Ewa Suknarowska","2026-08-30 15:53:25",601.0,2,ewasuknarowska
6065,16655062,KKS,"2026-08-08 07:36:03",600.8,2,sachisgod
6066,16663343,"Abdullah M. Haque","2026-09-13 18:41:14",600.7,2,abdullahmhaque
6067,16856888,"Md Mehrab Hossain Opi","2026-09-10 07:16:45",600.7,2,iamopi
6068,16674324,"luca fregona","2026-08-08 13:37:49",600.6,2,lucafregona
6069,16663784,Aniketh2k7,"2026-08-10 06:02:02",600.4,2,aniketh2k7
6070,16670759,"Lemmes Yad","2026-08-09 04:37:37",600.2,2,"austinsemmel,jonallday"
6071,16810807,Cordiz,"2026-09-03 22:42:51",600.2,2,cordiz
6072,16804094,faheem,"2026-09-22 15:33:10",600.1,2,faheemkhaskheli9
6073,16719065,"Aldo Rizona","2026-08-17 15:32:26",600.0,2,aldorizona
6074,16663361,protoLabs.studio,"2026-08-06 18:39:50",600.0,2,protolabsstudio
6075,16632887,"Santhana Krishnan","2026-09-29 03:20:43",600.0,2,santa2710
6076,16719081,数学の山田,"2026-09-15 10:28:05",599.7,2,b612sum1
6077,16719745,"Masih Pemula Beneran","2026-08-31 02:14:53",599.6,2,mikhaeldhika
6078,16865982,"Orest Myth","2026-09-23 13:26:01",599.5,2,orestmyth
6079,16691481,"Aditi Salvi","2026-08-18 15:24:53",599.4,2,aditisalvi04
6080,16664219,JosephGuhlin,"2026-08-10 08:46:16",599.2,2,jguhlin
6081,16739128,"Praneeth Paikray","2026-09-07 11:18:26",599.0,2,paiky1995
6082,16659817,"Viet Anh Ngo ","2026-08-31 09:41:08",598.7,2,vietngogm
6083,16733195,"Zukas F.","2026-09-29 14:10:55",598.5,2,zukasf
6084,16860088,Lockers,"2026-09-09 11:32:59",598.5,1,lockers123
6085,16654855,"Pedro Rezende Gomes","2026-08-06 00:41:30",598.4,2,pedrorzgomes
6086,16761579,인간지능농장,"2026-09-30 05:37:50",598.2,2,"hagyeong22,pincheguapo"
6087,16798478,"Vinicius Pupin","2026-09-02 21:29:51",598.0,2,viniciuspupin
6088,16738538,ZHANG_WuHua,"2026-08-18 16:21:19",597.5,2,zhangwuhua
6089,16690988,"Aditya Bharadwaj","2026-08-20 10:02:32",597.2,2,adityabharadwaj26
6090,16741188,"Adarsh Samanu","2026-08-20 00:01:33",597.1,2,adarshsamanu
6091,16939742,"Shivang Modi","2026-09-28 17:29:13",597.1,2,shivang22
6092,16891179,feng222666888,"2026-09-24 10:49:47",597.1,2,feng222666888
6093,16668868,tawashi,"2026-08-13 06:51:45",596.8,2,tawashi
6094,16942760,"V Manmohan","2026-09-30 11:14:52",596.5,2,vmanmohan
6095,16673346,gabrielep09,"2026-08-11 01:52:41",596.2,2,gabrielep09
6096,16811210,"Matt Dowis","2026-09-04 14:41:36",596.2,2,mattdowis
6097,16746151,"Nicolas Gomasjaya","2026-08-26 16:57:08",596.2,2,nicolasgomasjaya
6098,16776928,aiexpert1120,"2026-09-01 16:48:18",596.1,2,aiexpert1120
6099,16912690,"Tegh Bindra","2026-09-20 04:55:09",595.9,2,teghbindra
6100,16755398,takataok_42,"2026-09-28 13:42:33",595.6,2,takataok42
6101,16675888,"Rob Gonzalez","2026-08-08 14:58:43",595.5,2,robg475
6102,16623886,onepunch999,"2026-08-01 07:30:37",595.4,2,onepunch999
6103,16799014,"Vaibhav singh kaira","2026-09-12 04:49:54",595.4,2,vaibhavsinghkaira
6104,16914138,"Amritesh Anand","2026-09-28 10:16:01",595.3,2,amriteshananad
6105,16884517,"Fizie Fulumaka","2026-09-14 07:46:31",595.3,2,fiziefulumaka
6106,16924397,ngzeonwang,"2026-09-24 08:57:26",595.3,2,ngzeonwang
6107,16664024,"Juan David Bolanos","2026-08-13 17:06:00",595.2,2,juandavidbolanos
6108,16635177,Zacchaeus,"2026-08-07 07:04:15",594.7,2,zacchaeus
6109,16857130,"Joao Araujo","2026-09-09 01:11:50",594.6,2,jhcaextra
6110,16667874,Vidushiii,"2026-08-10 12:25:42",594.4,2,vidushianand09
6111,16658655,HbjaHbja,"2026-08-12 12:18:51",594.4,2,hbjahbja
6112,16668720,"etienne duplessix","2026-08-10 22:48:53",594.3,2,etienneduplessix
6113,16661943,"Cow Wizard","2026-08-14 02:14:58",594.2,2,cowwizard321
6114,16882072,"Ahmed Isa Zaweel","2026-09-13 09:57:29",594.2,2,ahmedisazaweel
6115,16658645,"Alan T Hall","2026-09-30 16:58:38",594.2,2,alanthall
6116,16658430,bruyantq,"2026-09-23 08:33:16",594.0,2,bruyantq
6117,16809371,"Aashir Noman","2026-09-18 10:03:45",594.0,2,aashirnoman
6118,16687925,BillDoser,"2026-09-11 21:54:35",594.0,2,billdoser
6119,16759623,"zhenglu wen","2026-08-26 06:24:09",593.6,2,zhengluwen
6120,16656072,Vespidae,"2026-08-14 03:30:03",593.5,2,ianapis
6121,16655340,LGarcia10,"2026-08-17 13:17:31",593.5,2,leonardogarcia10
6122,16679295,Mk26,"2026-09-04 13:52:05",593.5,2,"manishk26,mans31"
6123,16676308,DC,"2026-08-19 17:34:02",593.2,2,choudahchiun
6124,16639970,Gowtham2962s,"2026-09-27 16:57:56",593.2,2,gowtham2962s
6125,16633923,JackyFan123,"2026-08-01 15:22:04",593.2,2,jackyfan123
6126,16654267,maniginam,"2026-09-30 03:00:04",592.9,2,maniginam
6127,16840445,"Danko Schroeder","2026-09-27 18:50:20",592.9,2,dankoschroeder
6128,16669561,"Nikunj Pahwa","2026-08-15 20:04:36",592.8,2,nikunjpahwa
6129,16905608,ChrisVas123,"2026-09-16 09:44:56",592.8,2,chrisvas123
6130,16684957,"Lucas Ferreira","2026-08-11 18:20:43",592.8,2,lucasdeoferreira
6131,16631573,uesi,"2026-08-01 12:04:04",592.7,1,uemura687
6132,16664154,dwdwdwsdedwd,"2026-08-11 06:29:24",592.5,2,dwdwdwsdedwd
6133,16796164,harsh,"2026-09-30 09:35:37",592.2,2,harshdeshwar
6134,16738805,"Sergey Panasenko","2026-08-31 23:14:50",592.2,2,spanasenko
6135,16639492,"Vishnu R Mohan","2026-08-08 20:36:19",592.1,2,vishnurmohan
6136,16679079,"cedric stephan ","2026-08-25 20:39:15",591.9,2,cedricstephan
6137,16725010,jenninglim,"2026-08-23 08:38:47",591.8,2,jenningl
6138,16683383,Boardgamers,"2026-09-30 17:07:27",591.7,2,"cgchirag,hitishagoyal,nandneepriya,navneetprabhat"
6139,16656460,dlutwzh,"2026-08-08 06:48:33",591.6,2,dlutwzh
6140,16693137,"Ich Benavides","2026-09-06 18:24:52",591.3,2,jabeichbenavides123
6141,16832474,"Isaac D. Hérnandez G.","2026-09-15 23:52:34",591.3,2,isaacdhrnandezg
6142,16654456,"Tristan Peng","2026-08-09 17:00:48",591.2,2,tristanpeng
6143,16657095,"Prashant Kumar","2026-08-20 12:59:11",591.1,2,praskr
6144,16656167,"Minh Quang Do","2026-09-11 04:05:53",591.1,2,mrfreddy0209
6145,16659974,"anthony sinchi","2026-08-18 00:01:08",591.0,2,anthonysinchi
6146,16663356,Farm-ops,"2026-08-06 23:27:37",590.9,2,"dakotavannauker,tsho01"
6147,16669330,"Panagiotis Charalabopoulos","2026-08-26 18:49:46",590.9,2,panagiotischaral
6148,16658602,aldoktvns,"2026-08-04 15:51:08",590.7,2,alrette
6149,16758204,kkKaan,"2026-08-24 07:56:58",590.4,2,kkkaan
6150,16657347,"Hibiki M","2026-09-30 16:57:09",590.3,2,hibikibrise
6151,16883048,"Amit Gunjan","2026-09-29 00:10:43",590.3,2,daydreamerthinks
6152,16688108,Special_octo20,"2026-09-14 19:16:13",590.3,2,specialocto20
6153,16918826,NOTSUREKITTY,"2026-09-19 03:56:04",590.3,2,notsurekitty
6154,16656274,googunmo,"2026-08-08 01:13:58",590.2,2,googunmo
6155,16670834,romin_123,"2026-08-14 01:25:19",590.0,2,romin123
6156,16662486,"KOTHAPALLI DILEEP","2026-08-10 12:06:14",589.9,2,kothapallidileep
6157,16638667,"Sarvesh Nikas","2026-09-23 11:44:21",589.8,2,sarveshnikas
6158,16640933,"Bhanu prasad","2026-09-29 19:16:19",589.8,2,restlesseagle
6159,16678773,"Steve Probst","2026-09-09 01:51:39",589.6,2,steveprobst
6160,16672493,ChloeeeeY,"2026-08-23 06:17:03",589.5,2,chloeeeey
6161,16735298,Watary0927,"2026-08-22 23:25:11",589.2,2,watary0927
6162,16630501,"Haris Ahmed","2026-08-14 10:08:51",589.2,2,harisahmedgenai
6163,16667762,KucingGanteng,"2026-09-12 20:04:37",589.1,2,dhiyaussalam
6164,16650160,nori8774,"2026-08-10 06:26:21",589.1,2,norimasayamamoto
6165,16695822,"Ahmad Elawady","2026-08-18 20:06:59",589.0,2,aielawady
6166,16790257,"Shivam Kushwaha","2026-08-30 11:55:08",589.0,2,shivamk21
6167,16853417,"Aditya Prasetyo Budiarso","2026-09-11 11:59:34",588.9,2,artsodeva
6168,16759443,"Ayman machhidan","2026-09-25 08:22:39",588.9,2,aymanmachhidan
6169,16712321,"Elias Schecke","2026-09-11 15:00:14",588.8,2,eliasschecke
6170,16656013,Asuran,"2026-09-04 04:43:56",588.8,2,zkasuran
6171,16747390,SawadaTsurumai,"2026-08-24 09:48:07",588.7,2,sawadatsurumai
6172,16814805,Muzhi11,"2026-09-21 02:41:31",588.6,2,muzhi11
6173,16718133,KaranjeetSingh1110,"2026-09-16 15:31:45",588.6,2,karanjeetsingh1110
6174,16849153,"Zackary Loevseth","2026-09-08 06:14:48",588.5,2,zackaryloevseth
6175,16653222,StevenYuan7788,"2026-08-17 17:38:44",588.3,2,stevenyuan7788
6176,16658224,"Daniel Gallardo Gómez","2026-08-07 08:17:24",588.3,2,danielgallardogmez
6177,16926305,"Ιωάννης Μπερτολης","2026-09-23 16:15:30",588.0,2,"absor97,bertolis"
6178,16633928,ghostiee11,"2026-08-01 01:33:25",587.9,1,ghostiee11
6179,16636808,"Kaito Ichikawa","2026-09-18 10:15:37",587.7,2,kaitoichikawa
6180,16623555,yindujuxi,"2026-08-01 10:11:35",587.6,2,yindujuxi123
6181,16694575,"Aloise Mutune","2026-09-17 13:48:22",587.6,2,aloisemutune
6182,16699578,kakanekoka,"2026-09-04 17:45:15",587.5,2,kakanekoka
6183,16947797,"Chris Croft","2026-09-25 12:42:53",587.5,2,chriscroft
6184,16664112,"Ethan Hung","2026-08-08 21:44:57",587.5,2,chinesegorilla99
6185,16687788,"Me and the Geese","2026-08-26 15:57:41",587.3,2,skalermo
6186,16893361,lemonjuice2312,"2026-09-19 07:36:26",587.2,2,lemonjuice2312
6187,16738994,"Hem Viramgama","2026-08-21 00:34:48",587.2,2,hemviramgama
6188,16630741,mrk,"2026-08-05 09:49:44",587.1,2,matsubaratakuji
6189,16692750,"Hoya need job","2026-09-30 14:49:44",587.0,2,pranavwankhade
6190,16671980,601918_กิตติพงศ์,"2026-08-08 08:28:12",587.0,2,bluexg5502
6191,16670420,"Mihir Argulkar","2026-08-07 20:03:15",586.9,2,mihirargulkar
6192,16737986,"Edris Yawar #2","2026-09-05 09:32:08",586.9,2,edrisyawar
6193,16709481,"Gerbilles Saucières","2026-08-22 10:38:44",586.8,2,"benjaminhrt30,volbox1902"
6194,16705401,"Nguyen Hong","2026-09-30 14:34:38",586.7,2,nguyenhongbubu
6195,16673477,ArtFix,"2026-08-11 00:51:09",586.6,2,artfix
6196,16668269,"Rashi Jain07","2026-08-05 17:46:37",586.5,1,rashijain07
6197,16736856,misaki,"2026-09-26 00:42:12",586.5,2,"dicenull,iroharyo,jinnsou0219,misakima"
6198,16743617,Dancing_Chaos,"2026-08-31 15:42:35",586.4,2,"bailynlove4ever,ripplecddc"
6199,16929645,"GeneralShizha ","2026-09-20 10:27:45",586.4,2,generalshizha
6200,16655142,"Stanislav Kuznetsov","2026-09-03 12:58:20",586.4,2,drtduck
6201,16664159,"james nazareth","2026-08-19 02:13:23",586.3,2,jamesnazareth
6202,16757211,dacho,"2026-09-30 00:18:15",586.2,2,slothcafe
6203,16635004,"jacob OKOTH O","2026-08-02 05:57:05",586.2,1,jacobokotho
6204,16668089,Goller,"2026-08-26 15:05:53",585.8,2,goller
6205,16899024,Whooriiiaaaaa,"2026-09-24 23:24:57",585.7,2,"nickazaria,woupyie"
6206,16656501,"Thái Phạm Công","2026-08-05 03:59:47",585.7,2,thaipc
6207,16755681,nic001,"2026-08-28 08:06:19",585.7,2,mimamura
6208,16797025,"Jonathan Glinton","2026-09-11 17:11:01",585.7,2,jonathanglinton
6209,16658043,"Tran Huy Hoang1312","2026-08-05 01:58:39",585.5,2,tranhuyhoang1312
6210,16635796,MugaBros,"2026-08-04 05:27:02",585.4,2,"drrocktotpalkonwarh,monjyotid"
6211,16777222,"José Daniel Ara","2026-08-27 00:12:53",585.3,2,josdanielara
6212,16634582,"Tarun Chaudhary","2026-08-12 06:36:33",585.3,2,tarunchdev
6213,16665120,nobody,"2026-08-13 14:48:45",585.3,2,rajesh1729
6214,16623540,TheDuck,"2026-09-27 23:26:31",585.0,2,jaxroth
6215,16656107,Aotokitsuruya,"2026-09-02 14:35:20",584.9,2,elct9620
6216,16714208,TirumalaMarri,"2026-08-29 00:04:15",584.9,2,mtreddy
6217,16811547,Merlin,"2026-09-30 05:54:20",584.7,2,huntergrey
6218,16659294,"Muhammad Rafzan","2026-09-05 18:30:44",584.6,2,revianalfariz
6219,16699838,"Harry Taylor","2026-08-21 10:38:18",584.5,2,harryphysics
6220,16665342,Prothos,"2026-08-23 13:44:29",584.5,2,vjuenemann
6221,16660270,Ziel_Lux,"2026-09-30 14:46:04",584.3,2,nahbilafaith
6222,16851573,NaNomin,"2026-09-08 01:55:42",584.2,1,nanomin
6223,16666833,DenisKoronchik,"2026-09-14 21:19:27",584.2,2,deniskoronchik
6224,16791960,Boladi,"2026-09-10 00:53:38",583.9,2,boladi
6225,16766732,"Maziyar Abyari","2026-09-19 08:14:10",583.8,2,maziyarabyari
6226,16876021,"Jeff Law #2","2026-09-17 23:31:28",583.8,2,jlaw99
6227,16947253,"Chen Kuan-Chin","2026-09-29 17:15:04",583.8,2,chenkuanchin
6228,16769069,"HAL's Kaggle Farm","2026-09-30 05:12:34",583.3,2,kafein
6229,16665816,Vikas1306,"2026-08-10 05:53:19",583.2,2,vikas1306
6230,16672103,"fred mahinay","2026-08-24 23:34:48",583.1,2,fredmahinay
6231,16691580,"Toni Blanco","2026-08-11 13:10:45",583.1,2,toniblanco
6232,16669489,"Yichi Zhang","2026-08-28 19:31:07",582.8,2,yichizhang12
6233,16664457,yaohongfu,"2026-08-10 12:30:43",582.6,2,yhfwww
6234,16721960,"Lê Khang","2026-08-18 19:42:43",582.6,1,kobtdatten
6235,16658290,rrishavrraj,"2026-09-27 14:42:58",582.4,2,"rrishavrraj,shubhamkumar9812"
6236,16907151,"Susana Horias","2026-09-30 13:37:01",582.4,2,"diegobarriosalonso,noelcalvoortega,robertocanrubio,rubnvalcarcelvarez"
6237,16854582,BlackWizard00,"2026-09-08 15:32:36",582.4,2,blackwizard00
6238,16797969,probability,"2026-09-07 09:44:49",582.4,2,probabilitywavepeak
6239,16660491,"Ryan Hancock","2026-08-08 09:56:54",582.3,2,rychanfox
6240,16854414,handsomeHBS,"2026-09-28 14:38:27",582.3,2,handsomehbs
6241,16702713,"Rob Sartin","2026-09-24 21:59:26",582.2,2,robsartin
6242,16697844,Noobykiller16,"2026-08-15 06:08:27",582.2,2,noobykiller16
6243,16780019,"hamza khokhar890","2026-09-20 16:35:58",582.1,2,hamzakhokhar890
6244,16752362,"Shashank Jangid (G25AIT2100)","2026-09-29 06:26:47",582.1,2,shashankjangid
6245,16633466,"Aarush pandey","2026-08-25 19:17:14",581.6,2,aarushpandey
6246,16664149,"Bushel Seed","2026-08-12 17:10:56",581.5,2,"dmyung,nicholasmschwartz"
6247,16657397,"QSS Technosoft AI Team","2026-08-05 07:47:00",581.4,2,"kunalthedev,nishantkumarabes,prathamydvv,prishagdev,shreyakchakraborty"
6248,16668298,"Riki Garcia","2026-08-26 15:36:14",581.4,2,rikigarcia
6249,16660805,"Ramon van Dijk","2026-08-05 05:48:21",581.2,2,ramonvandijk
6250,16806165,"Kaige Wei","2026-09-21 03:07:06",581.2,2,kaigewei0403
6251,16649344,BeyondAnalytics,"2026-08-28 12:00:36",581.1,2,radumarinion
6252,16756113,"George Megre","2026-09-16 07:04:00",581.1,2,georgemegre
6253,16789898,"Trung Phạm Đức","2026-09-23 03:12:41",581.1,2,arscil
6254,16663238,"Francesco Zaccaria","2026-08-21 07:28:57",580.9,2,francescozaccaria
6255,16695633,"Kiran Kumar","2026-09-12 16:57:52",580.9,2,iamrkk
6256,16651593,"huanxian chen","2026-08-11 11:13:05",580.6,2,huanxiachen
6257,16696724,arkmid,"2026-09-09 13:11:46",580.6,2,arkmid
6258,16663200,BONES,"2026-09-26 18:37:23",580.5,2,tusharkumar23321032
6259,16895824,"Dhruv lele","2026-09-20 05:41:57",580.5,2,dhruvlele
6260,16755344,"Alizen James","2026-08-23 18:34:30",580.4,2,alizenjames
6261,16760439,XLX,"2026-09-06 03:20:58",580.1,2,lonelygleaner
6262,16724002,Yahia717,"2026-08-20 20:48:31",579.9,2,yahia717
6263,16699415,"Dohwan Kwak","2026-08-31 01:05:28",579.5,2,dohwankwak
6264,16665476,"Zhanghao Chen69","2026-08-19 12:42:33",579.4,2,zhanghaochen69
6265,16713061,Yuk!,"2026-09-30 15:21:19",579.1,2,mitsuyukiokamura
6266,16633772,ayuma,"2026-08-03 06:01:01",578.7,2,onthoze
6267,16768058,"Ibrahim Anaz","2026-09-27 19:44:28",578.6,2,ibrahimanaz
6268,16659939,"Mouafak Dakhlaoui","2026-09-21 02:34:52",578.5,2,sharmoul
6269,16754845,"LG Music","2026-09-28 15:12:21",578.5,2,lgmusic
6270,16629844,IsaacJinyu,"2026-08-01 15:39:55",578.5,2,isaacjinyu
6271,16639679,"Felix Allistar","2026-09-30 01:21:42",578.5,2,felixallistar
6272,16657654,TemperaryT,"2026-09-20 00:21:54",578.4,2,temperaryt
6273,16670313,HamzZZzzZZa,"2026-08-06 22:01:28",578.3,2,memesalot
6274,16675780,susutem,"2026-09-30 10:41:20",578.3,2,susutem
6275,16926169,LeoBode,"2026-09-28 19:23:14",578.3,2,lebo124
6276,16947496,"lit tlemiaos","2026-09-29 00:48:14",578.2,2,littlemiaos
6277,16667258,"Firman Imam","2026-08-09 02:36:56",578.1,2,piririp
6278,16701036,"Tiandong Wang","2026-08-19 11:45:32",578.1,1,condone
6279,16661650,"Docker container","2026-08-15 18:52:39",577.8,2,yossefaymanzedan
6280,16655521,"Hemadri Rajyaguru","2026-08-04 02:12:55",577.8,2,hemadrirajyaguru
6281,16756564,"Nicolas Defossé","2026-08-25 21:10:58",577.6,2,nicolasdefoss
6282,16750036,"Kiệt Lưu","2026-09-05 03:41:19",577.6,2,jaxyss
6283,16799391,"Mehdi El M.","2026-09-07 14:08:22",577.5,2,mehdielm
6284,16675457,"Ramana Prabhu Sana","2026-09-27 23:58:05",577.4,2,ramanaprabhusana
6285,16731516,Sumit0694,"2026-09-15 21:17:01",577.3,2,sumit0694
6286,16939496,"Haotian Niu","2026-09-26 06:35:52",577.3,2,haotianniu
6287,16723729,"Lucas Cimiano","2026-08-29 17:21:55",577.3,2,lucascimiano
6288,16825667,"Lê Minh Dương","2026-09-08 05:45:07",577.3,2,minhduonq
6289,16631353,"Shivam Shinde","2026-08-01 15:29:24",577.3,2,shindeshivam
6290,16706192,rustlers42,"2026-09-02 15:24:05",577.2,2,"lkshrsch,powerofcreation"
6291,16727059,ksankeerth1,"2026-09-03 02:28:22",577.0,2,ksankeerth1
6292,16665517,"RUEI-HSIANG. CHANG","2026-08-17 15:23:55",577.0,2,rueihsiangchang
6293,16718838,"josh mathers","2026-08-14 09:26:33",576.9,2,joshmathers
6294,16663736,"Life Is Roblox","2026-08-17 18:58:37",576.8,2,alexlisenko
6295,16636454,epigene,"2026-08-02 10:14:52",576.4,2,nadhu59648
6296,16715473,cmrfrd,"2026-08-14 04:58:15",576.3,2,thecmrfrd
6297,16784960,i-yuki23,"2026-08-30 01:13:11",576.3,2,iyuki23
6298,16695662,"Ollie Lowe2","2026-08-16 16:47:01",576.2,2,ollielowe2
6299,16784154,JoshJML,"2026-09-03 05:39:26",576.2,2,joshjml
6300,16676254,"Lazy Lagoon","2026-09-17 16:26:05",575.7,2,"mokshoswal137,taniyasankhe"
6301,16686715,"Adrien Secondaire","2026-08-08 15:54:58",575.7,2,adriensecondaire
6302,16786437,"Kiran Narayana K","2026-08-30 06:45:20",575.6,2,kirannarayanak
6303,16675952,bazinga,"2026-09-22 23:21:10",575.5,2,stephanhahn16
6304,16740404,BarrelAged,"2026-09-13 11:27:04",575.5,2,johnhosack
6305,16759381,"Subhan Hussain","2026-09-20 09:00:54",575.4,2,subhanhussain0205
6306,16655897,"Huanchen Jia","2026-09-28 00:30:21",575.1,2,huanchenjia123
6307,16772673,"Alejandro Rendon B.","2026-09-27 14:01:39",575.0,2,alejandrorendonblan
6308,16662094,"moncef elm","2026-09-23 09:09:03",574.9,2,moncefelm
6309,16664072,"victor aguilera","2026-09-24 23:34:18",574.9,2,viaguilera
6310,16763838,"L. Barriga","2026-09-09 10:57:18",574.6,2,lbarriga
6311,16925564,"shikigami yao","2026-09-25 13:52:11",574.5,2,shikigamiyao
6312,16725871,"Patrice Santiago","2026-09-03 22:19:56",574.4,2,patricesantiago
6313,16879477,liuzewen123,"2026-09-29 08:57:26",574.3,2,liuzewen123
6314,16671646,Luche,"2026-08-08 04:23:32",574.2,2,henrylucky
6315,16660310,KOLONEX.NET,"2026-08-10 12:40:46",574.1,2,danielandresmiranda
6316,16630559,khan,"2026-08-02 12:18:56",574.0,2,khansolov
6317,16657798,"Ian Kim","2026-08-06 05:07:10",574.0,2,ianpkim
6318,16777065,"dani yemane","2026-09-17 20:43:13",573.9,2,daniyemane
6319,16687883,CherylStoned,"2026-08-11 22:53:28",573.9,2,cherylstoned
6320,16658660,"Leo Lai","2026-08-13 08:14:45",573.9,2,junweilai
6321,16906705,"Gaurav Vyas","2026-09-30 17:13:49",573.8,2,ctogaurav
6322,16692857,AbeLincoln1865,"2026-08-11 00:10:16",573.8,2,abelincoln1865
6323,16880672,"Bennett Hellman","2026-09-18 12:59:02",573.5,2,bennetthellman
6324,16739167,Yeyuqing0913,"2026-09-07 00:36:15",573.4,2,yeyuqing0913
6325,16805340,"Md. Rafiul Islam","2026-09-25 16:04:37",573.3,2,rafiulislamrafi
6326,16714100,SuperMercat,"2026-09-09 15:13:08",573.2,2,supermercat
6327,16699091,Umkaaa,"2026-09-15 14:04:55",573.2,2,umkaaa
6328,16866712,Ddm_demo,"2026-09-20 14:16:05",572.6,2,ddmdemo
6329,16763886,"Jackson Sauls","2026-09-04 22:59:51",572.5,2,jacksonsauls
6330,16664884,Abhijeetgg,"2026-08-12 08:53:50",572.3,2,abhijeetgg
6331,16679887,ScriptRed,"2026-08-09 00:36:30",572.3,2,scriptred
6332,16795923,KaluzaKlein,"2026-09-14 10:50:35",572.3,2,kaluzaklein
6333,16845664,fabio5050,"2026-09-16 04:04:27",572.0,2,fabio5050
6334,16924484,"Sadiq Ali","2026-09-20 07:51:11",571.9,2,sadiqali55
6335,16937197,men-of-culture,"2026-09-24 06:52:33",571.9,2,leejianrong
6336,16660955,"Nihal l.suvarna","2026-09-30 03:19:37",571.9,2,nihallsuvarna
6337,16752324,"yunchuan liu","2026-09-06 22:21:06",571.5,2,hoteye
6338,16885575,"Kotaro Imamura","2026-09-18 00:47:04",571.5,2,kotaroimamura
6339,16692994,turneja,"2026-08-08 23:50:13",571.4,2,turneja
6340,16747180,KaiKogure,"2026-09-03 12:46:04",571.3,1,kaikogure
6341,16943628,"Michael Liu","2026-09-23 04:19:13",571.3,2,mliu1204
6342,16888900,"Koh Endru","2026-09-19 12:08:24",571.2,2,kohendru
6343,16657570,"Guruprasad Parasnis","2026-08-10 12:04:57",571.1,2,guruprasadparasnis
6344,16819872,"Shi Van","2026-09-03 16:50:46",571.0,1,shivanufo
6345,16655595,ashsah,"2026-08-31 08:37:35",571.0,2,ashsah
6346,16698164,"Ruizhang Zhi","2026-09-29 04:37:43",571.0,2,ruizhangzhi
6347,16624888,okome_niigata,"2026-08-06 06:47:17",570.9,2,okomeniigata
6348,16855646,Seshu,"2026-09-09 14:49:33",570.6,2,seshuthota
6349,16654746,"Michael Mullen","2026-08-06 11:08:31",570.6,2,mmullen200
6350,16699292,"Siddharth Kumar Gopal","2026-08-14 16:35:03",570.5,2,siddharthkumargopal
6351,16935929,"Bhavesh Kolhe","2026-09-23 08:47:28",570.4,2,bhaveshkolhe
6352,16658019,ไอติวบ้านปังมาเอาแช้มมมม,"2026-08-08 18:43:05",569.9,2,tewnabhat
6353,16771001,"0x1369 T-Farm","2026-08-31 04:38:04",569.8,2,xcryst
6354,16658702,sherlockwatson007,"2026-09-28 16:50:09",569.7,2,sherlockwatson007
6355,16781447,"Cody Schrank","2026-08-31 04:38:57",569.3,2,codyschrank
6356,16810490,katlun,"2026-09-28 22:01:28",569.2,2,"hoyin1212,katlun"
6357,16904550,ukiyois,"2026-09-16 19:54:20",569.2,1,ukiyois
6358,16668354,"ashraf saiyed","2026-08-13 13:44:31",569.1,2,ashrafsaiyed58
6359,16928702,UnkaiNene,"2026-09-24 18:17:23",569.1,2,unkainene
6360,16664804,ryanovovo,"2026-08-05 18:02:38",569.1,2,ryanovovo
6361,16823853,Zerbytheboss,"2026-09-30 08:39:55",569.0,2,zerbytheboss
6362,16719696,"Spencer Farrand","2026-08-17 18:40:28",568.9,2,spencerfarrand
6363,16764149,"Manish Rai","2026-09-30 00:03:13",568.9,2,magiuscain
6364,16660345,"Aadhithya Ramesh","2026-08-06 08:49:10",568.6,2,aadhithyaramesh
6365,16686787,"Lars Kammeijer","2026-08-07 21:31:11",568.6,2,larskammeijer
6366,16677701,"Coşkun Bağrıaçık","2026-08-10 00:02:25",568.5,2,cbagriacik
6367,16724747,"Md.Mahfujul Karim","2026-09-30 02:01:55",568.5,2,mdmahfujulkarim
6368,16735408,"Evan S","2026-08-18 20:06:05",568.4,2,evansc123
6369,16724202,"Sooriya Senthilkumar","2026-08-23 05:25:47",568.1,2,sooriyasenthilkumar
6370,16769767,bruhbruh,"2026-08-28 08:51:26",568.1,2,nguyendinhbach69
6371,16659828,"Lebansty Valan","2026-08-21 14:14:56",567.9,2,lebanstyvalan
6372,16660600,"Beria Kalpelbe","2026-08-07 13:46:47",567.7,2,beriakalpelbe
6373,16703310,"israel ntumba","2026-09-14 17:42:47",567.6,2,israelntumba
6374,16665759,"Shawn Zhang","2026-08-21 10:18:20",567.6,2,shawnzhang0318
6375,16759427,Dhruv,"2026-08-23 12:20:16",567.6,2,dtalati1
6376,16757614,"Eduardo Molina","2026-09-06 04:04:22",567.5,2,eduardomolinaai
6377,16666204,"David Nana Kofi Ofosu-Arko","2026-08-05 11:04:42",567.4,2,davidnanak
6378,16781242,"Bobby Clare","2026-09-03 17:04:16",567.2,2,bobbyclare
6379,16655629,Mai_Konare,"2026-08-17 06:20:49",567.1,2,maikonare
6380,16705348,"Howard lin","2026-08-20 23:01:36",567.0,2,howardlin007
6381,16669298,"Dinesh Naveen Kumar Samudrala","2026-09-30 11:45:59",567.0,2,dnkumars
6382,16655013,"Adrian Martinez 1111","2026-08-12 00:52:14",566.4,2,adrianmartinez1111
6383,16787200,"HayDay Protestors","2026-09-23 16:59:25",566.4,2,"aaronjoshuaemmanuel,anjulasankalpa,chamathjayashanka,ghostd,prabhashanmadurawala"
6384,16833040,"Vadim Demchuk","2026-09-05 06:07:54",566.3,2,vadimdemchuk
6385,16808956,"Denis Zerov","2026-09-03 10:59:46",566.2,2,dinoden
6386,16692896,"Guy Lev","2026-08-20 19:18:52",566.1,2,sarthobi
6387,16664709,kai,"2026-08-18 23:29:11",565.5,2,sungwo101
6388,16741121,"Vignesh Nehru","2026-09-22 07:58:54",565.5,2,vigneshnehru
6389,16730028,"Ken Qian","2026-08-17 03:10:15",565.4,2,kenqian
6390,16869617,"Denis Chernyshov","2026-09-18 22:32:19",565.1,2,denischernyshov
6391,16916743,"Low Aik Khoon","2026-09-30 00:00:52",565.0,2,izuneliu
6392,16654328,"QQ Farm","2026-08-28 12:59:12",565.0,2,"huiiyu,titirmt"
6393,16726941,CJ103CJ,"2026-08-23 12:52:07",564.9,2,cj103cj
6394,16927697,Mikiyaas,"2026-09-29 07:58:57",564.8,2,mikiyaas
6395,16724355,hansama.qht,"2026-09-19 15:23:36",564.5,2,hansamaqht
6396,16640816,pawaraman,"2026-08-02 19:46:52",564.5,2,pawaraman
6397,16911383,PurpleNightmare,"2026-09-30 16:31:50",564.2,2,purplenightmare
6398,16709318,"Jana Hagen","2026-08-26 18:00:16",564.2,2,janahagen
6399,16845009,"Nyasha Gandah","2026-09-15 06:20:21",564.1,2,nyashagandah
6400,16884815,"Idrees Asghar","2026-09-29 02:37:18",564.0,2,adiladil1275
6401,16711868,"Mark Cooper","2026-08-16 13:09:02",564.0,2,markjcooper
6402,16655578,"Ahmed Merie","2026-08-13 00:11:40",564.0,2,aa7767
6403,16700546,"Nightshade Family","2026-09-07 13:24:48",563.7,2,"gihanchamod17,vishmithasamarakoon"
6404,16662128,BenPalmer59,"2026-08-11 19:16:24",563.7,2,benpalmer59
6405,16763088,mason.jr,"2026-08-25 04:29:36",563.7,2,haophanzx
6406,16854535,Dragon,"2026-09-09 16:48:11",563.6,2,dragon116rus
6407,16670698,"Tamerlan Dadashov","2026-08-09 10:36:12",563.6,2,tamerlandadashov
6408,16665042,Neo_0x3f,"2026-08-10 21:36:56",563.6,2,neo0x3f
6409,16671940,LJazya,"2026-09-05 02:54:37",563.5,2,jihanelek
6410,16668819,"ahmedou sidi med","2026-08-19 00:05:55",563.4,2,ahmedousidimed
6411,16748979,"Venkata Madhu Sai D ","2026-08-21 19:49:08",563.3,1,venkatamadhusaid
6412,16657172,Honkazu,"2026-08-28 16:55:46",563.3,2,janposlusny
6413,16665395,"bachi idriss","2026-08-10 15:23:30",563.1,2,bachiidriss
6414,16749236,"Michael Müller","2026-09-29 05:25:09",563.0,2,michaelmller
6415,16916387,Nathan,"2026-09-18 14:01:04",563.0,2,nathanpradostapia
6416,16780484,"Edmond Kirsch","2026-09-01 17:30:28",562.8,2,edmondkirsch
6417,16685938,"Gautier Fauchart","2026-08-12 05:57:21",562.8,2,gautierfauchart
6418,16672095,"Friaseus ","2026-09-28 04:25:42",562.7,2,friaseus
6419,16793189,"Akash Mohan Chaudhary","2026-09-01 18:29:57",562.4,2,akashmohanchaudhary
6420,16791701,"Tired Dad Data","2026-09-12 21:37:23",562.2,2,alexmaggard
6421,16808242,keowpwpwkeo,"2026-09-07 18:23:50",561.7,2,keowpwpwkeo
6422,16659341,Aryan88097,"2026-08-05 17:26:57",561.6,2,aryan88097
6423,16848416,"Mayank Bhatia","2026-09-07 15:09:19",561.5,2,mikemayankb
6424,16708824,"Tanaka Chiromo","2026-08-20 11:12:22",561.4,2,tanakachiromo
6425,16864562,otaniyu,"2026-09-15 00:53:18",561.3,2,otaniyu
6426,16767934,"taha berk","2026-08-26 15:21:51",561.1,2,tahaberkterekli
6427,16741660,Dhruv_Goyal990,"2026-09-03 16:20:31",561.1,2,"dhruvgoyal990,prathameshbelavagi"
6428,16712870,"Jose Gibson","2026-08-13 20:09:11",561.1,2,josegibson
6429,16844262,"S Aishvarya","2026-09-25 19:23:59",561.1,2,saishvarya
6430,16655140,Efthimios,"2026-09-28 06:41:13",560.9,2,efthimiosfousekis
6431,16891689,"Jiawei Xi","2026-09-14 19:46:39",560.8,2,jiaweixi56
6432,16639867,vibecoder,"2026-08-08 05:34:55",560.7,2,kunal808
6433,16655039,"Andrew Yip","2026-08-06 20:14:49",560.6,2,yipcma
6434,16675832,"Dean Shalev","2026-08-09 04:12:47",560.2,2,deanshalev
6435,16651661,"Quyền Thịnh","2026-08-07 06:27:45",560.1,2,quynthnh
6436,16633269,op_star_platinum,"2026-08-09 17:52:52",560.0,2,opstarplatinum
6437,16775652,"Dat Dinh","2026-09-14 02:48:43",560.0,2,dathbdinh
6438,16663998,"Harith Al-Ani","2026-08-24 00:09:54",559.9,2,abo3losh
6439,16742073,"nguyễn huệ anh","2026-09-15 15:55:00",559.9,2,akapatu
6440,16664267,"Alan T. Andrea","2026-08-09 03:22:40",559.7,2,alantandrea
6441,16655044,"Darius Kolycius","2026-08-04 09:49:01",559.6,2,dariuskolycius
6442,16661898,Farfadet,"2026-08-12 06:04:18",559.6,2,farfadet
6443,16702993,PLM,"2026-08-30 13:58:34",559.6,2,"ileabogdan,popu23,razvaniga,rvaurs"
6444,16632994,primal,"2026-08-12 16:02:29",559.2,2,primalhost
6445,16677105,"Chaitanya Yadav","2026-08-16 10:36:07",559.1,2,xhaitanya
6446,16768466,BenJung,"2026-09-16 09:44:23",559.1,2,"benjung2512,hyeonglvl,hyeonho028,limjoonsoo"
6447,16663884,DevilQ,"2026-08-23 22:08:52",559.0,2,"parhamesm,samuelescarfone12"
6448,16725913,StarStone_233,"2026-08-16 07:22:12",559.0,2,starstone233
6449,16777228,"Zach Locke","2026-09-18 10:25:06",558.9,2,zachlocke
6450,16855755,"Jack Yap","2026-09-10 19:43:36",558.9,2,jackyap
6451,16823681,Yielder,"2026-09-10 16:59:40",558.7,2,georgepapasideris
6452,16673981,"Aarya Jadhav","2026-09-22 15:24:49",558.6,2,aaryajadhav0310
6453,16664003,"Nakul Rajpal","2026-08-05 06:29:24",558.5,2,nakulrajpal
6454,16797395,"LCNN JJ","2026-09-17 16:38:59",558.5,2,supremebeast08
6455,16713249,"vedant patnala","2026-08-27 22:38:03",558.5,2,vedantpatnala
6456,16911847,LGC,"2026-09-17 08:21:20",558.4,1,victorlingc
6457,16841397,"Petro Tarnavskyi","2026-09-06 12:36:05",558.3,2,petrotarnavskyi
6458,16679018,"Kushpreet Singh","2026-09-03 23:23:41",558.2,2,kush639
6459,16892496,"Alif Mahmud 1993","2026-09-15 16:35:27",558.2,2,alifmahmud1993
6460,16867608,"Paul M","2026-09-25 21:16:56",558.1,1,pillow5
6461,16623644,Accer_sz,"2026-08-02 00:27:32",558.0,2,accersz
6462,16655449,tcvieira,"2026-08-06 18:20:34",557.8,2,tcvieira
6463,16658377,Masaya,"2026-09-04 15:10:14",557.8,2,irrohas
6464,16686222,"Nika Chaduneli","2026-08-10 01:21:09",557.7,2,nikachaduneli
6465,16652899,Isha,"2026-09-29 15:47:40",557.7,2,aarohi20
6466,16666099,"Marcben James Samuel","2026-09-17 05:52:20",557.5,2,marcbenjamessamuel
6467,16755111,ingemarieke,"2026-08-21 15:04:53",557.3,1,ingemarieke
6468,16638031,vlad101,"2026-08-21 15:10:27",557.3,2,vlad101
6469,16667514,"Kakarott 10","2026-08-06 09:05:43",557.2,2,kakarott10
6470,16777740,hoangnnh67,"2026-08-28 22:12:22",557.2,2,hoangnnh67
6471,16755529,"Rafea Almejrab2025","2026-08-29 16:06:34",557.0,2,rafeaalmejrab2025
6472,16656912,"Sami Ali","2026-08-07 00:48:33",556.9,2,mrsamiali
6473,16661225,"Monibee Fudgekins","2026-09-16 18:18:38",556.8,2,monibeefudgekins
6474,16671421,"Gryffin Wang","2026-08-08 23:08:40",556.8,2,gryffindoraf
6475,16744752,"Dean Johnson","2026-08-27 10:26:20",556.7,2,deanjohnson202
6476,16692401,"Abdurehman Iqbal","2026-08-14 09:13:08",556.6,2,abdurehmaniqbal
6477,16655027,"Artem Zenkevich","2026-08-16 13:09:58",556.6,2,artemzen
6478,16774890,SkoopSkoop,"2026-08-31 16:08:04",556.5,2,skoopskoop
6479,16826098,Nomushin,"2026-09-11 13:22:26",556.3,2,nomushin
6480,16712410,aysfshn,"2026-09-09 15:09:08",556.3,2,aysfshn
6481,16671438,"Aot Chanthorn","2026-08-15 16:16:25",556.3,2,aotchanthorn
6482,16648215,"Terrence Chuwe","2026-08-03 13:32:15",556.2,2,terrencechuwe
6483,16665984,hepialidae,"2026-08-10 16:05:19",556.2,2,hepialidae
6484,16706456,"Michael van Mill","2026-08-12 09:58:40",556.1,2,michaelvanmill
6485,16730231,chandler14362,"2026-08-29 03:04:49",556.1,2,chandler14362
6486,16733763,Gaurav,"2026-09-04 00:54:37",556.1,2,gauravahlawat
6487,16682876,"Kartik Garg","2026-08-09 05:21:34",556.1,2,kartikgarg97
6488,16858948,"Nizar Fathurohman","2026-09-26 10:17:47",556.1,1,nizarfathurohman
6489,16700785,"VIVEK JAMI","2026-08-19 13:57:57",556.0,2,vivekjami
6490,16853993,"Christie Lam","2026-09-16 03:13:27",556.0,2,christielam
6491,16702411,"Aryuemaan Chowdhury","2026-08-21 07:05:31",556.0,1,aryuemaanchowdhury
6492,16727241,Yogesh2850,"2026-08-17 09:55:08",555.9,2,yogesh2850
6493,16680342,Game_khó_vkl,"2026-09-27 17:19:13",555.7,2,maruusha
6494,16745972,yamy893,"2026-08-22 02:14:20",555.7,2,yamy893
6495,16767932,"Mark #3","2026-09-24 12:07:36",555.6,2,markdjadchenko
6496,16847801,"Joachim Oliver Mampouya","2026-09-08 14:54:14",555.5,2,olivermam
6497,16717952,Aydar,"2026-08-29 21:28:35",555.2,2,aydara
6498,16738777,"Balwinder Singh1235","2026-08-20 10:21:34",555.2,2,balwindersingh1235
6499,16659951,"CHRISTOPHER CRILLY","2026-09-11 12:23:20",555.2,2,christophercrilly
6500,16683282,ayushk_empire,"2026-08-14 11:50:15",555.2,2,ayushkempire
6501,16645297,Mark_RowSet,"2026-08-09 05:25:39",555.1,2,markrowset
6502,16661210,vizyourdata,"2026-08-07 11:05:08",555.0,2,vizyourdata
6503,16786043,Palimpsesto,"2026-09-08 23:44:50",554.9,2,denzelfuentes
6504,16745109,deflexor,"2026-08-27 21:35:07",554.8,2,deflexor050
6505,16713366,BANKAI,"2026-09-21 18:36:08",554.8,2,igors97
6506,16730461,"Mubin Shaikh","2026-08-19 06:09:17",554.8,2,shaikhmubin
6507,16622993,"Yaroslav Tanko","2026-08-18 04:34:12",554.7,2,yaroslavtanko
6508,16731260,"Jeel Gajera","2026-08-18 07:44:44",554.4,2,jeelog
6509,16663922,MoongladeAI,"2026-09-14 03:49:11",554.4,2,moongladeai
6510,16698034,Anatoliy_Fomin,"2026-08-12 12:57:18",554.4,2,anatoliyfomin
6511,16694610,Kshitiz2002,"2026-08-11 15:44:41",554.2,2,kshitiz2002
6512,16759265,AI老爸,"2026-09-06 15:42:27",554.2,2,tsengchienchih
6513,16735476,"Matthew Liew","2026-08-18 08:02:11",554.2,2,matthewliew
6514,16668711,"David Leati","2026-08-28 00:47:39",554.1,2,davidleati
6515,16750447,Morpheus0303003,"2026-08-24 16:58:42",554.0,2,morpheus0303003
6516,16670615,Ahornsirup,"2026-09-06 21:03:14",553.8,2,ahornsirup
6517,16673151,skyblue01,"2026-08-27 07:56:10",553.7,2,skyblue01
6518,16731447,"Rúben Martins","2026-08-19 20:55:42",553.6,2,rubenmartins10
6519,16793892,cjc0013,"2026-08-31 18:27:50",553.5,2,cjc0013
6520,16731616,"Mohamed Aashik 24","2026-09-14 19:24:28",553.5,2,mohamedaashik24
6521,16665932,"Fabian Birringer","2026-08-21 18:31:41",553.4,2,fabianbirringer
6522,16775770,"Ashish Kumar","2026-08-27 17:18:58",553.4,1,whoashish115
6523,16662120,"Harpal Gujral","2026-08-25 18:07:07",553.1,2,harpalgujral
6524,16661529,"AL Najafi","2026-08-08 03:39:39",553.0,2,alnajafi
6525,16793913,"Vrushal Patil","2026-09-06 11:13:36",553.0,2,vrushalpatil
6526,16668211,"Alejandro Hernández Mairal","2026-09-03 13:28:29",552.9,2,alherma7
6527,16699140,St.Valentine,"2026-08-18 09:49:04",552.9,2,stvalentin3
6528,16663210,"Marco Nasuelli","2026-09-13 15:58:07",552.9,2,marconasuelli
6529,16923821,饕餮(๑´ڡ`๑),"2026-09-30 11:17:36",552.8,2,o4d47ii
6530,16886077,"Rajan Aggarwal","2026-09-17 15:19:02",552.7,2,rajanaggarwal11
6531,16770891,"Oleg Shatov","2026-09-05 16:34:56",552.7,2,bishkek
6532,16732307,"Shobha Vashishtha","2026-08-17 12:32:07",552.3,1,shobhavashishtha
6533,16941519,Dr.Hazbulla,"2026-09-24 14:05:45",552.1,2,drhazbulla
6534,16712380,Rdjarbeng,"2026-09-30 08:13:45",552.1,2,rdjarbeng
6535,16687714,nabilux,"2026-08-09 13:27:11",551.9,2,eminesnabil
6536,16717614,Dhanyashree1028,"2026-08-16 15:00:37",551.9,2,dhanyashree1028
6537,16897403,"Abel Markose","2026-09-18 03:08:38",551.7,2,"abelmarkose,sreehari3301"
6538,16735624,"Marc Rippee","2026-08-24 05:03:34",551.7,2,marcrippee
6539,16674106,Nanga_rendu_peru,"2026-09-27 02:12:33",551.4,2,"dineshak07,jaikrishna007"
6540,16717671,Jeremy,"2026-09-22 22:01:27",551.3,2,lukeenness
6541,16936578,kissadolce,"2026-09-30 15:03:36",551.3,2,kissadolce
6542,16922524,"Aleksandar Belic","2026-09-30 09:54:30",551.2,2,aleksandarbelic
6543,16805275,"Women or something","2026-09-30 10:51:10",551.1,2,"appalachianmounta1n,reneeschmidt"
6544,16696916,Sundar,"2026-08-11 13:04:59",551.1,2,vsundar17697
6545,16666084,"Andaç Demirdelen","2026-08-09 19:18:08",551.0,2,andacdemirdelen
6546,16779539,"Dmitri Bugakov","2026-08-27 16:34:42",551.0,2,dmitrybugakov
6547,16695799,Vaycheslav,"2026-09-22 08:05:40",551.0,2,vaycheslav
6548,16684674,"Ch Muhammad Umer ","2026-08-11 08:11:36",550.9,2,chmuhammadumer
6549,16697941,"Raphael Coelho","2026-08-16 15:24:28",550.9,2,raphaelrrcoelho
6550,16660005,DreamX5678,"2026-08-06 07:55:06",550.9,2,dreamx5678
6551,16665692,Straw_hats,"2026-09-01 07:40:19",550.7,2,"charanno,tvigneshreddy"
6552,16664134,"Pelayo Fernández","2026-08-07 10:36:48",550.6,2,pelayofdez
6553,16891652,Cristian034,"2026-09-29 20:22:42",550.6,2,cristian034
6554,16653534,"Mohamed Amine Ettaki","2026-09-14 20:52:45",550.5,2,amine159
6555,16684436,Simon-the-sorcerer,"2026-09-30 07:21:35",550.5,2,simonwiller
6556,16697526,"Jurgen Sinjari","2026-08-10 21:21:26",550.4,2,jurgensinjari
6557,16876642,Gruberx,"2026-09-25 17:53:44",550.3,2,gruberx
6558,16701034,notnorm,"2026-08-11 10:31:23",550.3,1,notnorm
6559,16950015,"Jacob Stultz1","2026-09-23 22:49:13",550.2,1,jacobstultz1
6560,16702270,"Jonas Jaku","2026-09-09 06:37:15",550.1,2,jonasjaku
6561,16733046,Afordancja,"2026-08-24 18:22:42",550.0,2,afordancja
6562,16797356,"Thalía Cantero","2026-09-15 15:41:27",549.9,2,thalicantero
6563,16734822,Zcy,"2026-09-20 12:04:41",549.8,2,laura831
6564,16650930,"Govind Sharma","2026-08-24 09:25:23",549.8,2,govindsarswat
6565,16882160,"John Doe #2","2026-09-12 18:04:56",549.7,1,realgrape
6566,16728017,"medkhalil hawachi","2026-09-29 11:33:25",549.7,2,medkhalilhawachi
6567,16793802,"Andrew Lam","2026-09-01 09:07:56",549.5,2,andrewlam23
6568,16662015,"ryan panda","2026-09-23 20:03:28",549.4,2,hollowpurple
6569,16668439,Lugas024,"2026-08-08 05:33:51",549.4,2,lugas024
6570,16677366,Gmmastermind,"2026-08-07 01:19:13",549.3,2,gmmastermind
6571,16694064,RRK0123,"2026-08-17 05:30:52",549.2,2,rrk0123
6572,16810497,Garuda,"2026-09-07 06:32:01",549.1,2,santhoshreddypasnoor
6573,16743382,"Pavan Rangisetti","2026-09-15 03:42:00",549.0,2,pavanrangisetti
6574,16707037,"Cedoque BAGBONON","2026-09-20 10:27:32",548.9,2,cedbag
6575,16795256,"N Nelson","2026-09-05 14:29:25",548.9,2,napoliyannelson
6576,16716941,林木子吖,"2026-08-24 09:28:59",548.9,2,linmuzi0108
6577,16694134,"Sophia Leng","2026-08-24 20:04:10",548.8,1,sophialeng9
6578,16669597,农业农村部,"2026-08-10 19:11:08",548.8,2,"bingzhenghan,hrwan1,krasuszl"
6579,16777746,"Daniel Bandy","2026-08-29 02:04:01",548.7,2,goddangitboby
6580,16766888,"Alex #4","2026-08-24 14:42:19",548.6,1,alxndrvara
6581,16917921,xxxx333,"2026-09-29 13:36:20",548.6,2,xxxx333
6582,16789914,AkikJana,"2026-09-07 16:37:53",548.6,2,firewaterair
6583,16728220,Naki,"2026-09-08 11:50:44",548.3,2,nanakiohashi
6584,16691518,"Sander Ee","2026-08-09 12:03:09",548.2,2,sanderee
6585,16734595,"Abhimanyu Singh","2026-08-20 12:52:38",548.1,2,abhimanyusingh170702
6586,16786140,valgrinderror,"2026-09-26 15:35:01",548.0,2,valgrinderror
6587,16685785,KSAI,"2026-09-07 14:42:54",548.0,2,kishan2112004
6588,16689033,arman1o1,"2026-09-01 05:01:27",547.9,2,arman1o1
6589,16665462,ZSZ,"2026-08-12 13:55:00",547.9,2,zsuzsanna2
6590,16728799,JulianHahn28,"2026-08-17 21:26:57",547.8,2,julianhahn28
6591,16665990,daffaharil,"2026-08-11 07:56:55",547.8,2,"daffaharil,farhansiddiq"
6592,16760025,DEBI,"2026-09-29 20:43:15",547.7,2,"mayarabdelfattah,omarelmaghraby03"
6593,16745571,"Yifan Xie","2026-09-03 13:55:15",547.1,2,yifanxie
6594,16774524,ShinYingChua,"2026-09-13 15:35:15",547.0,2,shinyingchua
6595,16635021,RiLi,"2026-09-30 13:13:23",546.7,2,hisatosenda
6596,16869733,narwhal,"2026-09-30 07:34:06",546.5,2,justinye0
6597,16731173,AynRmio,"2026-09-17 08:48:38",546.3,2,aynrmio
6598,16689398,Reesh,"2026-08-11 08:55:10",546.3,2,rishileung
6599,16671942,"JIVRAJ SINGH","2026-09-05 02:33:23",546.1,2,jivrajsingh
6600,16796625,Nepsirhc,"2026-09-12 11:15:35",545.9,2,nepsirhc
6601,16757280,"manos papagiannidis","2026-09-09 08:30:46",545.7,2,manospapagiannidis
6602,16658042,"Giampietro Pregnolato","2026-08-13 09:17:36",545.6,2,giampietropregnolato
6603,16682915,"igeo kK","2026-09-12 23:10:17",545.5,2,igeokk
6604,16677178,"YOUSSEF FAID","2026-08-11 21:10:38",545.4,2,yousseffaid
6605,16655663,"Farmland Destroyer","2026-08-19 13:43:22",545.4,2,minghaopang
6606,16699689,"David Sedláček","2026-08-10 08:38:38",545.3,2,sibicek
6607,16634204,"m-toshi desu","2026-08-01 06:20:37",545.2,2,mtoshidesu
6608,16621811,"Shaun Andrade","2026-08-01 00:44:42",545.2,2,shaunandrade
6609,16845161,"Abate etienne","2026-09-08 00:28:04",545.2,2,abateetienne
6610,16654723,"Trajko Todosov","2026-09-30 14:51:42",545.0,2,trajkotodosov
6611,16773779,"Daichi Tanaka","2026-08-31 03:38:48",544.9,2,daichit64
6612,16686716,"menna hassanM","2026-09-29 20:52:16",544.7,2,mennahassanm
6613,16753353,"Aayush Kumar","2026-09-23 14:16:00",544.7,2,devaayushkumar
6614,16862542,"Mitchelle's Team","2026-09-29 01:16:49",544.6,2,mitchellluciana
6615,16789550,foundtion,"2026-08-30 13:19:22",544.5,2,foundtion
6616,16697261,nbauerle,"2026-08-14 15:10:38",544.5,2,nbauerle
6617,16726684,"William Lee","2026-08-19 15:35:28",544.4,2,notyouravgwilly
6618,16926090,"Amr Fadhilah Abiyyu Alif Basysyar","2026-09-21 00:35:25",544.4,2,amrfadhilah
6619,16947326,"Sachin Sachdeva","2026-09-23 12:55:56",544.4,2,sachinsachdeva
6620,16666648,"Sriram Reddy19","2026-08-06 08:40:07",544.3,2,sriramreddy19
6621,16658051,SethuMadhavan004,"2026-09-30 03:58:56",544.3,2,sethumadhavan004
6622,16687390,"Mark Calvert","2026-08-08 09:51:55",544.2,2,markycalvert
6623,16665060,Pipeweed,"2026-08-27 18:14:40",544.1,2,pipeweed56
6624,16844527,"Suyog Gund","2026-09-12 18:30:05",544.1,2,suyoggund
6625,16803726,Yaromir_Ko,"2026-09-08 13:25:00",544.0,2,ronanndex
6626,16664313,CompilingCoder,"2026-08-06 09:38:17",544.0,2,compilingcoder
6627,16706455,"John Andrei Martinez","2026-08-18 18:55:04",544.0,2,johnandreimartinez
6628,16639408,Invictus,"2026-08-11 22:44:04",543.7,2,nicho256
6629,16657332,"Amit Malakar","2026-09-29 14:00:49",543.7,2,amitmalakarjoy
6630,16888433,SINKO1,"2026-09-25 20:49:06",543.6,2,sinko1
6631,16793489,hendracos,"2026-09-02 03:10:03",543.6,2,hendracos
6632,16674950,Davide,"2026-09-03 09:22:38",543.4,2,quanttony
6633,16686743,charmander,"2026-09-11 15:44:15",543.4,2,rahuladhi
6634,16732529,"lixinglong ye","2026-09-09 07:46:16",543.4,2,lixinglongye
6635,16744534,"Leonardo Custode","2026-09-11 09:16:04",543.2,2,leocus
6636,16682815,"Saiyam Bharara","2026-08-19 15:03:06",543.2,2,saiyambharara
6637,16722502,Abyss,"2026-08-27 11:26:49",543.2,2,sahiltks
6638,16660540,Minikotey,"2026-08-16 15:34:40",543.1,2,juliapatarishina
6639,16809158,"Kaito Sada","2026-09-30 03:27:09",542.8,2,kaitosada
6640,16738336,"Guo Xuehan","2026-09-02 05:44:05",542.6,2,zmllls
6641,16654454,"Haoxiang Li","2026-09-06 09:24:47",542.6,2,haoxiangli789
6642,16690352,"Aled von Oppell","2026-09-24 16:04:36",542.6,2,aledgvonoppell
6643,16677597,InformaBook2,"2026-09-10 05:38:23",542.5,2,informabook2
6644,16763113,sowhatwillwelearn,"2026-09-01 11:03:47",542.4,2,sowhatwillwelearn
6645,16946099,"CupidCloris Zeus","2026-09-29 13:21:58",542.3,2,cupidcloriszeus
6646,16670070,"Kirill Molostov","2026-08-31 12:18:26",542.3,2,kirillmolostov
6647,16732725,MackTen,"2026-08-19 08:14:01",542.3,2,mackten
6648,16660319,fahimMK,"2026-09-19 16:43:05",542.3,2,fahimmk
6649,16691398,"Time to Win","2026-09-03 04:36:52",542.2,2,yatharthdurgapal
6650,16947950,"William Caetano Hilário","2026-09-30 15:49:16",542.2,2,williamcaetanohilrio
6651,16657016,"MD. AS-AID RAHMAN","2026-08-26 15:57:49",542.2,2,mdasaidrahman
6652,16684886,HTHub,"2026-08-08 00:12:47",542.2,2,adegokesaidi
6653,16757806,Richardwe,"2026-09-30 08:25:18",542.1,2,richardwe
6654,16671680,"Joe Hall","2026-08-10 19:02:30",542.0,2,halljr
6655,16659663,Chintakrinda_Naveen,"2026-09-22 04:04:37",542.0,2,naveen998
6656,16663656,"Andrii Kavetskyi","2026-08-20 21:48:20",542.0,2,andriykavetsky
6657,16633379,"Artem Prokhorov","2026-07-31 20:53:32",541.7,1,catfield123
6658,16689919,"Koren Ben Ezra","2026-08-08 17:49:55",541.6,2,korenbenezra
6659,16811935,"Bhargavaram Gajula","2026-09-05 18:08:56",541.4,2,bhargavaramgajula007
6660,16760604,"Thananut Phiboonbanakit","2026-08-25 14:04:44",541.4,2,tphiboonbanakit
6661,16913155,DT,"2026-09-20 14:19:20",541.4,2,"bhd233,vatlegend"
6662,16853288,ypl0lpy,"2026-09-09 07:56:50",541.3,2,ypl0lpy
6663,16785687,"AP SEM F STUDENTS","2026-08-31 03:52:37",541.2,2,"advaithn0518,rohanjeyavel,shrivatsamurugan,stitchsages"
6664,16899050,SerenaLsr,"2026-09-16 03:35:02",541.1,2,serenalsr
6665,16667630,Sparsh389,"2026-08-06 15:46:09",540.9,2,sparsh389
6666,16726080,"Arda Yasar","2026-08-19 06:02:10",540.9,2,ardayasar
6667,16674612,"Muhammad Dhiaz Rafilianza","2026-09-25 12:28:11",540.7,2,dhiazr
6668,16795609,2023314806_이승민,"2026-09-04 10:21:31",540.7,2,sminleeee
6669,16659367,"Tayyab Aamir","2026-08-06 10:59:49",540.7,2,duketi
6670,16672370,"Yash Barhanpurkar","2026-09-10 17:36:18",540.7,2,yashbarhanpurkar
6671,16733873,"Shirish Chinchanikar","2026-08-30 15:53:12",540.6,2,"codemastersj,shirishchinchanikar"
6672,16839030,minedmap,"2026-09-07 20:19:52",540.6,2,minedmap
6673,16665471,"Dennis Navamani","2026-08-25 11:10:08",540.5,2,dennisnavamani
6674,16671237,"Jose Alejandro Rivera Jaramillo","2026-08-07 18:13:13",540.5,2,alejandroriveraj
6675,16831074,BiNar,"2026-09-27 09:04:57",540.3,2,durbinar
6676,16841827,"pohang milk collector","2026-09-20 14:27:51",540.1,2,"duckhun,idearendil"
6677,16693988,"Pranav Gupta","2026-08-18 03:51:41",540.1,2,kumbhakarann
6678,16925954,"Ibrahim Emir Tosun","2026-09-20 10:48:22",540.0,2,tosunn
6679,16841559,dal7,"2026-09-09 04:32:12",539.9,2,purelyconceptual
6680,16755548,"Manuel Ramos","2026-08-27 19:06:26",539.9,2,aizpask13
6681,16669393,"ÖMER FARUK YILMAZ","2026-08-07 19:54:59",539.9,2,ofyzero
6682,16716365,Murphy,"2026-08-21 14:00:29",539.8,2,taeyounglimdt
6683,16664415,"Imerson Krysthio","2026-08-12 05:37:03",539.8,2,imersonk
6684,16623745,chunluran,"2026-09-27 11:17:09",539.5,2,chunluran
6685,16654351,"Manish Kumar","2026-08-04 07:45:22",539.5,2,manishkumarphd2000
6686,16663909,HDPark,"2026-08-17 04:48:41",539.4,2,hdpark
6687,16738261,"Samuel Moreira","2026-08-24 14:11:40",539.4,2,samuelmoreira420
6688,16686613,Zubatch,"2026-08-15 20:11:39",539.4,2,zubatch
6689,16795997,"Boyu Wan","2026-09-04 04:58:57",539.3,2,pupudan
6690,16663708,"Imran Ahamed","2026-09-23 19:36:27",539.3,2,immu4989
6691,16904690,"yuya #2","2026-09-17 07:21:26",539.2,2,pineandtree
6692,16717245,bernard558,"2026-08-24 22:18:16",539.1,2,bernard558
6693,16697704,"Leonid Matetskiy","2026-08-09 21:39:06",539.1,2,leonidmatetskiy
6694,16750614,"Shivansh Chaudhary","2026-09-05 06:17:27",539.0,2,shivanshchoo
6695,16654099,"Bhupin Thapa magar","2026-08-10 09:22:06",539.0,2,vupeenthapamagar
6696,16930840,machineabao,"2026-09-22 19:18:24",538.9,2,machineabao
6697,16700885,"Malala Ramaha","2026-09-19 17:11:00",538.6,2,malalaramaha
6698,16671256,"Navid Zaman","2026-09-08 13:58:31",538.5,2,navidzaman01
6699,16658686,"Alpesh Kumar","2026-08-08 06:12:31",538.5,2,alpeshkumar
6700,16851330,umar,"2026-09-16 03:04:16",538.5,2,umar4md
6701,16640504,"Recep Öztürk","2026-08-26 11:19:31",538.4,2,rcpztrrk1
6702,16739449,SelvapriyankaRam,"2026-08-24 18:44:21",538.3,2,selvapriyankaram
6703,16730104,BartHeart,"2026-08-20 18:58:23",538.2,2,bartheart
6704,16743823,"Zeyu Huang_summer","2026-09-14 15:40:41",538.1,2,zeyuhuangsummer
6705,16676534,AlphaBound,"2026-08-25 05:26:32",537.9,2,somsubhrometya
6706,16687548,"Shubham Tibrewal","2026-09-22 07:13:23",537.9,2,researchai2026
6707,16808696,마짱MAZZANG,"2026-09-04 09:41:16",537.9,2,mazzang
6708,16880022,Abdulbosid,"2026-09-26 21:40:56",537.8,2,abdulbosid
6709,16792449,SKYisSKYisSKY,"2026-08-31 04:16:07",537.8,2,skyisskyissky
6710,16658009,"Lando Wang","2026-08-05 02:18:17",537.8,2,landowang
6711,16665154,"Omkar Pawar","2026-08-23 12:22:56",537.8,2,omkarrr7
6712,16658937,SebastianQbiak,"2026-08-05 06:20:18",537.8,2,sebastianqbiak
6713,16883042,"Stefan Berger","2026-09-20 21:06:25",537.5,2,stefanberger1111
6714,16664790,"soumic 1088","2026-08-19 08:34:34",537.5,2,soumic1088
6715,16749104,danielx119,"2026-08-20 16:36:00",537.5,2,danielx119
6716,16660670,"Chirag Bhatnagar","2026-08-31 09:21:45",537.3,2,chiragbhatn
6717,16712746,itsraininnnn,"2026-08-12 16:38:56",537.3,1,itsraininnnn
6718,16851079,"Nathaniel Marshall","2026-09-08 02:04:22",537.2,2,nm4rshall
6719,16748603,有本事出来单挑,"2026-09-28 08:54:18",537.0,2,qianzhonhao
6720,16890342,Bin.Han,"2026-09-21 05:17:00",536.9,2,binhan0514
6721,16777056,"Seb boulba","2026-08-27 21:03:26",536.9,2,sebboulba
6722,16691552,"Koshtubh Singh Parihar","2026-08-09 03:19:39",536.8,2,koshtubhsinghparihar
6723,16718363,"Jarbas Camurça","2026-08-28 11:15:44",536.8,2,pjarbas
6724,16668648,"Mason R. Brito","2026-09-10 16:58:25",536.7,2,masonrbrito
6725,16896490,"Yiman Gao","2026-09-21 08:15:16",536.7,2,yimangao
6726,16708907,"[Deleted] 84526ff4-3aed-4b4b-a45f-a4486f01cb7b","2026-08-13 20:01:55",536.7,2,del=34c747d6ee8d2bd7
6727,16848263,Xenongas,"2026-09-08 14:23:14",536.6,2,xenongas1
6728,16673712,"Alejandro Betato","2026-08-16 10:48:24",536.6,2,alejandrobetato
6729,16690869,"Yudai Hayashi","2026-08-23 09:14:30",536.5,2,yuhaya9
6730,16756677,"Pyzh Vladislav","2026-08-24 10:19:44",536.5,2,pyzhvladislav
6731,16885464,"Javier Hernáez","2026-09-19 18:09:39",536.3,2,javierhernaez
6732,16670708,"Mohammad Usman Sajid","2026-09-03 18:26:11",536.2,2,mohammadusmansajid
6733,16665894,"Pedro Wu","2026-09-03 03:40:31",536.1,2,pedropei
6734,16711567,"Finn Brooks","2026-08-15 04:40:11",535.8,2,finnbr
6735,16796810,JosephErikRibeiro,"2026-09-21 21:23:50",535.8,2,josepherikribeiro
6736,16675066,Opticulture,"2026-08-16 12:19:48",535.7,2,"bajibaburowthu,ponnuripavankumar,radhakrishnadoredla,veereshkumar1219"
6737,16664041,"an Expired Engineer","2026-08-17 12:02:21",535.6,2,sanggusti
6738,16635746,"jeon hyeon woo","2026-08-13 15:32:43",535.6,2,jeonhyeonwoo
6739,16671420,"Chengchen Duan","2026-08-17 15:25:09",535.6,2,chengchenduan
6740,16718445,"Hamza Elmorjani","2026-08-15 12:16:55",535.5,2,hamzaelmorjani03
6741,16749764,Aquaflame,"2026-09-11 16:41:58",535.4,2,aquaflame
6742,16724819,Dwij12,"2026-08-20 18:28:01",535.1,2,dwij12
6743,16702820,"Plorek ","2026-08-28 11:28:11",535.1,2,plorek
6744,16846408,"Arpit Gole","2026-09-16 02:21:23",535.0,2,connecttoarpitgole
6745,16689391,"Tejas Rajput","2026-08-08 17:21:18",534.9,2,tejasrajput123
6746,16640888,"Dhe Yeong","2026-09-25 03:38:43",534.8,2,dheyeong
6747,16667011,"Chung Yu Jin","2026-09-21 05:44:32",534.8,1,chungyujin24
6748,16655272,"Artur Sakhiullin","2026-08-09 14:27:52",534.8,2,artursakhiullin
6749,16716632,shini47,"2026-08-22 20:30:17",534.7,2,shini47
6750,16697681,"Mahfujur Rahman Rakib","2026-08-10 05:14:21",534.7,2,mahfujurrahmanrakib
6751,16720143,"AMAN PANDEY","2026-08-16 13:57:00",534.5,2,amanapofficial
6752,16654761,"Mohammed Mukthar","2026-08-05 02:06:15",534.4,2,mohammedmukthar9
6753,16657104,"Bashar Gamal","2026-09-15 05:51:30",534.3,2,bashargamal
6754,16732504,"porsche zheng","2026-08-18 08:19:41",534.2,2,porschezheng
6755,16671779,"Syed Jawad","2026-09-06 12:12:28",534.1,2,syedjawad11
6756,16727009,B05801037,"2026-08-18 02:28:48",534.1,2,peteropop
6757,16761451,gulag,"2026-08-24 03:39:54",534.0,2,moglin
6758,16692680,"Marc-Luca ","2026-08-11 12:02:15",534.0,2,marcluca
6759,16637776,MarvelousXun,"2026-08-03 09:33:38",534.0,2,marvelousxun
6760,16732357,"Thales Augusto Leite de Souza","2026-08-23 23:43:38",533.9,2,thalestals
6761,16809136,"Xander Lee","2026-09-04 13:56:48",533.8,2,xndlee
6762,16775237,"Haruki Iwase","2026-09-12 14:38:17",533.8,2,harukiiwase
6763,16652635,panacea9320,"2026-08-05 10:45:06",533.7,2,panacea9320
6764,16642994,"Danila Galkin","2026-08-13 19:22:17",533.4,2,danilagalkin
6765,16665133,"Abhishek Dubey","2026-08-10 13:28:57",533.3,2,abhishekdubey911
6766,16872064,"Jimmy Erickson","2026-09-13 19:43:54",533.2,2,jimmyerickson
6767,16763287,Sathishkumartheta,"2026-08-25 18:53:26",533.2,2,sathishkumartheta
6768,16767632,"robin baldeo","2026-09-24 22:26:00",533.1,2,robinbaldeo
6769,16718366,RATriculture,"2026-08-28 19:15:28",533.1,2,tarasshchur
6770,16661318,"Zeel Kadvani","2026-08-25 11:17:53",532.9,2,zeelkadvani
6771,16762206,"mohammad khanjani2026","2026-09-06 05:17:52",532.8,2,mohammadkhanjani2026
6772,16707767,"Lai Eu Wen","2026-08-16 16:47:50",532.7,2,laieuwen
6773,16937434,iit24m1520,"2026-09-23 06:17:13",532.6,2,iit24m1520
6774,16881624,RetrainMap,"2026-09-12 20:08:45",532.6,2,retrainmap
6775,16667565,BeeDeeR,"2026-09-23 01:13:42",532.5,2,beedeer
6776,16883182,xvzfbr0,"2026-09-29 02:32:20",532.4,2,xvzfbr0
6777,16717850,"HeeGwan Lee","2026-09-06 11:51:49",532.4,2,heegwanlee
6778,16875479,"Debasish Gorai","2026-09-30 15:22:42",532.3,2,debasishgorai
6779,16677303,"Chase Martyn","2026-08-19 02:05:12",532.3,2,chasemartyn
6780,16662421,"Aparna Mantha","2026-08-06 17:23:34",532.2,2,aparnam91
6781,16862124,"Lei Yang23","2026-09-16 18:09:55",532.0,2,leiyang23
6782,16659418,"Fonge Bertin","2026-08-06 09:26:33",532.0,2,fongebertin
6783,16840437,nick.ai007,"2026-09-10 06:36:01",531.9,2,nickai007
6784,16676360,"Chris Kang","2026-08-17 10:07:49",531.6,2,rukawa917
6785,16654640,"Halil Akbas","2026-08-28 00:32:12",531.3,2,halilbrahimakbas
6786,16723125,"Shubham Dhapola","2026-08-16 13:35:23",531.2,2,shubhamdhapola24
6787,16819076,"Keyur Gohel","2026-09-29 00:41:10",531.2,2,venuzdonoa
6788,16673923,"Gabriele Giacometti","2026-09-10 12:15:50",531.2,2,gabrielegiacometti
6789,16681660,"Parham Ghazanfari","2026-08-07 20:18:18",531.1,1,parhamghazanfari
6790,16655651,"Kevin Cho","2026-09-14 16:40:58",531.0,2,chokevinjs
6791,16736261,"Saptanshu Samal","2026-08-22 12:02:42",530.9,2,saptanshusamal
6792,16740662,宣城市机械电子职业技术学院,"2026-09-15 02:05:22",530.8,2,chenzhengy
6793,16662103,"Saravana Thiagarajan K","2026-08-05 21:43:42",530.7,2,saravanatk1984
6794,16673333,"Dimas Renggana","2026-08-06 23:40:39",530.7,2,dimasrenggana
6795,16688175,aarav221w,"2026-08-25 23:40:16",530.6,2,aarav221w
6796,16660295,Pentos,"2026-08-10 00:06:56",530.5,2,nishiumi
6797,16622938,"Farmville Redux","2026-08-03 18:58:04",530.4,2,daveconnor
6798,16678157,"Ayush Kumawat","2026-08-14 13:10:02",530.4,2,ayushkumawat21
6799,16715225,"Someswararao Tellakula","2026-08-17 01:15:37",530.3,2,someshtellakula
6800,16845593,matsudaatom,"2026-09-07 14:44:59",530.3,2,matsudaatom
6801,16669165,"IT Neko","2026-08-14 13:17:33",530.3,2,"nirvaanaa,zhexuanyecust"
6802,16850246,"Makarand Gokhale","2026-09-24 01:08:26",530.3,2,makarandgokhale
6803,16744898,"Tore Erdmann","2026-09-19 16:19:24",530.3,2,toreerdmann
6804,16728743,Miki_Nuummiu,"2026-09-16 20:54:12",530.2,2,mikinuummiu
6805,16657105,"Mathijs Deelen","2026-08-05 01:16:34",530.2,2,mathijsdeelen
6806,16658151,"Nguyễn Phúc Gia Bảo","2026-08-06 15:15:07",530.2,2,kevincrazy678
6807,16699756,"zhang xin","2026-09-23 02:00:57",530.1,2,zhangxin300
6808,16868576,DarkhanShakhan,"2026-09-15 20:17:01",530.0,2,darkhan1991
6809,16670356,"Dziriyin wa9il","2026-08-25 19:56:56",530.0,2,"akumanomu,alioualaeddine"
6810,16782993,hayashida,"2026-09-07 14:01:36",529.9,2,daichihayashi
6811,16669479,"Shifa Salsabiila","2026-08-09 02:56:11",529.9,1,shifasalsabiila
6812,16666483,"Salih Erdem Kaymak","2026-08-08 17:32:38",529.9,2,saliherdemkaymak
6813,16866643,"Yan Slabodich","2026-09-15 08:02:34",529.8,2,yanskij
6814,16750666,"Mitali Yadav","2026-09-29 00:52:08",529.7,2,mitaliyadav18
6815,16659138,allenbcy,"2026-09-10 14:41:18",529.6,2,allenbcy
6816,16730030,"Jared Wilder","2026-08-17 14:23:15",529.5,2,jaredwilder
6817,16625047,BOBQWERA,"2026-08-02 06:34:18",529.5,2,bobqwera
6818,16693233,"Noah Wheeler","2026-09-22 23:13:00",529.5,2,nwheeler806
6819,16663766,"Anup Gautam","2026-08-08 01:29:10",529.5,2,anupanda
6820,16723037,"Red Cat","2026-09-10 19:23:50",529.5,2,severl
6821,16707078,"Loïc & Zach","2026-08-24 20:25:24",529.4,2,"locmmeteau,zachariedubus"
6822,16630837,"Vishal Sharma","2026-08-05 18:24:44",529.2,2,vishal40182
6823,16727376,"Roko Torbarina","2026-08-18 18:31:57",529.1,2,rokotorbarina
6824,16656690,"Sushant Kumar (xWF)","2026-08-06 04:44:38",529.1,2,sushantkumarxwf
6825,16732609,"Filippo Paninforni","2026-08-19 18:30:22",529.0,2,filippopaninforni
6826,16809800,XYZ-Siddhartha,"2026-09-19 15:57:03",528.9,2,siddharthaganguly26
6827,16657871,Lucienne,"2026-08-05 03:13:59",528.9,2,yangnianan
6828,16782187,"Margo Kim","2026-08-28 19:15:18",528.8,2,margokim
6829,16702481,"Scott G","2026-08-13 15:19:02",528.7,2,verifiedscott
6830,16771283,taroyan-vamos,"2026-09-08 15:31:54",528.7,2,taroyanvamos
6831,16674504,"Arunabh Gupta","2026-08-18 11:10:33",528.7,2,"arunabhsgupt4,eggsysy"
6832,16880707,Joy_22@1,"2026-09-25 18:15:40",528.4,2,joy221
6833,16686655,"Emir Baki Demirci","2026-09-26 00:48:25",528.0,2,emirbakidemirci
6834,16632510,shi_koyo,"2026-08-04 08:58:56",528.0,2,shikoyo
6835,16658718,"Duong Bao Duy","2026-09-15 13:31:45",528.0,2,duongbaoduy
6836,16887280,"ronger zhu","2026-09-17 04:03:22",527.8,2,rongerzhu
6837,16670544,"William Rients","2026-08-06 00:01:02",527.8,2,williamrients
6838,16841589,加藤正樹,"2026-09-06 01:59:11",527.8,2,masaki9920
6839,16680297,"Ajay Singh","2026-08-08 04:33:24",527.7,2,ajaysinghg
6840,16825999,"Atsushi Yoshikawa","2026-09-07 02:06:13",527.6,2,atsushiyoshikawa
6841,16841858,"Aadit Agrawal","2026-09-08 07:23:56",527.1,2,aaditagrawal
6842,16787010,"Samir Patel","2026-09-04 02:59:28",526.8,2,mesamirpatel
6843,16741766,lrik00,"2026-09-15 13:27:32",526.8,2,lrik00
6844,16658779,"Richard G Atkinson","2026-08-05 00:29:59",526.7,2,richardgatkinson
6845,16877886,"Mohamed el.harery","2026-09-16 00:51:49",526.7,2,mohamedelharery
6846,16658775,"Vincent Pan","2026-08-29 12:55:20",526.7,2,"judithhong,vincentpan2005"
6847,16712902,"Ethan Benjamin Cole","2026-08-13 12:19:26",526.6,2,ethanbenjamincole
6848,16811603,hundun,"2026-09-04 09:48:18",526.5,2,zhongh4oyang
6849,16844385,"Michael Leo Tan","2026-09-08 02:56:03",526.4,2,michaelleotan
6850,16660419,"Kai-Shih Chiu","2026-08-06 12:54:22",526.3,2,kaishihchiu
6851,16718565,Frankyface,"2026-08-13 18:54:37",526.3,1,frankyface
6852,16669396,Fleo98,"2026-08-10 15:43:34",526.1,2,fleo98
6853,16928039,"Hideki Fujiwara","2026-09-27 22:06:38",526.1,2,hidekifujiwara
6854,16731009,"Joseph Paris","2026-08-24 05:32:21",525.9,2,josephkparis
6855,16890221,"Kalebu Makombe","2026-09-14 10:07:31",525.9,2,kalebuomakombe
6856,16690736,omarkami007,"2026-08-11 18:40:45",525.8,2,omarkami007
6857,16843633,"Arbnor Grubi","2026-09-13 02:32:30",525.7,2,protocool
6858,16726839,syunsuke,"2026-08-21 23:12:13",525.5,2,syunsuke1024
6859,16706413,"Song Research","2026-08-18 00:39:36",525.5,2,sangbong91
6860,16742172,"Felisitas Mellania","2026-09-11 06:39:04",525.5,2,felisitasmellania
6861,16660364,dadandsats,"2026-08-14 11:41:04",525.5,2,continuingdev
6862,16658106,"Devam juthani","2026-08-05 08:18:14",525.3,2,devamjuthani
6863,16728195,"6 GOD","2026-08-21 15:50:28",525.2,2,tertospacko
6864,16658477,"chathura prasadh9817","2026-08-06 07:18:04",525.1,2,chathuraprasadh9817
6865,16915490,"Rounak Mukherjee","2026-09-30 15:08:40",524.9,2,zade799
6866,16702359,"Ethan Pl","2026-08-11 19:43:21",524.8,2,ethanpl
6867,16806260,"Kotaro Furuno","2026-09-03 14:36:00",524.6,2,kotarofuruno
6868,16937883,Philip,"2026-09-21 21:27:47",524.6,2,timmi22194
6869,16660138,"Sanchit Handa","2026-09-12 18:45:23",524.5,2,"harmanjotsingh8,sanchithanda182006"
6870,16885124,"LABHESH YAWALKAR","2026-09-30 12:05:02",524.5,2,labheshyawalkar
6871,16929796,"Emre Balsar","2026-09-20 11:03:09",524.3,2,emrebalasar
6872,16769793,"Shivam Batra","2026-08-26 14:21:49",524.3,2,shivam744
6873,16743815,"Asanka Pradeep","2026-08-23 14:32:46",524.3,2,asanakapr
6874,16837934,"Osman ILICA","2026-09-09 02:30:19",524.3,2,osmanilica
6875,16794797,zzzyan10,"2026-09-21 02:45:51",524.2,2,zzzyan10
6876,16738923,Quantum,"2026-08-29 01:40:45",524.2,2,jawadxhassan
6877,16827864,"Tùng Dương Bùi","2026-09-04 14:31:54",524.1,2,tdbui1209
6878,16655527,"Saurabh Kumar","2026-08-06 08:14:52",524.1,2,sk25oct
6879,16621407,Kh0a,"2026-09-15 06:55:26",524.0,2,llkh0a
6880,16731996,Chloe,"2026-08-18 02:58:05",524.0,2,chenchloehaimo
6881,16750751,AarizKh,"2026-09-09 16:28:15",523.7,2,aarizkh
6882,16924174,"Brijesh Sankhavara","2026-09-19 07:12:58",523.7,1,brijeshsankhavara1
6883,16676259,Th_Gbay,"2026-08-19 20:42:35",523.6,2,thgbay
6884,16865454,"Zhihuan Xue","2026-09-16 11:16:53",523.6,2,xuantianfengwu
6885,16762994,AdvancedRising,"2026-09-13 14:54:28",523.5,2,advancedrising
6886,16634316,"Cao Tùng Lâm","2026-09-01 07:16:08",523.4,2,liamislazy
6887,16826099,"Aykut Çağlar","2026-09-15 16:08:32",523.3,2,aykutcaglar
6888,16756388,"Sam Scott","2026-08-22 22:04:06",523.1,2,shepard5
6889,16793680,prajval_p,"2026-09-01 01:03:39",523.1,2,prajvalp
6890,16863952,"Kuei-Hsien Chu","2026-09-10 06:14:39",523.1,2,formosa21
6891,16890133,Adsterr,"2026-09-19 07:58:59",523.1,2,adsterr
6892,16759246,wangfeifei_si,"2026-08-26 14:27:19",523.0,2,wangfeifeisi
6893,16681509,"Kethan Sai","2026-09-18 09:53:32",522.9,2,kethansaikoneru
6894,16649339,"华东 朱","2026-09-30 00:33:10",522.9,2,mgdbzny
6895,16892008,#FeedThePuffer,"2026-09-21 02:24:32",522.9,2,"andrdalbosco,gabmaury"
6896,16687448,"Israel Burns","2026-08-12 08:41:38",522.9,2,israelburns
6897,16680108,dentalsoup,"2026-08-07 09:03:47",522.9,2,afinemonkey
6898,16889017,Bigwh3el,"2026-09-23 20:52:54",522.9,2,bigwh3el
6899,16704589,"Lobato MBA IA Big Data","2026-09-30 01:11:44",522.6,2,lobatombaiabigdata
6900,16732003,"HAO jia liu","2026-08-18 09:58:05",522.6,2,haojialiu
6901,16735517,"Philipp k-s","2026-09-13 19:12:05",522.5,2,philippkeussenstrau
6902,16762010,"Ivan Piaternev","2026-09-29 14:40:21",522.5,2,iamvanya
6903,16915731,INF2_josallo4_anpego3,"2026-09-20 16:30:53",522.5,2,josepsalvador
6904,16783050,"Charles Chen","2026-09-29 16:02:31",522.5,2,charles2580
6905,16844334,lsnm,"2026-09-07 15:02:17",522.5,2,eliasnema
6906,16756858,"Rushi A.","2026-08-23 18:54:03",522.4,2,rushia
6907,16721877,SuzukiTakumi,"2026-09-28 18:46:15",522.4,2,suzukitakumi
6908,16665622,one,"2026-08-11 04:10:11",522.4,2,richardsplayground
6909,16659309,irisV11,"2026-08-18 05:23:01",522.3,2,irisv11
6910,16658738,Aman,"2026-08-05 11:12:10",522.3,2,amank95amank95
6911,16654943,"Alexis Selorm Gbeckor - Kove","2026-08-10 11:44:58",522.3,2,advancedbeginner
6912,16853582,"Qiao Ke","2026-09-09 09:44:44",522.2,1,bridgekk
6913,16740534,"Gao Wenjiang","2026-09-02 09:48:37",522.2,2,gaowenjiang
6914,16897043,"Suyog Dahal","2026-09-26 15:45:17",522.2,2,uzumakidahal
6915,16677231,"Ahmed Bootaan","2026-08-06 18:08:52",522.1,2,ahmedbootaan
6916,16780513,"Hugo JOBÉ","2026-08-27 20:51:09",522.0,2,hugojob
6917,16673034,"Milos Vlainic","2026-09-29 09:02:04",522.0,2,wlakinsson
6918,16744239,"Diogo Gomes ","2026-08-25 09:39:28",522.0,2,diogogomes
6919,16635377,het2554,"2026-09-13 07:55:05",521.7,2,crazy2554
6920,16670596,prabalsingh_23,"2026-08-26 02:33:14",521.7,2,prabalsingh23
6921,16770674,"Arpit Jain","2026-09-02 11:44:36",521.7,2,arpitjain5
6922,16666597,Ramkumar4240,"2026-08-10 12:19:20",521.6,2,ramkumar4240
6923,16760226,"Erich Hofstötter","2026-08-24 15:49:06",521.6,2,erichhofsttter
6924,16729157,HahaTaco,"2026-09-12 17:33:16",521.6,2,hahataco
6925,16926556,Fufig,"2026-09-20 17:31:56",521.5,2,yafufig
6926,16668175,el_dedalus,"2026-08-06 14:48:01",521.2,2,eldedalus
6927,16846845,Shunsuke,"2026-09-07 15:25:38",521.1,2,shunsukeisono
6928,16669545,"Rishabh Gupta","2026-08-06 18:19:04",520.9,2,rishabhguptajs
6929,16747345,"Alex #3","2026-09-17 08:59:07",520.7,2,alexb99
6930,16730740,"claude opus5🏆","2026-08-19 09:58:24",520.7,2,yinpinggao
6931,16674841,"Syna Bedi","2026-08-15 09:57:28",520.6,2,synabedi
6932,16719172,"Victor Carriço","2026-08-24 03:35:14",520.5,2,kronossaurus
6933,16704437,babybuffalo,"2026-08-25 16:11:16",520.5,2,babybuffalo
6934,16675900,"Pranav Advani","2026-09-29 16:35:07",520.4,2,pranavadvani
6935,16692246,"Pamod Jayaneth","2026-09-08 05:13:09",520.2,2,pamodjayaneth
6936,16664731,UT,"2026-08-21 15:24:42",520.2,2,"sabapunch,wasshan"
6937,16662313,"Maximus Sambucetti","2026-08-09 15:36:46",520.2,2,maximussambucetti
6938,16729202,Sven,"2026-08-27 21:55:40",520.1,2,sventleman
6939,16670274,"dankwa wadie","2026-09-01 08:45:40",520.0,2,dankwawadie
6940,16654098,"Mohd Zaki","2026-09-30 15:08:29",519.9,2,mdzaki08
6941,16702118,"cemal özdeniz","2026-08-10 20:27:17",519.9,2,cemalzdeniz
6942,16659598,kudston,"2026-09-15 18:38:11",519.9,2,kudston
6943,16690940,NKryst,"2026-08-29 10:57:18",519.8,2,nkryst
6944,16729531,alfphafarm,"2026-08-19 19:09:48",519.8,2,vudattumaniteja
6945,16778145,TW_益民_li,"2026-09-03 12:28:49",519.7,2,liyimintw
6946,16699711,"maxscender ","2026-08-13 14:03:35",519.6,2,maxscender
6947,16667143,"Noct-Tech zombie","2026-08-06 13:46:51",519.1,2,jo3thaboss
6948,16632504,"[Deleted] c2f6c5d5-ecb1-4f92-95d7-7c9f0fd3474f","2026-07-31 16:04:32",519.1,1,ryota517
6949,16843393,"Rizki Syawaldi","2026-09-27 15:28:38",519.1,2,rizkisyawaldi
6950,16673359,hasshi7965,"2026-09-23 04:34:47",519.0,2,hasshi7965
6951,16655571,yuken,"2026-08-07 13:27:53",519.0,2,yukenai
6952,16895374,JerryWang19,"2026-09-15 08:09:57",518.9,1,jerrywang19
6953,16743001,Nikhilasree,"2026-09-03 11:33:45",518.8,2,nikhilasree2003
6954,16877016,"Jasper Wessing","2026-09-18 14:08:07",518.7,2,jasperwessing
6955,16654085,"Bill Xu","2026-09-28 04:00:49",518.6,2,billll
6956,16663437,inversion,"2026-08-04 20:44:41",518.4,1,inversion
6957,16860559,"Sara Lark","2026-09-30 01:13:05",518.3,2,saralark
6958,16669595,evanca,"2026-08-08 12:27:56",518.2,2,evanca
6959,16668022,"Lady and tech","2026-08-19 04:08:50",518.1,2,ladyandtech
6960,16667818,AjayVarma555,"2026-08-09 15:14:45",518.0,2,ajayvarma555
6961,16752665,"Dominik Toric","2026-09-14 17:20:14",518.0,2,dominiktoric
6962,16697800,DR_Mkelvo,"2026-08-09 20:42:15",517.9,1,drmkelvo
6963,16691164,"Krishna Saathwik","2026-08-13 13:50:40",517.8,2,krishnasaathwik
6964,16671648,"[Deleted] 05e6ae2c-c72f-4044-b02f-dc74277e34ab","2026-08-09 07:21:22",517.8,2,del=871ca06d8c734ede
6965,16663551,"Germinator G-1000","2026-09-18 19:25:47",517.8,2,sinkingpoint
6966,16720788,Anson,"2026-09-05 19:45:48",517.7,2,anson0496
6967,16663093,"Akul Sareen","2026-08-21 23:49:50",517.6,2,akulsareen
6968,16800950,"Mani Kanta Kalluru","2026-09-09 17:17:20",517.5,2,manikantakalluru
6969,16715495,Yashi003,"2026-08-24 04:44:40",517.5,2,yashi003
6970,16708625,"Lê Văn Pháp","2026-08-29 03:15:56",517.4,2,"linhsarah,lvnphp"
6971,16663677,"Aghazie David","2026-08-07 00:32:14",517.4,2,aghaziedavid
6972,16783367,hezhiqian,"2026-09-17 00:06:34",517.3,2,hezhiqian
6973,16667025,"Anjitha Mekkayil Anand ","2026-08-28 05:59:46",517.2,2,anjithamekkayilanand
6974,16655426,engin_zhou,"2026-08-05 15:21:18",517.2,2,enginzhou
6975,16892255,"Jegors Čemisovs","2026-09-23 21:02:44",517.1,2,fortemate
6976,16681149,Lee14k,"2026-08-19 17:00:35",516.9,2,lee14k
6977,16907148,Blooriculture,"2026-09-30 13:11:31",516.9,2,"aarnsantosgonzlez,danireyna08,fernandopardoalonso,marcobarrancomoreno"
6978,16764330,"Koral Kulacoglu","2026-08-26 04:51:33",516.7,2,koralkulacoglu
6979,16663232,"Marco Mangan","2026-09-06 21:20:24",516.7,2,masmangan
6980,16752899,"Nicolò Alberti","2026-08-23 09:16:36",516.6,2,nicolalberti
6981,16790206,"bogdan chirkov","2026-09-15 13:46:30",516.6,2,bogdannchirkovv
6982,16670651,Echare,"2026-09-28 15:49:21",516.6,2,echare
6983,16673324,Amaranta,"2026-09-21 18:08:18",516.5,2,ulyanovantonamaranta
6984,16660035,NoNamedeo,"2026-08-27 14:20:15",516.5,1,nonamedeo
6985,16631919,"Ghinwa Allaoui","2026-08-04 16:27:17",516.4,1,ghinwaallaoui
6986,16692637,"Blox Amaze","2026-08-09 09:47:42",516.2,2,bloxamaze
6987,16682076,"Igor Riegel","2026-09-02 14:49:12",516.2,2,igormriegel
6988,16773942,"Malhar Shah","2026-09-30 11:01:31",516.2,2,"malharshah2511,veervohra123"
6989,16700441,"Houssem RIAHI","2026-08-27 14:54:09",516.0,2,houssemriahi
6990,16621657,"Nikita Batuev","2026-09-22 23:14:25",516.0,2,batuevnikita
6991,16726873,@F,"2026-08-16 01:43:22",515.9,1,atefbouzid
6992,16675585,"Jacob Joy","2026-08-11 12:13:06",515.8,2,jac0b1
6993,16844670,"Zheng haoling","2026-09-07 04:22:40",515.8,2,zhenghaoling
6994,16671364,"Mike Riggs","2026-08-09 03:22:55",515.8,2,riggsasi
6995,16668817,"Sean ODonnell","2026-08-08 03:27:47",515.8,2,sjean11
6996,16786297,isxinhe,"2026-09-19 16:25:26",515.5,2,isxinhe
6997,16740272,"Ashley Vance","2026-09-28 19:10:19",515.4,1,ashleyvance
6998,16710521,"Natpaphon Nukhunthod","2026-08-17 03:37:15",515.3,2,natpaphonnukhunthod
6999,16675264,"Alon Bar Koter","2026-08-06 16:16:43",515.3,2,alonbarkoter
7000,16722028,"Aw Ming Xuan","2026-08-16 09:24:48",515.2,2,awmingxuan
7001,16733910,davidsmith42,"2026-08-19 23:59:03",515.2,2,ananthvydianath42
7002,16709494,"Aditya Dushara","2026-09-10 22:24:55",515.0,2,adityadushara
7003,16774317,A_yuki,"2026-09-21 16:26:27",515.0,2,yukiys
7004,16740709,"Abimael Firstana #2","2026-09-11 07:19:13",514.9,2,abimaelfirstana99
7005,16661564,yang20251228,"2026-09-02 03:40:29",514.9,2,yang20251228
7006,16644508,"Vandana Pathania","2026-08-22 21:59:37",514.9,2,vandanapathania
7007,16863015,"Carlos Jaime","2026-09-24 03:14:47",514.5,2,cjaime708
7008,16946591,zahid11177700,"2026-09-25 05:38:44",514.5,1,zahid11177700
7009,16656883,KK,"2026-08-05 10:27:15",514.4,2,kkonzyb
7010,16775001,"Maarij Aqeel","2026-08-26 14:48:03",514.4,2,maarijaqeel
7011,16808641,papajams,"2026-09-28 07:06:23",514.2,2,papajams
7012,16662293,"Alejandro Fonda","2026-09-25 00:56:43",514.1,2,alejandrofonda
7013,16662875,Jimmy,"2026-09-21 04:29:42",514.0,2,jiyo4476
7014,16704569,"Lorenzo Grattarola","2026-08-16 22:24:15",513.9,2,lorenzograttarola
7015,16811259,"Aaryan Agarwal","2026-09-03 20:21:00",513.8,1,aaryanagarwal
7016,16665046,"Srish Jana","2026-08-06 18:12:59",513.8,2,srishjana
7017,16688220,Aadi,"2026-08-24 23:10:37",513.8,2,aadicv
7018,16743438,嘎嘎滴辣晒,"2026-08-24 09:30:32",513.7,2,yuhangzhang0621
7019,16697730,JCN2365,"2026-08-13 18:06:35",513.7,2,jcn2365
7020,16692995,RafaMartinaitis,"2026-08-22 11:50:10",513.7,2,rafaelmartinaitis
7021,16714592,"Carey Casile","2026-08-14 18:34:16",513.7,2,ccasile
7022,16717742,"Ghawwjsb Vsjsjsbs","2026-08-13 22:32:49",513.5,2,ghawwjsbvsjsjsbs
7023,16723070,"Michael Fotopoulos","2026-09-30 14:48:40",513.5,1,michaelfotopoulos
7024,16849108,raypratik,"2026-09-25 10:19:40",513.5,2,raypratik
7025,16892437,chukbert,"2026-09-26 06:29:07",513.4,2,chukbert
7026,16722366,"Aki Lit","2026-08-14 23:24:20",513.3,2,akilit
7027,16676155,"Adam Carnaffan","2026-08-07 16:48:03",513.1,2,adamcarnaffan
7028,16640845,"tang yangzhou","2026-08-04 21:36:09",513.0,1,tangyangzhou
7029,16726052,"Peter Mugoya","2026-09-28 04:50:06",513.0,2,petermugoya
7030,16656792,"Gnanaprakash R","2026-08-28 15:05:38",513.0,2,gnanaprakashr
7031,16635145,"Isaac Menard","2026-08-05 21:11:36",513.0,2,isaacmenard
7032,16679671,Ash0666,"2026-08-09 19:28:52",512.8,2,ash0666
7033,16659181,Hongjie04,"2026-08-05 04:07:04",512.8,2,hongjie04
7034,16855052,pk954061458,"2026-09-14 10:37:54",512.7,2,pk954061458
7035,16871722,agenlu,"2026-09-30 07:56:12",512.7,2,agenlu
7036,16710512,FishWotou,"2026-08-19 04:45:40",512.5,2,fishwotou
7037,16756131,"Emre Atilgan","2026-08-24 20:20:06",512.4,2,emreatilgan
7038,16724904,"Carlos Eduardo De Paula Arantes","2026-08-15 15:48:43",512.4,2,carloseduardo1753
7039,16794491,"Sushant Pargaonkar","2026-09-02 02:59:45",512.2,2,sushantpargaonkar
7040,16669408,"Josaphat Adjele","2026-08-31 17:26:56",512.1,2,josaphatadjele
7041,16861492,Adi_271,"2026-09-10 09:47:25",512.0,2,adi271
7042,16764600,"Tanmay Shingavi","2026-09-03 05:43:57",512.0,2,decodingafterlife
7043,16703129,"Pratik Vadher","2026-08-10 21:08:27",512.0,1,pratikvadher
7044,16679364,VicD,"2026-08-14 20:16:52",511.9,2,durandv
7045,16664143,"Lucas Henrique Mateo","2026-08-21 19:10:52",511.9,2,lucashmateo
7046,16630773,"An Hoang Vo","2026-09-05 14:49:25",511.9,2,anhoangvo
7047,16658074,"Qui Ngx","2026-08-05 05:57:15",511.8,2,quingx
7048,16736636,torch,"2026-08-18 10:35:29",511.6,2,rhtsingh
7049,16669397,"Abed Kibbe","2026-09-13 06:09:10",511.5,2,abedkibbe
7050,16658820,"Jonathan Ashenaf1","2026-08-11 16:59:20",511.5,2,jonathanashenaf1
7051,16669028,"Atishay Kasliwal","2026-08-11 17:54:59",511.1,2,atishaykasliwal
7052,16798918,"Toan Nguyen Mau","2026-09-07 08:39:35",510.8,2,toannguyenmau
7053,16667794,knadithyavr,"2026-08-13 12:24:05",510.7,2,knadithyavr
7054,16696163,"Romain Durand","2026-08-17 19:00:46",510.7,2,romaindurand1607
7055,16696526,"Reda HEDDAD","2026-09-05 21:17:22",510.5,2,redaheddad
7056,16717817,"Nick Stoddart","2026-08-14 05:15:23",510.5,2,nickstoddart
7057,16718042,"Muddassir Shah","2026-09-02 21:49:44",510.3,2,wisemanseed
7058,16840365,"Pranjal Morwal","2026-09-30 16:26:17",510.3,2,pranjalmorwal
7059,16730105,"Leonardo Palis","2026-08-17 03:35:05",510.2,2,leonardopalis
7060,16854398,"VALERIY MIKHALEV","2026-09-08 16:27:24",510.2,2,valeriymikhalev
7061,16685652,LeonDuue,"2026-09-01 06:55:54",510.0,2,leonduue
7062,16675461,mins0_0,"2026-08-30 07:50:53",510.0,2,mins00
7063,16808750,ssssying,"2026-09-30 01:53:24",509.9,2,ssssying
7064,16760190,"Florian Tigoulet","2026-08-24 12:37:14",509.9,2,floriantigoulet
7065,16658116,Emmy,"2026-09-30 12:52:23",509.8,2,emmyone
7066,16887274,Shakeel,"2026-09-14 09:55:20",509.6,2,shakeel787
7067,16731887,"hoo aam","2026-08-21 05:37:16",509.5,2,hooaam
7068,16730649,Mink,"2026-09-20 22:14:02",509.4,2,"mahendransaeyohnn,mysterious5577"
7069,16657981,"Arijit Kar","2026-08-18 11:05:52",509.4,2,demonicak
7070,16655075,"Félix Rodríguez Roble","2026-08-04 09:16:25",509.3,2,flixrodrguezroble
7071,16749038,Seuz,"2026-09-28 17:04:55",509.2,2,kohdawei
7072,16793150,Comet19,"2026-08-31 10:53:04",509.2,2,comet19
7073,16659507,"Lokesh Lalan","2026-08-26 08:51:50",509.0,2,lokeshlalan
7074,16673191,juliye,"2026-08-10 03:49:13",508.9,2,juliye
7075,16915853,popwenman,"2026-09-19 08:21:09",508.9,2,popwenman
7076,16657807,"Ragav Rida","2026-08-07 16:22:34",508.9,2,ragavrida
7077,16683918,Thuytien,"2026-08-07 17:20:33",508.7,2,thuytien200529
7078,16690152,"The Ceris","2026-08-16 11:49:31",508.6,2,amedeopachera
7079,16623112,Tians12,"2026-08-09 19:10:24",508.5,2,tiansang12
7080,16669118,"yunus yavuz","2026-08-05 21:51:21",508.5,2,yunusyvz
7081,16686149,"Luc Mantoux","2026-08-09 20:25:33",508.4,2,lucmantoux
7082,16884997,"Le Huy Tuong","2026-09-17 12:55:49",508.4,2,lehuytuong
7083,16791027,"Ryan Cheung","2026-09-07 04:46:47",508.4,2,doggychip
7084,16740646,"Darren Chung","2026-08-25 18:00:27",508.2,2,chungdarren
7085,16674599,"Luka Duvanov","2026-08-19 22:03:46",508.2,2,nekkon
7086,16660173,"PAULO HENRIQUE DE LIMA","2026-08-06 02:42:20",508.2,1,paulohenriquedelima
7087,16677360,"Jatin Chawla","2026-08-08 13:45:06",508.0,2,jatin221
7088,16661550,SeriouS_K,"2026-09-24 08:28:49",507.9,2,serious101
7089,16926699,"Juliano Batistim","2026-09-30 05:04:58",507.8,2,julianobatistim
7090,16865918,yh00722,"2026-09-14 04:52:38",507.7,2,yh00722
7091,16823519,GarciasN,"2026-09-07 18:43:18",507.7,2,garciasn
7092,16773361,"tom yi","2026-09-24 08:56:59",507.6,1,tomyi1547
7093,16631772,yuki,"2026-08-03 17:39:58",507.6,2,yururoi
7094,16682984,"Rishikesh Bharat Koli","2026-08-08 04:18:06",507.5,2,rishikeshbharatkoli
7095,16774333,"Nazim Shoikot","2026-09-03 11:20:20",507.4,2,nazimshoikot71
7096,16926574,"walid waccub","2026-09-19 22:12:00",507.4,2,walidwaccub
7097,16688646,lakranitesh,"2026-08-08 12:49:18",507.3,2,lakranitesh
7098,16845760,Alyosha85,"2026-09-07 05:42:01",507.3,2,alyosha85
7099,16664913,"ABHISHEK KUMAR","2026-08-17 04:20:56",507.2,2,abhishek6545
7100,16666371,jiten_topiwala,"2026-08-08 16:51:13",507.1,2,jitentopiwala
7101,16748774,"hakan ulucan","2026-08-25 19:19:11",507.1,2,hakanulucan
7102,16781545,"Jake Lin","2026-09-23 01:14:34",507.0,2,jakelinai
7103,16664119,FSzekut,"2026-08-07 00:03:04",506.9,2,fszekut
7104,16738640,"Tjay Burger","2026-08-18 17:35:39",506.9,2,tjayburger
7105,16875818,Mateollqw,"2026-09-12 22:08:38",506.8,2,mateollqw
7106,16661397,"T. Scharf","2026-08-05 02:54:36",506.8,2,scharf
7107,16664142,"The Studio 1","2026-08-16 23:04:06",506.8,2,landonsheatsley
7108,16664841,vohi01,"2026-09-26 06:42:32",506.7,2,vohi01
7109,16675074,ahiokk,"2026-08-07 07:58:44",506.6,2,ahiokk
7110,16664370,"Joel Arias","2026-08-06 17:29:01",506.5,1,j4rias
7111,16701795,Proshian,"2026-08-11 00:01:04",506.4,2,proshian
7112,16708230,"jose manuel Tinajero","2026-08-25 15:02:46",506.3,2,josemanueltinajero
7113,16674076,rigsutra,"2026-09-12 16:57:45",506.2,2,rigsutra
7114,16686150,"Aek KunKub","2026-08-14 05:21:43",506.1,2,aekkunkub
7115,16705183,"Tong Jiakai","2026-08-14 08:23:26",506.0,2,tongjiakai
7116,16661066,"André Kuster","2026-08-06 00:54:20",506.0,2,andrkuster
7117,16920613,"vietnam vo dich","2026-09-18 13:38:00",506.0,2,ctun12
7118,16767800,awee,"2026-09-07 19:34:52",505.8,2,aweertw
7119,16621523,"Victor Orihuel","2026-08-18 05:40:18",505.6,2,victororihuel
7120,16648589,"Yilan Zhu","2026-08-05 11:23:23",505.2,2,yilanzhu
7121,16637894,"Leonardo Domingues","2026-09-25 17:28:07",505.2,2,leonardodomingues
7122,16692450,duckypants,"2026-08-23 20:36:59",505.2,2,duckypants
7123,16693738,"Sonu Jha","2026-08-14 20:32:37",505.0,2,sonujha090
7124,16768100,Nathael,"2026-09-30 00:43:53",504.9,2,nathaeldias
7125,16652952,lackmind,"2026-09-04 18:46:11",504.8,2,lackmind
7126,16720714,"Lithole Munangiwa","2026-08-19 11:23:49",504.8,2,litholemunangiwa
7127,16673266,Preet,"2026-08-14 05:57:17",504.8,2,hpkaur34
7128,16664140,Sxwat,"2026-08-23 01:13:13",504.6,2,aybatov
7129,16777150,Eduardo2c,"2026-09-06 14:23:04",504.0,2,eduardo2c
7130,16658973,"not today","2026-08-05 05:57:14",503.9,2,cemhan44
7131,16771171,Manfucci,"2026-09-12 14:08:47",503.9,2,manfucci
7132,16753887,"Hong Tang","2026-08-24 21:41:20",503.9,1,hongtang15
7133,16655899,"Dominic Tedrow","2026-08-17 20:37:28",503.8,2,dominictedrow
7134,16669470,"ASDM HUB","2026-08-12 20:13:20",503.7,2,jesushechavarria
7135,16658031,BSam79,"2026-09-12 09:12:39",503.4,2,bsam79
7136,16905582,Movilly,"2026-09-25 15:11:36",503.4,1,movilly
7137,16659025,"Mohammed Naseef","2026-08-05 09:01:20",503.3,2,mohammednaseef
7138,16674714,"Kaaleedass Manoharan","2026-09-30 12:07:29",503.3,2,kaaleedassmanoharan
7139,16700661,"Aakash Kavuru","2026-08-12 05:13:05",503.3,2,aakashkavuru
7140,16867305,Prikat,"2026-09-30 15:56:51",503.2,2,prikat
7141,16840480,jignesh13,"2026-09-16 19:33:04",503.2,2,jignesh13
7142,16654890,"Josh Hipps","2026-08-06 14:16:49",503.1,2,joshuahipps
7143,16752153,zhao569,"2026-09-17 08:34:24",503.1,2,zhao569
7144,16738456,"Pritul Raut","2026-08-21 08:45:04",503.0,2,pritulraut
7145,16857732,bzczz123,"2026-09-17 09:52:43",503.0,2,bzczz123
7146,16664502,"Alejandro Morales","2026-08-10 01:05:59",503.0,2,langley96
7147,16670779,"Aditya Dube","2026-08-06 01:41:24",502.8,2,dubeaditya
7148,16638645,ChrisDavis,"2026-08-03 23:29:34",502.6,2,alpacas
7149,16726445,"James Patounas","2026-08-19 08:37:06",502.6,2,jamespatounas
7150,16735475,SunjaeLee02,"2026-08-19 08:12:41",502.5,2,sunjaelee02
7151,16683309,"Zealous Sebastian","2026-08-09 12:45:32",502.4,2,zealoussebastian
7152,16762881,Yuki0x80,"2026-09-22 14:30:53",502.2,2,saiyuki1919
7153,16630903,"Hrushikesh Pawar","2026-08-09 14:44:37",502.1,2,hrushikeshpawar
7154,16762831,026,"2026-09-07 00:58:19",502.1,2,thahaarsh
7155,16666328,"Dornus !","2026-08-05 21:53:19",501.9,2,dornus
7156,16767754,"Dr. T","2026-09-23 06:55:54",501.9,2,davinor
7157,16678633,"Tanishq Tayade","2026-09-14 21:39:04",501.9,2,tanishqtayade
7158,16688366,yokoikazumasa,"2026-08-08 19:25:58",501.8,1,yokoikazumasa
7159,16806084,"DSDgsdgs SDgsdfgs","2026-09-03 05:19:11",501.8,1,dsdgsdgssdgsdfgs
7160,16729152,Antoine,"2026-08-17 10:12:04",501.7,2,a11t01n3
7161,16632118,nk,"2026-09-11 09:55:01",501.5,2,nagatakengo
7162,16947220,"Wincent Zhang","2026-09-27 16:01:09",501.4,2,wincentzhang
7163,16632253,nasuuuuun,"2026-08-04 13:30:11",501.3,2,hikarumatsuzaki
7164,16889005,Dino,"2026-09-23 08:43:11",501.3,2,ngohongthai
7165,16818405,MickyDot,"2026-09-08 08:16:06",501.2,2,mickydot
7166,16664348,"Rocket Zech","2026-08-29 08:23:04",500.9,2,isaactunglaw
7167,16799485,"Bartholomew Jordan","2026-09-19 09:48:21",500.6,2,bartholomewjordan
7168,16858529,TUdo,"2026-09-30 01:55:25",500.5,2,ericjianfengzhang
7169,16664750,"shubham kumar","2026-09-13 16:24:23",500.3,2,shubzk17
7170,16761751,KrishnaKumar_AIML,"2026-09-02 14:38:24",500.2,2,krishnakumarcsr
7171,16793889,zhzz,"2026-09-01 11:28:52",500.2,2,ucsdzhengzeng
7172,16677585,Pan,"2026-08-07 13:54:22",500.0,2,mehdiacho
7173,16662060,"Richard Valino","2026-08-06 16:03:36",500.0,2,richardvalino
7174,16661858,"Lukas Lee e","2026-08-18 00:58:12",500.0,2,lukasleee
7175,16621354,pengshy,"2026-08-06 04:54:01",500.0,2,dm15336142
7176,16731635,懒惰的金枪鱼,"2026-09-23 06:45:21",500.0,2,jiaclv
7177,16672463,"Muzammil Baloch","2026-08-07 12:45:39",499.8,2,muzammilbaloch
7178,16664605,"Nathaniel Shou","2026-08-05 17:51:47",499.7,2,nathanielshou
7179,16730749,"Đông Hà","2026-09-23 10:43:32",499.3,2,phapsucongu
7180,16765031,"Allen JL Li","2026-08-27 06:12:23",499.3,2,allenjlli
7181,16659645,Drakus_Julia,"2026-08-09 02:15:20",499.1,2,drakus74
7182,16712921,"Come Back","2026-08-20 00:45:45",499.0,2,amirhosseinltf
7183,16660850,"Khoa Le","2026-08-05 13:23:55",498.6,2,bryanle2025
7184,16660214,ytddsyt1214,"2026-08-09 12:32:06",498.6,2,ytddsyt1214
7185,16663864,RamónLópez,"2026-09-25 21:45:37",498.3,2,lopeznomar
7186,16740894,BetOnMe,"2026-08-19 14:40:02",497.7,2,betonme
7187,16786461,"Caleb Bredlow","2026-09-07 04:17:50",497.7,2,calebbredlow
7188,16832891,"Kana Kuroyanagi","2026-09-23 05:10:12",497.6,2,kanakuroyanagi
7189,16666614,"Arjun Annamalai","2026-08-18 09:23:28",497.5,2,arjunannamalai
7190,16845148,"nasa Furiy","2026-09-07 08:24:40",497.5,2,nasafuriy
7191,16659813,"Uday Kumar R","2026-08-13 09:47:39",497.3,2,udaykumarramineni
7192,16662643,Mohit_Singh,"2026-09-26 06:30:36",497.2,2,mohitsingh955
7193,16666988,"Sarthak Vedant Mohanty","2026-08-08 00:10:11",497.1,2,sarthakvedantmohanty
7194,16862188,KJ007123,"2026-09-10 07:02:20",497.0,2,kj007123
7195,16711760,"Shubham Penkar","2026-09-30 09:07:08",496.9,2,shubhampenkar
7196,16713033,Contact-Nade,"2026-09-10 07:44:18",496.8,2,"masanammedha,rayofc"
7197,16672657,"Lochan Naik","2026-08-07 08:41:44",496.8,2,lochannaik
7198,16784966,oouiaa,"2026-09-03 21:53:59",496.7,2,tomofumihata
7199,16795284,"Kostas Tsolis","2026-09-14 09:14:56",496.6,2,tkostas
7200,16687330,"Mehmet Ensar Çetin","2026-09-20 07:45:48",496.4,2,mehmetensaretin
7201,16947207,"Ayush Khandwe","2026-09-24 07:37:55",496.3,2,ayushkhandwe
7202,16857823,"Hà Công Nga ","2026-09-10 02:49:42",496.3,2,hcngnga
7203,16731013,"Abimael Firstana","2026-09-11 06:55:02",496.3,2,abimaelfirstana
7204,16722252,pwdh2026,"2026-08-14 22:16:22",496.2,2,pwdh2026
7205,16726854,"Tâm La Thành","2026-08-27 08:55:02",496.0,2,tmlathnh
7206,16731729,"Sumit Bopche","2026-08-21 15:53:56",496.0,2,sumitbopche
7207,16872190,"Zephyr Pong","2026-09-11 11:07:15",495.9,2,zephyrpong
7208,16661934,"Viacheslav Kasatkin","2026-08-10 10:48:25",495.9,2,viacheslavkasatkin
7209,16693522,shadycoderalltime,"2026-09-21 00:01:59",495.8,2,shadycoderalltime
7210,16676663,"This cat is called Fumi","2026-08-11 18:21:43",495.7,2,qwer556617123
7211,16715711,"Shawon Biswas","2026-08-19 10:42:24",495.6,2,shawonbiswas11
7212,16658327,pocari1,"2026-08-19 07:17:28",495.6,2,pocari1
7213,16654970,"Maycon Coutinho","2026-08-27 21:28:32",495.5,2,coutinhomaycon
7214,16867745,"Carlos Uño Magne","2026-09-13 15:09:49",495.2,2,carlosuomagne
7215,16735251,AlviH47,"2026-08-19 14:25:48",495.2,2,alvih47
7216,16658160,yunquer,"2026-08-17 07:18:53",495.2,2,yunquer
7217,16691807,lbs-vadar,"2026-08-26 18:29:57",495.1,2,lbsvadar
7218,16657400,indrapurnama,"2026-08-08 05:42:05",494.7,2,indr0008
7219,16632100,"Mohit Shirke","2026-08-07 17:55:11",494.5,2,orcivion
7220,16707159,"Toua Innocent TIA","2026-08-17 16:28:36",494.4,2,centino
7221,16661443,"STEPHEN ASANTE OPOKU","2026-08-04 16:45:41",494.4,1,stephenasanteopoku
7222,16666249,Kawa_pt,"2026-09-08 22:24:25",494.3,2,kawapt
7223,16661507,Siddharth1984,"2026-08-06 13:39:22",494.3,2,siddharth1984
7224,16685618,"Krupa Vardhan","2026-08-28 09:24:21",494.3,2,krupavardhan
7225,16662057,DeokJin,"2026-08-05 04:01:38",494.3,2,deokjin
7226,16676320,"Khôi Trần","2026-08-29 14:14:57",494.1,2,khoitrn
7227,16696020,"Hugo Voisin","2026-08-11 16:08:06",494.0,2,hugovoisin
7228,16724395,"Hampton Yeh","2026-08-22 04:07:32",493.9,2,hamptonyeh
7229,16709522,"Sanjay Dilip","2026-09-23 23:11:27",493.9,2,sanjaydilip
7230,16666055,Axit,"2026-08-06 10:16:15",493.8,2,axitslab
7231,16662751,ZeD,"2026-08-06 10:11:24",493.5,2,hussamcheema
7232,16757407,"Dylan Bailes","2026-08-26 07:11:56",493.2,2,dylanbailes
7233,16660119,"Dhruva Das","2026-08-05 17:05:52",493.2,2,dhruva77
7234,16698292,"Dallas Manning","2026-08-17 14:29:53",493.0,2,dallasmanning
7235,16651167,ArmanVardanyan07,"2026-08-03 22:43:13",493.0,2,armanvardanyan07
7236,16718338,"Oladimeji Adeyemi","2026-08-17 15:33:50",493.0,2,adeyemioladimeji
7237,16661432,"Ange Adantchede","2026-09-28 09:00:05",492.8,2,angeadantchede
7238,16676928,"Bernardo Carvalho","2026-09-30 14:26:51",492.7,1,bernarcarv1975
7239,16727961,"Ebenezer Olumeyan","2026-08-22 15:54:00",492.6,2,eolumeyan
7240,16745065,MrEvidentYew,"2026-08-24 18:36:02",492.6,2,mrevidentyew
7241,16888000,Akhilesh,"2026-09-19 00:03:29",492.6,2,akhilkas
7242,16641009,"Marius Kirschner","2026-08-03 08:41:47",492.6,2,mariuskirschner
7243,16685800,"Sumit Ridhal","2026-09-05 11:44:15",492.4,2,sumitridhal
7244,16634790,"Steven Lui","2026-08-03 12:22:08",492.3,2,stevenlui
7245,16661832,"Roberto Garcia","2026-08-08 15:09:39",492.1,2,robertogarciada
7246,16914771,"Moritz Schobesberger","2026-09-17 15:21:34",492.1,2,moritzschobesberger
7247,16656913,"Inna Davidov","2026-08-20 04:43:47",492.1,2,innadav
7248,16926609,SunriseL,"2026-09-20 07:56:01",492.0,2,sunrisel
7249,16691007,"Nhật Khoa Phạm","2026-08-14 16:15:43",491.9,2,pnk123456
7250,16641622,datajanko,"2026-08-22 07:40:54",491.8,2,jankoch
7251,16871854,"Tanvi Parsam","2026-09-13 16:07:41",491.8,2,tanviparsam
7252,16717716,"Диас Издибаев","2026-08-15 05:32:14",491.8,2,diasiz1
7253,16649077,"Yifan Yang 135","2026-08-11 06:22:40",491.7,2,yifanyang135
7254,16657401,korpo,"2026-08-25 20:18:13",491.4,2,krisko
7255,16685582,Wasaanyi,"2026-08-18 09:21:30",491.4,2,"cnakakeeto,wasaanyi"
7256,16687538,aefinityaiinc,"2026-08-27 20:59:35",491.3,2,aefinityaiinc
7257,16662201,"Saumitra Verma","2026-08-04 18:28:36",491.2,2,saumitraverma
7258,16795624,"Shashwat Khare","2026-09-02 01:46:54",491.1,2,shshwtkhr
7259,16743282,"Srivishnu Charan","2026-09-03 14:06:54",491.1,2,srivishnucharan
7260,16779813,zitihc,"2026-08-29 14:18:49",491.1,2,zitihc
7261,16654596,"khusham sheth","2026-08-13 05:28:55",491.0,2,khushamsheth
7262,16825996,"Alex Li","2026-09-04 08:02:19",491.0,2,alexli1998
7263,16720760,ysteh05,"2026-08-15 05:14:53",490.9,2,ysteh05
7264,16783713,Gale,"2026-09-05 02:29:43",490.8,2,na1vel
7265,16685349,Onelux,"2026-08-13 12:58:31",490.8,2,leehomhuang
7266,16709885,"Manuel Pérez","2026-08-14 01:54:02",490.8,2,manuelperezzz
7267,16780592,sergey,"2026-08-27 19:09:25",490.8,2,sadsdfsdf
7268,16697346,"sayyid mogaka","2026-08-10 21:37:36",490.8,2,sayyidmogaka
7269,16881665,"Negar Hassantabar","2026-09-30 11:55:58",490.7,2,negarhassantabar
7270,16656871,"Pedro Henrique","2026-08-07 03:37:29",490.7,2,pedrohets
7271,16770096,Program,"2026-09-30 16:19:38",490.6,2,panagiotapanora
7272,16728137,mchicen,"2026-08-20 16:48:10",490.5,2,"iyaiji,mchicen"
7273,16885591,Orange,"2026-09-13 11:30:58",490.3,2,orangecoppers
7274,16927406,wmar,"2026-09-28 04:19:34",490.3,2,wmar38334
7275,16668612,"raffael prem","2026-08-06 08:02:13",490.3,2,raffaelprem
7276,16661596,t@got@go,"2026-08-10 06:24:24",490.2,2,kamdaanahessod
7277,16655424,Fayche,"2026-08-10 16:50:28",490.1,2,fayche
7278,16657674,Warriors,"2026-08-29 14:12:29",490.0,2,"karthikreddykarri,kovvurisaimohanreddy,vikramadityaabhiram"
7279,16868761,TboneBrown,"2026-09-11 17:14:42",490.0,2,tbonebrown
7280,16876700,"Omar Mukhtar","2026-09-18 10:05:32",489.9,2,omarmukhtar3
7281,16833476,"Richard Pagan","2026-09-05 03:01:54",489.8,1,richardpagan
7282,16700484,白井孝太郎,"2026-08-15 01:08:02",489.4,2,kotaroshirai
7283,16678644,"Kanik Aggarwal","2026-08-13 19:01:16",489.3,2,roronoazoro200
7284,16857013,Dote,"2026-09-29 01:38:46",489.3,2,"shriramgunasekar,valid22"
7285,16664706,olivbhxf,"2026-08-06 07:10:34",489.3,2,olivbhxf
7286,16798775,Lissabon,"2026-09-07 03:36:41",489.2,2,lissabon
7287,16829729,NoobMaster69,"2026-09-06 09:12:58",489.2,2,thelegend007
7288,16804924,"Kevin L.","2026-09-09 07:04:46",489.1,2,zorgis
7289,16802663,ipefix,"2026-09-01 17:34:35",489.0,2,nmsis91
7290,16735702,opflare,"2026-09-04 23:47:49",489.0,2,opflare1144user
7291,16705363,"Matt Hall","2026-08-16 01:44:32",489.0,2,matthall0
7292,16674540,"Pratik Priyanshu","2026-08-07 18:28:12",488.9,2,pratikpriyanshu5
7293,16895340,Prakhareshwar,"2026-09-22 15:22:36",488.8,2,prakharpathak12
7294,16760352,"Romain Bomba","2026-08-24 01:27:23",488.6,2,romainbomba
7295,16769648,"Alok Kumar","2026-08-28 18:04:50",488.6,2,shadowserpent
7296,16661950,moonmelonpizza,"2026-08-09 12:25:23",488.5,2,moonmelonpizza
7297,16768456,清水一希,"2026-09-30 16:08:35",488.4,2,kazukishimizu0427
7298,16660360,"Joey Gonzales","2026-08-05 00:00:47",488.4,2,joeygonzales
7299,16623316,"Ondrew Zudin","2026-08-06 23:08:41",488.1,2,ondrewzudin
7300,16786450,fujii,"2026-09-15 14:01:51",488.0,2,kojisoemi
7301,16688383,plong2101,"2026-08-18 06:21:34",488.0,2,plong2101
7302,16693033,AgriBot,"2026-08-13 23:53:10",488.0,2,prcieuxcomlan
7303,16752191,"Wenxuan Ye","2026-09-04 07:10:28",487.9,2,akomwins
7304,16810343,"Aleksandr Borodin","2026-09-02 20:29:06",487.9,2,aleksandrbor
7305,16814952,"Ngọc Huyền","2026-09-29 12:05:44",487.6,2,ngchuynss
7306,16669699,nikesh23,"2026-08-08 01:52:56",487.6,2,nikesh23
7307,16678602,"hassan manour","2026-08-07 12:52:23",487.5,1,hassanmanour
7308,16914880,"Mohammed Afreed Pasha","2026-09-30 13:33:43",487.5,2,mohammedafreedpasha
7309,16687604,Harrislrobinson,"2026-08-11 00:25:10",487.5,2,harrislrobinson
7310,16774134,kokdonbaq,"2026-08-30 14:07:52",487.3,2,darkhan14
7311,16906032,Volkan,"2026-09-22 08:59:20",487.2,2,volkan97
7312,16679096,WilliamXylean,"2026-09-28 18:03:32",487.2,2,williamxylean
7313,16662043,"Hengcong Zhu","2026-08-05 14:46:24",486.9,2,hengcongzhu
7314,16773402,齐乐,"2026-09-27 12:56:09",486.9,2,qile200107
7315,16660361,"Abhishek Sharma","2026-09-26 16:41:40",486.8,2,abhisheksharma425
7316,16891695,yuruihito,"2026-09-16 14:04:22",486.7,2,yuruihito
7317,16896566,Bleriot11,"2026-09-15 15:08:27",486.6,2,bleriot11
7318,16672333,"Giovanny Rodríguez","2026-09-17 16:32:24",486.5,2,giovannyrodrguez
7319,16899234,vimes1984,"2026-09-17 01:19:19",486.5,2,vimes1984
7320,16755101,"Thomas van der Meer","2026-08-26 11:19:19",486.4,2,tvdermeer
7321,16925216,krigga,"2026-09-21 09:35:00",486.3,2,krigga
7322,16870372,ALİHAKANÜNAL,"2026-09-23 14:59:55",486.2,1,needdata123456
7323,16886832,"Ayush Patel","2026-09-13 16:25:18",486.1,2,ayushpatel02
7324,16665281,"[Deleted] 899172b8-e148-4564-ba8c-c46356105ab8","2026-08-05 09:55:11",486.1,2,del=cd7e9a4014b872ef
7325,16656573,"Ashiq Firoz","2026-08-17 18:20:11",486.0,2,ashiqfiroz
7326,16664652,QuasarHeart,"2026-09-04 14:00:05",485.9,2,quasarheart
7327,16709487,Kohei,"2026-08-19 20:54:42",485.9,2,kshintani
7328,16680562,devsloppy,"2026-08-10 20:02:19",485.8,2,twu1738
7329,16798074,"Akkapop Prasompon","2026-09-09 12:17:36",485.8,2,akkapopprasompon
7330,16635481,Jamaisvu,"2026-08-20 15:39:29",485.7,2,jamaisvu
7331,16725938,"Ben Cheng","2026-09-05 16:03:36",485.7,2,benczb
7332,16922976,kotemendo,"2026-09-20 00:43:54",485.6,2,kotemendo
7333,16918629,humblegod,"2026-09-20 19:49:23",485.5,1,sophatodom
7334,16756987,"Joseph Paggeot","2026-08-24 04:32:57",485.4,2,josephpaggeot
7335,16789996,"Chen Jiaqi","2026-09-02 15:48:25",485.3,2,elaemchen
7336,16765380,jslee_homeofson,"2026-08-25 13:10:22",485.3,2,jsleehomeofson
7337,16663777,"Mortis Beans","2026-08-24 05:27:44",485.2,2,mortisbeans
7338,16660089,ChristosGrigoras,"2026-08-07 22:41:49",485.0,2,cgrigoras
7339,16665257,"Ken Li","2026-08-09 12:59:32",484.8,2,kenliwt
7340,16645446,gogo98415,"2026-08-29 06:04:15",484.4,2,gogo98415
7341,16711812,"zhan renyi","2026-08-31 05:24:39",484.3,2,zhanrenyi
7342,16904318,"wofi poria","2026-09-18 01:33:18",484.3,2,wofiporia
7343,16843921,Ruijiehe1213,"2026-09-13 03:40:30",484.2,2,ruijiehe1213
7344,16726913,"T T‗Worker","2026-08-22 11:08:14",484.2,2,ttworker
7345,16693207,"Vamshi Guntupalli","2026-08-11 22:40:36",484.2,2,vamshiguntupalli
7346,16749371,"Renisa Assyifa Putri","2026-08-21 05:24:07",483.8,1,renisaassyifaputri
7347,16661927,JHCodeQuest,"2026-08-25 11:36:46",483.7,2,josephkhassan
7348,16756561,"Eren Tekin","2026-09-14 23:41:50",483.4,2,erennntkn
7349,16848498,KeiroS,"2026-09-11 07:59:01",483.4,2,keiros
7350,16925815,"[Deleted] c3923c6e-1011-4da1-9c40-584a2fcbcc36","2026-09-20 01:04:14",483.3,1,del=0e85502e1e45d7da
7351,16717601,"Mariem Fersi","2026-08-24 23:22:14",483.2,2,"mariemfersi,yassinebrahem2"
7352,16941927,想想偶像怎么做,"2026-09-24 08:47:33",483.1,2,fjt12138
7353,16640077,larry54321zhao,"2026-09-09 08:48:32",483.1,2,larry54321zhao
7354,16691271,"Ashler Herrick","2026-08-09 14:54:33",483.0,1,ashlerjohnherrick
7355,16658627,"Osman Can ÇETLENBİK","2026-08-05 15:25:30",483.0,2,osmancancet
7356,16939706,"Priyanshu Patel","2026-09-22 17:54:24",482.7,2,"abuzarkhan99,priyanshupatel007"
7357,16629002,Alpro,"2026-09-08 23:32:24",482.4,2,"dogaakal,egekemalkaraca"
7358,16733745,sokilya,"2026-09-30 05:49:38",482.3,2,sokilya
7359,16740248,KK_nut,"2026-08-25 03:26:52",482.2,2,k0k0nut
7360,16668324,"Alden Jenish S","2026-08-06 14:02:09",482.1,2,aldenjenishs
7361,16655072,Sonuaswar1,"2026-08-04 07:33:47",481.9,2,sonuaswar1
7362,16687293,"Aurelie Jodelle Kemme","2026-08-20 00:25:43",481.7,2,"audreydemafo,aureliejodellekemme"
7363,16932020,Syedxd,"2026-09-24 12:53:04",481.5,2,syedxd
7364,16886765,LZWang,"2026-09-13 22:00:47",481.4,2,wlzwlz
7365,16880843,"Triều Đinh Hải","2026-09-12 19:41:11",481.4,2,triuinhhi
7366,16725847,"Shel Horta","2026-08-18 04:29:55",481.4,2,shelhorta
7367,16631981,"Karen Letir","2026-08-10 09:21:51",481.3,2,karenletir
7368,16685722,"Jiahan Cao","2026-08-12 09:01:22",481.2,2,jiahancao
7369,16694171,"guanran wang","2026-08-11 05:57:12",481.2,2,guanranwang
7370,16698103,JJ,"2026-09-02 09:46:15",481.2,2,jianjinchen
7371,16730922,"Shengyuan Yin","2026-09-24 10:49:46",481.0,2,flaming0
7372,16715897,shettynaisha,"2026-09-06 17:28:58",481.0,2,shettynaisha
7373,16768178,Scarttish,"2026-08-26 22:44:26",480.9,2,scarttish
7374,16771972,"Vansh Ahlawat","2026-09-22 15:35:39",480.9,2,vansh5126
7375,16715126,준환,"2026-09-10 11:28:25",480.9,2,paulguilbert
7376,16885828,U-Bex,"2026-09-28 14:55:58",480.9,2,shuichiurabe
7377,16630438,"Aayush Bansal","2026-09-27 17:00:31",480.8,2,aayushbansal0330
7378,16666652,"Mohamed Fanni","2026-08-17 00:51:38",480.6,2,"arachid,mohamedfanni,soukaynamokhtari"
7379,16632368,"Yuelin Bai","2026-08-03 08:15:12",480.6,2,paralym
7380,16701250,T00bii,"2026-08-11 16:11:06",480.5,1,t00bii
7381,16662741,"Abhiraj Govind","2026-08-04 18:01:16",480.3,1,abhirajgovind
7382,16653118,"Elmira Yekani","2026-08-18 17:05:20",480.2,2,elmirayekani
7383,16799797,"Zimin Zhong","2026-09-23 15:17:43",480.2,2,"dracfy,lyylyy2,zhongzinmin"
7384,16678083,"Abdeljalil Idalahaj","2026-09-05 04:28:08",480.2,2,abdeljalilidalahaj
7385,16667517,"Recep Barkın Topcu","2026-08-31 05:30:02",480.1,2,recepbarkntopcu
7386,16742059,dafei2025,"2026-09-03 09:19:34",480.0,2,dafei2025
7387,16706985,Valmrnch,"2026-08-24 07:57:56",479.9,2,valmrnch
7388,16761589,"Eren -","2026-08-27 08:48:44",479.8,2,erenozyurek
7389,16733948,novodude,"2026-09-06 18:41:26",479.8,2,novomont
7390,16719857,"Howey do it","2026-08-14 23:06:06",479.7,2,ronincoppins
7391,16644577,"Arthur Merritt","2026-08-04 07:11:11",479.5,2,jarthuph
7392,16907592,may2223,"2026-09-21 06:31:05",479.3,2,may2223
7393,16662938,CarlitrosParra,"2026-08-05 21:34:52",479.2,2,carlitrosparra
7394,16656470,Glimmeron,"2026-08-12 02:01:48",479.2,2,rishabhraushan
7395,16685028,"serene ng","2026-08-13 14:53:37",479.1,2,sereneng
7396,16722793,Murphyzz,"2026-09-27 21:10:36",479.1,2,theophileperez
7397,16679958,Bum_Fy_Mz,"2026-08-13 20:31:44",479.0,2,bumfymz
7398,16661928,"Nikhil raman K","2026-09-30 15:05:46",479.0,2,nikhilramank
7399,16662715,"Great Okwuma","2026-08-17 00:10:46",478.8,2,greatokwuma2
7400,16682707,"AJAY KUMAR","2026-08-07 19:13:08",478.7,2,worldsslayer
7401,16628487,"Koichi HIRAOKA","2026-08-01 08:42:40",478.7,2,koichihiraoka
7402,16897899,templar7245,"2026-09-27 09:45:16",478.5,2,templar7245
7403,16631480,"Kumar Abhijeet","2026-07-31 13:29:40",478.5,1,krabhijeet
7404,16665424,taaaaanq,"2026-08-17 14:23:35",478.2,1,"chuayaplong,flashtigro,huayu05,taaaaanq"
7405,16691466,"Jeeta Nandi ","2026-09-04 09:23:34",478.2,2,jeetanandi
7406,16744610,"Safiullah Baig","2026-08-20 13:16:58",478.1,1,safm1rza
7407,16663188,"Ethan Feng","2026-08-05 22:09:38",478.1,2,xenon111231
7408,16623302,"Raffi Ardhi Naufal","2026-07-31 18:31:57",478.0,1,raffiardhi
7409,16785352,"joão Vitor","2026-09-05 20:19:12",478.0,2,jaov30718
7410,16719742,"Varun Dave","2026-08-31 22:56:07",478.0,2,"pranavtrivedi02,varundave95"
7411,16673214,Boiga7,"2026-08-06 14:03:53",478.0,2,lewiselliot
7412,16668461,SobanAli,"2026-08-19 15:49:03",477.9,2,soban256
7413,16668606,"Hasith Kulathilaka","2026-08-31 19:09:39",477.8,2,hasithkulathilaka
7414,16645870,"Barathan Aslan","2026-08-03 08:21:55",477.7,2,barathanaslan
7415,16663618,Anthaus,"2026-08-09 17:06:35",477.6,2,anthaus
7416,16778947,mart3104,"2026-09-05 15:31:43",477.6,2,mart3104
7417,16672078,vietlinhh02,"2026-08-08 07:46:53",477.4,2,vietlinhh02
7418,16729510,ARM,"2026-09-08 13:01:17",477.3,2,"midhun4126,mrohithjohn"
7419,16686109,"Triple Tensor","2026-08-17 08:24:26",477.3,2,"adinathjagtap777,pds178,prajwalzolage05"
7420,16769170,"Hardik Savaliya211","2026-08-25 11:07:10",477.3,2,hardiksavaliya211
7421,16675477,"Joanne Yun","2026-08-07 13:40:53",477.3,2,joannejyun
7422,16846143,germanyum,"2026-09-13 14:32:05",477.2,2,germanyum
7423,16659896,TedT,"2026-08-11 19:36:14",477.0,2,fdsaur
7424,16659183,"Leonard Yaw Mensah","2026-08-05 02:22:25",477.0,2,leonardyawmensah
7425,16658115,SantaClaws,"2026-08-10 14:50:31",476.9,2,vovikdrg
7426,16880689,yasmine0809,"2026-09-12 16:19:37",476.8,2,yasmine0809
7427,16639814,"Nikhil Krishna A","2026-09-07 07:37:56",476.7,2,techmasternikhil
7428,16931219,AzureYu,"2026-09-21 10:44:17",476.7,2,azureyu
7429,16645841,Lucien,"2026-09-24 07:55:19",476.5,2,lucienhu6775765
7430,16658344,SOONHANKWON,"2026-08-28 02:00:59",476.5,2,soonabletv
7431,16675060,"Xinger Gao","2026-08-31 08:52:07",476.3,2,xingergao
7432,16740840,"Huchen Jiang","2026-09-02 09:18:47",476.1,2,huchenjiang
7433,16688134,"Marc Dakuginow","2026-08-13 01:40:44",476.0,2,marcdakuginow
7434,16845696,Huskkky,"2026-09-07 03:47:13",476.0,2,huskkky
7435,16728014,Alpha223,"2026-09-05 15:51:24",475.8,2,alpha223
7436,16684024,"Work From Home 3.0","2026-08-14 12:33:30",475.7,2,"direct1,gongyiqian,jovansee,maxtankialok,n00bcak"
7437,16729081,"Venkata Y","2026-08-19 00:45:13",475.7,2,venkatayerrapothu
7438,16772455,dextrecity,"2026-08-30 11:37:56",474.6,2,"dextrecity,leo0pa"
7439,16678613,iBooNDK,"2026-08-09 19:03:37",474.6,2,iboondk
7440,16884418,xuechengzou,"2026-09-13 12:22:43",474.6,2,xuechengzouinkaggle
7441,16658476,"goksel yesiller","2026-08-04 11:07:53",474.6,2,gokselyesiller
7442,16685570,"Micah Fernando","2026-08-07 19:46:31",474.4,2,micahfernando
7443,16796273,"Kiplangat Vincent","2026-09-22 13:52:17",474.4,2,balvins
7444,16701454,"André-Marie BEHANZIN","2026-09-15 11:42:17",474.4,2,andremariebehanzin
7445,16654485,"Mahbub Alam","2026-08-04 02:08:23",474.4,2,mahbubalam214
7446,16775131,"Re Son","2026-08-27 14:29:31",474.4,2,lemelson
7447,16705480,Mint120,"2026-08-19 05:49:10",474.3,2,mint120
7448,16887642,"Dimitrios Giannoulis","2026-09-14 12:38:24",474.3,2,plagiagia
7449,16661099,TheSven,"2026-08-06 17:05:25",474.2,2,thesven
7450,16725955,"Aditya Pandey","2026-08-17 00:10:10",474.2,2,adipandey777
7451,16714363,guohaowen,"2026-08-13 14:25:48",474.2,2,guohaowen1910
7452,16775236,hohohoZzZ,"2026-09-16 16:14:37",474.1,2,hohohozzz
7453,16654174,"Dharmeswar Basumatary","2026-09-09 11:09:15",474.0,2,dharmeswarbasumatary
7454,16694314,"Ali Abbas Baig","2026-08-28 19:55:16",473.9,2,aliabbasbaig
7455,16818158,Noza,"2026-09-16 04:36:09",473.9,2,harukanozato
7456,16665080,"RAVI KUMAR696996","2026-08-05 06:14:29",473.7,2,ravikumar696996
7457,16693797,"Riyaz Ur Rehman","2026-08-17 02:21:15",473.5,2,riyazurrehman
7458,16665364,"Shien Zhang","2026-08-06 06:50:46",473.3,1,shienzhang
7459,16947257,"Hassan Bazzoun-dev","2026-09-30 13:42:51",473.2,2,hassanbazzoundev
7460,16823067,Francisco,"2026-09-10 18:00:57",473.2,2,cheneblanc
7461,16683837,"Blessed Ngorima","2026-08-18 09:40:53",473.2,2,blessedngorima
7462,16709880,"Javier Pérez Robles","2026-08-15 02:21:07",473.2,2,javierprezrobles
7463,16692644,"Achille Gohin","2026-08-10 00:26:26",473.1,2,achillegohin
7464,16797002,ZhixinLuo,"2026-09-01 14:16:09",473.0,2,zhixinluo
7465,16705149,"Allen Chun","2026-08-15 04:59:05",472.9,2,allenchun
7466,16702281,"Dhruv Patel #2","2026-08-10 21:25:08",472.8,2,dhruvpatel1972
7467,16724842,"Mikaela Gkolemi","2026-08-21 19:04:38",472.8,2,mikaelagkolemi
7468,16794309,"Sanyam Jain","2026-09-25 22:15:39",472.8,2,sjain03
7469,16696460,"Enzo 7mlk","2026-09-16 15:19:51",472.8,2,enzo7mlk
7470,16679771,Coolgolf,"2026-09-02 13:56:54",472.7,2,coolgolf
7471,16656410,Sam,"2026-08-14 01:58:04",472.7,2,beartrader
7472,16878695,"Yang Lv","2026-09-25 05:41:36",472.6,2,lvyang199888
7473,16657528,"Symekah Shadrack Basweti","2026-08-05 10:17:09",472.5,2,symekah99
7474,16633577,Boxy,"2026-08-15 18:55:40",472.4,2,boxyml
7475,16858250,"ayush kumar","2026-09-14 10:35:32",472.3,2,ayushkumar1610
7476,16733644,Gavilán,"2026-08-23 19:41:22",472.2,2,gaviln
7477,16768939,"Pratham Sonawane","2026-08-30 17:37:23",472.1,2,prathamsonawane1
7478,16666637,"Uttam Limbani","2026-08-07 13:41:14",472.1,2,uttamlimbani
7479,16778579,"Jiajia Zhang","2026-08-29 18:19:12",472.0,2,jiajiazhang01
7480,16676613,LCZ1996,"2026-08-29 02:02:59",472.0,2,lcz1996
7481,16670218,"What is Coding?","2026-08-07 01:47:17",471.8,2,matthewshvarts
7482,16666709,JSQL,"2026-09-02 18:52:37",471.8,2,jeffreyschott
7483,16660462,"Vishwanath N Iyer","2026-08-07 07:22:17",471.7,2,vishwanathniyer
7484,16627463,dnish,"2026-08-05 07:37:16",471.4,2,dnishio
7485,16774958,"Charles Wuytack","2026-08-27 14:58:07",471.3,2,charleswuytack
7486,16661930,zzangsunghyeon,"2026-08-08 16:22:21",471.2,2,zzangsunghyeon
7487,16722561,Asia214,"2026-08-30 02:26:16",471.1,2,asia214
7488,16668678,"Madhur Sabherwal","2026-08-14 02:47:14",471.0,2,madhur321
7489,16847224,Kfarmer,"2026-09-19 12:51:27",471.0,2,"cwy0904,jasonchao89,jaspersooks,makomek,peiyingtok"
7490,16725483,PQ_Marz,"2026-08-15 16:25:50",470.9,2,pqmarz
7491,16639244,"Romone Dunlop","2026-08-11 10:19:49",470.9,2,romonedunlop
7492,16771340,pang,"2026-09-05 16:41:51",470.9,2,pangwenfeng
7493,16705661,"Toshiki Touda","2026-08-13 06:51:05",470.9,2,toshikitouda
7494,16706277,"ratat Zheng","2026-08-12 10:25:38",470.9,2,ratatzheng
7495,16737362,"moushun chen","2026-08-20 06:45:46",470.8,2,moushunchen
7496,16630335,"Solve Langseth","2026-08-05 06:48:57",470.8,2,solvelangseth
7497,16675468,"atakan akgün","2026-08-13 15:32:32",470.8,2,atakanakg
7498,16883234,Cpleasance,"2026-09-14 00:24:24",470.8,2,cpleasance
7499,16723737,HaruhiroKazami,"2026-08-21 16:12:04",470.7,2,haruhirokazami
7500,16670387,"Oracle69 AI","2026-09-28 13:52:43",470.6,2,princeadewaleadewumi
7501,16809022,CheeseFunction,"2026-09-05 06:58:36",470.4,2,cheesefunction
7502,16826447,"Absara viswanathan","2026-09-07 06:16:20",470.4,2,viswanathanabsara
7503,16895121,Timmmmmmmy,"2026-09-17 05:51:31",470.3,2,"molic1,timmmmmmmy"
7504,16809898,wodDAOdun,"2026-09-14 07:14:35",470.2,2,kylaucode
7505,16745655,巴啦啦能量,"2026-09-08 01:30:14",469.8,2,wsh10086
7506,16717018,"Urvashi Bansal","2026-08-17 09:12:29",469.8,2,urvashibansal123
7507,16656317,"Manu Rahi","2026-08-06 16:43:55",469.6,2,manurathi
7508,16794499,smileMAN13912339850,"2026-09-07 10:01:07",469.6,2,smileman13912339850
7509,16694146,"JIlong Zhou","2026-08-26 15:04:38",469.6,2,acemaker
7510,16725123,"Pham Quang Nghia","2026-08-22 15:00:51",469.5,2,phamquangnghia
7511,16892006,"Leul Hailemichael","2026-09-16 21:00:15",469.5,2,leulhailemichael
7512,16893233,"Garrick Lai","2026-09-15 08:44:07",469.5,2,garricklai
7513,16782747,goodgreen,"2026-09-30 08:05:10",469.4,2,goodgreen
7514,16778703,kamaras,"2026-08-30 11:58:07",469.3,2,kamaras
7515,16637649,cameronezrajones579,"2026-08-15 15:49:12",469.3,2,cameronezrajones579
7516,16658925,CYBWithFlourish,"2026-08-06 15:56:28",469.0,2,cybwithflourish
7517,16777132,"Soham Dave","2026-08-27 14:51:01",469.0,2,sohamdave19
7518,16657601,Simon,"2026-08-05 15:59:44",468.9,2,benten10
7519,16887058,"Michael Eberhard","2026-09-15 20:29:09",468.9,2,michaebe
7520,16762154,lli,"2026-09-07 19:04:26",468.8,2,colesuoseue
7521,16664252,"Huy Hoang","2026-08-15 03:59:40",468.7,2,themeend
7522,16768079,Sohee087,"2026-08-24 20:21:01",468.7,1,sohee087
7523,16701847,"Xi Li","2026-09-28 07:31:59",468.7,2,bruhuh
7524,16662722,"Ajeet Jain","2026-08-07 06:32:10",468.6,2,jainajeet29
7525,16659681,"Aditya Seth","2026-09-04 13:12:36",468.6,2,adityaseth777
7526,16908418,Ayush_1319,"2026-09-17 11:59:04",468.6,2,ayush1319
7527,16794052,"Sarthak Mishra","2026-09-24 18:06:07",468.6,2,"aarushverma04,pg541425,sarthak25b15310182,yadavup50"
7528,16656797,"رحيم محمد","2026-08-04 20:05:45",468.5,2,darkmaxedwe
7529,16885999,"Vansh #2","2026-09-20 14:22:18",468.5,1,vanshnavi
7530,16627009,c0sm1c,"2026-08-01 11:06:14",468.3,1,tanghao111
7531,16701761,BalaVignesh,"2026-08-11 17:04:37",468.1,2,balavignesh
7532,16763351,shutong114,"2026-09-20 18:38:08",468.0,2,shutong114
7533,16674308,"Ayush Roy","2026-08-06 20:28:57",468.0,2,ayushroy39
7534,16686972,"Ankit Maurya","2026-08-23 07:05:44",467.9,2,"ankitmaurya16,rudraprasadsah"
7535,16664211,"Ben Wilson","2026-08-06 23:57:29",467.7,2,crispyryse
7536,16623198,"Chris D'Mello (ineligible)","2026-07-31 17:32:46",467.7,1,cdmello
7537,16843316,"Felipe Chiarini","2026-09-12 12:03:15",467.7,2,felipechiarini
7538,16729914,Christina,"2026-09-14 11:16:46",467.7,2,geekycb
7539,16668509,HarryZ,"2026-09-13 04:29:04",467.6,2,mzhumzhu
7540,16668589,"Gleb Naumkin","2026-08-05 22:46:26",467.4,1,glebnaumkin
7541,16661105,"Vignesh Murugan","2026-08-04 19:57:46",467.4,2,vigneshv1cky
7542,16681778,kzeus@003,"2026-08-12 05:12:15",467.3,2,kzeus003
7543,16799023,"Alkava Ind","2026-09-28 10:43:31",467.2,2,alkavaind
7544,16668562,"Anthony LOISEAU","2026-08-06 16:07:52",467.0,2,anthonyloiseau
7545,16726155,miyawakiayaka,"2026-08-15 18:50:10",466.9,2,kanatakon
7546,16659505,"Duleeka Mevan","2026-08-06 09:32:46",466.9,2,duleekamevan
7547,16914539,Kou111111,"2026-09-18 10:32:09",466.9,2,kou111111
7548,16688296,"Michael Pollind","2026-08-28 13:30:32",466.8,2,mpollind
7549,16773195,"Pham Nguyen Thanh Huy","2026-08-27 05:25:55",466.7,2,huyphmnguyenthanh
7550,16699207,"Bipin Rimal","2026-08-10 07:45:21",466.5,2,bipinrimal314
7551,16724470,"Mahdi Rafati","2026-08-24 15:32:51",466.4,2,mahdirafati
7552,16726211,RepeatAfterMe,"2026-08-17 08:21:41",466.3,2,bekirsciftler
7553,16655069,"Jason Harrison","2026-08-05 20:56:59",466.3,2,jasonharrisonco
7554,16883859,"Carlos Daniel Polanco","2026-09-19 18:45:16",466.1,2,carlospolanco00
7555,16655630,askBillyWhatMamaDid,"2026-08-28 02:06:18",465.9,2,askbillywhatmamadid
7556,16725757,AchyutKishore123,"2026-09-29 09:14:40",465.9,2,achyutkishore123
7557,16706143,Adityaupadhyay0805,"2026-08-20 04:28:06",465.7,1,adityaupadhyay0805
7558,16659261,PromptEngineer48,"2026-08-04 16:44:46",465.6,2,promptengineer48
7559,16657664,"Nguyễn Anh Kiệt 28","2026-08-06 04:17:40",465.6,2,nguynanhkit28
7560,16707986,Pones_kaggle,"2026-09-01 22:08:32",465.3,2,pyd966
7561,16929820,sdssJ0,"2026-09-23 09:57:21",464.9,2,sdssj0
7562,16674943,feyZERO,"2026-08-16 10:48:50",464.8,2,faezamora
7563,16656689,"Vansh Gupta","2026-08-11 08:56:56",464.8,2,vanshrl9ine
7564,16689908,Hyun777,"2026-08-14 01:11:17",464.8,2,hyun777
7565,16811454,"Zakaria Taouil","2026-09-07 16:11:13",464.6,2,ztaouil
7566,16755781,NaveenManwani,"2026-08-28 05:37:31",464.5,2,naveenmanwani
7567,16764751,"Abhishek Parmar","2026-08-26 04:06:39",464.4,2,abhisheknparmar
7568,16851860,"Senih Bayankulu","2026-09-08 03:13:24",464.2,2,senihbayankulu
7569,16665511,phoenix_merk,"2026-08-05 09:46:25",463.9,2,phoenixmerk
7570,16663267,"Sravya Isukapatla","2026-08-11 10:14:54",463.8,2,sravyaisukapatla
7571,16649421,Eltormtace,"2026-08-14 04:35:15",463.7,2,eltormtace
7572,16692168,"Kinshuk Aggarwal","2026-08-09 04:23:32",463.7,1,kinshukaggarwal
7573,16715942,_@HimShukla23,"2026-09-19 18:14:05",463.5,2,himshukla23
7574,16644410,"Swaroop Kallakuri","2026-08-04 15:40:29",463.3,2,ksjpswaroop
7575,16672798,yaphanqiii,"2026-08-27 07:55:23",463.2,2,yaphanqiii
7576,16661382,CBenaventte,"2026-09-02 13:35:27",463.2,2,cbenaventte
7577,16779152,"taijiu int","2026-09-04 22:22:20",463.1,2,taijiuint
7578,16662995,"carlos mario de oro aguado","2026-08-06 21:08:28",463.0,2,cdeoroaguado
7579,16721814,"DOAMBA Jean Edouard Odilon","2026-08-24 14:48:43",463.0,2,doamba
7580,16697568,"Sergey Fedorov","2026-08-20 21:25:34",462.9,1,bd01ar
7581,16683934,"Teja Madala","2026-08-10 14:46:07",462.9,2,tejamadala
7582,16915448,asdfghjklbelinda,"2026-09-26 11:59:24",462.8,2,"asdfghjklbelinda,yyyemin,zhouqingwen"
7583,16695102,whitelok,"2026-08-11 12:54:41",462.7,2,whitelok
7584,16688873,cancel,"2026-08-18 06:50:33",462.7,1,rugaru
7585,16687942,"Arya Arun","2026-08-16 08:52:26",462.6,2,aryaarun07
7586,16661434,AgriNova,"2026-09-30 15:23:14",462.4,2,"harshadsanjaydesai,sahilhasure"
7587,16741053,"Bui Minh Thanh","2026-09-07 18:50:23",462.3,2,buiminhthanh
7588,16664251,zzy123123,"2026-08-08 09:22:51",462.2,2,zzy123123
7589,16871538,freesoso,"2026-09-30 02:19:58",462.1,2,freesoso
7590,16744572,DivyanshAgg,"2026-08-31 19:30:49",462.1,2,divyanshagg
7591,16767585,Hyena,"2026-08-25 22:17:26",462.0,1,hemant0
7592,16760191,"Kushal Shiva1","2026-08-26 20:19:36",461.9,1,kushalshiva1
7593,16914972,cdwswb,"2026-09-19 02:25:22",461.9,2,cdwswb
7594,16689372,"Kiran Yerpude","2026-08-12 05:39:43",461.8,2,kiranyerpude
7595,16762427,Raj_craj,"2026-08-30 20:27:00",461.7,2,rajcraj
7596,16630163,"SEREENA JERRY","2026-08-06 08:59:17",461.6,2,serenajerry
7597,16762168,Lewbei,"2026-09-10 04:58:43",461.6,2,lewbei
7598,16920464,reddishregent,"2026-09-18 11:40:22",461.6,1,reddishregent
7599,16695400,"Karam Khasawneh","2026-08-10 20:29:16",461.5,2,karamkhasawneh
7600,16765194,henry,"2026-08-24 13:39:29",461.4,2,zchenry
7601,16765688,jihunai,"2026-08-26 23:15:54",461.3,2,jihunai
7602,16630520,dimitris_x94,"2026-08-23 21:10:57",461.2,2,dimitrisx94
7603,16843511,"JiaHui Ni ","2026-09-13 14:59:35",461.2,2,jiahuini
7604,16631547,"Chong Xuan Ng","2026-08-08 15:38:52",461.1,2,chongxuanng
7605,16761979,"Chaitany Patel","2026-09-17 14:59:29",461.1,2,chaitanypatel
7606,16890155,GSD,"2026-09-26 14:24:03",461.1,2,gsdeepakkumar
7607,16736951,giacomovin,"2026-08-25 20:14:52",461.1,2,giacomovin
7608,16692480,"Khalis Murfid","2026-08-24 07:03:02",461.0,2,khalismurfid
7609,16653809,acbabc123,"2026-08-04 13:53:53",460.8,2,acbabc123
7610,16670719,SimoImane,"2026-08-05 23:36:09",460.7,2,simoimane
7611,16715769,Ethereallll1,"2026-08-14 15:21:12",460.7,2,ethereallll1
7612,16656745,"BHARATH KOWSHIK ULLANGULA","2026-09-25 10:30:21",460.6,2,"bharathkowshik25,honeyharshith,kesanibhargavaram"
7613,16733785,"Stuart Gilbert","2026-08-30 01:52:41",460.5,2,stuartgilbert
7614,16667042,"Adarsh Mukundan","2026-09-20 14:16:32",460.3,2,aadarshmukundan
7615,16855185,ArdiaNova,"2026-09-30 16:09:22",460.0,2,ardianova
7616,16722109,Navneet,"2026-08-14 14:02:35",460.0,2,zxcdfg
7617,16623006,"Aaradhy Singhvi","2026-09-08 12:48:10",459.9,2,aaradhysinghvi
7618,16693003,ShirrleyChen,"2026-08-15 12:54:58",459.8,2,shirrleychen
7619,16720049,"aditya emmadishetty","2026-08-14 13:20:54",459.8,2,adityaemmadishetty
7620,16767147,"Hacker Trinity","2026-09-09 12:20:12",459.6,2,hackertrinity
7621,16625216,"Emre Can","2026-08-01 17:05:51",459.4,2,seicatsu
7622,16672473,goldfish,"2026-08-13 03:34:21",459.4,2,dolgfish
7623,16640399,Hubbahub,"2026-08-04 20:40:39",459.4,2,hubbahub
7624,16791550,Team21,"2026-09-08 12:53:38",459.4,2,"fchen121,muktharam"
7625,16687237,Khalibryler,"2026-08-11 09:17:03",459.3,2,khalibryler
7626,16726044,"Lena Traczuk","2026-08-22 12:03:58",459.3,2,lenatraczuk
7627,16888050,"Ayoub Fliless","2026-09-14 17:56:12",459.2,2,ayoubfliless
7628,16748554,"victor lucas","2026-09-29 09:42:15",459.0,2,lucsxd
7629,16842936,"Sreejit Pradhan","2026-09-12 19:11:37",458.8,2,sreejitpradhan
7630,16792069,"Yen Hung1021","2026-09-03 16:09:33",458.8,2,yenhung1021
7631,16784417,"Dallas Odem","2026-08-29 13:14:30",458.6,2,dallasodem
7632,16718295,doinggyu,"2026-08-18 12:56:58",458.5,2,doinggyu
7633,16672105,"Natural Stupidity","2026-08-10 19:39:53",458.3,2,"parthb21,sujaygolla"
7634,16693795,kurt,"2026-08-30 15:22:47",458.2,2,syarht
7635,16659520,"Play Code","2026-08-05 14:28:00",458.2,2,codenya
7636,16657383,"Shih Hua Chou","2026-08-18 03:51:08",458.1,2,shihhuachou
7637,16656431,"Venetta Smithen","2026-08-20 02:19:45",457.9,2,venettasmithen
7638,16660081,fakyyy,"2026-08-09 11:19:15",457.9,2,manideepreddyakula
7639,16661402,"Abin Biju","2026-08-11 18:00:35",457.9,2,abinbiju1
7640,16774035,"Shengfeng Wang","2026-08-26 07:28:46",457.7,1,shengfengwang
7641,16831819,"Roy Lampe","2026-09-24 11:46:45",457.7,2,roylampe
7642,16909602,jack1e32,"2026-09-18 02:32:58",457.6,2,jack1e32
7643,16661460,Lucky,"2026-09-03 07:49:58",457.6,2,tmiya0107
7644,16661682,"Rishi Gupta","2026-08-05 07:46:38",457.6,2,rishigupta07
7645,16663040,"BARBARA GASKINS","2026-08-12 01:08:47",457.2,2,barbaragaskins
7646,16627324,"Attack on Kaggle","2026-08-06 13:27:22",457.2,2,user19394494
7647,16915747,xiao,"2026-09-17 17:03:40",457.0,2,xiao789
7648,16704597,"Wallace Switzer","2026-08-12 01:09:49",457.0,2,wallaceswitzer
7649,16674266,HamYad,"2026-08-06 18:19:46",456.9,2,hamyadlab
7650,16701046,"Thanakorn Kaewwiang","2026-08-14 17:13:39",456.9,2,deweytng
7651,16638883,LeiYang,"2026-08-03 15:04:07",456.6,2,leiyangcq
7652,16732200,"Louis WhoEat","2026-08-24 12:02:40",456.6,2,louiswhoeat
7653,16664608,sid,"2026-08-07 18:18:04",456.5,2,sidshastri04
7654,16659558,Ayuroshbo,"2026-09-23 09:28:54",456.4,2,ayuroshbo
7655,16867680,Asuka,"2026-09-11 05:45:46",456.4,2,asuka0langley0soryu
7656,16719257,"Alexander Morozov","2026-08-14 23:53:53",456.3,2,scanhex
7657,16690793,"MOHAMMAD ALRASHED","2026-08-08 18:33:34",456.2,2,mohammadalrashed
7658,16819549,APEX101,"2026-09-06 06:16:51",456.0,2,"akshitasrivastava1,irongm"
7659,16705415,"Mauro Najera","2026-08-11 05:30:13",455.8,2,mauronajera
7660,16657929,Robert-zwr,"2026-08-05 11:15:48",455.8,1,robertzwr
7661,16745574,"Yadunandan Raman","2026-08-22 12:20:06",455.8,2,yadunandanraman
7662,16621437,AdamBelniak,"2026-08-03 18:15:21",455.8,2,adamos581
7663,16680799,zixma13,"2026-08-25 13:12:44",455.6,2,zixma13
7664,16625808,"Etsushi Yamamoto","2026-08-09 16:50:41",455.5,2,etsushiyamamoto
7665,16657681,"Prince Raj","2026-08-11 22:49:02",455.5,2,princerajmdb
7666,16665865,"Agrippa Beaulieu","2026-08-08 19:09:28",455.4,2,agrippabeaulieu
7667,16889078,"Md Waquar Ahmad","2026-09-16 02:52:56",455.2,2,mohdwaquarahmad
7668,16692263,"ADITYA CHAVAN","2026-08-09 17:44:15",455.1,2,adityasnr7
7669,16668154,JuanEspana,"2026-08-09 11:38:32",454.9,2,juanespana
7670,16668108,"Suresh Chandra Mangena","2026-08-11 09:32:31",454.9,2,sureshchandramangena
7671,16718828,"Tejas Nisar","2026-08-23 17:04:45",454.8,2,tejasnisar
7672,16743494,"ROHAN Exploit","2026-09-08 11:13:08",454.8,2,rohanexploit
7673,16773194,NgNhan3110,"2026-08-27 09:36:17",454.8,2,ngnhan3110
7674,16699633,Nafmo,"2026-08-11 17:10:53",454.7,2,nafmo2
7675,16722819,Anna,"2026-08-21 15:01:26",454.7,2,annatmp
7676,16786351,"Pradeep P","2026-09-14 16:39:50",454.6,2,pradeeppuranam
7677,16632105,"shreyas sangalad","2026-08-02 12:01:08",454.3,2,spoortisangalad
7678,16699707,"Afana Khalit putra","2026-08-11 08:57:25",454.3,2,afanakhalitputra
7679,16847740,FarmAre,"2026-09-07 17:31:01",454.0,2,abishekak
7680,16655080,"Mohamed Judi","2026-09-07 19:18:31",453.9,2,mhjudi
7681,16645302,LuCcc,"2026-08-03 09:45:35",453.7,2,luuuuccccc
7682,16810019,M&S,"2026-09-02 17:19:11",453.4,2,"martinhma,yishusheng"
7683,16831839,404_Brains_Not_Found,"2026-09-20 12:36:19",453.4,2,"manavtejani,rohangadhiya1911,sakshamdubeynew,trushankvaghasiya"
7684,16687602,"jithin manoj","2026-08-12 13:00:23",453.4,2,jithingmanoj
7685,16661287,"Jacob Hanlon","2026-08-11 13:59:58",453.3,2,jacobhanlon
7686,16661323,mzyktkhs,"2026-08-10 13:21:59",453.2,2,mzyktkhs
7687,16940818,Laiba,"2026-09-28 11:36:01",453.1,2,laibasm01
7688,16933345,"Sourin Rakshit","2026-09-21 09:32:28",453.1,2,sourinrakshit01
7689,16723490,"Panashe Arthur Mhonde","2026-08-22 11:41:19",452.9,2,panashearthurmhonde
7690,16728933,dOvOb,"2026-09-08 14:51:10",452.9,2,waytosleep
7691,16920641,"Tailee Kim_7","2026-09-19 11:52:02",452.9,2,emilykim01
7692,16793145,KarlNUrban,"2026-09-05 12:19:50",452.9,2,karlnurban
7693,16645936,"Abhy Rejikumar","2026-08-22 19:26:23",452.8,1,abhyrejikumar
7694,16829367,"quant park","2026-09-15 10:29:07",452.8,2,quantpark
7695,16691628,"Gavin Walsh (N1DGE11)","2026-08-08 16:07:24",452.7,2,gavinwalshn1dge11
7696,16903680,"marwan na","2026-09-28 13:11:13",452.7,2,marwanna
7697,16658149,X,"2026-09-21 13:42:54",452.3,2,lohithhb
7698,16758526,"sudo give_me_the_prize","2026-08-24 16:34:02",452.2,2,ibrahimab2
7699,16662790,"Derek Earnhart","2026-08-04 18:04:01",452.1,1,derekearnhart
7700,16626105,sasaki,"2026-08-24 02:34:55",451.7,2,rsasaki
7701,16882021,"lucas honoratodesouza","2026-09-14 05:21:58",451.7,2,lucashonoratodesouza
7702,16670634,"Narayan Sharan","2026-09-12 06:55:27",451.7,2,narayansharan
7703,16695692,Saadii2279,"2026-08-11 16:44:39",451.6,2,saadii2279
7704,16755394,"Ruben Lucas","2026-08-21 21:50:16",451.4,2,rubenlucas
7705,16688662,"Faz Forward","2026-08-08 09:03:10",451.3,2,fazforward
7706,16888067,Van,"2026-09-21 01:29:39",451.2,2,lanxirye
7707,16805196,"Sebastian Griesbach","2026-09-22 11:47:22",451.1,2,sebastiangriesbach
7708,16773020,HyperNeonByte,"2026-09-23 00:23:03",451.0,2,hyperneonbyte
7709,16731636,関西人,"2026-08-24 06:23:14",450.9,2,m1333666888
7710,16636333,xiaoyang66,"2026-08-17 13:35:28",450.8,2,kennethhao8
7711,16756812,"Alex Amirkhanyan","2026-08-24 05:51:16",450.7,2,aleksamirkhanyan
7712,16719521,xarquin,"2026-08-25 03:16:23",450.6,2,xarquin
7713,16809985,"ADOLE Edache","2026-09-25 11:47:46",450.4,2,adoleedache
7714,16728318,T3jas06,"2026-08-22 19:45:13",450.3,2,t3jas06
7715,16711823,Abi_e,"2026-09-07 09:47:37",450.3,2,abidjacquelineanadi
7716,16668137,"Thomas De Sousa","2026-08-06 06:34:48",450.1,2,thomasdesousa
7717,16661576,"Yash Jumde","2026-08-15 20:09:59",450.0,2,yashjumde
7718,16737532,lsystudyhard,"2026-08-22 12:16:47",449.4,2,lsystudyhard
7719,16728414,"Pedro Caycho","2026-08-16 12:40:26",449.3,1,pjcc1123
7720,16662111,"Mood Vikram","2026-09-05 23:15:35",449.3,2,"moodvikram,sidhantchauhan"
7721,16926614,"Mike Codispoti","2026-09-19 18:17:10",449.3,1,mikecodispoti
7722,16890884,"Michael Swartz","2026-09-14 17:50:04",448.9,2,michaelbruwerswartz
7723,16734096,"Cem Ali Görmez","2026-09-06 10:48:37",448.9,2,cemaligrmez
7724,16886012,smartkdy7,"2026-09-13 11:37:51",448.5,1,smartkdy7
7725,16786280,Shambhavi21,"2026-09-30 15:46:37",448.4,2,shambhavi21
7726,16786281,"Saumya Prasad","2026-09-24 19:16:29",448.4,2,saumyaprasad2004
7727,16793465,"Farming Sols","2026-09-03 23:40:36",448.3,2,rishitreddypalle
7728,16655600,"VYSHAKH G NAIR","2026-08-04 21:31:24",448.2,2,vyshakhgnair
7729,16930490,freesunp,"2026-09-21 02:48:31",448.1,2,freesunp
7730,16675000,"Carl Bell","2026-09-16 20:55:33",448.1,2,allegedcarlbell
7731,16728821,"Alen Maria Nirmal","2026-08-17 21:51:03",448.0,1,alenmarianirmal
7732,16690221,"HISOKY DEV","2026-08-10 09:42:03",448.0,2,omarfahid
7733,16774849,RiyadhLakadimu123,"2026-08-31 19:51:17",447.7,2,riyadhlakadimu123
7734,16861019,CloriTeam,"2026-09-09 15:34:28",447.3,2,lorenzocomis
7735,16747670,"Luis Molina","2026-09-21 14:34:46",446.9,2,micuentadecasa
7736,16663327,Gnr8tr,"2026-08-13 14:16:44",446.9,2,wilburjpereira
7737,16641948,JustForFun,"2026-08-18 08:00:36",446.5,2,thangphung215
7738,16840130,tkm_ktn,"2026-09-05 15:48:40",446.5,2,takumikotani
7739,16654401,ChronoForensics,"2026-08-08 17:26:11",446.5,2,ryanwollmuth
7740,16661154,"gronky goobers","2026-08-15 14:39:05",446.5,2,"viktoriusontop,yoshisurjuise"
7741,16931407,"Marcel S","2026-09-30 16:54:36",446.4,2,marcel78
7742,16657794,"Aromal vK","2026-09-30 06:22:48",446.3,2,aromalvk
7743,16636973,"Ali Ali G","2026-08-03 18:36:40",446.2,2,alialig
7744,16679872,"Kirby Won","2026-09-22 22:10:05",446.0,2,kirbywon
7745,16783677,"Đặng Anh Thịnh","2026-08-28 08:31:12",446.0,1,nganhthnh
7746,16694330,"Jack Way","2026-08-10 11:48:42",445.9,2,jackway05
7747,16938142,"Pavel Krotkov","2026-09-23 20:23:34",445.8,2,pashkal
7748,16668698,Addie,"2026-08-08 05:21:08",445.8,1,addie999
7749,16641513,"Sameer Chakravedi","2026-08-15 16:06:11",445.7,2,sameerchakravedi
7750,16639577,Haitaks,"2026-08-16 09:42:16",445.7,2,haitaks
7751,16651804,"Bocen Li","2026-09-30 17:29:13",445.6,2,bocenli
7752,16766803,"Kanishk Sharma","2026-09-01 23:52:42",445.6,2,kan1shq198
7753,16640516,"Alfandi Hassan","2026-08-08 03:41:33",445.5,2,alfandihassan
7754,16665184,woorym,"2026-08-10 03:04:12",445.4,2,woorym
7755,16654885,"Jason Kong","2026-08-04 06:52:19",445.2,2,jasonkongie
7756,16776990,"Yash Kumar #2","2026-09-26 12:43:51",445.0,2,yashkumargunnersshot
7757,16840624,Deepakexplores,"2026-09-11 17:51:43",445.0,2,deepakexplores
7758,16917703,"Tommy Mac Bird","2026-09-29 09:46:33",444.8,2,tommymacbird
7759,16692128,gibocx,"2026-08-10 18:10:34",444.8,2,gibocx
7760,16715456,"wilson LUNG","2026-08-17 23:54:10",444.8,2,wilsonlung
7761,16663368,"Laurence Dale","2026-08-12 18:00:07",444.7,2,laurencedale
7762,16678154,"Hashim Far","2026-08-08 04:20:32",444.5,2,hashimfar
7763,16920156,RoboSAL,"2026-09-28 19:55:40",444.5,2,salouaouarhlent
7764,16654984,"Guseinov Elvin","2026-08-08 21:44:00",444.5,2,guseinovelvin
7765,16665436,Aeternum,"2026-08-15 18:31:32",444.4,2,"donbinoy2004,surajkumarks"
7766,16852845,quantumgeek,"2026-09-12 06:54:58",444.4,2,yk1598
7767,16671602,"Nithin Nambi","2026-08-07 00:09:31",444.1,2,nitthewit
7768,16667601,"Audrius Molis","2026-08-27 19:30:39",444.1,2,vienas
7769,16660060,AnkitGoyal,"2026-08-05 15:33:29",444.1,2,goyalankit
7770,16663822,BhavyaSaini001,"2026-08-29 23:10:34",444.0,2,bhavyasaini001
7771,16664558,"Praneeth Annapureddy","2026-08-05 04:52:45",443.8,2,praneethannapureddy
7772,16876859,Broncat,"2026-09-15 02:27:28",443.6,2,broncat
7773,16660899,"Clarence Trinidad","2026-09-16 18:28:20",443.6,2,claree007
7774,16707951,K_ChanHo,"2026-09-17 11:40:29",443.6,2,kchanho
7775,16757204,hhcjj,"2026-08-22 06:42:32",443.5,2,hhcjjkk
7776,16661449,"Samarjeet Singh","2026-08-23 04:32:19",443.4,2,samarjeet010
7777,16713179,"Enise Zengin","2026-09-15 02:53:02",443.4,2,enisezengin
7778,16666071,"Arda Yıldız","2026-08-20 09:33:54",443.3,2,xreina8
7779,16655415,"Ivan Jarp","2026-08-29 17:07:03",443.1,2,ivanjarp
7780,16651939,"Yogesh Jadhav","2026-09-17 06:54:06",443.0,2,dynamo14324
7781,16666716,"Fanis Alexakis","2026-08-17 11:59:15",442.8,2,fanisalexakis
7782,16659919,"SILVISTON EMMANUEL","2026-08-06 06:51:55",442.6,2,silvistonemmanuel
7783,16687959,"Destin Nedjou","2026-08-27 05:45:33",442.6,2,destinnedjou
7784,16644765,MoeCode,"2026-09-12 16:46:28",442.6,2,syrianeagle
7785,16665647,hr15de,"2026-09-25 08:52:49",442.4,2,hr15de
7786,16701871,"Raj Nandan","2026-08-10 15:13:30",442.3,1,imrajnandan
7787,16669117,"Shrikant Lambe","2026-08-10 23:31:50",442.3,2,shrikantlambe
7788,16916293,Hun731r,"2026-09-17 20:49:12",442.2,2,hun731rkooki
7789,16870864,"Overfitting Is All You Need","2026-09-18 09:25:23",442.1,2,ryylll
7790,16665374,UmangDobhal03,"2026-08-06 03:46:29",442.0,2,umangdobhal03
7791,16938771,"Daniel Peng","2026-09-22 03:53:05",442.0,2,codewithdaniel1
7792,16681924,WEcoS,"2026-08-10 04:32:03",441.8,2,aungkhainghtun
7793,16656641,AndrewEly8,"2026-08-05 00:56:32",441.6,2,andrewely8
7794,16853895,sailohith07,"2026-09-08 10:49:11",441.6,2,sailohith07
7795,16656627,"Soykot Podder","2026-08-14 05:39:06",441.5,2,diptopodder
7796,16760480,yat0i811,"2026-09-13 14:13:59",441.5,2,yat0i811
7797,16662690,"Pablo Gomez Perez","2026-09-04 16:45:32",441.5,2,pablogp
7798,16751058,"Henrique Loyola ","2026-08-21 05:29:59",441.2,2,henriqueloyola
7799,16785568,"Sneha Bhargava4","2026-09-16 17:56:17",440.9,2,snehabhargava4
7800,16690698,posty_melek,"2026-08-15 05:06:40",440.8,2,srisaraswati
7801,16775214,"Sambhav R","2026-08-27 15:34:44",440.6,2,sambhavr
7802,16941095,"P. Sewmuthu Abewickrama Singhe","2026-09-30 05:01:28",440.6,2,psewmuthu
7803,16654974,"ACd Rooy","2026-08-11 06:35:28",440.5,2,acdrooy
7804,16709918,GUI666,"2026-08-26 16:17:40",440.3,2,gui666
7805,16700080,Kaushik,"2026-08-10 11:11:18",440.3,2,kgarumugam
7806,16885346,"Michael Handal","2026-09-13 16:23:03",440.3,1,michaelhandal
7807,16646286,"C Aravindhan","2026-08-04 05:03:22",440.3,2,caravindhan
7808,16667078,dprinzensteiner,"2026-08-05 14:06:26",440.1,2,dprinzensteiner
7809,16778127,Nimmokumar,"2026-09-20 18:45:50",439.9,2,nimmokumar
7810,16676803,"Josue Villao","2026-08-14 05:20:13",439.8,2,josuevillao
7811,16677524,"Phúc Phạm","2026-08-07 20:16:24",439.7,2,phucpham77
7812,16888455,Erin,"2026-09-14 02:55:17",439.5,2,eringobyte
7813,16674605,Versilogic,"2026-08-16 07:54:48",438.9,2,versilogic
7814,16872182,yxxchh,"2026-09-11 13:18:38",438.8,1,yxxchh
7815,16713218,"Julien Baumgartner","2026-08-14 08:36:27",438.8,2,julienbaumgartner
7816,16932760,"Ian Hsu I guess","2026-09-23 01:09:40",438.5,2,ianhsuiguess
7817,16640965,jidaoluckey,"2026-08-08 07:10:45",438.4,2,jidaoluckey
7818,16728845,"Mohamed Kaleel","2026-08-22 16:12:58",438.4,2,mdkaleel
7819,16714488,"HusseinNadem Nadem","2026-08-26 01:53:13",438.4,2,husseinnademnadem
7820,16670155,Kiznaiver,"2026-08-23 14:27:19",438.3,2,kiznaiver
7821,16668267,Saran,"2026-08-27 14:18:05",438.3,2,saran2
7822,16758970,"Jason Wong","2026-09-16 16:00:15",438.3,2,jsin27
7823,16716002,"Preethi Gnanaprakasam","2026-08-14 09:10:46",438.2,2,preethignanaprakasam
7824,16664205,"shr Wei","2026-09-03 06:00:47",438.1,2,shrwei
7825,16675916,Lorenzo176ITA,"2026-08-14 11:02:15",438.1,2,"alessiopap,lorenzo176ita"
7826,16658391,"Jack #2","2026-09-30 14:31:45",438.1,2,jack1233
7827,16628268,toxic_2499,"2026-09-14 13:39:02",437.9,2,toxic2499
7828,16879532,kiwamizamurai,"2026-09-14 20:27:53",437.9,2,kiwamizamurai
7829,16721940,DarkLayer,"2026-08-22 02:07:13",437.9,2,nnpaopao
7830,16697448,"Mykola Mazniuk","2026-08-15 17:57:39",437.8,1,mykolamazniuk
7831,16804902,"aitahmed amina","2026-09-08 16:15:15",437.8,2,aitahmedamina
7832,16658520,drownedsnake,"2026-08-05 01:03:22",437.6,2,makerplay
7833,16670986,"Anas Erami","2026-08-08 01:38:43",437.6,2,anaserami
7834,16661233,"Uriel Johnson","2026-08-05 08:45:24",437.6,2,urieljohnson
7835,16621572,"Abdulazeez AbdulMumeen","2026-08-05 10:59:27",437.5,2,ayobeen
7836,16763898,"Tarık Sarıcı","2026-08-24 09:54:31",437.3,2,ssarici
7837,16739711,SBC,"2026-08-20 10:16:10",437.2,2,"anusasaha2406,harshkumar3014,rahulmaity"
7838,16621367,Numari,"2026-07-31 16:30:01",437.2,2,numaritaisei
7839,16663707,DotBix,"2026-08-12 21:45:54",437.1,2,dotbix
7840,16658521,"Vishal Dhariwal","2026-08-08 11:43:36",437.1,2,user412
7841,16661628,PradipBanerjee,"2026-08-05 21:03:11",437.0,2,pradipbanerjee
7842,16636719,"Naman Durve","2026-09-12 16:14:56",437.0,2,namancdurve
7843,16671670,"Karla Ziegler","2026-09-24 00:26:42",437.0,2,karlaziegler
7844,16667722,Radhouen911,"2026-08-06 21:37:37",436.9,2,radhouen911
7845,16847947,"Phongwit Sri","2026-09-22 04:30:08",436.8,2,phongwitsri
7846,16716636,"Mahamane Lawaly","2026-08-13 10:22:51",436.7,1,mahamanelawaly
7847,16708348,"Edilaine Arceno","2026-09-28 14:02:29",436.6,2,edilainearceno
7848,16654458,"Likith Narakala","2026-09-10 20:27:03",436.6,2,likith17052004
7849,16668813,zhaowang,"2026-08-06 05:19:52",436.6,2,zhaowangwang
7850,16675686,"PRERIT MAURYA","2026-08-14 06:37:51",436.4,2,preritmaurya
7851,16756900,Kome_Sh,"2026-08-30 13:40:56",436.2,2,komeshun
7852,16668068,"Neural Harvest","2026-08-27 19:23:44",436.0,2,meghashyampawar
7853,16660330,wangyikai,"2026-08-09 07:59:45",435.9,2,wangyik
7854,16890511,"Alex Solonsky","2026-09-14 08:57:30",435.8,1,alexsolonsky
7855,16654312,Xmeeeee,"2026-08-05 00:11:29",435.8,2,xmeeeee
7856,16644053,Rafiozoo,"2026-08-03 19:26:40",435.7,2,rafiozoo
7857,16735177,shilpa.rpns,"2026-08-22 04:57:10",435.6,2,shilparpns
7858,16889822,CornReform,"2026-09-29 01:03:29",435.6,2,cornreform
7859,16844010,"Nori Miya","2026-09-06 15:17:38",435.6,2,norimiya
7860,16664327,"Maged Hegazy","2026-08-06 13:13:28",435.5,2,magedhegazy
7861,16760377,"Yuxuan Qian","2026-08-29 23:45:28",435.4,2,yuxuanqian
7862,16665949,Rbda,"2026-08-06 14:18:03",435.3,2,brazvan
7863,16681637,nasu01,"2026-08-07 10:14:10",435.2,2,nasu01
7864,16723072,Arthurt1,"2026-09-23 22:09:27",435.2,1,arthurt1
7865,16653049,"Umut Doruk Öztürk","2026-09-02 09:52:16",435.2,2,umutdorukztrk
7866,16692618,"Ali Zakaee","2026-08-09 10:13:02",435.1,1,itheequalizer
7867,16677166,Spectrobot,"2026-08-08 11:11:46",434.9,2,spectrobot
7868,16658219,"Deepesh Pankaj","2026-09-28 07:15:16",434.9,2,deepeshpankaj
7869,16663258,sawe,"2026-09-16 09:10:13",434.9,2,boiihhh
7870,16705276,layr0,"2026-08-14 00:53:11",434.8,2,layr0dotdev
7871,16771725,"Rijusmit Biswas","2026-09-18 10:55:33",434.8,2,rijusmitbiswas
7872,16634060,"Chí Thành Đỗ","2026-08-02 05:11:58",434.5,2,chithanhdeptrai
7873,16738218,kiyo,"2026-09-10 13:01:37",434.5,2,kiyohiro
7874,16668185,"Swayam Chavan","2026-08-09 01:12:23",434.5,2,swamboy
7875,16623271,"William Morley","2026-07-31 10:09:16",434.3,2,williamkmorley
7876,16855836,"Srinivasan Raghavan","2026-09-08 18:07:38",434.3,1,srinivasan1812
7877,16676482,GitLyf,"2026-08-16 12:47:59",434.2,2,"jaideva30,rohithkrishnaak"
7878,16662167,"Tara Singh Kharwad","2026-08-05 17:13:10",434.0,2,tarasi7261
7879,16661360,"Jasper Jiss","2026-08-13 18:45:37",434.0,2,jasperjiss
7880,16707331,"Simon Ziegs","2026-08-23 22:54:11",433.9,2,simonziegs
7881,16623824,zhangende02,"2026-08-01 01:15:21",433.9,2,zhangende02
7882,16893255,"Amal Raj Singh","2026-09-19 08:37:00",433.9,2,amalrajsingh
7883,16729086,samanyu,"2026-08-23 10:13:11",433.9,2,samanyu1808
7884,16654347,"aarav maheshwari1","2026-08-26 05:57:03",433.8,2,aaravmaheshwari1
7885,16825489,"Monishwar S","2026-09-24 18:56:22",433.8,2,monishwar2718
7886,16681655,"Tae seong Gim","2026-08-14 14:14:10",433.7,2,taeseonggim
7887,16656568,"FARIATHTHEEN F","2026-08-04 11:44:49",433.5,2,fariaththeenf
7888,16717051,"Chirag Hosdurga","2026-08-13 13:38:41",433.3,2,chiraghosdurga
7889,16651872,Evgen21,"2026-08-05 14:03:50",433.3,2,evgen21
7890,16729522,all-coder,"2026-08-16 17:55:08",433.2,2,allcoder
7891,16675631,"Aswini Gowda","2026-08-10 05:37:33",433.0,2,aswinigowda
7892,16676497,"Non-veg plants","2026-08-07 09:54:00",433.0,2,mohammadshadabshaikh
7893,16664004,"Me, Myself, and I","2026-08-11 03:57:46",432.9,2,notlunarxd
7894,16936983,"hanlin zhu","2026-09-22 13:06:50",432.8,2,dhanlinzhud
7895,16654394,sserges,"2026-08-08 20:46:14",432.8,2,sserges
7896,16663976,"wangyang denis","2026-08-12 06:26:08",432.7,2,wangyangdenis
7897,16786264,"THISHA S","2026-09-06 06:53:09",432.6,2,thishas
7898,16705510,"Palak Choudhary","2026-08-11 07:12:44",432.4,2,palak2564
7899,16838929,Charlesm85,"2026-09-06 05:56:26",432.4,2,charlesm85
7900,16838619,HeroGod,"2026-09-05 12:25:27",432.3,2,herogod
7901,16676256,"Kotaro Nakamura","2026-08-11 22:18:41",432.3,2,kotaroma
7902,16675340,"SHAURYA SHARMA","2026-09-03 00:57:48",432.2,2,shauryas555
7903,16776824,"Manuel Santiago Atencio","2026-09-27 13:35:09",432.2,2,manuelsatencio
7904,16723614,"James Atteh","2026-09-12 06:28:17",432.0,2,jamesatteh
7905,16718517,"Jessica Yin","2026-08-17 00:10:31",431.9,2,jeqyin
7906,16809943,"A Rook","2026-09-03 19:06:08",431.8,2,rookcastle
7907,16683761,"Chiefmen749 Aris","2026-08-10 07:42:42",431.7,2,saysplayz
7908,16698141,Zippo,"2026-08-16 05:44:18",431.7,2,gagemerrick
7909,16757135,Agrihand,"2026-09-02 15:00:23",431.6,2,mayur756
7910,16755159,"Kay Gijzen","2026-08-23 11:51:31",431.6,2,kaygijzen
7911,16730041,cracksbot,"2026-09-29 04:55:08",431.6,2,cracksbot
7912,16668331,"Maitreya Mohapatra","2026-09-23 22:26:09",431.5,2,maitreyamohapatra
7913,16661786,Nagaraju,"2026-08-10 01:53:04",431.2,2,orugantn
7914,16637342,SupremeWarrior108,"2026-09-20 19:21:39",431.1,2,supremewarrior108
7915,16786101,Cai0Emanuel,"2026-08-29 01:11:51",431.1,1,cai0emanuel
7916,16668093,Sai_Dattu,"2026-08-07 07:35:01",431.0,2,saidattu2003
7917,16660420,tipofyzik,"2026-09-05 14:34:30",431.0,2,tipofyzik
7918,16652661,"Petru-Mihai Craciun","2026-08-05 14:55:07",430.9,2,petrumihaicraciun
7919,16706843,"yh z","2026-08-11 09:32:56",430.8,1,yhz123456
7920,16655820,"Cory Tortorici","2026-08-08 15:20:42",430.5,2,corytortorici
7921,16706054,"ErrorX Info","2026-08-20 11:30:03",430.5,2,"errorxinfo,shyampatel47"
7922,16755677,"Rutwik Kumar M","2026-08-26 16:31:00",430.4,2,rutwikkumarm
7923,16725957,"Ayman Tarig Mohammedosman Elgadi","2026-08-24 02:57:16",430.4,2,aymantarig17
7924,16730870,"Jiang Ryan","2026-09-03 03:37:12",430.3,2,jiangryan
7925,16726441,Enrique.rfm,"2026-09-14 16:40:46",430.2,2,enriquerfm
7926,16627313,"Zafer Liu","2026-08-03 05:13:39",430.2,2,zaferliu
7927,16944547,アライグマ,"2026-09-23 12:54:39",430.1,1,alaiguma
7928,16641501,Sonal,"2026-08-08 22:07:46",429.9,2,sonalm13
7929,16759239,SunYaoXi,"2026-08-27 09:32:42",429.7,2,sunyaoxi
7930,16663594,"NGU BLACK SANTA","2026-08-05 15:23:10",429.7,2,ngublacksanta
7931,16663622,sammuq1,"2026-08-10 23:56:19",429.6,2,sammuq1
7932,16729214,kisamaki0815,"2026-08-28 01:21:57",429.5,2,kisamaki0815
7933,16764151,Jpadilla987@gmail.com,"2026-08-25 21:00:27",429.4,2,jpadilla987gmailcom
7934,16666132,andres555,"2026-08-28 14:36:21",429.4,2,"andres555,violalin"
7935,16883188,gunnarrrr,"2026-09-30 13:05:25",429.3,2,gunnarrrr
7936,16666447,"Shuaib ayad Jasim Jasim","2026-08-06 20:51:47",429.1,2,shuaibayadjasimjasim
7937,16698029,"Meet Vachhani","2026-08-10 18:34:55",428.8,2,meetvachhani7
7938,16660697,"Dannis Wong11","2026-09-09 10:07:46",428.8,2,danniswong11
7939,16713557,kaggri-kal-chal,"2026-09-16 18:53:51",428.7,2,"nainikaanish,shrivastavaaryan"
7940,16759112,songxin,"2026-09-30 16:53:45",428.7,2,likewaterandwind
7941,16853371,JIAWEILI0001,"2026-09-23 15:42:25",428.4,2,jiaweili0001
7942,16752081,"Ahmad Dehaini","2026-08-30 06:04:54",428.0,2,ahmaddehaini
7943,16904320,"Flying Duck","2026-09-30 01:18:46",427.8,2,dreame1
7944,16745980,"Arif Amijoyo","2026-08-30 07:54:40",427.7,2,arifamijoyo
7945,16670090,"Gianpaolo Nettis","2026-08-24 08:42:07",427.4,2,rakes7
7946,16892719,"Sandeep Guttavalli","2026-09-21 11:33:21",427.3,2,sandeepguttavalli
7947,16877297,"Aaryan Gole","2026-09-15 09:37:08",427.3,2,aaryangole
7948,16666878,aaronykchen,"2026-08-17 15:06:13",427.2,2,aaronyukuchen
7949,16815817,haiy_qq,"2026-09-04 01:41:26",427.1,2,haiyqq
7950,16891504,"Taha N Kaya","2026-09-14 14:03:21",426.9,1,tahankaya
7951,16696993,healer2408,"2026-08-15 07:10:57",426.9,2,healer2408
7952,16925447,"Peter Tinashe Mundowa","2026-09-20 09:37:57",426.9,2,petermundowa
7953,16658014,Bharath,"2026-09-30 14:27:56",426.4,2,pes2ug23cs121
7954,16731790,"A random farmer","2026-08-18 02:19:53",426.4,1,hinatatokuda
7955,16881765,"aakriti & tanya","2026-09-18 11:53:42",426.2,2,"aakritiinchaos,tanyac1"
7956,16804803,"01000110 01010101 01000011 01001011 00100000 01011001 01001111 01010101 00100001","2026-09-14 16:38:59",426.1,1,f01010101
7957,16696061,Mingyuan2002,"2026-09-22 04:17:12",426.1,2,mingyuan2002
7958,16770440,"Tegar Putrayas Dentatama","2026-09-27 06:32:14",425.9,2,tegarputrayasd
7959,16936198,"Greedy Acres","2026-09-30 06:40:58",425.9,2,axelmd
7960,16668241,"Shreyansh Kanotra","2026-08-08 19:56:15",425.8,2,shreyanshkanotra
7961,16663871,"Iyed Djebbi","2026-08-07 09:25:07",425.7,2,iyeddjebbi
7962,16655881,"Zhuoran Zhao","2026-08-07 16:50:04",425.6,2,yearcakes
7963,16854332,kotaross,"2026-09-09 15:18:06",425.6,2,kotaross
7964,16659658,"Tim Wong","2026-08-06 02:02:30",425.5,2,wai0186
7965,16624414,"Chaitanya Jamble","2026-07-31 05:42:10",425.4,1,chaitanyajamble
7966,16683316,moonriver0922,"2026-08-11 07:04:11",425.3,2,moonriver0922
7967,16657312,"baolood herid","2026-08-06 13:13:48",425.3,2,baoloodherid
7968,16885547,L0k1xd,"2026-09-13 10:04:10",425.2,2,l0k1xd
7969,16660343,"Mert Olgun899","2026-08-05 13:05:07",425.2,2,mertolgun899
7970,16683390,Christopher34,"2026-08-08 00:20:59",425.2,2,christopher34
7971,16805621,"DIVYANSH KUMAR SINGH CHAUHAN","2026-09-02 04:04:53",425.1,2,capdiv
7972,16632855,Shreyash_Automation,"2026-08-21 00:06:49",425.1,2,shreyashautomation
7973,16657520,"Joel De la Cruz Fuertes","2026-08-12 16:33:48",425.0,2,joeldcf
7974,16691704,"Rahman Aliyev","2026-09-10 17:59:57",424.9,2,rahman4li
7975,16675215,"Viljen Apalset Vassbø","2026-08-06 22:24:44",424.7,2,viljenapalsetvassb
7976,16663104,Sohan,"2026-08-23 14:42:40",424.6,2,sohansinghrawat
7977,16856112,"Thomas White","2026-09-08 19:39:13",424.5,1,leopardguy
7978,16757366,"Sean Connolly","2026-09-05 04:10:21",424.0,2,seanconnolly
7979,16670464,halfpintcider,"2026-09-16 08:50:31",423.8,2,"amoghdeshpande2021,visspric7"
7980,16792392,pansya,"2026-09-20 10:00:15",423.8,2,pansya
7981,16651042,Mira_332,"2026-08-27 04:58:29",423.8,2,ichiiohno
7982,16743032,"Sabarishvar S S","2026-09-03 17:49:08",423.7,1,sabarishvarss
7983,16666873,"linli duan","2026-08-12 15:06:42",423.6,2,linliduan
7984,16671033,"Alexandr Shustikov","2026-09-17 22:35:17",423.5,2,alexandrshustikov
7985,16623712,Dapp,"2026-08-03 23:09:19",423.4,2,lgloria
7986,16661751,"Shailaja J","2026-08-12 14:51:15",423.4,1,shailajaj
7987,16926880,KarthikeyaAnna,"2026-09-20 13:40:19",423.3,2,karthikeyaanna
7988,16725065,"Maxim Smirnov","2026-08-15 13:21:05",423.2,2,smirnoffmg
7989,16701367,CryptoQuant1992,"2026-08-11 13:04:12",423.2,2,cryptoquant1992
7990,16659080,VENKY,"2026-08-07 17:22:03",423.1,2,venkateshthatha
7991,16845679,"Wenhai Tang (raisin)","2026-09-07 03:33:14",423.1,1,wenhaitangraisin
7992,16734601,sweetlesson,"2026-08-18 00:40:55",423.0,2,sweetlesson
7993,16660455,"Alex Kapend","2026-08-05 08:42:26",423.0,2,alexkapend
7994,16712488,"Vansh Bhura","2026-08-12 14:23:18",422.9,2,vanshbhura
7995,16880350,喜欢逢坂大河,"2026-09-16 08:36:54",422.8,2,yhsno69
7996,16735206,"Shiyal Kishan","2026-08-20 04:01:28",422.7,2,shiyalkishan01
7997,16749271,"Shoki Suzuki","2026-09-26 15:00:23",422.7,2,shokisuzuki
7998,16697396,"Collective Win","2026-08-18 05:10:12",422.6,2,collectivewin
7999,16858543,"Fakhar Mustafa","2026-09-10 05:07:39",422.5,2,fakhar90
8000,16662726,"Juan Carlos González Aguilar","2026-08-14 19:54:48",422.5,2,juancg
8001,16875460,"Safa Nasrin","2026-09-24 07:30:11",422.3,2,safanasri
8002,16686093,"Muhammad Usman Butt","2026-08-07 22:00:04",422.3,2,debugdemon
8003,16780783,pri,"2026-09-28 16:19:30",422.2,2,priscilamaria5363
8004,16919106,Jocelyn--JY03,"2026-09-23 05:45:05",421.9,2,jocelynjy03
8005,16918251,modolu,"2026-09-29 21:10:29",421.8,1,modolu
8006,16638967,"Jenny Luo","2026-08-01 23:55:07",421.8,2,"jennyluo96,kyeoh92"
8007,16773043,"Petani Baik","2026-09-03 00:56:35",421.7,2,durrahandri
8008,16660990,"Bunny Tang","2026-09-10 14:33:23",421.7,2,tanghung64
8009,16708409,toshiconner,"2026-08-12 06:30:06",421.6,2,toshiconner
8010,16802580,WarlockCode,"2026-09-03 14:07:58",421.5,2,maktub83
8011,16707437,"Ivan Plekhanov","2026-08-11 12:03:11",421.3,1,nnob0dy
8012,16630896,OpenBuilder,"2026-08-08 12:09:06",421.3,2,weijunguo
8013,16713723,"Jyot Buch","2026-08-12 23:09:41",421.2,2,jyotbuch
8014,16923171,TTaoGaming,"2026-09-29 07:21:21",420.9,1,ttaogaming
8015,16709512,Rustamdurdyyev,"2026-08-31 19:59:56",420.8,2,rustamdurdyyev
8016,16676327,shu10038,"2026-09-14 12:07:16",420.6,2,shu10038
8017,16798529,JimHan123,"2026-09-29 00:25:58",420.5,1,jimhan123
8018,16799224,"Tian Yan666","2026-09-03 14:48:42",420.4,2,tianyan666
8019,16775069,JWlKIM,"2026-08-26 23:22:43",420.1,2,jwlkim
8020,16625149,Rubylicious,"2026-07-31 07:53:00",420.0,2,labibahalya
8021,16679904,"Joshua Bensemann","2026-09-30 06:01:01",419.8,2,qazcat
8022,16841679,Chafuuu,"2026-09-09 16:26:02",419.7,2,chafuuu
8023,16702200,"ANGAD JANGIR","2026-08-11 02:01:38",419.5,2,angadjangir
8024,16757336,Stevejustin,"2026-08-31 04:18:31",419.4,2,stevejustin
8025,16723411,CaZen,"2026-08-15 10:48:16",419.3,2,cathzwah
8026,16662079,"Farrukh Hussain","2026-09-08 11:36:07",419.3,2,farrukhhussai
8027,16684031,"Phillip Kamundia","2026-08-14 20:35:15",419.1,2,phillipkamundia
8028,16668095,Menna_Allah_Samy12,"2026-08-15 15:04:56",419.0,2,mennaallahsamy12
8029,16729996,"Michael Roust","2026-08-18 16:09:56",418.7,2,michaelroust
8030,16664352,"Shreyash Asati","2026-08-06 10:40:56",418.6,1,shreyashasati
8031,16621518,jaccobian,"2026-08-29 08:11:50",418.5,2,harshraj22
8032,16723075,"Cauã Freitas","2026-09-30 11:40:08",418.5,2,cauafreitas
8033,16717912,"Anu Kumari","2026-08-13 18:03:07",418.5,1,anuk16020
8034,16668810,ZZZZGOD,"2026-08-07 19:11:09",418.4,2,zzzzgod
8035,16653429,mktdev,"2026-08-10 12:19:54",418.4,2,mktdev
8036,16791617,"Neil Li","2026-08-30 00:10:32",418.2,1,neilliroub
8037,16663804,"Fredy Meyer","2026-08-05 20:19:51",418.2,2,alexmeyerm
8038,16848309,"Angela Wu","2026-09-09 03:56:03",418.2,1,angelawurx
8039,16751979,"Sasha Sam","2026-08-27 20:02:46",418.2,2,sashasam
8040,16724984,anish711,"2026-08-22 17:54:18",418.1,2,anish711
8041,16655783,KonaKonaz,"2026-08-04 09:36:57",418.1,2,konakonaz
8042,16911283,"Apratim Bajpai","2026-09-18 17:19:51",418.1,2,apratimbajpai
8043,16623528,"Faijur Rahaman","2026-08-20 09:40:07",417.9,2,faijurrahaman
8044,16700596,"Markel Iru","2026-08-13 15:52:53",417.8,2,markeliru
8045,16838460,"Yash Vardhan","2026-09-08 07:39:50",417.8,2,poruskapil1
8046,16714240,"The Shovel","2026-08-26 03:21:18",417.5,2,"astapasta0,qotqat"
8047,16719679,ZhiruiLuo,"2026-08-25 15:52:57",417.3,1,zhirluo
8048,16728945,"Suryansh Kulshreshtha","2026-09-28 11:01:16",417.2,2,"busyfellow,suryanshkulshreshtha"
8049,16859368,"Emmanuel King Christopher","2026-09-09 23:31:24",416.7,1,emmanuelkingchris
8050,16666066,Khush3e,"2026-09-16 23:20:51",416.4,2,khush3e
8051,16798512,"Yuichiro Kinoshita","2026-09-30 14:32:36",416.4,2,yuichirokinoshita
8052,16773264,LA28,"2026-09-03 19:44:02",416.3,2,saisreelasyaappali
8053,16692373,"Ornevis Montero","2026-08-20 01:59:43",416.1,2,ornevisbolaosmontero
8054,16732513,Taogege,"2026-09-22 09:17:12",416.1,2,"liyiyiyi6,taogege520"
8055,16671665,"Kobata Sota","2026-08-06 07:17:03",416.0,1,kobatasota
8056,16941853,"Prem Raga1809","2026-09-23 18:27:49",416.0,2,premraga1809
8057,16726765,"Ali Al-Killidar","2026-08-16 09:47:37",415.9,1,alialkillidar
8058,16862497,DefiAudit,"2026-09-30 00:13:00",415.9,2,defiaudit
8059,16827781,c1626343198,"2026-09-04 14:50:37",415.8,2,c1626343198
8060,16633097,"Matheus Bonjour Laviola da Silva","2026-08-02 11:08:21",415.8,2,matheusbonjour
8061,16934824,Ken,"2026-09-21 09:28:50",415.7,2,kensuke77
8062,16657574,harikrishnacs,"2026-08-04 12:28:53",415.7,2,harikrishnacs
8063,16659414,TTGP_TEAM,"2026-08-06 15:33:09",415.6,2,phttrntrnggia
8064,16719296,Mr.TtT_Games,"2026-08-14 04:58:39",415.6,2,mrtttgames
8065,16668368,"Waleed Hasan","2026-08-12 01:42:22",415.4,2,whasan
8066,16784400,K_DHEERAJ_11,"2026-08-31 02:58:38",415.2,2,kdheeraj11
8067,16912864,zhzhang,"2026-09-19 12:54:48",415.2,2,lililizh11
8068,16677047,LINOXYR,"2026-08-15 13:13:58",415.1,2,linoxyr
8069,16795399,"Diksha Phartyal","2026-09-30 05:46:40",415.0,1,dikshaphartyal
8070,16661966,Rocket,"2026-08-29 18:05:35",414.9,2,"aarchie4,nick16541,siddharthdongardive"
8071,16695095,"Jayanth Chowdary","2026-08-22 17:50:39",414.9,2,jayanthchowdary24
8072,16927170,"çağrı okan","2026-09-19 23:33:54",414.5,2,cagrokan
8073,16669168,"Kingsley Jide","2026-08-31 21:30:18",414.5,2,kingsleyjide
8074,16669945,"Turab Zaidi","2026-08-07 13:27:44",414.2,2,turabzaidi
8075,16709910,Spinort,"2026-09-30 17:24:05",414.1,2,spinort
8076,16654290,"Srinivasa Ranga","2026-09-23 20:38:38",413.9,2,srinivasaranga
8077,16662896,"Adrian Dubois","2026-09-21 03:33:43",413.5,2,adriandubois
8078,16726882,"Albert Yu","2026-08-17 00:01:53",413.3,2,yukinying
8079,16763400,"Parth Sarnobat","2026-09-24 18:54:48",413.1,2,parthsarnobat
8080,16807636,"Liu Panfeng","2026-09-05 00:30:20",413.1,2,liupanfeng
8081,16808646,"Yimeng Wang","2026-09-27 15:09:20",412.9,2,yimengwang0814
8082,16785932,"Thomas Yi","2026-09-04 00:33:06",412.9,2,tyyslashd
8083,16664129,"Mr M 8641","2026-08-06 18:57:45",412.9,2,mrm8641
8084,16693255,"Carlos Hideo Yamaguchi","2026-08-10 00:59:12",412.9,2,carloshy
8085,16684776,"D Rithika","2026-08-10 18:36:30",412.9,2,drithika
8086,16809998,chzCharbs,"2026-09-15 08:14:49",412.8,2,chzcharbel
8087,16658678,"Manav Aghera","2026-09-06 18:16:28",412.8,2,manavaghera
8088,16864670,"Takahiro Cho","2026-09-10 04:55:10",412.6,1,takahirocho
8089,16632841,AGG,"2026-09-05 18:33:20",412.5,2,aleixgim
8090,16694497,Kawai,"2026-09-25 17:21:01",412.5,2,"lavendermoon19,sumitwod"
8091,16719460,"Amon #2","2026-08-15 12:40:41",412.5,2,ezjameng
8092,16795330,"Alejandro Villacampa","2026-09-02 17:32:11",412.2,2,avillacampa
8093,16633786,tuannm3812,"2026-08-28 08:00:42",412.2,2,tuannm3812
8094,16623135,mohduwaishchaudhary,"2026-07-30 22:05:45",412.1,2,muwaish5
8095,16705640,"Dongre Laxman","2026-08-12 12:36:29",411.9,2,dongrelaxman
8096,16735012,"Shuvam Swapnil Dash","2026-08-28 19:56:48",411.9,2,"shashwatmandal,shuvamswapnildash"
8097,16748500,stimmie,"2026-08-30 16:11:56",411.8,2,stimmie
8098,16706790,"Stas Chereshkevich","2026-08-19 12:23:33",411.7,2,staschereshkevich
8099,16691761,"Evie Barker","2026-08-15 13:40:05",411.7,2,eviebarker
8100,16702980,GCSudarshanReddy,"2026-08-15 17:32:06",411.4,2,gcsudarshanreddy
8101,16682906,Masiki,"2026-09-05 13:55:54",411.4,2,blackseed
8102,16716299,Biwaaa67,"2026-08-13 19:57:06",411.1,1,biwaaa67
8103,16695828,rihiRule,"2026-08-11 13:40:24",411.1,2,rihirule
8104,16834632,casua132,"2026-09-05 07:56:17",410.7,1,casua132
8105,16778886,"Sandeep Das","2026-08-31 09:48:37",410.6,2,sandypos
8106,16686796,"Harinath Reddy A","2026-08-23 21:23:45",410.1,2,harynath
8107,16717420,"Muhammad Yasir Sarwar","2026-08-13 14:40:09",410.1,2,muhammadyasirsarwar
8108,16676205,"Alhassan Fedawy","2026-08-14 17:15:07",409.8,2,alhassanfedawy
8109,16768262,"Brayan Miranda G","2026-08-26 19:40:15",409.8,2,brayanmirandag
8110,16644023,"Yiğit Efe Albaş","2026-08-02 18:34:39",409.8,1,yiitefealba
8111,16706184,"Lingaraju Saikumar","2026-08-16 11:51:34",409.7,2,lingarajusaikumar
8112,16639764,CortexExplorer,"2026-09-20 15:15:59",409.7,2,cortexexplorer
8113,16654258,"Ashray Bagde","2026-08-13 08:13:00",409.7,2,ashrayaaaaa
8114,16660073,"Mahad Kakooza","2026-09-06 20:30:18",409.6,2,mahadkakooza
8115,16792630,Vipluv1,"2026-09-04 20:32:56",409.6,2,vipluv1
8116,16733343,"Ayam Dhotekar","2026-09-27 10:42:18",409.5,2,ayamdhotekar
8117,16742009,"Mutyam kavyanjali","2026-08-19 10:25:06",409.5,1,mutyamkavyanjali
8118,16661014,manu,"2026-08-16 04:45:12",409.3,2,manupandit
8119,16665400,FieldOps,"2026-09-30 06:45:03",409.1,2,sycpr1me
8120,16692782,"Andres Regino","2026-08-23 20:26:03",409.0,2,andresregino
8121,16758987,"Irtaza Ahmed Khan","2026-09-08 06:38:25",408.8,2,yrrebeere
8122,16659588,"Priya J","2026-09-30 13:58:50",408.6,2,priyaj21
8123,16931956,Aari101,"2026-09-20 19:23:51",408.6,2,aari101
8124,16717679,mureee,"2026-09-28 13:05:07",408.6,2,"hosyan3279,mureee54"
8125,16654175,abhiv142,"2026-08-11 13:22:03",408.5,2,abhiv142
8126,16726285,Dhananjay,"2026-08-15 18:48:20",408.4,2,dhananjaylakkawar
8127,16768578,"Patrick Lzz","2026-08-25 02:56:30",408.3,2,patricklzz
8128,16638953,"Joe Young","2026-08-03 19:23:13",408.2,2,jsphyg
8129,16925537,pballurkar,"2026-09-19 13:08:26",408.1,1,pballurkar
8130,16623582,yunsuxiaozi,"2026-08-01 13:59:57",408.0,2,yunsuxiaozi
8131,16892976,"Tony He","2026-09-19 17:41:31",408.0,2,tonyyang0504
8132,16653998,www1727,"2026-09-15 16:45:05",408.0,2,www1727
8133,16773032,fecrescencio22,"2026-09-02 21:07:10",407.9,2,fecrescencio22
8134,16669170,AsadUsmanFAST,"2026-08-05 22:37:33",407.8,2,asadusmanfast
8135,16729155,WangZihao5649,"2026-08-24 02:32:08",407.8,2,wangzihao5649
8136,16897961,"AIZOYA FarmBrain","2026-09-28 19:05:56",407.8,2,aizoya
8137,16655891,"Yukihito Ikoma","2026-08-27 03:55:41",407.8,2,yikoma
8138,16668141,"Soichiro Mochizuki","2026-08-07 22:13:36",407.7,2,soichiromochizuki
8139,16883044,"Muhammad Olamide","2026-09-16 10:59:44",407.7,2,muhammadolamide
8140,16661194,"Sandeep Vanapalli","2026-08-04 15:37:06",407.6,2,mrleaf
8141,16723779,Matheubern,"2026-09-07 02:24:32",407.6,2,matheubern
8142,16665470,KanakoS,"2026-08-18 13:13:58",407.5,2,kanakos
8143,16793391,"Muhammad Ussman","2026-09-24 20:18:29",407.5,2,muhammadussman
8144,16681441,"Lamiaa Al-bdrani","2026-08-07 04:25:50",407.3,1,lamiaaalbdrani
8145,16655997,tanatet8,"2026-09-05 11:00:05",407.2,2,tanatet8
8146,16664512,oggyiu,"2026-09-01 07:46:10",407.2,1,oggyiu
8147,16633984,"Mongkhon Hatit","2026-08-04 11:58:56",407.2,2,mongkolhatit
8148,16669703,AnubhavBhadani142,"2026-08-15 06:32:19",407.1,2,anubhavbhadani142
8149,16802750,"[Deleted] fafa60dd-8026-43cc-b656-34ca4625ef7d","2026-09-01 12:22:13",407.0,1,del=e2a734cecd171934
8150,16712259,geqiulin,"2026-08-13 04:46:11",407.0,2,geqiulin
8151,16665152,"Ahmed Karim","2026-08-17 11:32:15",406.9,2,versusic
8152,16840668,"Aratrika Ruhal","2026-09-13 23:35:13",406.9,2,aratrikaruhal
8153,16919693,Maham1199,"2026-09-30 12:17:53",406.7,2,maham1199
8154,16792685,李明,"2026-09-22 08:03:47",406.7,2,liming2026good
8155,16659269,"Bedirhan Dinçer","2026-08-10 20:26:46",406.7,2,bedirhandiner
8156,16685615,Spectra,"2026-08-07 16:14:32",406.5,2,thomaskressig
8157,16659659,"michael J king","2026-09-22 02:24:45",406.4,2,michaeljking
8158,16658905,"Anjaneya Tripathi","2026-09-30 13:05:57",406.4,2,anjaneyatripathi
8159,16728839,Mharfe,"2026-09-06 23:26:08",406.2,2,mharfe
8160,16699436,"Oluwaseun O Adeya","2026-08-23 01:22:24",406.0,2,oluwaseunoadeya
8161,16700627,"Benedict Ebito Boyubie","2026-08-10 11:03:38",405.9,1,bboyubie
8162,16623503,"D Mohith","2026-08-01 01:06:22",405.8,2,dmohith
8163,16656902,"Ram Chandra Gupta","2026-08-05 10:18:41",405.7,2,ramchandra142
8164,16795877,"Marco Polo","2026-09-16 00:02:55",405.7,2,zhesong1
8165,16890098,"Binief Ta","2026-09-14 14:08:36",405.7,2,biniefta
8166,16721942,"Daniel Rodriguez Bothe","2026-08-18 16:57:00",405.6,2,danielrodriguezbothe
8167,16738351,"Haidar Faruqi","2026-08-25 05:00:00",405.5,2,haidarfaruqi
8168,16669346,"Jalpesh Vasa","2026-09-30 15:32:01",405.4,2,"deep1812,jalpeshvasa"
8169,16660484,"Waiswa Geoffrey","2026-08-31 08:29:58",405.2,2,waiswageoffrey
8170,16918087,Kenyo8,"2026-09-21 07:47:02",405.2,2,kenyo8
8171,16656156,"Kshitij aucharmal","2026-08-06 04:35:27",405.1,2,narutoaucharmal
8172,16761148,Deku,"2026-08-23 13:36:57",405.0,1,piyushsharma5654
8173,16943142,"ravi AK","2026-09-27 11:50:08",405.0,2,raviak
8174,16728394,"Aisultan Davletkan","2026-08-16 13:01:38",405.0,1,aisdav
8175,16625434,"Chirapathleo Saelim","2026-09-08 08:40:06",404.8,2,chirapathleosaelim
8176,16745485,"Thamires dos Santos ","2026-09-25 01:42:25",404.7,2,thasantos
8177,16669434,"Saugat Kannojia","2026-08-07 11:45:47",404.7,2,saugatkannojia
8178,16664064,lookapmaka,"2026-08-10 17:19:05",404.7,2,lookapmaka
8179,16732395,"Nikita Antonov","2026-08-23 08:33:03",404.6,2,nantonov
8180,16656989,Crunchex,"2026-08-29 10:52:11",404.6,2,"asmo04,chinmaysoni48,codencry"
8181,16659247,cindrella_18,"2026-09-22 09:10:52",404.5,2,"ankithraj30,neharaj1518"
8182,16696959,"Joe Filfli","2026-08-11 10:47:03",404.5,2,joefilfli
8183,16660287,BhatNasir,"2026-08-04 16:29:18",404.4,2,nasir94
8184,16662095,"Buzz shocker","2026-09-13 20:28:48",404.2,2,buzzshocker
8185,16660923,naganikshith,"2026-08-06 08:01:09",404.0,2,naganikshith
8186,16695627,"Xu Lou","2026-08-09 13:01:23",403.8,2,xuxiaozhou666
8187,16798347,"Mr Michael Chung","2026-09-14 19:39:17",403.7,2,mrmichaelchung
8188,16696271,"Neeta Sanjay Gajabi","2026-08-09 14:48:42",403.7,2,neeta2574
8189,16930439,wessa0,"2026-09-22 13:42:39",403.6,2,wessa0
8190,16659018,"Ramziddin Toxirov","2026-08-11 04:58:03",403.6,2,ramziddintoxirov
8191,16657502,Jasmeen,"2026-08-16 08:59:05",403.5,2,jasmeen0207
8192,16640814,"Kritika Adhikari","2026-08-07 09:25:26",403.3,2,kritikaadhikari
8193,16663055,jainish_d24ce180,"2026-08-10 13:54:40",403.2,2,jainishshah35
8194,16785010,"Victor Wangles","2026-08-28 16:01:17",403.1,1,victorwangles
8195,16657545,"Deepak Singh","2026-08-11 13:50:31",403.1,2,vihaannegi
8196,16662985,DanTheDataScienceMan,"2026-08-05 17:40:06",402.9,1,danthedatascienceman
8197,16689877,Amr_Said1233,"2026-08-08 08:48:28",402.5,1,amrsaid1233
8198,16857871,SHP123SHP,"2026-09-10 03:20:57",402.5,2,shp123shp
8199,16897148,"Ikrame Ibn Hayoun","2026-09-15 14:26:06",402.4,2,ikrameibnhayoun
8200,16660531,greySnow,"2026-09-10 23:39:09",402.3,2,shlomoron
8201,16672292,"KARTIKEY PANWAR","2026-08-06 05:46:16",402.1,2,kartikeypanwar
8202,16700294,"SWAPNEEL BANERJEE","2026-09-24 15:53:50",401.9,2,swapneelbanerjee
8203,16662133,"Ding Lifeng","2026-08-29 08:20:49",401.8,2,dinglifeng
8204,16678819,"Digant Kathiriya","2026-08-07 02:07:51",401.7,2,digantkathiriya
8205,16811013,"Sara Vahidestakhri","2026-09-03 00:32:07",401.7,1,saravahidestakhri
8206,16709299,"Divyanshu Choudhary","2026-09-04 13:13:32",401.4,2,divyanshuchoudhary25
8207,16654947,"Ömer Hüseynov","2026-08-08 22:06:03",401.2,2,omarhuseynov
8208,16623631,SeaEag1e,"2026-07-31 06:26:17",401.1,1,seaeag1e
8209,16689256,"Pavan Pusapati","2026-09-17 11:26:52",401.0,1,pavanpusapati
8210,16665356,No1,"2026-09-30 06:38:11",400.9,2,prajyotr
8211,16666479,"Prajwal Nivangune","2026-08-09 18:33:51",400.6,2,prajwalnivangune
8212,16715404,"karthik reddy","2026-09-04 01:34:50",400.6,2,karthikreddyp
8213,16689017,"Mounica Challa","2026-09-17 19:39:39",400.6,2,mounicachalla
8214,16751796,"Leo Pallorina","2026-08-23 14:06:17",400.6,2,lelelsp
8215,16716702,"majjati khalid ","2026-08-19 14:12:32",400.6,2,khalidma
8216,16790603,xinbao,"2026-09-22 05:21:16",400.4,2,zww123456
8217,16763523,"Nam Khánh Lê","2026-09-02 06:28:44",400.3,2,"khanhss,khimbodoi"
8218,16664406,"MURDER GOOSE","2026-08-05 09:45:33",400.2,2,ujjwalar
8219,16744018,"ZK Adam","2026-08-27 17:40:04",400.2,2,zkadam
8220,16629201,"GUILLERMO REY PANIAGUA","2026-08-01 16:41:58",400.0,2,guillermoreypaniagua
8221,16765863,MADUPU.SRINIDHI,"2026-09-05 10:31:08",400.0,2,madupusrinidhi
8222,16896794,Cidoai,"2026-09-18 08:45:45",400.0,2,cidoai
8223,16665040,"Arnav Yashlaha","2026-08-05 05:44:26",399.9,2,arnavyashlaha
8224,16732355,"Nagesh gite","2026-09-06 07:44:05",399.7,2,"kuberb,nageshgite,vasugupta1121"
8225,16671911,"Dwi Eflatino","2026-08-16 10:44:17",399.6,2,eflatino
8226,16665988,"Ronel maamoc","2026-08-31 09:37:13",399.5,2,ronelmaamoc
8227,16750435,"Oleksandr Zalievskyi","2026-08-23 18:34:59",399.5,2,sashaworker
8228,16925224,Raosaheb,"2026-09-20 08:17:04",399.4,2,raosahebmore
8229,16758192,"Dev Monk","2026-08-29 14:03:22",399.3,2,devmonk63
8230,16926757,MengXun326,"2026-09-20 21:55:59",399.3,2,mengxun326
8231,16666596,"Daumas Benjamin","2026-09-03 10:05:38",399.3,2,daumasbenjamin
8232,16661717,"Yaswanth Ippili","2026-08-06 11:32:13",399.2,2,yaswanthippili
8233,16849620,rgbweston,"2026-09-07 18:00:17",399.2,1,rgbweston
8234,16907577,"Дмитрий Витальевич","2026-09-17 07:59:28",399.2,2,mtkrqt
8235,16735934,"Uday Kiran003","2026-08-18 06:23:18",399.1,1,udaykiran003
8236,16663815,"Tetsuya Sasaki","2026-09-05 00:00:30",399.0,2,sasakitetsuya
8237,16759916,"Jeevith G","2026-08-23 06:58:50",398.9,2,jeevithg090
8238,16818498,"AARYAN VISHAL","2026-09-07 11:53:23",398.9,2,aaryanvishal
8239,16625418,"Hariprasanth Paranjothy","2026-08-01 05:52:19",398.8,2,hariprasanth8
8240,16696939,"Keaton Zang","2026-08-10 21:24:20",398.7,1,keatonzang
8241,16796102,yiliang,"2026-08-31 12:55:20",398.7,2,yilianglv
8242,16632503,"Wei Hsiang Lin111","2026-08-01 07:42:33",398.6,2,weihsianglin111
8243,16712633,"Andy Andy","2026-08-13 08:11:38",398.6,2,andy3373
8244,16631609,dlougen,"2026-08-04 16:40:03",398.5,2,dlougen
8245,16778939,"Stepan Antonov","2026-08-27 07:59:30",398.4,1,stepanantonov
8246,16659459,"Akandé Philippe ABIODOUN","2026-08-06 11:58:09",398.3,2,vrmelo
8247,16757351,SaiVenkatesh,"2026-09-05 10:30:00",398.2,2,nothingnew
8248,16698570,MurphyIIVan,"2026-08-10 03:35:41",398.1,2,murphyiivan
8249,16686411,NeoCodes.Dev,"2026-08-23 23:53:10",398.0,2,neocodesdev
8250,16907754,Shenghan,"2026-09-22 16:17:41",397.8,2,shenghanxie
8251,16664401,"Pranav Premchand","2026-08-05 03:07:24",397.8,1,pranavpremchand
8252,16892644,ElKnilcho,"2026-09-14 19:01:37",397.7,2,elknilcho
8253,16776777,cerceanit,"2026-08-29 14:51:48",397.7,1,uaisamangeldi
8254,16638704,"Lee Yen Fei","2026-09-01 03:31:45",397.4,2,leeyenfei
8255,16721530,revv0o,"2026-08-15 13:58:34",397.2,2,revv0o
8256,16839419,"Gunratna borkar","2026-09-05 23:32:33",397.2,2,gunratnaborkar
8257,16634911,onlytimeknows,"2026-08-22 12:31:11",397.2,2,onlytimeknows
8258,16786328,"DanishGW School","2026-09-02 03:50:19",397.1,2,danishgwschool
8259,16630020,"Piotr Gabrys","2026-08-09 16:53:59",397.1,2,piotrekga
8260,16656579,"Riad Rayhan","2026-08-15 06:40:35",397.0,2,riadrayhan
8261,16712906,"Sharad Garg","2026-08-13 14:54:43",396.9,2,sharadgarg
8262,16796474,"Chaitanya Mundhe ","2026-09-13 12:27:10",396.9,2,chaitanyamundhe
8263,16664818,"B M Dimpu Shree","2026-08-21 10:51:22",396.8,2,bmdimpushree
8264,16662646,"Jay Parsana","2026-08-09 18:07:10",396.7,2,jay051
8265,16711374,Jascha,"2026-08-13 11:22:30",396.2,2,lippja
8266,16850232,"Kharchenko Bogdan","2026-09-09 18:57:16",396.1,2,kharchenkobogdan
8267,16707987,"Big Balls Entertainment","2026-08-12 10:18:24",396.0,2,"pavivin,semenkolesnikov"
8268,16805176,"Hritvika Tawde","2026-09-13 11:22:46",396.0,2,hritvikatawde
8269,16655372,abobakrosman87,"2026-09-26 04:03:07",395.9,2,abobakrosman87
8270,16661990,"Olaoluwa Abiodun","2026-08-05 14:57:07",395.8,2,laoluwaa
8271,16675385,Apex🦾,"2026-08-14 18:00:17",395.8,2,"raghadabdullara,renadahmadalamri,zzainh"
8272,16715416,"Md. Adnan","2026-09-20 08:53:58",395.7,2,mdadnan96
8273,16778908,"PATIL ADITYA PANDURANG","2026-09-29 13:22:04",395.6,2,"jagdalepranavsagar,patiladityapandurang,pavankadam7005"
8274,16685904,KavYaHD,"2026-08-10 13:02:45",395.6,2,kavyahd
8275,16657712,"samuel job Adeola ","2026-09-20 22:25:10",395.6,2,samueljobadeola
8276,16656951,"[Deleted] 6015b650-8e16-4705-8036-db40bdd2d353","2026-08-04 09:08:05",395.3,1,del=084ea76838ad756b
8277,16716657,"Jasti Phani","2026-08-19 08:38:00",395.2,1,jastiphani
8278,16675232,"Rafif Ariq Rabbani","2026-08-27 19:37:32",395.1,2,rafifariqrabbani
8279,16658535,khanna.rohit5,"2026-08-10 05:00:31",395.0,2,khannarohit5
8280,16657201,ShayML,"2026-08-08 09:02:05",395.0,2,shayml
8281,16686954,"Davie Mdumuka","2026-08-09 19:40:56",394.8,1,daviemdumuka
8282,16668522,"Moatez Litaiem","2026-08-06 16:57:54",394.8,2,moatezlitaiem04
8283,16671913,res67,"2026-08-07 16:22:30",394.8,2,junyeanyap
8284,16654758,f--n,"2026-09-06 13:37:43",394.7,1,a17442473
8285,16666944,"Meghnath S","2026-08-11 01:56:22",394.7,2,meghnaths
8286,16623054,"Max Bond ABE","2026-08-15 22:43:34",394.6,1,maxbondabe
8287,16675043,malibu_orange,"2026-09-05 13:27:13",394.6,2,malibuorange
8288,16658304,"KETHAVATH Aadarsh","2026-08-05 21:00:45",394.2,2,kethavathaadarsh
8289,16890562,Names231,"2026-09-14 16:08:48",394.2,2,names231
8290,16639916,BloomBerry,"2026-08-12 12:38:31",394.0,2,kagglepalandata
8291,16662089,"Alonso Gallego Pacho","2026-08-27 13:27:36",394.0,2,alonsogallegopacho
8292,16875657,"Валерия Захарова","2026-09-12 23:53:56",393.9,2,melomanpanda
8293,16793657,Xin_T,"2026-08-30 16:48:11",393.9,1,xint666
8294,16808705,Danielaijdkx,"2026-09-03 11:29:34",393.8,1,danielaijdkx
8295,16673583,"Priyanshu Jha","2026-08-16 08:10:08",393.7,2,codewithjha
8296,16675462,bkcoban,"2026-08-07 18:22:48",393.7,2,bkcoban
8297,16657054,"ömer umut güngör","2026-08-05 06:10:22",393.6,2,merumutgngr
8298,16691891,"Gagan Thakur","2026-08-16 04:36:51",393.5,2,gaganthakur2006
8299,16845067,"Vineet Gupta","2026-09-14 09:08:20",393.5,1,"graceydugar,vineetgupta2023"
8300,16908873,KelOliHar,"2026-09-18 20:02:58",393.4,2,kelolihar
8301,16662589,"Arunagirinadan Sudharshan","2026-09-27 18:51:57",393.3,2,sudhanaruna
8302,16759765,"Ososanwo Idris Olaitan","2026-09-11 18:38:06",393.3,2,ososanwoidrisolaitan
8303,16749503,ally,"2026-08-23 11:48:49",393.2,2,phamngoclinh
8304,16735580,"Dhiya Nachimuthu","2026-08-30 06:13:38",392.9,2,dhiyanachimuthu
8305,16808233,"Yash Hingane","2026-09-04 12:53:43",392.9,2,yashhingane
8306,16881479,GG,"2026-09-13 11:27:34",392.8,2,ggroth
8307,16774921,"conor lowth","2026-08-28 10:46:42",392.8,2,conorlowth
8308,16802866,"Antonio Di Cecco","2026-09-01 18:37:02",392.6,1,antdic
8309,16726168,"Shrey Modi","2026-08-15 19:42:14",392.6,2,shreymodi2
8310,16747782,"Muhammad Agam Febryan","2026-08-29 18:22:04",392.5,2,muhammadagamfebryan
8311,16690197,"Ankit Kushwaha_06","2026-08-18 08:10:12",392.3,2,ankitkushwaha06
8312,16653006,"anthony mbadiwe ikeme","2026-08-18 09:08:02",392.2,2,anthonymbadiweikeme
8313,16736432,"Sarthak #2","2026-08-18 12:33:53",392.2,2,srthkdixit
8314,16753895,Andrew98,"2026-08-22 13:10:58",391.7,2,vitem98
8315,16790718,"Carlos Alves","2026-09-02 04:29:42",391.6,2,carlosone
8316,16681638,aadi_065_,"2026-09-27 03:50:16",391.5,2,aadi065
8317,16758093,_student,"2026-08-23 22:21:25",391.5,2,drvtalan
8318,16664044,IntentionalSayshara,"2026-09-27 17:50:47",391.5,2,jaelle
8319,16693307,"Vlad Gavrilov","2026-08-09 04:00:29",391.5,2,vladgavrilov
8320,16662319,ethan.ai,"2026-08-13 18:16:35",391.2,2,ethanai
8321,16700685,"Preeti Dhotmal","2026-08-27 11:25:29",391.0,2,preetidhotmal
8322,16719603,"sravan Tirumala","2026-08-14 03:05:43",391.0,1,sravantirumala
8323,16784030,"Pooja Gera","2026-09-02 15:10:47",390.9,2,poojagera00
8324,16919222,"Lakshmi Sayyapureddy","2026-09-20 12:41:09",390.8,2,lakshmisayyapureddy
8325,16725349,"Saj Patel","2026-08-15 21:55:42",390.7,2,sajpatel15
8326,16669102,Ritik,"2026-08-07 18:11:13",390.6,2,xritikx
8327,16689286,"Telman Yusifov","2026-08-09 07:08:46",390.6,2,yusifovtelman
8328,16716589,"Shaik Adilazeez","2026-08-13 09:29:44",390.3,1,shaikadilazeez
8329,16758681,"Sahil suman","2026-08-26 16:26:13",390.3,2,gruntingtorch
8330,16658498,cheesama,"2026-08-04 23:36:18",390.2,2,cheesama
8331,16671773,"Sawyer Lundberg","2026-08-07 03:33:23",390.2,2,sawyerlundberg
8332,16709337,"Chris Turnbull","2026-08-11 22:15:57",390.1,2,christurnbull
8333,16656023,JD_Mello,"2026-09-06 01:41:52",390.0,2,jdmello
8334,16660317,esgranja,"2026-08-04 18:58:48",389.9,1,esgranja
8335,16674278,"Niels de Gier","2026-08-07 15:57:04",389.9,2,nielsdegier
8336,16640810,まさやん,"2026-08-12 15:22:53",389.6,2,masayam1234
8337,16732041,"Vallapu Nandini","2026-08-17 10:22:47",389.4,1,nandinivallapu
8338,16738441,"Moritz Huber","2026-08-30 21:00:10",389.4,2,moritzhuber
8339,16746562,"The Learning loop","2026-09-24 10:32:16",389.2,2,"jananikasenthilkumar,ssjaswanth"
8340,16839457,HugoLee_dreamer,"2026-09-14 01:18:31",388.4,2,hugoleedreamer
8341,16676397,Rohan_Joshi6404,"2026-08-13 13:58:56",388.4,2,rohanjoshi6404
8342,16854266,もふもふ神,"2026-09-12 16:26:42",388.3,2,mohumohukami
8343,16658366,kuroneko,"2026-08-04 10:43:29",388.1,2,kurorosuke
8344,16670475,Adib,"2026-08-06 02:02:27",387.9,2,adibemohamed
8345,16665228,Jason_Qian,"2026-08-05 16:00:43",387.7,2,jasonqia
8346,16763271,crwmble,"2026-09-30 17:02:50",387.5,1,crwmble
8347,16913940,"Mustafa Rehman","2026-09-21 09:33:59",387.2,2,mustafar34
8348,16701064,KMishra011,"2026-08-20 20:30:34",387.2,2,kmishra011
8349,16763938,"joel paul","2026-08-26 02:05:07",387.0,2,joelpaulf
8350,16734431,"Maxwell Herron","2026-08-19 02:06:34",386.8,2,maxwellherron
8351,16768174,lambdap,"2026-09-06 13:25:29",386.7,2,lambdap
8352,16666958,TinkerBotics,"2026-08-05 20:29:19",386.4,2,salosojaedwin
8353,16663286,"Fan Wang","2026-08-10 21:12:40",386.4,2,wangfan420
8354,16709179,"SATENDRA SINGH","2026-09-17 03:39:22",386.2,2,satendrasingh9876
8355,16723068,Kaggricultors,"2026-09-28 22:09:46",386.1,2,"claralimasilva,roberthdouglasufc"
8356,16660318,"Aiman Al-Shalfi","2026-09-14 12:39:08",386.1,2,aimanalshalfi
8357,16658202,"SNAEHATH P","2026-08-06 13:51:15",386.0,2,snaehath
8358,16790615,"Suryansh Vashisth","2026-08-31 10:38:54",385.8,2,songoku2005
8359,16701713,"Максим Хованский","2026-08-10 14:35:38",385.7,1,yeezynaizi
8360,16671532,"Yuri Nakayama","2026-08-13 11:34:55",385.6,2,yurinakayama
8361,16898808,katoue,"2026-09-16 21:47:46",385.5,2,katoue
8362,16661633,"Joseph Garcia","2026-08-19 16:28:08",385.1,2,josephpgar
8363,16625770,"Đức Trung Trần","2026-08-24 11:01:33",384.8,2,ctrungtrn
8364,16804231,illegalplumbing,"2026-09-16 02:55:22",384.7,2,illegalplumbing
8365,16675801,"Neeraj Jha","2026-09-27 07:38:16",384.6,2,neerajjha1996
8366,16660294,"Mohamed Amadu Bangura","2026-08-04 16:14:07",384.6,1,mohamedamadubangura
8367,16671512,"Darren Grendi","2026-08-10 00:38:51",384.4,1,darrengrendi
8368,16761319,Yuvraj,"2026-08-23 07:29:44",384.4,1,yuvrajkr01
8369,16777612,"zebra G","2026-08-27 15:46:59",384.3,1,zebrag
8370,16791546,fatimakhlid,"2026-09-10 21:00:33",384.2,2,fatimakhlid
8371,16757017,"William Green","2026-09-05 01:33:23",384.1,1,dskswu
8372,16662267,"Fahim Montasir","2026-08-10 16:15:10",384.0,2,fahimmontasir
8373,16809931,"john crick","2026-09-16 02:07:20",383.9,2,johncrick
8374,16689344,"Shalini Gangrade","2026-08-09 13:17:30",383.6,2,shalinig1
8375,16750743,"Nagimov Timur","2026-08-20 21:10:30",383.5,2,nagimovtimur
8376,16701885,"Mehdi L.","2026-08-13 13:41:14",382.7,2,lmehdi
8377,16771187,FernandoRB,"2026-08-26 15:53:49",382.6,2,fernandorb
8378,16851939,"Naoya Mieno","2026-09-11 06:19:02",382.5,2,naoyamieno
8379,16678298,"RITIK CHAUDHRY","2026-08-10 13:34:35",382.2,2,ritikchaudhry13
8380,16658227,Gugu888,"2026-08-14 04:27:57",382.0,2,gugu888
8381,16685207,"Koushik Thummu","2026-08-07 18:15:47",382.0,2,koushikthummu
8382,16659720,Project_Kurukshetra,"2026-08-16 05:01:34",381.9,2,"chaitanyaterli05,lavanyayandapalli"
8383,16666257,"Shijian Wen","2026-08-06 09:40:44",381.7,2,shijianwen
8384,16730745,"Aymerou Yaya Koné","2026-09-30 01:26:52",381.3,2,aymerouyayakon
8385,16667615,"Zayd Mulani","2026-08-08 23:05:57",381.2,2,zaydmulani
8386,16772511,"Max Gläser","2026-08-26 23:39:34",381.0,1,maxglser
8387,16893490,"Thales Galuchi","2026-09-30 01:41:40",380.9,2,thalesgaluchi
8388,16723947,"Ariel GNANSOUNOU","2026-09-22 21:11:28",380.7,1,arielgnansounou
8389,16906238,Naaz,"2026-09-17 06:33:26",380.6,2,naaz03
8390,16664514,"Henry Adjanor tetteh","2026-08-12 00:43:41",380.6,2,henryadjanortetteh
8391,16802028,Dong,"2026-09-11 03:53:23",380.3,2,protostar
8392,16624879,indira,"2026-07-31 06:52:02",380.2,2,inansia
8393,16660228,"Ochuwa Pearl Isa","2026-08-06 09:29:36",380.2,2,pearlisa
8394,16661659,"Ivan Zagorulko","2026-08-05 10:53:13",379.7,2,normaldaki278
8395,16796572,"Phan Van Hieu ","2026-08-31 14:23:03",379.6,2,phnvnh
8396,16730589,山谷知輝,"2026-09-02 02:03:05",379.5,2,tomokiyamaya
8397,16667759,"Nafis Fuad Shahid","2026-08-05 19:21:39",379.5,2,nafisfuadshahidd
8398,16892509,"Konko M","2026-09-14 18:52:34",379.3,2,konkomaji
8399,16763714,"shiv #2","2026-09-29 21:55:26",379.2,2,shivkumarr
8400,16662162,"THE predict","2026-08-13 21:18:25",379.0,2,vikaspal505
8401,16888334,"Ohene A","2026-09-14 17:36:00",378.8,2,pamo12
8402,16673825,h_jun,"2026-08-10 06:21:12",378.8,1,lhjoon77
8403,16692825,"Saad Arain","2026-08-09 12:27:08",378.7,2,saad451
8404,16658286,"Jatin Gujarathi","2026-09-20 08:36:06",378.7,2,jatingujarathi
8405,16663674,"Mason Mahar","2026-08-30 04:00:17",378.6,2,masonmahar
8406,16690299,"EL GORRIM MOHAMED","2026-09-01 10:59:10",378.6,2,elgorrimmohamed
8407,16894573,VISHWAPRIYAI,"2026-09-26 05:20:43",378.5,2,vishwapriyai
8408,16692710,"Baran Haydar","2026-08-12 06:56:50",378.5,2,baranhaydar
8409,16665449,AgroVisionAI,"2026-08-11 19:52:49",378.5,2,"aishwaryvarshney,bhuppisharma,kirtisharmaphd,pragyasingh59,priyasingh0590"
8410,16729708,msmsuman,"2026-09-06 11:11:45",378.4,2,msmsumanmuskan
8411,16662081,Ayush_Bhaskar_25323010,"2026-08-08 19:49:56",378.2,2,ayushbhaskar25323010
8412,16803129,hdttnk,"2026-09-02 14:13:00",378.1,2,hdttnk
8413,16638938,Light&Thunder,"2026-08-09 06:39:19",378.0,2,yerne39
8414,16790076,Jessewudao,"2026-09-04 16:54:58",377.9,1,"jessewudao,zongruixie"
8415,16656608,"Jeffrey Dilley","2026-08-04 15:40:08",377.7,1,jeffreydilley
8416,16729351,vlad.shorodok,"2026-08-16 18:05:09",377.5,2,vladshorodok
8417,16659621,Ananya,"2026-09-27 17:41:15",377.5,1,ananya230106
8418,16670257,RonitKhanna333,"2026-08-12 12:22:11",377.5,2,ronitkhanna333
8419,16666334,UnderBlade,"2026-08-05 09:56:11",377.5,2,"athillazaidan,kurtmikhael"
8420,16630662,Akshatjhawar777,"2026-08-05 12:18:30",377.4,2,akshatjhawar777
8421,16661453,"Disleve Kanku","2026-08-14 15:32:51",377.3,2,dislevekanku
8422,16715033,"Colton Byers","2026-08-17 10:41:50",377.3,2,coltonbyers
8423,16643278,"Giovani Moresco","2026-08-06 05:30:45",377.2,2,giovanimoresco
8424,16733318,"Anuj Bolewar","2026-08-18 11:11:01",377.0,2,anujbolewar
8425,16657438,"Udit Aggarwal1","2026-08-08 19:09:27",377.0,2,uditaggarwal1
8426,16794302,bettta11,"2026-09-04 23:25:27",376.9,1,bettta11
8427,16920572,"Mahalakshmi boga","2026-09-26 12:26:50",376.8,2,mahalakshmiboga
8428,16840626,"Christopher Márquez","2026-09-12 22:23:02",376.7,2,christophermrqz1174
8429,16691790,"Akshay Sawant","2026-08-08 19:33:14",376.6,2,akshaysawant8983
8430,16738335,"Xuzhou Dong","2026-08-20 14:39:16",376.2,2,xuzhoudong
8431,16891519,SongShijieCC305,"2026-09-14 16:03:59",376.1,2,songshijiecc305
8432,16669229,"Kayvan Sinha","2026-08-11 15:23:35",376.1,2,kayvansinha
8433,16639727,"Andres Mohali","2026-08-13 23:03:25",376.0,2,mohax3
8434,16708896,"Alberto Scinetti","2026-08-13 19:18:11",376.0,2,albertoscinetti
8435,16768884,z y f 007,"2026-08-31 05:39:35",375.5,2,zyf007
8436,16668431,"Harshpreet Singh #2","2026-08-06 01:06:28",375.5,1,harshpreetsingh45
8437,16660489,"Luca Lullo","2026-09-24 06:56:17",375.4,2,lucalullo
8438,16661095,"AAYUSHMAAN PATEL","2026-08-09 08:16:53",375.3,2,aayushmaanpatel
8439,16664617,BarkeviousBingo,"2026-08-19 04:34:59",375.2,2,barkeviousbingo
8440,16664450,"Fritz Adelbertus","2026-08-10 01:13:44",375.2,1,fritzadelbertus
8441,16622943,"Erwin Huizenga","2026-09-06 15:04:57",375.2,2,erwinh
8442,16774592,"Oliad Dandana","2026-08-27 09:28:20",375.2,2,olidan
8443,16686726,"Skander Neffati","2026-09-19 12:40:23",375.1,1,skanderneffati007
8444,16660852,"K VISHALINI","2026-08-13 06:59:27",374.9,2,kvishalini
8445,16727022,Saharkh99,"2026-09-01 00:18:26",374.7,2,saharkh99
8446,16700342,"FRéeàíbrlghtO0óL Ho","2026-09-30 17:25:56",374.7,1,frebrlghto0lho
8447,16673009,CruelShow,"2026-09-13 10:36:40",374.6,2,cruelshow
8448,16717447,zhiyue666,"2026-09-10 09:01:07",374.4,2,zhiyue666
8449,16855738,"Anuj Gupta","2026-09-09 07:38:48",374.4,2,anuj6540
8450,16735307,"Ayush Dhabsa_real","2026-09-10 09:13:50",374.4,1,ayushdhabsareal
8451,16682869,"Sepideh Rahmati","2026-09-14 09:43:57",374.3,2,sepidehrahmati
8452,16693087,osprey2k,"2026-09-09 02:34:27",374.3,2,osprey2k
8453,16702935,"Defne Demir","2026-08-11 18:27:36",374.3,2,defnedemir
8454,16722122,Abhas20,"2026-08-19 10:02:51",374.3,2,abhas20
8455,16691565,"Blu cky","2026-08-09 19:13:27",374.1,2,llmdablucky
8456,16695479,Anandhasabesan,"2026-08-09 13:50:37",373.6,1,anandhasabesan
8457,16784379,超级陆战队,"2026-08-29 14:43:33",373.6,2,luyi61227
8458,16773370,"Nishant #1","2026-08-26 06:11:42",373.5,1,nishanttomar110
8459,16668159,ABDELGHANY,"2026-08-12 11:04:36",373.4,2,abdelghanyrageh
8460,16622809,"German Vdovin","2026-08-03 00:38:01",373.2,2,ertrerhtytmnbdsefdw
8461,16689970,"Константин Паращук","2026-08-08 09:15:08",373.1,1,kangchenxi
8462,16876529,"Νικόλαος Μπριάκος","2026-09-17 09:06:24",372.9,2,bnikos
8463,16896207,"Bùi Cao Trí","2026-09-15 16:17:43",372.7,1,bicaotr
8464,16931682,"Vijay kumar Gandem","2026-09-20 18:04:40",372.6,2,vijaykumargandem
8465,16757236,"Erlanda Miko P","2026-08-23 07:02:01",372.6,2,snneva
8466,16714425,sileza,"2026-08-13 12:57:35",372.5,1,azelis
8467,16779823,"Jean Dem","2026-08-31 12:38:41",372.5,2,jeandem
8468,16702771,n_samii,"2026-08-14 01:20:08",372.2,2,nsamii
8469,16897491,"Santipab Tongchan","2026-09-15 14:39:58",372.2,1,santipabtongchan
8470,16668696,Fabian,"2026-09-03 15:52:06",372.0,1,fabiantoh98
8471,16755029,"Jashan Bajwa","2026-08-22 12:56:30",371.9,2,jashanbajwa
8472,16894517,kuchinwei,"2026-09-17 14:52:52",371.9,2,kuchinwei
8473,16664454,"Naga Vinay Avvaru","2026-08-05 07:04:44",371.8,2,anagavinay
8474,16691027,"Jelle Maas","2026-08-08 14:58:19",371.7,2,jellemaas
8475,16918421,"Joseph Kosednar","2026-09-29 04:00:19",371.7,2,josephkosednar
8476,16716670,"Aremanda Yasaswini","2026-08-13 09:27:46",371.6,1,aremandayasaswini
8477,16727920,"Youssef Yacoup","2026-09-27 02:17:18",371.5,2,youssefyacoup
8478,16658960,"Amit Kumar","2026-08-06 05:44:30",371.3,2,anmitkumar
8479,16726569,"Andrey Balvaneda","2026-08-17 20:59:45",370.9,2,andreybalvaneda
8480,16710241,"Julien Serbanescu","2026-08-12 14:32:50",370.6,2,julienserbanescu
8481,16780101,jjjhoon,"2026-08-28 04:04:26",370.4,2,jjjhoon
8482,16891781,"mohamed saafan","2026-09-14 14:54:04",370.3,2,mohamedsaafan
8483,16661476,slowpoke,"2026-08-29 16:33:07",370.3,2,banboyechristains
8484,16656860,SamReiswig,"2026-09-02 04:04:09",370.2,1,sreiswig
8485,16721615,"Dai Dai","2026-09-08 07:59:14",370.1,2,jumpingdaidai
8486,16624935,"Anjana mohan","2026-08-01 06:06:39",370.1,2,anjanamohan13
8487,16860003,"Aatif Sayyad","2026-09-10 21:31:13",370.0,2,aatifsayyad
8488,16871705,Bertholdt,"2026-09-30 08:50:04",369.6,2,bertholdt
8489,16693098,broken_gpu,"2026-08-30 10:07:27",369.5,2,brokengpu
8490,16764608,messibeatgravity,"2026-08-24 05:34:05",368.8,1,messibeatgravity
8491,16681209,AgenticBuilder,"2026-08-13 18:44:29",368.7,2,gau2112
8492,16685625,"silvan ion","2026-08-08 13:05:39",368.6,2,john1one
8493,16924761,"Chang Loukas","2026-09-24 06:22:27",368.6,2,changloukas
8494,16903827,"joy lul","2026-09-24 06:52:11",368.6,1,joylul
8495,16684225,"Aum Savaliya","2026-08-10 20:10:02",368.5,2,aumsavaliya
8496,16876354,A_Mose,"2026-09-12 08:57:15",368.4,2,mmameh
8497,16941652,里奥梅东,"2026-09-25 10:55:28",368.3,2,lionalmedong
8498,16927652,"Mukilan A.R.","2026-09-27 03:40:27",368.3,2,mukilanar
8499,16856708,"Joseph Bruneau","2026-09-30 08:50:35",368.2,1,josephbruneau
8500,16630772,"Mitsuhiro Iizuka","2026-08-04 10:31:00",368.0,2,mitsuhiroiizuka
8501,16793944,"Grupo 808","2026-08-30 22:36:59",367.9,1,grupo808
8502,16657687,"Siddardha Shayini","2026-09-15 12:52:57",367.9,2,siddardhashayini3
8503,16785676,Bilal11122,"2026-08-29 08:15:46",367.6,1,bilal11122
8504,16660929,ttkk,"2026-08-12 16:39:58",367.6,1,optimavia
8505,16662964,"Tim Ogilvie","2026-08-13 13:18:59",367.6,2,timogilvie
8506,16934966,"Sai Sagar M.S","2026-09-28 10:35:16",367.5,1,saisagarms
8507,16665959,"Lourenz Baliber","2026-08-18 00:34:06",367.4,1,lourenz
8508,16663981,"Steven Pun","2026-08-07 01:59:52",367.3,2,stevenpunn
8509,16888733,"Sébastien Callegari","2026-09-14 03:49:42",367.2,1,sbastiencallegari
8510,16667987,"Kunj Kansara","2026-08-05 13:41:26",367.1,1,kunjkansara
8511,16759225,"Andrea Jordan Paro","2026-08-24 11:24:14",367.0,2,andreajordanparo
8512,16730060,"Enzo Pio","2026-08-21 16:44:03",367.0,2,enzopio
8513,16809202,amano,"2026-09-03 13:44:49",366.5,2,amanoshotaro
8514,16856809,"Mateusz Kuzniar","2026-09-08 22:14:50",366.4,2,mateuszkuzniar
8515,16668286,"Sabari V","2026-08-15 14:38:41",366.2,2,sabari112005
8516,16906688,"Qiao Ruicheng","2026-09-17 11:47:47",366.2,2,qiaoruicheng
8517,16779505,"Prasad Ovhal","2026-09-24 13:31:06",366.1,2,prasadovhal
8518,16676726,"Manaswi Bansal","2026-08-16 06:28:05",366.0,2,manaswibansal
8519,16677804,"Pravin Takpire","2026-08-11 08:17:51",365.6,2,pravintakpire
8520,16716488,"Will Henderson290","2026-09-21 13:11:11",365.5,2,willhenderson290
8521,16782192,"Marcelo Correa","2026-09-25 11:24:09",365.1,2,mvcorrea
8522,16704985,"Ethan Marchisano","2026-08-24 21:36:54",365.1,2,ethanmarchisano
8523,16658512,fatariq,"2026-08-10 21:18:35",365.0,2,fatariq
8524,16668479,"Muneera Mahjabeen","2026-09-30 15:42:35",364.9,2,muneeramahjabeen
8525,16933048,"Anusuya Gurusamy","2026-09-23 04:45:03",364.8,2,anusuyagurusamy
8526,16706516,"Mohit Khade13","2026-08-26 16:03:22",364.3,2,mohitkhade13
8527,16661891,BALLEN1337,"2026-08-04 19:22:30",364.2,2,ballen1337
8528,16666216,missss,"2026-08-06 06:49:00",364.1,2,missssb
8529,16641606,"Tanisha Sahu","2026-08-02 14:39:27",364.1,2,tanisha3
8530,16660515,"pooja sandali","2026-08-08 05:51:03",364.1,2,poojasandali
8531,16675324,"Attempt Seven","2026-08-10 10:13:50",364.0,2,attemptseven
8532,16667177,"Raunak Phull","2026-08-10 11:14:44",364.0,2,raunakphull4
8533,16670565,"Grant Biellak","2026-08-05 22:52:01",363.9,2,grantbiellak
8534,16656932,"Thivvin Raj","2026-08-13 03:53:35",363.9,2,thivvinraj
8535,16943467,"Goose Gang","2026-09-27 12:52:06",363.8,2,"itzpk16,mohamedfarih,radeshl"
8536,16689349,"Adunola Abdulrahman","2026-08-10 17:38:47",363.7,2,adunolaabdulrahman
8537,16716585,"tejaswini kakollu","2026-08-13 09:12:37",363.7,1,tejaswinikakollu
8538,16717522,kyunyoung,"2026-08-14 07:16:00",363.6,2,kyunyoung
8539,16622097,"Garrick C.P.","2026-08-10 18:12:06",363.5,2,garrickchinnis
8540,16679392,Dickie,"2026-08-09 09:05:10",363.5,2,dickieho
8541,16739939,crescent_star,"2026-09-09 04:42:10",363.5,2,cenzop
8542,16896549,"Nived P A","2026-09-15 16:39:35",363.4,2,nivedpa
8543,16729669,HYPEREUCLIDEAN,"2026-08-19 07:47:48",363.4,2,hypereuclidean
8544,16727480,MSAM,"2026-09-07 13:43:02",363.4,2,arashdeepsinghmaan
8545,16741746,"Ahmed Harfoush","2026-08-19 09:47:45",363.3,1,ahmed1harfoush
8546,16722757,"Sebastian Adamatzky","2026-08-14 19:10:23",363.3,2,sebastianadamatzky
8547,16628521,arai9953,"2026-08-24 22:46:57",362.9,2,arai9953
8548,16732340,"BJ Kim","2026-08-19 15:17:16",362.9,2,doitdoit80
8549,16659394,"יוסף בש","2026-08-09 15:11:23",362.9,2,josiii123212
8550,16933436,"Shi Chen","2026-09-22 07:39:57",362.8,2,hjhhhk
8551,16668268,"Kunal Rout","2026-08-06 05:48:25",362.8,2,charlotte26
8552,16661002,"Eliyas sk","2026-09-02 12:32:51",362.4,2,eliyassk
8553,16794088,"Felipe Colombarolli","2026-08-31 00:46:32",362.4,2,felipecolombarolli
8554,16668673,"kyran sinha","2026-08-14 14:21:34",362.2,2,kyransinha
8555,16654788,bumbum,"2026-08-14 12:59:51",362.2,2,krzysztoff1
8556,16727326,AhmedMousaHassan2510,"2026-08-17 12:56:01",362.1,2,ahmedmousahassan2510
8557,16677747,"Yuvraj Bhatt","2026-08-10 08:38:11",362.0,2,bhattyuvraj22
8558,16662647,"Ruben Maya","2026-09-23 22:06:52",362.0,2,rubenmaya
8559,16681188,"Tresor Mufalme.","2026-08-08 09:29:05",361.4,2,tresormufalme
8560,16697627,abinandhan03,"2026-09-01 10:38:15",361.4,2,abinandhan03
8561,16718662,Safin,"2026-08-22 17:50:27",361.4,2,safinlynx
8562,16817520,shreyansh0103,"2026-09-15 09:18:38",361.1,2,shreyansh0103
8563,16761784,"Ghaith Kammoun","2026-08-24 21:19:54",361.1,2,ghaithkammoun
8564,16669218,"Shaik Sabiya","2026-08-12 09:15:22",361.0,2,shaiksabiya55
8565,16691753,"Jan Moilanen","2026-08-09 12:02:17",361.0,2,janmoilanen
8566,16658367,"Prachii Sonii","2026-08-31 17:28:45",361.0,2,prachiisonii
8567,16828390,Yuhuping,"2026-09-04 11:22:14",360.9,1,yuhuping
8568,16652230,BorisSpider,"2026-08-13 11:34:46",360.9,2,borisspider
8569,16695177,"Ajith Bagali","2026-08-15 12:23:37",360.8,2,ajithbagali
8570,16708723,zaltark,"2026-09-25 12:29:49",360.8,1,zaltark
8571,16654213,"Hojin Jang","2026-08-20 09:59:20",360.6,2,hojinjang
8572,16717797,"patan hashmi","2026-08-13 15:02:52",360.5,1,patanhashmi
8573,16662854,"NISCHAY SANJAY JIWANKAR 23115098","2026-08-13 05:38:18",360.4,2,nischay2908
8574,16883375,"Sam Robin Singh E","2026-09-14 22:42:51",360.3,2,samrobinsinghe
8575,16895685,yuyiduo,"2026-09-28 08:56:01",360.1,1,yuyiduo
8576,16710244,Bytemindd,"2026-08-26 10:20:45",360.1,2,"daisy023,sruthikanv,thasneemj,uthayanandhini,vajraparameswari"
8577,16731108,"Vipparla Nandini","2026-08-17 06:29:48",360.0,1,vipparlanandini
8578,16656946,"Sambit Padhan","2026-08-05 10:10:10",359.9,2,sambitpadhan
8579,16881853,Sleepyman,"2026-09-15 09:22:24",359.8,2,alishakeri1
8580,16696384,Sisu16,"2026-08-13 20:13:27",359.8,2,sisu16
8581,16670188,orivael,"2026-08-05 21:20:17",359.6,2,orivael
8582,16705696,"TS Farmer","2026-08-13 11:22:09",359.5,2,"shivangkainth,tusharsekhri27"
8583,16662791,"Shiva Neshan yuva","2026-08-15 18:39:16",359.5,2,shivaneshanyuva
8584,16747683,"Jianyu Lin","2026-08-27 13:05:05",359.5,1,jianyulin1999
8585,16757615,"Muhammad Umer Khan","2026-09-28 09:50:06",359.4,2,mehmedumer0028
8586,16716594,"U Anand Williams","2026-08-13 09:19:09",359.4,1,uanandwilliams
8587,16638343,"Phong Khoi","2026-08-04 12:20:52",359.4,2,phongkhoi
8588,16661331,"John Wessel","2026-09-30 14:19:39",359.1,2,johnwessel
8589,16794153,"harshita harshita","2026-08-31 17:47:11",359.1,2,harshitaharshitaaaa
8590,16780268,"SAI ESHWAR S","2026-08-29 06:26:11",358.9,1,saieshwars
8591,16867501,aueurm,"2026-09-11 05:07:13",358.8,2,aueurm
8592,16848262,Philedo,"2026-09-12 14:33:59",358.5,2,philedo
8593,16706257,dlv,"2026-08-13 11:11:14",358.3,2,ducott1
8594,16690947,"Veiled Star","2026-08-10 13:36:49",358.2,2,veiledstar
8595,16801437,"Koh Saito","2026-09-05 06:01:20",358.2,1,kohsaito
8596,16653105,James,"2026-08-17 16:52:18",357.7,2,jamesquirk
8597,16673201,"Sanjay Varma Malladi","2026-09-18 07:00:17",357.6,2,sanjayvarmamalladi
8598,16633475,betagammashtrit,"2026-08-29 16:24:03",357.5,2,betagammashtrit
8599,16710417,"Aryant Jadhav","2026-08-15 18:57:18",357.4,2,aryantjadhav
8600,16927163,1234321,"2026-09-23 18:14:38",357.4,1,sakamoto1234
8601,16669516,GorgeousCookie,"2026-08-06 09:17:13",357.3,2,axellindqvist
8602,16638383,"Yunus Emre Sarıduman","2026-08-12 12:57:08",357.3,2,emresariduman
8603,16628404,theken,"2026-08-09 12:19:19",357.3,2,theken
8604,16867163,"Harikesh Shukla","2026-09-29 15:17:19",357.1,2,harikeshshukla
8605,16794266,"Celestine Preetham Lawrence","2026-09-30 13:23:30",356.9,2,celestiallylvd1
8606,16739447,"Jacob Stambaugh","2026-08-19 17:53:29",356.7,2,jacobstambaugh
8607,16677761,"Rithuraj Nambiar","2026-08-06 18:11:41",356.7,2,rithurajnambiar
8608,16940601,ShreyanshK099,"2026-09-23 07:57:43",356.5,2,shreyanshk099
8609,16780915,"Aravind S","2026-09-22 14:16:59",356.5,2,aravind20061981
8610,16684677,"Sean Southwick","2026-08-27 14:45:32",356.4,2,seansouthwick
8611,16671714,"Donnell Layne","2026-08-07 15:40:35",356.2,2,jupiter1127
8612,16666590,"Hoàng Anh Tú","2026-08-12 23:59:58",356.2,2,anhtu9999
8613,16688381,"Teresa Fitzgerald","2026-09-13 21:02:07",356.2,2,teresafitzgerald
8614,16796834,"Harsh Gupta #2","2026-09-09 19:20:48",356.1,2,harshgupta0415
8615,16634219,"Michael J Hammel","2026-08-01 11:37:10",356.1,2,michaeljhammel
8616,16882081,Aabualella,"2026-09-13 00:58:37",356.0,1,aabualella
8617,16685164,cleanledger,"2026-08-07 13:38:23",356.0,2,cleanledger
8618,16723569,"Trishanth Mellimi","2026-08-15 07:09:55",355.9,2,trishanthmellimi
8619,16701060,"Paula Jimenez","2026-08-22 16:18:37",355.6,2,paulajimenez
8620,16879281,"Monesh M","2026-09-25 19:41:47",355.5,2,moneshm908
8621,16831875,"Hamza Mughrabi","2026-09-06 19:10:53",355.5,2,hamzamughrabi
8622,16675093,"Nikhil Srivastava","2026-08-15 08:47:12",355.5,2,nikhilsrivastavark
8623,16629742,yun,"2026-08-15 09:10:21",355.4,2,yuyumarupython
8624,16668523,Bumblerrr,"2026-08-06 19:46:02",355.3,2,bumblerrr
8625,16733007,"Not Found","2026-08-17 16:32:16",355.2,4,"ammarkhan05,zainabirfanansari"
8626,16641330,"Takuya Yoshimi","2026-08-04 05:16:22",355.2,2,tkyysm
8627,16733961,"Julia Fredo","2026-09-30 15:56:25",355.1,2,juliafredo
8628,16747544,OliverYip,"2026-08-25 06:01:07",355.0,2,oliveryip
8629,16630007,"Yuankun Liu","2026-07-31 15:48:13",355.0,2,lyk1652
8630,16730191,rRTZZZ,"2026-08-17 02:43:14",355.0,2,rrtzzz
8631,16667105,"Vikram Tiwari","2026-08-10 11:12:26",354.7,2,vikramtiwari
8632,16660980,"João Marcelo Curi","2026-08-05 18:31:19",354.7,2,joomarcelocuri
8633,16668091,Solidscripts.io,"2026-09-24 02:14:47",354.7,2,juancamera1
8634,16658817,"Andrew Glez","2026-08-04 12:10:17",354.6,1,andgos
8635,16668340,"Sibi Vishnu","2026-08-08 10:35:33",354.3,2,sibivi
8636,16640901,"Kian Maghsoodi","2026-08-20 23:01:51",354.2,2,kizmodo
8637,16898498,"Prakash Bandi","2026-09-21 01:59:35",354.1,2,prakashbandi
8638,16690029,Nitesh_Prajapati2569,"2026-09-15 07:04:17",354.1,2,niteshprajapati2569
8639,16716497,xpxg,"2026-08-16 17:04:22",354.0,2,deepxchat
8640,16890029,"Siqing Jing","2026-09-15 02:53:04",354.0,2,siqingjing
8641,16679850,AryaGarg23,"2026-08-09 03:33:14",353.8,2,aryagarg23
8642,16735593,"timur tytrin","2026-08-18 07:37:46",353.7,2,timurtiutrin
8643,16673310,dffzno1,"2026-08-14 01:44:55",353.5,2,joyzip
8644,16877927,"EFE ULKER","2026-09-12 00:13:05",353.5,2,efeulker
8645,16757338,Dewakaran,"2026-08-22 05:34:35",353.4,1,dewakaran
8646,16666577,"Jatin khandelwal112","2026-08-05 11:26:41",353.4,2,jatinkhandelwal112
8647,16628409,"yann sadowski","2026-07-31 09:39:25",353.3,1,yannsadowski
8648,16689718,HumsAuraTech,"2026-08-21 17:11:42",353.3,2,humaima03
8649,16770085,AllenCheng329,"2026-08-25 10:05:43",352.9,1,allencheng329
8650,16674012,ahankesumah,"2026-08-16 07:34:05",352.9,2,ahankesumah
8651,16656919,Sumaiya,"2026-09-09 18:09:44",352.9,2,ayeshasummaiyya
8652,16721529,"Danny De Bree","2026-08-20 09:46:36",352.8,1,dannydebree
8653,16657063,"those how","2026-08-04 07:50:57",352.7,2,thosehow
8654,16769110,tianlululing,"2026-08-26 13:09:45",352.7,2,tianlululing
8655,16662577,"Shreyash Suryawanshi","2026-09-02 19:42:31",352.1,2,shreyashsuryawanshi
8656,16796468,suin7328,"2026-09-05 02:05:08",352.0,2,suin7328
8657,16745497,"Handsome Heretic","2026-08-21 19:14:30",351.9,2,handsomeheretic
8658,16661191,"Yudha Eka Saputra","2026-09-30 01:03:45",351.9,2,yudhaekasaputra
8659,16710564,"Clarice Harijanto","2026-08-14 04:28:13",351.6,2,clariceting
8660,16698188,"Smartex Dan","2026-09-29 22:38:41",351.6,2,smartexdan
8661,16649794,"Wanzhu Zhao","2026-08-04 13:04:05",351.5,2,wanzhuzhaora
8662,16779805,"Ákos Blaschek","2026-09-01 17:21:44",351.4,2,kosblaschek
8663,16705300,T3485D5T,"2026-09-03 08:20:18",350.9,2,"danijelbilalli,t3485d5t"
8664,16870467,wentingyun,"2026-09-11 10:21:01",350.8,1,wentingyun
8665,16912504,"Zongyi Zhou/ Joe","2026-09-22 15:24:35",350.7,1,zongyizhoujoe
8666,16779769,"Pravin jeyavel","2026-09-14 05:39:48",350.7,2,pravinjeyavel
8667,16852606,Hallucinators,"2026-09-27 15:33:45",350.6,2,samikshakamdi
8668,16666218,"sugan Chandrasekar","2026-08-16 11:02:09",350.3,2,suganchandrasekar
8669,16663990,"OURNO PAPA SALIF","2026-08-07 23:18:43",350.2,2,belfiremine
8670,16732936,"Kateryna Dudko","2026-08-25 12:15:40",350.0,2,dudkiina
8671,16785821,"Naresh Meena","2026-08-28 21:24:31",349.9,1,nareshmeena12
8672,16759115,chabinhwang,"2026-08-22 14:33:59",349.8,1,chabinhwang
8673,16898258,"Eugene Blackman","2026-09-22 22:46:05",349.7,2,eugeneblackman
8674,16858795,"Радик Владимирович Хорошев","2026-09-10 07:59:02",349.7,2,rodionkh
8675,16657883,jps,"2026-08-06 08:36:04",349.6,2,jahaziel
8676,16770758,"Maor talker","2026-08-26 20:18:59",349.2,2,maortalker20
8677,16778526,starkhushi,"2026-08-27 07:01:28",349.1,2,starkhushi
8678,16905792,"Omar Tarek Fahmy","2026-09-16 10:59:04",349.0,1,omartarekfahmy
8679,16866482,"Sunday Ibidapo","2026-09-10 21:46:49",349.0,1,sundayibidapo
8680,16666275,HeatS33ker,"2026-08-15 14:37:36",349.0,2,byronokou
8681,16641665,huangjunjia,"2026-08-04 14:12:26",348.8,2,huangjunjia777
8682,16637762,"Greek olive oil","2026-08-09 19:56:48",348.8,2,alexanderchar
8683,16789587,"José Luis","2026-09-29 05:40:49",348.3,2,joseluissz
8684,16670724,"Neel Patel","2026-08-14 19:33:43",347.8,2,n33lpat3l
8685,16723065,"Kaio Castro","2026-09-30 13:33:53",347.6,2,kaiocastro
8686,16693147,"Oliver Curtis1","2026-08-09 14:51:57",347.3,2,olivercurtis1
8687,16662428,"Sonu kumar","2026-08-24 05:18:49",347.2,2,sonukumar9142
8688,16655257,"Afia Animah Fosu","2026-08-04 18:21:50",347.0,2,afiaanimahfosu
8689,16763255,"I P Tharun Gowda","2026-09-16 17:24:11",347.0,2,iptharungowda
8690,16770522,honsomewakebera,"2026-09-30 15:31:26",346.7,2,honsomewakebera
8691,16711573,"Sushmitha Vasantha","2026-08-13 09:08:29",346.5,1,sushmithavasantha
8692,16715988,"Hsyn Kskn","2026-09-03 12:08:15",346.4,2,hsynkskn
8693,16690077,"GOMATHI PRIYA","2026-08-13 06:38:45",345.9,2,gomathipriyaraj22
8694,16937995,"Aleksandr Rybin","2026-09-21 22:21:56",345.8,2,aleksandrrybin
8695,16696419,detectivseb,"2026-08-12 10:34:45",345.7,2,detectivseb
8696,16768551,"AAYUSHMAAN SINHA","2026-08-25 02:43:00",345.4,2,aayushmaansinha
8697,16794431,"Yash Apps","2026-09-08 04:12:52",345.4,2,yashwanthgajji
8698,16740197,Winssk,"2026-08-27 01:55:06",345.3,2,winssk
8699,16657056,"Jacob Ross Piedad","2026-08-06 12:15:14",345.3,1,jacobrosspiedad
8700,16634720,Thiyo,"2026-08-18 11:51:04",345.2,2,thimirajayasekara
8701,16690812,zhangkai_0121,"2026-08-09 01:40:21",345.2,2,zhangkai0121
8702,16728261,"Smit Deshaval","2026-08-24 17:44:12",345.1,2,smitdeshaval11
8703,16660568,Fascetta,"2026-08-07 20:48:53",345.1,2,fascetta
8704,16668592,"Ashutosh jatav","2026-08-09 13:34:45",345.0,2,ghost1412
8705,16909521,"Rabs Cats","2026-09-17 02:10:02",344.9,1,rabscats
8706,16653001,"Alexey Kuleshov","2026-08-04 12:07:51",344.7,2,alexkulll
8707,16634352,"sovit karki","2026-08-12 17:21:13",344.7,2,sovitkarki
8708,16659312,qwertyDmitry,"2026-08-05 13:44:24",344.5,2,qwertydmitry
8709,16690098,"Akshay Kashyap","2026-08-10 17:10:28",344.3,2,akshaykashyapakku
8710,16927761,"M Asghar Shakir","2026-09-21 04:04:32",344.1,2,masgharshakir
8711,16663969,"Aarush Kute","2026-09-21 17:06:14",344.0,2,aarushkute
8712,16928286,sofonias201012,"2026-09-20 09:33:20",343.9,1,sofonias201012
8713,16657658,"Esther Usman","2026-08-25 23:45:50",343.8,2,estherusman
8714,16682342,"Jebez Oswald","2026-08-10 05:38:15",343.6,2,jebezoswald
8715,16690166,"Niteshwar Mishra","2026-08-08 10:02:22",343.3,2,niteshwarmishra
8716,16700360,"Thanush Soma","2026-08-10 09:49:02",343.2,2,thanushsoma
8717,16758663,"Light In","2026-08-22 19:18:51",343.2,2,lightin45
8718,16655689,花朝,"2026-08-05 04:10:02",343.0,2,xhxyyds
8719,16654330,"Perumalla Pujitha","2026-08-12 18:09:24",342.9,2,perumallapoojitha
8720,16662967,"Amalio Gomez","2026-08-04 22:07:16",342.9,1,amaliogomez
8721,16654688,"Terrell Millz","2026-08-10 16:08:33",342.8,2,terrellmillz
8722,16732296,"duong nguyen","2026-08-20 14:51:38",342.7,1,duongnguyen161
8723,16656472,angusdddsa,"2026-08-04 06:04:22",342.6,2,angusdddsa
8724,16723047,"Matheus Finger","2026-09-11 19:15:11",342.6,2,matheusfinger
8725,16755264,wsdsby,"2026-08-21 15:16:42",342.6,2,wsdsby
8726,16792703,yuvansh,"2026-09-28 00:29:31",342.4,2,yuvansh
8727,16726381,"Adriana Redondo","2026-08-15 19:39:41",342.2,1,adrianaredondo
8728,16709754,"Simon Preuss","2026-08-12 16:39:55",342.1,2,simonpreuss01
8729,16669176,"Karakam Sridevi","2026-08-11 07:44:48",342.1,2,karakamsridevi
8730,16716322,zhaimh,"2026-08-14 02:43:21",342.0,2,zhaimh
8731,16711383,"Monika Kocianova","2026-08-14 11:01:11",342.0,2,monikakocianova
8732,16658882,"toukali samir","2026-08-07 13:43:05",341.9,2,toukalisamir
8733,16715791,CustardApple47,"2026-09-06 11:34:26",341.9,2,custardapple47
8734,16688364,"Om Raval08","2026-08-21 02:57:23",341.8,2,omraval08
8735,16741512,Offenders,"2026-08-30 15:08:39",341.8,2,"karthicchockalingams,shakil2411,shehnaaz01"
8736,16735966,kyone,"2026-08-18 08:09:32",341.7,1,xtraky
8737,16794285,Penelope.pnlp,"2026-09-01 15:38:43",341.7,2,penelopepnlp
8738,16738563,"Amrutha H","2026-09-28 12:44:44",341.6,2,amr13utha
8739,16658519,"David kinyanjui","2026-08-31 07:10:00",341.3,2,davidkinyanjui
8740,16680015,"Khôi Trương","2026-08-10 01:11:55",341.2,1,kiykhoi
8741,16677470,"Saish Walavalkar02","2026-08-09 12:44:51",341.1,2,"harichaudhari1,kaiserjayin,meetramjiyani,nirbhaygajabi30,saishwalavalkar02"
8742,16656732,"Shivam Kashyap","2026-08-04 05:28:03",341.1,1,shiyan0090
8743,16624235,appu2431,"2026-08-11 15:56:41",341.0,2,appu2431
8744,16682108,"Shadow Monarch","2026-08-17 06:45:10",340.8,2,avinashk01
8745,16715097,"Yusuf Yavuz","2026-08-13 00:25:40",340.6,1,yusufyavuzz
8746,16655555,Bharath2411,"2026-09-03 07:14:26",340.4,2,bharath2411
8747,16659410,TTH,"2026-08-07 08:21:16",340.4,2,tthungdz
8748,16654808,Vishwajeet-maker,"2026-08-17 21:17:02",340.4,1,vishwajeetmaker
8749,16765643,canwind,"2026-09-30 00:52:04",340.4,2,canwind
8750,16926528,"Badri Vishal","2026-09-19 18:42:19",340.4,2,badrivishal90
8751,16659688,Daniel,"2026-08-05 12:21:37",340.1,2,danielyazgi
8752,16666997,"Krishnamurthy Venkatasubramanian","2026-08-05 15:09:46",339.9,2,krishnamurthyvenkat
8753,16671613,Tyler_026,"2026-09-26 09:44:50",339.8,2,tyler026
8754,16690775,"Prasanna Raut","2026-08-08 20:41:38",339.8,2,prasannaraut
8755,16641294,YogeshG22,"2026-08-03 17:58:51",339.5,2,yogeshg22
8756,16661824,"Maksymilian Dec","2026-09-29 11:36:37",339.5,1,maxdec
8757,16683178,soulasin,"2026-08-07 14:32:26",339.4,2,soulasin
8758,16673167,Karam96,"2026-08-08 11:40:36",339.3,2,karam96
8759,16683087,qiuchenglong,"2026-08-07 09:25:48",339.3,2,qiuchenglong
8760,16683400,"wo zhe yi sheng ru lu bo bing","2026-08-10 16:53:48",339.2,2,"ivanlo103,panckck,waijai"
8761,16656135,"JAYASURYA R","2026-08-05 15:43:01",339.2,2,suryar261
8762,16656190,"Akshaj Shandilya","2026-08-06 03:14:36",338.7,2,akshajshandilya
8763,16694264,"Vansh Visariya","2026-08-10 09:00:11",338.6,2,vanshvisariya
8764,16629476,NOOBS,"2026-08-09 19:58:48",338.5,2,"patelkrishna8,sakshamranawade,shravanideshpande25"
8765,16728881,Ch.Manvita,"2026-08-16 16:33:52",338.4,2,chmanvita
8766,16659533,"Pavan Desai","2026-08-10 16:29:20",338.1,2,pavancdesai
8767,16702742,"Kavyanshu Singh","2026-08-11 10:47:02",338.0,2,kavyanshusingh
8768,16657142,"Vishisht Gupta","2026-08-16 16:16:54",337.8,2,vishishtgupta
8769,16738581,"mr moradi1","2026-08-18 14:31:26",337.5,1,mrmoradi1
8770,16665996,AVATAR3905,"2026-08-06 18:14:01",337.3,2,avatar3905
8771,16844246,"CS Abhinay","2026-09-17 08:56:32",337.2,2,csabhinay
8772,16774954,Ye_xz233,"2026-08-26 15:35:23",337.2,2,yexz233
8773,16895317,MrUserm,"2026-09-25 18:18:10",337.0,2,mruserm
8774,16795677,"Carol bright","2026-08-31 09:30:28",336.7,2,carolbright
8775,16735751,"Hasan Taşkın","2026-08-24 19:36:02",336.6,2,hasantaskin
8776,16663738,"Handre Bezuidenhout","2026-08-04 23:27:08",336.6,2,handrebezuidenhout
8777,16635130,Pongsaky,"2026-08-01 12:56:02",336.4,2,gantanch
8778,16661351,"Adekojo Adeyemi","2026-08-04 15:25:52",336.2,1,adekojoadeyemi
8779,16770039,"Yevhen Tsyba","2026-09-23 06:25:44",336.2,2,yevtsy
8780,16894000,"Vivek Silimkhan","2026-09-15 11:11:29",336.2,2,viveksilimkhan
8781,16665907,"Jonathan Saina","2026-09-15 23:12:31",336.1,2,jonathansaina
8782,16721948,ziszim,"2026-08-26 14:38:30",336.0,2,ziszim
8783,16862308,"Furkan CAT","2026-09-10 15:07:24",335.7,2,furkancat
8784,16795163,"Nguyễn Đỉnh","2026-09-14 05:05:43",335.7,2,nguyendinh1507
8785,16802128,"vaman soni","2026-09-02 10:08:49",335.4,1,vamansoni
8786,16723273,"Bradley ZODOME","2026-08-19 07:06:18",335.4,2,bradleyzodome
8787,16674725,"rajan jha","2026-08-13 12:05:42",335.4,2,rajan1673
8788,16661390,"Raúl García Gómez","2026-08-04 17:04:39",335.2,2,corso138
8789,16936355,"Subinoy Hatai","2026-09-30 15:20:02",335.1,1,subinoyhatai
8790,16660397,Divyansh82Raj,"2026-08-04 15:01:28",335.1,2,divyansh82raj
8791,16664671,Acteus,"2026-08-06 00:01:12",334.9,2,acteus
8792,16777515,Abhimanyu21,"2026-08-27 13:33:38",334.8,2,abhimanyu21
8793,16940854,AmbujSingh11294,"2026-09-30 13:08:36",334.4,2,ambujsingh11294
8794,16792567,"Karan Rai","2026-09-24 22:40:06",334.4,2,karanrai248
8795,16664147,JordanM10,"2026-08-05 19:54:08",334.3,1,jordanm10
8796,16735080,"SARTHAK PATIL","2026-09-02 19:23:03",334.3,2,sarthakpatil23
8797,16758426,"Attique Ansari","2026-08-22 11:50:42",334.1,2,attiqueansari
8798,16659428,"koneti Anusharani","2026-09-28 12:50:49",334.0,1,anusha1103
8799,16662197,"Zehra Basaral","2026-08-07 10:42:57",334.0,2,zehrabaaral
8800,16624102,Khadersha.sk,"2026-08-03 02:45:03",333.9,2,khadershask
8801,16949156,"shamaev dimon PR-3-1","2026-09-23 19:16:32",333.8,1,shamaevdimonpr31
8802,16904593,"VARADRAJ CHANDRAKANT PATIL","2026-09-29 08:32:16",333.8,2,varadraj06
8803,16657616,"Manikumar Kundena","2026-09-20 17:25:19",333.7,1,manikumarkundena
8804,16762854,J8young,"2026-08-26 13:52:54",333.6,1,j8young
8805,16793536,yukko08,"2026-09-25 12:09:25",333.6,2,yukko08
8806,16662874,"Dev Shah","2026-08-08 01:52:52",333.5,2,imdevshah11
8807,16665460,"Shubham kumar jha","2026-08-23 07:36:36",333.5,2,shubhamjhakr
8808,16679389,"JOMIN URK21CS1077","2026-09-27 05:49:23",333.5,2,jominurk21cs1077
8809,16658733,luoqiuy,"2026-08-04 10:46:04",333.5,2,luo912
8810,16677950,"Rounak Laddha","2026-08-15 01:47:41",333.3,1,rounakladdha
8811,16655250,"Juan Pablo Ponce","2026-08-08 03:34:18",333.1,2,juanpabloponce28
8812,16721675,stork8i,"2026-08-14 13:16:26",332.7,1,stork8i
8813,16858496,"Aziz Alqwm","2026-09-28 06:36:01",332.1,2,azizalqwm
8814,16646644,BeyondBirthday,"2026-08-09 06:39:01",332.0,2,near07
8815,16691667,jeremyllll,"2026-08-12 03:30:26",332.0,2,jeremyllll
8816,16799743,"Luc Tellier","2026-09-05 08:31:17",331.9,1,luctellier
8817,16696800,"VEER GOMA","2026-08-14 15:42:47",331.8,2,novaxoxo
8818,16659260,hitesh,"2026-08-05 19:29:28",331.7,2,shahhs
8819,16876167,"kjl jkl","2026-09-17 15:51:01",331.6,2,kjljkl
8820,16752067,neuroxaker,"2026-08-22 14:50:32",331.6,2,neuroxaker
8821,16683136,"Stefano Ciaci","2026-08-16 14:47:29",331.5,2,stefanovcciaci
8822,16706276,MitulbhBhatia,"2026-08-18 04:02:38",331.4,2,mitulbhbhatia
8823,16743604,KeswaniRohit,"2026-08-22 17:19:18",331.4,2,keswanirohit
8824,16770270,"salthiel nishimwe","2026-08-25 10:45:23",331.3,2,salthielnishimwe
8825,16691153,"Hafsa Rouchdi","2026-09-26 12:25:36",331.3,2,hafsarouchdi
8826,16735393,Dai_Research,"2026-08-18 10:40:17",331.1,2,dairesearch
8827,16687699,jegazhu,"2026-08-13 22:25:15",331.0,2,jegazhu
8828,16917267,"jean-thomas Dauchel","2026-09-18 21:41:23",330.5,1,jeanthomasdauchel
8829,16870360,"Tedi Septiana","2026-09-14 06:57:54",330.4,2,tediseptiana
8830,16641140,NITISH_GOYAL1,"2026-08-27 06:42:29",330.4,2,nitishgoyal1
8831,16792188,anisotropies,"2026-09-12 05:25:04",330.4,2,achan31
8832,16652422,Kite,"2026-08-17 16:26:55",330.3,1,kiteyinlong
8833,16747403,"Kanchan Chavan","2026-09-12 17:46:56",330.1,2,momovedant
8834,16658011,"Arooba Hanif","2026-08-05 07:24:53",330.0,2,aroobahanif
8835,16709165,"Yooraj Gole","2026-08-13 18:10:17",329.9,1,yoorajgole
8836,16739702,"Vasantha Kumar552","2026-08-19 07:22:10",329.8,2,vasanthakumar552
8837,16831170,"None #2","2026-09-05 04:16:51",329.6,2,mdmorshalinemojumder
8838,16711497,"Korvi sai kumar","2026-08-13 08:02:21",329.5,1,korvisaikumar
8839,16682632,Sebastiaan,"2026-08-27 18:24:40",329.1,2,sebastiaanreinders
8840,16692427,"Infy ","2026-08-09 20:48:09",329.1,2,infydes
8841,16752152,abpp,"2026-09-30 10:00:22",328.9,2,abppyo
8842,16771216,"Hugo Ponce","2026-08-25 17:54:30",328.8,2,hugoskn
8843,16660369,"Dev MCP","2026-08-04 12:59:09",328.7,1,nishant2905
8844,16676416,"Abhishek Mishra","2026-08-10 10:09:30",328.7,2,abhishekmishra23
8845,16844410,ナポレオン,"2026-09-07 15:46:40",328.1,2,naporeondesu
8846,16731458,"Arthur Baygildin","2026-08-17 10:06:55",328.1,1,arthurbaygildin
8847,16655446,"Ismael Omar Leonidas Hurtado Vargas","2026-08-04 00:07:01",327.9,1,ihurtadov
8848,16670988,"Pavle Skoric","2026-09-24 21:18:17",327.9,2,pavleskoric
8849,16913989,Sanatan21,"2026-09-18 11:41:17",327.8,2,sanatan21
8850,16937616,"ZIYU NI","2026-09-21 17:26:32",327.6,1,jacsonpercy
8851,16845081,"Sera Ria Gomes","2026-09-10 12:28:43",327.2,2,serariagomes
8852,16681397,"Vishal Dubey","2026-08-11 08:51:13",327.1,2,visha1dubey
8853,16800468,Vaishnavi,"2026-09-01 11:13:30",327.0,1,vaishnavisri09
8854,16936809,"Caleb Ibeh","2026-09-22 08:34:43",326.7,2,calebibeh
8855,16655737,Dharshini,"2026-08-08 15:00:05",326.2,2,dharshini1812
8856,16655919,"Tạ Minh Lễ","2026-08-04 06:46:45",325.9,2,tminhl
8857,16659234,"MARY RAISA P","2026-08-27 07:06:43",325.9,2,"harinimala21,maryraisap,saha0102"
8858,16625011,"Heng Yu","2026-08-18 06:30:56",325.7,1,megalobox1
8859,16665980,cshara,"2026-08-06 08:41:16",325.5,2,cshara
8860,16778327,WangYingChen,"2026-08-28 03:11:28",325.3,1,wangyingchen
8861,16633133,Holeneckles,"2026-09-25 05:06:07",325.1,2,holeneckles
8862,16712958,"Chicken Little","2026-09-27 09:39:49",324.9,1,bcookie11
8863,16628296,NoxMetenis,"2026-08-15 17:54:03",324.7,1,avasgaire
8864,16655652,Emergence,"2026-08-10 03:21:04",324.5,2,daylighth
8865,16657145,"Shudipto Trafder","2026-08-04 19:25:24",324.4,1,iamsdt
8866,16783322,kentaro,"2026-08-29 03:55:45",324.3,2,kentarokujo
8867,16628190,Horizonx30,"2026-08-09 18:06:56",324.1,2,horizonx30
8868,16841549,"Ayush Kumar #4","2026-09-06 03:30:02",324.1,2,akyushumar
8869,16660246,taqnik,"2026-08-08 11:54:39",323.9,2,taqnik
8870,16695592,"André Luiz Pedroso","2026-08-09 11:59:19",323.2,1,andreluizpedroso
8871,16668012,"Aleksander Iżemski","2026-08-05 20:52:54",323.2,2,aizemski
8872,16632620,"[Deleted] d9d74cbb-c76e-4fbb-a4bf-35e25b48627d","2026-08-08 16:00:16",323.1,2,del=c21e6a8a03ad3b3c
8873,16639624,"Nishanth Rajan","2026-08-02 03:25:35",322.7,2,nishanthrajandev
8874,16689923,Dhinesh,"2026-08-09 08:39:37",322.6,2,dhineshwarrs
8875,16715576,bhavnachavda21,"2026-09-29 18:39:58",322.5,2,bhavnachavda21
8876,16696439,VaraPrabha,"2026-08-10 04:36:00",322.4,2,galiveetipoornima
8877,16636643,"Babul Kumar","2026-08-02 07:46:50",322.4,2,babulkumar07
8878,16660341,"Nefise Aybar","2026-08-04 12:37:29",322.2,2,nefiseaybar
8879,16654407,"Serendeep Rudraraju","2026-09-04 03:17:43",322.0,2,serendeeprudraraju
8880,16686332,毛治钦,"2026-09-01 05:05:37",321.8,2,maozhiqinf
8881,16783863,"Vivek Vardhan Reddy","2026-08-31 06:14:34",321.3,2,vivekvardhanreddy77
8882,16716649,"Meghana Busse","2026-08-13 09:33:08",321.2,1,meghanabusse
8883,16677312,"Kavuri Sravya","2026-08-19 02:33:01",320.9,2,kavurisravya
8884,16746121,Nononoi,"2026-08-21 07:18:02",320.9,1,nononoi
8885,16672138,mostafa69ca,"2026-08-06 05:03:43",320.9,1,mostafa69ca
8886,16682229,"mayuri sarangi","2026-08-29 14:03:36",320.8,2,mayurisarangi
8887,16676974,"Deveshwar U","2026-08-31 01:10:42",320.7,2,deveshwaru
8888,16660658,Shlok_Sharma0001,"2026-08-19 09:31:48",320.7,2,shloksharma0001
8889,16688859,"Muhammad Fayaz Khan","2026-08-08 06:36:02",320.4,2,mfayazkhan
8890,16672689,"Yusuf Yemez","2026-08-06 06:51:07",320.1,1,yusufyemez
8891,16670812,"Brian Toman","2026-08-09 15:56:22",320.0,2,briantoman
8892,16767037,"Yubraj Sigdel","2026-08-24 15:45:56",319.9,1,yubraj11
8893,16848598,"Work 3","2026-09-12 09:26:57",319.9,2,nanisriram
8894,16710906,Krunal.ix,"2026-08-12 07:06:58",319.9,1,krunalix
8895,16666171,"JD Crew","2026-08-06 12:52:58",319.8,2,"abhijnanpodder,ahsafabid"
8896,16723046,"Pedro Joás","2026-09-11 14:59:09",319.7,2,pedrojos
8897,16765805,"sayyad karimun","2026-08-25 10:14:26",319.7,1,sayyadkarimun
8898,16672020,"Arum Puri ","2026-08-18 14:03:33",319.7,2,arumpuri
8899,16666115,"Iam Intolerable","2026-08-06 07:48:28",319.4,2,iamintolerable
8900,16732873,"Yash Rana","2026-08-18 04:57:04",319.1,2,yashrana24
8901,16666056,"sarthak gupta1303","2026-08-05 11:01:04",318.9,2,"sarthakgupta1303,sathviktummalapenta"
8902,16692906,CodeZee,"2026-08-09 19:50:49",318.7,2,codewithzaeem
8903,16854519,nmw,"2026-09-09 15:23:56",318.5,2,rubikkaggle
8904,16624029,"Miguel Angel Rodriguez Fonseca","2026-08-07 03:55:38",318.4,2,miguelangelrodriguez
8905,16668471,Broomva,"2026-08-05 14:57:35",318.4,1,broomva
8906,16754141,SicilyTing,"2026-09-08 14:53:25",318.4,2,sicilyting
8907,16851029,john01234,"2026-09-08 04:57:12",318.3,2,john01234
8908,16716713,"T Vamsi Krishna","2026-08-13 09:37:43",318.3,1,vamsee3763
8909,16658897,"Teja Pattem","2026-08-07 10:42:44",318.1,2,tejapattem
8910,16624990,"Tanjim Ahmed Kingshu","2026-08-02 07:05:52",318.0,2,tanjimahmedkingshu
8911,16929788,"Yusuf Sanusi","2026-09-21 00:50:47",317.9,2,mindbender7
8912,16678653,Wzjj98,"2026-08-06 19:31:39",317.8,1,wzjj98
8913,16757689,YanXiaohan666,"2026-09-14 03:29:51",317.8,2,yanxiaohan666
8914,16664819,"SUBHASRI  S","2026-09-30 14:23:45",317.7,2,subhasri2007
8915,16635243,MlMlDev34,"2026-08-01 11:26:52",317.4,2,mlmldev34
8916,16831106,asd1984,"2026-09-05 17:40:01",317.2,2,asd1984
8917,16942701,"Tasmin Ara Chowdhury","2026-09-29 19:08:41",317.0,2,tasminarachowdhury
8918,16823858,"James Mills","2026-09-23 17:08:00",316.9,2,jamesmills1975
8919,16652805,"Rodrigo Batista da Silva","2026-08-13 13:35:19",316.5,2,eurodrigobatista
8920,16733886,LuisMV8,"2026-09-19 16:51:14",316.4,2,luismv8
8921,16705798,"orhun uygun","2026-09-24 08:48:21",316.2,2,orhunuygun
8922,16632558,RUI,"2026-09-18 11:34:17",315.7,2,zaiwubian
8923,16675048,Wizard_King,"2026-08-06 19:35:41",315.6,2,anshumanrayy
8924,16916821,"Amjath S","2026-09-19 18:03:15",315.5,2,amjaths
8925,16655729,"Arnab Mallick","2026-08-04 02:41:48",315.5,2,arnabmallick24
8926,16658320,"Justin Eight","2026-08-27 07:29:52",315.4,2,justineight
8927,16639067,"ToMY F.","2026-08-11 11:34:31",315.4,1,tomyfdev
8928,16859646,Andy2009,"2026-09-09 12:12:02",315.3,2,andy2009
8929,16882973,"Omar Tarek Abdelkader Ahmed El Belbeisy","2026-09-12 22:59:07",314.8,2,patmux
8930,16810051,Reddi_twelve,"2026-09-03 23:26:30",314.5,1,redditwelve
8931,16662856,"Pranjal Arya","2026-09-11 09:30:08",314.5,2,pranjalaryaa
8932,16664232,"Eddy Despradel","2026-09-30 11:41:41",314.3,2,eddydespradel
8933,16714418,AdriMonFer,"2026-09-01 12:15:21",314.3,2,adrimonfer
8934,16677732,"Alessandro Mermali","2026-08-06 20:52:35",314.1,2,alessandromermali
8935,16701924,"Uma maheshwari T","2026-09-23 15:36:09",314.0,1,umamaheshwarit
8936,16823229,aper,"2026-09-05 08:42:58",313.9,2,todaya
8937,16865101,"Hanlinh ","2026-09-11 03:58:09",313.7,2,hanlinh227
8938,16670881,"Amir Y. Sajjadi","2026-08-05 23:56:26",313.4,1,amirysajjadi
8939,16633737,nrg,"2026-08-04 20:19:50",313.2,1,nargizaskarbekkyzy
8940,16749568,"Nana Hung","2026-08-23 02:17:34",313.1,2,nanahung
8941,16711348,ticoraph,"2026-08-21 18:55:56",313.1,2,ticoraph
8942,16770232,MinhTran2346,"2026-09-07 14:12:04",312.8,2,minhtran2346
8943,16661212,AnkitRaj4004,"2026-08-23 13:17:37",312.4,2,ankitraj4004
8944,16712257,Banarto,"2026-08-13 07:49:16",312.3,1,banarto
8945,16661551,SimonAx,"2026-08-10 09:41:59",312.3,2,simonaxel
8946,16727044,"Kai Leisten","2026-08-16 10:19:42",312.1,2,kaileisten
8947,16759407,"Giovanni Colpani","2026-08-22 17:02:37",312.1,2,giovannicolpani
8948,16657729,"Kandregula V S S V P Krishna Murthy","2026-08-08 15:29:35",312.1,2,kkandregula
8949,16700187,"adrian purnama","2026-08-10 10:50:45",312.1,1,adrianpurnama
8950,16623739,SarsaShen,"2026-08-05 07:12:00",312.1,2,sarsashen
8951,16741982,barry_Paddi,"2026-08-27 07:10:52",311.8,2,barrypaddi
8952,16689943,"NAM NGUYỄN CÔNG","2026-09-24 12:41:05",311.8,2,namnguyenhcmut
8953,16660099,Desireog71,"2026-08-08 15:01:19",311.6,2,desireog71
8954,16912620,"Mitul Khemani","2026-09-17 09:25:17",311.5,2,mitulkhemani
8955,16623730,"Ethan Higgins","2026-07-31 02:25:21",311.5,2,ethanhigginz
8956,16673152,"Arijit Raj","2026-08-06 08:23:14",311.5,2,arijitraj02
8957,16652970,"Abhay sarkar","2026-08-05 14:40:05",311.4,1,abhaysarkarai
8958,16947575,Rekh_Sharath_Chandra,"2026-09-26 07:37:12",311.1,2,rekhsharathchandra
8959,16659523,"Ahmad Khidir","2026-08-27 22:33:31",311.1,1,ahmadkhidir
8960,16868034,"Vivek Teja","2026-09-14 19:25:09",311.0,1,vivektejaraju
8961,16660436,turkenm,"2026-08-06 13:03:36",310.9,2,turkenm
8962,16777489,"Yousef Elbaz","2026-08-27 11:18:54",310.8,1,yousefelbaz
8963,16739356,Renuka,"2026-09-22 11:47:53",310.7,1,alphy1603
8964,16662659,"Chiziterem Eze","2026-08-11 12:20:48",310.6,2,chiziteremeze
8965,16689841,Pavani2325,"2026-08-08 10:00:56",310.5,2,pavani2325
8966,16633330,"danielle Ange","2026-08-12 16:26:03",309.9,2,danielleange
8967,16671519,"Mandhati Sai ganesh","2026-08-06 06:36:45",309.9,2,mandhatisaiganesh
8968,16667033,"Geethika Sandireddy","2026-08-15 07:04:31",309.6,2,geethikasandireddy
8969,16656480,"Dip Biswas","2026-08-07 04:35:56",309.6,2,dipjacobiswas
8970,16757557,BitxWolf,"2026-08-22 19:06:48",309.4,2,bitxwolf
8971,16660996,"Thịnh Nguyễn Chí Tiến","2026-08-08 01:49:40",309.2,2,thnhnguynchtin
8972,16797284,Alice7371,"2026-08-31 17:58:22",309.0,1,alice7371
8973,16662495,Earth,"2026-08-15 10:54:03",308.7,2,earthearth
8974,16623405,nbarlow,"2026-08-12 20:01:08",308.6,2,nickbarlow
8975,16720606,Williamtime,"2026-08-17 03:11:34",308.6,2,williamtime
8976,16669725,chosunghwan,"2026-08-06 03:52:24",308.6,1,chosunghwan
8977,16670600,"Leon Lum","2026-08-20 14:58:27",308.4,2,leonlum
8978,16807668,kilariHemalatha,"2026-09-05 04:33:19",308.3,1,kilarihemalatha
8979,16654348,rkeshwani,"2026-08-07 16:17:49",308.2,2,rkeshwani
8980,16866140,Mantis,"2026-09-22 16:59:18",308.1,2,orchidmantis
8981,16713082,"Siyam Molla","2026-09-06 08:06:43",306.9,2,siyammolla
8982,16674394,"Ishant Mittal","2026-08-08 09:24:57",306.8,2,ishantmittal95
8983,16658319,"Huỳnh Nguyễn Trọng Tín","2026-08-06 06:23:40",306.8,2,tnhunhnguyntrng
8984,16633982,Nikunj1375,"2026-08-07 08:40:29",306.8,2,nikunj1375
8985,16784712,SIDDpat,"2026-08-30 08:13:50",306.8,2,siddpat
8986,16687403,"Raja Sai Vardhan","2026-08-09 08:19:22",306.5,2,rajasaivardhan
8987,16855459,"Shune Lae lae Khaing","2026-09-11 17:55:19",306.5,2,shunfloryn
8988,16690163,"Abhay Upadhyay","2026-08-08 18:05:54",306.4,2,abhay18s
8989,16682454," Vandanaa R","2026-09-02 09:48:24",306.3,2,vandanaar
8990,16693821,"DARSHAN A","2026-08-11 18:02:26",306.1,2,ad12345kag
8991,16667773,ShashankJha,"2026-09-25 17:08:01",306.1,2,shankinfy
8992,16682345,Gordy,"2026-08-31 07:39:13",306.0,2,gordyii
8993,16838913,LunaT2,"2026-09-05 09:10:21",306.0,1,lunat2
8994,16941648,ITibe88,"2026-09-22 19:04:58",305.8,2,itibe88
8995,16701902,"Matthew Souza Chong","2026-08-11 05:58:50",305.4,2,matthewsouzachong
8996,16664718,Vedika_,"2026-08-11 18:28:09",305.1,1,lighjt
8997,16915613,MDM,"2026-09-17 16:03:54",304.7,2,themdm
8998,16668271,"Shashank Raj","2026-08-06 14:27:00",304.6,2,ssr6156
8999,16681801,majj,"2026-08-11 03:07:46",304.5,2,m313786372
9000,16713319,"David Tilman","2026-08-12 18:56:13",304.4,2,davidtilman
9001,16668453,"Kawish Hassan","2026-08-05 16:51:03",304.4,2,kawishhassan
9002,16655811,"Duy Trần","2026-08-04 08:23:27",304.4,1,duyqtrn
9003,16755632,"Adarsh Yadav","2026-08-21 16:34:37",304.1,1,adarsh12yadav
9004,16757233,"Tet Toe Wai","2026-08-24 07:51:45",304.1,1,tettoewai
9005,16676302,Arnav,"2026-08-08 06:10:01",304.1,2,arnav03101
9006,16839939,Lemonabc,"2026-09-05 12:56:42",303.8,1,lemonabc
9007,16751311,JoangHZ,"2026-08-21 09:18:57",303.6,2,joanghz
9008,16778585,Deepa,"2026-09-27 10:42:27",303.3,2,deepa42639
9009,16763916,"Mohamed Nchourupouo","2026-08-24 09:28:47",303.3,2,mohamednchourupouo
9010,16740191,"Arjun Dhillon","2026-08-19 15:15:57",302.8,2,arjundhillon07
9011,16660473,"Owen M Kelley","2026-08-10 00:53:11",302.8,2,owenmkelley
9012,16894314,curious007hi9387983,"2026-09-17 07:41:07",302.6,1,curious007hi9387983
9013,16669188,Sebastián,"2026-09-25 21:30:33",302.3,1,sebatl
9014,16662491,Rudra070311,"2026-08-11 17:06:39",302.3,2,rudra070311
9015,16666353,"Pal Savani","2026-09-14 19:01:01",302.3,2,palsavani
9016,16855181,Komal_Rani,"2026-09-08 16:39:15",302.1,2,komalvinayak
9017,16932204,"Doğuş Özel","2026-09-20 22:27:23",302.0,2,dozel7
9018,16691936,"Adhar Chaudhari 07","2026-08-09 08:13:35",302.0,2,adharchaudhari07
9019,16661639,"Jayanth Kumar D","2026-08-06 13:36:46",302.0,2,jayanthkumard
9020,16664469,"Thorlapati Nikhil","2026-08-11 19:11:09",301.9,2,thorlapatinikhil
9021,16691813,Hyezir4,"2026-08-10 08:36:47",301.7,2,hyezir4
9022,16659453,"Ishwar Rathod","2026-08-06 03:29:27",301.6,2,ishwarrathodofficial
9023,16765997,"Diya Sharma","2026-09-13 18:08:07",301.2,2,diyasharmanexa
9024,16665360,"Ayush Bhadauria","2026-08-19 11:11:51",301.2,2,ayushbhadauria50
9025,16683421,"Ruchita Yadav","2026-08-13 18:09:54",301.0,2,ruchitayadav20
9026,16692084,"Kaggri Farmers","2026-08-29 19:47:29",301.0,2,"jayant99acharya,satvikkolluru"
9027,16772089,"Ana Riquele","2026-09-29 18:37:30",300.9,2,anariquele
9028,16756768,"Sayeed Ibrahim","2026-08-22 01:32:12",300.3,2,sayeedibrahim
9029,16706181,"Juvenal Pedro Baptista","2026-08-16 14:58:40",300.2,2,juvenalpedrobaptista
9030,16702052,"Beny Pratama Putra","2026-08-12 16:18:20",300.1,2,benypratamaputra
9031,16730086,HanaGhanem,"2026-09-20 22:15:11",300.1,2,hanaghanem
9032,16661690,codefusiondu,"2026-08-06 04:53:25",299.5,2,codefusiondu
9033,16674678,"Tinotenda Garikayi","2026-09-28 06:00:34",299.4,2,tinotendagarikayi
9034,16830884,"Khalil hafni","2026-09-14 23:51:56",299.2,1,hafnix
9035,16663351,MiguelS,"2026-08-07 15:25:29",298.7,2,lordm758
9036,16698591,FestusKipkoech,"2026-08-28 18:58:28",298.6,2,festuskipkoech
9037,16690183,ankit8924praj,"2026-08-14 15:43:56",298.4,2,ankit8924praj
9038,16634769,Fivingone,"2026-08-03 03:47:43",298.1,2,fivingone
9039,16707092,"Asharani Sahu","2026-08-11 11:19:08",297.9,1,asharanisahu
9040,16791786,BladeOffline,"2026-08-30 03:42:42",297.9,1,bladeoffline
9041,16725769,NikunjMakhija_,"2026-08-19 13:01:57",297.8,2,nikunjmak
9042,16658452,Hillclimber,"2026-09-13 01:50:22",297.5,2,driessmit1
9043,16729572,"Aswin Ramanathan","2026-08-17 16:17:38",297.5,1,aswinramanathan
9044,16730679,"Hoàng Trọng Hiếu","2026-09-13 08:32:32",297.3,2,hongtrnghiu
9045,16684308,Itsside_jay,"2026-08-07 11:46:48",297.2,1,itssidejay
9046,16665252,"Harsh Katara","2026-08-05 06:51:14",297.0,1,harshkatara
9047,16896350,"Abdelghani M'BAREK","2026-09-20 11:26:09",296.8,1,abdelghanimbarek
9048,16666639,"Dheeraj Pranav","2026-08-24 19:38:42",296.7,1,dheerajpranav
9049,16698739,"Sahrul Adicandra","2026-08-11 04:06:08",296.7,2,sahruladicandra
9050,16690514,"Aditya #3","2026-08-09 06:29:48",296.6,1,a0x1ab
9051,16794729,Copperford,"2026-09-08 00:41:27",296.5,2,copperford
9052,16643303,sigireddyBalasai,"2026-09-12 11:40:23",296.4,2,sigireddybalasai
9053,16919058,"Bethany Stringer","2026-09-19 10:18:38",295.9,1,bethanystringer
9054,16664218,"Nguyen Vu Tue Khang","2026-08-24 03:32:10",295.8,2,nguyenvutuekhang
9055,16631989,"VIDIT SHRIMALI","2026-07-31 17:13:46",295.5,1,viditshrimali
9056,16677034,gollapallysaikiraan2,"2026-09-18 21:45:24",295.4,2,gollapallysaikiraan2
9057,16774471,"Seymour Schmidt","2026-09-16 10:56:11",295.4,2,angrybread
9058,16686789,Hay-gent,"2026-09-07 05:37:52",295.4,2,"alagusuriyas,gayathrisrimai"
9059,16665661,Ikhbar,"2026-08-05 09:50:57",295.3,2,ikhbar
9060,16686941,vishu,"2026-09-24 12:47:08",295.1,1,vedanthshetty
9061,16667406,"Abdulrahman AlAsali","2026-08-05 13:20:41",294.8,1,abdulrahmanalasali
9062,16706591,"Poorvi Shetty","2026-09-25 14:34:13",294.7,2,poorvishetty1
9063,16656506,"Piyush Harde","2026-08-04 12:54:26",294.3,2,piyushharde
9064,16898267,Tannybro,"2026-09-20 09:31:41",294.3,2,tannybro
9065,16658450,"Krish Singh","2026-08-05 16:11:00",294.2,2,krishsingh2283
9066,16726021,"The Farm Game","2026-09-02 13:23:00",294.1,2,"tacostew,thomasbower6"
9067,16624553,"Abiram Bharathi S.A","2026-09-08 11:40:32",294.0,2,abirambharathisa
9068,16682262,"Pardeep Singh","2026-09-01 11:01:27",293.9,2,pardeep06
9069,16784538,"mou1234568 fdsfds","2026-08-28 18:05:29",293.9,2,mou1234568fdsfds
9070,16712089,"yui seya","2026-08-12 12:17:02",293.8,2,yuiseya
9071,16659493,"Ori Glisko","2026-08-09 14:27:44",293.8,2,origlisko
9072,16672168,"Justin Rutkowski","2026-09-13 08:13:41",293.7,2,justinrutkowski
9073,16660992,"Vishnu Vardhan Dumpala","2026-08-05 18:17:30",293.7,1,vishnuvardhandumpala
9074,16925237,"Abdullah Ahmed saeed","2026-09-22 09:42:28",293.5,2,abdullahahmedsaeed
9075,16657891,"Joshua Kinnah","2026-08-07 23:00:45",293.3,2,joshuakinnah
9076,16686700,"Hakkı selim Ak","2026-08-07 17:06:03",293.2,1,hakkselimak
9077,16681177,"Ivan Kevin Garcia Hernandez","2026-08-17 19:25:34",293.0,2,jedilgh
9078,16663945,anyasri,"2026-09-22 18:19:28",292.9,2,anyasri
9079,16694673,"B T Chinmayi","2026-08-27 19:47:10",292.9,2,btchinmayi
9080,16662054,"phantom of shubh","2026-08-11 07:54:46",292.7,1,shubhamkumar123490
9081,16920837,"Borys Koza","2026-09-18 13:00:28",292.6,1,boryskoza
9082,16658990,"Muhammad Burhan SE-45-02","2026-08-07 04:26:18",292.5,2,muhammadburhanse4502
9083,16789486,TanjiahaoXX,"2026-08-29 07:47:37",292.3,1,tanjiahaoxx
9084,16844194,小林周人,"2026-09-17 14:57:34",292.0,2,kobashu
9085,16805109,"иван астахов","2026-09-10 21:30:35",291.8,2,iastakhov
9086,16661157,Shenlai,"2026-09-17 14:02:50",291.7,2,shenlai
9087,16661955,Bingos,"2026-08-05 11:43:07",291.7,2,bingos
9088,16845556,"li Insomenia","2026-09-07 04:07:10",291.5,2,liinsomenia
9089,16719709,Rishiii360,"2026-08-18 03:46:23",291.4,2,rishiii360
9090,16632319,Valentin,"2026-07-31 21:14:24",291.3,1,vaha94
9091,16748092,Luckshith,"2026-08-20 12:59:43",291.2,2,luckshith
9092,16794647,"Michael Cahill","2026-09-01 07:46:28",291.1,2,michael1232
9093,16705294,"zhenf Liu","2026-08-11 07:51:06",291.0,2,zhenfliu
9094,16785050,"MITHIL J URK26CS7067","2026-08-28 18:29:14",290.8,1,mithiljurk26cs7067
9095,16668166,Pikachu,"2026-08-05 14:52:15",290.6,2,"arpankumarsinha,phantomboy69,subhojitpaul2006"
9096,16721533,"Lakshya Sharma","2026-08-16 06:01:34",290.4,2,lakshyasharma007
9097,16785111,"JEFFREY KIRUBA J ","2026-08-28 18:07:41",290.4,1,jeffreykirubaj
9098,16810780,prachi.icy,"2026-09-27 15:56:31",290.4,2,prachinikalje
9099,16623161,"Charles Kalaba","2026-08-08 13:06:02",290.2,2,charleskalaba
9100,16769212,"jason vetter","2026-08-25 05:48:22",290.0,1,jasonvetter
9101,16659975,"Rahul Sain","2026-08-05 18:54:58",289.9,2,rahulsain2001
9102,16732315,"Filip Chladek","2026-08-17 13:37:38",289.6,2,filipchladek
9103,16650070,"jakub slavíček","2026-08-04 12:58:40",289.6,2,jakubslavicek
9104,16652397,"Aniket Kumar","2026-08-06 13:29:50",289.6,2,kalkiavatar3
9105,16742209,"melih Bektaş","2026-09-26 19:31:08",289.5,2,melihbekta
9106,16662403,"ulaş özen","2026-08-05 19:49:16",289.4,2,ulazen
9107,16668559,Goups,"2026-08-22 09:11:46",289.3,2,hervrenard
9108,16659865,Rithikaaaaah,"2026-08-17 07:09:08",289.2,2,rithikaaaah
9109,16882689,Soodari,"2026-09-12 21:56:31",288.6,2,soodari
9110,16784225,sulala,"2026-08-29 08:51:26",288.0,2,sulala
9111,16838645,"Deepak #2","2026-09-06 10:20:54",287.9,2,deepakup85
9112,16729246,"Ayodeji Akinola","2026-08-29 19:45:30",287.8,2,ayodejiakinola
9113,16728465,"Abdurrahman Assegaf","2026-08-16 12:13:15",287.1,2,amanshop
9114,16723045,"Albert Einstein F Muritiba","2026-09-27 17:33:52",287.0,2,spideryzarc
9115,16682422,"SABBIR HOSSAIN 2029","2026-08-16 14:23:24",287.0,2,sabbirhossain2029
9116,16662913,"IYAMPAYE ribert","2026-08-04 19:01:38",286.7,1,iyampayeribert
9117,16777607,"je nap","2026-08-30 01:56:28",286.6,2,johnenapoles
9118,16926905,"George Quadros","2026-09-21 21:56:55",286.2,2,georgequadros
9119,16654430,"Rishoban Y","2026-08-07 13:46:37",286.0,1,rishoban
9120,16634016,"Adrien Thomas","2026-09-21 17:32:37",285.9,2,adrienthomas
9121,16893131,"Jenny Dinh","2026-09-30 16:25:49",285.7,2,"jeanguo000,jenny125,keytran8850"
9122,16637025,kodalien,"2026-08-10 15:21:00",285.7,2,kodalien
9123,16655315,SL,"2026-08-13 01:50:18",285.2,2,xndr007
9124,16882182,":T Eh?","2026-09-13 09:16:32",284.9,1,goulustis
9125,16658725,"syed jawad","2026-08-17 08:49:32",284.8,1,syedjawad663
9126,16725135,"clement cg","2026-08-19 07:54:00",284.2,2,clementcg
9127,16732280,"Akarsh kumar shukla","2026-08-18 20:38:35",283.8,1,akarshkumarshukla
9128,16728948,L3MG,"2026-08-16 21:17:06",283.7,2,lemgyy
9129,16707118,"DEVEN BAGADE","2026-08-11 11:24:10",283.1,2,devenbagade
9130,16657426,"M.Mukunda Reddy","2026-08-17 06:18:11",282.5,2,mmukundareddy
9131,16676305,JTHEFROG,"2026-08-08 12:09:45",282.4,2,joshyuasa
9132,16655875,PLLZ,"2026-08-17 01:11:41",282.2,2,pllzzz
9133,16690882,"Meet P. Shah","2026-09-05 04:32:03",282.2,2,meet47
9134,16669576,"zarnab waheed","2026-08-17 19:20:34",282.1,2,zarnabwaheed
9135,16641866,"Prem Gandhi","2026-08-06 19:48:18",282.1,2,gprem352
9136,16707179,"Achintya Rai","2026-08-12 11:15:16",282.0,2,achintyarai
9137,16792780,"Sreekar Reddy","2026-09-01 15:33:38",281.8,2,eshured
9138,16675037,"Stanislav Pashkov","2026-08-08 20:50:16",281.7,2,stanislavpashkov
9139,16653054,Khongor2424,"2026-08-03 15:32:17",281.6,2,khongorkikaik21
9140,16721849,ayushai8714,"2026-08-28 09:36:41",281.5,2,ayushai8714
9141,16656351,"Triet Ho","2026-08-07 07:27:33",281.4,2,trietho247
9142,16659060,Pratham3gewg,"2026-08-06 18:26:51",281.3,2,pratham3gewg
9143,16684223,"Aayush Shah","2026-08-13 17:57:28",281.3,2,aayushshah265
9144,16671959,"Sintu Verma","2026-08-09 05:44:56",281.2,2,sintuverma
9145,16663600,"Adrián Flores","2026-08-05 00:38:36",281.0,2,foward2892
9146,16698920,"Rishabh Bhartiya","2026-08-12 13:48:26",280.9,2,rishabhbhartiya
9147,16771870,"kumi cho","2026-09-22 14:52:46",280.5,2,kumicho
9148,16791680,"Surja Sarker","2026-09-04 12:12:24",280.5,2,surjasarker
9149,16675218,데미안과마루,"2026-08-18 14:16:13",280.3,2,siver3
9150,16657159,"Amey Malpurkar","2026-08-11 07:35:27",280.0,2,"ameymalpurkar,siddheshsadarao"
9151,16885028,"wen yimeng","2026-09-13 09:26:04",280.0,1,wenyimeng
9152,16665758,"Oladipo Bashir","2026-08-31 10:23:51",280.0,1,oladipobashir
9153,16690055,"Prem Kumar","2026-09-02 05:56:28",279.5,2,premkumar099
9154,16668333,VishalVivek,"2026-08-07 09:46:17",279.5,1,vishal14332
9155,16661290,"Kelian Esteve","2026-08-04 14:33:13",279.3,1,kelianesteve
9156,16669535,sakshitantak,"2026-08-08 05:16:32",279.3,2,sakshitantak
9157,16762045,ADV,"2026-08-23 13:28:56",278.9,1,shuntianjiang
9158,16862181,"M chetin","2026-09-12 18:51:14",278.6,2,cetin95
9159,16653903,Manav2805,"2026-08-04 09:25:08",278.1,2,manav2805
9160,16716592,"Poma Mikhail","2026-09-10 09:08:04",277.8,2,ambisinistra
9161,16784605,"Iniyan M D R","2026-08-28 13:53:22",277.7,1,iniyanmdr
9162,16840506,"Jayanth Earla","2026-09-10 16:46:21",277.7,2,jayanthearla
9163,16654253,"Gaius K Biju","2026-08-03 18:51:18",277.2,2,gaiuskbiju
9164,16849173,"Sarvajith Adyanthaya","2026-09-07 16:51:17",277.2,1,sarvajithadyanthaya
9165,16796258,"Lanzhi Jiao","2026-09-03 08:31:13",277.1,1,lanzhijiao
9166,16672670,RonTroy,"2026-08-13 04:46:15",276.9,2,rontroy
9167,16655621,xia0910,"2026-08-08 11:03:21",276.8,2,xia0910
9168,16809426,"The Nafl","2026-09-10 11:20:55",276.5,2,nafalrust
9169,16766823,suikkee,"2026-09-02 05:05:50",276.4,1,suikkee
9170,16660308,zhangzhenman,"2026-08-25 06:14:26",276.2,1,zhangzhenman
9171,16858604,"Ye Naing","2026-09-10 02:42:59",275.9,2,yenaing
9172,16765570,"Akhand Soni","2026-08-24 12:47:42",275.5,1,akhandsoni
9173,16654568,Samiksha_Chan1022,"2026-09-20 14:26:32",275.4,2,samikshachan1022
9174,16687648,"RSJ CorneR","2026-09-23 19:07:08",275.4,2,rsjcorner
9175,16814858,"Sankalp Patidar","2026-09-15 08:57:20",275.4,2,sankalppatidar
9176,16690187,"Amrita Singh","2026-08-08 10:34:51",275.3,2,amrita004
9177,16683284,"Haha Farming","2026-08-07 14:38:04",275.2,1,"akshitharamesh,harinir1423"
9178,16746682,"julio cesar valencia","2026-09-24 04:19:19",274.9,2,juliocesarvalencia
9179,16948168,"Анна Кондратенко","2026-09-23 16:03:20",274.7,2,"anetka2006,serhiibarsul"
9180,16713204,Mohamedg,"2026-08-24 23:15:06",274.6,2,mohamedgcroesus
9181,16660529,Imaanga,"2026-08-10 11:41:21",274.2,2,imaangababy
9182,16661012,"Tesfahun Feleke","2026-09-24 09:04:19",274.1,2,tesfahunfeleke
9183,16947693,"Mohammad Rashid Pathan","2026-09-30 14:27:05",274.1,2,pathanmohammadrashid
9184,16673753,hmmmSure,"2026-09-15 18:13:47",274.0,2,gerardnitt
9185,16723487,RoboDavo,"2026-08-19 00:36:17",274.0,2,robertdavidson1911
9186,16716476,lnssan,"2026-08-20 13:05:18",274.0,2,lukanilssandmayr
9187,16774878,"Dia Mec","2026-09-30 14:00:00",273.6,2,dhiamechi
9188,16697373,"Sumit Bhattacharjee","2026-08-29 18:29:11",273.5,2,sumitbhattacharjee
9189,16658489,小出和見,"2026-08-13 23:23:04",273.5,2,kzmk8d
9190,16759726,Phoenix,"2026-08-22 19:43:10",273.3,1,seanht1
9191,16938753,"Kedar K0","2026-09-22 03:42:53",273.1,1,kedark0
9192,16761731,"James Hu","2026-08-23 17:50:28",273.0,1,cnjameshu
9193,16660543,"BUTUH DUIT","2026-08-06 07:39:16",272.8,2,abulkahfi
9194,16839430,EliaSav,"2026-09-06 15:33:34",272.6,2,eliasav
9195,16765329,"Bart Woz","2026-08-31 14:18:24",272.6,2,bartwoz
9196,16748410,Lemons,"2026-08-21 19:44:07",272.5,1,takahiromatoba
9197,16712086,"Zubair Shafi","2026-08-16 23:23:04",272.2,2,zubairshafi5050
9198,16740950,Shaw,"2026-08-23 10:07:14",272.1,2,shaw06
9199,16697283,Puranjay02,"2026-09-10 07:09:06",272.1,2,puranjay02
9200,16659804,"Gashahun Demise","2026-08-04 13:23:20",272.0,2,gashahundemiset
9201,16741555,"Rushikesh Shirwalkar","2026-08-19 11:02:46",271.4,2,rushikeshshirwalkar
9202,16813582,Soham_7391,"2026-09-16 09:59:13",271.0,2,soham7391
9203,16723583,"varun chindage","2026-09-25 01:13:18",270.7,2,stormy420
9204,16678362,"Mitiku Yohannes","2026-08-07 00:00:37",270.3,2,mitiku
9205,16707372,"zidu cheng","2026-08-11 13:30:40",269.9,1,ziducheng
9206,16624246,"xu j1ayang","2026-08-11 05:12:47",269.9,2,xuj1ayang
9207,16683998,"Mahoraga save me","2026-08-07 22:09:22",269.7,2,yqngyv
9208,16868524,"Chutayu Adhittayawong","2026-09-11 03:30:13",269.6,2,arteezy009
9209,16734670,Sparsh,"2026-08-22 01:48:51",269.4,2,sparshsinha24
9210,16691354,"Vedika Gupta","2026-08-08 14:20:25",269.4,1,vedikagupta0
9211,16670185,"Odilon Yehouenou","2026-08-13 20:23:58",269.4,2,odilonyehouenou
9212,16658065,"Parul Mittal","2026-08-06 13:55:51",269.3,1,pisces83
9213,16730653,"Daham Dissanayake","2026-08-21 03:17:15",269.2,1,"dahamdissanayake,dinuginimnara"
9214,16865663,GauravPramodJain,"2026-09-10 09:44:04",269.2,1,gauravpramodjain
9215,16666316,adityakr1001,"2026-08-05 09:33:41",268.9,1,adityakr1001
9216,16698562,Kyoko004,"2026-08-11 04:38:18",268.8,1,kyoko004
9217,16682623,"Aditya Paul","2026-08-14 12:44:45",268.7,2,adityapaul634
9218,16724743,"Dr. James Gambrah","2026-08-17 08:48:47",268.3,2,jamesgambrah
9219,16646076,"Ajeet Krishnasamy","2026-08-04 19:52:27",268.3,2,ajeetkrish
9220,16818690,"Arionchen TitanTeam","2026-09-04 08:52:16",268.2,2,arionchentitanteam
9221,16659581,"isah ridwan","2026-08-07 09:02:00",268.0,2,isahridwan
9222,16695733,"Imad Zaanine","2026-08-11 02:11:15",267.9,2,imadzaanine
9223,16747086,Karma_350234,"2026-08-20 09:56:52",267.8,1,karma350234
9224,16665114,"Francesco Benincasa","2026-08-05 09:56:52",267.7,2,francescobenincasa
9225,16744954,charley8,"2026-08-22 06:23:36",267.7,2,charley8
9226,16922932,Anteee231,"2026-09-21 04:19:19",267.7,2,anteee231
9227,16762084,"Krishna Lokhande","2026-08-23 14:08:48",267.5,1,krishnalokhande8080
9228,16911725,"casey blanche","2026-09-18 23:50:00",266.9,2,caseyblanche
9229,16665371,"Kevoh Mutwiri","2026-09-20 20:33:29",266.8,2,kevohmutwiri
9230,16761994,"Talha Sayyad faim","2026-08-23 11:32:37",266.8,1,talhasayyadfaim
9231,16676007,"Lao KENAO","2026-08-15 01:15:48",266.6,2,laokenao
9232,16773545,faithk7u,"2026-08-31 21:57:43",266.4,2,faithk7u
9233,16655734,dworld,"2026-08-05 04:13:18",266.3,2,jagdishhalde
9234,16652276,Phare111,"2026-08-04 15:09:55",266.0,1,phare111
9235,16758856,"Ali Zaib","2026-08-27 20:12:02",266.0,2,alizaib001
9236,16790545,Adnane,"2026-09-01 02:18:09",265.9,2,adnaneel
9237,16761681,"Ming Myung","2026-08-24 05:12:56",265.1,2,vanhaminhquan
9238,16841154,Kinjal,"2026-09-05 22:13:51",265.0,2,kinjalparmar5009
9239,16681783,"Next billionaire ","2026-09-30 09:45:25",264.9,1,nextbillionaire
9240,16684168,"Roaya Saed","2026-08-10 14:36:20",264.9,1,roayasaed
9241,16669314,"Editor Jugnu AI","2026-09-06 08:31:32",264.4,2,editorjugnuai
9242,16660144,"Léandre ELISHA","2026-08-09 12:25:44",264.0,2,landreelisha
9243,16658941,Matts6591,"2026-08-17 07:59:36",264.0,1,mathwithmatt
9244,16656595,"Sithija Amarathunga","2026-08-04 10:09:50",264.0,2,sithijaamarathunga
9245,16682559,"Punit Pritam Mohanty","2026-08-11 06:21:03",264.0,2,punitpritammohanty
9246,16684535,Moonlight,"2026-09-07 14:16:17",263.8,2,rajesh1joc
9247,16706312,"shabbar taj","2026-08-11 16:35:57",263.6,2,shabbartaj
9248,16659696,"Lakshyaraj Singh Rathore","2026-09-05 18:47:32",263.5,2,lakshyarajrtm
9249,16661587,"Debashis Mohapatra","2026-08-05 09:05:50",263.4,2,debashismohapatra
9250,16740795,Yanshaoo2026,"2026-08-19 08:40:17",262.7,1,yanshaoo2026
9251,16753817,Karmers,"2026-09-24 08:52:46",262.2,2,"prasenjittadake,swapnilpatil2737"
9252,16918745,Xstella,"2026-09-30 13:34:04",262.0,2,xstella
9253,16718890,"Andy Symonds","2026-08-19 23:04:11",261.9,2,andyivanhoe
9254,16688231,"Antoine Matemane Mahirwe","2026-08-10 19:40:15",261.7,2,antoinemah
9255,16656198,N9uy3nPham,"2026-08-06 10:56:04",261.7,2,n9uy3npham
9256,16748206,ArtlexYang,"2026-08-25 08:43:28",261.6,1,artlexyang
9257,16922872,EricWang,"2026-09-18 23:56:44",261.4,1,ericwang915
9258,16755664,"Shivam Rajdev","2026-09-04 19:28:36",261.1,2,shivamrajdev
9259,16749514,"M Harini","2026-09-21 14:52:15",261.1,2,rvmharini
9260,16676501,"[Deleted] cf820879-5b51-45ff-9f0a-1d88833299b5","2026-08-08 08:32:10",261.1,2,kamraanmulani
9261,16668464,Mauro,"2026-08-05 15:57:27",261.1,2,ilmaurino
9262,16685996,"Universal Entropy","2026-08-07 16:22:28",261.1,1,fennerjw
9263,16677565,"Avish Sinha","2026-09-28 19:50:31",260.8,2,avish006
9264,16740506,Growingduck,"2026-09-02 03:18:21",260.8,2,jaeminkang2021
9265,16941661,Parthasaradhy,"2026-09-22 16:02:49",260.3,2,parthasaradhy
9266,16676084,"Abir Majdi","2026-08-24 00:24:35",260.2,2,abirmajdi
9267,16654293,"Jatin N. Soni","2026-08-18 09:59:05",260.2,2,jatinsoni111
9268,16625775,liubingxin205,"2026-08-15 06:29:40",260.1,2,"hongjuw,liubingxin205"
9269,16677788,DorianCo,"2026-08-06 18:10:06",260.0,2,dorianco
9270,16661469,"Qiqi Xie","2026-08-06 20:53:32",259.6,2,qiqixie123
9271,16756174,"Mateo Coelho","2026-09-02 19:10:01",259.6,2,mathsco
9272,16822259,"Craig Goldswain","2026-09-07 14:52:01",259.5,2,craiggoldswain
9273,16660957,CREVATEC,"2026-08-11 09:30:33",259.0,2,"olakunleolalekan,samueloladeji"
9274,16724204,chestnut,"2026-08-21 02:15:17",258.1,2,yskkrbysh
9275,16662861,"Chirag Tutlani","2026-08-04 19:13:05",257.6,1,chiragtutlani
9276,16661879,"Pham Truc","2026-08-07 07:21:46",257.6,1,genti1206
9277,16773858,"Kundan Kumar","2026-09-29 05:28:02",257.5,2,edkundan
9278,16739918,POLAROID_86,"2026-08-18 21:56:04",257.0,2,polaroid86
9279,16651668,Haiku,"2026-08-05 06:28:54",256.9,2,yangjiefu
9280,16811524,PeiyuQian,"2026-09-11 16:00:55",256.6,2,peiyuqian
9281,16939560,"Zhi Quan","2026-09-22 05:35:09",256.6,1,zhiquannn
9282,16663253,"Albert Benjamin Asare","2026-08-06 19:29:05",256.5,2,albertbenjaminasare
9283,16658357,heetmehta18,"2026-08-07 13:30:40",256.4,2,heetmehta0000
9284,16670674,"Foodle Jang","2026-08-19 22:14:34",256.2,2,foodlejang
9285,16847927,"Laiba Hameed","2026-09-12 09:00:51",256.1,2,laibahameed08
9286,16649074,nanato,"2026-08-28 04:27:29",256.1,1,nanato
9287,16656881,"Eugene Nyondo","2026-08-30 22:33:50",255.9,2,eugenenyondo
9288,16643821,"arnav chaturvedi123","2026-08-02 22:16:08",255.7,2,arnavchaturvedi123
9289,16724512,"Diw Gupta","2026-08-21 13:45:51",255.2,1,diwgupta
9290,16661213,"Daniel Siersleben","2026-08-05 12:53:41",255.2,1,danielsiersleben
9291,16790483,"ivo nahuel jasinskas","2026-08-29 14:08:28",255.0,1,ivonahueljasinskas
9292,16684191,"Patel Aryan D","2026-08-10 07:36:13",254.9,2,patelaryand
9293,16665614,MesonLabs,"2026-08-11 06:17:27",254.8,1,mesonlabs
9294,16761134,mash3gt,"2026-08-23 06:10:12",254.4,1,shiroguitar
9295,16748712,"Amit Kumar Gupta","2026-08-21 13:33:00",254.3,2,eramitg
9296,16654306,Shubham,"2026-08-03 19:09:40",254.1,2,sanjayshubham24
9297,16683970,"Zakhar Homyakov","2026-08-07 11:14:41",253.9,2,zakharhomyakov
9298,16665704,"Sreesanth M S","2026-08-05 07:12:05",253.8,1,sreesanthms
9299,16725104,ManasviVarma,"2026-08-23 10:20:35",253.6,1,manasvivarma
9300,16809620,"Mohamed Alaa Elboraay","2026-09-02 19:11:42",253.6,2,mohamedalaa10
9301,16701041,"Meet Babariya","2026-08-10 14:21:06",253.5,1,meetbabariya
9302,16712844,"ray hengbo","2026-09-01 03:35:31",253.2,1,rayhengbo
9303,16659698,"Duy Anh Nguyễn","2026-08-07 10:23:27",252.9,1,duyanhnguyn
9304,16707941,ニイエチカイン,"2026-08-14 15:28:42",252.8,2,j4ck99
9305,16663459,"Cristian Yeanpaul Palomino Calderon","2026-08-06 04:14:17",252.8,2,dawo0t
9306,16915237,"Greg Spitz","2026-09-29 23:25:11",252.8,2,gregspitz
9307,16942668,"Levreau Camille ","2026-09-28 12:35:00",252.7,2,"dechant,levreaucamille"
9308,16658888,NovaBytes,"2026-08-06 07:06:34",252.4,2,"drashtisingh14,kjjkjjk3107"
9309,16660579,mayank,"2026-08-06 14:41:12",252.3,2,mayank921
9310,16736084,"Kaishang Zhang","2026-09-02 13:41:28",252.1,2,kaishangzhang
9311,16711610,cc_z_kaggle,"2026-08-12 09:33:23",252.0,1,cczkaggle
9312,16882350,akacome,"2026-09-12 18:32:37",251.7,1,akacome
9313,16658676,"Abdul Roheem Abdul Warith","2026-08-04 18:59:04",251.6,1,albasoliyy
9314,16654853,"Saketh Rao","2026-08-03 21:43:14",251.6,1,sakethrao
9315,16924232,Heshwa,"2026-09-19 08:08:28",251.6,2,heshwa
9316,16713601,"Omar spok","2026-08-19 13:27:13",251.6,2,omarspok
9317,16672982,"Enes Aytaç","2026-08-14 12:12:24",251.0,2,enesayta
9318,16658620,"Dina Chettouh","2026-08-04 09:13:27",250.7,2,dinachettouh
9319,16690161,"Sudipto Event","2026-08-11 09:25:00",250.6,2,sudiptoevent
9320,16889111,"Abel Garza-Ramírez","2026-09-19 01:12:05",250.6,1,abelgarzaramrez
9321,16932531,"Ankur Agarwal","2026-09-20 22:56:55",250.4,1,ankur98
9322,16758007,stoicsatvik,"2026-08-22 12:37:48",250.3,1,stoicsatvik
9323,16862268,"Vishal Harry","2026-09-12 21:26:48",250.0,2,vshr777
9324,16785789,"Mateus Sousa do Carmo","2026-08-28 21:23:10",249.8,2,mateaadsaf
9325,16755126,"Goosing around","2026-08-21 14:01:59",249.5,2,"annood,davidterkuile"
9326,16831820,"Raihan Saladin","2026-09-12 17:21:34",249.4,2,raihansaladin
9327,16665243,"Harshit Jha","2026-08-05 13:40:16",249.3,2,harshitjha28
9328,16655003,"Paramjeet Kaur","2026-08-04 21:09:02",249.0,1,kauxp26
9329,16633483,"benkerrouche abdelbasset","2026-08-07 16:11:50",249.0,1,bassetkerouche
9330,16809584,"Kinnal Rutu","2026-09-02 15:01:01",248.9,2,kinnalrutu
9331,16665461,"Krishna Golwala","2026-08-24 18:39:08",248.9,2,krishnagolwala
9332,16768507,"Dhanush Ballanki","2026-08-25 00:33:27",248.6,1,dhanushballanki
9333,16663869,CYBER_TECH99,"2026-08-05 01:40:15",248.4,2,cybertech99
9334,16772388,XiaozhenWu2002,"2026-08-29 16:21:55",248.3,2,xiaozhenwu2002
9335,16677629,"XIE Jintao","2026-08-06 18:47:28",248.2,2,xiejintao
9336,16762167,"Arkoday Roychowdhury","2026-08-24 01:29:19",248.0,2,arkodayroychowdhury
9337,16738539,"Sharath S","2026-08-21 05:19:45",247.9,2,akicodes
9338,16687574,"Yash Raghuvanshi","2026-08-07 22:09:38",247.8,2,yashraghuvanshi25
9339,16779857,0x74,"2026-09-03 14:03:17",247.7,1,i0x74i
9340,16703295,Yuting,"2026-08-13 20:42:16",247.5,2,yutinghanuxd
9341,16743603,tanmoypal11,"2026-08-19 15:19:36",247.3,1,tanmoypal11
9342,16649650,"Ashish Barnawal","2026-08-11 04:08:04",247.3,1,klein4
9343,16644398,Nurkan123,"2026-08-16 21:20:24",247.2,2,nurkan123
9344,16822994,"Peter Danilov","2026-09-03 18:16:23",247.2,1,pndanilov
9345,16948529,"Daria Liubarets","2026-09-23 16:33:49",246.8,1,dariisss
9346,16658457,"Uchiha Eren","2026-09-26 14:33:34",246.8,2,lucsanjay
9347,16725288,mustafasadiqi,"2026-08-15 12:26:35",246.6,1,mustafasadiqi
9348,16922345,"MESK WADHAH ABDULQADER ABDULQADER","2026-09-29 11:50:06",246.2,2,meskelemin
9349,16659280,"yahaya zayyan","2026-08-04 10:51:16",245.9,1,yahayazayyan
9350,16784952,"Adria Barreto","2026-08-28 16:06:57",245.9,1,adriabarreto
9351,16654329,"Aby K Prakash","2026-09-17 17:04:51",245.7,1,abykprakash
9352,16780106,"Mirangga Jakti","2026-09-09 20:05:22",245.6,2,miranggajakti
9353,16680789,Marouane,"2026-08-15 02:41:18",245.4,2,marouanealahyane
9354,16760903,"Derrick Lace","2026-08-23 04:23:40",245.3,2,derricklace
9355,16658152,MingSUN007,"2026-08-04 13:46:29",245.3,2,mingsun007
9356,16670506,"Juan Andres Bravo Mejia","2026-08-05 21:40:17",245.3,1,juanandresbravomejia
9357,16633833,"mohammad javad Kamali","2026-08-19 05:13:42",244.9,1,mohammadjavadkamali
9358,16667700,"Omar Mohammad","2026-08-05 15:52:54",244.8,2,omarmohammadw
9359,16929898,"Senadie Damsini Fernando","2026-09-20 10:49:49",244.7,1,senadiefernando
9360,16683428,"Darsh Jilka","2026-08-19 09:03:08",244.5,2,darshjilka
9361,16659203,"Praful Nayak","2026-08-05 08:17:06",244.4,2,prafulnayak2003
9362,16669756,AlgSaid,"2026-08-05 18:54:07",244.4,1,imabdallah
9363,16929949,"mohamed seddik sakai","2026-09-22 13:32:24",244.4,2,mohamedseddiksakai
9364,16675104,"khwaja Moula'Ali","2026-08-06 11:30:49",243.9,1,khwajamoulaali
9365,16681959,"shun takinami","2026-08-07 05:43:47",243.2,1,shuntakinami
9366,16790992,"Matthew Knyazev","2026-08-29 17:53:40",243.0,1,matthewknyazev
9367,16733752,Abhi,"2026-08-17 19:34:16",242.9,1,zeroday19
9368,16664863,zzzhhcc,"2026-08-13 06:15:42",242.7,2,zzzhhcc
9369,16660471,"Obsessed Beings","2026-08-24 16:44:48",242.7,2,"meur99,muhammedsaeed315,obsessedbeing,studentwork01"
9370,16759675,TianKitty,"2026-08-27 04:43:06",242.5,1,tiankitty
9371,16727383,"Minchul Shin","2026-08-20 07:50:37",242.5,1,nashory
9372,16904216,ACCCC114514,"2026-09-28 02:54:43",242.5,1,acccc114514
9373,16655159,"Marcel Relaford","2026-08-13 01:26:26",242.4,1,marcelrelaford
9374,16654318,"Aryan Raj Ayush","2026-08-23 08:34:14",242.4,1,aryanrajayush
9375,16755377,"Rishi Sutar","2026-09-29 17:34:44",242.3,2,rishisutar
9376,16811014,"Overfit and Chill","2026-09-18 12:41:38",242.3,2,toyeshchakravorty
9377,16842088,"Hrithik Reddy","2026-09-07 09:46:01",242.3,1,hrithik22122
9378,16653997,"Alekya Valapushetty","2026-08-05 13:52:08",242.1,2,alekyavalapushetty
9379,16691322,"Anita rai98765","2026-08-16 19:05:43",241.6,2,anitarai98765
9380,16708480,"Omar M.Moustafa","2026-08-11 18:55:58",241.5,2,omarmmoustafa
9381,16769754,daguniang,"2026-08-26 00:44:59",241.1,2,daguniang
9382,16737009,"Alexandre Pedrosa","2026-09-03 07:42:20",240.7,1,alexandrepedrosai
9383,16669411,"Atta Ullah","2026-08-10 13:28:30",240.7,2,attaullahqau
9384,16821068,"Danila Goncharenko","2026-09-03 15:22:12",240.6,2,danilegovich
9385,16676991,"Jack Hopkins","2026-08-19 19:11:37",240.5,2,jackhopkins
9386,16830761,Skarmory,"2026-09-04 13:05:56",240.4,1,syarnorke
9387,16712979,"Yusuke Tsukuda","2026-08-12 14:58:39",240.3,1,yusuketsukuda
9388,16805585,"Hrishikesh Dhuri","2026-09-28 05:44:45",240.1,2,hrishikeshdhuri19
9389,16684875,"Amitrakshar Mukherjee","2026-08-07 13:21:32",240.1,2,amitraksharmukherjee
9390,16880785,"CHIDANANDA G L","2026-09-12 11:18:48",239.8,2,chidanandagl
9391,16635098,"Charvi Upreti","2026-08-15 05:43:59",239.5,1,charviupreti
9392,16849556,"Peter Bull","2026-09-08 12:41:45",239.5,2,peterbull
9393,16728350,fajarnadeem808,"2026-08-16 13:07:59",239.3,2,fajarnadeem808
9394,16639684,Rubel,"2026-08-05 18:49:11",239.2,2,rubel01
9395,16641331,ushi,"2026-08-05 13:33:18",239.1,1,yuki508
9396,16850036,Sumzali083,"2026-09-07 19:23:11",239.0,1,sumzali083
9397,16686316,"Ali mohon","2026-08-07 16:16:43",238.9,2,alimohon
9398,16819370,"István Csik","2026-09-03 13:39:36",238.8,2,istvncsik
9399,16894802,"phus sea","2026-09-15 16:23:01",238.4,2,phussea
9400,16864283,"Nguyễn Cường","2026-09-20 11:41:20",238.4,2,nguyncngo
9401,16671302,"Pratish Chaudhary","2026-08-10 00:35:01",238.3,1,pratishchaudhary
9402,16689903,wangbohuan,"2026-08-08 09:35:12",238.2,2,wangbohuan
9403,16686950,"Kittikhun Pachana","2026-08-08 00:16:11",238.2,2,kittikhunpachana
9404,16679467,"Ahmed Zedan","2026-08-18 00:28:27",238.1,2,ahmedzedan11
9405,16663003,devzohaib,"2026-08-04 21:27:30",238.0,1,devzohaib
9406,16751488,Klixel,"2026-08-21 03:35:28",238.0,1,klixel
9407,16659374,"[Deleted] 8f7327b9-2576-439b-bd6e-3f5fde366ebe","2026-08-04 10:12:44",237.7,1,del=8b215115eb53cbc1
9408,16913778,"Ugwushi Chijioke","2026-09-17 12:30:36",237.6,2,ugwushichijioke
9409,16750526,"Marcel Biezunski","2026-09-05 16:44:52",237.5,1,marcelbiezunski
9410,16667684,"Tim Neale","2026-08-06 13:01:12",237.3,1,timothyjneale
9411,16662039,"Ajat Rosadi","2026-08-04 16:58:10",237.3,2,ajatrosadi
9412,16750033,davidw001,"2026-08-20 17:13:07",237.2,1,davidw001
9413,16771048,"Aditya Pawar","2026-08-25 16:55:04",237.2,1,aditya22102001
9414,16658795,"Case Seller","2026-08-30 06:46:45",237.2,2,caseseller
9415,16627717,da_pond,"2026-07-31 08:33:57",237.2,1,dapond
9416,16723726,"Erika Worrall","2026-08-15 23:09:17",236.9,1,erikaworrall
9417,16656679,"Sadiqa Bibi","2026-08-27 09:52:29",236.9,2,sadiqabibidata
9418,16659001,"Tim Wanjohi","2026-08-12 11:43:16",236.8,2,timwanjohi
9419,16663191,"Arnav Anand","2026-08-04 19:53:08",236.7,1,arnavair27
9420,16667691,alexanderctrl,"2026-08-18 10:10:51",236.7,2,alexanderctrl
9421,16657777,"sandeep kumar","2026-08-04 11:41:21",236.6,2,sandeep088
9422,16687151,harshi101,"2026-08-08 06:32:37",236.2,2,harshi101
9423,16678647,"Zorawar Singh","2026-08-06 19:55:53",236.1,2,zorawarsingh677
9424,16701143,macneil,"2026-08-14 14:53:54",236.0,2,macneil
9425,16728152,"Kenji Tai","2026-08-16 18:27:33",236.0,2,kenjitai
9426,16708246,StudyForUse01,"2026-08-11 16:58:19",235.9,1,studyforuse01
9427,16677517,justnyoike,"2026-08-10 01:12:56",235.9,2,justnyoike
9428,16668654,"Zharkyn Makhanbet","2026-08-10 18:28:08",235.7,1,imadparadoxi
9429,16659387,dharssshiniii,"2026-08-04 09:48:15",235.4,1,dharssshiniii
9430,16708194,"Amulya Kypa","2026-09-26 17:46:28",235.2,2,"aakankshakota,amulyakypa,gvvinaykrishna"
9431,16657440,Lz7_129,"2026-08-04 15:26:01",235.0,1,lz7129
9432,16817626,"Jaya Singh","2026-09-15 13:30:37",234.9,2,jayasingh12
9433,16923722,Coders,"2026-09-26 16:02:31",234.5,1,"dhanalakshmi33,sruthi007,subbanbeeepanagandla"
9434,16687891,qklent,"2026-08-09 19:44:12",234.5,1,qklent
9435,16725615,carside,"2026-08-29 04:49:31",234.3,1,carside118
9436,16656692,"kinza aftab 714","2026-08-04 05:43:51",234.1,2,kinzaaftab714
9437,16733204,"Sompalli Akhil Kumar","2026-08-18 10:14:08",234.0,2,sompalliakhilkumar
9438,16623099,"Bovard Doerschuk-Tiberi","2026-07-30 21:04:23",233.9,1,bovard
9439,16665719,"[Armenia] Narek Petrosyan1","2026-08-05 07:49:34",233.8,1,narekpetrosyan1
9440,16657378,doteeee,"2026-08-14 11:43:40",233.7,2,narendra
9441,16690494,StevenBeyen,"2026-08-13 07:55:32",233.7,2,beyensteven
9442,16889340,aryansaini1612,"2026-09-15 04:04:12",233.6,1,aryansaini1612
9443,16774202,Wrs,"2026-08-26 09:21:40",233.6,1,wrsarch
9444,16655813,minerppdy,"2026-08-04 06:06:58",233.5,1,minerppdy
9445,16655508,bigsea,"2026-08-04 01:31:58",233.4,2,sakamakihiromi
9446,16949878,ZaitsevOleksandr,"2026-09-24 13:31:25",233.0,1,zaitsevoleksandr
9447,16756743,"Ismail Alli Adekunle","2026-08-21 22:59:18",233.0,1,ismailalliadekunle
9448,16739908,"Asfam Parvez Kawser","2026-09-10 09:42:54",232.9,2,asfamparvezkawser
9449,16670004,Zinc-Eater,"2026-08-19 22:50:41",232.9,2,zans7331
9450,16723467,"Vladas Verkelis","2026-08-15 14:23:42",232.8,1,vlaveris
9451,16806577,ShinYAM1002,"2026-09-06 17:33:20",232.6,1,shinyam1002
9452,16673369,Frame,"2026-08-06 07:59:47",232.6,1,rainorwang
9453,16669523,Jackson55171,"2026-08-05 18:21:00",232.6,2,jackson55171
9454,16699790,Aryanpal07,"2026-08-16 12:28:53",232.5,1,aryanpal07
9455,16796678,ka,"2026-08-31 16:16:03",232.3,1,kandruszek
9456,16632145,kazuki_kazukazu,"2026-07-31 14:53:13",232.3,1,kazukikazukazu
9457,16696266,"Pandarasamy Arjunan (Samy)","2026-08-09 14:16:03",232.2,1,samy101
9458,16897297,益田幸太,"2026-09-30 15:25:08",231.8,2,kotamasuda1010
9459,16689933,"Anjali Shah","2026-08-17 09:30:28",231.8,2,anjalishah0306
9460,16920587,"Agnieszka Jabłońska","2026-09-18 14:17:48",231.7,1,agnieszkajaboska
9461,16672767,"FasterYouChase FasterIRun","2026-08-09 13:15:12",231.6,2,icoguser
9462,16666512,RexHuang936,"2026-08-07 08:51:41",231.6,2,rexhuang936
9463,16667063,"Amiksha S","2026-08-09 15:16:49",231.4,1,amikshas
9464,16740800,"Shiva Sai","2026-08-19 03:54:27",231.4,1,shivasai846
9465,16785175,SonOfNike,"2026-08-28 17:20:58",231.2,1,sonofnike
9466,16887893,"Sridhar C","2026-09-13 20:12:56",231.1,2,sridharchinnasamy
9467,16731278,"hayim lusthaus","2026-09-25 20:20:52",230.9,2,haimlust
9468,16653941,"Sachin Kumar Kushwaha","2026-08-11 08:45:11",230.8,2,sachinkumarkushwaha
9469,16712990,shreyaaaaa9,"2026-08-12 16:17:06",230.7,1,shreyaaaaa9
9470,16637845,"Hadjmohamd Seif","2026-08-08 21:47:53",230.6,2,hadjmohamdseif
9471,16666553,DevChheda26,"2026-08-05 09:53:22",230.4,1,devchheda26
9472,16623823,"Julieta Rubis","2026-07-31 04:45:53",230.4,2,julietarubis
9473,16903922,"Lim Ba Su","2026-09-20 04:22:33",230.2,2,limbasu
9474,16708091,"Dipak Kumar Samanta","2026-08-11 15:17:04",229.9,1,dipak889
9475,16762081,VKAUL3,"2026-08-23 12:09:08",229.8,1,vkaul3
9476,16666574,"hrishit prakash","2026-08-05 13:26:37",229.6,2,hrishitprakash
9477,16654067,DataForge,"2026-08-05 10:19:25",229.5,2,"chanduchandini,goriparthiramatulasi,srilakshmipanitini,suryachakradhar"
9478,16660450,"prashant prakash","2026-08-08 09:45:36",229.4,2,prashantprakash28
9479,16936360,nicapotato,"2026-09-21 13:51:51",229.3,1,nicapotato
9480,16676003,franck,"2026-08-06 14:59:55",229.3,2,bakura
9481,16785434,"[Deleted] 044034de-be4c-465c-ad6d-a40fcc0bf77c","2026-08-28 18:05:21",229.2,1,del=78dbd787081be305
9482,16658761,!Aman212,"2026-08-04 12:10:28",229.0,2,aman9142424
9483,16783872,"Soupau Lev","2026-09-01 09:50:33",229.0,1,olivierauffret
9484,16691583,Caleb,"2026-08-09 14:32:52",229.0,2,collev
9485,16685128,"Rohan Hake","2026-08-10 12:48:36",228.8,2,rohanhake
9486,16707228,"Milind Bansal","2026-08-11 11:45:00",228.7,1,milindbansal18
9487,16948546,MostatabiZahra,"2026-09-25 11:30:56",228.3,1,mostatabizahra
9488,16757098,"Tharun kumar Jaya kumar","2026-08-30 02:29:39",228.3,1,tharunkumarjayakumar
9489,16795353,BlurreA,"2026-08-31 06:42:30",228.0,1,blurrea
9490,16658311,zkskhurram,"2026-08-05 07:59:40",227.7,2,zkskhurram
9491,16655634,Anjali,"2026-09-30 00:45:39",227.5,1,anjalinmali
9492,16780411,K.Satwik,"2026-08-27 16:23:04",227.3,2,ksatwik3220
9493,16711673,losingself,"2026-08-12 09:07:45",227.2,1,level14taken
9494,16885883,"Stepan Kobaidze","2026-09-16 18:12:28",227.0,2,stepankobaidze
9495,16758090,"JOYMIE TALICUAD","2026-08-22 10:07:40",226.9,1,joymietalicuad
9496,16695937,Ryckiii,"2026-08-09 13:03:24",226.7,1,ryckiii
9497,16689364,"Udbhav Purwar","2026-08-11 10:12:00",226.7,1,udbhavpurwar
9498,16719618,Javierrcs,"2026-08-14 13:16:05",226.7,1,javierrcs
9499,16632795,"vishwottam kudekar","2026-08-05 18:19:02",225.8,1,vishwottamkudekar
9500,16678355,"Tanuj Saxena","2026-08-07 10:10:24",225.7,2,tanujsaxena
9501,16660321,syafanidwina,"2026-08-05 00:41:33",225.7,1,syafanidwina
9502,16655762,"Idrisse Moundhir","2026-09-05 08:21:45",225.0,1,idrissemoundhir
9503,16818924,"super penguin king","2026-09-03 12:35:44",224.7,1,superpenguinking
9504,16885565,"Shiva Rupan S","2026-09-30 14:00:16",224.4,2,shivarupan20me
9505,16778813,ShotDownInMay,"2026-09-27 07:37:25",224.3,1,shotdowninmay
9506,16790137,sinchir0,"2026-08-30 12:52:05",224.1,1,sinchir0
9507,16632881,"Brisa Marina","2026-08-07 16:13:15",223.9,1,brisamarina
9508,16654314,Mahamudul_Hassan_8012,"2026-08-03 18:33:07",223.7,2,mahamudulhassan8012
9509,16662105,PunnatatJAY,"2026-08-04 16:22:50",223.4,1,punnatatjay
9510,16635610,JeffFosterUK,"2026-08-01 17:16:52",223.2,2,jefffosteruk
9511,16762459,GNR_network,"2026-08-23 13:59:19",223.1,1,gnrnetwork
9512,16658783,"Devesh Choudhury","2026-08-07 17:08:33",223.1,2,deveshchoudhury
9513,16921430,"Vaibhav Nhayade","2026-09-20 06:49:01",223.0,1,nhayadevaibhav
9514,16663066,"Mithun Kore","2026-08-29 19:18:28",222.7,1,mithunkore
9515,16680521,"Luis Enrique Dalmau","2026-09-04 09:45:18",222.6,2,luisenriquedalmau
9516,16716407,"Ibrahim Adamu Anka","2026-08-13 09:01:38",222.6,2,ibrahimadamuanka
9517,16661231,"R Ajay Kumar12","2026-08-04 14:12:11",222.5,1,rajaykumar12
9518,16655786,leavts,"2026-08-04 02:35:50",222.2,1,leavts
9519,16809006,Ilya,"2026-09-02 13:23:05",222.2,1,zhukov
9520,16658644,"Hitarth Pandey","2026-08-09 03:04:42",222.1,1,hitarthpandey
9521,16892144,"Ruichen Yin","2026-09-17 16:10:38",221.8,2,superaier
9522,16731838,"zhexun Liu","2026-09-20 01:03:46",221.4,2,zhexunliu
9523,16656633,N25H03A1028,"2026-08-05 05:18:45",221.1,1,pardhusadhu
9524,16760920,"Román Eliezer Pérez Ríos","2026-08-31 18:07:43",221.0,2,perezrios
9525,16768453,phicis8911,"2026-09-16 00:41:21",220.9,2,phicis8911
9526,16666027,CropBOTS,"2026-08-13 16:12:42",220.7,2,"anshultickoo,itsmepooja,manuakumar,sapnajain115"
9527,16856961,"Victor Egbo","2026-09-10 08:38:48",220.5,2,victoregbo
9528,16698987,"Shree Ashok L","2026-09-01 05:16:16",220.3,2,"praneelbaskar,rishivarathan,santhoshkumarp24,shreeashok72"
9529,16767173,AgriNexus,"2026-09-12 12:58:54",220.3,2,rashmirajput0102
9530,16662603,"Shem Gikunda","2026-08-06 17:24:48",220.2,1,shemgikunda
9531,16778545,Mizunooo,"2026-09-10 10:16:12",220.0,2,mizunooo
9532,16698886,pied_piper,"2026-08-10 14:11:15",219.9,2,ahanhalder
9533,16621290,"Muhammad Ahsan","2026-07-30 17:35:00",219.3,2,ahsanneural
9534,16735735,Rishabh@1304,"2026-09-12 10:08:51",219.1,2,rishabh1304
9535,16684891,SARTHAK,"2026-08-14 19:07:26",218.7,1,s4rth4k01
9536,16633342,farm75,"2026-08-03 14:03:14",218.4,2,sakthi75
9537,16665701,ManuelWick-Eckl,"2026-08-27 16:01:18",218.3,2,manuelw
9538,16891082,"surya prakash Nayak2","2026-09-14 10:56:23",218.1,1,suryaprakashnayak2
9539,16659900,"Abu Bakr","2026-08-04 18:30:29",217.8,2,mohamed32010
9540,16755517,"NEHA SHARMA","2026-09-29 16:07:45",217.4,2,nehash0123gmailcom
9541,16665264,Andyxie2050,"2026-09-25 00:58:20",217.3,2,andyxie2050
9542,16644210,"حسنين ساجد","2026-08-07 22:08:44",217.3,2,kutghngf98687er
9543,16697712,"Daniel Hebenstreit","2026-09-06 11:53:20",217.2,2,danielhebenstreit
9544,16798369,"Olabode James","2026-09-01 20:40:53",217.2,1,olabodejames
9545,16867344,"shayan yadegaridehkordi","2026-09-12 17:05:44",217.0,1,shayanyadegari32
9546,16725537,"Ayan Bashir Sheikh","2026-08-15 18:02:07",217.0,2,ayanbashirsheikh
9547,16659572,"ABHILASH PRAHARAJ","2026-08-04 11:24:21",216.9,1,abhilashpraharaj
9548,16668506,"Louie Tang","2026-08-08 06:56:52",216.8,2,louietang
9549,16744221,Dizzy1829,"2026-08-29 04:15:48",216.7,1,dizzy1829
9550,16773358,yogeshgoudapatil,"2026-08-27 14:59:13",216.5,2,yogeshgoudapatil
9551,16714263,Lmfm24,"2026-08-12 20:38:01",216.4,2,lmfm24
9552,16867865,"ADITYA RAJ","2026-09-29 17:48:25",216.4,2,adityaraj2026yp
9553,16811774,"Eduardo Hoffmann","2026-09-23 22:33:16",216.3,1,hoffmanna
9554,16861601,aliksey,"2026-09-11 17:22:46",216.0,2,aliksey
9555,16667365,"leul dereje","2026-08-08 06:54:54",216.0,2,leuldereje
9556,16645300,szyulian,"2026-08-04 04:42:36",215.8,1,szyulian
9557,16623274,Mhmda81,"2026-08-03 00:10:04",215.2,2,mhmda81
9558,16656900,Hxrsh09,"2026-08-10 14:39:46",215.0,2,hxrsh09
9559,16707519,"Pradnya Khanse","2026-08-11 12:52:07",214.8,1,pradnyakhanse
9560,16675956,"Hassan Alghamoudi","2026-08-10 02:36:36",214.4,2,hassanabdulhafid
9561,16653319,"Md. Rasel Meya","2026-08-06 14:42:18",214.0,2,raselmeya
9562,16782525,"Ashish Mittal","2026-08-28 05:27:46",214.0,2,ashish1502g
9563,16658567,"Sharif Mohamed (1)","2026-08-04 13:16:47",213.9,1,sharifmohamed1
9564,16656196,"Vishwash Golakiya","2026-08-27 01:07:00",213.2,1,vishwashgolakiya
9565,16745293,Harvey,"2026-08-22 04:20:10",212.9,2,celestia0113
9566,16845903,"Tsubasa Hizono","2026-09-07 05:47:46",212.9,2,tsubasahizono
9567,16841277,"Luis Garza Gonzalez","2026-09-08 05:07:26",212.5,2,luisgarzagonzalez
9568,16668024,"Igor Burkov","2026-08-07 04:35:37",212.1,2,igorburkov
9569,16687337,"sravani kamjula","2026-08-07 19:38:39",212.1,2,sravanikamjula
9570,16682051,"Noorjahan Siddiqui","2026-08-10 09:33:35",212.1,2,noorjahansiddiqui
9571,16636540,"Burkova Nastia","2026-08-01 13:34:02",211.4,2,"burkovanastia,ellvalerie"
9572,16918569,"Ashee Softworks","2026-09-18 05:59:35",211.3,1,asheesoftworks
9573,16697020,"Hossam elden Mohamed","2026-08-15 01:13:51",210.5,2,hossameldenmohamed
9574,16661831,vinit,"2026-09-30 15:09:23",210.1,1,vinitkp
9575,16729884,"Chaimaa Matrag","2026-09-05 19:51:34",209.8,2,chaimaamatrag
9576,16662048,"Deekshitha Prabhakar","2026-08-06 18:15:45",209.6,2,deekshithaprabhakar
9577,16668032,pat999,"2026-08-08 08:30:58",209.5,2,pat999
9578,16684908,"Nidal Saleh","2026-08-08 14:08:20",209.4,2,nidalsaleh
9579,16623846,"masatoshi hiraki","2026-07-31 07:52:39",208.8,2,masatoshihiraki
9580,16777986,小雨姑娘,"2026-08-27 21:51:19",208.7,2,skewcy
9581,16906790,"Jean-Luc Hayes","2026-09-21 10:21:36",208.6,1,kingjuc
9582,16698399,liuzhangzhen,"2026-08-10 09:49:23",208.3,1,liuzhangzhen
9583,16671342,"Danh Nguyen 1303","2026-08-09 14:47:52",208.1,1,danhnguyen1303
9584,16659910,"Shraddha Kumbhar","2026-08-07 09:55:58",208.1,2,raj113
9585,16889852,"Abdikaliq osman","2026-09-16 00:48:05",207.8,2,abdikaliqosman
9586,16915627,"Yash Pratap Singh","2026-09-17 14:59:02",207.5,1,yashpratapsingh10
9587,16724325,Melancholian,"2026-08-15 06:43:12",207.3,1,kasaneru
9588,16654482,SarahShams,"2026-08-14 16:36:06",207.3,2,sarahshams
9589,16723404,"Mahdi Al Hajji","2026-08-20 02:13:12",207.2,2,mhh1430hacker
9590,16624000,Leneen,"2026-08-31 16:02:47",207.2,1,leneen
9591,16661810,AGNES33,"2026-08-16 19:09:18",206.9,2,agnes33
9592,16639692,"Nirmal Patel","2026-08-06 03:05:27",206.9,2,nirmalpatel02
9593,16655482,Apoorv007,"2026-08-04 01:55:41",206.6,1,apoorv007
9594,16675428,"Farhan Khairullah","2026-08-09 16:22:00",206.5,2,farhankhairullah06
9595,16667550,"Oseni Sakariyau Oluwadamilare ","2026-08-23 10:05:56",205.5,2,sakabambam
9596,16660291,"Abhijit Rajkumar","2026-08-04 13:27:44",205.4,2,abhijitrajkumar
9597,16942073,nagissan,"2026-09-22 14:10:52",205.4,2,nagissan
9598,16732342,"Viktor Antonov","2026-08-18 10:22:32",205.4,1,viktorantonov
9599,16759205,MartinaF95,"2026-09-22 12:55:32",205.3,1,martinaf95
9600,16660309,"Hazem Mahmoud Elsayd","2026-08-04 16:34:31",205.2,2,hazemmahmoudelsaid
9601,16639615,rickzai,"2026-09-01 05:37:21",205.1,2,rickzai
9602,16623131,"Liam Carrig Newsam","2026-08-04 00:00:03",205.0,1,liamcarrignewsam
9603,16659703,"Ananya #2","2026-08-04 12:00:26",205.0,1,ananyax8
9604,16658383,"SIVA S","2026-09-30 06:40:14",205.0,2,codingmaster24
9605,16660930,"Chung Ching Yeh","2026-08-04 14:44:34",204.7,2,chungchingyeh
9606,16655292,"Ingrid Fellah","2026-08-04 06:31:35",204.4,2,ingvor
9607,16937822,"Ehab Ibrahim Khalil Mohamed","2026-09-21 17:58:38",204.3,1,ehabkhalil0
9608,16663658,oriolgalceran,"2026-09-16 05:10:58",204.3,2,oriolgalceran
9609,16700832,Blitz,"2026-08-10 11:37:18",204.2,1,premshinde
9610,16751141,DeadJed,"2026-08-26 11:10:40",203.8,2,deadjed
9611,16663333,"Iago Moura e Moreira","2026-08-04 20:05:06",203.6,1,iagomouraemoreira
9612,16750285,LeEmperor,"2026-08-22 04:36:18",203.5,2,leemperor
9613,16672284,"Dhruv | AI/ML Engineer in Progress","2026-08-07 06:55:13",203.1,1,dhruvdipakchudasama
9614,16924138,Shash,"2026-09-30 16:15:44",202.6,2,shashcoder
9615,16748882,gsv,"2026-08-20 16:13:45",202.3,1,ram1o1
9616,16860921,jayjayfff,"2026-09-10 01:25:36",202.2,2,jayjayfff
9617,16653906,swaroop41,"2026-08-04 05:53:29",202.1,2,swaroop41
9618,16890196,hello518123,"2026-09-14 08:51:52",202.0,1,hello518123
9619,16898240,jimmy5566,"2026-09-15 17:41:24",201.6,1,jimmy5566
9620,16895191,"Oluwatobi Ojekanmi","2026-09-16 12:53:27",201.4,2,oluwatobiojekanmi
9621,16922154,"Olaoluwa Osho","2026-09-20 21:35:07",201.2,2,olaoluwaosho
9622,16716386,"Dev Marya","2026-08-13 09:26:18",201.1,1,devmarya
9623,16773557,"Rudra kalyan","2026-08-26 09:08:54",200.9,2,rk1144
9624,16668379,dccgps,"2026-08-08 05:44:36",200.8,1,dccgps
9625,16871895,"Sahil Raval","2026-09-15 10:57:48",200.8,1,sahilraval1311
9626,16712395,"Zuohong Pan","2026-08-12 12:15:40",200.8,1,pshuaibi
9627,16723262,"Tiago OliveiraLL","2026-08-28 18:22:12",200.2,1,tiagooliveirall
9628,16928100,babakara,"2026-09-24 08:37:28",200.1,2,babakara
9629,16866478,aktk,"2026-09-10 16:43:56",199.6,2,aniltk
9630,16794720,"paola hernandez55","2026-08-31 04:19:31",199.1,1,paolahernandez55
9631,16688190,"Win M","2026-08-08 00:28:18",198.9,1,winmet
9632,16668438,"Sahil Suman","2026-08-16 17:09:20",198.5,1,sahilmanavraunak
9633,16784360,"Suraj Kumar","2026-09-08 10:20:42",198.4,2,suraj99km
9634,16741650,"LEGBA Adia Kpèchehoue Pierre Alex ","2026-09-27 12:19:34",198.4,2,alex609b
9635,16656287,sandip_shaw123,"2026-08-05 10:02:07",198.2,1,sandipshaw123
9636,16889278,"Ari Kurniawan92","2026-09-14 08:32:53",197.7,1,arikurniawan92
9637,16711840,OverfitMilkCake,"2026-08-13 06:36:21",197.5,1,overfitmilkcake
9638,16659283,"DILEEP POTHULA","2026-08-08 06:43:15",197.4,2,dileeppothula
9639,16859770,"Praful Tiwari1","2026-09-14 10:37:58",197.4,1,prafultiwari1
9640,16877079,"Saptak Banerjee","2026-09-11 19:09:58",197.3,1,saptakbanerjee123
9641,16696952,tronxz8,"2026-09-09 13:51:31",197.0,1,tronxz8
9642,16660749,"PavanK Saketh","2026-08-04 13:38:48",197.0,2,pavanksaketh
9643,16690286,imunderthetree,"2026-08-08 12:25:51",197.0,2,imunderthetree
9644,16681610,"team maccy","2026-08-07 20:27:06",196.8,1,robertgama
9645,16744461,"Adiratna Kamble","2026-08-21 22:05:13",195.7,1,adiratnakamble
9646,16701138,superpig,"2026-08-19 09:43:31",195.6,1,geniussuperpig
9647,16700992,Abhishek_1355,"2026-08-25 09:17:08",195.4,1,abhishek1355
9648,16692652,"Harsith R","2026-08-08 20:26:56",195.4,1,chiefofpredicitions
9649,16654827,"ADITYA KUMAR MISHRA","2026-08-03 20:07:22",195.4,1,aditya1kumarmishra
9650,16841294,"Annu Rana1","2026-09-09 18:12:34",194.9,1,annurana1
9651,16706557,"Nurullah Gundogdu","2026-08-11 17:52:07",194.8,2,nurullahgundogdu
9652,16677786,"[Deleted] aec7dc1f-59cb-486f-998a-d2407e297536","2026-08-26 13:39:08",193.7,2,del=0fde9ba2630fee3c
9653,16942732,Hogwarts,"2026-09-30 13:11:57",193.6,1,"janakiramdavuluri,zoro86"
9654,16666383,"Sindhi Vishal","2026-08-14 10:46:32",193.5,2,sindhivishal
9655,16717555,"Mariem GLIOUEZ","2026-09-10 15:21:07",193.4,1,mariemgliouez
9656,16669060,Twansss,"2026-08-15 04:37:59",193.2,2,twansss
9657,16769470,HaHHYbYY,"2026-08-26 07:52:33",193.2,1,hahhybyy
9658,16669473,"William Bickelmann","2026-08-05 17:47:13",192.9,1,williambickelmann
9659,16663448,"Adel I.","2026-08-07 12:55:44",192.5,2,adelid
9660,16632724,"Sayan Dutta","2026-08-04 07:47:42",192.4,1,sayan1507
9661,16881244,"Atharva Govind Salunke","2026-09-18 17:50:01",192.0,2,atharvagovindsalunke
9662,16687514,Dark_1926,"2026-08-07 20:30:33",191.8,1,dark1926
9663,16915882,BandaruLakshmi1234,"2026-09-17 16:50:15",191.6,1,bandarulakshmi1234
9664,16685568,Secertive,"2026-08-08 17:59:52",191.4,1,secretiveplotter1863
9665,16744545,"Aditya Kumar Singh 013","2026-08-19 18:45:42",191.4,1,adityakumarsingh013
9666,16831130,"Khushar Pal","2026-09-06 15:21:15",191.4,2,khusharpal
9667,16826118,shishuyang11,"2026-09-04 06:50:04",191.3,1,shishuyang11
9668,16749225,"Hisyam Prasetyo","2026-08-27 11:26:07",190.7,2,hisyamprasetyo
9669,16664315,happy_boy_2007,"2026-08-12 09:04:40",190.7,1,happyboy2007
9670,16840168,"gratefully dumb","2026-09-23 03:01:31",190.7,2,gratefullydumb
9671,16684237,Zen_0910,"2026-08-07 17:07:02",190.5,1,zendeptrai
9672,16657525,"Alae Lakhdar","2026-08-05 08:10:49",190.5,1,alaelakhdar
9673,16710929,"Pooja Divekar","2026-08-16 08:22:48",190.4,1,poojadivekar123
9674,16912044,"[Deleted] 0b2c3d58-9494-483e-ad4c-1465b66166ca","2026-09-17 08:46:46",190.4,2,del=2e39a6893da554dc
9675,16948144,"Muhammad Ali Amir","2026-09-23 15:36:25",190.1,1,malialice
9676,16670747,"Aryan Kumar Chaudhary","2026-08-11 22:46:05",189.9,2,"aryankumarchaudhary,rakshitmundra"
9677,16762162,"Shota Hirao","2026-08-23 12:34:05",189.2,1,shotahirao
9678,16936959,"Anthony Moorehead","2026-09-21 14:56:40",188.9,1,anthonymoorehead
9679,16662108,nhkien,"2026-08-05 06:52:18",188.8,2,nhkien
9680,16743329,"Daniel Obioma emenike","2026-09-11 12:32:22",188.6,2,danielobiomaemenike
9681,16676992,NIDHIHEER01,"2026-08-16 17:09:00",187.5,1,nidhiheer01
9682,16663525,"Eric Hilary Smith","2026-09-22 16:36:18",187.5,2,erichilarysmith
9683,16717586,wangjialu2333,"2026-08-15 09:29:36",187.3,1,wangjialu2333
9684,16858512,lkjmo123,"2026-09-09 06:45:18",186.7,1,lkjmo123
9685,16904644,"HARSHVARDHAN CHANDRAKANT PATIL","2026-09-30 15:42:26",186.7,2,harshpatil2403215
9686,16660508,GSanthiago,"2026-09-30 10:12:15",186.2,1,gsanthiago
9687,16739018,"Zhou Songyu","2026-09-30 06:31:38",185.8,2,zhousongyu
9688,16663913,"Aanaa Kaliil","2026-08-05 15:15:31",185.0,2,aanaakaliil
9689,16639465,"Gabriel Aguiar Leao","2026-08-02 00:23:49",184.6,1,"gabrielaguiarleao,marcositta"
9690,16665463,Seendon,"2026-08-06 19:19:25",183.9,2,informationminer
9691,16709957,"Lei Gao","2026-08-12 04:03:42",183.8,1,leigao31
9692,16656771,"thushara bandara","2026-08-07 04:13:43",183.8,2,dushyanthibandara
9693,16652159,Boson328,"2026-08-04 10:06:13",183.4,1,boson328
9694,16661252,"Andrzej Walczak","2026-08-05 09:46:19",183.1,2,andrzej1983
9695,16811685,benhur0905,"2026-09-25 23:59:07",183.0,2,benhur0905
9696,16662353,"LAYAL ALNASHMI","2026-09-12 11:37:55",182.9,2,waitups
9697,16663910,"Shivram Nekkanti","2026-08-07 14:38:04",182.7,1,shivramnekkanti
9698,16863892,brunoarpa,"2026-09-10 02:43:09",182.6,1,brunoarpa
9699,16838890,"Yisher Xia","2026-09-05 16:09:13",182.2,1,yisherxia
9700,16674093,"Hoàng Trần Đặng Minh","2026-08-06 08:54:38",182.0,1,hongtrnngminh
9701,16727681,JanV123,"2026-09-06 05:37:07",181.6,2,janv123
9702,16657628,Hamo,"2026-08-07 12:00:21",181.2,2,mohamed2223
9703,16798447,"Sage Harley","2026-09-29 05:41:32",180.6,2,sageharley
9704,16889817,"Om Patelxyz","2026-09-14 07:04:40",179.8,2,ompatelxyz
9705,16633003,"K Mukhiya ","2026-08-01 12:09:51",179.8,2,kmukhiya
9706,16736759,"Lavesh Kadam","2026-08-18 10:55:05",179.5,1,laveshk314
9707,16697628,"Yash Sharma","2026-08-17 15:33:32",179.4,2,yashsharma42
9708,16666414,salyamq,"2026-08-05 16:41:38",178.4,1,salyamq
9709,16741239,"fjf 1asd","2026-08-19 08:46:31",177.9,1,fjf1asd
9710,16887039,"Angella Semu","2026-09-21 15:26:56",177.6,2,angellasemu
9711,16734896,pattikamo,"2026-08-27 10:52:28",177.6,2,pattikamo
9712,16769114,angayoung,"2026-08-25 07:22:00",177.5,1,joaga0603
9713,16682689,HenryRichardson1,"2026-08-07 10:00:12",177.5,1,henryrichardson1
9714,16663438,"Varun Prajapati","2026-08-08 21:54:54",177.3,2,"krunalasari,varun2206"
9715,16640914,inconnu,"2026-09-17 12:01:07",177.2,2,kajarnaklokossou
9716,16891711,"Michael Odoemelam1","2026-09-21 21:38:22",177.1,1,michaelodoemelam1
9717,16702060,Mcusac,"2026-08-13 19:42:54",176.7,1,mcusac
9718,16760392,Владимир,"2026-08-23 00:19:23",176.7,1,vgkuvshinov
9719,16644360,Mathous,"2026-08-02 20:28:00",176.7,1,mathisdac
9720,16915181,snesne123,"2026-09-25 07:14:21",176.3,1,snesne123
9721,16654244,"Saad Nanawala","2026-08-03 18:17:33",176.2,1,saadnanawala
9722,16679713,"John william Vicente 🇧🇷","2026-08-07 00:38:57",175.5,1,chrollo079
9723,16653462,"Ruchi Scott","2026-08-12 12:19:19",174.9,2,ruchiscott
9724,16661969,"Raja T","2026-09-30 14:06:44",174.4,2,rajathiagaraj
9725,16651507,jappanini,"2026-08-03 09:14:04",174.3,1,jappanini
9726,16891769,Kurapapa,"2026-09-29 12:07:57",174.0,1,kurapapa52
9727,16661494,"Arulmaniyan Rajavel","2026-08-22 13:46:58",173.5,2,arulmaniyanrajavel
9728,16679470,"GamaL Mahmoud","2026-08-08 13:33:52",173.1,2,gamalmahmoudtaha
9729,16869551,"Adrien ple","2026-09-11 12:48:34",171.5,2,adrienple
9730,16728249,"Ahmet Kiraz","2026-08-17 07:23:30",171.4,1,ahmetqiraz
9731,16945119,Logicolist,"2026-09-23 13:03:16",171.1,1,logicolist
9732,16677328,"Eng. Husnain","2026-08-08 13:13:23",170.9,2,enghusnain
9733,16654256,"KONGARA PRASANTH","2026-08-04 03:40:27",170.8,2,prasanth2008
9734,16823341,"Agnieszka Sobala","2026-09-03 20:15:55",170.6,1,agnieszkasobala
9735,16773333,"Abdullah javed Javed","2026-09-05 03:13:57",170.5,2,abdullahjavedjaved
9736,16667238,"Srija ganguluri","2026-08-07 10:14:48",169.8,1,srijaganguluri
9737,16756887,"Rushika S","2026-09-13 12:26:14",169.5,1,rushikas
9738,16690195,"Manshi Shukla","2026-08-08 10:12:24",169.3,2,manshishukla
9739,16875898,"Sai Krishna Pakkir","2026-09-11 17:30:49",169.3,2,saikrishnapakkir
9740,16656954,"Marwan Elmetwally","2026-08-04 05:56:29",168.6,2,marwanelmetwally
9741,16768568,Nour102006,"2026-08-27 04:46:00",167.7,2,nour102006
9742,16752481,"Thanh Toan","2026-08-21 08:33:13",167.6,2,tonnglthnh
9743,16661689,"David Rao","2026-08-04 18:27:01",167.3,1,davidrao63
9744,16930374,扣扣农场,"2026-09-30 16:55:00",167.3,2,tsjzkzyzz
9745,16752120,"Görkem Tuğ","2026-08-24 10:45:35",167.2,2,grkemtu
9746,16625043,"Ivan Litvak","2026-09-16 16:36:06",166.4,2,trydotatwo
9747,16668048,"Gazi Sayem Uddin Samir","2026-08-05 14:29:51",166.4,2,gazisayemuddinsamir
9748,16641277,Zenieverse,"2026-08-30 05:09:04",166.4,2,zenieverse
9749,16701106,moshito,"2026-08-10 14:13:58",165.4,2,"danamaulana123,moshito,naufaldhiaulhaq01"
9750,16795043,"SONU RAUT","2026-09-05 11:51:59",164.8,2,sonuraut
9751,16657322,"Ashwani Mahajan","2026-09-26 04:50:35",164.4,1,ashwanimahajan
9752,16658189,"Zale John","2026-08-26 00:48:24",164.4,2,zalejohn
9753,16657578,raushancoursework,"2026-08-05 06:54:51",164.3,1,raushancoursework
9754,16660285,"Sawan Kohli","2026-08-06 13:11:44",164.2,2,sawankohli
9755,16793392,"reda elkrouchni","2026-09-02 16:16:05",164.1,2,redaelkrouchni2
9756,16662933,"Marcelo Pereira","2026-08-19 01:14:40",163.9,2,marcekkusrp
9757,16780986,Azizbek,"2026-09-01 14:26:45",163.7,2,miracle88
9758,16724995,dice1494,"2026-08-16 08:51:34",163.7,1,dice1494
9759,16864193,"[Deleted] b3063c6b-024a-4ece-902e-6edde232fe9f","2026-09-10 06:27:50",163.4,2,del=d26e59586a26ce18
9760,16807010,cjsrudals,"2026-09-13 08:33:47",163.3,2,cjsrudals
9761,16690433,"Amar Amar Gupta","2026-08-15 10:08:37",163.1,2,amaramargupta
9762,16693318,meow3301,"2026-08-09 02:33:34",162.9,2,meow3301
9763,16685093,"Huzaifa Inam","2026-08-07 13:47:15",162.9,2,huzaifainam
9764,16907555,"Pandidurai E","2026-09-17 16:08:13",162.6,2,pandiduraie
9765,16843225,"Tobenna Okeke","2026-09-06 12:09:22",162.6,2,tobezzi
9766,16666037,"Matheus Marques","2026-08-06 06:03:28",162.3,2,mathmarquesbr
9767,16656164,"Justin Schomer","2026-08-09 09:05:59",162.3,2,fathersecurity
9768,16660146,4Solver,"2026-08-08 02:06:19",162.3,2,msfbiolinhares
9769,16851731,"Amar 5454","2026-09-14 10:28:42",161.7,2,amar5454
9770,16630041,"Devi prashad tripathi","2026-08-03 17:56:58",160.8,1,deviprashadtripathi
9771,16697466,"hunain shahid","2026-08-11 06:12:38",160.6,2,hunainshahid230
9772,16913975,"Tom Dooley","2026-09-17 11:48:20",159.9,2,tomdooley123
9773,16664586,"Owen Lim","2026-08-05 05:42:25",159.8,2,owenlim45
9774,16700771,"Disuru Coba Ama Jaki","2026-09-20 16:44:11",159.4,2,reiiihel
9775,16669142,"Jaclyn Agee","2026-08-07 15:21:06",159.3,2,jaclynagee
9776,16658440,"Gloria Lourelynn S","2026-08-04 15:16:09",159.2,1,glorialourelynn
9777,16658635,"Deepak Kumar ","2026-08-05 02:38:29",158.8,2,deepak2026ml
9778,16654124,"Aditya Kumar Singh","2026-08-05 09:57:29",158.7,2,adityq121608
9779,16658693,leehuilong,"2026-08-06 12:49:22",158.6,2,leehuilong
9780,16666018,"H vv sathwik","2026-09-24 09:27:00",158.4,2,hvvsathwik
9781,16807557,coolz,"2026-09-09 06:35:51",158.2,2,cooolz
9782,16690188,Anurag,"2026-08-08 10:20:42",158.2,2,kumaranu2007
9783,16725990,"Parth Tomar","2026-08-24 12:35:45",157.6,2,parthtomar193
9784,16662630,"M.mohamed Muhasir","2026-08-05 18:25:39",157.0,2,mmohamedmuhasir
9785,16680858,"Harshul Gupta","2026-08-21 04:40:05",157.0,2,harshulgupta77
9786,16792786,"Fusion Flux","2026-09-20 13:49:10",156.7,2,mithilleshkumar
9787,16657306,"Krunal Chavda","2026-08-07 21:38:11",156.7,2,krunalchavda21
9788,16881320,allen17179869184,"2026-09-19 13:17:49",156.6,2,allen17179869184
9789,16712568,"Tanvi Dobariya","2026-08-14 17:39:52",156.4,1,tanvidobariya
9790,16785085,"THEEPAN S.S","2026-08-28 16:35:39",156.3,2,theepanss
9791,16851038,"Ivan Danut","2026-09-30 14:12:04",155.8,2,ivandanut
9792,16658033,"sanjay Ghalagi","2026-08-27 15:29:34",155.7,2,sanjayghalagi
9793,16780057,"Njabulo Hope Makana","2026-09-30 14:24:26",155.6,2,njabulohopemakana
9794,16692568,"Muhammed Gulfam Toor","2026-08-13 19:04:32",155.5,2,gultoor
9795,16793648,Sarda___,"2026-08-30 16:51:21",155.2,2,brainnotfound3
9796,16671617,"Bennett Lien","2026-09-30 05:27:14",155.1,2,"bennettlien,liamspaulding"
9797,16737641,"PATIL ATHARV VIJAYKUMAR","2026-09-29 17:50:26",155.0,2,"atharv095022,patilsarthakvilas,sonuretusharsuresh"
9798,16715354,"Alyssa Clark","2026-08-14 02:52:26",155.0,2,a1yssaclark
9799,16943568,"Syed Measum Fakhir Ali","2026-09-30 08:26:42",155.0,2,syedmeasumfakhirali
9800,16662557,"Naman Sudershan","2026-08-05 13:21:08",154.9,2,namansudershan
9801,16681056,"Aryan Jhingan","2026-08-11 18:53:48",154.8,2,aryanjhingan
9802,16674774,"Dine ALASSANE","2026-08-07 05:53:28",154.8,2,dinealassane
9803,16883962,"Ilakk manoharan","2026-09-30 15:47:38",154.4,2,ilakkmanoharan
9804,16658522,"Amna khanii23","2026-08-07 05:15:47",154.4,2,amnakhanii23
9805,16757671,xxxxc47,"2026-08-22 08:25:52",154.4,1,xxxxc47
9806,16750391,"Batuhan Yerebasmaz","2026-08-20 18:34:21",154.2,2,batuhanyerebasmaz
9807,16657344,"Ombayo fredrick","2026-08-04 14:04:04",154.2,2,ombayofredrick
9808,16706134,NK11FC,"2026-08-25 11:30:00",154.0,2,nk11fc
9809,16680419,"Tech Changer","2026-08-17 12:31:58",153.9,1,johnbibin
9810,16827437,kaedehs33-max,"2026-09-08 03:06:50",153.9,1,kaedehs33max
9811,16660978,"Maksym Khavil","2026-08-04 13:43:48",153.8,1,maksymkhavil
9812,16730380,"FOKRUL ISLAM LECTURER","2026-08-19 01:56:28",153.8,2,fokrulislamlecturer
9813,16743630,TRP,"2026-09-01 17:06:48",153.5,2,tejratanpaulrocky
9814,16855448,MaryKEREN,"2026-09-25 16:00:05",153.4,1,marykeren
9815,16712562,"Sagar Singh","2026-08-17 09:28:26",153.4,2,acrejzz
9816,16635248,eosphor,"2026-08-01 09:46:59",153.4,2,eosphor
9817,16625029,Hilarus,"2026-08-01 15:59:02",153.0,2,hilagbag
9818,16886819,"Rebecca Shirievo","2026-09-16 17:29:07",152.9,2,rebeccashirievo
9819,16662269,"KAMLESH KUMAR POKHARNA","2026-08-06 17:25:51",152.9,2,kamleshkumarpokharna
9820,16662803,"Ashish Gawade","2026-08-04 19:11:19",152.8,2,ashishgawade
9821,16658401,"Aryan Lonare","2026-08-04 09:55:47",152.6,2,aryandyalullonare
9822,16662099,"The Algorithmist","2026-08-04 23:41:59",152.5,2,riyagheewala
9823,16655573,"Probablyaphilosopher ","2026-08-16 00:01:40",152.5,2,probablyaphilosopher
9824,16681895,Akshar,"2026-08-07 06:16:19",152.4,2,aks0625
9825,16688288,"Ojo Oluwadamilare","2026-08-08 01:43:30",151.9,2,ojooluwadamilare
9826,16665223,"Sawon Mitra","2026-09-06 17:13:28",151.9,2,sawonmitra
9827,16713002,"Adithya M","2026-08-13 15:42:17",151.7,2,adithya3907
9828,16802035,"sanchit atre","2026-09-01 09:31:07",151.0,2,sanchitatre
9829,16729148,"Marco M","2026-08-16 22:51:36",150.8,1,marcoms1000
9830,16683903,Saju,"2026-08-17 11:31:45",150.8,1,sajutr
9831,16697143,"Jeisa Mathew","2026-09-06 13:04:00",150.8,2,jeisamathew
9832,16714589,xinsu9898,"2026-08-16 22:26:49",150.6,1,xinsu9898
9833,16713329,qrcodeTH,"2026-08-13 08:22:40",150.4,2,thanaphumsaywonin
9834,16756868,"Anisha Maurya","2026-09-05 19:29:41",150.3,2,anishamaurya
9835,16722089,"Saidjon Ramazonov","2026-08-16 05:51:50",150.2,2,saidjonramazonov
9836,16632418,"Bretokce 3amich","2026-08-07 12:18:26",150.1,2,bretokce3amich
9837,16674390,yangluo1,"2026-08-08 01:31:08",149.7,2,yangluo1
9838,16672322,"khalil ur Rehman","2026-08-13 05:10:03",149.6,2,khalilurehman
9839,16893966,"Nguyễn Thái Duy","2026-09-15 08:12:14",149.5,1,nguyenthaiduytgu
9840,16723289,"Caio Saboia","2026-08-28 18:24:29",149.4,1,caiosaboia
9841,16686834,Kaabbil,"2026-08-09 16:14:49",149.4,2,"dr3aking,kaabbil"
9842,16658577,farmercode261,"2026-09-12 03:26:38",149.3,2,hifnikhakim
9843,16686902,"Aaditya Jain","2026-09-14 06:22:21",149.1,2,aadityajain2312
9844,16698307,AnasAl7,"2026-08-10 13:08:08",149.1,2,anasal7
9845,16664875,SaiSujitPunukollu,"2026-08-05 05:46:11",149.1,1,saisujitpunukollu
9846,16670777,"Aman Yitbark","2026-08-13 05:43:27",149.0,1,amanyitbark
9847,16633551,"Subarno Sen","2026-08-25 04:42:35",148.9,2,lordfiftyfive
9848,16658969,"Yuri Maslov","2026-08-04 10:11:45",148.6,1,yurimaslov
9849,16630725,"vaibhav vyas","2026-08-06 10:56:52",148.6,2,vaibhavvyas0
9850,16705360,Elahi,"2026-08-18 05:49:00",148.5,2,mmelahi
9851,16632111,"Arda Çiftçi","2026-08-04 20:03:37",148.5,2,ardaciftci
9852,16797105,"Rahul vats","2026-09-25 02:06:31",148.5,2,rahulvats20
9853,16659036,"Mohammed Kaif","2026-08-04 10:41:22",148.5,2,mkaif001
9854,16657227,"Anusha Marla","2026-08-04 07:05:53",148.5,2,anushamarla
9855,16754111,"Kalpana Patki","2026-08-22 16:05:10",148.3,1,kalpanapatki
9856,16663334,"sameer mughal","2026-08-29 20:12:57",148.2,2,sameermughal109
9857,16718139,"shah jatin","2026-09-27 12:21:21",148.1,2,shahjatin
9858,16662662,"Joaquim Jose1","2026-08-04 17:57:03",148.1,1,joaquimjose1
9859,16661500,"yagnit sutariya","2026-08-04 15:34:39",148.0,1,yagnitsutariya
9860,16934489,Anushahs2026,"2026-09-21 08:28:06",148.0,2,anushahs2026
9861,16814946,"Bekama Regasa Negewo","2026-09-03 07:30:36",147.9,1,bekamaregasanegewo
9862,16775493,"JOE DEVA JERRY D ","2026-08-26 15:41:55",147.9,1,joedevajerryd
9863,16654363,"NIKHIL YADAV","2026-08-17 21:20:32",147.9,2,nikhilyadav232223
9864,16634761,"CHARHBILI Moad","2026-08-07 13:44:23",147.4,1,charhbilimoad
9865,16668018,"DAVID CHEW HL","2026-08-06 06:36:34",147.3,2,davidchewhl
9866,16623563,"Jocelyn Dumlao","2026-09-01 02:35:54",147.1,2,jocelyndumlao
9867,16656210,"Sanjay Suthraye","2026-08-04 14:55:13",147.1,2,sanjaysuthraye96
9868,16756264,query_stop,"2026-08-27 00:24:14",147.0,2,jaared
9869,16661447,"Sibel Özbek","2026-08-04 20:50:27",146.8,1,sibelzbek
9870,16832928,"Ilgar Gurbanov","2026-09-10 12:41:23",146.5,2,ilgargurbanov57
9871,16858886,twispur,"2026-09-09 07:38:09",146.5,1,twispur
9872,16677403,bababoy,"2026-08-15 14:55:17",146.1,2,adrienrenard
9873,16861721,"SJ Gamsyy","2026-09-11 09:40:23",146.0,2,sjgamsyy
9874,16677081,"Brandon Gaston","2026-08-12 23:49:58",146.0,1,mushmon
9875,16657462,"CROP CODERS","2026-08-10 18:00:28",145.8,2,"dhanvanthraj,raghavan9944,shanmugam666,sitha2345,sumaiyahibrahim"
9876,16717600,"Collistus Kibe","2026-08-21 22:13:38",145.7,2,collistuskibe
9877,16756344,"Pasindu Perera","2026-08-21 19:21:11",145.3,1,amavinperera
9878,16690199,"Lavkush Yadav","2026-08-08 10:20:55",145.1,1,lavkushyadavcse
9879,16697339,"Muhammad Safwan Ahmad Saffi","2026-08-15 00:28:21",145.0,2,safwanahmadsaffi
9880,16683577,"Ankush Kumar M","2026-08-07 13:19:05",144.9,2,ankushkumarm
9881,16658362,MHaurel,"2026-08-09 15:32:45",144.9,1,hetax17
9882,16629426,"Abdullah Qureshi","2026-07-31 10:00:44",144.8,2,abdullahqureshi120
9883,16640468,"Sohangkumar Patel","2026-08-26 15:00:44",144.8,2,samsamurai
9884,16624973,"Mrunmayee Kulkarni","2026-07-31 06:16:46",144.4,1,kulmrun
9885,16785398,"Vitória Freitas","2026-08-28 20:07:12",144.3,1,vitoriafreitas13
9886,16713896,"Quantum Fusion","2026-08-14 12:12:34",144.3,1,gugurobotics
9887,16669311,Schoki,"2026-08-17 22:26:49",144.1,2,jensdnisch
9888,16656278,"Bhuvaneshwari Rebba","2026-08-04 09:20:36",144.1,1,bhuvaneshwarirebba
9889,16904721,"Creeper Thánh","2026-09-16 06:35:52",144.0,1,creeperthnh
9890,16841612,"Jordan #2","2026-09-10 16:51:25",144.0,2,jordantay
9891,16667886,"Ubaid ur rehman 0345","2026-08-05 15:23:12",143.9,2,ubaidurrehman0345
9892,16691502,"DILANE FOGUE KAMGA","2026-08-08 15:20:05",143.6,1,dilanekamga
9893,16729010,"karan sankhe","2026-08-16 15:15:45",143.6,2,karansankhe1356
9894,16664458,"Prantik Chandra","2026-08-05 05:47:10",143.3,1,prantikchandra
9895,16632458,"RAMAN BANSAL","2026-08-24 04:35:56",143.2,1,ramanbansal
9896,16629441,Sofia_Gilka,"2026-09-18 14:41:35",143.1,2,sofiagilka
9897,16662859,"Mohamed Zahran","2026-08-05 04:41:56",143.0,1,zrnking2012
9898,16654384,"Alladi Sai Kalyan Raman 24BCE1509","2026-08-30 09:33:11",142.8,2,alladisaikalyanraman
9899,16802348,Shergill_17,"2026-09-01 11:17:15",142.7,2,shergill17
9900,16738778,"DILIP BAVISKAR","2026-09-13 09:12:49",142.6,2,dilipbdilipb
9901,16740144,Salmon,"2026-08-21 12:55:13",142.6,2,shin3110
9902,16668495,Herisitraka,"2026-08-05 17:16:28",142.4,2,herisitraka
9903,16676026,"Bedashree Swarupa Das","2026-08-06 14:14:21",141.5,1,ashokkumardasbedashr
9904,16670662,"Gina Lee","2026-08-11 22:45:21",141.4,2,ginaleegdm
9905,16670462,"Talha Kayar","2026-08-15 15:24:03",141.4,2,talhakayar
9906,16671827,"Shourya Gupta","2026-09-25 16:16:36",141.3,2,siriuspotter
9907,16739102,"Mithulya Kumarapeli","2026-08-30 03:53:39",141.2,1,sandalim
9908,16667968,ChronosData,"2026-08-18 14:25:43",141.1,2,codex5843
9909,16784932,"Shefali Pradhan","2026-08-29 10:03:30",141.0,2,shefalipradhan
9910,16707062,"G DOLANARASIMHA","2026-08-11 12:18:02",140.8,2,gdolanarasimha
9911,16657892,"Boonanan namna","2026-08-17 04:36:04",140.3,1,boonanannamna
9912,16756875,"Meryem Kevser Keskin","2026-09-01 21:30:35",140.2,2,meryemkevserkeskin
9913,16671985,"vishal waghchaure","2026-08-07 09:25:36",140.1,2,vishalwaghchaure
9914,16849230,"Md. Mahim Babu","2026-09-18 11:27:55",139.8,2,mdmahimbabu
9915,16690112,"Ayush Tripathi","2026-08-17 09:03:03",139.8,2,ayushtripathi112
9916,16721941,"Rita Ohabuenyi","2026-08-14 12:57:37",139.4,2,ritaohabuenyi
9917,16701997,zran1t,"2026-08-15 14:10:18",139.4,2,zran1t
9918,16688165,"David @ Koantek","2026-08-25 23:53:17",138.0,2,artificialbrilliance
9919,16945034,divinesouljoy,"2026-09-23 04:59:46",138.0,1,divinesouljoy
9920,16789570,wyananwyanan,"2026-09-16 03:05:19",137.6,2,wyananwyanan
9921,16723326,"jalisa Bass","2026-09-30 16:04:26",137.6,2,jalisabass
9922,16718605,"صفاء عبد الرقيب","2026-09-06 19:27:10",137.5,2,bssgirl
9923,16775483,"Parv Malav","2026-08-26 16:20:27",136.9,2,parvmalav
9924,16654490,"Furious Monk","2026-09-28 18:06:08",136.8,2,furiousmonk
9925,16784431,"Régis Meyssonnier","2026-08-28 14:47:27",136.7,1,rgismeyssonnier
9926,16663265,"Darlington Ayakazi","2026-08-04 20:26:08",136.7,1,darlingtonayakazi
9927,16715896,新木,"2026-08-18 05:25:46",136.7,1,sunchief
9928,16689389,Chukunder,"2026-09-24 12:38:14",136.6,2,"farbricated,sarikajivrajika"
9929,16854169,"[Deleted] fe7af88d-d80f-4441-a8c5-3cca6b980e41","2026-09-09 12:41:02",136.5,2,del=0749851e202390c3
9930,16777666,Lithops1112,"2026-09-05 08:20:21",136.3,2,lithops1112
9931,16748453,LINJINYAN,"2026-09-06 14:25:23",136.0,2,linjinyan
9932,16659929,"MAMADOU LY (LY BOUSSO 45)","2026-08-13 11:43:25",134.9,2,mamadoulylybousso45
9933,16676977,"Akash Babu","2026-09-30 06:54:29",134.8,2,akashbabu17
9934,16666706,baijiachang,"2026-08-05 11:04:21",134.7,1,baijiachang
9935,16667231,bettsy,"2026-08-05 12:12:35",133.9,2,bettsy
9936,16770924,rohit,"2026-09-12 05:08:35",133.6,2,rohitsrinivasan31
9937,16671232,"sms tcil","2026-08-07 13:03:30",133.6,1,smstcil
9938,16659271,Hamish,"2026-08-12 12:48:51",133.4,2,hamishdickson
9939,16794281,"adilio freitas","2026-08-30 22:25:36",133.4,1,adiliofreitas
9940,16659062,"MOHAMMAD SUBHAN PASHA","2026-08-17 07:14:09",132.8,1,mohammadsubhanpasha
9941,16731986,Vugar3,"2026-08-17 10:51:29",132.5,2,vuqarxudvrdyev001342
9942,16737040,"Joseph Djian","2026-09-09 10:30:17",132.4,2,djian55
9943,16791131,"Maria Carolina BRAY","2026-09-30 15:04:58",131.5,2,mariacarolinabray
9944,16662334,"Andres Beltran","2026-08-04 22:58:11",131.0,2,andresbeltran05
9945,16902494,FoodieJam,"2026-09-21 01:38:58",130.8,2,foodiejam
9946,16913466,abc1zzz,"2026-09-26 13:58:53",130.6,2,abc1zzz
9947,16862356,Fitalabs,"2026-09-29 13:32:06",130.4,2,aleffita
9948,16697716,ZEO,"2026-08-09 19:43:41",130.1,1,anuppatil29
9949,16685879,"Jack Chen lalala","2026-09-30 11:17:54",129.3,1,jackchenlalala
9950,16636855,"Wynn Koo","2026-08-01 14:03:04",128.9,1,yongfenggg
9951,16662083,ihabkaggle,"2026-08-07 00:42:33",128.6,2,ihabkaggle
9952,16662230,"Angus Mc Gregor","2026-08-13 21:25:46",128.6,2,angusmcgregor
9953,16799001,"Trịnh Quang Minh","2026-09-01 05:16:32",125.0,1,trnhquangminh140
9954,16882682,"BALQEES GHWANMEH","2026-09-18 20:24:43",123.4,2,balqeesghwanmeh
9955,16810308,Congy,"2026-09-30 14:04:32",123.0,2,congyingma
9956,16631135,"Fernando Liazar Luemba Salvador","2026-09-28 04:49:06",122.8,2,fernandollsalvador
9957,16705490,"KASTHURI DEVI M","2026-08-13 10:42:42",122.5,2,kasthuridevim
9958,16660342,"Adapa Gopireddy","2026-08-04 12:49:43",122.2,1,adapagopireddy
9959,16771841,"Panagiotis Alimisis","2026-09-14 19:04:58",121.8,2,palimisis6
9960,16654556,anjipoo,"2026-08-05 15:33:04",121.8,2,anjana0812
9961,16640323,"KOUSHIK KUMAR DINDA","2026-08-29 01:55:31",120.9,2,koushikkumardinda
9962,16621770,"Rudraksh Zodage","2026-07-30 20:07:49",120.6,2,rudrakshzodage
9963,16924962,XavierB5,"2026-09-19 10:26:33",120.4,1,xavierb5
9964,16690499,SuperAI@2615,"2026-08-11 16:42:48",119.7,2,superai2615
9965,16656235,"Zain Ul Abideen Samo","2026-08-06 15:22:02",119.2,2,zainulabideensamo
9966,16707146,kaganou,"2026-08-11 13:19:53",119.0,1,kaganou
9967,16794292,"Taylor Clark","2026-09-29 05:10:48",117.6,2,taylorclark637
9968,16777407,"Fahrur Rozzi","2026-08-26 23:01:52",117.0,1,frozzi18
9969,16662809,"Chukwu Excellent","2026-08-08 22:06:34",117.0,2,chukwuexcellent
9970,16662013,"Future Innovators","2026-09-30 15:22:40",115.6,2,suthansrivarma
9971,16719809,"Milanto FR","2026-08-14 05:37:48",115.5,2,milantofr
9972,16662142,"Adnan Khan","2026-08-30 06:22:52",115.3,2,iamadnankhan313
9973,16904992,abdulkader1,"2026-09-27 06:44:06",114.5,2,abdulkader1
9974,16772354,"Gleidistony Mendes","2026-09-18 12:01:25",114.4,2,gleidistonymendes
9975,16755329,SBedrosian123@,"2026-08-21 15:07:41",114.2,1,sbedrosian123
9976,16659097,noril09,"2026-08-04 11:56:35",114.1,2,noril09
9977,16919907,"Álvaro Martínez González","2026-09-23 13:59:06",112.7,2,lvaromartnezgonzlez
9978,16840189,"Sneha yadav","2026-09-30 11:19:55",111.9,2,sneha463
9979,16633511,"joshan gladston","2026-08-01 01:19:57",111.4,2,joshangladston
9980,16679979,Pranav6657,"2026-08-07 02:40:48",110.9,1,pranav6657
9981,16653934,"Ayomide Abdulrahmon","2026-08-03 19:22:32",110.1,2,ayomideabdulrahmon
9982,16723091,"Naiely Silva","2026-08-28 00:53:34",109.7,1,naielysilva
9983,16658695,"Muskan Zahid","2026-08-04 14:14:02",109.2,2,artificial52
9984,16659871,"Abel Kpoton","2026-08-04 20:41:20",109.2,2,abelkpoton
9985,16683220,Kongali,"2026-08-10 01:24:37",108.8,2,kongali
9986,16868591,"Lucas A. Rizzieri","2026-09-11 00:22:41",108.7,2,lucasarizzieri
9987,16661160,"Roobhasridevi P","2026-08-04 14:31:22",108.6,1,roobhasridevi
9988,16769419,dylanaki,"2026-09-23 14:48:32",108.1,2,dylanaki
9989,16656643,"Willetta Dettore","2026-08-05 15:33:52",107.9,2,willettadettore
9990,16713435,"Visruti Patidar","2026-08-16 11:18:23",107.8,2,visrutipatidar
9991,16726311,"Prince Diwakar","2026-08-16 12:55:18",107.3,2,princediwaker
9992,16712406,"L Sangeetha","2026-08-18 01:56:24",106.2,2,lsangeetha
9993,16674328,daniel,"2026-08-06 09:34:23",105.4,1,dkamgamegasoft
9994,16623660,"Taylor S. Amarel","2026-07-31 23:36:48",105.2,1,taylorsamarel
9995,16847667,"Tushar Barman","2026-09-12 20:30:34",105.0,2,tusharbarman
9996,16658299,"Bakar Prabowo!","2026-09-05 08:14:32",104.8,2,"galihrattn,kingki19,ranggacarkawan"
9997,16848578,"Tuấn Anh","2026-09-09 04:28:16",104.2,2,tuananhdata
9998,16662123,hannhu40022,"2026-08-04 18:45:07",103.2,2,hannhu40022
9999,16735064,"Harshada Thorat 129","2026-08-18 03:58:34",102.6,1,harshadathorat129
10000,16727876,"Harrison Wachira","2026-08-16 08:50:03",102.4,1,harrisonwachira254
10001,16731873,"Abhishek Singh Solanki","2026-08-19 07:24:47",100.9,1,realabhi5hek
10002,16746655,"Charan Reddy321","2026-08-25 06:27:38",100.8,1,charanreddy321
10003,16800124,"Atharv Hirve","2026-09-20 08:44:54",100.6,2,atharvhirve14
10004,16626218,"Srishti Gauraha","2026-08-08 05:40:23",100.6,1,srishtigauraha
10005,16912163,"Umar Tabbsum","2026-09-17 14:36:46",100.4,2,umartabbsum
10006,16668691,BeltusTebid,"2026-08-05 16:01:45",100.3,1,beltustebid
10007,16717094,"[Deleted] 3efc3b54-b875-4c05-8e11-1214498e2853","2026-08-13 12:30:26",100.0,1,del=386289f87b91311f
10008,16765566,DIYANSH_JAIN7,"2026-09-03 10:56:38",99.9,1,diyanshjain7
10009,16656815,"Atharva S. Naladkar","2026-08-06 06:46:40",99.5,2,atharvasnaladkar
10010,16662455,"Nenavath Shashi","2026-08-04 18:04:52",99.5,2,nenavathshashi
10011,16680165,"Radwa ALkalifa","2026-08-23 08:39:37",99.3,2,radwahamada
10012,16662714,"Amilcar Rodriguez","2026-09-01 04:22:39",99.1,2,amilcarskt
10013,16657303,"Tejas Tiwari","2026-08-04 07:32:17",99.1,1,tejaat
10014,16623953,"Denuwan Wijesinghe","2026-08-01 07:57:04",99.0,2,denuwanwijesinghe
10015,16748612,"Priyadharshini B","2026-08-24 12:06:18",97.2,1,priyadh29
10016,16626159,"Cảnh Đinh Tiến","2026-08-02 09:17:36",94.8,2,tourist110406
10017,16662295,"benja cooper","2026-08-04 17:41:28",94.1,2,benjacooper
10018,16621565,"salih chindo","2026-08-12 19:45:58",93.5,1,salihchindo
10019,16841368,lware5829,"2026-09-05 20:57:52",92.9,1,lware5829
10020,16656685,"Shravani Hibare","2026-08-05 10:15:36",92.6,2,shrahib4725
10021,16659308,Attaerabi,"2026-08-05 07:52:52",92.3,2,attaerabi
10022,16658297,"Charishma Pillapalem","2026-08-11 12:46:56",92.2,2,charishmapillapalem
10023,16891699,Sriram102,"2026-09-19 05:31:23",92.2,2,sriram102
10024,16857111,tfcygv,"2026-09-09 00:09:00",92.1,2,tfcygv
10025,16731142,yshinok,"2026-09-16 23:32:47",91.0,2,yukishinohara0114
10026,16659840,"Dasari Giri Gabrelu","2026-08-05 13:41:11",90.1,2,giridasari
10027,16691542,Tushar_SVC,"2026-08-11 04:12:09",89.7,2,tusharsvc
10028,16662547,"hiteshsinh solanki","2026-08-05 07:59:16",88.0,2,hiteshsinhsolanki2
10029,16654509,"Shruti Kondabathula","2026-08-07 18:17:56",87.8,2,shrutikondabathula
10030,16661098,"Muhammad aufa azmi","2026-08-04 15:18:35",87.7,2,muhammadaufaazmi
10031,16654559,"Kerem Ali AVCIOĞLU","2026-08-03 19:28:49",86.7,2,keremaliavciolu
10032,16657561,Roshdibenrojo83,"2026-08-04 07:19:05",86.6,2,roshdibenrojo83
10033,16662243,"Cepeda Braxton","2026-08-04 19:31:54",84.3,2,cepedabraxton
10034,16691729,"ADOLF FAUSTINE","2026-08-18 02:42:39",84.1,2,adolffaustine
10035,16885473,Razazazazaza,"2026-09-29 09:16:42",84.0,2,razazazazaza
10036,16679847,"Julio Contreras","2026-08-21 20:29:09",83.2,2,juliocontreras
10037,16659582,"Srikanth Adivanna","2026-08-04 11:25:45",82.1,1,srikanthadivanna
10038,16743822,Surya,"2026-08-19 16:21:21",81.1,1,suryapandian
10039,16670547,"Maduako Prince","2026-08-05 22:53:03",81.0,2,maduakoprince
10040,16743241,"Adhvaith KS","2026-09-02 14:30:35",80.6,1,adhvaithks
10041,16932358,"Ilfat Hismatullin","2026-09-20 21:41:28",80.1,1,izek123
10042,16659041,"uma mahesh23","2026-08-04 11:50:03",79.8,2,umamahesh23
10043,16665345,saurabh10june,"2026-08-05 11:53:47",79.6,2,saurabh10june
10044,16660494,"Hòa Phùng Ngọc GIa","2026-09-22 08:11:18",79.3,2,haphngngcgia
10045,16658666,"VMax Agents","2026-08-04 10:57:49",79.1,1,"akhiildheep,mithun5353"
10046,16693819,"Hossein Shad Manaman","2026-08-12 03:14:58",79.1,2,hosseinshadmanaman
10047,16654711,"Rupam Bhattacharjee1","2026-08-14 16:43:07",77.9,1,rupambhattacharjee1
10048,16656485,stunningvn,"2026-09-08 07:40:44",77.8,2,dedquoc
10049,16823197,Cowabunga,"2026-09-20 21:55:58",77.6,2,ameripreye
10050,16621519,Ᏸ𐍂Ꭷ,"2026-07-30 17:30:30",77.0,2,dheerajkannaujiya
10051,16762458,"Promise Matorofa","2026-08-24 10:00:04",76.1,2,promisematorofa
10052,16656240,"SACHIN KUMAR","2026-08-10 03:13:24",76.0,2,sackm123
10053,16670552,"Harsh Chaudhary ml","2026-08-05 22:16:25",75.5,1,harshchaudharyml
10054,16886704,"mohammed alshokry","2026-09-15 14:06:43",74.7,2,mohammedalshokry
10055,16661419,"Shivansh Soni","2026-08-04 15:08:01",74.6,2,shivanshsonii
10056,16700316,"Pranav Waghmare","2026-08-11 16:29:05",74.0,1,waghmarepranav6
10057,16623094,"Claudia Arias Gonzalez","2026-09-24 21:54:03",73.7,2,claudiaariasgonzalez
10058,16641109,zzgtylors,"2026-08-06 06:21:50",73.2,2,zzgtylors
10059,16632375,"Vivien Jiaqian Zhu 朱嘉倩","2026-09-24 07:28:48",73.2,2,vivienjz
10060,16707468,"SBJ 2205","2026-08-12 09:59:33",72.6,1,sbj2205
10061,16659451,anero98,"2026-08-22 20:47:29",72.5,2,anero98
10062,16677441,"ERREGUI YOUSSEF","2026-08-06 18:02:39",72.4,2,erreguiyoussef
10063,16808545,"Qinyong Wang","2026-09-02 11:53:03",71.7,2,magicwqy
10064,16656777,"Salam Alqerem","2026-08-31 10:59:33",70.9,2,salamalqerem
10065,16666273,"Wondu Zerihun","2026-09-08 07:55:57",69.6,2,zerihun369
10066,16798631,dzlabs,"2026-09-01 09:57:10",69.2,2,dzlabs
10067,16925909,"Hopefrey Mosingi","2026-09-19 15:30:15",67.8,2,hopefreymosingi
10068,16667489,"Cornol Lieto","2026-08-05 12:31:14",67.0,1,lietocornol
10069,16664199,SomyaSingh_07,"2026-09-28 13:59:33",66.5,2,somyasingh07
10070,16663897,jayaBhavagan,"2026-08-05 19:34:36",66.2,1,jayabhavagan
10071,16736939,"Flandre 29","2026-08-26 08:23:01",66.2,2,flandre29
10072,16660340,"pawan sondhiya","2026-08-07 06:22:38",65.6,2,pawansondhiya
10073,16880437,doublek,"2026-09-29 01:29:36",65.3,2,doublek
10074,16858278,"Sukma Ramadhan A","2026-09-12 13:22:49",63.1,2,sukmaramadhana
10075,16848280,"Oladipupo Olapoju","2026-09-08 00:24:32",62.2,2,pupoolapoju
10076,16938479,"Илья Попов ","2026-09-22 22:54:01",61.9,1,wingedwolf7
10077,16680428,"Surabhi veda","2026-08-07 01:49:35",61.7,1,surabhiveda
10078,16666072,Abinash,"2026-08-05 15:07:52",61.7,2,abinashsinha1726
10079,16728931,Sathwik2006,"2026-08-16 14:25:36",61.5,2,sathwik2006
10080,16683075,"Manuel lasarte León","2026-09-30 08:30:44",61.1,2,manuellasarte
10081,16785053,"Rinosh Bethala","2026-08-28 17:52:26",60.6,1,rinoshbethala
10082,16665079,"Maguluri Keerthi","2026-08-05 06:16:03",60.6,2,magulurikeerthi
10083,16659675,"M.Athallah Rafif Aldera","2026-08-06 12:40:14",59.9,2,mathallahrafifaldera
10084,16867026,"Aashish Bagmar","2026-09-11 05:14:45",59.5,2,aashishbagmar
10085,16730708,ysakuragi,"2026-08-19 01:30:12",59.3,1,ysakuragi
10086,16678283,"Ajinkya Digurkar","2026-08-21 10:56:03",59.2,2,"ajinkyadigurkar,sakshiagrawal8818"
10087,16785477,"ASHMIL P URK25CS7129","2026-08-28 18:26:11",59.0,1,ashmilpurk25cs7129
10088,16663277,"Mariana Mejía","2026-08-24 23:58:54",59.0,2,marianameja
10089,16663161,"Pial Mahmud","2026-08-17 10:38:21",57.9,2,pialgroup
10090,16668599,"Hafsa Anwaar","2026-08-05 17:43:21",57.2,2,hafsaanwaar
10091,16710773,Openaiskrip,"2026-08-12 07:54:38",55.5,2,openaiskrip
10092,16660886,"Dr.Eldirdiri Fadol ","2026-08-05 05:30:48",54.3,2,dreldirdirifadol
10093,16670368,"Gary Gitton","2026-08-19 17:03:04",54.2,2,garygitton
10094,16944152,JanGO,"2026-09-29 20:27:09",53.4,2,jankoai
10095,16687628,ruchit,"2026-08-28 11:22:16",53.4,1,ruchitkhade
10096,16867334,"Connor Tran","2026-09-21 22:05:52",53.1,1,thlphero
10097,16735323,"Souvik Routh","2026-08-18 04:30:21",53.0,1,souvikrouth
10098,16803074,"fumihito mori","2026-09-01 14:00:16",52.6,1,fumihitomori
10099,16794173,"Kamran Arshad","2026-08-31 07:19:49",51.4,2,kamranarshad
10100,16661711,"Wild Star217","2026-08-30 18:00:18",51.1,2,wildstar217
10101,16657055,RedKiwi,"2026-08-05 05:57:34",51.0,2,tnmthai
10102,16658100,"Nanda Riansyah","2026-08-04 08:55:54",50.9,2,nandariansyah
10103,16784650,LukasM1,"2026-08-28 14:15:24",47.9,1,lukasm1
10104,16867360,kagg24293,"2026-09-11 08:19:36",47.9,2,kagg24293
10105,16735237,"YASH CHIMAN","2026-08-18 04:20:24",47.4,1,yashchiman
10106,16698958,"Shanjaya SK","2026-08-28 15:25:11",44.4,1,"payuu03,shanjayask"
10107,16719441,Gatranova,"2026-08-14 04:11:54",43.9,2,rafiabiyyuairlangga
10108,16716079,shaurya_pandey@19,"2026-08-13 09:27:49",43.9,2,shauryapandey19
10109,16888204,"yunus yalman","2026-09-24 19:48:59",43.6,2,yunusyalman
10110,16666836,"Emir Ayvaz","2026-08-07 05:57:00",43.5,2,emirayvaz
10111,16633018,purelilyth,"2026-08-20 19:43:09",42.1,2,purelilyth
10112,16663406,"Elshan Kazim","2026-08-16 08:38:43",41.6,1,elsnkazm
10113,16846758,"Harish More","2026-09-07 07:44:25",39.7,2,harishmore812
10114,16839644,Mikhail,"2026-09-06 06:52:57",39.2,1,mih2501py
10115,16640594,Win2207,"2026-08-07 12:05:07",38.1,2,win2207
10116,16679410,"Leke Glean","2026-08-07 17:29:04",37.1,2,lekeglean
10117,16835282,nico23t,"2026-09-07 14:18:22",36.7,2,nico23t
10118,16716562,"Ananya Maurya","2026-08-13 10:01:25",35.9,2,ananyamaurya
10119,16780027,rotto,"2026-09-01 13:18:33",34.3,2,pirotototo4023
10120,16698953,Locked_in_hell,"2026-08-13 18:31:55",33.9,2,stealthknight
10121,16684847,"M.Harshavardhan Raju","2026-08-09 16:15:49",32.6,2,mharshavardhanraju
10122,16644474,"Vihaan Ahluwalia","2026-08-05 13:16:21",32.2,2,vihaanahluwalia
10123,16761007,"Pankaj Nakhat","2026-08-23 11:48:21",31.6,2,pankajnakhat
10124,16868098,"Arya Patil","2026-09-11 08:00:49",30.8,1,shutterstack
10125,16673372,"Hadyan Adira","2026-08-14 03:16:30",29.0,2,hadyanadira
10126,16731524,"Tsyrenov Mergen","2026-08-17 09:42:39",28.4,1,tsyrenovmergen
10127,16661068,ZeViX,"2026-09-25 16:23:22",28.2,2,"codinggeek101,vedantkhete"
10128,16723050,"Ítalo Albuquerque","2026-09-11 18:32:23",27.7,2,taloalbuquerque
10129,16633932,omikbop,"2026-08-02 12:36:52",23.6,2,omikbop
10130,16665139,"Siddharaj Kulkarni","2026-08-16 05:23:21",22.7,2,siddharajkulkarni
10131,16761521,"Artificial Silicon","2026-08-29 10:17:46",21.8,1,artificialsilicon
10132,16675209,lavica,"2026-08-11 13:23:03",20.3,2,lavica
10133,16762766,"Eman Gope","2026-09-28 12:06:29",18.0,2,emangope
10134,16667339,"Victor Chege","2026-09-01 13:56:51",17.4,2,victorchege0
10135,16916794,SHUJAT,"2026-09-21 14:59:47",16.0,1,syedshujathussain
10136,16624064,"Hemant Ahlawat","2026-07-31 15:52:56",15.4,2,happyahlawat
10137,16771156,"Ronald Ayamba","2026-08-25 19:16:26",12.6,1,ronaldayamba
10138,16654087,Gabriela_Fernandes4,"2026-08-04 19:12:33",11.3,1,gabrielafernandes4
10139,16656753,"TAMAL SINGHA ROY","2026-08-05 07:57:48",10.8,2,tamalsingharoy
10140,16721495,"404 Crop Not Found","2026-09-01 08:45:29",8.8,2,"aiprojector,boazx15"
10141,16714192,"Nishanth Palugula","2026-08-14 06:51:09",7.6,2,nishanthpalugula
10142,16895738,suqingying,"2026-09-21 10:43:10",7.4,1,suqingying
10143,16662721,"Manish Sharma","2026-08-12 17:44:16",5.9,2,themihirsharma
10144,16675819,RohitS001,"2026-08-11 18:05:54",5.5,2,rohits001
10145,16705637,"Vedant Ghodekar","2026-08-11 05:28:57",4.6,1,vedantghodekar
10146,16687620,Goktug1,"2026-09-18 18:47:26",3.3,2,goktug1
10147,16654026,"joju shaji","2026-08-09 16:36:43",2.7,2,jojushaji
10148,16938443,"zhichen huang","2026-09-21 21:54:55",1.5,1,zhichenhuang
10149,16632413,"Varun Patil","2026-07-31 18:41:34",1.2,1,varunpatil262005
10150,16676428,wayzhengong27,"2026-08-08 06:34:59",0.9,2,"kkkuek,wayzhengong27"
10151,16633250,Myst19,"2026-08-03 13:25:15",-0.2,2,jakeschweikhart
10152,16892319,"Shair Khan","2026-09-21 08:30:36",-2.8,2,datascikhan
10153,16689555,"kelvin waruingi","2026-08-09 22:45:23",-4.9,2,kelvinwaruingi
10154,16747839,"Ich Schmid","2026-09-19 13:56:52",-4.9,2,ichschmid
10155,16778494,"Agda Niya","2026-08-28 06:43:07",-5.5,2,agdaniya
10156,16669011,"Siddiqui Rehan Ahmed Furqan","2026-08-07 05:24:38",-6.6,2,siddiquirehanahmed
10157,16811344,"Vineeth Nannuri","2026-09-10 05:19:07",-7.9,2,vineethnannuri
10158,16660161,"Antimo Carlino","2026-09-08 19:09:46",-11.4,2,antimocarlino
10159,16644519,"Shambhu Shekhar Sinha","2026-08-12 18:55:43",-13.4,2,shambhushekharsinha
10160,16852322,"Harshit Varma45","2026-09-08 03:54:30",-14.1,1,harshitvarma45
10161,16721567,"Neeraj Sharma","2026-09-04 07:21:50",-14.3,1,neerajsharma897
10162,16673732,"Async Null","2026-08-06 16:55:26",-18.2,1,asyncnull
10163,16661152,"Dr.Abdulbaset Musleh","2026-09-19 17:40:52",-18.6,2,drabdulbasetaledresi
10164,16658745,"Shabby farms 2.0","2026-08-16 03:10:28",-19.7,2,rahulk5418
10165,16708290,"Hrishikesh Thakare","2026-08-12 14:45:08",-20.0,1,hrishikeshthakare
10166,16696104,"Harshit Meesari","2026-08-09 14:31:00",-21.1,1,harshitmeesari
10167,16914127,"Aditya Jha","2026-09-20 04:35:47",-25.4,2,theadijha
10168,16657568,"Manpreet Singh","2026-08-08 13:45:41",-27.5,2,manpreet1994
10169,16948861,"PRATHAMESH ARUN JADHAV","2026-09-24 03:10:19",-27.6,1,prathamesharunjadhav
10170,16780318,"Piyush Darinda","2026-08-27 17:28:07",-28.9,2,piyushdarinda
10171,16790678,Pujolaras,"2026-09-03 14:45:14",-29.3,1,pujolaras
10172,16809774,farmci,"2026-09-02 16:59:50",-30.2,1,ermismel
10173,16731488,"James Kimani","2026-08-27 13:18:20",-30.8,1,jaykim122
10174,16664822,"Prateek Singh","2026-08-05 05:30:22",-32.2,2,pra73ek
10175,16943065,"LOKHANDE HARSH","2026-09-23 16:45:21",-33.0,1,lokhandeharsh
10176,16633417,"Handsonlabs Software Academy","2026-09-28 12:41:05",-35.0,2,tobimichigan
10177,16679250,srskat,"2026-08-16 08:26:30",-35.5,2,srskat
10178,16659501,Duckey,"2026-08-04 13:02:16",-40.7,2,bokangletsapo
10179,16732320,"Malik Muhammad Arbaz","2026-08-18 13:05:51",-40.9,1,malikmuhammadarbaz
10180,16735078,"SUDHANSHU PATIL","2026-08-18 04:37:33",-41.9,2,sudhanshupatil10
10181,16654404,"Madhan Sidmal","2026-08-11 21:28:45",-44.6,2,madhansidmal
10182,16662922,BrandonDucar,"2026-09-12 23:12:40",-45.1,2,brandonducar
10183,16792531,"subash jayakumar","2026-08-30 20:14:56",-46.9,2,subashjayakumar
10184,16644439," علي ساجد","2026-08-02 21:40:07",-47.3,2,jdvdjdv97171ushd
10185,16624666,"Avik Das","2026-08-21 08:57:10",-48.0,2,avikdas567
10186,16720136,"Roaring Cotton","2026-09-15 20:07:58",-49.3,2,daviddavidelijah
10187,16676890,luciferingstar256,"2026-08-20 15:40:55",-55.4,1,luciferingstar256
10188,16689681,"Prakash Rajan","2026-08-09 16:37:56",-58.5,2,prakashai
10189,16802203,"Sadaf Mughees","2026-09-21 09:16:16",-62.7,2,sadafmughees
10190,16622991,"Fedor Grigorev","2026-08-27 15:30:57",-63.9,1,fedorgrigorev
10191,16885604,dualcore,"2026-09-22 09:54:46",-64.8,2,"shashankkalled,tridiv14"
10192,16659057,"Jolvin James","2026-08-07 08:04:22",-70.8,2,jolvinjames
10193,16755427,"Daksh Jain","2026-08-21 15:18:57",-71.7,1,dakshu081
10194,16941446,"Rehan Liaqat","2026-09-22 12:30:49",-73.6,1,rehanliaqat17
10195,16629006,ymym_tymblack,"2026-08-22 09:44:39",-80.7,2,ymymtymblack
10196,16663728,"Al'Humairah Ali","2026-08-10 17:28:01",-81.1,1,alhumairahali
10197,16758417,AthulJenson,"2026-08-22 14:21:26",-87.3,1,athuljenson
10198,16805234,Ryuzaki2325,"2026-09-01 19:44:54",-90.0,1,ryuzaki2325
10199,16683041,Abhishektyagi649,"2026-08-07 08:37:09",-93.0,2,abhishektyagi649
10200,16731829,"Alexandra Tricia","2026-08-19 07:03:33",-107.1,2,alexandratricia
10201,16709661,sapphirey,"2026-09-07 11:21:05",-112.3,2,sapphirey
10202,16713011,"Tasmayu Swain","2026-08-14 15:49:35",-120.2,1,tasmayuswain
10203,16885774,"Adama Savadogo","2026-09-14 17:34:16",-121.3,2,adamasavadogo
10204,16637499,Yuchen20,"2026-09-19 14:06:24",-124.3,2,yuchen2066
10205,16685888,LeulYT,"2026-08-10 05:35:44",-128.0,2,leulyt
10206,16707646,ppssbb09,"2026-09-17 13:40:43",-140.7,1,ppssbb09
10207,16808566,"contemporary dance","2026-09-02 22:44:14",-141.2,2,shigeria
10208,16657035,"Christvin Mathew","2026-08-04 08:55:56",-141.5,2,christvinmathew
10209,16719181,SaltyCode,"2026-08-16 04:56:22",-144.9,1,saltycode
10210,16717416,"Timofey Kalyak","2026-08-20 07:04:06",-193.3,1,timofeytweaky
10211,16695221,"Muhammad Daud Abbas","2026-08-12 20:04:32",-195.1,2,muhammaddaudabbas
10212,16659881,SantosR,"2026-09-08 14:27:04",-196.7,2,santosr
10213,16889642,"calvin Grimm","2026-09-14 06:15:04",-202.6,1,calvingrimm
10214,16665495,"sai chand Boppudi","2026-08-07 04:19:58",-202.7,2,saichandboppudi
10215,16659864,"Twin Titans","2026-08-08 07:50:33",-202.8,2,"sivahokage,solaisararaju"
10216,16660261,"YO_ONE CHAUHAN","2026-08-08 23:49:54",-205.4,2,yoonechauhan
10217,16724138,"Tuna Xiao","2026-09-07 15:05:12",-207.8,1,tunaxiao
10218,16692837,"Sai Uttam Gite","2026-08-09 11:36:32",-207.9,1,saiuttamgite
10219,16668701,"Nihal Jamadar","2026-08-09 04:28:26",-208.3,2,nihaljamadar313
10220,16728276,"ROHAAN ASIF","2026-08-16 11:20:59",-221.5,2,ordinarydev007
10221,16794008,HyperPlanz,"2026-08-31 13:08:38",-227.5,2,domiandr000
