Rank,TeamId,TeamName,LastSubmissionDate,Score,SubmissionCount,TeamMemberUserNames
1,16681125,"M & M & P & Q","2026-09-30 15:21:46",3073.5,2,"morimo,msd0110,piiiiiiiii,qistripute"
2,16621497,"6x8 B200 Galaxy Run","2026-09-30 14:25:15",2948.6,2,vmerckle
3,16623559,DECEM,"2026-09-30 19:08:29",2933.8,2,zy1343930734
4,16732748,DSM,"2026-09-30 22:53:34",2916.5,2,"denden12,masspeaks,shimishige"
5,16628664,"Anton Tikhonov","2026-09-30 20:42:57",2864.1,2,itwastony
6,16891902,Farmcore,"2026-09-30 23:18:04",2860.4,2,"betmyex,doifgoox,garifullintimur,naviniklag"
7,16714162,MarvinTMB,"2026-09-30 23:08:46",2853.4,2,marvintmb
8,16684994,TKNP,"2026-09-30 18:00:12",2835.9,2,"justnik77,katasonoveugene,romankatasonov,sergey140146659"
9,16698308,"Gemini IS ALL YOU NEED","2026-09-30 19:41:28",2833.9,2,"jacqueszhelinzhang,yuan800"
10,16712258,Yizhou,"2026-09-30 22:14:49",2823.3,2,yaphellee
11,16736435,CDE,"2026-09-30 21:34:22",2821.5,2,"arc144,christofhenkel,crodoc"
12,16760699,Luca,"2026-09-30 23:05:59",2815.8,2,yijiey
13,16718819,Majkel1337,"2026-09-30 17:30:18",2809.0,2,majkel1337
14,16623716,"tetsuya & yuanzhe & guoqin","2026-09-30 22:03:35",2801.1,2,"guoqingu,tetsuya3510,yuanzhezhou"
15,16736838,😗アナコンダ🤭,"2026-09-30 20:44:05",2769.9,2,"ei1333,unosss"
16,16804022,monsaraida,"2026-09-30 08:17:57",2769.8,2,monsaraida
17,16915014,Boey,"2026-09-30 18:42:54",2766.3,2,boeychenjun
18,16717665,"Christoffer Thimsen","2026-09-30 23:19:38",2759.2,2,lowasitgoes
19,16657750,.,"2026-09-30 14:49:26",2759.0,2,proptiter
20,16758882,mtmr_s1,"2026-09-30 13:25:03",2753.6,2,mtmrs1
21,16624026,有辣条有权,"2026-09-30 23:04:13",2749.4,2,russcore
22,16751828,"E. Honda","2026-09-30 16:55:50",2733.8,2,toseihatori
23,16811917,"Reward Farmer","2026-09-30 19:11:13",2733.7,2,dipamc77
24,16695046,"No Shake Please!!!","2026-09-30 22:38:08",2728.6,2,"aurax7,coolinlai,davidsarrat,pseree,zongzishuang"
25,16623697,yuto083,"2026-09-30 19:33:42",2722.0,2,yuto0712
26,16667959,"Fourth Quadrant","2026-09-30 16:44:45",2721.2,2,flynnfei
27,16867213,한밭대학교컴퓨터공학과정우민,"2026-09-30 16:13:50",2718.2,2,woominyo
28,16942171,mhw,"2026-09-30 19:47:18",2704.1,2,"matelong,wuyujc,yanghanxin"
29,16718649,"Zakaria Aala","2026-09-30 20:36:31",2699.6,2,zlordgrim
30,16632377,"Legend Brothers","2026-09-30 17:40:22",2696.8,2,"holeguma,shunhirota"
31,16887437,TheEggman,"2026-09-30 18:44:14",2690.5,2,ethanl67
32,16634580,akmr,"2026-09-30 21:00:33",2687.4,2,akimaru
33,16709492,abozten,"2026-09-30 20:36:36",2682.7,2,abozten
34,16721453,"Random Mambo","2026-09-30 03:37:59",2682.1,2,beaten67
35,16621799,"Artem The Farmer 🍅","2026-09-30 22:23:00",2674.4,2,veshkinartem
36,16633507,"Happy farm ⛏","2026-09-30 20:29:16",2667.9,2,"alexesn,c0ldzy,ivanvorfolomeev,semyonepanov"
37,16866398,feles99,"2026-09-30 23:24:01",2666.7,2,feles99
38,16670384,"BT SHAKE IT UP","2026-09-30 20:31:02",2665.6,2,gordeevmax
39,16793083,"🐚seek inspiration🐚","2026-09-30 22:49:31",2661.6,2,kurupical
40,16623451,Ueddy,"2026-09-30 20:24:23",2660.1,2,ku0807
41,16735341,MAC,"2026-09-30 14:23:56",2641.6,2,"ryui68925,uki706"
42,16942123,dodsters,"2026-09-30 22:31:50",2641.0,2,"andreyakifev,friklez"
43,16862183,Smackaveli,"2026-09-30 19:57:00",2638.5,2,spoutop
44,16730326,atsushi11o7,"2026-09-30 22:10:01",2635.4,2,atsushi11o7
45,16754882,vvs,"2026-09-30 23:15:14",2633.2,2,marvelworld
46,16763230,flg,"2026-09-30 18:28:36",2628.3,2,ferdinandlimburg
47,16734966,kigasudayooo,"2026-09-30 22:12:09",2627.2,2,argon1215
48,16623580,matu997,"2026-09-30 21:20:45",2622.6,2,mastu997
49,16908425,CUties,"2026-09-30 21:54:28",2620.1,2,"tagireminov,timmass2"
50,16640510,SpaTaro,"2026-09-30 15:33:24",2618.8,2,tarosqrd2
51,16632327,"We wanna be tomatos","2026-09-30 22:39:34",2611.5,2,"behindkun,forrestxlz,konbu17,mechi22,midnqly"
52,16758767,NSK_54,"2026-09-30 12:43:47",2611.2,2,"leon7archer,suvalex"
53,16660137,Densike,"2026-09-30 17:09:21",2608.2,2,densike
54,16906728,"Konstantin Zhar","2026-09-30 21:15:16",2594.7,2,zharkd
55,16767215,keiz,"2026-09-30 11:30:08",2591.7,2,keizkeiz
56,16675778,"Orbital Terraformer","2026-09-30 15:07:51",2590.3,2,tubotubo
57,16730524,"THIRD FARM CLUB","2026-09-30 14:14:38",2587.3,2,"bowwowforeach,mooegi,shunrcn,simann"
58,16748733,"Driz Lo","2026-09-30 22:52:32",2586.7,2,"cieling,drizlo,kindinred"
59,16794696,"Paul Bryan Elefante","2026-09-30 20:02:08",2584.6,2,heuljax
60,16739633,kwa,"2026-09-30 21:15:56",2582.6,2,ikaroskaggle
61,16749520,"Andrey Tikhomirov","2026-09-30 18:07:07",2567.1,2,andreytikhomirov
62,16811307,elmo,"2026-09-30 10:38:27",2563.5,2,mktakizawa
63,16944414,Aguacates,"2026-09-30 22:41:52",2563.4,2,"carolinemercedes,joshdankworth"
64,16658248,Aaweg,"2026-09-30 14:38:39",2562.4,2,aawegbhaladhare
65,16802598,"macbook air m4","2026-09-30 23:00:35",2561.8,2,anonimniygeniy
66,16920891,codex还我pro20x,"2026-09-30 13:20:12",2556.4,2,renfei123456
67,16752196,sekai013,"2026-09-30 20:50:17",2554.2,2,sekai013
68,16633132,"Kaggledew Valley 🏆","2026-09-30 23:16:33",2553.3,2,"jackvd,wscmisx,yanzhou06"
69,16685950,"Planned Economy","2026-09-30 21:05:04",2552.9,2,alturutin
70,16714457,"Crop Dustas","2026-09-30 22:56:24",2551.3,2,"peikopon,rishigottumukkala"
71,16878533,HayatoFujihara,"2026-09-30 15:42:47",2548.9,2,hayatofujihara
72,16670948,wally0593,"2026-09-30 19:50:06",2546.5,2,wally0593
73,16864314,marwar22,"2026-09-27 23:59:33",2545.7,2,marwar22
74,16760569,"Otter Vibe","2026-09-30 07:39:27",2545.7,2,gyuminsong
75,16723620,3정훈,"2026-09-30 15:42:22",2541.5,2,az05192000gmailcom
76,16644287,"Ryo Hasegawa","2026-09-30 21:31:17",2540.4,2,ryohasegawa926
77,16673205,"Arda Ceylan","2026-09-30 21:37:35",2540.4,2,ardacey
78,16660281,"xiy lin","2026-09-30 05:11:53",2539.7,2,xiylin
79,16805699,"feel the agi","2026-09-30 21:03:44",2538.6,2,nulldata
80,16732403,ymg_aq,"2026-09-30 23:15:56",2537.7,2,ymgpalaqs
81,16909118,loxigicck,"2026-09-30 00:02:51",2529.9,2,loxigicck
82,16740405,by,"2026-09-30 21:56:10",2528.0,2,ibyyue
83,16668998,WarRusher,"2026-09-30 22:17:05",2524.2,2,warrusher
84,16732879,daulettoibazar,"2026-09-30 21:41:44",2524.0,2,daulettoibazar
85,16926467,arutyunoff,"2026-09-30 21:32:19",2521.8,2,arutyunoff
86,16670221,"❄️ Cole Palmer ❄️","2026-09-30 10:06:26",2521.5,2,fleongg
87,16630825,"Black Mamba Farm","2026-09-30 19:43:40",2521.3,2,"asherjyd,frankyhz,qizhiran,yukundu231100"
88,16690820,"Alan C52","2026-09-30 22:43:30",2515.7,2,alanc52
89,16623466,캐그리컬쳐,"2026-09-30 01:35:32",2515.4,2,len8487
90,16629972,"forever young","2026-09-30 05:41:04",2515.3,2,keisukeyokota0428
91,16730946,"Bohann Wang","2026-09-30 16:51:38",2515.0,2,bohannnwang
92,16690867,叫啥,"2026-09-30 14:24:08",2511.8,2,"binghua123,gisgisgis,howardleetw,william950615"
93,16796574,cununn,"2026-09-30 19:29:47",2506.1,2,w007425y
94,16739419,"misis biznessmenlb","2026-09-30 10:39:28",2505.4,2,"adilkhabibullin,bebra3222,daniilsergeevda,player77"
95,16760701,"Yannik Schiffner","2026-09-29 00:20:24",2504.5,2,yannikschiffner
96,16691451,Nakano,"2026-09-30 22:46:40",2503.0,2,spicatom0914
97,16681405,"Yusuke Hayashi","2026-09-30 12:12:06",2502.6,2,yhay81
98,16674102,没落者,"2026-09-30 22:52:42",2499.9,2,needless090
99,16743582,ShunkiKyoya,"2026-09-30 22:22:01",2497.6,2,shunkikyoya
100,16754022,Pico,"2026-09-30 16:04:31",2497.0,2,charithgr
101,16621590,Yaroslav,"2026-09-28 09:37:57",2496.9,2,yaroslavrogoza
102,16728071,AI是我的豆包,"2026-09-30 21:31:07",2496.3,2,"blht2026,wocenmma,zzxhee"
103,16645703,madmax0404,"2026-09-30 19:26:25",2495.8,2,max6296
104,16758244,yumizu,"2026-09-30 22:28:10",2495.6,2,yumizzzz
105,16731443,"Arjun Vinod","2026-09-30 05:07:03",2492.2,2,arjun0014
106,16688294,"high frequency farming","2026-09-30 09:07:27",2492.2,2,"gunhcolab,hweowe,markslavin"
107,16918411,"Gautier Marti","2026-09-30 22:13:10",2491.8,2,gautiermarti
108,16946542,"Siyuan Wang","2026-09-30 17:31:50",2491.1,2,merlynwang
109,16756591,"Hamed Vakili","2026-09-30 19:35:07",2490.4,2,"hamedvakilit0,maryam7713"
110,16913723,azamat1ch,"2026-09-30 14:12:27",2490.3,2,azamat1ch
111,16815017,Humanitis,"2026-09-30 19:07:25",2489.9,2,humanitis
112,16707990,Snorlax,"2026-09-30 22:17:36",2489.0,2,pku1400010735
113,16655610,GPTatoes,"2026-09-30 16:28:30",2487.8,2,"angran,kaixuanosmas"
114,16779451,kibuna,"2026-09-30 16:55:37",2486.5,2,kibuna
115,16758316,"Roy Lo TW","2026-09-30 10:46:39",2483.8,2,roylotw
116,16686843,"Juraj Zelman","2026-09-30 20:39:46",2483.7,2,jurajzelman
117,16675873,"Zhu Liang","2026-09-30 02:31:37",2483.1,2,paradite
118,16849801,tq1d,"2026-09-30 18:08:30",2482.8,2,haya03010
119,16659555,"Joseph Adamski","2026-09-30 11:06:19",2474.8,2,josephadamski91
120,16652536,Satoshi_SsSs,"2026-09-30 03:32:16",2474.3,2,satoshissss
121,16732521,redblackbst,"2026-09-30 17:25:54",2474.2,2,redblackbst
122,16731803,JYShane,"2026-09-30 22:30:33",2471.1,2,jyshane
123,16769836,weense,"2026-09-30 06:48:39",2468.9,2,weense
124,16857676,"Justin Yang","2026-09-30 15:14:26",2463.5,2,zake7749
125,16768065,"Gradient Grazing","2026-09-30 18:35:00",2462.3,2,adamhusein
126,16640785,"syouya tobita","2026-09-30 00:13:17",2460.5,2,syouyatobita
127,16945978,"Grigor Sargsyan","2026-09-30 07:32:14",2460.2,2,grigorsargsyan
128,16732727,brightest66,"2026-09-30 13:49:48",2458.5,2,"brightest66,laplacenvmv"
129,16941436,fshindo,"2026-09-30 15:20:32",2458.0,2,ffsscf
130,16637255,"leave you","2026-09-30 20:46:23",2457.2,2,superallen001
131,16891058,Navier-stokes,"2026-09-30 07:14:46",2457.2,2,"nguyenkhanhvu,nhtlongcs"
132,16852049,Tremble,"2026-09-29 08:38:51",2455.8,2,"aimeechen1,haoxuanwang12366,junsongzhang,qiyaoxu,yifuandonlyyifu"
133,16627906,"En Hakkore","2026-09-30 12:17:52",2451.7,2,tergelmunkhbat
134,16717536,c0nrad,"2026-09-30 21:17:53",2450.6,2,stuartlarsen
135,16762319,"Shiji Zheng","2026-09-30 14:27:51",2444.6,2,"q20020006073,watcher996,zhengshiji"
136,16892458,goose10,"2026-09-30 14:53:20",2444.0,2,orangeaugust
137,16673303,"Samuel Sundararaman ","2026-09-30 21:39:48",2440.8,2,neopok919
138,16633178,"Cow Boy","2026-09-30 12:27:13",2440.2,2,shanzhong8
139,16917996,Agentculture,"2026-09-30 13:54:59",2438.6,2,"ericchen001,huzhenyi,sylvia47,thx123456121"
140,16630675,"Lucien de Rubempre","2026-09-30 20:01:22",2438.3,2,lucienderubempre
141,16784691,"ready or not here i come","2026-09-30 03:55:42",2437.3,2,emrekuruba
142,16894895,Talented_Eggs,"2026-09-30 23:00:12",2437.2,2,"kangmingpeng,kinghuang123,qiandongxie666,yyhm666"
143,16684093,"fog flower","2026-09-30 18:01:39",2433.3,2,"fogflower,gdz007,kitchs,xuesongyin"
144,16823930,"Ghost Rule","2026-09-30 20:56:09",2433.2,2,yiyangxudmm
145,16913591,fly,"2026-09-29 16:05:29",2432.0,2,"azh1sdad,linjingmax,rong414,w1ll1am10,yuhanleo"
146,16706222,"Xiangyu Liu","2026-09-30 21:34:23",2431.6,2,xiangyuliu007
147,16721501,"Team LOOPRAR","2026-09-30 21:45:48",2431.5,2,"muditnagori09,shahidnadaf001"
148,16803103,hugghngkai,"2026-09-30 06:32:13",2430.7,2,hugghngkai
149,16806018,トゲアリトゲナシトゲトゲ,"2026-09-30 20:29:07",2429.4,2,togearitogenasi
150,16633950,"Matt Motoki","2026-09-29 13:27:03",2428.4,2,mmotoki
151,16734580,shyjin,"2026-09-30 23:07:55",2427.8,2,shyjin
152,16910441,Ultracodes,"2026-09-30 13:36:33",2427.3,2,"guanchaosun,lh123463,yitao111"
153,16709176,Efnutrrionpy,"2026-09-30 11:08:58",2425.4,2,efnutrrionpy
154,16625220,thisray,"2026-09-30 19:05:00",2424.8,2,thisray
155,16669926,Jince,"2026-09-30 08:36:38",2424.8,2,jincesaju
156,16716566,"Junliang Ye","2026-09-30 19:49:02",2420.2,2,junliangye
157,16759402,Capitaalgain,"2026-09-30 22:48:05",2419.9,2,capitaalgain
158,16921670,giyogoioが相手の農地を燃やします,"2026-09-30 11:22:57",2418.6,2,"giyogoiohlrlqll,k256net"
159,16852826,Phoenix750,"2026-09-30 16:38:45",2418.5,2,richardmaddox
160,16919136,"First Farming","2026-09-30 13:40:36",2418.0,2,"chengxuanyang,dongshangyu,lxinye09,pengwenlong"
161,16731605,datatuu,"2026-09-30 15:18:22",2417.4,2,yaoguang516
162,16905679,xaxipiruli,"2026-09-30 20:32:11",2416.4,2,xaxipirulazo
163,16624309,jjamppongmandu,"2026-09-30 02:15:10",2416.3,2,"beckspeca,hihiimj,jjamppongmandu"
164,16884814,"Happy Farmers","2026-09-30 14:01:28",2415.5,2,"loopide,mapmicro,modelkit"
165,16681744,team_fn,"2026-09-30 20:36:36",2414.7,2,fjklmn
166,16799266,"Kucing Garong","2026-09-30 22:18:37",2413.6,2,syaugialkaf
167,16672709,"RS Turley","2026-09-30 14:48:34",2413.6,2,rturley
168,16760523,"Joseph Ayanda","2026-09-30 18:43:52",2412.3,2,josephayanda
169,16717440,"farm pt","2026-09-30 20:08:54",2410.4,2,"gunianxue,marisyn,muran169633"
170,16811703,KaggricultureX,"2026-09-30 14:02:41",2410.2,2,"hanwang666,huanghaoyu7280,lannuo,liangzixiabc"
171,16928267,"GPT 6 Astra Ultra Fast","2026-09-30 14:21:10",2410.2,2,"dorags,linmiaohan,zhiruizheng111"
172,16904566,FLA,"2026-09-30 14:18:17",2409.8,2,"athnnna,fanglong,fengzq777"
173,16871381,huaiyuyoung,"2026-09-26 09:05:31",2407.3,2,"huaiyuyoung,mushancui,nuoyixu,sdsnorth,yuantoby"
174,16748511,HarshPandey-yt-auto,"2026-09-30 18:21:35",2406.3,2,harshpandeyytauto
175,16843221,refine123,"2026-09-30 02:17:06",2405.1,2,refine123
176,16922539,Gatswei,"2026-09-30 22:25:09",2403.5,2,gatswei
177,16857636,Tm-ACCS,"2026-09-30 14:22:12",2403.4,2,"bitsmini,corebase,llmrun,opsneo"
178,16929367,SimulationXYZ,"2026-09-30 14:29:41",2403.3,2,"biandatong,fan41786,taomarktao,ycc13688881999"
179,16681007,AkiraOnojp,"2026-09-30 11:57:49",2402.5,2,akiraonojp
180,16748173,pensukesan,"2026-09-30 13:59:26",2401.1,2,pensukesan
181,16668162,AlejandroAlvarez,"2026-09-30 17:27:37",2400.5,2,theworm
182,16732055,DASH村,"2026-09-30 20:10:11",2400.3,2,sobameshi
183,16727171,yfy,"2026-09-30 18:51:32",2397.9,2,qwidndbdjss
184,16806195,unreal,"2026-09-30 23:01:41",2397.6,2,gauravgs1007
185,16623370,kenmatsu4,"2026-09-28 15:29:13",2396.6,2,kenmatsu4
186,16624645,"Closed Loop","2026-09-30 22:48:08",2396.4,2,hobbisttech
187,16668783,Zyy7390,"2026-09-30 20:05:33",2396.3,2,"tigerrrrrr,zyy7390"
188,16660255,"Revanth Tambisetty","2026-09-29 10:12:23",2395.6,2,revanthtambisetty
189,16766128,"Oleksandr Parfionov","2026-09-30 14:07:00",2395.1,2,parfyon
190,16857723,"Mask Learning","2026-09-30 13:39:28",2393.4,2,"clipcode,daskrank,maskgen,nnmerge,opscfg"
191,16741131,"Adarsh Balanolla","2026-09-30 16:37:31",2391.6,2,adarshreddyb
192,16665224,tyz123456,"2026-09-30 18:17:50",2390.9,2,tyz123456
193,16819030,sunyuxiang136,"2026-09-29 12:01:23",2388.5,2,"hqy0619,orangetailfish,sunyuxiang136,tshen12"
194,16743356,"Azat Akhtyamov","2026-09-30 23:09:28",2388.4,2,azakhtyamov
195,16857621,"stack overflow","2026-09-30 14:07:38",2388.3,2,"cudastack,dlbyte,dsbeta"
196,16664246,"Sida Zuo","2026-09-27 23:49:18",2387.8,2,sidazuo
197,16943306,liminhai,"2026-09-27 01:10:11",2387.1,2,"hungry1728,liminhai,mars086,yeukwanvickyli,yuchuanzhang1202"
198,16920167,AI+Agriculture,"2026-09-30 13:34:44",2387.0,2,"alexanderzhiyuanliu,duyutong6,jackdeng123,lgz666"
199,16894437,hondana29,"2026-09-30 23:04:30",2384.9,2,tanadaaa
200,16623637,kuro0315,"2026-09-30 07:38:46",2384.4,2,skuro0315
201,16945263,liyupengli,"2026-09-26 23:59:24",2383.3,2,"easonrao,huhuown,liyupengli,mikesun20110408"
202,16633100,"Emile Andrieu","2026-09-30 22:10:22",2382.2,2,emileandrieu
203,16904592,RLMAX,"2026-09-30 13:29:23",2377.6,2,"haoyangdaviddong,mingsiguo,risottoolive,yuanqinyi"
204,16805882,nmdcddwzml,"2026-09-30 00:00:36",2376.0,2,mujian63
205,16806938,boominginging,"2026-09-26 13:00:54",2370.0,2,"aviator22,boominginging,caiwenjie123,mikeintokyo"
206,16856022,"fasith 007","2026-09-27 12:52:47",2369.7,2,fasith007
207,16658349,lingxiaojun,"2026-09-29 03:07:22",2367.4,2,lingxiaojun
208,16685634,"Syed Asad Ali","2026-09-30 22:58:12",2365.5,2,syed3000
209,16857762,Fablers,"2026-09-30 13:57:06",2365.2,2,"cvcost,fluxdev,lossvis,zetaex"
210,16723955,chunsuri,"2026-09-30 10:45:14",2365.0,2,chunsuri
211,16701074,"One Policy to Rule Them All","2026-09-29 20:47:42",2363.9,2,qujiahui
212,16857488,BC+,"2026-09-30 14:04:21",2360.5,2,"lachesism,neoist,wangtianyi8,zhihaoweng"
213,16705417,fuxi,"2026-09-23 13:20:03",2358.0,2,"padyue,pytorch5009asd"
214,16701768,darasty,"2026-09-30 22:49:11",2354.9,2,darasty
215,16685743,"Alex Oranov","2026-09-30 11:06:31",2354.7,2,aoranov
216,16652446,"tine.sh agent","2026-09-30 00:17:58",2354.6,2,sidcodegg
217,16811251,poijio,"2026-09-30 17:46:07",2354.3,2,poijio
218,16854059,"Gökmen KÜÇÜKAYDIN","2026-09-30 18:09:42",2354.0,2,gkmenkkaydin
219,16882725,Ebi,"2026-09-29 21:07:49",2353.6,2,ebinan92
220,16929873,offhand,"2026-09-30 04:41:44",2353.5,2,offhand
221,16867601,tadashikato,"2026-09-30 19:06:29",2353.4,2,tadashikato
222,16905643,yngd99,"2026-09-30 12:53:50",2352.5,2,yngd99
223,16719758,pangzi233,"2026-09-30 16:11:19",2348.3,2,pangzi233
224,16820794,"Yuxuan Ba","2026-09-26 03:37:23",2347.6,2,"cynthiaaaaa06,hyt9797,lynndai67,yuxuanba"
225,16669269,"yash bhaskar","2026-09-30 11:35:52",2345.0,2,yash9439
226,16884751,"full-auto agent","2026-09-30 13:47:50",2344.4,2,"idcode,pychat,regularl2,tokenrank"
227,16794090,Euphor_M,"2026-09-30 22:51:13",2344.3,2,euphor
228,16657931,t-enstar,"2026-09-30 16:15:51",2342.8,2,tstustatama
229,16730676,ActiveMusyoku,"2026-09-30 11:10:38",2342.5,2,"daiki0381,kohei0okazaki,noriyukimori,ryonatori,seipon"
230,16621515,"Alexander Gremyakov","2026-09-30 21:10:12",2342.4,2,alexandergremyakov
231,16925604,"Fritz Cremer","2026-09-30 14:48:10",2342.3,2,fritzcremer
232,16622198,"THUNDER THUNDER","2026-09-21 07:08:52",2341.9,2,thunderthunder
233,16688787,Fih,"2026-09-30 17:06:08",2341.0,2,vencerlanz09
234,16709236,rick11224,"2026-09-30 21:56:28",2340.6,2,rick11224
235,16945992,wwwwwwwwwwwwwwwwwwwwwwwwwwwwww,"2026-09-30 14:26:46",2338.2,2,wwwwwwwwwwwwwwwwwwww
236,16860907,zzzz,"2026-09-26 06:07:29",2337.8,2,"haojunwei,kuengo,leonstew,ruoguxu"
237,16857685,kaggriwaves,"2026-09-30 14:24:30",2336.2,2,"cliwave,cyberpsi,hyperacc"
238,16625050,"how to place pokemon","2026-09-30 21:46:13",2335.3,2,ktverdov
239,16641536,"Michael Timbs","2026-09-30 12:00:49",2334.3,2,michaeltimbs
240,16832971,"Scott Willis","2026-09-30 21:52:45",2333.4,2,scottgwillis
241,16863512,YumeNeko,"2026-09-30 22:57:59",2327.7,2,kashiwaba
242,16756764,"Alperen Aydın","2026-09-30 15:02:03",2327.7,2,alperen5252525
243,16732857,Rojiomote,"2026-09-30 13:43:22",2324.5,2,rojiomote
244,16748866,masayoshi,"2026-09-30 23:06:29",2321.2,2,masayoshi64
245,16659627,"Lam Dang","2026-09-30 20:09:57",2319.6,2,lamdang
246,16673230,saitamad,"2026-09-30 22:32:43",2318.9,2,saitamad
247,16663626,"yvn kaggriculture","2026-09-29 21:43:10",2318.2,2,"garnikdavtyan,mikayelgr"
248,16872754,kitano0104,"2026-09-30 03:44:09",2315.1,2,"kitano0104,ryyymy"
249,16659679,Civitasmass,"2026-09-30 15:41:48",2311.3,2,godhand
250,16855492,"Matin Urdu","2026-09-30 20:58:51",2308.8,2,"amir314,arianurdu,benediktschink,matinurdu"
251,16930465,"Xuanhao Wang","2026-09-26 10:07:02",2308.6,2,xuanhao666
252,16736874,mhiro2,"2026-09-30 19:25:02",2308.5,2,mhiro2
253,16696703,Farmer,"2026-09-29 14:05:50",2307.3,2,alekseic
254,16763706,断罪の孤高の神・大宇宙草莓覇皇,"2026-09-30 18:55:12",2304.0,2,"lordofichigo,qilejiang76"
255,16689154,CrossEngineered,"2026-09-30 06:17:59",2302.3,2,"danyalsahin1,gkenurk"
256,16751061,L1a0JH,"2026-09-30 15:22:48",2302.3,2,coolkid14122
257,16910633,Shawn404,"2026-09-29 11:24:59",2301.8,2,shawn404
258,16751152,"Andrew Reed","2026-09-30 12:46:23",2300.4,2,andrewreed
259,16785884,TX,"2026-09-30 17:11:29",2298.4,2,realrudraa
260,16732478,Ken_Ken_Pa,"2026-09-30 14:35:12",2298.0,2,kenkenpa
261,16809263,"Bertan Pank","2026-09-30 20:22:55",2295.3,2,bertanpank
262,16626332,"MD. Nazmus Sakib Anik","2026-09-30 17:42:27",2295.2,2,beyondlogic
263,16641710,yjshyfy,"2026-09-30 09:56:50",2294.9,2,yjshyfy
264,16671741,Excluding,"2026-09-30 23:20:29",2292.8,2,excluding
265,16796682,LK30,"2026-09-30 21:14:52",2291.2,2,louisklasing
266,16684954,Rogues,"2026-09-30 21:51:53",2291.0,2,"saikushal185,suneethreddy"
267,16756698,savoelh,"2026-09-30 19:48:19",2287.6,2,savoelh
268,16679245,"Krzysztof Gonia","2026-09-30 22:37:19",2286.1,2,krzysztofgonia
269,16622245,"최 Ch Vlas","2026-09-30 20:51:55",2285.1,2,vlasveles
270,16665237,"Ad Space Available","2026-09-29 16:51:52",2284.9,2,"liyouran0820,rainchen0411,richardsilence,tongyuexiao"
271,16627888,atl132,"2026-09-30 01:04:26",2284.7,2,atl132
272,16663946,"Hello San Francisco","2026-09-30 18:36:05",2282.3,2,"circiumaru,dulgherustefan,radugoga"
273,16654783,quantara.cv,"2026-09-29 23:38:26",2282.0,2,goth55
274,16622898,"sbol ball","2026-09-29 21:23:12",2281.8,2,"linearbasis,maksimkostritsya"
275,16848060,juliencst,"2026-09-30 19:11:59",2278.6,2,juliencst
276,16727266,Agricola,"2026-09-29 21:56:46",2278.2,2,ebisuya
277,16690763,chungkuangwen,"2026-09-27 10:49:12",2277.1,2,chungkuangwen
278,16853849,emreaydin,"2026-09-30 20:57:01",2276.7,2,aydinemre
279,16745959,_demo,"2026-09-30 17:57:49",2276.4,2,fortunaterookie
280,16659286,shane18,"2026-09-29 07:02:03",2275.8,2,shane18
281,16754112,"rhythm master","2026-09-30 14:08:25",2274.4,2,"lukaswong,nairurga,vincent19543,zaynedong"
282,16641138,"Bharath Varma","2026-09-30 15:36:53",2274.0,2,bharath111l
283,16811414,Y-Kitaro,"2026-09-30 13:39:52",2273.7,2,yhataktaro
284,16728076,uuu,"2026-09-30 07:15:18",2270.2,2,vovafinogenov
285,16854842,ijiiok,"2026-09-26 19:44:27",2265.9,2,ijiiok
286,16784829,"Masahiro Yamagata","2026-09-29 18:18:02",2265.5,2,masahiroyamagata
287,16630752,motemen,"2026-09-30 16:20:12",2264.9,2,motemen
288,16669935,"Roman Svet","2026-09-30 20:58:23",2264.5,2,romansvet
289,16693965,ra5anchor,"2026-09-28 17:05:02",2264.2,2,junmitsui
290,16935560,南山3G战神,"2026-09-29 07:11:35",2263.5,2,"dongxinwan,jyo5200,linkenfaqiu8290,vincent8491,wxh20031103"
291,16847543,"Sankalp Wanjari","2026-09-30 20:45:34",2262.9,2,sankalpwanjari25
292,16810299,spencersi123,"2026-09-30 17:19:53",2262.6,2,spencersi123
293,16623378,"nvidia fan","2026-09-30 23:15:27",2262.4,2,outwrest
294,16840509,"Iskander Yusupov","2026-09-30 23:10:01",2261.4,2,iskanderyusupov
295,16653199,Koba,"2026-09-30 21:49:35",2261.2,2,zone0906
296,16760515,"Kazuo Watanabe","2026-09-30 22:30:29",2260.4,2,watanabekazuo
297,16632021,istinetz,"2026-09-30 22:45:58",2259.5,2,istinetz
298,16627751,lzeee,"2026-09-30 20:03:28",2253.6,2,shzgong
299,16809294,Cherie01,"2026-09-30 12:48:56",2252.9,2,cherie01
300,16770229,"shivam kanojia","2026-09-30 23:24:27",2251.9,2,shivamkanojia1
301,16828244,AGSaturn,"2026-09-30 13:42:29",2251.3,2,polyuhst
302,16725899,Zhenghongshuang,"2026-09-30 16:34:14",2250.0,2,zhenghongshuang
303,16742439,"Shangshang Zhang","2026-09-30 17:10:36",2247.9,2,msvzss
304,16730065,Blu3s,"2026-09-29 23:02:22",2247.8,2,"atteincueo,ausrine"
305,16703315,"Ryan Triplett","2026-09-30 20:50:18",2246.4,2,ryantriplett
306,16947214,gogogogogo,"2026-09-30 16:17:40",2245.5,2,"bzttub,hehahakl,michaelyu99,y1jun0000"
307,16889522,"Y & G","2026-09-30 20:42:48",2244.0,2,"gauravnagotanekar,raneyash"
308,16632783,chocolat,"2026-09-30 20:05:00",2242.4,2,chocolatnya999
309,16754552,Touyu,"2026-09-30 19:05:30",2242.0,2,yutoaoki
310,16704466,"QQ Farming","2026-09-30 07:14:35",2241.2,2,"dzjiann,hdhsjdjd,keithtyser,mitubant,ngyzly"
311,16846958,"Constantin Craciun","2026-09-30 09:32:15",2237.9,2,constantincraciun
312,16829239,tomfng,"2026-09-28 13:30:08",2237.5,2,tomfng
313,16684250,"Alexander Sokolov","2026-09-27 06:57:58",2237.2,2,cheeec0
314,16905243,Nyassy,"2026-09-30 23:18:21",2235.8,2,ka4869
315,16674961,"Ilya & Yurnero","2026-09-30 16:29:06",2235.5,2,"samson8,test7845"
316,16784943,"Ian lin","2026-09-30 23:23:43",2234.8,2,ianlin310707
317,16847812,tw1nstar,"2026-09-30 16:49:13",2233.8,2,"candaceward,supermanking,waekeee"
318,16723991,"James Holland","2026-09-30 22:14:15",2232.4,2,jkhollandjr
319,16690805,"Alejandro Ayestaran","2026-09-28 18:18:26",2232.4,2,alejandroayestaran
320,16938955,何时成为宗师,"2026-09-30 15:58:22",2231.5,2,wowandanle
321,16705790,clora,"2026-09-30 15:52:44",2230.4,2,clora16
322,16810104,Mahoraga,"2026-09-30 20:08:23",2230.2,2,hemanthraju311
323,16677342,Fedor,"2026-09-30 11:26:13",2229.3,2,fedorchuprakov
324,16673328,"Preetham Prasanna","2026-09-29 10:20:03",2229.2,2,preethamprasanna
325,16668736,bhundreds,"2026-09-30 22:31:28",2225.0,2,hundreds1103
326,16656452,Kudo,"2026-09-30 22:18:27",2224.3,2,nguyenchicuong
327,16867799,"Chris Deotte","2026-09-28 11:49:26",2224.2,2,cdeotte
328,16807538,Asterope,"2026-09-29 23:25:14",2223.2,2,jianlee0
329,16847578,"Tim Chernov","2026-09-29 21:14:10",2223.0,2,saffff
330,16671376,Lebxgue.,"2026-09-30 17:23:31",2222.0,2,yukieja
331,16728492,ほのぼの牧場,"2026-09-30 00:01:14",2221.1,2,masatoshitaniguchi
332,16945969,"Rushil Desai","2026-09-30 19:39:45",2221.1,2,rushildesai
333,16933749,ctree4113,"2026-09-30 17:49:03",2218.7,2,yitree
334,16700211,miya,"2026-09-30 05:10:44",2218.3,2,miyamuratakeki
335,16748142,"Hikaru Umeda","2026-09-30 22:51:51",2218.0,2,hikarumeda1030
336,16633790,curiosity,"2026-09-30 18:50:18",2215.5,2,chmffwn1
337,16731275,carbonapi,"2026-09-30 04:52:09",2211.0,2,nonempty
338,16685047,Yvonne.,"2026-09-30 13:57:43",2210.2,2,zdawer250
339,16630729,"american gothic","2026-09-30 22:49:02",2210.1,2,grennwolf
340,16850509,LS,"2026-09-28 20:56:49",2208.9,2,shannanl
341,16859963,Liuzonglin,"2026-09-30 16:05:51",2207.8,2,linxii012
342,16917382,"Anand Singh","2026-09-28 13:56:26",2207.8,2,anandsingh8687
343,16889691,"Evil Mango","2026-09-24 19:57:10",2206.9,2,"theevilpiggie,yangbai2026"
344,16706321,lumen,"2026-09-30 14:21:32",2206.6,2,lumenyuto
345,16634537,"How to Make Bread from N2","2026-09-30 07:41:04",2204.8,2,yuki11ii
346,16748154,taiseiu,"2026-09-30 11:37:44",2203.3,2,taiseiu
347,16903770,UYHHHHYu,"2026-09-30 19:17:02",2202.7,2,yhhhhyu
348,16632224,"Millia il Velch Cutrettola","2026-09-30 07:36:25",2201.9,2,yamakawanin
349,16942378,"Cheese Burgers","2026-09-30 17:43:13",2198.2,2,"gaippi,mrkoolguy"
350,16671361,"Hangyu Yu","2026-09-30 18:09:36",2198.0,2,"cqupthangyuyu,leoethan,wxgisspider"
351,16740419,IamDiganta.7,"2026-09-30 10:35:23",2196.7,2,iamdiganta7
352,16805704,ShuHaya,"2026-09-30 22:28:13",2196.1,2,yfqqq088
353,16651806,shawnYiB,"2026-09-30 12:56:36",2195.7,2,"mike17cui,shawnyib"
354,16656496,"Vaibhav Gupta","2026-09-27 15:46:58",2195.5,2,vaihero
355,16806023,"Eesh saxena","2026-09-30 21:56:07",2193.5,2,eeshsaxena
356,16712189,"Kostiantyn Isaienkov","2026-09-30 21:15:28",2190.5,2,isaienkov
357,16890510,"Ivan Vybornov","2026-09-30 22:27:37",2189.7,2,ivanvybornov
358,16656500,奶龙宝宝爱种田吖,"2026-09-30 06:29:05",2189.4,2,"a982295350,bertmacutata,blencanierice,dangzhiyuan,imoxzm"
359,16918263,Ascent,"2026-09-30 20:41:02",2188.8,2,ishaangangwani
360,16623990,senkin13,"2026-09-30 07:02:31",2188.1,2,senkin13
361,16641130,LitvinKA,"2026-09-30 09:49:39",2187.8,2,litvinka
362,16651332,"Le Viet","2026-09-30 06:57:58",2187.0,2,sleepyssr
363,16908263,Paing,"2026-09-30 03:13:30",2187.0,2,painghtetsw
364,16675486,"SALAH ELDIN ELNABARAWY","2026-09-30 17:06:32",2186.2,2,salaheldinelnabarawy
365,16845367,kyy666,"2026-09-30 22:04:23",2185.3,2,"kyy666,robertmcwang"
366,16806556,KyryloBakumenko,"2026-09-30 08:15:39",2184.2,2,kyrylobakumenko
367,16798172,"Dmytro Maliarenko","2026-09-30 07:16:24",2184.1,2,arxitekton
368,16783642,base_camp_2002,"2026-09-30 13:07:14",2184.0,2,basecamp2002
369,16623440,"JB Bryant","2026-09-30 16:30:18",2181.1,2,jbbryant
370,16857505,"joy of harvest","2026-09-30 13:49:13",2179.2,2,"dllogic,hanleileo,lawjkj,mragentrrr"
371,16711376,"Arman Tuganbaev","2026-09-29 14:19:22",2178.8,2,armantuganbaev
372,16685763,"koren sabag","2026-09-29 23:40:39",2178.2,2,korensabag
373,16661118,"Sirui Zeng","2026-09-30 17:03:39",2177.2,2,siruizeng
374,16855857,tchufers,"2026-09-25 19:41:27",2177.1,2,viniciusraupp
375,16638909,mbscgi,"2026-09-28 01:24:14",2175.2,2,mbscgi
376,16633552,Unkn0wn,"2026-09-30 22:08:09",2174.4,2,"harnadshilpa,nagendraadisesha"
377,16640807,TS,"2026-09-30 17:07:31",2174.3,2,"macomacoo,milkcoffeen,takumi0220"
378,16622330,"hiroshi murakami","2026-09-30 21:25:01",2173.8,2,zabojeb
379,16715235,l1aF,"2026-09-30 16:22:51",2172.6,2,hhhoang
380,16908623,42,"2026-09-30 16:41:08",2169.3,2,"ffy208,kefeiyan,yirenw11"
381,16762769,"Jacques Buis","2026-09-30 19:50:24",2169.0,2,jacquesbuis
382,16916142,aryandongare27,"2026-09-30 18:45:32",2165.1,2,aryandongare27
383,16735744,老乡,"2026-09-29 23:59:09",2163.2,2,"hboyang,junjiezhou5100"
384,16705390,"Subramanya N","2026-09-30 21:56:19",2163.0,2,subramanya1997
385,16749079,mraz1006,"2026-09-30 22:22:23",2162.9,2,mraz1006
386,16622454,automatylicza,"2026-09-30 00:01:55",2162.7,2,automatylicza
387,16709127,IsaiahP,"2026-09-30 22:21:19",2162.0,2,pressman1
388,16798694,"PostgreSQL DBA","2026-09-30 14:03:18",2160.8,2,nintendojoa
389,16725564,NoPlanB,"2026-09-29 17:40:44",2160.1,2,kduncanrobertson
390,16749342,crasal,"2026-09-30 13:16:48",2159.9,2,crasal
391,16640048,"extra eclaire","2026-09-30 11:53:00",2159.8,2,"aeniminu,extraeclaire"
392,16946062,Dlyra,"2026-09-28 20:05:31",2159.7,2,tyronnaidoo
393,16923122,RangerSnow,"2026-09-30 15:01:07",2159.1,2,rangersnow
394,16833141,yomogii,"2026-09-30 14:25:07",2158.6,2,yomogii
395,16842194,threnox,"2026-09-29 16:16:29",2155.7,2,threnox
396,16658732,Olympus,"2026-09-30 14:19:39",2153.6,2,"jiseungwoo,peppersaltman"
397,16665402,PrasadChopade213,"2026-09-30 20:23:12",2153.2,2,prasadchopade213
398,16940889,Yoshiki_Nakamura,"2026-09-30 22:27:45",2152.0,2,yakizakana629
399,16635108,"cabbage corp","2026-09-30 17:54:39",2148.3,2,"kagglercs,phoenix0501"
400,16735628,RB25det,"2026-09-30 14:58:02",2148.0,2,"perrodawn,rb25det,shinzotakayama,toranosukenoda"
401,16856988,"power spy","2026-09-30 22:38:35",2147.0,2,powerrspyy
402,16644724,"Kaggriculture Agent","2026-09-30 23:00:18",2145.6,2,"jiweiliu,tonylica,yiheng"
403,16837491,takaito,"2026-09-30 15:37:12",2145.6,2,takaito
404,16810078,Sam-wiz,"2026-09-30 14:05:39",2145.2,2,samwiz
405,16752740,BorisV,"2026-09-30 13:52:19",2145.2,2,bvoskresenskii
406,16726915,"인공저능연구소( Artificial Idiocy Lab )","2026-09-30 13:14:35",2145.0,2,megayak
407,16679098,"KIRTAN RUPESHBHAI BHOJANI","2026-09-30 21:55:06",2145.0,2,kitran17
408,16832209,enduejdu,"2026-09-30 18:05:35",2142.7,2,"cliff376,enduejdu,vvennie,yuwenyue"
409,16949818,MachineLearner,"2026-09-30 17:41:53",2142.4,2,anesabbad
410,16870342,"CHEN Xiang","2026-09-30 20:32:21",2142.3,2,intoxicatinglips
411,16685548,"Erfan Eshratifar","2026-09-30 19:59:43",2140.7,2,erfaneshrati
412,16652175,"Lucas Boesen","2026-09-30 22:17:38",2140.4,2,lucasboesen
413,16669123,"Alex #2","2026-09-30 14:07:49",2140.3,2,alxdfy
414,16743836,"Auto Fermers","2026-09-30 22:50:52",2140.1,2,"arsgorynich,artemboltaev,dmitriigluzdov"
415,16730076,SJY321,"2026-09-30 13:25:05",2139.9,2,sjy321
416,16681893,morality0707,"2026-09-30 21:02:10",2138.3,2,morality0707
417,16762735,"Zenith Ye","2026-09-30 01:42:05",2138.3,2,zenithye
418,16822602,haru0707,"2026-09-29 15:27:16",2138.0,2,"haru0707,kiduna"
419,16867734,SH11235,"2026-09-30 21:16:59",2137.3,2,sh11235
420,16732210,tanadai,"2026-09-30 11:15:46",2135.8,2,da0516
421,16846677,涵哥,"2026-09-30 08:01:01",2135.5,2,jinfanhahaha1
422,16687649,track,"2026-09-30 20:28:30",2135.0,2,"a2nt1as2n,ahmedberatozer,omerlleez"
423,16891965,artem3605,"2026-09-30 11:16:20",2134.8,2,artem3605
424,16682494,Phi,"2026-09-30 13:02:46",2134.2,2,ajinomoto132
425,16924283,"Hello kaggle","2026-09-30 10:31:42",2130.3,2,gehaohua
426,16847189,"porosyonok Beib","2026-09-30 23:19:24",2127.8,2,rocinantt
427,16690353,b13902103_yuhung94,"2026-09-22 02:00:14",2125.7,2,yuhung94
428,16637987,Xander,"2026-09-30 14:10:06",2122.2,2,"badboiriri,canqiang,xiuyang88"
429,16637546,Forrest,"2026-09-30 15:52:20",2122.1,2,yinxiaogang
430,16716558,"Evan Tobias","2026-09-29 20:22:40",2121.9,2,evantobias
431,16839983,hana87hana,"2026-09-30 07:49:23",2120.5,2,hana87hana
432,16799428,hatata,"2026-09-30 07:02:44",2120.2,2,hatata3737
433,16867277,"Aura Farmer","2026-09-26 18:27:29",2118.9,2,oriolhinojocomellas
434,16711317,"yf D","2026-09-30 02:26:23",2117.6,2,dengvitruviano
435,16918460,cotton0025,"2026-09-29 10:00:14",2116.8,2,cotton0025
436,16653044,"Claudex - An","2026-09-30 09:30:07",2116.7,2,"binhdth,buphmquc,hainguyenthien,pntan17"
437,16860784,xxxx0314,"2026-09-30 17:39:30",2116.2,2,"kirklandsan,xxxx0314,yunfeiyang223"
438,16839458,"Agent 0","2026-09-30 22:59:02",2115.6,2,agent0
439,16663649,"Akhil Chinta","2026-09-30 19:14:45",2115.5,2,akhilchinta1505
440,16801351,デワンシュ,"2026-09-30 14:00:26",2115.1,2,shade012
441,16641171,"Sadettin Şamil Verdil","2026-09-28 13:59:38",2114.6,2,sadettinamilverdil
442,16735094,RngRng,"2026-09-29 17:25:50",2114.3,2,rngrng
443,16718138,Haalandspring,"2026-09-30 18:22:43",2113.7,2,haalandspring
444,16655129,"Morylov Yehor","2026-09-30 00:26:02",2111.9,2,morylov
445,16804768,Chaos,"2026-09-30 09:42:01",2111.3,2,hcfighting
446,16843082,"Mohmed Hafez","2026-09-30 10:51:56",2111.2,2,mohmedatya
447,16904028,BraydenPikachu,"2026-09-29 06:08:31",2110.3,2,braydenpikachu
448,16722500,"Mike Murunov","2026-09-30 17:57:00",2108.7,2,mikhailmurunov
449,16892288,"Omar Althobaiti","2026-09-30 19:27:00",2108.5,2,omarahmedalthbite
450,16728910,Thai,"2026-09-27 08:28:29",2107.8,2,hnthai
451,16822071,"aisormo P.H","2026-09-30 15:28:26",2106.9,2,aisormoph
452,16914530,ZKH-Harness,"2026-09-30 13:58:29",2106.2,2,"hanyazhang,kanny912,zhaoruichen"
453,16941020,"Artur Markosyan","2026-09-30 13:07:34",2105.7,2,arturmarkosyan2
454,16758556,bpbpbpbpb,"2026-09-30 22:21:29",2105.4,2,bpbpbpbpb
455,16853805,yefenfei,"2026-09-30 16:52:22",2104.1,2,"stargazer7c,yefenfei,yuchenzhanlulu,zhengweibin1026"
456,16910680,colum2131,"2026-09-30 08:25:42",2104.1,2,columbia2131
457,16732507,怒破餓鬼,"2026-09-30 19:17:19",2103.9,2,"alcoholcat,makishis,ryutokeshi,yuinokogawa"
458,16622338,github/shepsci/kaggle-skill,"2026-09-30 06:21:48",2103.8,2,shepscientific
459,16633688,Ryo,"2026-09-30 18:22:28",2103.7,2,ryosukekurakami
460,16925409,Silver,"2026-09-30 15:52:04",2102.9,2,gshy2028
461,16740996,ikevayansky,"2026-09-30 20:00:40",2102.6,2,ikevayansky
462,16841940,"Hakkı Besim Bardakçı","2026-09-25 13:53:39",2102.6,2,xdebron
463,16938244,"Yeashu Semwal","2026-09-30 23:21:14",2102.2,2,yeashusemwal
464,16730719,Xiaowenhao404,"2026-09-30 23:15:10",2101.6,2,xiaowenhao404
465,16736427,KouFu,"2026-09-29 16:39:31",2101.6,2,kouheif
466,16870986,Taeyang,"2026-09-30 21:55:21",2101.5,2,"lucas040,taeyangg4,xox787,yw8837"
467,16768385,neibyr,"2026-09-30 19:22:29",2101.3,2,neibyr
468,16823467,"Riki Uchida","2026-09-30 12:31:37",2101.1,2,rikiuchida
469,16878458,"Sho Saga","2026-09-25 00:13:47",2100.2,2,shosaga
470,16700204,"ZHOU HONGYI","2026-09-30 15:59:46",2100.1,2,zhouhyz
471,16923256,Rio,"2026-09-30 13:04:12",2099.9,2,ryosukehada
472,16764499,"Edwards Neuron","2026-09-30 17:44:16",2099.9,2,edwardsneuron
473,16919131,"Argyris Anastopoulos","2026-09-30 10:34:56",2097.8,2,argyrisanastopoulos
474,16791828,Ling,"2026-09-30 15:09:20",2096.0,2,lingbia
475,16724366,"YASH JAIN","2026-09-30 22:17:20",2096.0,2,yashjain911
476,16798602,uns.t,"2026-09-30 12:36:30",2095.7,2,franksunp
477,16861302,YieldCurve,"2026-09-30 15:12:38",2094.9,2,"gendaijin,haruna015"
478,16709905,Rospel,"2026-09-30 03:12:39",2093.1,2,rospel
479,16795448,ultimatum_game,"2026-09-30 22:25:08",2092.6,2,"ultimatumgame,walrushero"
480,16861278,"Michael Pershin","2026-09-30 22:49:32",2089.1,2,michaelpershin
481,16663818,"Mike Mordetsky","2026-09-30 21:03:48",2088.4,2,mikemordetsky
482,16693215,"Izzoudine Mohamed KANTA","2026-09-28 04:49:33",2088.4,2,izzoudeenkanta
483,16743656,Deskbo,"2026-09-30 14:59:26",2087.7,2,deskbo
484,16762019,mqjx,"2026-09-30 22:33:48",2087.7,2,"jifengjianhao666,mqingcs"
485,16838538,"rz cao","2026-09-30 23:20:49",2087.5,2,"caoruizhe,luckybara"
486,16762208,CrazyML,"2026-09-30 18:02:03",2087.1,2,"janhvikhattri,sorcererbi,vedanshipathak"
487,16811313,Ta_____ko,"2026-09-30 14:16:25",2086.3,2,tako1249
488,16658185,"Juwon Kweon","2026-09-30 19:18:02",2083.9,2,juwonkwon
489,16861885,"Олег Бабков","2026-09-30 05:07:19",2083.1,2,jabberwock78
490,16796370,Z-A,"2026-09-28 15:07:02",2081.7,2,"dfgtde,yuyizhu"
491,16839986,"XIAO MA","2026-09-30 21:10:12",2079.4,2,linusm020311
492,16939190,Ichika,"2026-09-30 13:23:30",2077.5,2,natsue
493,16679812,"Xiang Li","2026-09-30 15:39:53",2076.3,2,xianglipee
494,16705499,byncpy,"2026-09-30 22:35:48",2075.3,2,jinliangbi
495,16731776,ASH,"2026-09-30 21:06:35",2075.0,2,pentannnn
496,16701258,ln,"2026-09-30 19:18:16",2074.7,2,"flentz,nazarov"
497,16624934,"Haramball forever!","2026-09-30 17:35:32",2073.5,2,envyy23120093
498,16701779,"Chaoqi Luo","2026-09-30 09:31:31",2073.5,2,chaoqiluo7
499,16891703,"Rasmus Hulthe","2026-09-30 20:26:19",2072.1,2,zazmuz
500,16933535,Binbin022,"2026-09-30 23:17:17",2071.3,2,binbin022
501,16654091,webmaking,"2026-09-30 17:04:12",2071.3,2,webmaking
502,16692923,"Pavel Kazlou","2026-09-30 17:31:43",2071.2,2,paulik
503,16732496,kanno,"2026-09-30 07:53:05",2070.5,2,kannomasaki
504,16752250,"Takahiro Katsumata (tkatsuma)","2026-09-30 23:07:46",2069.8,2,alextfkd
505,16931354,snappi,"2026-09-30 21:32:06",2069.5,2,snappi
506,16743392,tellurium_rrr,"2026-09-30 14:24:03",2068.8,2,telluriumrrr
507,16621163,john,"2026-09-30 16:44:43",2067.8,2,jaejohn
508,16743240,yoshino,"2026-09-30 14:28:33",2066.8,2,shirayukiaya
509,16729413,KharinTymofii,"2026-09-30 17:35:09",2065.9,2,kharintymofii
510,16674881,"Saisree Dhanasekaran","2026-09-30 22:12:33",2065.8,2,saisreedhanasekaran
511,16742139,ALLAI,"2026-09-30 17:40:14",2063.9,2,glorysing
512,16710464,ns0329,"2026-09-30 16:58:15",2061.5,2,ns0329
513,16932366,"Mehrdad Naderi","2026-09-29 15:01:12",2061.2,2,mehrdadnaderi
514,16644882,"SAMOILOV MIKHAIL","2026-09-30 20:36:41",2060.7,2,samoilovmikhail
515,16638651,Emre,"2026-09-29 19:24:06",2060.6,2,emre690
516,16799934,auhulu,"2026-09-30 20:03:29",2060.5,2,auhulu
517,16769491,"Ivan Ternovskiy","2026-09-30 14:47:13",2060.0,2,aristophanivan
518,16782193,nal_nh906,"2026-09-30 14:23:40",2059.5,2,hhan09
519,16709809,RiyaSoni20,"2026-09-30 03:27:35",2059.2,2,"riyasoni20,rudraamin06"
520,16784217,MMN0222,"2026-09-30 05:47:59",2058.3,2,mmn0222
521,16769990,delai50,"2026-09-30 08:57:04",2057.7,2,delai50
522,16696304,"Utkarsh #2","2026-09-26 07:05:14",2057.4,2,n0va007
523,16684202,Ignat,"2026-09-30 16:02:33",2055.6,2,ignatgotin
524,16638918,"Nawap Bastola","2026-09-30 07:37:01",2055.0,2,nawapbastola
525,16734667,sadanamaru,"2026-09-29 11:31:49",2054.5,2,sadanamaru
526,16839389,lizs,"2026-09-30 20:56:13",2054.4,2,chiila
527,16705830,"Grim Reaper","2026-09-30 22:35:35",2054.0,2,fathomable
528,16662883,OceanMix,"2026-09-30 23:07:11",2054.0,2,"cggonzalezsc,fierus,liesvyvalladares"
529,16696607,"Manish modak","2026-09-30 01:59:45",2052.3,2,manishmodak
530,16762302,别ban我claude,"2026-09-30 20:52:36",2051.3,2,oxfffs
531,16634246,just_calculate,"2026-09-30 05:29:04",2049.7,2,justcalculate
532,16654589,"Rishant Sharma","2026-09-27 17:20:16",2049.6,2,trishtan99
533,16640683,Jason-Oh,"2026-09-30 14:20:51",2048.9,2,dossantoss
534,16623877,Chikuwabu,"2026-09-30 23:08:49",2048.8,2,prgckwb
535,16759037,Yuyannnn,"2026-09-30 11:22:27",2048.7,2,yuyannnn
536,16683755,"Meng Di","2026-09-30 02:19:29",2048.2,2,hughshaoqz
537,16892537,"Petr 🐖 the 🚜pig","2026-09-30 18:49:07",2047.7,2,artemkhakimov
538,16789745,LoveLetter,"2026-09-30 19:33:45",2047.4,2,arthasmenethil
539,16923064,ryomac1,"2026-09-30 14:50:39",2047.2,2,ry1729
540,16898651,Kitsune0o,"2026-09-30 17:39:15",2047.1,2,theodaimones888
541,16889224,"Ishan Karnick","2026-09-30 17:52:15",2046.1,2,"ishankarnick,trinitynusca31"
542,16623458,datnt114,"2026-09-30 17:32:08",2045.5,2,kingkong153
543,16632245,u,"2026-09-30 22:18:56",2045.4,2,"apostoloskontarinis,curbotron13,halzweiman,josephmcgonaglebrown,shreyanshpoddar"
544,16744573,"Oleksandr Kovalchuk","2026-09-30 21:45:29",2044.7,2,oleksandrkovalchuk
545,16829053,BigAngel,"2026-09-29 07:47:49",2044.2,2,kevin8093
546,16765233,Shun,"2026-09-30 22:27:57",2044.2,2,shunchan0677
547,16930535,wind,"2026-09-30 20:47:58",2043.3,2,"sfkmzy,windbyluck"
548,16658700,"szlachetny snieg","2026-09-30 22:10:21",2042.7,2,takayukiimoto
549,16717787,Bull,"2026-09-30 15:45:18",2042.3,2,welshonionman
550,16721384,Hackoholics,"2026-09-30 22:49:53",2041.9,2,"limyenhui,richierx"
551,16933836,arumajiro,"2026-09-30 21:30:14",2041.4,2,excellentarumajiro
552,16677810,"Maksim Borisov","2026-09-30 19:31:40",2041.3,2,ma4ypic4y
553,16772204,"Hamam Ahmed","2026-09-30 19:40:00",2041.3,2,hamamelsanousi
554,16763274,vinceybb,"2026-09-30 16:05:18",2040.4,2,vinceybb
555,16769059,Gabriel,"2026-09-30 23:07:01",2038.9,2,"shawsebastian,tvtdddd"
556,16621153,"Addison Howard (ineligible)","2026-09-30 21:08:22",2038.5,2,addisonhoward
557,16931056,zhangsan1224789,"2026-09-30 17:21:27",2038.3,2,zhangsan1224789
558,16805171,Mario,"2026-09-30 06:45:41",2037.9,2,mwalkiew
559,16699722,Dicere,"2026-09-30 21:54:36",2037.2,2,thedark735
560,16702590,Aashka,"2026-09-30 15:17:28",2037.2,2,aashka
561,16635663,"Pascal Pfeiffer","2026-09-30 20:25:21",2036.6,2,ilu000
562,16835029,"Generated by Doubao","2026-09-30 03:14:36",2035.0,2,"gutssss,hangzheng1,ppsshh123"
563,16639705,"Yuta Tomimasu","2026-09-30 09:11:27",2034.3,2,yutatomimasu
564,16630779,Jimmer,"2026-09-30 20:35:29",2034.2,2,przemysawonr
565,16860129,sonny_01,"2026-09-30 21:54:08",2034.1,2,sonnymupfuni01
566,16848956,"HadBoumoussa's Farm 🌾","2026-09-30 19:49:21",2033.5,2,hkassimi
567,16793535,Pink,"2026-09-30 18:22:57",2032.6,2,farjanaafrinswarna
568,16655383,MtN,"2026-09-28 19:24:36",2032.3,2,mariotrsn
569,16731415,BOB,"2026-09-30 15:59:46",2032.0,2,hotpotbro
570,16751820,yy,"2026-09-29 00:49:57",2031.6,2,hirokiyamazaki
571,16678521,"techno coven","2026-09-30 19:44:17",2030.7,2,"blancaplanca,nevolinaa"
572,16899084,"Asan Ashirov","2026-09-30 18:42:37",2030.6,2,asanashirov
573,16754670,Th3o_P,"2026-09-30 13:04:45",2029.2,2,xiaokunxia
574,16866579,"Fighting Gold","2026-09-30 14:15:24",2028.5,2,sawada
575,16633179,infamemconculcemus,"2026-09-30 12:33:38",2028.4,2,jcgweb
576,16876126,1fan,"2026-09-30 14:49:03",2028.0,2,wurrfv
577,16917715,BIGWin,"2026-09-30 07:04:57",2027.1,2,"jackerdu,pinjiewang,sunjiadong12,sunruiwang"
578,16655114,"Hippo Farming Ltd.","2026-09-30 23:22:32",2026.6,2,felixmneumann
579,16867120,"DaoHe Liu","2026-09-30 16:25:01",2026.4,2,daoheliu
580,16745006,UjjwalPardeshi,"2026-09-30 18:31:42",2025.5,2,ujjwalpardeshi
581,16756411,"Maximo Uribarri","2026-09-30 19:45:18",2025.2,2,maximouribarri
582,16634704,M.,"2026-09-30 16:58:14",2025.0,2,mahamhc
583,16859815,alcanta,"2026-09-30 18:42:10",2024.5,2,ccotiuga
584,16677938,"Hajime Tamura","2026-09-30 23:12:36",2024.4,2,thajime
585,16741178,guruguru000,"2026-09-30 23:19:35",2023.7,2,guruguru000
586,16840466,Bomieee,"2026-09-30 16:03:37",2022.7,2,bomieee
587,16861198,Eggplanck,"2026-09-30 19:42:15",2022.1,2,gyozzza
588,16662041,"Sarah Ng","2026-09-30 16:12:28",2021.8,2,thunguyen1510
589,16947863,"Minato Namikaze","2026-09-30 10:12:57",2021.6,2,arunklenin
590,16664132,kojingbo,"2026-09-30 20:07:42",2021.0,2,kojingbo
591,16743342,"Артём Свинобоев","2026-09-29 06:51:07",2019.1,3,ssstelmah
592,16796241,"pavan rajr","2026-09-30 18:42:16",2018.6,2,pavanrajr
593,16843436,ktaery,"2026-09-30 06:45:28",2018.4,2,ktaery
594,16860293,kobq,"2026-09-30 15:30:39",2018.3,2,kooobq
595,16887107,"Crazy Spirits","2026-09-30 08:24:32",2018.1,2,latents
596,16794542,ysd1110,"2026-09-30 19:29:33",2017.7,2,ysd1110
597,16809874,抹茶屋,"2026-09-30 16:59:58",2017.7,2,havenox
598,16806141,rode1234,"2026-09-30 00:04:30",2017.4,2,rode1234
599,16822519,Lunospital,"2026-09-30 04:13:23",2017.2,2,lunospital
600,16696231,"Oleg Smirnov","2026-09-28 17:05:01",2016.9,2,smirnolegov
601,16884244,UCAS_fish_wang,"2026-09-30 10:03:21",2016.3,2,yiliu15
602,16774701,@Suzumaru_1666,"2026-09-30 07:23:53",2016.0,2,suzumaru1666
603,16922434,Raduansm,"2026-09-30 11:49:25",2015.8,2,raduansm
604,16752019,"Kaipeng Zheng","2026-09-30 21:59:53",2015.2,2,kaipengzheng
605,16639871,"Aura Farming","2026-09-30 19:12:21",2014.8,2,"aghbalouanass,gauthieravite"
606,16699165,lime0001,"2026-09-30 12:52:23",2013.6,2,lime0001
607,16633341,Hak,"2026-09-30 19:16:09",2012.9,2,hakdevelopment
608,16671588,"Keisuke & rererenore & Kifine","2026-09-30 16:40:12",2012.8,2,"keisukeueda,liaoyingxi,rererenore"
609,16675708,"Mahder Tesfaye Abebe","2026-09-30 21:01:21",2012.7,2,mahdertesfayeabebe
610,16888885,"Rômulo Drumond","2026-09-30 20:17:55",2012.4,2,romulodrumond
611,16623980,Nikita,"2026-09-30 14:37:12",2012.0,2,ivanovnikitawork
612,16786382,hylexi,"2026-09-30 07:42:13",2011.9,2,hylexi
613,16927774,shuto,"2026-09-30 19:59:44",2010.8,2,shutohorie
614,16942819,Mositaku,"2026-09-30 16:48:11",2010.6,2,versavice
615,16631115,prvsiyan,"2026-09-30 20:24:45",2009.6,2,prvsiyan
616,16898165,"Mahmoud Nasser","2026-09-30 22:21:45",2008.8,2,lomnafsk
617,16811036,"farmin time","2026-09-29 17:32:55",2008.4,2,jaydenszeto123
618,16781166,Ant,"2026-09-30 22:30:52",2007.6,2,anthonytrevino
619,16755650,"kazuki morikawa","2026-09-30 20:13:23",2007.0,2,kazukimorikawa
620,16673109,"Surya Bhattiprol","2026-09-30 15:51:25",2005.5,2,suryabhattiprol01
621,16730357,"My second life","2026-09-30 22:59:18",2005.3,2,"giovannibaldon,jjinho,pavelsavchenkov,ttyn4519"
622,16805918,"kaito ide 31","2026-09-30 14:25:44",2005.0,2,kaitoide31
623,16936328,JerryChen,"2026-09-30 07:20:54",2004.4,2,horse602
624,16775350,"Sourabh Nirwanevht","2026-09-30 18:04:40",2003.9,2,"sourabhnirwanevht,yanggod"
625,16693904,DeeperNet,"2026-09-30 23:00:29",2002.8,2,"deepernet,kkkggg,xblade"
626,16663403,matthewwh,"2026-09-28 11:11:12",2002.7,2,matthewwh
627,16730881,hank0123,"2026-09-30 19:45:41",2002.4,2,hank0123
628,16623520,asteriam,"2026-09-29 22:03:10",2002.3,2,masatakashiwagi
629,16638887,molspace,"2026-09-30 21:50:56",2001.3,2,nurlybek17
630,16775076,hiros,"2026-09-30 17:19:33",2000.0,2,hiroshige1
631,16795131,XuanxuChem,"2026-09-30 23:09:02",1998.4,2,zhaonoah
632,16738759,YJR,"2026-09-30 20:40:06",1997.8,2,misakamikoto66
633,16666434,"JOSHNA ACSHA S 21CS","2026-09-30 12:21:14",1996.9,2,joshnaacshas21cs
634,16771785,"Mencius silverio MENSAH","2026-09-30 08:18:26",1996.7,2,menciussilverio
635,16938872,ゴロ・イ,"2026-09-28 20:28:45",1996.3,2,gorubachohu
636,16693534,HireMe,"2026-09-30 19:28:02",1995.9,2,junta1104
637,16879127,lihaoruolhr,"2026-09-29 14:50:45",1995.6,2,lihaoruolhr
638,16693050,Shoko,"2026-09-29 21:55:18",1995.5,2,abreyton
639,16653982,"Arul Prasad S P","2026-09-30 12:21:09",1994.8,2,arulprasadsp
640,16657547,"Pranav Thota","2026-09-29 10:30:59",1994.6,2,pranavthota
641,16739925,nofreewill42,"2026-09-30 05:37:46",1994.5,2,nofreewill
642,16885059,"Itikela Bhaskar","2026-09-30 18:03:28",1993.9,2,itikelabhaskar
643,16946558,Kamilek,"2026-09-30 21:45:50",1992.6,2,kamillek
644,16928701,gt50,"2026-09-30 11:08:25",1991.4,2,shawnqjackson
645,16632119,nickyl,"2026-09-29 00:54:55",1990.2,2,nickyjliang
646,16622459,"Munal Singh","2026-09-30 13:01:25",1990.2,2,munalsingh
647,16653303,open5,"2026-09-30 23:24:27",1989.7,2,"chen2yoimiya,huaidezhang,hyt1nn,wahuwahuwahu,zrurfa"
648,16741819,"Paritosh Kumar Tripathi","2026-09-30 17:01:10",1989.5,2,paritoshtripathi5
649,16877834,playboicarti,"2026-09-29 06:45:07",1989.0,2,playb0icarti
650,16865424,"clove instalocker","2026-09-30 15:49:49",1988.0,2,fluorescencexe
651,16677568,yarneo,"2026-09-30 22:18:32",1987.7,2,yarneo
652,16654697,KawattaTaido,"2026-09-30 23:25:15",1986.9,2,kawattataido
653,16773064,Madokami,"2026-09-30 21:50:20",1985.7,2,sonuyadav710
654,16851474,"HY ISHI","2026-09-30 21:07:35",1985.7,2,hyugaishioka
655,16895106,linchuhan,"2026-09-28 04:53:18",1984.5,2,linchuhan
656,16630380,JM,"2026-09-28 14:21:11",1984.4,2,julianmukaj
657,16673870,"Yuxiao Wang","2026-09-30 10:48:36",1984.4,2,yuxiaowangx
658,16750779,"Mao Nishino (mao1756)","2026-09-30 19:55:37",1983.8,2,maonishinomao1756
659,16748462,"Jiwon Lee","2026-09-30 17:39:31",1983.1,2,jibong7600
660,16758982,Boredom,"2026-09-30 16:14:13",1983.0,2,"baodewen,cudacoding,elektromagnetizm,j12345673,mikeyu2026"
661,16794730,Fanch,"2026-09-30 15:23:59",1982.8,2,fanch123
662,16666977,"Tagir Analyzes","2026-09-30 08:43:45",1982.1,2,tagirkhairutdinov
663,16732578,nao.kwmr,"2026-09-30 23:02:48",1981.8,2,naokwmr
664,16642139,"Arnav Goel","2026-09-27 10:44:22",1981.3,2,arnavgoel17
665,16641116,"Варим сельский самогон","2026-09-29 23:50:52",1980.5,2,"andrey4522,asimandia,darksteeldragon,evgeniyveselkov,ispromashka"
666,16763897,BackFiring,"2026-09-29 01:29:35",1979.7,2,backfiring
667,16821542,"Hıdır BozkurtT","2026-09-30 22:01:09",1979.7,2,hdrbozkurtt
668,16899200,MauoXX,"2026-09-30 17:30:22",1979.4,2,mclster
669,16670569,Ezzzzzekki,"2026-09-30 13:58:52",1979.4,2,abdullahelzeki
670,16659295,snaykey,"2026-09-30 23:22:09",1979.4,2,snaykey
671,16876706,"zijun zhang","2026-09-30 22:14:01",1979.3,2,kongmu0503
672,16823116,一路向北,"2026-09-30 21:19:27",1979.2,2,chronoscop
673,16832555,"Yanxi Teng","2026-09-30 09:24:03",1979.1,2,yanxiteng
674,16666442,"SHALWIN SANJU","2026-09-30 12:21:20",1979.1,2,shalwinsanju
675,16738145,綿鍋だよん,"2026-09-30 20:18:01",1978.8,2,potrue
676,16777710,"Clement Lau","2026-09-30 17:35:27",1978.7,2,clementlau
677,16785753,"Mizero Lucky Gall","2026-09-30 07:28:52",1978.4,2,mizeroluckygall
678,16665134,edteoh,"2026-09-30 23:16:24",1978.0,2,edteoh
679,16744133,"levr hang","2026-09-30 15:43:13",1977.8,2,levrhang
680,16700634,"Alperen Söylen","2026-09-29 22:08:55",1977.7,2,alperensylen
681,16777359,"AI Dmitrii","2026-09-30 21:30:17",1977.6,2,dmitriyulybin
682,16653085,"haoran huang430","2026-09-30 19:08:13",1977.3,2,haoranhuang430
683,16736265,"Marko Rupnik","2026-09-30 21:34:42",1976.9,2,markorupnik
684,16663271,"Malyshev Danil","2026-09-30 18:54:46",1976.3,2,"corgisamoyed,malyshevdanil"
685,16830390,"Hajime Kumami","2026-09-30 14:50:09",1975.0,2,hajimekumami
686,16683288,HuaLQin,"2026-09-30 17:36:27",1974.2,2,hualqin
687,16922419,"Md Abu Saif","2026-09-30 20:29:50",1974.0,2,mdabusaif48
688,16784401,east,"2026-09-30 18:16:57",1973.8,2,eastxe
689,16878119,Aryan.Ahl,"2026-09-30 23:04:36",1973.8,2,aryanahl
690,16936172,"полная JEPA","2026-09-30 12:49:25",1973.6,2,levkayumov
691,16696999,"HD h Joratos","2026-09-28 03:42:23",1973.1,2,hdhjoratos
692,16811949,PeterDreamHan,"2026-09-30 17:34:26",1972.6,2,"niuwh1004,peterdreamhan"
693,16674174,"Ramesh Arvind","2026-09-29 07:22:22",1972.2,2,rameshln
694,16896998,YehHua001,"2026-09-29 07:14:47",1971.5,2,yehhua001
695,16761293,cha7ura,"2026-09-30 22:26:11",1971.0,2,cha7ura
696,16633173,"Saulo Quiñones Góngora","2026-09-29 19:42:57",1970.9,2,sauloquionesgngora
697,16747306,"Yasasvi Josyula","2026-09-30 09:21:35",1970.3,2,yasasvijosyula
698,16792568,李秉叡（ntumlnoob）,"2026-09-30 20:54:18",1969.6,2,ntumlnoob
699,16764228,鸭专农场,"2026-09-30 03:41:18",1968.7,2,"huadutry,kaixizha"
700,16683936,Cyrus,"2026-09-30 18:41:14",1968.1,2,jamalsaeedi
701,16756062,"Thomas #2","2026-09-30 18:04:47",1967.8,2,tommurakami
702,16832316,"Tatu Helander","2026-09-30 09:49:32",1967.8,2,tatuhelander
703,16623616,nasubiman,"2026-09-30 22:40:56",1967.8,2,yousukenakamura
704,16847609,"Aura Farmers","2026-09-30 08:08:01",1967.7,2,"adriana0022,ayrnpn,shengkaizhu"
705,16875986,"k hori ","2026-09-30 21:54:09",1966.7,2,khori7
706,16623459,"Peng Wang","2026-09-28 22:34:47",1965.3,2,pengwang91
707,16937431,ekkkcz,"2026-09-30 02:48:29",1965.0,2,ekkkcz
708,16748382,shiiin9,"2026-09-30 23:21:58",1965.0,2,shiiin9
709,16932323,Matt,"2026-09-30 09:06:25",1964.8,2,mclouter
710,16756510,tongmian1314,"2026-09-30 18:08:35",1963.9,2,tongmian1314
711,16921938,"Hikaru Kambe","2026-09-30 03:39:34",1963.5,2,hikarukambe
712,16669911,"Batuhan Ustun","2026-09-30 00:27:29",1963.5,2,batustun
713,16866549,"Roman Nesterov","2026-09-30 19:55:10",1963.3,2,romanest
714,16939679,tokawa2997,"2026-09-30 23:04:31",1961.7,2,tokawa2997
715,16919599,yygg2026,"2026-09-30 10:05:02",1961.6,2,yygg2026
716,16657646,mountainbob,"2026-09-30 17:15:45",1961.6,2,shongpakmanoon
717,16674649,寿!,"2026-09-28 05:54:21",1961.0,2,taka3776toshi
718,16686707,"Sébastien henry","2026-09-28 15:47:00",1960.3,2,sebmontreal
719,16688893,CCG,"2026-09-30 17:24:47",1959.0,2,"hirokenn,nagomenk"
720,16632006,"Adwait Tagalpallewar","2026-09-30 21:21:52",1957.9,2,adwaittagalpallewar
721,16803032,"varshitha kolupuri","2026-09-30 09:37:56",1957.8,2,varshithakolupuri
722,16945684,watanabe_sengyo,"2026-09-30 02:24:13",1957.8,2,watanabesengyo
723,16854935,일필휘지,"2026-09-30 14:50:19",1957.7,2,tenkojun
724,16672136,chupaletas,"2026-09-30 04:51:08",1957.7,2,urvesh
725,16627032,"Kaito Fukami","2026-09-30 16:06:07",1957.5,2,kaitofukami
726,16890669,"Fuchun Wang","2026-09-24 09:10:01",1956.7,2,wangfuchunag
727,16674508,"Giulio Ravasio","2026-09-30 21:24:24",1956.1,2,giuliorav
728,16810111,"Saket Singh","2026-09-28 11:37:20",1956.0,2,saketsingh9728
729,16892357,easygame,"2026-09-30 19:07:09",1955.7,2,"kangqinyao,xinjunc"
730,16944151,kkogai,"2026-09-30 16:52:11",1955.6,2,kkogai
731,16777134,Tom&Jerry,"2026-09-30 15:50:57",1954.8,2,tomjerry101
732,16674831,"nk for work","2026-09-29 23:13:52",1953.9,2,nkforwork
733,16799045,qq牧场,"2026-09-30 17:21:46",1952.7,2,"goodchen145,sir2026,zhaosir2026"
734,16775242,"Timothee Henry","2026-09-30 13:14:58",1952.6,2,timhenry
735,16732696,naniwazu,"2026-09-29 15:25:03",1951.1,2,naniwazu
736,16931054,"Daeyoung Ahn","2026-09-30 16:40:23",1950.9,2,daeyoungahn
737,16755278,Kaz,"2026-09-30 14:33:05",1950.8,2,kazuyago
738,16933848,"Lawrence Katongole","2026-09-29 00:02:25",1950.7,2,lawrencekatongole
739,16729280,"Ryoya Tsuruoka","2026-09-30 23:08:23",1950.7,2,"irohasorange,mrooto,rahaia"
740,16845258,Squirrel,"2026-09-30 19:37:17",1950.4,2,bunnykeeper
741,16696716,MatiasMG,"2026-09-30 15:57:49",1949.7,2,matiasmgonzalez
742,16722487,Zotar,"2026-09-30 17:38:36",1949.6,2,chunhinma
743,16802486,SHICHIES,"2026-09-30 15:21:59",1949.6,2,shichies
744,16647324,GG-bond,"2026-09-30 08:14:20",1948.8,2,wyhwyh123
745,16746395,Levin,"2026-09-30 15:35:44",1948.3,2,"sophiexs,zhengliwen"
746,16698661,"Albert Wang","2026-09-30 21:48:22",1948.0,2,mianwang1024
747,16663247,Ak,"2026-09-29 10:18:24",1947.4,2,abisheksrivastav
748,16863959,686868,"2026-09-30 21:43:36",1946.7,2,thangnm1
749,16778640,Kilupy,"2026-09-30 21:05:25",1946.1,2,kilupy
750,16738408,kujitama,"2026-09-30 10:56:51",1945.6,2,tyamujin
751,16676739,"Jonathan Zheng Jiahao","2026-09-30 03:05:39",1945.1,2,jonathanzhengjiahao
752,16843864,IkeKodd,"2026-09-30 22:54:36",1944.6,2,"ikekodd,pinluk"
753,16623071,"Santiago Maniches","2026-09-30 12:06:58",1944.0,2,santmani
754,16855295,zhudong1949,"2026-09-30 21:36:30",1943.5,2,zhudong1949
755,16852728,"Ryuto Yoda","2026-09-27 14:19:07",1943.3,2,ryutoyoda
756,16757635,"Sridip Basu","2026-09-30 10:56:35",1943.3,2,sridipbasu
757,16773026,アルモンド,"2026-09-30 22:02:08",1943.2,2,almondman0707
758,16851664,koucha,"2026-09-30 14:54:43",1943.1,2,momotakaaoki
759,16621500,"Reinforcement Larping","2026-09-30 13:38:47",1943.1,2,"egortkachenko,timzagrebelny"
760,16698366,Fateyongheng,"2026-09-30 05:25:45",1943.0,2,fateyongheng
761,16790432,"Field General","2026-09-30 13:39:32",1942.4,2,kevinarvai
762,16661050,Master_S1ave,"2026-09-30 22:05:00",1942.3,2,masters1ave
763,16872204,"Nguyễn Trần Thanh Bình","2026-09-30 17:27:25",1942.2,2,nguyntrnthanhbnh
764,16731751,"Nikita Pudovkin","2026-09-30 21:20:18",1942.2,2,nickpudovkin
765,16738852,ZJUwlm,"2026-09-30 15:56:59",1941.8,2,"oonumberone,zjuwlm"
766,16678618,"Manu Nicholas Jacob","2026-09-29 01:04:39",1941.7,2,manunicholasjacob
767,16843755,oguzok,"2026-09-30 17:20:49",1941.5,2,oguzok
768,16678693,"Maher el Ouahabi","2026-09-30 10:14:38",1941.5,2,maherelouahabi
769,16745138,yok,"2026-09-30 17:33:40",1940.8,2,yokoinaba
770,16667774,"Ziad EL ARARI","2026-09-30 21:38:12",1940.6,2,ziadelarari
771,16655682,"Azamat Sadikov","2026-09-30 19:55:58",1940.4,2,azamatsadikov
772,16795844,Azamaro,"2026-09-30 16:08:38",1940.0,2,azamaro
773,16891602,keidroid,"2026-09-30 21:38:22",1939.7,2,keidroid
774,16671515,ziheng,"2026-09-29 15:36:50",1938.3,2,zihengedie
775,16651244,"Knight of Favonius","2026-09-30 22:41:39",1938.2,2,ladyfaye
776,16848396,ColorGram,"2026-09-29 23:27:34",1937.9,2,"colorgram,hagiwarashigechika,himihimi,s1300200"
777,16716533,wiffany,"2026-09-30 16:19:26",1937.4,2,wiffany
778,16778340,NayuNayu,"2026-09-30 15:49:32",1937.2,2,nayunayu1005
779,16847304,"eryue shisi","2026-09-30 21:51:44",1936.5,2,eryueshisi
780,16794167,"Daniel Mineev","2026-09-30 15:27:48",1935.6,2,nilpotent1
781,16657316,只因,"2026-09-30 20:16:43",1934.4,2,"jasonxusk,mingkangyan,no13ody,renmin517"
782,16868759,Pand,"2026-09-30 17:44:23",1934.2,2,pand999
783,16773125,kuroko1t,"2026-09-25 16:49:59",1933.3,2,kuroko1t
784,16885498,farmhouse,"2026-09-30 16:01:10",1933.0,2,tomoyayanagi
785,16704580,"Yunho Hwang","2026-09-30 14:18:57",1932.7,2,yunhohwang
786,16886640,holyholy,"2026-09-30 21:51:20",1932.7,2,holy5contents
787,16848633,umizora,"2026-09-30 21:51:43",1932.7,2,yoiisohira
788,16811948,"xiao xiongwei","2026-09-30 15:48:17",1931.3,2,"huyang111,lixuefeng2336,sherikavotta,xiaofangzhangxfz,xiaoxiongwei"
789,16651157,StupidXie,"2026-09-30 19:07:36",1931.3,2,stupidxie
790,16861768,koala_bear,"2026-09-30 20:08:50",1931.0,2,jpkoalabear
791,16734498,kazuhiro3381,"2026-09-30 21:15:14",1930.9,2,kazuhiro3381
792,16659870,"Tien N.","2026-09-30 17:32:28",1930.8,2,tientrum
793,16944820,Nikouo,"2026-09-30 18:29:48",1930.6,2,nikouo
794,16623678,"Mahog & Gerar","2026-09-30 14:37:37",1930.4,2,"gerardeltoro,mahoganybuttstrings"
795,16770089,ouga,"2026-09-30 14:41:54",1930.3,2,ouga1shizawa
796,16881694,Novardion,"2026-09-30 06:01:34",1929.2,2,novardion
797,16623746,Juyong,"2026-09-30 17:43:32",1929.0,2,kimdoong
798,16783265,"Xiangjiang Zhou","2026-09-30 18:02:18",1928.8,2,"lilysmi,llccqq624,qqqqwqq,xiangjiangzhou"
799,16925277,wanzi,"2026-09-30 05:17:13",1928.6,2,jyw131331
800,16782203,"rui xiong","2026-09-30 14:43:45",1928.4,2,xiongruihumingyu
801,16863350,"Horatio Eversfield","2026-09-30 20:50:30",1928.2,2,horatioeversfield
802,16639550,data_gardening_club,"2026-09-30 00:30:07",1928.1,2,"hideyochiba,mitsuaccessjam"
803,16730577,"Team Rocket’s Orbital Farm","2026-09-30 19:43:18",1927.3,2,koheitsutsumi
804,16806328,"The Fly🪰","2026-09-30 09:12:43",1927.2,2,takamichitoda
805,16892314,"Akshay #3","2026-09-28 00:32:11",1927.2,2,akshay1301
806,16750314,Captainuknow,"2026-09-30 08:14:09",1926.7,2,captainuknow
807,16848479,nilochan,"2026-09-30 12:45:10",1926.2,2,nilochan
808,16634179,daoviet,"2026-09-30 16:07:18",1925.6,2,daoviet
809,16792586,dodoshark,"2026-09-30 16:38:56",1925.1,2,dodoshark
810,16743647,bono,"2026-09-30 23:04:24",1925.0,2,kjoonha
811,16778178,kyosan,"2026-09-29 17:55:19",1921.9,2,"azizbekxasanov,dilyorbek"
812,16843860,LH-and-FPGA,"2026-09-28 23:13:28",1921.5,2,lhandfpga
813,16890988,"Aleksandrov Andrey Alekseevich","2026-09-30 19:30:28",1920.2,2,abbeleve
814,16634426,ertu,"2026-09-30 16:23:58",1919.7,2,ozertuu
815,16762289,NineThree,"2026-09-30 14:26:18",1919.7,2,xiaoazuzong
816,16813655,c_fxy,"2026-09-30 17:26:57",1918.8,2,cfxyai
817,16755911,"Paarth Patel","2026-09-29 07:45:21",1917.9,2,martis10
818,16659081,"JALKARNA GAUTAM","2026-09-30 07:50:30",1917.5,2,jalkarnagautam
819,16695664,Bantam,"2026-09-30 08:36:19",1916.7,2,bantam
820,16884718,"Adele Yang","2026-09-30 22:12:10",1915.0,2,adeleascloud
821,16664640,kaggricodex,"2026-09-29 21:38:42",1914.5,2,underestimated
822,16931893,IUT_BakeNekos【化け猫】,"2026-09-30 20:09:03",1913.7,2,"didhitinahid,farhanishraqq"
823,16626814,"Vu Tran Hoang","2026-09-30 03:28:18",1912.9,2,hoangvux
824,16765668,shun_johnny,"2026-09-30 12:57:53",1912.4,2,shunjohnny
825,16640058,"Justin CH123","2026-09-30 20:40:42",1911.7,2,justinch123
826,16779957,养了一群扫福瑞,"2026-09-29 18:35:46",1911.5,2,whq0q7
827,16677423,songling,"2026-09-30 11:25:11",1911.4,2,"lvbingrong,oralia"
828,16737650,sime_saba,"2026-09-29 04:19:46",1911.3,2,watarukawashima
829,16721980,pend_ts19,"2026-09-30 07:33:39",1910.9,2,pendts19
830,16667872,"Pralay Ghosh","2026-09-30 19:06:17",1910.5,2,pralayghosh83
831,16775125,weimean,"2026-09-29 12:10:40",1909.8,2,gtwm98
832,16899004,Antonoof,"2026-09-30 06:59:32",1909.7,2,antonoof
833,16785483,xiongrui666,"2026-09-30 15:50:59",1909.2,2,xiongrui666
834,16672325,Ispagiytiy,"2026-09-30 22:00:14",1908.0,2,ispagiytiy
835,16789950,"Zachary Zhang","2026-09-30 10:50:20",1907.7,2,zacharyzhang16
836,16889906,kerlgd,"2026-09-30 23:23:36",1907.5,2,"kerlgd,kernlst92,laatentia,plasmoryx"
837,16677149,"Umataro Tenma","2026-09-30 20:01:12",1906.4,2,umatarotenma
838,16671163,"Suyash Verma","2026-09-30 21:30:20",1905.8,2,suyashdiamond1
839,16852766,MCZK,"2026-09-30 17:52:16",1904.3,2,hitoshimochizuki
840,16815132,"Duc-Anh Nguyen","2026-09-28 10:28:05",1903.8,2,valentinonguyen
841,16623974,Canon,"2026-09-30 20:14:01",1903.5,2,sotakurihara1
842,16845833,おかゆん,"2026-09-30 12:55:24",1903.1,2,okayun
843,16623399,Kendamarron,"2026-09-29 23:52:24",1903.1,2,kazuhirokuriyama
844,16684641,t.me/aetheranime,"2026-09-29 03:59:28",1902.4,2,yfrite
845,16924433,stochar,"2026-09-30 05:54:34",1901.3,2,"bayerfe,quantforge12,spectior,stochar"
846,16664487,houlidai-jiekiulai,"2026-09-30 09:24:24",1901.3,2,houlidaijiekiulai
847,16934931,erica,"2026-09-30 20:03:21",1901.0,2,duanyong049
848,16659920,vkhydras,"2026-09-30 08:30:47",1900.7,2,vickimar
849,16777767,"Miyanogawa Yuya","2026-09-30 04:40:30",1900.6,2,veritalogos
850,16889597," Master Bob111","2026-09-30 15:58:25",1900.4,2,masterbob111
851,16803658,"Timmy ""Kermit"" Turner's Team","2026-09-30 21:08:08",1898.8,2,"timsurreal,zombiespecz"
852,16655826,KKY,"2026-09-28 02:43:42",1898.8,2,evilpsycho42
853,16702754,"Запрети мне брать H100","2026-09-30 21:45:57",1898.6,2,"amocualg,borismatsakov,kirya1,vladimirlovtsov18"
854,16711398,"Claude Fable 5.1","2026-09-29 17:07:43",1898.3,2,chenxizhao21
855,16885734,zylvento,"2026-09-30 16:09:08",1898.2,2,"lorvexa,zylvento"
856,16826561,"ANJAN B","2026-09-30 17:54:19",1897.9,2,anjan4646
857,16809249,Moro,"2026-09-30 15:17:26",1896.9,2,moromoromoro
858,16773244,"Yudai Ueno","2026-09-29 00:03:02",1896.8,2,yudaiueno
859,16761593,Azathoth,"2026-09-30 22:34:40",1896.7,2,stsaasts
860,16747408,すずき,"2026-09-30 22:05:40",1896.0,2,shumpeace
861,16683952,"Maksimov Evgeniy","2026-09-30 22:31:36",1894.9,2,maxevg
862,16658554,Pai,"2026-09-30 19:42:09",1894.7,2,rajathrpai
863,16734409,"Yuta Yamazaki","2026-09-30 22:44:02",1894.5,2,yamayuu18
864,16711608,"Thomas Greissler","2026-09-30 19:31:11",1893.0,2,thomasg22202020
865,16635406,ykuroka,"2026-09-29 12:57:43",1892.9,2,ykuroka
866,16892313,zszdl0530,"2026-09-26 03:12:47",1892.4,2,zszdl0530
867,16679214,alban,"2026-09-30 09:51:05",1892.4,2,albantiacoh
868,16804863,JezzLynn,"2026-09-30 21:42:30",1891.9,2,"fresnellll,jezzlin,zemengzero"
869,16919866,"Harvey Zhang","2026-09-30 17:25:56",1891.8,2,harveyel
870,16655922,kusui26,"2026-09-30 15:46:16",1891.5,2,kusui26
871,16674948,habe.sq,"2026-09-30 22:23:52",1891.4,2,habesq
872,16670537,Silhouette,"2026-09-30 11:01:18",1891.0,2,jamessargsyan
873,16743528,shfyyds12138,"2026-09-30 21:49:46",1890.8,2,"chrisshi123,junwenzhu1314"
874,16631752,"Junichiro Morita","2026-09-30 20:08:04",1890.4,2,junichiromorita
875,16870461,Fumi,"2026-09-30 16:54:12",1890.3,2,cheersbeer
876,16938111,barbosi,"2026-09-30 07:17:15",1890.0,2,"despairdr,tupperq"
877,16927409,ReD_MooN_rise,"2026-09-30 14:50:34",1889.6,2,"redmoonrise,yug0616"
878,16894714,"PadroChill Farm","2026-09-30 15:26:14",1889.1,2,"gerbertradmirovich,kastv90"
879,16784164,Yaojinming,"2026-09-29 17:17:53",1888.9,2,yjm0905
880,16667242,"Gleb Tumanov","2026-09-30 17:57:31",1887.7,2,crachton
881,16631978,"batuhan kalem","2026-09-29 12:27:44",1887.5,2,batuhankalem
882,16663264,Adarsh,"2026-09-30 20:36:05",1887.2,2,madarshbb
883,16665233,"Akash Deep","2026-09-29 06:36:52",1887.1,2,akashdeepo
884,16841440,CornFormer,"2026-09-30 13:31:47",1886.4,2,linyangtian
885,16812062,姜上（Integ）,"2026-09-30 14:56:05",1885.8,2,"borealis27,integjs"
886,16811571,"Daniel Guo","2026-09-30 22:48:04",1885.4,2,denialguo
887,16660215,"YoungDSML [dsml.kz]","2026-09-30 11:40:05",1885.1,2,"mazgas,nurikw3"
888,16687294,"Madiyar Khamzanov","2026-09-30 18:55:56",1884.8,2,mkhamzanov
889,16768047,アメリカ農業研究会,"2026-09-30 03:07:07",1884.7,2,flnkhome
890,16941479,karttikjangid05,"2026-09-30 20:59:10",1884.4,2,karttikjangid05
891,16811605,"Ryu Sonoda","2026-09-30 14:31:22",1883.9,2,ryusonoda
892,16623635,HiroyukiSasaki,"2026-09-30 03:58:43",1883.6,2,hiroyukisasaki815
893,16623449,"Ryo Takaki","2026-09-30 21:41:31",1883.5,2,ryotakaki
894,16925097,deeptrace12,"2026-09-30 05:49:28",1883.4,2,"deeptrace12,je2wak,neonmatrix6,rdwan3"
895,16630804,4418,"2026-09-30 21:32:35",1883.3,2,"biohack44,merkiraz"
896,16629033,"Igor V","2026-09-30 20:19:54",1883.1,2,rostigor
897,16738487,"Andrey Shpigar","2026-09-30 22:29:03",1882.8,2,andreyshpigar
898,16944480,"Peihao Chen Caesar","2026-09-30 15:10:30",1882.7,2,peihaochencaesar
899,16705139,gogogo,"2026-09-30 13:21:15",1882.7,2,huzech
900,16771456,"Tianrun Liao","2026-09-30 12:10:44",1882.6,2,tianrunliao1
901,16637597,venks,"2026-09-30 05:45:27",1882.1,2,vterli
902,16652710,Pilea55,"2026-09-30 22:41:33",1881.6,2,ryutogrrr
903,16663867,"Stephen Schott","2026-09-30 03:17:45",1881.0,2,steve421471
904,16855214,"Kazumi Sakamaki","2026-09-30 22:15:12",1880.5,2,hatimitusiropp
905,16757253,ZEE,"2026-09-30 21:11:32",1879.8,2,randyzhang666
906,16657775,"Raagav & Pieter","2026-09-30 18:42:04",1879.2,2,"peetapit,raagavanand"
907,16677337,"xi luo","2026-09-30 17:23:31",1878.8,2,xiluo00
908,16679688,"Sathwik Chinthakayala","2026-09-30 12:04:51",1878.6,2,sathwikchinthakayala
909,16762248,KongKongDe,"2026-09-29 12:08:20",1878.6,2,kongkongde
910,16793148,"Hoàng Trung Nguyễn","2026-09-30 06:36:42",1878.6,2,hongtrungnguyn
911,16914287,"Vinzi Leo","2026-09-30 14:48:03",1878.3,2,vinzileo
912,16795062,"Satoshi Nguyen","2026-09-30 17:20:43",1877.6,2,satoshinguyenai
913,16882140,"jiang luo1021","2026-09-30 13:48:08",1877.5,2,"jiangluo1021,shangzhongxia"
914,16709837,Sophinator,"2026-09-25 16:31:47",1877.0,2,sophinator
915,16624969,tf,"2026-09-30 10:26:34",1876.8,2,tfukuhara
916,16661558,안녕하세요이세입니다잘부탁드립니다,"2026-09-30 11:01:57",1876.7,2,"moonswalk,municef1"
917,16828050,stephenlau,"2026-09-28 03:29:07",1876.3,2,stephenlu0422
918,16864919,ujimaa,"2026-09-30 18:33:53",1876.0,2,ujimaa
919,16661325,"Max Fofanov","2026-09-29 21:06:30",1876.0,2,maxfofanov
920,16934238,"Yujin Cha","2026-09-30 07:50:35",1875.9,2,ckdbwlsdlfkdn
921,16906012,GarbageOoze,"2026-09-29 15:16:43",1875.5,2,"garbageooze,luoruihan12"
922,16907393,Logus,"2026-09-30 13:18:56",1875.3,2,logus4704
923,16924916,Teraya,"2026-09-30 17:12:55",1875.2,2,yuyaterasawa
924,16946519,ShimonHori,"2026-09-30 05:59:09",1874.5,2,shimonhori
925,16793474,"Liu Classmate","2026-09-30 11:30:32",1874.4,2,"lilya98,liuclassmate,yuxuanzhao1203"
926,16743033,Nagahama,"2026-09-29 16:00:34",1874.3,2,kazukinagahama
927,16741965,Ryuichi,"2026-09-30 14:22:53",1873.9,2,ryuichigt
928,16926301,"Максим Бортник","2026-09-30 06:55:43",1873.8,2,maxim2512
929,16935391,spaceship,"2026-09-30 17:46:48",1873.0,2,kostopr4v
930,16735066,Saberr,"2026-09-30 23:25:45",1872.3,2,yzheng21
931,16942011,"Öylesine Yarışıyoruz","2026-09-30 21:21:57",1872.2,2,"burakemrepolat,muhammedfurkanata"
932,16901814,pengurei,"2026-09-30 18:20:16",1871.1,2,pengurei
933,16684748,"nailong alpha","2026-09-30 09:55:58",1870.1,2,"dejavucry,weiyun22021,yizhewong,yoruet,zekenos"
934,16730223,Ojaswy,"2026-09-30 14:33:03",1869.5,2,ojaswy
935,16764459,"local farmers","2026-09-30 18:04:26",1869.2,2,"chaojiwudiwujie,qianxiang123"
936,16624080,yuuuki1111,"2026-09-30 07:56:49",1869.2,2,yuuuki1111
937,16674353,"Lakshmanan R","2026-09-30 20:31:06",1867.4,2,lakshmanankumar02
938,16840447,"Suliman Tadros","2026-09-28 00:11:22",1867.3,2,sulimantadros
939,16683865,Shin7jp,"2026-09-30 21:54:17",1866.9,2,shin7jp
940,16750416,QQ农场,"2026-09-30 23:00:09",1866.5,2,"dqfeng,gvione"
941,16917270,kaibaur,"2026-09-30 21:11:50",1866.3,2,kaibaur
942,16642128,"MAC SAHO","2026-09-30 12:14:54",1866.3,2,macsaho
943,16811072,Rafael,"2026-09-30 20:23:13",1865.8,2,rafaeldsjhkas
944,16738700,"Bugra Cinar","2026-09-29 02:02:45",1865.6,2,bugracnr
945,16924271,kitton,"2026-09-30 08:32:21",1865.6,2,kitton20250606
946,16720696,Ankit0017,"2026-09-30 04:59:57",1865.4,2,ankit0017
947,16642570,"Mathurin Ache","2026-09-29 20:13:15",1864.9,2,mathurinache
948,16936749,statma,"2026-09-30 23:08:56",1864.5,2,"fractalbyte,marshjff,statma,valqeth"
949,16689186,NCK,"2026-09-30 02:34:52",1864.2,2,drnchaitanyakumar
950,16707057,tamo,"2026-09-29 10:03:33",1864.0,2,ryotakasuya
951,16703045,ReCurSiON,"2026-09-30 18:43:56",1863.2,2,ashok205
952,16655255,MalelizarazoP,"2026-09-30 22:40:24",1862.5,2,malelizarazop
953,16684128,NIklitaCheporev,"2026-09-30 12:31:07",1862.1,2,niklitacheporev
954,16654752,Agrofitting,"2026-09-28 15:55:37",1862.0,2,"evvfebruary,vinch97"
955,16632262,Milkomeda,"2026-09-30 16:45:25",1862.0,2,milkomeda74583
956,16777836,キムチ納豆,"2026-09-29 00:34:27",1861.9,2,ccchikuwa
957,16735252,LagrangianLocomotive,"2026-09-30 16:11:45",1861.7,2,lagrangianlocomotive
958,16743858,kawauso9n,"2026-09-30 13:09:38",1861.5,2,kawauso9n
959,16870621,BobtheBot369,"2026-09-30 19:07:11",1860.7,2,bobthebot369
960,16927484,eigeness9,"2026-09-30 23:25:40",1860.2,2,"eigeness9,postrflux,reciprocityj,zenoflux77"
961,16775473,LuanHengYu,"2026-09-30 21:02:54",1859.5,2,apexml
962,16801171,"Asterios Terzis","2026-09-30 17:54:45",1859.4,2,asteriosterzis
963,16857404,gachichan,"2026-09-30 01:57:49",1858.8,2,gachichan
964,16749272,giraffeneck,"2026-09-30 07:42:09",1858.8,2,yamajin
965,16750575,Gronk,"2026-09-30 22:31:41",1858.4,2,jianyicai
966,16882868,"Yash Mohan","2026-09-30 15:49:11",1858.4,2,yashm917
967,16892318,"fumiya utsuno","2026-09-30 22:09:18",1858.2,2,"fumiya326,kuboken,rikutokuwayama"
968,16884858,HojunLee,"2026-09-30 18:04:18",1857.9,2,hojuna
969,16872073,"Positive Quark","2026-09-30 18:12:47",1857.5,2,quarkliu
970,16805952,hatakazu93,"2026-09-30 10:22:27",1857.5,2,hatakazu93
971,16767052,KaitoKusumoto,"2026-09-30 18:04:51",1857.2,2,kaitokusumoto
972,16752277,YKuma,"2026-09-30 09:41:11",1857.0,2,ykumazaki
973,16713048,"liqin fei 2005","2026-09-30 11:04:23",1857.0,2,liqinfei2005
974,16882746,yuiop!,"2026-09-30 13:28:11",1856.8,2,yuiopy
975,16923450,tensorlike,"2026-09-30 05:36:51",1856.8,2,"echoverse1,neonflux,regressiw,tensorlike"
976,16641548,"Indium AI Labs","2026-09-30 21:10:15",1856.2,2,"devaanshpa,wolframbopp"
977,16632423,goh,"2026-09-30 06:10:09",1856.0,2,bungohatayama
978,16659103,Arin,"2026-09-30 20:08:48",1855.9,2,skarin
979,16698999,Odyssey,"2026-09-30 18:26:47",1855.7,2,a1spirit
980,16736685,kentaro_kato,"2026-09-30 12:47:25",1854.9,2,kentarokato
981,16668761,"Lorenzo Regalado","2026-09-30 07:19:30",1854.6,2,lregaladohdez
982,16738424,Yunioshi,"2026-09-30 21:07:14",1852.8,2,yunioshi
983,16639934,"Zihe Henry Zhang","2026-09-30 20:02:34",1852.7,2,caesium137
984,16792681,"MISIS loss volos","2026-09-30 20:43:38",1852.7,2,"bryxosmmm,mors1337"
985,16746025,Hamachi,"2026-09-30 18:53:56",1852.7,2,hamatz
986,16730334,"Have a nice trip in USST","2026-09-30 23:13:08",1852.3,2,"eugeneyeung,grace7523,sztszt0726,tuskig,wzh20050212"
987,16759632,"Rifqi Haikal","2026-09-30 23:01:27",1852.0,2,rifqihaikal
988,16645203,easonyanyan,"2026-09-30 20:57:20",1851.4,2,easonyanyan
989,16947583,Koranil,"2026-09-26 08:19:53",1850.4,2,koranil
990,16695567,tera358,"2026-09-30 21:52:40",1850.2,2,tera358
991,16885421,"Lee Minseung","2026-09-30 19:25:50",1849.8,2,leeminseung
992,16768236,Baligh,"2026-09-28 05:05:35",1849.7,2,balighmehrez
993,16676885,"Riva Kajangu","2026-09-29 22:31:44",1849.5,2,rivakajangu
994,16706892,Ko,"2026-09-30 17:56:34",1849.3,2,syurenuko
995,16640394,"MOHAMMADJAFAR ZAMANI","2026-09-30 15:55:28",1848.7,2,mohammadjafarzamani
996,16664969,猫猫开大运,"2026-09-30 12:51:07",1848.7,2,"estrellasss,kingsley31,smithshine,wuliaoluis,xuteli"
997,16659351,"Hamna Kaleem","2026-09-30 21:02:26",1848.6,2,hk3296
998,16702547,Dean0016,"2026-09-30 22:15:08",1848.2,2,"ddcchh,dean0016,zureaaa"
999,16806882,"Friedhelm Winter","2026-09-30 14:02:58",1848.2,2,friedhelmwinter
1000,16634149,"Hozuma ITOBAYASHI","2026-09-30 20:52:09",1848.2,2,hozumaitobayashi
1001,16707144,Kirderf,"2026-09-30 21:06:40",1847.9,2,kirderf
1002,16750931,"Antonio Rotundo","2026-09-30 18:08:04",1846.4,2,antoniorotundo2
1003,16629308,Sutee,"2026-09-30 18:03:39",1846.1,2,lszlst
1004,16849053,z7777,"2026-09-30 20:57:22",1846.1,2,songqizhou
1005,16731834,Kamma,"2026-09-30 21:11:15",1845.2,2,"cheliu0307,makerfly,vonlanvonlan233"
1006,16885261,sdy623,"2026-09-29 23:23:37",1844.6,2,jaxa623
1007,16644575,julymarc,"2026-09-29 15:47:41",1844.3,2,julymarc
1008,16933123,dynatrixa,"2026-09-30 15:44:26",1844.2,2,"datacinder7,dynatrixa,veltronic"
1009,16671504,Agentmaster,"2026-09-30 16:21:02",1844.0,2,"kinjaza,shawnno"
1010,16791873,Eldritch,"2026-09-30 17:15:29",1843.6,2,"sanjay6727,thefool00"
1011,16923238,Jaga,"2026-09-30 07:49:34",1843.5,2,skntbass
1012,16848952,tubotu,"2026-09-30 20:00:21",1843.1,2,tubotu
1013,16704247,WeAreFarmers,"2026-09-26 15:16:59",1842.9,2,gbmorris1
1014,16924069,levshaazz,"2026-09-30 21:45:46",1841.1,2,levshaazz
1015,16632599,HyperARC,"2026-09-30 17:02:57",1840.4,2,shadowell888
1016,16949981,"Yi Yu","2026-09-30 20:13:02",1840.2,2,yy5652
1017,16771200,DeeSaa,"2026-09-30 18:19:18",1839.9,2,deesaa
1018,16690852,"Naveen Venu Bagadi","2026-09-30 18:31:36",1839.9,2,naveenvenubagadi
1019,16671092,"tomohito shimura","2026-09-29 01:22:00",1839.4,2,tomohitoshimura
1020,16623897,satoooh,"2026-09-30 02:37:00",1839.0,2,satoooh
1021,16738349,Suna-D,"2026-09-30 17:30:06",1837.5,2,sunad0630
1022,16749071,snc5656,"2026-09-30 22:54:29",1837.3,2,jamm1412
1023,16733176,Yakouu,"2026-09-27 14:17:25",1836.6,2,yakouu
1024,16624571,kaggri_Team,"2026-09-30 15:40:05",1836.0,2,"baidalinadilzhan,qasminumber,zelza0"
1025,16656810,IskanderAkhmetov,"2026-09-29 07:35:58",1835.7,2,iskander2017
1026,16747273,红烧肉,"2026-09-29 15:51:19",1835.6,2,ra1nac1d
1027,16786341,"Farmula One","2026-09-30 23:21:15",1835.5,2,"joesland,mer4yyy,ricaaaovo,zhangxingzhe"
1028,16667080,King-damon,"2026-09-30 20:46:33",1835.3,2,kingdamon
1029,16688896,"JianYuan Deng","2026-09-30 16:43:36",1835.0,2,"jiahewangggg,jianyuandeng"
1030,16666805,Kaggs,"2026-09-30 09:20:52",1834.9,2,ayush21042004
1031,16794753,"Yan #2","2026-09-30 19:49:55",1834.7,2,diskya
1032,16855156,"Lior Toledano","2026-09-30 22:11:11",1834.6,2,liortoledano
1033,16792661,итмоняяя,"2026-09-30 10:41:17",1833.7,2,"naladwepo,tickflag"
1034,16684620,kobayasi,"2026-09-30 16:00:50",1833.1,2,"boomvector,tatsuokoshida"
1035,16832185,"MILANA STARR","2026-09-30 18:37:28",1832.4,2,andrewchist
1036,16725177,misaka12435,"2026-09-30 13:09:13",1832.3,2,misaka12435
1037,16924604,"Dzmitry Pihulski","2026-09-30 18:19:15",1832.1,2,dzmitrypihulski
1038,16667767,t3l3kin3sis,"2026-09-30 18:48:17",1832.1,2,"daffafariq,hashmatzamaryali,malsabbagh05"
1039,16641884,Blacklions.,"2026-09-30 06:34:12",1831.8,2,"blacklions,llllllc666"
1040,16870800,Myasui,"2026-09-29 04:58:05",1830.9,2,zaki38
1041,16757727,"Sohshi Nakamura","2026-09-29 06:46:32",1830.3,2,sohshinakamura
1042,16905157,Moonyk,"2026-09-30 14:31:09",1829.9,2,moonyk
1043,16891008,"Golubev Alexander","2026-09-30 19:27:42",1829.6,2,"golubevalexander,nikitadgolubev"
1044,16925367,codezzzsleep,"2026-09-30 23:14:42",1828.5,2,codezzzsleep
1045,16776505,"Duck Typing","2026-09-30 19:53:58",1828.2,2,ahmadamindw
1046,16736670,"Mark Astrid","2026-09-30 19:45:11",1828.2,2,markastrid
1047,16700919,Anubisyy,"2026-09-30 05:08:14",1828.0,2,anubisyy
1048,16727103,sword3522,"2026-09-30 16:31:59",1827.7,2,"qinyanqiu,sword3522"
1049,16656399,CROW,"2026-09-30 23:13:50",1826.7,2,"aaayangxh,hanifnoerrofiq"
1050,16774141,Radiance,"2026-09-30 21:53:42",1825.9,2,"evelyn3976,wangyi01"
1051,16673336,honjousetuna,"2026-09-30 22:23:00",1825.5,2,honjousetuna
1052,16740361,"Suba S","2026-09-29 23:31:44",1825.1,2,jupiter79
1053,16806000,wyz0210,"2026-09-30 18:56:18",1824.6,2,weiyouzhen
1054,16655477,Aurora,"2026-09-30 22:54:05",1824.6,2,"niteshranjansingh,themeghajoshi"
1055,16748941,"We Forgot To Water","2026-09-30 23:15:59",1824.0,2,"dearkarl,shuangxue"
1056,16645426,Jun_value,"2026-09-30 12:59:45",1824.0,2,junvalue
1057,16701051,"Komi ShouKo","2026-09-30 11:42:23",1823.6,2,asdwswdxd
1058,16700846,"Vaibhav Patel","2026-09-30 20:04:13",1823.5,2,vaibhavpatel
1059,16749435,SGY2512,"2026-09-30 19:14:00",1823.5,2,sgy2512
1060,16793039,"Carson Rodrigues","2026-09-30 13:52:21",1823.2,2,carsonrodrigues
1061,16635351,AAAMIKASA,"2026-09-30 17:30:11",1822.9,2,aaamikasa
1062,16794207,AlekseiProvorov,"2026-09-30 21:28:30",1822.3,2,leoprovorov
1063,16876865,LR.AIML,"2026-09-30 18:47:44",1822.2,2,"lucasgroot,robkraseu"
1064,16707286,"Koki _1231","2026-09-30 16:19:21",1822.0,2,koki1231
1065,16689183,Hawksartelier,"2026-09-30 16:41:19",1821.7,2,satyapb2002
1066,16657152,"K S VIJAYARAAGHAVAN","2026-09-30 16:03:15",1821.3,2,"blackscythe123,ksvijayaraaghavan"
1067,16639263,Yam,"2026-09-29 10:16:26",1819.5,2,minyam
1068,16938473,bansalis,"2026-09-28 21:29:55",1819.4,2,ishanbansal1
1069,16693227,"Aniket Sharma","2026-09-28 20:05:14",1819.4,2,aniketsharma00411
1070,16622376,fmind,"2026-09-28 06:17:23",1819.2,2,freaxmind
1071,16626582,"Omer Faruk Merey","2026-09-30 08:49:56",1819.0,2,omerfarukmerey
1072,16718745,"Vishwamitra Mishra","2026-09-28 21:49:45",1818.9,2,vishwa007
1073,16854477,"Marc Maldonado Lorca","2026-09-30 10:05:32",1817.9,2,marcmaldonado
1074,16875659,あかつき,"2026-09-29 12:57:40",1817.7,2,akatuki25
1075,16780455,wadigongren,"2026-09-30 16:27:56",1817.0,2,wadigongren
1076,16757809,dasfds,"2026-09-30 16:48:56",1815.7,2,dasfds
1077,16786517,"Kagdew Valley_HeNU","2026-09-30 06:59:46",1815.7,2,"hongtongyi,hoshiiabc,lizhe125,ypeng1234"
1078,16853054,saberzky,"2026-09-29 15:42:44",1814.5,2,saberzky
1079,16876180,kk.sky.9k,"2026-09-30 14:11:43",1814.4,2,kksky9k
1080,16633853,"funny farm","2026-09-30 23:19:05",1813.9,2,"alannasibullin,alexandrutkov"
1081,16655478,Bruce,"2026-09-30 14:00:48",1813.8,2,bruceqdu
1082,16943310,Biubiu,"2026-09-30 12:56:50",1813.5,2,jianthuang
1083,16863383,HanFish,"2026-09-30 15:32:26",1812.7,2,hananfish
1084,16735794,宗宗没有英文名,"2026-09-30 02:43:07",1812.6,2,iver666
1085,16725287,NoahRyan,"2026-09-30 20:26:43",1812.1,2,beginner080
1086,16834038,"Akio Furutsuka","2026-09-30 04:41:35",1811.5,2,akiofurutsuka
1087,16875989,NapolianAdmin,"2026-09-30 10:51:19",1811.5,2,ninadrai
1088,16727404,Yichi,"2026-09-30 01:27:30",1811.1,2,"liyulin666,yichi02"
1089,16728114,yu9824,"2026-09-30 15:17:38",1810.6,2,yu9824
1090,16760490,"nir afek","2026-09-30 22:27:36",1809.5,2,nirafek
1091,16948431,"Me and 6.1 Sol homie","2026-09-30 22:20:24",1809.1,2,anpilovkirill
1092,16638551,@s,"2026-09-30 12:24:35",1808.9,2,ryosketchbook2007
1093,16780097,"wei chang","2026-09-28 11:41:32",1808.5,2,wayne0404
1094,16623524,"Marcus Vinicius","2026-09-30 12:47:22",1807.9,2,marcux777
1095,16828705,"liama liama","2026-09-30 12:35:06",1807.7,2,liamaliama
1096,16807038,mitsuki,"2026-09-30 19:04:37",1807.4,2,mk00000
1097,16663175,Anaconda,"2026-09-30 21:49:22",1807.3,2,anaconda
1098,16891740,quwon_000,"2026-09-30 19:55:35",1807.2,2,quwon000
1099,16696720,"JAZ COLD HORN","2026-09-30 10:15:09",1807.2,2,"evanmaksud,jazivxt,maulikgajera,niazmohaimanabtahi,victorhorn"
1100,16946322,"hb and ys","2026-09-30 13:11:38",1806.8,2,hbandys
1101,16679393,"Anvith Pothula","2026-09-30 21:06:28",1806.8,2,anvithpothula
1102,16697891,KuziJA,"2026-09-30 20:16:05",1806.2,2,kuzija
1103,16756153,"🪏Harvest Moon","2026-09-30 13:42:27",1806.1,2,"bbrage,bobmyersthesecond,wguesdon,yutomuroshima"
1104,16743055,栗ご飯,"2026-09-30 21:33:29",1805.6,2,criticalpath1903
1105,16823942,"jiajun chi","2026-09-29 15:18:22",1805.5,2,jiajunchi
1106,16877997,Mirlan,"2026-09-30 22:42:10",1805.5,2,zmtrxq
1107,16624040,kumk,"2026-09-29 12:14:16",1805.0,2,kknagoya
1108,16799235,K.Piro,"2026-09-30 21:03:00",1804.5,2,agares02
1109,16745761,mitomeat823,"2026-09-30 13:56:17",1804.2,2,mitomeat823
1110,16696738,rekhasri,"2026-09-29 22:38:01",1804.0,2,rekhasri
1111,16728084,iwance,"2026-09-30 20:26:10",1803.5,2,iwance
1112,16670371,rkd,"2026-09-30 09:43:32",1803.3,2,ryookd
1113,16778792,"Karthik #2","2026-09-30 13:57:38",1803.1,2,karg14
1114,16705659,"srijan k.r keshri","2026-09-30 21:48:02",1802.8,2,srijankrkeshri
1115,16663387,Ju,"2026-09-30 18:49:18",1802.7,2,juziddd
1116,16811467,Raster0x2a,"2026-09-30 21:53:21",1801.8,2,raster0x2a
1117,16755203,TY0912,"2026-09-30 22:37:30",1801.2,2,samejimatink0
1118,16714474,"Glenn Dalbey","2026-09-30 13:12:54",1801.1,2,glenndalbey
1119,16634716,Eusebius,"2026-09-29 17:44:10",1801.0,2,protuberanzen2000
1120,16880278,Kaggria,"2026-09-30 18:04:22",1800.4,2,"andyzhenlee,jiayi2627,mingyuechu,zhaoliangyuan"
1121,16707915,MGöksu,"2026-09-30 14:31:37",1799.9,2,mgoksu
1122,16793427,wuwuwu,"2026-09-30 10:18:53",1799.8,2,wu1570
1123,16624651,"Zihao Zeng","2026-09-30 21:06:50",1799.8,2,zihaozeng0021
1124,16665785,"Maria Gordeeva","2026-09-30 20:51:26",1799.7,2,heriqis777
1125,16936827,"Weixuan Liu","2026-09-30 05:58:51",1799.4,2,flyfish666
1126,16655796,"dijia zhang735","2026-09-30 13:24:53",1799.3,2,dijiazhang735
1127,16652079,Infill,"2026-09-30 20:28:37",1799.2,2,infill
1128,16790652,救赎之道，就在其中,"2026-09-30 16:54:27",1798.8,2,"mengyihu,pengchaozheng"
1129,16904867,wahaka,"2026-09-30 17:29:19",1798.7,2,wahaka
1130,16858464,Taisei_Tsuneki,"2026-09-29 14:31:10",1798.4,2,"ryoyaotsuki,taiseitsuneki"
1131,16826465,linmumu009,"2026-09-30 11:58:07",1798.4,2,"linmumu009,renjunxiang"
1132,16675866,DanilChil,"2026-09-25 14:06:52",1798.2,2,danilchil
1133,16639155,"Arturo Gutiérrez Aguilar","2026-09-30 22:00:47",1798.0,2,jarturo
1134,16660152,LIH.YUN,"2026-09-30 12:57:40",1797.9,2,fxlcee
1135,16723301,mayukistarry,"2026-09-29 06:03:58",1797.8,2,mayukistarry
1136,16738492,"Follow Me Gradient","2026-09-30 21:29:41",1797.8,2,farukece
1137,16773144,"Mohamed Salah","2026-09-29 00:49:43",1797.3,2,mosalah7
1138,16904289,"farmer zefeng","2026-09-30 17:52:33",1797.2,2,zefengai
1139,16858228,doubao,"2026-09-28 06:21:23",1796.8,2,"erhankangyan,yuanlili123321"
1140,16713262,"Seyit kaan Gunes","2026-09-30 20:03:15",1796.7,2,seyitkaangunes
1141,16729102,"Bruce Zheng","2026-09-29 14:06:59",1796.3,2,brucezheng666
1142,16823626,Korokke3,"2026-09-28 20:10:30",1796.1,2,korokke3
1143,16709068,Vib,"2026-09-30 19:47:49",1795.6,2,viblal
1144,16885548,"Anand Kumar 369o","2026-09-30 14:15:41",1795.4,2,anandkumar369o
1145,16887242,AnnaPlugn,"2026-09-30 12:54:21",1795.4,2,annaplugn
1146,16621625,YBEJlKA,"2026-09-30 21:40:09",1795.3,2,alexanderchesnokov
1147,16923904,signalior,"2026-09-29 09:01:04",1795.1,2,"convexla,probflun,signalior,synaptivox"
1148,16912574,好运连连,"2026-09-30 19:26:40",1794.6,2,"jiangxinyuan616,xiaoranx,xigemalyk"
1149,16665864,kavipavi19,"2026-09-29 11:41:48",1794.2,2,kavipavi19
1150,16844845,"Dinesh Amalathasan","2026-09-28 19:38:32",1794.1,2,amaldinesh
1151,16866996,"Marina Afanas'eva","2026-09-30 22:08:58",1794.1,2,proamari
1152,16689748,cheesytoasts,"2026-09-28 19:11:07",1793.9,2,cheesinnn
1153,16699741,Tom3,"2026-09-30 21:31:29",1793.6,2,tomohiroaz
1154,16632157,"福原 大知","2026-09-30 20:25:38",1793.4,2,fxxyfox
1155,16622567,"Georgy Mamarin","2026-09-29 06:19:11",1793.4,2,georgymamarin
1156,16911212,zby_4240,"2026-09-30 13:18:28",1792.5,2,"panhiuting,zby4240"
1157,16862044,"Toshiki Narushima","2026-09-30 18:55:42",1792.3,2,toshikinarushima
1158,16665637,Luvsh81,"2026-09-30 16:09:08",1791.8,2,luvsh81
1159,16891718,"Me & myself","2026-09-29 12:25:50",1791.1,2,fannasankh
1160,16885704,tavrico,"2026-09-30 15:21:58",1790.7,2,tavrico
1161,16870033,"wbcrypto abrams","2026-09-28 16:55:13",1790.4,2,wbcryptoabrams
1162,16716431,m&m,"2026-09-30 21:07:34",1789.6,2,ntrlmt
1163,16751140,onick_man,"2026-09-30 08:43:11",1789.5,2,ftakahas
1164,16655277,GUAM,"2026-09-30 17:30:32",1789.3,2,"analyticaobscura,jeongminlee92,kmmmvs,wnmgrn"
1165,16805370,"Gaiar Baimuratov","2026-09-29 11:59:39",1788.9,2,baimuratov
1166,16697893,"YWehbe / ADIA Lab","2026-09-29 11:16:30",1788.3,2,youssefwehbe
1167,16879027,XMHHHH,"2026-09-25 12:36:50",1788.0,2,jkkhhoo
1168,16919030,"wenzhi liu","2026-09-30 07:04:58",1787.9,2,liuwenzhi
1169,16666365,yiyu0716,"2026-09-30 23:14:50",1787.6,2,"lugent,yiyu0716"
1170,16808241,miran0313,"2026-09-30 00:33:11",1787.4,2,miran0313
1171,16639418,"Oleksii Zhukov","2026-09-30 20:41:40",1787.4,2,zhukovoleksiy
1172,16632612,Farmville,"2026-09-30 20:53:36",1787.2,2,rafaelfigueiredo13
1173,16709872,"Tim McGarvey","2026-09-30 15:56:30",1786.9,2,timmcgarvey
1174,16811868,luyinn,"2026-09-30 19:20:22",1786.3,2,luyinn
1175,16859757,"Nathan Jacob","2026-09-29 21:29:47",1786.3,2,nathanjacob
1176,16925703,darkphase11,"2026-09-29 02:30:28",1785.5,2,"corephase,darkphase11,metacraftt,neurofieldd"
1177,16774475,LoveB4Sunrise,"2026-09-30 20:05:10",1784.4,2,demacia1314
1178,16722705,我的AI是豆包,"2026-09-30 16:43:24",1784.4,2,"carrotliang,haoxuanjng,kaoqiangzhang,rainhuang0220"
1179,16849377,try,"2026-09-30 21:15:02",1783.3,2,weishanshan033
1180,16660485,tablecables,"2026-09-30 20:47:11",1781.7,2,colingaffney1
1181,16702975,RicardoLópez,"2026-09-30 22:07:17",1780.9,2,richi2489
1182,16929642,"lyre lin","2026-09-30 05:54:32",1780.6,2,lyrelingg
1183,16741500,weichy7,"2026-09-30 03:45:13",1780.2,2,weichy7
1184,16891911,N_noa21,"2026-09-30 16:13:20",1780.2,2,nnoa21
1185,16802535,"To be happy","2026-09-30 12:58:04",1779.9,2,yaokaixinya123
1186,16908829,Terremoto,"2026-09-30 13:26:37",1778.7,2,alfredoachondo
1187,16698206,"Bark at the Barnyard","2026-09-30 03:22:56",1778.6,2,mming0430
1188,16942567,MatveyVarfolomeev,"2026-09-28 16:04:57",1777.7,2,matveyvarfolomeev
1189,16693962,"Changyuan Chen","2026-09-29 13:59:12",1777.0,2,changyuanchenmit
1190,16705431,"Thuận Đoàn Vũ","2026-09-30 00:46:37",1776.9,2,thunonv
1191,16639168,Sergey,"2026-09-30 08:03:38",1776.4,2,sergeymikhailovn
1192,16682306,岸本湧士郎,"2026-09-30 10:47:26",1775.9,2,yushiro20021111
1193,16712121,"Hai Dang","2026-09-28 07:01:07",1775.9,2,haidang2405
1194,16761434,t07_noma,"2026-09-30 10:27:57",1775.5,2,t07noma
1195,16847222,charmq,"2026-09-30 22:24:00",1775.5,2,charmq
1196,16763761,mkai1981,"2026-09-30 11:47:56",1774.9,2,mkai1981
1197,16918430,"Huifeng Li","2026-09-30 16:44:44",1774.5,2,stevenli1
1198,16763829,"Shane Thivaharraja","2026-09-30 21:35:54",1773.7,2,shanethivaharraja
1199,16926787,"Владислав Ковкін","2026-09-30 05:51:10",1773.6,2,vladyslavkovkin
1200,16829834,Luxuer,"2026-09-30 15:55:43",1773.6,2,luxuer
1201,16654158,Hack2Publish,"2026-09-30 04:46:50",1773.3,2,"esfersami50,foysalemonshanto,hosen42,rokaiyasomapti"
1202,16759578,Randy,"2026-09-28 00:24:02",1773.1,2,rvndyerwin
1203,16804757,MAT,"2026-09-30 22:44:55",1772.8,2,mehmetanltays
1204,16759699,"Mason Cao","2026-09-30 20:55:56",1772.7,2,mzcao7
1205,16864558,"Henghan Dong","2026-09-27 08:10:31",1772.6,2,henghandong
1206,16704924,jdx,"2026-09-29 02:37:16",1772.5,2,jdsemrau
1207,16778946,yuki0731,"2026-09-30 15:58:25",1772.2,2,yuki0731
1208,16698560,"Seungjun Lee","2026-09-30 08:01:14",1772.1,2,seungjunleeofficial
1209,16846856,BladeRunner,"2026-09-28 06:28:20",1771.9,2,bladerunner2022
1210,16630524,"Omprakash Patra","2026-09-29 04:08:54",1771.6,2,omprakashpy
1211,16816196,"Bianco Chiu","2026-09-30 18:57:23",1771.1,2,biancochiu
1212,16708791,atsu0905,"2026-09-30 20:42:34",1770.7,2,atsu0905
1213,16732445,ГИМНАЗИЯ14ЙОШКАРОЛА,"2026-09-30 14:18:46",1770.6,2,"domager72,fylgde,kolyaflexcu"
1214,16665352,"Paul Nassiri","2026-09-30 20:26:06",1770.6,2,laszlolevray
1215,16848063,"Yuan Weijun","2026-09-29 01:36:34",1770.4,2,yuanweijun
1216,16637099,tobhull,"2026-09-30 23:23:25",1770.1,2,tobhull
1217,16884892,AQiDA19,"2026-09-30 18:19:32",1769.9,2,aqida19
1218,16862096,"Saksham Gupta","2026-09-30 21:14:33",1769.8,2,mashug
1219,16746191,たがやす,"2026-09-30 23:27:06",1769.6,2,drktti
1220,16623390,KodamaSec,"2026-09-30 10:03:44",1769.5,2,dfhgfdghfdhg
1221,16644565,Suda,"2026-09-30 21:43:25",1769.5,2,"chaneyma,deryawang"
1222,16658618,"philip georgiev","2026-09-30 18:09:04",1769.4,2,philipgeorgiev
1223,16904440,"Orion on earth","2026-09-30 19:27:29",1769.3,2,oriononearth
1224,16745059,mekduy,"2026-09-30 17:37:26",1767.8,2,mekduy
1225,16658203,Lan_Sky,"2026-09-30 14:48:11",1766.9,2,lansky6
1226,16668430,"john inan","2026-09-30 17:13:15",1766.9,2,johninan
1227,16911681,nena,"2026-09-30 14:41:44",1766.7,2,nena0undefined
1228,16928466,"Diogenes's cask","2026-09-29 07:50:33",1766.6,2,diogenesscask
1229,16726461,mocatti,"2026-09-30 21:57:23",1766.2,2,mocatti
1230,16766498,HNUST,"2026-09-30 19:35:39",1765.9,2,"aloemoon,castianhans"
1231,16871584,xder,"2026-09-30 17:55:45",1765.8,2,xderyeke393
1232,16662492,"Lester Leong","2026-09-30 06:22:12",1765.7,2,lesterleong
1233,16918063,"Dante Lok","2026-09-30 08:55:19",1765.4,2,dantelok
1234,16838479,"Sufi Afifi","2026-09-30 20:33:31",1765.2,2,emrys21
1235,16806541,hidenov,"2026-09-30 03:01:06",1765.0,2,hidenov
1236,16928491,weihewo,"2026-09-29 15:10:11",1763.8,2,weihewo
1237,16940533,shikaikaikaikai,"2026-09-28 05:53:43",1763.3,2,shikaikaikaikai
1238,16627600,"NiA Farms","2026-09-28 14:33:18",1763.0,2,"adriaft,natliablascoandreo"
1239,16803448,jiatu.l,"2026-09-30 15:38:00",1762.9,2,jiatul
1240,16778656,Aacceeo,"2026-09-30 21:18:50",1762.7,2,aacceeo
1241,16706185,"Bab Kek","2026-09-28 06:34:27",1761.7,2,babkek
1242,16633212,goosehaaan,"2026-09-30 12:35:05",1761.7,2,goosehaaan
1243,16790527,Yuta,"2026-09-30 07:21:06",1761.0,2,yutaecon
1244,16684402,vn1111,"2026-09-30 19:40:40",1761.0,2,vn1111
1245,16946666,"Pengfei Yan ","2026-09-28 10:59:42",1760.4,2,pengfeiyan
1246,16659550,"Sai Syam","2026-09-30 07:14:34",1760.1,2,saisyam
1247,16884822,reziavon,"2026-09-30 14:58:30",1760.0,2,reziavon
1248,16876344,Hyunwoo_Park,"2026-09-29 15:30:15",1759.9,2,uts3125014010829
1249,16825002,RAVEN,"2026-09-30 05:09:24",1759.7,2,silverlxt
1250,16621243,"Jesse Bullard","2026-09-30 23:22:27",1759.6,2,jessebullard
1251,16815841,"Sunshine through fog","2026-09-30 18:15:32",1759.6,2,sunshinethroughfog
1252,16896299,Bungalow0,"2026-09-28 09:37:55",1759.3,2,"achatoyant,bungalow0,demuure"
1253,16885764,shuinno,"2026-09-29 06:07:29",1758.9,2,"astralisa,hemlock1,metaforge,shuinno"
1254,16632593,skomuro,"2026-09-30 15:30:04",1758.9,2,skomuro
1255,16682867,sneaky6767,"2026-09-30 21:40:49",1758.7,2,sneaky6767
1256,16790660,suk1yak1,"2026-09-30 21:52:21",1758.6,2,suk1yak1
1257,16753906,Rmy,"2026-09-30 16:44:24",1758.4,2,mekory
1258,16811900,"Brejesh Balakrishnan","2026-09-30 05:11:53",1758.1,2,brejeshbalakrishnan
1259,16769595,Rudra,"2026-09-30 20:02:58",1758.0,2,rudrabhaskar
1260,16911078,Tolgii,"2026-09-30 01:15:37",1757.8,2,tolgakiremit
1261,16709435,"Artyom Lyan","2026-09-30 13:14:29",1757.8,2,arli2016
1262,16623805,"Howon Kang","2026-09-30 15:43:12",1757.7,2,howonkang
1263,16630251,"Handry Novianto","2026-09-30 11:47:31",1757.6,2,handrynovianto
1264,16840617,RyotaroAbe,"2026-09-30 21:11:38",1757.6,2,ryotaro45123
1265,16765884,洛希边际,"2026-09-30 20:32:23",1757.0,2,"bxz2003,mingyue12318,thethirdsight"
1266,16927533,Deenouement,"2026-09-28 14:12:37",1756.6,1,"deenouement,eelixirr,efffervescent,ellegance"
1267,16746317,xingyun_byto,"2026-09-30 17:33:57",1756.5,2,xingyunbyto
1268,16927437,SeEquoia,"2026-09-29 12:56:54",1756.3,2,"glaccier,m3onsoon,seequoia,typhooon"
1269,16891334,"Ruslan Akhmetov","2026-09-30 11:05:11",1756.2,2,ecolla999
1270,16852559,永井こうたろう,"2026-09-28 15:33:59",1755.7,2,kotakota914
1271,16756477,Ender,"2026-09-30 20:32:08",1755.2,2,eamonnkashyap
1272,16687901,Khalid,"2026-09-30 21:28:43",1754.8,2,khalid000000
1273,16932996,"Francisco Angulo de Lafuente","2026-09-30 08:45:00",1754.7,2,franciscoangulo
1274,16833095,"ADARSH DWIVEDI","2026-09-25 11:41:22",1754.5,2,adarshcod
1275,16933178,darkvector4,"2026-09-28 14:23:32",1753.9,2,"darkvector4,sha1ng,valtrix"
1276,16931975,loki005,"2026-09-30 21:57:24",1753.4,2,loki005
1277,16682210,Boiled-Sweet-Potato,"2026-09-28 07:56:38",1752.7,2,boiledsweetpotato
1278,16724298,Orig_lab,"2026-09-30 21:38:02",1752.6,2,chengxixixi
1279,16743136,unhappy,"2026-09-30 22:12:22",1752.4,2,chenyahui123
1280,16687159,Max64738CB,"2026-09-29 15:16:11",1752.3,2,max64738cb
1281,16700767,tkpmnlms,"2026-09-30 14:36:00",1752.2,2,"emorgunov,mikhailkachalin,roniuhle"
1282,16693092,"Sell wheat everyday💨","2026-09-30 19:41:46",1752.1,2,"dzisandy,e0xextazy,liderpartiii"
1283,16930394,"civil 11","2026-09-30 22:59:04",1751.0,2,civil11
1284,16628897,"Kyoungwon Jeong","2026-09-30 10:54:09",1750.8,2,kyoungwonjeong
1285,16768239,Oshbocker,"2026-09-30 22:03:34",1750.3,2,oshbocker
1286,16622349,"Mengfei Li","2026-09-30 22:36:55",1748.6,2,meli19
1287,16655519,CurveCowboy,"2026-09-30 09:52:40",1748.4,2,curvecowboy
1288,16774884,assssstnuar,"2026-09-30 08:42:04",1748.0,2,assssstnuar
1289,16819431,kkkk,"2026-09-30 19:42:40",1747.8,2,kkkk4649
1290,16732156,"Ца-ри-ца по-лей, ку-ку-ру-за!","2026-09-30 17:51:52",1747.3,2,samvelkoch
1291,16790765,Aristotle.Chen,"2026-09-30 12:41:49",1747.1,2,aristotlechen
1292,16728238,ubcict232,"2026-09-30 00:32:07",1747.1,2,ubcict232
1293,16783537,JustinybGao,"2026-09-30 19:03:41",1746.9,2,justinybgao
1294,16623152,"agentic warriors","2026-09-30 18:12:47",1746.9,2,"ibadia,isabellawoo01"
1295,16860813,hirayuki,"2026-09-30 07:22:17",1746.0,2,hirayukis
1296,16881005,"Donald Trump","2026-09-30 20:23:24",1745.6,2,"seanmtk,sinfonia8838"
1297,16756891,T.Uehira,"2026-09-30 10:05:19",1744.4,2,tuehira
1298,16854552,ShionMatsuoka,"2026-09-30 19:55:55",1743.7,2,shionmatsuoka
1299,16942720,"Shadow Es","2026-09-30 18:46:02",1743.5,2,shadowes
1300,16706897,"Akshay Mathur","2026-09-27 19:33:42",1743.3,2,akshaymathur777
1301,16732051,Jeryos,"2026-09-30 23:09:23",1743.0,2,joulskaf
1302,16624276,MKGA,"2026-09-30 21:19:29",1743.0,2,"horizen12,zejunfool"
1303,16813899,kenken,"2026-09-30 22:34:55",1742.9,2,minagawateru
1304,16935530,"[RU] Evgeniy Kamyshan (sharing)","2026-09-27 19:05:40",1742.8,2,svo1488zov
1305,16661665,"Leonardo Viola10","2026-09-28 12:21:08",1742.7,2,leonardoviola10
1306,16926921,"Ruslan Kovychev","2026-09-24 10:48:23",1742.4,2,ruslankovychev
1307,16654585,"David Pedersen","2026-09-30 08:11:22",1741.6,2,semalytics
1308,16723528,"Singaraj B","2026-09-29 01:53:01",1741.4,2,singarajb
1309,16730713,"Michael Mueller","2026-09-29 17:16:13",1741.4,2,michaelmueller26
1310,16879199,Back,"2026-09-30 12:17:18",1741.4,2,back2525
1311,16740644,Terence0914,"2026-09-30 23:22:01",1741.3,2,terence0914
1312,16658895,kunihiro,"2026-09-30 02:29:20",1741.3,2,kunihiro
1313,16631460,Kosuke.T,"2026-09-28 11:44:29",1741.2,2,kosuke1992
1314,16731926,"Pardheev Krishna","2026-09-29 05:28:54",1740.2,2,"anandkumar0901,ayushjiwatramani,nidhibsh,nitindatanylatics,pardheev"
1315,16724801,Noir,"2026-09-29 02:00:56",1740.1,2,nuitnoir
1316,16642662,CdeTilly,"2026-09-30 21:20:47",1740.1,2,cdetilly
1317,16847478,tokitamago,"2026-09-30 14:44:58",1740.1,2,tokitamago
1318,16623381,cocoaAI,"2026-09-30 06:25:06",1740.0,2,cocoaai
1319,16716335,JamesJJJJJ,"2026-09-27 21:40:36",1738.5,2,jamesjjjjj
1320,16898049,"Alua Аkhmetkali","2026-09-26 07:46:37",1737.6,2,alua01
1321,16949661,Shs123,"2026-09-26 20:14:37",1736.7,2,shs123
1322,16690447,Supermercado,"2026-09-30 13:32:37",1736.4,2,ryotaaaaaa
1323,16854776,aruuu,"2026-09-30 18:02:13",1736.3,2,arruuu
1324,16734551,"junseok lee","2026-09-29 22:47:48",1735.6,2,jaslee2
1325,16696593,bplyc15,"2026-09-30 16:32:05",1735.3,2,bplyc15
1326,16727998,hidsaito,"2026-09-30 22:41:42",1735.0,2,hidsaito
1327,16737113,"Sergei Myshianov","2026-09-30 21:48:22",1734.5,2,sergeimyshianov
1328,16941779,"Michael Jordan","2026-09-30 09:08:02",1734.5,2,m1chaeljordan
1329,16644303,"kevin zhou","2026-09-30 21:03:13",1734.4,2,kevinzhou66
1330,16732292,takaygiiiiiiii,"2026-09-30 22:04:21",1733.7,2,takaygiiiiiiii
1331,16733851,tangaii,"2026-09-30 17:21:43",1732.5,2,tangai1
1332,16664788,rian,"2026-09-30 19:00:18",1732.0,2,rian55
1333,16941047,"RUSHMANTH NALLURI","2026-09-24 00:07:09",1731.7,2,rushmanthnalluri
1334,16814417,"Jane Street Farmers","2026-09-30 21:07:02",1731.6,2,"akamasterpiece,gianghiango,paramizodicrominique,phnhnnguyn,sebastiancooper116"
1335,16821420,Sight,"2026-09-30 21:29:24",1730.8,2,"cai12341234,crimsurfer,jingwenxu85,sakurasss,yuankunzou3"
1336,16914744,哈基米南北路多,"2026-09-30 14:14:06",1730.8,2,"drlimingz,freakrk,liushunyao,perrinslutman,sayu1u"
1337,16664111,"John Park","2026-09-29 07:26:53",1730.7,2,sigint
1338,16684704,LIQUIDHORSE,"2026-09-30 21:04:00",1729.9,2,liquidhorse
1339,16947730,"青葉 涼風","2026-09-29 23:54:25",1729.8,2,suzukaze
1340,16692432,"Les 2 oies","2026-09-30 14:24:15",1729.8,2,"sanarceate,youyoucrf"
1341,16854216,Rita-1021,"2026-09-30 12:48:45",1729.7,2,rita1021
1342,16667240,WGaurav,"2026-09-30 12:57:05",1729.6,2,wgaurav
1343,16718660,"Ramona Flowers","2026-09-30 20:13:41",1729.2,2,forsmthnoithingtosay
1344,16939767,"Elias William","2026-09-30 13:24:30",1729.1,2,eliaswilliam
1345,16892257,ShadowMist01,"2026-09-29 18:39:26",1729.1,2,shadowmist01
1346,16810595,dauriel,"2026-09-30 22:23:28",1729.0,2,"dauriel,theakshay"
1347,16937607,wuyan-nox,"2026-09-30 12:55:15",1728.9,2,wuyannox
1348,16697229,"Masashi Nishimoto","2026-09-30 23:20:12",1728.5,2,masashinishimoto
1349,16681927,"Dariush Afshar","2026-09-30 00:47:11",1727.4,2,dariushafshar
1350,16759058,Miz,"2026-09-29 14:42:24",1727.1,2,ryota040
1351,16645596,Kosakunin,"2026-09-30 14:19:54",1727.1,2,yugoawawa
1352,16835641,dzzz,"2026-09-30 11:41:40",1727.1,2,"brittneylewis2,innocentdzzz"
1353,16904651,chenpengyu603,"2026-09-29 04:43:55",1727.1,2,chenpengyu603
1354,16934847,yuuri,"2026-09-29 11:40:21",1727.0,2,yuuuuuuuuri
1355,16657229,"Adam Plow","2026-09-30 10:04:32",1726.9,2,lizhiiii
1356,16654881,Freddy,"2026-09-30 19:21:06",1726.8,2,twoxding
1357,16635421,"Lennart Haupts","2026-09-30 17:42:46",1726.6,2,lennarthaupts
1358,16676904,researchstudio.site,"2026-09-30 01:40:05",1726.5,2,fistyee
1359,16730854,src,"2026-09-30 13:49:52",1726.4,2,skthtu
1360,16633226,test_money,"2026-09-30 21:32:31",1726.0,2,michaelsemenoff
1361,16814409,YuyaSuzuki,"2026-09-29 16:01:03",1726.0,2,yututapp
1362,16676762,"Tomas Escobar Rivera","2026-09-30 17:43:50",1725.7,2,tomasescobarrivera
1363,16704818,probably6767,"2026-09-30 21:40:44",1725.3,2,probably6767
1364,16807108,dongdongunique2,"2026-09-30 07:45:25",1725.1,2,yinzhaoren
1365,16736931,"Sergei Fironov","2026-09-28 14:31:48",1724.7,2,sergeifironov
1366,16838766,"Justin Gao","2026-09-28 06:12:14",1724.7,2,justingao
1367,16768603,Kinance,"2026-09-30 21:28:34",1724.6,2,kinance
1368,16664359,Nightingale,"2026-09-30 18:01:18",1724.5,2,apilkhadka
1369,16927521,wadia,"2026-09-30 05:24:07",1724.3,2,"sihuanian777,yeshawang"
1370,16839972,"Yusuf Lee","2026-09-29 09:12:22",1724.2,2,yusuflee
1371,16660483,TIM,"2026-09-29 00:40:14",1724.0,2,daynoryamil
1372,16883907,lll,"2026-09-30 16:02:39",1723.1,2,lghlgh001
1373,16705523,"Brian Chua","2026-09-30 10:32:43",1723.1,2,chuazhengweibrian
1374,16851853,tryagain123,"2026-09-28 10:06:38",1723.1,2,lanqingsong123
1375,16885137,"Manjunadh Padarthi","2026-09-29 19:40:36",1722.7,2,manjunadhpadarthi
1376,16630274,yutoAb,"2026-09-28 08:15:40",1722.6,2,yutoab
1377,16732537,Rapha,"2026-09-30 16:24:09",1722.1,2,raphaabels
1378,16861102,walnut11,"2026-09-29 23:33:55",1721.9,2,walnut11
1379,16880856,jinxingweilai,"2026-09-30 17:10:36",1721.7,2,jinxingweilai
1380,16623034,"Vlad Kochetov","2026-09-30 22:38:34",1721.6,2,vladkochetov07
1381,16621481,"zero waste","2026-09-27 17:17:22",1721.5,2,chinnaphatkhun
1382,16719563,"GPT-5.6 Sol🏆","2026-09-30 23:12:10",1720.6,2,"ctfxiao,gaoruihua,otherworldly777,wennaliu2007,xgentle"
1383,16707453,"Kaan Dınız","2026-09-30 10:13:25",1720.5,2,kaandnz
1384,16775749,Yurikada,"2026-09-30 01:23:39",1720.5,2,yosukeinada
1385,16660251,Yagawa,"2026-09-30 21:51:13",1720.5,2,yagawa
1386,16723241,TrinhDung16,"2026-09-30 18:01:33",1720.5,2,trinhdung16
1387,16793600,mogura2.0,"2026-09-30 21:59:46",1720.5,2,mogura20
1388,16706227,"Wise Fancy","2026-09-30 04:45:48",1720.4,2,wisefancy
1389,16917732,qianqiuwushang,"2026-09-28 21:13:27",1720.0,2,qianqiuwushang
1390,16890222,"Borisov Emilian","2026-09-29 12:42:05",1719.9,2,emili123
1391,16683435,CoorDi,"2026-09-30 07:45:53",1719.8,2,bxy0125
1392,16682283,"RL is all you need","2026-09-30 22:39:42",1719.3,2,"bpmf577,junzhejiao,jwj1342,liaodid,mrschang"
1393,16635314,"Aurora wy","2026-09-30 16:23:21",1718.4,2,aurorawy
1394,16945907,"yuki ogata","2026-09-30 07:09:58",1718.0,2,yyogata
1395,16774843,"Assylkhan Kerey","2026-09-30 08:51:29",1717.7,2,n0nlyy
1396,16672333,"Giovanny Rodríguez","2026-09-30 21:24:37",1717.6,2,giovannyrodrguez
1397,16743988,"Akhilesh Vinnakota","2026-09-26 04:20:38",1717.4,2,akhileshvinnakota
1398,16907326,"julien gaza","2026-09-29 01:04:28",1716.5,2,juliengaza
1399,16639625,"Dr Chandrasen Pandey","2026-09-28 05:28:20",1716.4,2,devchandra
1400,16641751,Hikari_30,"2026-09-29 04:21:44",1716.0,2,hikari30
1401,16623488,"Kevin E R MILLE","2026-09-30 22:23:11",1715.5,2,kevinermille
1402,16730462,XTang,"2026-09-30 12:00:40",1715.4,2,flyonthewater
1403,16837554,Quickpanda,"2026-09-30 06:45:10",1715.0,2,quickpanda
1404,16658865,"Victoria Karpukhina","2026-09-30 15:36:09",1714.8,2,vikileina
1405,16896224,"Rajveer Singh Rajput","2026-09-30 21:25:31",1713.8,2,rajveersrajput080
1406,16743165,"Chiachii Liang","2026-09-28 03:14:42",1713.6,2,chiachiiliang
1407,16718033,TheMightiestMan,"2026-09-29 13:54:33",1713.0,2,themightiestman
1408,16731186,Naru041104,"2026-09-30 15:33:42",1712.6,2,naru041104
1409,16880830,Piyorin,"2026-09-27 13:07:49",1712.6,2,mystakhs
1410,16810587,"Avineesh Arora","2026-09-30 20:35:31",1712.6,2,avndope
1411,16660220,tomo11111,"2026-09-30 21:31:36",1712.4,2,tomo11111
1412,16707547,Lin,"2026-09-30 18:12:38",1711.9,2,linjianrong
1413,16793080,"Lonan Syayf","2026-09-29 19:03:04",1711.6,2,lonansyayf
1414,16712863,ominteam,"2026-09-30 16:27:16",1710.8,2,"luantony,suruikk"
1415,16635969,"Omkar Kadam","2026-09-30 18:29:47",1709.8,2,"itzzomkar,khanayanayub,princypaonam"
1416,16716078,H&E,"2026-09-30 09:10:23",1709.6,2,"jenzenhuang,luwyeb,wafflebear,wenjiewangdev"
1417,16707597,YangAoTian,"2026-09-30 21:43:24",1709.3,2,yangaotian
1418,16914006,Stefano,"2026-09-28 13:08:40",1709.3,2,stefanojp
1419,16945364,胜你不须第二剑,"2026-09-28 08:10:34",1708.9,2,abinyzl123
1420,16692038,CodeHacker,"2026-09-30 14:22:54",1708.3,2,junhanzangai
1421,16710459,Nironiro,"2026-09-30 17:20:05",1708.0,2,nironiro
1422,16669256,Shivam_2212,"2026-09-30 22:15:11",1707.8,2,shivam2212
1423,16675344,PP_Azalearn,"2026-09-30 22:07:35",1707.3,2,"androidss,keitookamoto,pptakehirokawada"
1424,16697898,"Yin Li","2026-09-30 22:01:01",1707.0,2,kevin250304
1425,16811224,yuya,"2026-09-29 18:42:53",1706.9,2,yuomori
1426,16755328,"yang zhang","2026-09-30 13:53:43",1706.9,2,zhang1221ai
1427,16844233,y3uanm,"2026-09-29 04:32:55",1706.7,2,"delta47x,lunpaixo,y3uanm"
1428,16655411,フナコシ,"2026-09-30 22:20:00",1706.6,2,kokifunakoshi
1429,16653260,"Kadouci Abdelhak","2026-09-29 20:54:13",1706.6,2,kadouciabdelhak
1430,16706395,"Kunal Desale","2026-09-30 04:00:43",1706.1,2,kunaldesale2408
1431,16738534,"Sakito Horie","2026-09-29 04:29:59",1705.6,2,sakitohorie
1432,16635340,"zhuo wamg","2026-09-30 17:15:03",1705.3,2,zhuowamg
1433,16845531,"Suzuki Yuto - W","2026-09-30 08:58:47",1705.2,2,hoshinoyumemi
1434,16699045,"Abu Kayyisah Basyid","2026-09-27 16:15:38",1705.1,2,abukayyisahbasyid
1435,16622509,Ali,"2026-09-30 20:30:34",1705.0,2,asalhi
1436,16640067,"minghao mei","2026-09-30 02:05:26",1704.9,2,minghaomei
1437,16792109,rogerrogerroger3r,"2026-09-30 09:13:04",1704.8,2,rogerrogerroger3r
1438,16681049,"SiLin “Can SiLin” Can","2026-09-28 12:20:44",1704.6,2,"k3rn3l,silincansilincan"
1439,16823957,"kiki yi2","2026-09-30 22:17:37",1704.4,2,kikiyi2
1440,16692185,"Xu Suyi","2026-09-30 14:55:48",1703.7,2,xuyuhaosuyi
1441,16861805,farmer-kuni,"2026-09-30 18:32:56",1703.6,2,kuni05
1442,16850683,cooked,"2026-09-30 13:28:19",1703.4,2,"jentopia,toasty3302,xenonminer"
1443,16731940,xxxxyt,"2026-09-30 08:55:33",1703.4,2,"shengqinxi,xmxgxcs,xxxxyt"
1444,16634128,ZechHuang,"2026-09-30 09:26:19",1703.1,2,zechhuang
1445,16686912,@mldsdev,"2026-09-30 23:25:19",1702.8,2,lan1mel
1446,16631421,cg,"2026-09-22 14:31:09",1702.7,2,chaitanyagarg2
1447,16742684,Inzilbêth,"2026-09-30 12:41:17",1702.0,2,inzilbth
1448,16634765,democatXamer,"2026-09-30 19:19:06",1702.0,2,w1326627677
1449,16655505,Debmalya,"2026-09-30 22:27:05",1701.8,2,debmalya84
1450,16938488,Firdannn,"2026-09-29 11:33:25",1701.7,2,firdannn
1451,16799832,"Maman Salto","2026-09-30 04:13:25",1701.2,2,saddamaditya
1452,16839427,kooooozh,"2026-09-29 15:58:50",1701.0,2,grigoriykozhemyakin
1453,16760244,"Alex Paul","2026-09-27 18:50:13",1700.6,2,alexazander
1454,16810171,kta_jpn,"2026-09-30 22:33:06",1700.2,2,ktajpn
1455,16740161,r2singh,"2026-09-29 14:02:23",1700.2,2,ratnaraj
1456,16768104,"Ivan Aleksandrov","2026-09-30 15:29:40",1700.0,2,ivanblch
1457,16622121,xz,"2026-09-27 17:11:33",1699.8,2,xiaoz259
1458,16776793,"Guilherme Raiuga","2026-09-30 20:05:24",1699.5,2,guilhermeraiuga
1459,16661073,PyJa,"2026-09-30 16:20:34",1699.5,2,pixiux
1460,16941692,twotodevnull,"2026-09-30 05:23:29",1698.9,2,twotodevnull
1461,16786595,"dbvz sbsbs","2026-09-30 07:39:03",1698.9,2,dbvzsbsbs
1462,16652631,"Panagiotis Anagnostou","2026-09-29 07:48:13",1698.4,2,panosanag
1463,16622319,"Roman Tamrazov 52","2026-09-30 21:31:27",1698.0,2,romantamrazov
1464,16764089,UtaAzu,"2026-09-30 15:11:23",1697.9,2,utaazu
1465,16841026,"Max Power","2026-09-30 22:19:38",1697.9,2,markbarney
1466,16949185,"Akil Al-Sharafi","2026-09-29 13:57:01",1697.6,2,akilalsharafi
1467,16752104,WYSSR1225,"2026-09-30 05:39:25",1697.6,2,wyssr1225
1468,16634026,"Mike Kim","2026-09-30 19:58:42",1697.5,2,mikeskim
1469,16633944,Toru59er,"2026-09-28 00:04:27",1697.2,2,toru59er
1470,16941720,Abdellatif,"2026-09-30 21:23:50",1696.4,2,moussaid
1471,16778417,"TANG BUDU 19SD195","2026-09-29 17:02:11",1696.4,2,tangbudu19sd195
1472,16778469,"Tamandeep Singh","2026-09-27 17:09:21",1696.1,2,tamandeep1024
1473,16731832,jackee777,"2026-09-30 22:43:52",1696.0,2,jackee777
1474,16865949,bhaskar9221,"2026-09-29 18:12:35",1695.7,2,bhaskarkumar11
1475,16840857,Meteor,"2026-09-30 11:34:24",1695.3,2,meteorkid
1476,16774700,たたたた,"2026-09-30 07:36:56",1695.2,2,tatatata1111
1477,16671088,jasonstillchasin,"2026-09-30 21:40:39",1695.0,2,jasonstillchasin
1478,16923115,"Takamasa Ueno","2026-09-28 02:06:50",1694.7,2,uentsz
1479,16730344,lvisdd,"2026-09-30 17:55:52",1694.1,2,lvisdd
1480,16644456,"Agbe Eko","2026-09-30 21:50:38",1693.7,2,timmecom
1481,16776738,"Kundan Bhaskar","2026-09-28 18:53:39",1693.7,2,kundan007
1482,16760158,"apple farmer","2026-09-30 19:42:35",1693.5,2,gustavoknudsen
1483,16932850,"Amir Ghazi","2026-09-28 23:32:13",1693.4,2,amirghazi
1484,16863344,masat,"2026-09-30 23:19:09",1693.0,2,masatttt
1485,16745995,"Guido Tapia","2026-09-28 05:26:17",1692.7,2,guidotapia
1486,16865070,carlos-tagosaku,"2026-09-28 03:44:02",1692.6,2,sousugiyama
1487,16662910,"shoryakumar mishra","2026-09-30 16:52:11",1692.2,2,shoryakumarmishra
1488,16658044,"Roshan Singh","2026-09-22 21:43:31",1692.2,2,roshanavadheshsingh
1489,16749034,digitalChaos,"2026-09-30 12:00:19",1691.9,2,digitalchaos666
1490,16699856,yukio,"2026-09-30 15:24:41",1691.8,2,yukioseki
1491,16662846,"Kerem Ercin","2026-09-29 15:22:13",1691.3,2,keremercin
1492,16843042,"Frost Cerberus","2026-09-30 16:50:53",1691.2,2,frostcerberus
1493,16761657,Picu,"2026-09-30 20:34:36",1690.9,2,rumoschilling
1494,16753567,wangkxu,"2026-09-29 02:39:09",1690.2,2,davics
1495,16921800,tmcoder,"2026-09-29 14:21:08",1690.2,2,tm0428
1496,16805778,"Dương Đức Anh","2026-09-30 17:01:27",1690.0,2,"dda2k6,trungdttik55"
1497,16640388,SANNNNN,"2026-09-30 01:05:02",1689.7,2,zuhairsan
1498,16717901,"Ahmed Hazem Abdeltawab","2026-09-29 21:49:11",1689.3,2,ahmedhazem23
1499,16723967,dk2lone,"2026-09-29 06:03:55",1689.2,2,dk2lone
1500,16666393,saikyo,"2026-09-30 02:45:27",1688.9,2,kyosaikyo
1501,16806206,"Yuan Yongth","2026-09-30 19:59:31",1688.8,2,"sunnylzheng,yuanyongth"
1502,16634493,xixi,"2026-09-28 15:33:24",1688.7,2,huangcarry26
1503,16863538,e-toppo,"2026-09-29 01:48:36",1687.6,2,masatomatsui
1504,16659412,yesterdays_rebel,"2026-09-28 10:39:06",1687.3,2,irfanparaniya
1505,16631215,私立ホルスタイン学園,"2026-09-30 12:47:36",1687.2,2,hiranorm
1506,16639565,yasu,"2026-09-30 01:10:55",1686.6,2,yasutakababa
1507,16836633,Yukino487,"2026-09-30 11:26:32",1686.4,2,"xingyulll,yukino487"
1508,16762957,邪悪な暁山瑞希、ジャガイモを量産してフライドポテト市場を独占,"2026-09-28 15:10:55",1686.4,2,yinzimike
1509,16844672,"sleeping king","2026-09-30 19:11:02",1686.2,2,sleepingking
1510,16667951,KoRo2_JP,"2026-09-30 18:13:27",1685.5,2,koro2jp
1511,16717289,JackChenghao,"2026-09-30 02:36:51",1685.4,2,jackchenghao
1512,16920678,qinsuikang,"2026-09-30 16:11:37",1685.1,2,"qinsuikang,tudousisi"
1513,16676193,"Akira Hirohashi","2026-09-29 13:38:55",1685.0,2,akirahirohashi
1514,16795853,GaoKui,"2026-09-30 16:25:54",1684.9,2,gaokui
1515,16659843,"Amer Alkhalili","2026-09-30 12:56:58",1684.7,2,ameralkhalili
1516,16775286,DanilAbdullin,"2026-09-28 11:42:03",1684.6,2,danilabdullin
1517,16632214,roomer,"2026-09-29 14:12:52",1683.6,2,"matsuphy,mqme526,yasunamiura"
1518,16633190,Gigrise,"2026-09-30 22:14:08",1683.5,2,gigrais
1519,16691038,"animal crossing","2026-09-30 21:59:47",1683.5,2,hoonchoonc
1520,16639507,Homii_N,"2026-09-27 20:22:41",1683.3,2,homeshwarrao
1521,16717572,kiyomiya-k,"2026-09-27 15:46:20",1683.2,2,kiyomiyak
1522,16661702,"Chattso-GPT (Yasuhito Yanagisawa)","2026-09-30 16:20:15",1682.9,2,yasuhitoyanagisawa
1523,16777961,qiwaki,"2026-09-28 14:54:32",1682.6,2,resonayu
1524,16652214,Zhenrui.Weng,"2026-09-30 02:21:52",1682.3,2,zhenruiweng
1525,16845713,"qweq asd","2026-09-30 05:50:28",1682.3,2,qweqasd
1526,16692956,VanKoha,"2026-09-30 08:28:26",1682.1,2,kohasama
1527,16740431,yuikag,"2026-09-30 22:36:37",1682.1,2,yuikag
1528,16793396,...,"2026-09-28 09:02:01",1682.0,2,shackles6966
1529,16634312,"Linh Le","2026-09-29 09:26:19",1681.9,2,linhlethuy
1530,16724806,rin2401,"2026-09-29 01:42:12",1681.8,2,rin2401
1531,16772723,"Zhou Haonan","2026-09-30 23:05:44",1681.7,2,hatsuseizuna
1532,16670453,141,"2026-09-30 08:22:24",1681.5,2,"muhammadmustafaxo,siddiqshah"
1533,16630548,"YJ Wee 2807","2026-09-30 16:54:31",1681.1,2,yjwee2807
1534,16743015,"Sword's Frost","2026-09-29 03:29:55",1681.1,2,alexwilliam7
1535,16779110,markastra,"2026-09-30 03:10:28",1680.9,2,markastra
1536,16851557,SunaoCool,"2026-09-28 00:03:30",1680.9,2,yoshikinishita
1537,16676455,"Sarthak Sharma ","2026-09-30 19:27:28",1680.6,2,sarthaksharma14
1538,16717794,souldrive,"2026-09-30 02:38:49",1680.5,2,souldrive
1539,16798724,"junfan shen","2026-09-28 12:41:51",1680.1,2,junfanshen
1540,16842242,"Scott Kirila","2026-09-27 09:00:25",1679.9,2,scottkirila
1541,16748765,"A. R. SEKKAT","2026-09-30 23:26:47",1679.9,2,arsekkat
1542,16651402,"Mille Initiate","2026-09-28 08:52:31",1679.8,2,milleinitiate
1543,16866933,tech-Mira,"2026-09-30 15:57:07",1679.5,2,itsukiito
1544,16765327,master_ssx,"2026-09-27 22:55:19",1679.5,2,masterssx
1545,16638386,"Md Boktiar Mahbub Murad","2026-09-30 08:10:38",1679.4,2,mbmmurad
1546,16750268,"Harris Bashir","2026-09-30 18:10:07",1679.1,2,harrisbashir
1547,16779067,fishwg,"2026-09-30 13:49:33",1678.9,2,fishwg
1548,16940953,"Bob Liu","2026-09-29 12:43:34",1678.8,2,bobliu02041302
1549,16887476,"Memory Engineer","2026-09-29 05:36:36",1678.5,2,salazarslytherin
1550,16894196,"Qiank Chen","2026-09-28 21:56:56",1677.7,2,qiankchen
1551,16674526,"Imdadul hasan hamim","2026-09-29 12:57:08",1677.7,2,imdadulhasanhamim
1552,16635818,F.A.Nina,"2026-09-29 23:35:38",1677.3,2,nina2025
1553,16731971,s_a_ai_engineer,"2026-09-30 15:01:45",1677.1,2,saaienginner
1554,16644690,Dubnium,"2026-09-30 17:05:04",1677.0,2,ahmetyasin1
1555,16632138,kaggle_bbgg,"2026-09-30 00:04:38",1676.8,2,kagglebbgg
1556,16797543,Tarang222,"2026-09-27 19:17:22",1676.7,2,tarang222
1557,16730045,渡邊征央,"2026-09-30 16:37:57",1676.6,2,undertaker3409
1558,16823938,InSociEUP,"2026-09-30 05:55:35",1676.5,2,santanubanerjee9
1559,16623643,LiXingtao,"2026-09-30 09:18:43",1676.2,2,lixingtao123
1560,16806053,hisatarosu,"2026-09-30 11:10:51",1676.1,2,tomako4390
1561,16775686,"Max Podd","2026-09-29 12:54:08",1675.9,2,maxpodd
1562,16936280,dev.asad67,"2026-09-29 21:49:08",1675.2,2,devasad67
1563,16753974,"David Goldrajch","2026-09-30 17:06:35",1675.0,2,elie2003
1564,16655128,"Somasundar V","2026-09-30 16:20:38",1674.6,2,somasundarv
1565,16845570,CHCV,"2026-09-30 06:59:33",1674.4,2,chcvpz
1566,16623577,"Jiayi Tang","2026-09-30 18:25:55",1673.6,2,mannguo
1567,16689844,IchikaHoshino,"2026-09-26 12:20:19",1673.3,2,htunkhi
1568,16737237,"Ayodeji Adesegun","2026-09-29 19:37:24",1673.0,2,ayodejiadesegun
1569,16891283,tofu1002,"2026-09-30 19:09:44",1672.8,2,tofu1002
1570,16882280,K_daisuke,"2026-09-29 13:08:39",1672.2,2,kawakamidaisuke
1571,16677217,Panos,"2026-09-29 21:49:43",1672.1,2,panosc
1572,16621595,"Farmers From Punjab","2026-09-27 05:14:16",1671.7,2,alisalmanrana
1573,16890976,zyh222,"2026-09-30 22:45:29",1671.6,2,"eason0407,hrj314,tanghuan2005,zyh222"
1574,16631640,7day-enough,"2026-09-30 16:05:44",1671.4,2,"caoyupeng,diandianzi,lingyu07,lixin73,xiaoxiaohuazong"
1575,16802322,HongchenDai,"2026-09-30 08:12:39",1670.8,2,hongchendai
1576,16842828,"Smiley Flour","2026-09-27 12:44:57",1670.4,2,"ddlinh212,nguyenvlm"
1577,16641982,ZotAZaw3,"2026-09-30 03:47:36",1670.3,2,zotazaw3
1578,16655631,"Djamila Benchikh","2026-09-28 20:37:08",1669.8,2,djamilabenchikh
1579,16799132,"Marlon Vasquez","2026-09-29 01:50:15",1669.7,2,vexmeavf
1580,16729130,KoshinM,"2026-09-30 04:14:04",1669.6,2,koshinm
1581,16628456,kiro,"2026-09-29 06:30:32",1669.4,2,kirosamurai
1582,16786126,"Max Bloom","2026-09-30 19:39:19",1669.4,2,maxbloom
1583,16804827,"Bala Baskar","2026-09-28 13:55:41",1669.2,2,balabaskar
1584,16896273,Elooquence,"2026-09-28 09:44:17",1669.1,2,"elooquence,opulencee,piicturesque"
1585,16893006,"Duvor Richard","2026-09-27 16:21:20",1669.1,2,duvorrichard
1586,16706004,Divyansh,"2026-09-30 12:19:32",1668.9,2,sehgaldivyansh
1587,16935669,"Timon Wendland","2026-09-30 21:04:56",1668.9,2,timonwendland
1588,16778835,kiyoc,"2026-09-30 21:18:29",1668.4,2,kiyoshiohno
1589,16681848,Haraguchi-T,"2026-09-28 12:28:23",1668.3,2,haraguchit
1590,16944892,Daijingping,"2026-09-29 04:00:52",1668.2,2,daijingping
1591,16662618,"Soledad Santiago","2026-09-30 14:43:15",1668.1,2,soledadsantiago
1592,16860071,TOSS,"2026-09-30 23:24:57",1668.1,2,toshikawa80
1593,16658382,vladee,"2026-09-29 11:34:02",1668.0,2,vladee
1594,16670229,Munshi-PremChand,"2026-09-30 13:51:34",1668.0,2,munshipremchand
1595,16732666,"Stefano Blando","2026-09-30 22:08:06",1667.9,2,stefanoblando
1596,16732126,iwashi,"2026-09-27 18:45:45",1667.7,2,iwashi
1597,16740506,Growingduck,"2026-09-30 20:05:34",1667.4,2,jaeminkang2021
1598,16723272,"Rimsha Kanwal","2026-09-27 19:29:56",1666.9,2,rimsha234
1599,16948694,"Bob Jeff","2026-09-27 04:55:57",1666.8,2,bobrg123
1600,16732690,なーでぃー牧場,"2026-09-30 08:32:30",1666.8,2,nadyresearcher
1601,16794598,"Andrew Yu","2026-09-30 02:57:34",1666.5,2,andnyu
1602,16671659,Jiang,"2026-09-25 10:48:42",1666.4,2,jncq2006
1603,16858087,"Mohd Aasim Ansari","2026-09-30 10:23:23",1666.4,2,aasim2003
1604,16889296,"Takauchi Suguru","2026-09-30 12:07:08",1665.9,2,gurusut
1605,16630984,TakamaruEX,"2026-09-30 09:57:19",1665.7,2,takamaruex
1606,16730706,flaty,"2026-09-30 10:12:58",1665.4,2,flat831
1607,16663252,"MD Concepcion","2026-09-29 23:34:46",1665.3,2,mikedconcepcion
1608,16694710,ponsuk,"2026-09-30 13:11:21",1664.7,2,ponsuk
1609,16772460,"Дмитрий Онин","2026-09-27 02:00:16",1664.6,2,rejo1ce
1610,16738503,dddmd,"2026-09-30 22:43:31",1663.9,2,dddmdd
1611,16795086,Leroll,"2026-09-29 05:35:15",1663.7,2,leroll
1612,16622032,"Raunak Dey","2026-09-30 10:25:25",1663.6,2,raunakdey07
1613,16632735,"No Free Lunch, Only Melons","2026-09-29 20:02:49",1663.3,2,kawaharataishi
1614,16668406,"VAP RF5","2026-09-27 16:51:03",1663.0,2,vaprf5
1615,16932849,"Siddhant Rajhans","2026-09-30 20:49:18",1662.3,2,siddhantrajhans
1616,16622420,RuiFSPinto,"2026-09-30 06:57:56",1662.1,2,ruifspinto
1617,16640600,"Giord Frank","2026-09-30 02:47:03",1662.0,2,"fggggg12345,tangerinedog"
1618,16846968,kfous,"2026-09-30 20:03:08",1661.9,2,kfousekis
1619,16881857,Pheonix,"2026-09-27 12:07:16",1661.8,2,vikasg1711
1620,16643453,Haumea,"2026-09-30 23:18:19",1661.8,2,chaitanyagullapalli
1621,16716317,yzyhello,"2026-09-30 08:47:12",1661.5,2,"dalll77,yzyhello"
1622,16793461,"Muhammad Hokimiyon","2026-09-30 18:54:13",1661.5,2,muhammadhokimiyon
1623,16653939,"Amr Yasser","2026-09-30 12:18:33",1661.3,2,amryasswe
1624,16881681,失忆的海_,"2026-09-30 04:20:33",1661.0,2,shiyidehai
1625,16769967,"Bill Fan","2026-09-29 00:57:08",1660.7,2,billfan88
1626,16664760,SN,"2026-09-25 22:07:29",1660.5,2,spirosnianiaras
1627,16761744,"Daiki Takahashi","2026-09-29 12:19:44",1660.5,2,daikitakahashi
1628,16907246,VROPEXT,"2026-09-28 15:05:06",1660.5,2,vropext
1629,16663213,"Takahiro Someya","2026-09-27 09:34:49",1660.4,2,takahirosomeya
1630,16930934,LosiSt,"2026-09-29 14:00:55",1659.9,2,losist
1631,16731630,SatoshiN04,"2026-09-27 23:19:51",1659.5,2,satoshinakamura04
1632,16662051,"Salem Ali","2026-09-30 07:54:54",1659.4,2,salemali7
1633,16783021,"TAN TIANYE","2026-09-30 08:18:56",1659.3,2,tantianye
1634,16930569,MarqueeMoon19770208,"2026-09-30 15:26:05",1659.0,2,marqueemoon19770208
1635,16656011,"Jiashun Tan","2026-09-28 08:56:10",1658.9,2,jiashuntan
1636,16880296,"CT in CS","2026-09-30 08:27:24",1658.6,2,"anhphamtranminh,nguyenvietdat,nnvietha,toanleducanh"
1637,16805244,nari,"2026-09-30 21:11:26",1658.3,2,shoheiyoshinari
1638,16736985,Colt,"2026-09-30 17:53:21",1658.3,2,nht1990
1639,16898090,"Zbigniew Kirchner","2026-09-30 21:21:17",1658.3,2,zbigniewkirchner
1640,16696762,SOSyuki,"2026-09-30 18:49:17",1658.1,2,sosyuki
1641,16696960,pi-500.phys,"2026-09-28 15:52:33",1657.9,2,pi500phys
1642,16631592,ktr,"2026-09-26 15:20:21",1657.7,2,kcotton21
1643,16807411,tamura_aicon,"2026-09-23 00:03:54",1657.6,2,hayatetaf
1644,16656432,"CornHub Premium","2026-09-30 15:34:33",1657.2,2,nihilisticneuralnet
1645,16793344,zyichi,"2026-09-30 01:35:32",1657.0,2,zyichi
1646,16623938,flashthunder,"2026-09-29 08:55:57",1656.9,2,thunderflash
1647,16671133,Kazeneko,"2026-09-30 12:38:27",1656.8,2,kazeneko77
1648,16741639,kirito83,"2026-09-30 19:16:06",1656.6,2,lishsh83
1649,16744837,JuliaGastellu,"2026-09-30 21:30:35",1656.5,2,juliagastellu
1650,16627148,"HUNGRED XYIS","2026-09-29 07:37:00",1656.5,2,"gleny48,makarrogovik,wooler1"
1651,16727745,auouer,"2026-09-30 19:22:09",1656.3,2,"auouer,guriken,hkamna,insightfulthinking"
1652,16796840,ezalbxx,"2026-09-29 20:17:55",1656.1,2,ezalbxx
1653,16668262,spbforce,"2026-09-27 20:01:54",1656.0,2,spbforce
1654,16665294,"Thái Văn Tài","2026-09-29 09:09:00",1656.0,2,thivnti
1655,16850198,"Daiki Yasui","2026-09-28 14:32:25",1655.9,2,daikiyasui
1656,16674932,kokinnwakashuu,"2026-09-29 21:51:03",1655.7,2,kokinnwakashuu
1657,16795070,"HKUST Random","2026-09-28 15:11:10",1655.5,2,siulungfan
1658,16881913,"Dhanush Reddy B H","2026-09-29 16:03:41",1655.5,1,dhanushreddybh
1659,16658830,"Farhat Pachisa","2026-09-30 04:21:03",1655.4,2,farhatpachisa
1660,16623875,"Pavlo Ivanin","2026-09-30 17:50:13",1655.4,2,pavloivanin
1661,16757621,Kurokawa,"2026-09-30 21:34:07",1655.1,2,hiroshikurokawa
1662,16930387,Stevenzhao26,"2026-09-30 05:31:45",1654.9,2,stevenzhao26
1663,16808111,"Oliver #2","2026-09-30 18:07:32",1654.9,2,wangzn0410
1664,16685358,"Nuno Ferreira","2026-09-30 07:14:10",1654.7,2,ngcferreira
1665,16696997,coolin666,"2026-09-30 18:00:18",1654.7,2,coolin666
1666,16841434,soraemon,"2026-09-30 15:11:43",1654.6,2,soraemon
1667,16709930,llRX,"2026-09-30 16:24:22",1654.6,2,"bankkobe,leojeel,ruikaihong"
1668,16671412,Xman,"2026-09-30 17:58:12",1654.3,2,xuanzhang001
1669,16841747,"Carlos Bósquez","2026-09-30 17:36:19",1654.1,2,carlosbsquez
1670,16840212,anngle,"2026-09-30 14:12:07",1654.1,2,anngle
1671,16621709,smlcr,"2026-09-30 11:25:49",1654.0,2,simulacri
1672,16823981,"mou mou","2026-09-30 03:46:00",1653.9,2,moumou6322
1673,16878026,yamazaking,"2026-09-28 23:42:03",1653.7,2,zacky21
1674,16756492,satokato,"2026-09-27 09:08:44",1653.6,2,satokato
1675,16659972,"Pelamovic ","2026-09-30 12:17:17",1653.1,2,pelamovic
1676,16927351,"Bryan Yahir Hernandez","2026-09-27 19:28:33",1653.0,2,bryanhernandez
1677,16663999,"Colton Martin","2026-09-29 19:32:14",1652.7,2,coltonmartinnn
1678,16709339,"Mohammad Javad Dianat","2026-09-29 08:51:42",1652.1,2,dianatofficial
1679,16656143,"Debanshu Mallick","2026-09-27 07:55:25",1651.9,2,debanshumallickiisc
1680,16641230,"An V1","2026-09-28 15:19:03",1651.8,2,barakuga
1681,16850522,WayneCheng,"2026-09-29 05:08:23",1651.6,2,taffy1883
1682,16710140,Lynxx,"2026-09-30 17:21:38",1651.6,2,lynnsakurai
1683,16691572,"Lord Momo","2026-09-30 07:39:50",1651.3,2,stevenleehans
1684,16919647,moo_&yuu1,"2026-09-30 12:43:52",1651.2,2,"a91zjy,mooyuu"
1685,16760241,"Collin Christensen","2026-09-30 22:22:00",1651.1,2,cchristens
1686,16802505,daviondk,"2026-09-30 19:02:23",1651.1,2,daviondk
1687,16665077,"Mohit Babel","2026-09-30 07:58:27",1650.5,2,mohitbabel
1688,16657576,"SUBHASH B","2026-09-30 16:39:18",1650.1,2,"rishikrish1,subhashb21022"
1689,16663614,Nevska,"2026-09-30 22:49:39",1650.0,2,nevska
1690,16689599,Ryvven,"2026-09-30 22:44:28",1649.9,2,unethicalmk
1691,16655912,sssskilo,"2026-09-29 20:50:38",1649.8,2,wellkilo
1692,16884121,Radiant,"2026-09-30 17:01:32",1649.7,2,"dnpkkk,xxxxxx6x,y4matt"
1693,16929850,"XINGYUAN  ZHOU","2026-09-30 19:17:26",1649.2,2,n05199
1694,16731270,"Arthurs Torres24","2026-09-29 17:34:57",1649.0,2,arthurstorres24
1695,16743218,RYUSHI,"2026-09-30 00:57:31",1649.0,2,ryushisa
1696,16640873,"Takumu Hata","2026-09-30 10:09:29",1648.5,2,takumuhata
1697,16677855,Mehrdad_LU,"2026-09-30 19:54:00",1648.5,2,mehrdadal2023
1698,16725403,tabetai28,"2026-09-30 15:21:34",1648.0,2,taichiabewaseda
1699,16755049,gamesu7107,"2026-09-29 04:02:49",1648.0,2,gamesu7107
1700,16655379,Ikeda0516,"2026-09-28 03:39:05",1647.9,2,ikeda0516
1701,16736079,Maxy5illion,"2026-09-29 06:18:21",1647.9,2,maxy5illion
1702,16663457,Furqan102102,"2026-09-29 18:55:19",1647.8,2,furqan102102
1703,16730688,zy,"2026-09-26 17:59:04",1647.7,2,justforwin
1704,16841335,abondrn,"2026-09-29 00:38:13",1647.7,2,abondrn
1705,16653068,"Shuichi Fushimi","2026-09-30 16:35:58",1647.7,2,shuichifushimi
1706,16668737,"Abish Pius","2026-09-30 01:06:37",1647.6,2,abishpius
1707,16903912,樱花冷月,"2026-09-30 09:38:48",1647.6,2,yinghualengyue
1708,16759250,"Harsh Jain","2026-09-30 13:56:51",1647.1,2,harshjain123
1709,16675684,washamba_bots,"2026-09-30 18:47:14",1647.1,2,"billygmwangi,futurecentaur,peterkibetspidey,stephanenjoki"
1710,16624073,SoftRL,"2026-09-30 21:23:17",1647.0,2,"maruichi01,ppocharl,puws06,tatsukisato,unikina"
1711,16942014,"Raymond Parker","2026-09-26 11:58:26",1646.9,2,raymondparker
1712,16660313,Ctrl+Code,"2026-09-30 05:13:53",1646.8,2,"jayashankar369085,parnikasm"
1713,16660046,"Ikki Katsuyama","2026-09-30 04:52:54",1646.8,2,kacchanwriting
1714,16630015,星之海,"2026-09-30 19:04:12",1646.8,2,web3cainiao
1715,16784420,renyxin,"2026-09-30 23:26:44",1646.1,2,renyxin
1716,16718788,"Paxton Tillman","2026-09-30 23:09:09",1645.3,2,paxtontillman
1717,16765807,"Win Suthar","2026-09-30 14:54:52",1644.5,2,ashwanidhukra
1718,16654076,"Son Pham","2026-09-29 02:50:04",1644.4,2,sonphamorg
1719,16851147,Saifuddin,"2026-09-30 13:04:21",1643.5,2,syehsyoh
1720,16791924,magu1234,"2026-09-29 05:38:12",1643.4,2,magu1234
1721,16741516,"Anh Tu","2026-09-30 13:09:42",1643.3,2,natcs98
1722,16709712,iwa_hueai,"2026-09-28 02:01:16",1642.8,2,"sdcarson,yetanothercoder"
1723,16666784,"Michał Łapiński","2026-09-30 22:01:05",1642.5,2,michaapiski
1724,16663259,erush,"2026-09-30 04:24:56",1642.4,2,erushia
1725,16726287,BBaRRel.,"2026-09-26 13:26:34",1642.2,2,yujinkk0609
1726,16625060,"Subin An","2026-09-30 23:20:51",1641.5,2,subinium
1727,16727893,mmwstudy,"2026-09-26 07:43:03",1641.4,2,mmwstudy
1728,16657091,raw2clean,"2026-09-30 17:11:58",1641.2,2,raw2clean
1729,16730142,static,"2026-09-30 09:51:14",1640.7,2,huangshunhao
1730,16934864,"Li Li","2026-09-30 13:56:34",1640.6,2,aikinogard
1731,16910137,imissher,"2026-09-28 22:51:45",1640.5,2,tule12345
1732,16764605,"Bandito Gangesterito","2026-09-30 12:11:57",1640.3,2,"mrtrueteller,restovrator"
1733,16948826,"Viswesh Suri","2026-09-27 18:23:19",1640.3,2,visweshsuri
1734,16728262,wakawakayu,"2026-09-30 09:33:32",1639.9,2,wakawakayu
1735,16697266,"Top 1 🏆","2026-09-27 05:22:26",1639.7,2,"fahankaudeer,solirus,syntaxprnv,udhaykumarsujeebun"
1736,16793656,王子铖,"2026-09-30 22:04:43",1639.2,2,aurantium
1737,16730301,wonder777,"2026-09-30 16:49:04",1639.1,2,wonder777
1738,16905517,Marti,"2026-09-30 03:14:21",1638.7,2,marticn
1739,16755654,oQo,"2026-09-30 22:28:56",1638.4,2,oqoxodk6
1740,16879185,"xuhang ren","2026-09-30 08:03:40",1638.4,2,xuhangren
1741,16932335,"Dom Bavuso","2026-09-30 23:06:26",1638.1,2,dombavuso
1742,16663229,kakuteki,"2026-09-30 19:57:43",1638.0,2,kakuteki
1743,16773098,Apa,"2026-09-30 09:46:02",1638.0,2,yasso1
1744,16885735,keith,"2026-09-28 22:26:52",1638.0,2,kamatt
1745,16623366,"Alexander Dudin","2026-09-30 21:02:52",1638.0,2,cyberecho
1746,16658334,"Roy Wei","2026-09-29 21:09:35",1637.8,2,renyiwei
1747,16932413,"Evgeny Bratkovsky","2026-09-30 16:54:01",1637.6,2,bratkovskyevgeny
1748,16662628,AbhiniveshSharma5354,"2026-09-30 21:30:34",1637.4,2,abhiniveshsharma5354
1749,16791248,"Ioannis Tzachristas","2026-09-30 19:24:03",1637.1,2,"ioannistzachristas,lilishyxf"
1750,16806475,sohma,"2026-09-30 21:55:04",1637.1,2,hi210278
1751,16935893,lixusb,"2026-09-30 08:44:36",1636.9,2,lixusb
1752,16693342,takemo,"2026-09-30 22:23:55",1636.8,2,takemoriyuto
1753,16700068,"My Little Pony","2026-09-30 15:26:31",1636.1,2,"buxiangzaoqi66,juliezhang131,yaoyilv"
1754,16865470,J.Moriuchi,"2026-09-29 15:14:12",1636.0,2,hesoponyo
1755,16730728,"Le Trong Hieu","2026-09-30 22:00:17",1635.6,2,backtracking
1756,16658343,aisamhottman,"2026-09-30 14:37:17",1635.3,2,heuingttiang
1757,16879636,aaaaLiu123,"2026-09-30 15:53:59",1635.2,2,aaaaliu123
1758,16654373,thwaitsusa2,"2026-09-30 21:19:36",1635.0,2,thwaitsusa2
1759,16764394,haseryooooo,"2026-09-30 09:37:37",1634.9,2,haseryooooo
1760,16712796,"Kumar Saurabh","2026-09-30 18:39:32",1634.9,2,bakakaka
1761,16675863,"Habib ullah","2026-09-30 13:55:12",1634.8,2,habibullah123456789
1762,16638781,itsuki-data,"2026-09-30 22:32:33",1634.6,2,itsuki89
1763,16735539,"Joe Muller","2026-09-27 05:04:25",1634.6,2,joemuller
1764,16851133,"Bryan Pauze","2026-09-30 00:50:54",1634.3,2,bryanpauze
1765,16632201,neurlog,"2026-09-30 22:28:28",1634.2,2,neurlog
1766,16755229,theearthcheng,"2026-09-30 14:56:22",1634.2,2,theearthcheng
1767,16671424,cicen1139,"2026-09-30 05:38:05",1634.0,2,cicen1139
1768,16809211,"Aleix López","2026-09-30 00:31:09",1634.0,2,aleixlopez
1769,16771394,"ZHIRUI ZHAO","2026-09-30 14:58:22",1634.0,2,"harr23,zhiruizhao"
1770,16763767,"Carson Zhang","2026-09-28 08:58:52",1633.9,2,zmcddn
1771,16681369,GanadorPlusUltra,"2026-09-29 16:18:56",1633.4,2,ganadorplusultra
1772,16671017,"Pablo César Ruíz","2026-09-30 06:57:19",1633.3,2,pcruiher08
1773,16822002,shiokoh,"2026-09-30 14:31:39",1633.2,2,shiokoh
1774,16806014,"weihao huang2004","2026-09-30 04:17:55",1633.2,2,weihaohuang2004
1775,16774712,icelemon2004,"2026-09-30 20:48:42",1633.2,2,"guanghuchen,icelemon2004,mustard64"
1776,16769116,qiuqiu,"2026-09-30 08:22:57",1632.9,2,qiuqiuh
1777,16668168,"Desh ke Mitron","2026-09-28 14:41:54",1632.3,2,"asce09,attiraina,hashlord"
1778,16636536,tetsu2131,"2026-09-30 23:00:06",1632.2,2,tetsutani
1779,16653093,"willam wu","2026-09-29 16:04:05",1631.3,2,biaaib
1780,16727784,Baen,"2026-09-29 07:21:34",1631.2,2,cairh22
1781,16711918,"Pavel Filin","2026-09-28 17:37:31",1629.9,2,pavelfilin
1782,16896572,latentm,"2026-09-26 12:30:30",1629.7,2,"latentm,quannt9,xanvior,xeloria"
1783,16847725,SOLUCIENCE,"2026-09-30 05:31:19",1629.5,2,solucience
1784,16701897,"Alejandro Lavandeira Casais","2026-09-30 20:28:30",1629.3,2,alejandrolavandeira
1785,16657093,"sixer srinath","2026-09-30 15:50:10",1629.2,2,srinath2495
1786,16847275,"Giovanni Marco Dall'Olio","2026-09-30 09:07:58",1629.1,2,dalloliogm
1787,16926111,"Somya Patra","2026-09-30 11:39:55",1629.0,2,somyapatra
1788,16709468,"Andrey Chankin","2026-09-30 20:13:00",1628.8,2,bluepill
1789,16664836,"Adnan Zaman","2026-09-30 19:05:43",1628.5,2,adnanzamanniloy
1790,16905685,小娃娃是娃娃里较小的娃娃,"2026-09-30 15:01:10",1628.4,2,xiewenwei29
1791,16863329,"Alvaro Mendizabal","2026-09-30 20:32:57",1628.1,2,alvaromendizabal
1792,16732530,可抽奖的冰棒,"2026-09-30 12:59:24",1628.0,2,daniel1547
1793,16789903,"Netanel Keidar","2026-09-26 00:09:01",1627.6,2,netanelkeidar
1794,16859316,LP,"2026-09-27 16:54:45",1627.1,2,lihu6666
1795,16729859,wintermute,"2026-09-30 17:18:34",1627.0,2,siraev
1796,16707467,kay.liechtenstein,"2026-09-30 23:20:50",1626.2,2,kayliechtenstein
1797,16922956,2025爱丁堡大学网球联赛双打冠军国王理查德,"2026-09-29 08:03:53",1626.1,2,lucaluo925
1798,16793287,"Kim Jinseo","2026-09-30 13:33:16",1625.8,2,kimjinseo1
1799,16930459,Ela,"2026-09-30 09:11:10",1625.3,2,pentol
1800,16661754,edwinis,"2026-09-28 20:48:07",1625.2,2,edwinis
1801,16758905,"Iwa Iwa","2026-09-30 18:29:36",1625.2,2,iwaiwa
1802,16779171,Xunden,"2026-09-30 14:08:43",1625.1,2,xunden
1803,16740892,"yuki matsumori","2026-09-30 17:14:16",1624.9,2,yukimatsumori
1804,16846010,muelsyse111,"2026-09-30 15:18:11",1624.3,2,"muelsyse111,zltrqn"
1805,16727110,yemaoye,"2026-09-30 10:34:07",1624.2,2,"luckyappley,yemaoye"
1806,16943709,ser5kovskiy,"2026-09-30 18:02:28",1623.9,2,sergeypyatkovskiy
1807,16654704,mandgeee,"2026-09-30 15:27:10",1623.8,2,mandgeee
1808,16880393,flower_s,"2026-09-30 03:10:49",1623.6,2,flower244140625
1809,16727182,FinalSunFlower,"2026-09-30 22:47:47",1623.4,2,"finalsunflower,wubingheng"
1810,16796238,"Zhongyi Dai","2026-09-30 22:01:12",1623.3,2,zhongyidai
1811,16709463,MKhlystun,"2026-09-29 22:11:26",1621.8,2,mkhlystun
1812,16936121,herens,"2026-09-29 04:14:44",1621.4,2,herens
1813,16658038,Khanh,"2026-09-30 16:47:48",1621.4,2,khanhp142
1814,16838312,macaron,"2026-09-30 23:11:30",1621.3,2,hayatotech
1815,16661570,"sissoko cheick","2026-09-30 09:08:41",1620.6,2,sissokocheick
1816,16749205,"Wish Coding Guy","2026-09-30 21:16:01",1620.6,2,tommycyd
1817,16886400,Nisshi888880,"2026-09-30 15:54:49",1619.9,2,nisshi888880
1818,16888254,CaliforniaDog,"2026-09-30 22:19:55",1619.6,2,californiadog
1819,16792410,"Taewoong Kim","2026-09-30 00:27:50",1619.3,2,aleaiest
1820,16864016,"Setu Chokshi","2026-09-24 15:06:01",1619.2,2,setuch
1821,16630519,"Mehmet Özer","2026-09-30 18:42:46",1619.1,2,ozermehmet
1822,16802578,Yuuki4543,"2026-09-30 19:29:35",1618.9,2,yuuki4543
1823,16897821,bjthomas,"2026-09-30 13:33:02",1618.6,2,bjthomas
1824,16748476,sam_the_rice_cake,"2026-09-30 14:13:03",1618.0,2,"hash548,wliilamsam"
1825,16852141,"Zhou Hengyu","2026-09-30 15:17:05",1617.6,2,zhouhengyuu
1826,16809323,"Naoki Yamada","2026-09-30 12:47:10",1617.5,2,naokiyamada1106
1827,16668610,Sian,"2026-09-30 14:24:35",1617.4,2,arki13
1828,16874388,"Shuqi Zhang","2026-09-30 14:52:38",1617.1,2,"giadungho,sasalisa"
1829,16744979,"Ahmed Alhassan","2026-09-13 21:51:58",1617.1,2,ahmed55
1830,16688907,青烟,"2026-09-30 14:15:13",1616.7,2,"imagine4391,mortal4416"
1831,16824664,wozijishuode,"2026-09-30 14:49:18",1616.6,2,jamsubmarines
1832,16939076,"Solo runner","2026-09-26 23:10:19",1616.4,2,camronsanders
1833,16668564,"Rikito Kanda","2026-09-30 21:40:07",1616.1,2,rikitokanda
1834,16652659,Eos,"2026-09-29 16:11:17",1615.8,2,vvickeyy
1835,16740659,haodou092,"2026-09-30 15:57:25",1615.7,2,haodou092
1836,16632097,PavelLiashkov,"2026-09-30 00:04:19",1615.6,2,bigbag1983
1837,16662949,"Will English","2026-09-29 15:45:33",1615.5,2,dubascudes
1838,16918941,"E-Max AI","2026-09-30 18:45:15",1615.1,2,royalacecat
1839,16732670,minoneru,"2026-09-30 04:51:24",1615.0,2,kotaminoshima
1840,16635209,4eta,"2026-09-30 16:36:12",1614.9,2,bio4eta
1841,16884028,"Jayden Y","2026-09-30 14:22:25",1614.9,2,jy0810
1842,16734914,bharat,"2026-09-30 21:31:27",1614.6,2,bharatmohan
1843,16896203,Qx_qingxi,"2026-09-30 16:37:34",1614.3,2,yongqiangtian
1844,16731678,ShadowT_T,"2026-09-30 21:05:52",1614.3,2,shadowtt
1845,16768449,"Dmitry Volovikov","2026-09-30 19:19:47",1614.2,2,dmitryvolovikov
1846,16741527,meiyoun,"2026-09-30 14:36:39",1614.2,2,"guetsg,meiyoun,miraclehat"
1847,16631090,yoikoarmor,"2026-09-30 19:24:20",1613.8,2,yoikoarmor
1848,16867671,Abhinav0370,"2026-09-26 16:03:44",1613.5,2,abhinav0370
1849,16659730,"Zhang Yingluo","2026-09-30 14:54:18",1613.4,2,zhangyingluo
1850,16791977,JeremyLIU858,"2026-09-30 04:20:31",1613.3,2,jeremyliu1997
1851,16936876,ZeroGrain,"2026-09-30 14:15:11",1613.2,2,"fengwenxu,liuhongyi2026,liyayay,ruihuang999"
1852,16734715,史永刚,"2026-09-30 07:47:23",1613.0,2,shizehao
1853,16948146,tsuka3a_soc,"2026-09-29 04:49:13",1613.0,2,tsuka3asoc
1854,16754567,"Ashraf 1232","2026-09-30 07:44:46",1612.9,2,ashraf1232
1855,16675063,"King Tian","2026-09-30 15:57:12",1612.9,2,"serven1,tianwang1210"
1856,16945162,"Farm Hullabaloo","2026-09-27 15:06:50",1612.5,2,nids21s
1857,16649314,"Yuka,Ota","2026-09-30 12:15:05",1612.3,2,yukaika
1858,16854869,Ibar-Aki,"2026-09-30 21:49:44",1612.2,2,akicolor
1859,16763505,"Sai Reddy Pothireddy","2026-09-30 19:14:41",1611.7,2,saireddypothireddy
1860,16715933,Scomics,"2026-09-30 09:00:16",1611.5,2,"bruceche7797,dongyiqun,jyxxxx"
1861,16707383,"codex is all you need","2026-09-29 05:18:56",1611.5,2,chizhu2018
1862,16909485,SatoGo,"2026-09-30 06:37:21",1611.4,2,satogo
1863,16836787,KSKBL,"2026-09-29 15:35:11",1611.2,2,"length1001,trafalgar1234"
1864,16624893,"GURU Prasaatha S","2026-09-30 19:54:45",1611.0,2,guruprasaathas111
1865,16670883,G*Sim,"2026-09-29 21:13:38",1610.6,2,guillaumesimiand
1866,16670967,"Ne ML Clan","2026-09-30 17:57:11",1610.2,2,"al55522me,egoregors,sirgauda,vladmazeev"
1867,16623603,"Renji Starfall","2026-09-30 16:04:42",1610.0,2,renjistarfall
1868,16665829,Shadowfishes,"2026-09-30 22:45:45",1608.2,2,"boandme,ronitagarwal1,shauryasahdev2"
1869,16770785,Brahim,"2026-09-29 09:51:58",1607.7,2,brahimdriss
1870,16784416,tatt:)ch,"2026-09-30 15:18:52",1607.6,2,"awewrasdffetfe,jay051012,tattch,yjy10086"
1871,16806346,"Mike chen666","2026-09-29 14:19:24",1607.6,2,"mikechen666,tiffanyjade"
1872,16881395,nikotin55,"2026-09-30 20:37:13",1607.5,2,"isaevsemyon,nikotin55,remihrf"
1873,16694138,Alex,"2026-09-30 20:29:37",1607.3,2,alex789
1874,16778627,LXZ538,"2026-09-30 15:45:25",1607.2,2,lxz538
1875,16660413,Ritesh-2006,"2026-09-28 07:26:27",1606.5,2,ritesh2006
1876,16740815,Remielle,"2026-09-30 16:33:41",1606.4,2,remielle
1877,16890503,KevinYongxin,"2026-09-28 02:05:34",1606.4,2,yongxinkwan
1878,16769411,Beyond,"2026-09-30 21:12:44",1605.5,2,themanysh
1879,16664266,"Ian Chung","2026-09-30 02:02:33",1605.4,2,iannnnn012345
1880,16931781,"shreyash kumar","2026-09-30 20:36:16",1605.0,2,shrreku
1881,16650181,victorvv,"2026-09-29 13:57:14",1605.0,2,whs66666666666
1882,16730612,"Unknown Mother-Goose","2026-09-30 23:17:39",1604.6,2,linkinpony
1883,16736542,YuRuiZe,"2026-09-30 19:53:35",1604.5,2,ruoyuruize
1884,16696895,BrokeFarm,"2026-09-30 13:26:56",1604.3,2,brucec
1885,16659464,"Héctor Valverde","2026-09-30 22:46:14",1604.2,2,hvpareja
1886,16779977,sue124,"2026-09-30 16:12:57",1604.2,2,ryotasueyoshi
1887,16639289,"ne Artem Savchenko","2026-09-30 16:26:19",1603.9,2,neartemsavchenko
1888,16665331,winstonton,"2026-09-29 02:35:45",1603.7,2,winstonton
1889,16686918,JustinLee,"2026-09-30 14:21:46",1603.7,2,justin2061
1890,16624919,"Juste Me (●'◡'●)","2026-09-30 22:40:50",1603.3,2,degnonguidi
1891,16623669,goonew,"2026-09-30 22:43:59",1602.9,2,goonew
1892,16667964,Shuiys,"2026-09-30 14:42:28",1602.5,2,ysshui
1893,16731966,ねねね,"2026-09-30 23:27:37",1602.0,2,napier1550
1894,16641524,AkiraIshikawa,"2026-09-30 14:19:54",1601.8,2,akiraishikawa
1895,16622242,"Robert Koval","2026-09-30 22:08:31",1601.6,2,robertkoval
1896,16663783,WBF_USA_NYC,"2026-09-26 22:55:05",1601.2,2,wbfranci
1897,16685649,YUYUTA,"2026-09-30 22:39:36",1601.1,2,yuyuta
1898,16632240,Deepseek的恩情还不完,"2026-09-30 04:43:37",1601.1,2,"iwanys,pedianeko,realybin,theunforgiven7"
1899,16939445,Dylan,"2026-09-30 01:46:44",1600.9,2,dylan2778
1900,16674949,"Lev Neganov","2026-09-27 00:07:06",1600.4,2,levoel
1901,16858984,Katherine_2002,"2026-09-30 14:58:55",1600.2,2,katherine2002
1902,16786109,"Thomas Deng","2026-09-30 22:41:44",1599.8,2,tdeng24
1903,16790585,wzyxp_123,"2026-09-29 14:53:09",1599.7,2,cloudssdut
1904,16748412,"Nimish Shinde","2026-09-26 16:47:59",1599.6,2,nimishshinde
1905,16667219,"Komil Parmar","2026-09-30 14:47:35",1599.6,2,komilparmar
1906,16634432,KARGI,"2026-09-30 21:48:23",1598.6,2,learningkin
1907,16944851,Asuka0131_LFG,"2026-09-30 22:37:13",1598.0,2,whisperss
1908,16944401,summer_desire,"2026-09-30 07:06:36",1597.9,2,summerdesire
1909,16948957,KIT0,"2026-09-30 06:01:31",1597.4,2,kit024
1910,16783721,lc今天刷了吗,"2026-09-23 03:24:33",1597.2,2,"alkaidchen,limufeng"
1911,16805949,Bigplanedoesnotflyfast,"2026-09-30 03:07:56",1597.1,2,ronav48902753425
1912,16623836,awarse,"2026-09-30 05:19:18",1597.0,2,awarse
1913,16668071,"Ali Eren Oğuztaş","2026-09-29 10:48:46",1596.9,2,alierenouzta
1914,16801457,"Anthropic Banned My Account","2026-09-30 17:11:04",1596.8,2,subaru486
1915,16693549,別班,"2026-09-30 18:47:59",1596.8,2,"kusurizuke,pepushi,tomokiaki"
1916,16670032,Kenjo1209,"2026-09-30 22:40:00",1596.3,2,kenjo1209
1917,16750364,Tangruichen,"2026-09-30 17:27:21",1596.1,2,device666kunkun
1918,16783459,LKQ669,"2026-09-30 21:00:28",1596.0,2,lkq669
1919,16797045,"Carl Pang","2026-09-24 20:38:19",1594.5,2,carlpang
1920,16915820,CjzmFeng,"2026-09-30 19:37:17",1594.1,2,cjzmfeng
1921,16656337,"Prashant Kikani","2026-09-28 02:27:38",1594.0,2,prashantkikani
1922,16704864,ksj00610,"2026-09-30 22:53:50",1593.9,2,ksj00610
1923,16765601,"Dinesh Makireddy 7389","2026-09-28 06:44:01",1593.5,2,dineshmakireddy7389
1924,16621165,"xisheng feng","2026-09-28 07:53:31",1591.9,2,xishengfeng
1925,16883168,jojo,"2026-09-26 23:54:13",1591.9,2,jojojablon
1926,16709519,"p pxl16","2026-09-30 16:34:46",1591.1,2,ppxl16
1927,16662684,"Harshini Reddy","2026-09-30 21:10:10",1590.3,2,luffyh04
1928,16794630,"Yuchuan Ding","2026-09-30 03:16:27",1590.2,2,yuchuanding
1929,16630829,Ivan1625,"2026-09-29 13:20:53",1589.6,2,ivan1625
1930,16668688,"Nezihe Sözen","2026-09-30 10:32:16",1589.5,2,nezihesozen
1931,16939469,dingzhen,"2026-09-30 17:47:26",1589.2,2,yiyaog
1932,16669204,Scout,"2026-09-30 18:56:17",1589.2,2,"aeryst,divyanshxanshu,mridulahluwalia06,shlokgoyal1234,smaggr"
1933,16634803,hongzhouzhou,"2026-09-30 21:17:10",1588.3,2,afterrain42
1934,16657877,zigiella,"2026-09-29 19:45:21",1587.6,2,zigiella
1935,16660678,"Chaitanya Sonaje","2026-09-30 12:14:49",1587.4,2,chaitanya205
1936,16791943,tamref,"2026-09-30 09:26:19",1587.4,2,tamreff3290
1937,16694149,maxout,"2026-09-30 16:06:52",1586.5,2,"aadijoshi19,kavyabhand"
1938,16872203,"Mikael Kerimov","2026-09-30 22:07:46",1586.4,2,"mikaelkerimov,mperminiov"
1939,16692443,xmkevin2004,"2026-09-30 22:44:15",1586.3,2,"deersirz,qiuzaooppo,xmkevin2004"
1940,16665919,"Labmem Tang","2026-09-30 16:43:30",1585.8,2,labmemtang
1941,16753515,"Yosif EL-Rammaal","2026-09-29 01:15:43",1585.5,2,yosifelrammaal
1942,16674385,"qr farm","2026-09-30 19:59:05",1585.1,2,qrz1201
1943,16742362,"AMANI DD","2026-09-28 17:32:09",1585.1,2,dkonan
1944,16903793,"Zhongkai Shangguan","2026-09-30 11:16:34",1584.8,2,leonshangguan
1945,16632743,"Krizsó Gergely","2026-09-30 21:01:45",1583.8,2,lucifer19
1946,16739018,"Zhou Songyu","2026-09-30 19:42:04",1583.2,2,zhousongyu
1947,16664360,"Rohan L","2026-09-24 13:38:10",1583.0,2,rohanlopes
1948,16802752,hako22,"2026-09-30 21:33:13",1582.5,2,hako22
1949,16926032,robikscube,"2026-09-27 09:14:04",1582.4,2,ujjwalnewd
1950,16895472,codeWS,"2026-09-30 05:19:39",1582.3,2,codews
1951,16712714,MiMi,"2026-09-23 03:19:07",1582.3,2,"frank0921,rickytsou"
1952,16663632,Seho.Connect,"2026-09-26 21:40:39",1581.9,2,sehoconnect
1953,16661039,Abracadabra,"2026-09-30 15:38:20",1581.9,2,giovannicr
1954,16854901,matheus,"2026-09-30 16:53:02",1581.6,2,tomirol
1955,16806376,pardival,"2026-09-30 15:09:20",1581.4,2,pardival
1956,16831179,"Andrey Baranov","2026-09-30 14:31:34",1581.2,2,baranov
1957,16826582,natsu,"2026-09-30 22:15:10",1580.6,2,okamotonatsuo
1958,16714401,"Ivo Georgiev","2026-09-30 16:18:14",1580.6,2,ivogeorg
1959,16857607,inny,"2026-09-30 22:33:45",1580.3,2,innycc
1960,16811799,"Yuanchen Huang","2026-09-27 08:49:50",1579.9,2,geokocha
1961,16733766,Paarthpowa,"2026-09-25 11:47:49",1579.6,2,paarthpowa
1962,16670210,"Ali Alghaithi","2026-09-29 02:27:46",1578.7,2,alioman
1963,16626732,islet,"2026-09-30 21:48:14",1578.4,2,kojimar
1964,16794527,linyifangzhenshuai,"2026-09-30 02:56:37",1578.0,2,linyifangzhenshuai
1965,16641348,wata,"2026-09-30 12:21:44",1577.8,2,iwatahiroki
1966,16623691,KevlarZanderChi,"2026-09-30 15:59:02",1577.7,2,kevlarzanderchi
1967,16937798,"Semih Temiz","2026-09-30 18:39:52",1577.5,2,semhtemiz
1968,16653927,"Fernando GH H","2026-09-30 18:41:19",1577.4,2,fernandoghh2
1969,16708296,LUCKY2,"2026-09-30 08:38:14",1577.4,2,carolezountangni
1970,16800076,xinwang,"2026-09-28 08:24:06",1577.3,2,xxxtetantion
1971,16930655,"Abdalrahman mohamed","2026-09-30 13:14:40",1577.2,2,abdalrahmanmohamed3
1972,16847412,SuzukiKazuma,"2026-09-30 14:17:00",1576.8,2,suzukikazuma
1973,16681858,"Rishav Sanjay","2026-09-30 18:04:57",1576.3,2,rishavsanjay
1974,16855885,"Shinonome Seiga","2026-09-30 14:30:37",1576.3,2,shinonomeseiga
1975,16672468,ComposeMage,"2026-09-30 18:19:57",1576.1,2,composemage
1976,16697767,"Teddy Tennant","2026-09-30 00:50:24",1575.7,2,thtennant
1977,16794536,HirokiTaniai,"2026-09-29 14:32:31",1575.5,2,nyokinyoki
1978,16663963,M0h4m3d-Byte,"2026-09-30 17:12:35",1575.5,2,dev3mohamed
1979,16872275,"Maciek Kiryla","2026-09-24 06:07:38",1574.9,2,doktorkelp
1980,16924472,Rajusah,"2026-09-30 07:51:04",1573.7,2,rajucode
1981,16924480,Manasa.ai,"2026-09-30 10:13:57",1573.6,2,manasaai
1982,16888260,"Ndabenhle Ngema","2026-09-30 17:13:00",1573.2,2,ndabenhlengema
1983,16713457,"Poor farmer","2026-09-30 16:55:11",1572.9,2,trnhip
1984,16789946,"Oriol Pi Morell","2026-09-30 16:49:27",1572.8,2,oriolpi
1985,16889791,JinboWang,"2026-09-24 06:26:31",1571.5,2,jinbowang1
1986,16733111,qihuaz,"2026-09-30 21:47:27",1571.4,2,qihuaz
1987,16810408,"Bohdan Boklah","2026-09-30 17:15:56",1570.8,2,bohdanbb2000
1988,16758895,daphne,"2026-09-27 03:35:49",1570.7,2,daphne4sg
1989,16732763,"Raihan Ramadistra","2026-09-26 04:44:16",1569.8,2,raihanramadistra
1990,16841108,"Sean Peppers","2026-09-30 22:18:46",1569.7,2,gagepeppers
1991,16655789,"wen chong yu","2026-09-30 06:10:29",1569.7,2,wenchongyu
1992,16891851,kamranahmmed,"2026-09-29 04:30:12",1568.3,2,kamranahmmed
1993,16632715,cmasch,"2026-09-30 21:12:40",1568.2,2,cmasch
1994,16849330,"Ian Wang","2026-09-30 23:20:07",1567.9,2,ianwang1204
1995,16891396,易思言ysy,"2026-09-29 05:17:07",1567.7,2,ysykevin
1996,16779304,"Ari Nakos","2026-09-30 19:24:43",1567.3,2,aristides
1997,16762195,eliasruntime,"2026-09-29 11:35:08",1567.1,2,eliasruntime
1998,16898204,"MAHESH ISHRAN","2026-09-29 18:20:29",1567.1,2,iitm21f1003346
1999,16651695,"Fried Chicken Lovers","2026-09-30 16:21:42",1567.1,2,"gwey1025,koushikrudra,kragglenote2forwork"
2000,16701024,pig7selene,"2026-09-30 19:30:16",1566.9,2,"ejlthomas,gaoeeee"
2001,16667880,DOPEなNOUFU耕すHOPE👨‍🌾,"2026-09-25 00:02:40",1565.7,2,"shin9915,syamoji141chan"
2002,16824931,Magniverko,"2026-09-29 08:38:41",1565.4,2,huangyingkun
2003,16735837,yaki-imo,"2026-09-30 16:42:25",1565.4,2,taichiakiyama
2004,16935813,MINGHUN,"2026-09-30 15:17:37",1564.9,2,"aiwuhui,jiyuhao1213"
2005,16658962,"Fabian Friedland","2026-09-30 11:56:59",1564.8,2,fabotelli
2006,16888303,Satuker,"2026-09-28 18:27:11",1564.1,2,filipgaliski
2007,16843315,Talvenn,"2026-09-30 22:24:33",1563.9,2,talvenn
2008,16639971,"qi yun","2026-09-29 21:38:37",1563.6,2,qiyun280
2009,16730446,photunix,"2026-09-30 22:54:08",1563.5,2,photunix
2010,16945973,e3k,"2026-09-30 16:39:04",1563.5,2,ekleezhya
2011,16805671,"Yuxiang LIANG","2026-09-27 13:35:29",1563.2,2,yuxiangliang
2012,16731839,mamematcha,"2026-09-27 00:50:59",1562.8,2,mamematcha
2013,16647438,"Aderian Setiawan","2026-09-26 07:37:57",1562.7,2,aderiannovito
2014,16919088,M.Y.C.E.L.I.S,"2026-09-30 16:42:16",1562.4,2,johnmoncel
2015,16631536,kglctf,"2026-09-30 13:25:20",1561.7,2,kglctf
2016,16730735,YUK,"2026-09-30 22:44:53",1561.6,2,yu0307
2017,16742369,"Ömer Faruk Yüce","2026-09-30 21:05:12",1561.4,2,merfarukyce
2018,16694016,"Prajwal M","2026-09-30 12:05:59",1561.3,2,estrick
2019,16678534,"Filip Strzałka","2026-09-29 04:17:39",1560.8,2,snufkin77
2020,16693045,"Huseyin Battal","2026-09-25 00:07:14",1560.6,2,huseyinbattal
2021,16826555,AioRaito,"2026-09-30 21:41:16",1560.2,2,aioraito
2022,16623371,MoZayed,"2026-09-30 22:21:56",1560.2,2,mohamedzayedahmed
2023,16832192,"No Name #2","2026-09-30 20:05:08",1559.7,2,ivanj0
2024,16845907,yt0914,"2026-09-24 04:25:15",1559.6,2,yt0914
2025,16730720,broccoli,"2026-09-30 03:22:49",1559.2,2,norihori0917
2026,16730675,"🦊Farm Fox🦊","2026-09-30 12:05:47",1559.2,2,soutasakurai
2027,16941777,"Ziming Wu","2026-09-23 08:55:56",1559.0,2,zimingwu
2028,16719884,ykhnkf,"2026-09-24 22:36:04",1559.0,2,ykhnkf
2029,16661708,"Stanley Honkpehedji","2026-09-29 20:14:25",1558.8,2,stanleyhonkpehedji
2030,16865168,"Maksym Bilychenko","2026-09-29 18:51:40",1558.5,2,mbilichenko
2031,16738298,tomo0608,"2026-09-25 14:46:56",1557.9,2,tomo0608
2032,16809820,"Pramit Das","2026-09-30 21:31:04",1557.8,2,pramitdas
2033,16758893,"Sercan Yeşilöz","2026-09-30 21:02:07",1557.6,2,sercanyesiloz
2034,16923012,"jiggly buns","2026-09-25 13:02:29",1557.5,2,sellside
2035,16728160,Ozi,"2026-09-27 00:34:36",1557.5,2,muhammaduzair21
2036,16817750,"Baiqing Wang","2026-09-30 14:52:09",1556.8,2,wangbqbqbq
2037,16870780,"John Gates","2026-09-30 15:53:11",1556.5,2,johngates
2038,16886298,amosokello451,"2026-09-30 20:56:46",1556.3,2,amosokello451
2039,16668789,qaq7864,"2026-09-25 06:23:51",1556.0,2,qaq7864
2040,16663668,"Tahsin Arafat","2026-09-26 10:41:50",1555.9,2,tahsinarafat
2041,16664096,"Charles Coonce","2026-09-26 22:12:40",1555.9,2,charlescoonce
2042,16936848,spy007,"2026-09-27 13:55:49",1555.6,2,"py1603300133,syhsyh123"
2043,16644160,"Saravana Rajan B","2026-09-29 07:20:04",1555.5,2,saravanarajanb
2044,16697461,Agricroporation,"2026-09-29 13:51:54",1555.4,2,"algionightly,kroissant7,officialabhinavsingh"
2045,16865564,Manat,"2026-09-27 05:38:57",1554.6,2,manatoshoji03
2046,16930633,micro,"2026-09-27 08:26:33",1554.6,2,brucewu1200
2047,16885832,"Soshi Uejima","2026-09-24 14:09:29",1554.6,2,assdafa1223
2048,16909097,"Yaoxiang Li","2026-09-27 04:37:11",1554.3,2,lzyacht
2049,16682183,lihaha.36,"2026-09-30 15:57:36",1553.6,2,lihaha36
2050,16807875,meghana,"2026-09-30 16:29:18",1553.5,2,meghana284
2051,16624056,Raggriculture,"2026-09-26 10:42:52",1552.5,2,ravi123a321at
2052,16671150,Mc10nys0n,"2026-09-29 14:39:08",1551.8,2,rattanunt
2053,16716949,ligaydima,"2026-09-30 19:47:12",1551.6,2,ligaidima
2054,16702275,Joyal,"2026-09-28 15:15:13",1551.3,2,joyalseejo
2055,16817518,Dresden,"2026-09-30 21:14:28",1551.1,2,dresdeng
2056,16917796,"Kazuma Shimokawa","2026-09-29 05:22:19",1550.9,1,kazumashimokawa
2057,16898500,"M Noxon","2026-09-18 21:46:34",1550.5,2,mnoxon
2058,16751411,"lamb Liu","2026-09-25 13:57:23",1550.4,2,liuxiaohua72
2059,16852342,"Minh Đăng Lê","2026-09-27 10:14:51",1550.0,2,minhngle
2060,16942314,"Seva Gusev","2026-09-30 07:40:46",1549.3,2,seva1232
2061,16658474,you,"2026-09-30 17:59:28",1549.1,2,"huyimin517517,touyouzhaji,wumingshi2006,zxinzzzz"
2062,16661994,"Suvrat Rai","2026-09-26 06:47:52",1548.6,2,suvrat11rai
2063,16641372,ShoaibSSM,"2026-09-24 17:10:08",1548.4,2,"naveenlx111249971939,shoaibssm"
2064,16660209,"Whyme Labs","2026-09-26 02:31:05",1548.2,2,whymelabs
2065,16631967,vecxoz,"2026-09-24 17:42:44",1547.9,2,vecxoz
2066,16784561,"Rodrigo Ramón","2026-09-30 20:55:10",1547.8,2,rodrigoramn
2067,16863974,suteno,"2026-09-26 10:28:04",1547.7,2,sutekikano
2068,16942000,tyson,"2026-09-25 17:24:15",1546.9,2,tysonwashere
2069,16790943,"Tashfik Salehin","2026-09-26 18:28:58",1546.6,2,tashfiksalehin
2070,16785321,HaoChi,"2026-09-29 07:24:14",1546.5,2,"lishi321,moxi21"
2071,16666566,"Rairo Mukamuri","2026-09-30 21:08:51",1546.4,2,thetraveller
2072,16713743,oliver,"2026-09-30 21:13:49",1545.7,2,ollibolli
2073,16742149,"Ankith Savio","2026-09-30 22:08:45",1545.3,2,weedoo
2074,16936688,"avinash singh","2026-09-28 08:30:30",1545.3,2,avszoom
2075,16783124,Logorhythms,"2026-09-30 17:15:46",1545.2,2,mohammadsaidulislam
2076,16730761,ElephtAI,"2026-09-26 07:23:45",1545.1,2,yuchengj
2077,16622422,ss,"2026-09-29 12:21:01",1544.7,2,forest2026
2078,16772391,"Jinhan Gao","2026-09-27 11:21:18",1544.7,2,jinhangao
2079,16927555,yaya__k,"2026-09-24 09:27:12",1544.4,2,yaya88k
2080,16630331,"Mohamed El-Nageeb","2026-09-30 23:04:27",1544.1,2,thelastsmilodon
2081,16658909,"evolve faster!","2026-09-30 19:27:05",1544.0,2,junesdata
2082,16758381,"Yang Kuang Ou","2026-09-25 09:23:02",1544.0,2,yangkuangou
2083,16842300,fanmili,"2026-09-29 12:07:50",1543.9,2,fanmili
2084,16629685,mikelou1,"2026-09-30 22:14:29",1543.5,2,mikelou1
2085,16655199,"Alexander Ulrich","2026-09-24 05:32:03",1543.2,2,alexanderulrich01
2086,16749605,SoedaHaruto,"2026-09-28 15:09:56",1543.1,2,soedaharuto
2087,16644643,today,"2026-09-28 14:02:59",1542.6,2,today55
2088,16698688,JeremiahMannings,"2026-09-24 04:03:51",1542.4,2,jmannings
2089,16941364,anto,"2026-09-30 08:33:26",1542.0,2,"yeohzhonghanervin,yueyaozzz"
2090,16904732,Weifenhuan,"2026-09-30 13:02:43",1541.8,2,schwa6
2091,16747161,wqlun06,"2026-09-30 09:30:52",1541.7,2,wqlun06
2092,16695685,"kwon yong deuk","2026-09-30 22:43:56",1541.6,2,kwonyongdeuk
2093,16657277,"Dude and Destroy","2026-09-30 15:23:56",1540.8,2,raymondbrookman
2094,16904984,"Andrej Angelovski","2026-09-22 17:23:18",1540.8,2,cybertiger7
2095,16838370,aqua,"2026-09-30 15:33:57",1540.6,2,aquaaqua11
2096,16638557,"Araik Tamazian","2026-09-25 06:41:49",1540.4,2,atamazian
2097,16621671,Chellick,"2026-09-26 08:47:01",1540.3,2,matweyisupov
2098,16865335,"Hire me! 🤗 [Viktor Cikojevic]","2026-09-20 13:38:52",1540.2,2,viktorcikojevic
2099,16932757,yucho147,"2026-09-27 16:23:25",1540.0,2,yucho147
2100,16671306,Yeswanthperni,"2026-09-30 15:43:04",1539.6,2,"tanvicaaa,yeswanthperni"
2101,16944381,"yoshiyasu han ","2026-09-30 15:32:54",1539.4,2,yoshiyasuhan
2102,16738822,shakedamo0w0,"2026-09-30 14:34:29",1538.9,2,shakedamo0w0
2103,16660988,"AI After Hours","2026-09-29 06:56:52",1538.9,2,"akshaythammana,mmehersaipreetam"
2104,16785523,Doranap,"2026-09-27 17:51:41",1538.7,2,doranap
2105,16635744,XDang13,"2026-09-24 16:52:57",1537.5,2,xdang13
2106,16844148,Ethereal49,"2026-09-26 07:49:26",1537.4,2,ethereal49
2107,16664577,a14iiiii,"2026-09-26 02:55:58",1537.4,2,a14iiiii
2108,16761652,"Dhruv #2","2026-09-26 08:05:02",1537.3,2,dhruvrama
2109,16869614,"Szymon Miłosz","2026-09-27 03:01:10",1537.2,2,szymonmiosz
2110,16814375,"Yuta Eiki","2026-09-30 06:52:14",1537.0,2,wildauk
2111,16723096,Shabuuu,"2026-09-25 13:55:51",1536.9,2,shabuuu
2112,16653385,"Vasilii Buzmakov","2026-09-30 22:47:00",1536.9,2,vasiliibuzmakov
2113,16775803,Robson,"2026-09-30 22:52:21",1535.9,2,robsonsan
2114,16639583,typeIIIfairy,"2026-09-30 21:35:51",1535.7,2,typeiiifairy
2115,16906666,"selam ya","2026-09-30 13:14:43",1535.0,2,selamya
2116,16935434,chumajin,"2026-09-30 20:56:17",1534.8,2,chumajin
2117,16920069,"arar tawil","2026-09-27 13:36:15",1534.3,2,araraltawil
2118,16693942,"Lisan al-Gaib","2026-09-28 09:27:56",1534.1,2,azrihasin
2119,16739537,"Bina Salama","2026-09-30 07:02:03",1533.6,2,binasalama
2120,16688568,Sophie555,"2026-09-27 22:03:51",1533.5,2,sophie555
2121,16655150,"Benjamin H Pepper","2026-09-24 11:34:27",1533.4,2,bhpepper
2122,16688217,"The Grower","2026-09-30 14:48:02",1533.3,2,vigneshsankar1962
2123,16698294,"John Doe","2026-09-25 01:10:36",1533.3,2,johndoe90843
2124,16716263,"Ugnė Miklovaitė","2026-09-25 12:34:58",1532.4,2,ugnmiklovait
2125,16673881,"Sebastian Johansson","2026-09-29 07:55:16",1532.3,2,sebbejohansson
2126,16633069,"Nur Srijan","2026-09-25 15:27:30",1532.1,2,nursrijan
2127,16651331,"Mohamed Saeed","2026-09-24 17:00:06",1531.9,2,m0sm71
2128,16654511,"Syed Shayan Ali Shah","2026-09-25 06:31:36",1531.9,2,dsshayan
2129,16881250,"Enes Altunbaş","2026-09-28 20:29:47",1531.9,2,enesaltunba
2130,16632172,Ayodeji,"2026-09-28 21:01:23",1531.3,2,ayodejiibrahimlateef
2131,16626191,"kevin park","2026-09-25 12:19:27",1531.0,2,k3v1npark
2132,16675671,Marlubie,"2026-09-30 10:49:37",1530.7,2,kchuang
2133,16741113,kaitle,"2026-09-30 00:03:06",1530.3,2,kaitle
2134,16654707,ManasviSharma,"2026-09-30 17:33:11",1530.1,2,manasvi821
2135,16938980,24110231_pyongjoo,"2026-09-29 04:36:25",1529.6,2,assistonia
2136,16718480,PLReddy23,"2026-09-26 17:08:47",1529.5,2,plreddy23
2137,16664217,Shushantw,"2026-09-23 14:34:39",1529.1,2,shushantw
2138,16786102,"Anay Garodia","2026-09-24 03:58:21",1528.8,2,anaygarodia
2139,16675493,"Ryotaro Minato","2026-09-29 12:46:01",1528.8,2,ryotarominato
2140,16664232,"Eddy Despradel","2026-09-30 21:24:09",1528.7,2,eddydespradel
2141,16880648,"Akash Pattani","2026-09-27 15:21:40",1528.6,2,akashpattani
2142,16689741,shinamonmon,"2026-09-24 07:38:25",1528.3,2,shinamonmon
2143,16740263,4H,"2026-09-29 18:17:42",1528.2,2,scottweeden
2144,16719733,CleoCantCompete,"2026-09-25 05:52:04",1528.2,2,cleocantcompete
2145,16655423,"Roland Luethy","2026-09-27 15:04:02",1527.9,2,rluethy
2146,16630713,"Grzegorz Sionkowski","2026-09-29 19:59:07",1527.1,2,sionek
2147,16913949,"Tejash Prakash","2026-09-30 08:42:54",1526.7,2,tejashxprakash
2148,16782520,Durian,"2026-09-27 12:14:59",1526.6,2,rainyjin
2149,16632291,"alex chilton","2026-09-24 08:14:35",1526.6,2,alexchilton
2150,16823319,eviltsundera,"2026-09-29 19:55:50",1526.6,2,eviltsundera
2151,16736632,Leo,"2026-09-30 02:50:13",1526.3,2,huangkx666
2152,16692845,"Yassine Ben Zekri","2026-09-24 21:18:48",1525.5,2,yassinebenzekri
2153,16827224,"[HSE Lyceum ML] zaepupno","2026-09-30 22:17:02",1525.3,2,daniilgoryushin
2154,16657032,"Ayaan Ghosh","2026-09-30 20:26:19",1524.9,2,ayan9001
2155,16806862,JudyWatermelon,"2026-09-30 00:44:17",1524.7,2,judywatermelon
2156,16846525,Dwaslaop,"2026-09-30 12:56:19",1524.6,2,"dwaslaop,haorunjia"
2157,16939044,pioneerqaz,"2026-09-29 15:38:06",1524.1,2,pioneerqaz
2158,16626093,"Pilkwang Kim","2026-09-27 01:31:52",1523.5,2,pilkwang
2159,16706410,lixiaoxin25,"2026-09-25 07:20:08",1523.0,2,lixiaoxin25
2160,16643319,Jules,"2026-09-30 06:06:53",1522.5,2,julesvanligtenberg
2161,16669686,"Mert Bayraktar","2026-09-30 22:51:53",1522.5,2,mertbayraktar
2162,16655582,"Yang Jinneng","2026-09-27 07:28:44",1522.0,2,adurey
2163,16847706,takumina,"2026-09-26 10:19:02",1521.1,2,takuminakamatsu
2164,16644808,"Rotation Theory","2026-09-30 20:56:25",1520.8,2,mikhsank
2165,16721079,"six seven swag","2026-09-29 12:32:26",1520.2,2,polinababiichuk
2166,16886979,"Ivan Toropin","2026-09-30 21:05:56",1519.7,2,ivantoropin
2167,16839902,"Sōsuke Aizen","2026-09-30 20:01:19",1518.8,2,"soukeaizenz,souvikdbiswas"
2168,16949339,Kuriboh,"2026-09-27 06:59:23",1518.7,2,cauchyeix
2169,16925842,Naoya,"2026-09-27 18:33:29",1518.7,2,takashimanaoya
2170,16657657,ArnabKarmakar,"2026-09-30 00:05:13",1518.4,2,arnabkarmakar
2171,16920251,otouhu,"2026-09-30 23:16:38",1518.3,2,"minera,toroochi"
2172,16842384,"Muhammad Mirza Darma Putra","2026-09-27 13:02:25",1518.3,2,mirzadarma
2173,16632867,"Rayk Kretzschmar","2026-09-29 13:29:22",1518.3,2,raykkretzschmar
2174,16657796,"parv goyal2","2026-09-30 22:31:25",1518.1,2,parvgoyal2
2175,16879253,Bldr2,"2026-09-30 04:24:05",1517.6,2,alphalin2010
2176,16661743,"Sergey Kutepov","2026-09-30 14:48:09",1517.6,2,natsyst
2177,16926108,"Pavan G","2026-09-28 18:11:39",1517.4,2,exemplar
2178,16665129,Doom,"2026-09-26 22:12:36",1517.3,2,"mr6436,sanskaarundale"
2179,16763669,cm391,"2026-09-24 22:20:58",1516.9,2,mccocoful
2180,16927550,User1114,"2026-09-28 03:12:24",1516.7,2,lyboihh
2181,16931907,"Nokubonga Ngema","2026-09-22 20:13:20",1516.6,2,nokubongangema
2182,16858418,"Nguyễn Công Tuấn","2026-09-30 03:51:50",1516.5,2,nctuan
2183,16795798,"Refrain 1","2026-09-22 15:35:00",1516.4,2,"chisatoy,refrain1"
2184,16624484,"Tomoki Hirose","2026-09-24 15:50:38",1516.1,2,tomokihirose
2185,16658665,ChandramouliNagasundaram,"2026-09-30 21:54:30",1515.6,2,"enginegeneral,mouliindian"
2186,16668532,"Nir Aberman","2026-09-25 04:13:41",1515.2,2,niraberman
2187,16659467,AlexMoura2026,"2026-09-30 05:35:09",1515.0,2,alexmoura2023
2188,16839422,Serendipity,"2026-09-27 07:30:13",1514.8,2,stringyixuxi
2189,16858303,马嘉蛋爱玩跳棋,"2026-09-22 05:52:02",1514.7,2,"jamalzzj,jlw123456"
2190,16886856,爱上帝的小熊猫,"2026-09-30 15:34:36",1513.7,2,xuefengxie
2191,16864113,YYC3,"2026-09-23 10:47:51",1513.3,2,icongovo
2192,16665416,"zeyu lau","2026-09-22 12:23:19",1513.1,2,zeyulau
2193,16935521,闰土和‌猹‌,"2026-09-26 17:18:59",1513.1,2,"fenghanxiang,zzh13332470923"
2194,16659328,"Muhammed Ashiq Abdul Khader","2026-09-25 15:00:27",1513.0,2,ashiqabdulkhader
2195,16690338,dvv_ram,"2026-09-30 18:14:56",1512.8,2,ddvram
2196,16927831,Baimakanov,"2026-09-30 22:44:31",1512.7,2,baimakanov
2197,16746010,"Khoi Tuan Nguyen","2026-09-23 15:06:41",1512.3,2,khoingt
2198,16655316,Nader,"2026-09-28 15:13:50",1511.6,2,naderamin
2199,16867132,"Dilara Adıgüzel","2026-09-30 18:27:03",1511.6,2,dilaraadgzel
2200,16635127,"Sergey Bryansky","2026-09-30 10:28:17",1511.3,2,sggpls
2201,16669650,motono0223,"2026-09-30 17:49:26",1511.1,2,motono0223
2202,16881235,"Konstantin Zorin","2026-09-30 21:04:56",1510.9,2,zokost
2203,16676114,Gekkotron,"2026-09-24 13:32:38",1510.8,2,gekkotron
2204,16766640,watana,"2026-09-30 16:06:29",1510.6,2,yukiwat
2205,16635504,"Datta Dhebe","2026-09-29 23:12:15",1510.6,2,dattadhebe
2206,16922094,Shiv28,"2026-09-26 03:38:57",1510.5,2,shiv28
2207,16723379,local,"2026-09-23 07:32:48",1510.3,2,matteo123383iend
2208,16846857,"Tomohiro Nagai","2026-09-30 20:32:00",1510.0,2,tomohironagai
2209,16756972,"Đức Hải Hà","2026-09-30 07:24:59",1509.6,2,tankinguyen
2210,16846963,成吉思汗,"2026-09-29 07:45:26",1508.9,2,jddhhdh
2211,16722378,waticson,"2026-09-27 14:55:04",1508.8,2,yutodennou
2212,16747069,l'rug,"2026-09-25 16:10:12",1508.8,2,sdfsfsfsdf
2213,16662946,uzair,"2026-09-30 19:54:08",1508.3,2,quantumcurator
2214,16701685,shawloong,"2026-09-25 01:14:31",1508.2,2,shawloong
2215,16903852,maoxin123,"2026-09-30 15:29:02",1508.1,2,maoxin123
2216,16808905,"Yusaku Muroya","2026-09-30 22:34:59",1508.0,2,ymuroya47
2217,16641077,lucaskna,"2026-09-30 23:06:38",1508.0,2,lucaskna
2218,16671292,Yuyajk,"2026-09-24 05:39:41",1507.8,2,yuyajk
2219,16640472,"Vsevolod Rakita","2026-09-27 06:21:08",1507.5,2,vsevolodrakita
2220,16689881,"yuki #2","2026-09-30 12:03:15",1507.1,2,hosikusa
2221,16661607,choqui62,"2026-09-30 09:25:06",1507.1,2,choqui62
2222,16654196,"Aryaman Chokhani","2026-09-24 08:41:08",1506.9,2,"aryamanchokhani,pranrocky"
2223,16658221,"Roshan Roy","2026-09-30 16:40:27",1506.7,2,"adhilvt,mohamedarifj,roshanroy333"
2224,16674312,yuxuan,"2026-09-30 00:44:20",1506.5,2,yuxuan1221
2225,16755414,Danzzzl,"2026-09-30 16:16:40",1506.1,2,okunevda
2226,16629787,FlameZywoo,"2026-09-30 14:46:34",1505.8,2,zgdllt
2227,16947057,jfhjfgjhfj,"2026-09-25 07:29:39",1505.8,2,jigsawpuzzle
2228,16946853,"BAHUMANYA R G","2026-09-25 11:58:12",1505.7,2,bahumanyarg
2229,16867370,jasonyoung,"2026-09-25 21:22:54",1505.5,2,jasonyoung66
2230,16681116,Kagamihara,"2026-09-26 01:45:41",1505.1,2,kagamihara
2231,16657100,"Jacky Chan","2026-09-29 00:46:44",1504.5,2,jhkchan
2232,16634462,"Yash Marathe","2026-09-23 13:27:14",1504.4,2,maratheyash
2233,16698136,"David Estevez","2026-09-30 16:24:22",1504.2,2,destbreso
2234,16647607,pumpkin,"2026-09-30 10:59:51",1504.2,2,gealachpumpkin
2235,16831965,"Ray Roberts","2026-09-29 01:01:51",1503.5,2,rayroberts
2236,16694110,"Team Amboss","2026-09-23 16:09:25",1503.5,2,alexphilippi
2237,16724847,辽大之光,"2026-09-30 13:04:05",1503.4,2,guangchenlu
2238,16714057,"T0m0t0m0 W","2026-09-30 22:43:10",1503.3,2,t0m0t0m0w
2239,16641893,"Kashyapsinh gohil","2026-09-30 17:26:00",1503.1,2,kashyapsinhgohil
2240,16937871,"Rashid Khazeiynasab","2026-09-29 16:17:59",1503.0,2,rashidel1988
2241,16930858,LIUDIZHU,"2026-09-28 20:29:59",1502.9,2,liudizhu
2242,16686583,techtech69,"2026-09-30 19:26:42",1502.6,2,techtech69
2243,16779598,RiverStead,"2026-09-27 11:22:54",1502.4,2,riverstead
2244,16639969,"Sheep Are All You need","2026-09-29 06:38:41",1502.1,2,aliyelbekov
2245,16763437,"⸻AgentZZ ⸻","2026-09-26 16:27:48",1501.9,2,agentzz
2246,16726687,"Rohin Kethipally","2026-09-30 22:41:27",1501.7,2,rohinkethipally
2247,16761875,"Eugen Nekhai","2026-09-30 16:59:41",1501.6,2,eugennekhai
2248,16671454,Shadow,"2026-09-28 05:22:55",1501.5,2,uziahmd
2249,16741932,"Michael Chen","2026-09-30 16:00:24",1501.4,2,fuqiangchen
2250,16634088,Jet,"2026-09-30 21:19:23",1501.4,2,drkongvis
2251,16772808,lucataco,"2026-09-30 07:15:20",1501.3,2,lucataco
2252,16809194,Ajanraj,"2026-09-23 17:48:10",1501.1,2,ajanraj25
2253,16746632,tingyu516,"2026-09-30 23:16:47",1501.0,2,tingyu516
2254,16781445,"𝕯𝖊𝖔𝖉𝖎𝖒𝖘 & 𝕮𝖔","2026-09-30 11:06:06",1500.5,2,odimdavidchukwuemeka
2255,16621616,insuperabilehart,"2026-09-30 21:52:51",1500.5,2,insuperabile
2256,16851186,kaerururu,"2026-09-30 23:20:55",1500.1,2,kaerunantoka
2257,16921300,tamakawa,"2026-09-29 10:51:17",1500.0,2,tantantama1192
2258,16772109,Yashvs56,"2026-09-29 23:03:41",1499.6,2,"vivaancyber,yashvs56"
2259,16677518,"Khor Yin Loon","2026-09-30 01:31:48",1499.5,2,khoryinloon
2260,16827290,"Dhruvik Chauhan","2026-09-30 21:31:49",1499.4,2,dangptdawg
2261,16838914,kikikukikii,"2026-09-30 22:43:36",1499.2,2,kikikukikii
2262,16665809,"Saravanan Jaichandaran","2026-09-30 14:14:19",1499.1,2,saranchandar
2263,16679827,Juanky_too,"2026-09-30 22:22:00",1499.0,2,juankytoo
2264,16936082,"H IMedit","2026-09-29 13:41:34",1498.4,2,himedit
2265,16672121,"Tiger bonbon","2026-09-30 22:36:08",1498.3,2,fujiwarayuto
2266,16710428,"Mansi Aggarwal","2026-09-30 18:25:16",1498.2,2,mansiaggarwal88
2267,16725996,MatheusPSorancoDeCarvalho,"2026-09-29 12:07:06",1497.4,2,matheussoranco
2268,16897501,"I'm Fine.","2026-09-26 03:10:36",1497.0,2,zkheart
2269,16663214,"Mathieu W","2026-09-30 08:08:02",1497.0,2,mathieuw
2270,16936396,olHwHlo,"2026-09-26 07:44:32",1496.9,2,olhwhlo
2271,16663748,Calmracer,"2026-09-29 17:18:11",1496.4,2,ethanhall123
2272,16621653,Zorgeee,"2026-09-30 23:16:29",1496.1,2,zorgeee
2273,16888794,NonCaffeine,"2026-09-30 22:56:46",1496.1,2,noncaffeine
2274,16698069,k_4821,"2026-09-28 22:14:50",1495.8,2,edgarondoodevilclub
2275,16775190,bianfu,"2026-09-30 19:11:51",1495.7,2,bianfu
2276,16880664,"Nodir Xamdamov","2026-09-24 16:18:54",1495.5,2,nodirxamdamov
2277,16709967,Matsu,"2026-09-30 23:02:12",1495.4,2,matsuzawahayato
2278,16871967,"Md Arafat #2","2026-09-29 16:44:36",1495.0,2,arafat362
2279,16841708,toku,"2026-09-23 15:31:55",1494.8,2,tokurr
2280,16711752,"Atakan Aldemir","2026-09-30 20:22:45",1494.8,2,atakanaldemir
2281,16919139,SynthReaper,"2026-09-30 22:48:54",1494.6,2,synthreaper
2282,16937599,"Swasembada Pangan","2026-09-30 20:50:48",1494.4,2,fathurachmadhanafi
2283,16623533,xthixsl_ml,"2026-09-30 18:17:37",1494.4,2,xthistle999
2284,16732714,Mforg,"2026-09-25 03:26:51",1494.1,2,mforg74911
2285,16669490,hinemos,"2026-09-30 10:57:34",1493.1,2,hinemos
2286,16638953,"Joe Young","2026-09-30 21:36:45",1492.6,2,jsphyg
2287,16789990,SA,"2026-09-30 22:54:03",1492.5,2,soheiarisaka
2288,16810472,YuanKing77,"2026-09-30 20:21:21",1492.4,2,yuanking77
2289,16632294,"Rajan Nagarajan","2026-09-30 14:42:13",1492.3,2,narajan
2290,16910041,"Gorgulu Fried Chicken Wings","2026-09-30 23:23:09",1492.0,2,"jingshixu,ooorangecatt"
2291,16674451,NycteacoBa,"2026-09-27 13:53:45",1491.5,2,nycteaowl
2292,16948745,"Nero Nrx","2026-09-30 13:59:19",1491.4,2,neronrx
2293,16623400,Less,"2026-09-23 04:33:03",1491.4,2,jiaoyouzhang
2294,16662380,"Brandon Calderon-Morales","2026-09-27 01:45:32",1491.3,2,bmoe640
2295,16628765,"Kota Iizuka","2026-09-25 00:04:42",1490.3,2,kotaiizuka
2296,16690923,"Maqsoud Tawaliou","2026-09-27 04:45:03",1490.0,2,maqsoudtawaliou
2297,16841826,抵扣豆浆,"2026-09-30 02:23:18",1490.0,2,tootough
2298,16949503,"Nikita Makarov","2026-09-30 10:00:50",1489.9,2,nikimakarov
2299,16634104,FarmGoose,"2026-09-27 22:25:20",1489.7,2,yizhanglou
2300,16734803,guoziyi123456,"2026-09-30 15:33:26",1489.3,2,"ax1lec,guoziyi123456,linhexlu,xuanzhechen"
2301,16843582,isk54_34,"2026-09-26 05:25:07",1488.9,2,isk5434
2302,16784608,shawenher,"2026-09-30 13:30:57",1488.8,2,shawenher
2303,16749257,rsraki,"2026-09-30 09:56:44",1488.8,2,rsraki
2304,16744342,"glupez ","2026-09-30 22:31:51",1488.0,2,glupez
2305,16923373,"kouhei mori","2026-09-23 13:22:14",1487.4,2,kouheimori
2306,16888093,"Alejandro Izaguirre","2026-09-24 20:35:33",1487.1,2,alejandroizag
2307,16655758,patience,"2026-09-30 12:17:54",1486.9,2,"weirdocurry,wenjunkai124"
2308,16848208,"Takuto Inoue","2026-09-30 10:54:59",1486.8,2,takutoinoue
2309,16859034,wayg9odysseus,"2026-09-24 18:56:46",1486.5,2,wayg9odysseus
2310,16818194,sugiharahara,"2026-09-30 22:45:06",1486.5,2,sugiharahara
2311,16884467,jiangnanxn,"2026-09-30 22:48:41",1486.0,2,jiangnanxn
2312,16808492,"beginner's luck","2026-09-30 15:40:24",1485.9,2,"naohs01,tropicalbanana"
2313,16856778,"Johnathan King","2026-09-29 21:59:09",1485.7,2,johnathanking1278
2314,16823251,"Khaled Yousef","2026-09-25 05:52:51",1485.7,2,recochet96
2315,16769849,"Shuwen(Shawn) Ge","2026-09-30 15:52:29",1485.6,2,shuwenshawnge
2316,16682843,underline12311,"2026-09-23 04:27:15",1485.1,2,underline12311
2317,16751999,"Poorna Sai Dumpa","2026-09-30 07:06:35",1484.9,2,poornasaidumpa
2318,16936225,Holeon,"2026-09-26 17:05:58",1484.7,2,holeon
2319,16671738,Exposed,"2026-09-28 04:20:14",1484.6,2,erickeller2
2320,16798317,"Baran Akyıldız","2026-09-24 16:17:09",1484.6,2,baranakyldz
2321,16666571,"Zhengxu Yu","2026-09-24 09:26:27",1484.6,2,zhengxuyu
2322,16917149,beastars,"2026-09-29 00:47:42",1484.5,2,"doorknob881,ohyabuddy,vickylinvicky"
2323,16672251,"Kavinkumar M","2026-09-29 18:34:30",1484.0,2,kavinkumarrkm
2324,16876853,PUN,"2026-09-26 17:24:20",1483.3,2,pshikk
2325,16750448,"Ansh Agarwal","2026-09-29 20:39:55",1483.0,2,anshagarwal2616
2326,16773448,"Qamar usman","2026-09-29 17:27:06",1482.0,2,qamarmath
2327,16944349,m_meles,"2026-09-23 16:04:45",1481.4,2,mmeles
2328,16659419,"Chahat Mehra","2026-09-30 05:53:22",1481.4,2,chahatmehra
2329,16872211,"Artem Bakalinskiy","2026-09-28 05:37:59",1481.3,2,artembakalinskiy
2330,16775378,TK256,"2026-09-30 22:34:18",1481.2,2,tk256ailab
2331,16757064,"coke lu","2026-09-30 07:09:07",1480.9,2,cokelu
2332,16896774,EPHEMORIA,"2026-09-25 09:29:13",1480.9,2,ephemoria
2333,16658499,Grifun,"2026-09-30 06:00:19",1480.8,2,msingatullin
2334,16942240,M78星云,"2026-09-27 17:18:40",1480.5,2,"cheng2246,tangyangpu284,upczbw,xinyinghu7123"
2335,16725712,"ᶜᵒʷᵇᵒʸ 𝘤𝘺𝘣𝘦𝘳𝘯𝘦𝘵𝘪𝘤𝘴","2026-09-30 21:28:27",1480.1,2,alexcasper
2336,16638994,wpl,"2026-09-30 20:39:51",1480.1,2,peilwang
2337,16858208,linhaiy,"2026-09-30 15:03:34",1480.0,2,linhaiy
2338,16809677,"Phong Khổng Hoàng","2026-09-30 05:16:54",1479.9,2,phongkhonghong
2339,16667233,EdGy2k,"2026-09-29 16:33:44",1479.4,2,edgy2k
2340,16730673,"John Doge","2026-09-30 23:28:37",1479.3,2,spacedoge
2341,16721805,kavunidze,"2026-09-30 17:50:34",1478.7,2,kartu72
2342,16735741,"Фермеры чист","2026-09-29 07:23:13",1478.6,2,"gdreallygoodman,maksonch1k"
2343,16892118,DsLiner,"2026-09-25 15:12:41",1478.5,2,dsliner
2344,16624339,"Дворкин Евгений Владимирович","2026-09-30 19:13:20",1478.5,2,evgendvorkin
2345,16665357,XW,"2026-09-29 04:01:40",1478.1,2,xuewei
2346,16842747,314?,"2026-09-24 08:51:31",1477.5,2,elshahed
2347,16806568,"Mumtaz Ahmad Maitla","2026-09-28 07:11:40",1477.0,2,mumtazahmadmaitla
2348,16926473,"Illia Dolenko","2026-09-22 00:32:26",1477.0,2,illiadolenko
2349,16810306,"Asy Mortenson","2026-09-25 19:53:34",1476.8,2,asymortenson
2350,16659540,"Goua Henri","2026-09-28 07:10:04",1476.0,2,gouahenri
2351,16638804,"Anhad Mahajan","2026-09-30 22:58:22",1475.9,2,anhadmahajan06
2352,16915663,Wlemalin,"2026-09-23 15:16:20",1475.8,2,wlemalin
2353,16637031,"and more","2026-09-25 07:28:43",1475.5,2,kym2022
2354,16781170,"Ulugbek Salohiddinov","2026-09-30 01:48:41",1475.3,2,ulugbeksalohiddinov
2355,16938859,Adequate_Echo,"2026-09-25 05:09:30",1475.2,2,adequateecho
2356,16930688,"Solo Leveling","2026-09-26 14:05:00",1475.0,2,lingyuzhi
2357,16768143,KingDellaFarm,"2026-09-23 17:55:42",1475.0,2,"alessandrodestasi,disteroas"
2358,16692895,Manuf,"2026-09-29 21:02:31",1474.8,2,manuelferromorales
2359,16687363,"elegantangel (628700)","2026-09-29 11:01:04",1474.8,2,elegantangel
2360,16714159,Lonnie,"2026-09-30 17:43:54",1474.7,2,lonnieqin
2361,16894950,csly666,"2026-09-21 15:34:28",1474.6,2,csly666
2362,16669632,"Kenneth Alonso","2026-09-27 13:16:12",1474.5,2,kennethalonso
2363,16897489,"East Kowloon","2026-09-23 16:16:34",1474.3,2,"haydenmlh,veron0611"
2364,16629624,"Sayandeep Ghosh","2026-09-30 19:29:04",1473.0,2,sayandeepghosh
2365,16765834,Oakzen,"2026-09-24 11:49:54",1472.8,2,gyx517120273
2366,16921163,"Sam StSt","2026-09-22 06:30:05",1472.6,2,samstst
2367,16761693,nhatvo,"2026-09-23 01:07:47",1472.5,2,nhatvo
2368,16895464,WilsonPzx,"2026-09-29 05:52:44",1472.3,2,"lirongkun,wilsonpzx"
2369,16894110,寒月千逸,"2026-09-30 02:39:31",1472.1,2,"hanyueqianyi,leeyang1,sakurahg"
2370,16668152,ksew364,"2026-09-24 09:24:05",1471.9,2,ksew364
2371,16684401,WQAAAA,"2026-09-30 12:48:14",1471.5,2,wqaaaa
2372,16772678,SuppliLion,"2026-09-28 01:20:42",1471.4,2,supplilion
2373,16946367,dwinging,"2026-09-23 14:07:09",1471.2,2,dwinging
2374,16774075,"Mohammad Yaser Hussain","2026-09-24 11:10:55",1470.9,2,mohammadyaserhussain
2375,16944396,Monruho,"2026-09-30 22:51:36",1470.2,2,monruho
2376,16848992,"Lee Shit Hoo","2026-09-30 20:04:19",1470.0,2,leeshithoo
2377,16737057,Wiz,"2026-09-30 12:54:49",1469.9,2,williamzhou001
2378,16841061,"Artin yzn","2026-09-30 20:19:54",1469.3,2,artinyzn
2379,16935499,"Smarter Decision🏆","2026-09-30 10:28:17",1469.2,2,yunkuns
2380,16783740,ZiYiMing,"2026-09-24 11:53:34",1469.2,2,"kaibozhou,ziyiming"
2381,16767929,Timbydude,"2026-09-24 15:30:58",1468.4,2,timbydude
2382,16765135,neuro168,"2026-09-23 11:11:29",1468.3,2,lordmc
2383,16764386,Troy_xx,"2026-09-27 07:41:14",1468.3,2,troyxx
2384,16737944,ToastUz,"2026-09-27 10:15:09",1468.3,2,tatsuzoosawa
2385,16733016,Quillbolt,"2026-09-30 03:41:02",1468.2,2,tunminhhunh
2386,16671012,"Sean Zhang","2026-09-24 01:00:58",1468.2,2,seanzhang2445
2387,16844004,"Takahiro Saito","2026-09-30 13:33:47",1468.2,2,takahiro3110
2388,16623799,"Akhilesh godugu","2026-09-24 06:37:23",1467.9,2,"akhileshgodugu,ashokgodugu"
2389,16720056,"Heads or Tails","2026-09-30 23:04:48",1467.4,2,headsortails
2390,16931481,"Дмитрий Томилов","2026-09-22 02:12:22",1466.9,2,floyed
2391,16660735,"Bassel Elbahnasy","2026-09-30 19:03:55",1466.9,2,basselashraf
2392,16659715,masb,"2026-09-30 18:48:03",1466.8,2,affansaied
2393,16623812,"SeshuRaju 🧘‍♂️","2026-09-27 07:28:40",1466.8,2,seshurajup
2394,16732129,"payne yam","2026-09-30 13:22:06",1466.4,2,payneyam
2395,16940722,"Jalen ShiAo","2026-09-30 16:07:50",1465.9,2,jalenshi
2396,16744842,juisajdiasd,"2026-09-30 14:56:52",1465.7,2,juisajdiasd
2397,16906651,Izumi_LP,"2026-09-30 07:03:52",1465.0,2,amememe
2398,16842786,ScotLee08,"2026-09-30 14:16:41",1465.0,2,scotlee08
2399,16654914,Nozprod,"2026-09-30 20:42:18",1464.9,2,nozprod
2400,16943126,"Aaditya Verma","2026-09-30 13:14:39",1464.8,2,tensura911
2401,16871409,"Aleksandr Isakov","2026-09-30 14:42:21",1464.7,2,aleksandrisakov
2402,16762926,"Ricky RTG","2026-09-30 00:43:25",1464.2,2,rickyrtg
2403,16736474,"Håkon Kjelseth","2026-09-23 09:18:48",1463.0,2,hkon2k
2404,16915571,"jay tsang","2026-09-26 07:57:39",1462.6,2,jaytsang
2405,16888752,"edward john washins","2026-09-26 18:43:24",1462.3,2,edwardjohnwashins
2406,16661276,Middle,"2026-09-29 06:58:29",1462.1,2,aydagul
2407,16713797,CrazyDave111,"2026-09-27 18:44:35",1461.9,2,crazydave111
2408,16663513,DLTLM,"2026-09-23 13:12:06",1461.6,2,"debayank2024,laveshjadon,laxmikantaroy,moumitaaaaaa,tarunraii"
2409,16663827,magoemu,"2026-09-27 08:50:37",1461.4,2,magoemu
2410,16920916,"wiki Alexander","2026-09-28 12:01:30",1461.3,2,wikialexander
2411,16668260,"Yangle Ma","2026-09-30 09:52:53",1461.2,2,yanglema
2412,16883355,WebFarmers,"2026-09-30 22:51:36",1460.8,2,"axollo,dmitriiorel"
2413,16827571,"BNBU Astra","2026-09-29 15:08:39",1460.8,2,"andycooper747,austindengkaggle,BNBUDINGSHANLee21,yuxiang328"
2414,16790005,"Rohit Kumar Sahoo","2026-09-30 17:13:15",1460.4,2,rohit4118
2415,16944065,"Wael El Ghazzawi","2026-09-22 23:05:10",1459.8,1,waelelghazzawi
2416,16770979,"Paulo Martins","2026-09-30 21:38:26",1459.4,2,paulomartins87
2417,16723893,iring58,"2026-09-27 02:18:39",1458.2,2,iring58
2418,16760990,naren_v,"2026-09-30 03:41:18",1457.9,2,varuthakari
2419,16904371,Makhmudov_1602,"2026-09-22 10:40:41",1457.7,2,makhmudov1602
2420,16672456,hangglider5,"2026-09-24 07:49:26",1457.4,2,hangglider5
2421,16726769,"Ci Zhu","2026-09-27 03:39:13",1457.3,2,zhuci1993
2422,16842183,"Sumukh M G","2026-09-25 03:33:11",1456.8,2,sumukhmg35
2423,16827859,"Ishraq Tanvir","2026-09-25 14:54:39",1456.6,2,ishraqtanvir
2424,16940950,"Camarillo Kull","2026-09-30 11:42:40",1456.5,2,camarillokull
2425,16682514,"Pavel Pavlov","2026-09-25 13:16:01",1456.3,2,akakii
2426,16632757,taopy2,"2026-09-29 08:58:17",1456.1,2,taopy2
2427,16762935,"ibr mo sal","2026-09-25 08:20:45",1455.4,2,ibrmosal
2428,16865693,Eda,"2026-09-30 12:21:35",1455.4,2,edagram
2429,16848970,massi0411,"2026-09-30 14:57:31",1455.4,2,massi0411
2430,16662121,One-For-All,"2026-09-30 06:26:54",1455.2,2,"akankshatiwari2803,indarkarhana"
2431,16864870,JR,"2026-09-30 09:03:36",1455.2,2,jurijsruko
2432,16759626,"Ghazaros Barseghyan","2026-09-30 00:37:45",1455.1,2,ghazarosbarseghyan91
2433,16761267,"Pranav Arvind","2026-09-30 15:58:40",1455.1,2,pranavarvind
2434,16931127,taipen,"2026-09-29 07:02:13",1453.4,2,pankhuri001
2435,16888282,Sheeesh---,"2026-09-30 23:19:03",1453.3,2,hamzaaitmohamed
2436,16793635,"Johnny Hyland","2026-09-29 17:21:49",1453.3,2,johnnyhyland
2437,16802867,matcha110,"2026-09-30 16:03:05",1452.9,2,matcha110
2438,16640467,Catalyst,"2026-09-23 09:25:57",1452.3,2,vibekaggler
2439,16730578,BostonKaggle,"2026-09-30 22:26:12",1452.1,2,"isthereanycode,lynnkim0"
2440,16875984,cccyou,"2026-09-30 04:23:17",1451.8,2,cccyou
2441,16728571,hasibirok0,"2026-09-30 05:39:09",1451.7,2,hasibirok0
2442,16661539,"Ilia Mironov","2026-09-29 04:33:03",1451.4,2,millcool
2443,16658300,"Thành Toàn Vương","2026-09-23 11:25:19",1450.6,2,thnhtonvng
2444,16634873,shin0000,"2026-09-24 03:07:22",1450.4,2,shin0000
2445,16632146,Haker_Sam,"2026-09-30 18:34:41",1450.3,2,hakersam
2446,16865261,"Kamal Kadakara","2026-09-30 21:26:34",1450.1,2,kamalkadakara
2447,16690500,Mr.NoT_GaMeR,"2026-09-27 03:47:24",1450.1,2,joshdilipkumarpatel
2448,16730810,mgoto51004,"2026-09-30 12:08:28",1450.1,2,mgoto51004
2449,16718937,62326368,"2026-09-30 19:57:17",1449.7,2,mooniim
2450,16925892,野獸先輩,"2026-09-22 17:10:48",1449.5,2,rayyen216
2451,16712134,cf696666,"2026-09-29 23:36:56",1449.1,2,cf33333
2452,16797847,"levski shampion","2026-09-30 22:53:52",1449.0,2,mariomalev
2453,16644480,"Umut Keltek","2026-09-23 19:23:59",1448.9,2,umutkeltek
2454,16947886,"Rufeng Toxins","2026-09-23 14:01:48",1448.8,2,rufengtoxins
2455,16657728,"T Soo","2026-09-28 17:49:32",1448.7,2,ttgrcgrc
2456,16623608,"Dmitry Larko","2026-09-30 22:33:58",1448.4,2,dmitrylarko
2457,16676336,lemon13418,"2026-09-23 00:05:09",1448.3,2,lemon13418
2458,16940453,"HIbiki Awai","2026-09-22 13:57:50",1448.3,2,hibikiawai
2459,16763375,Makus,"2026-09-22 13:33:25",1448.1,2,alexmartinez75
2460,16938431,"ADRIANO ALMEIDA","2026-09-24 00:03:40",1447.9,2,adrianoalmeidaa
2461,16842093,aether74,"2026-09-24 02:23:54",1447.8,2,aether74
2462,16870440,GOSS,"2026-09-30 16:46:11",1447.5,2,gossan
2463,16838956,"Michael Brown","2026-09-26 19:51:50",1447.5,2,michaelbrown4343
2464,16870350,praneethb7,"2026-09-27 12:19:57",1447.2,2,praneethbudati
2465,16928213,橋本真旺,"2026-09-22 16:37:33",1447.0,2,mao925
2466,16697395,darktetradgod,"2026-09-30 22:48:35",1446.9,2,darktetradgod
2467,16664392,AdamHsieh,"2026-09-26 03:06:41",1446.9,2,adamhsieh
2468,16852910,omoch1,"2026-09-25 09:35:30",1446.7,2,agecom
2469,16632304,"Masataka Suzuki","2026-09-30 23:11:16",1446.6,2,masatakasuzuki
2470,16859473,wakaka,"2026-09-30 11:40:20",1446.5,2,bernicerobinson
2471,16767360,"Sinh Nguyễn Đức","2026-09-30 21:16:22",1446.5,2,sinhnguync
2472,16914801,milkdragon,"2026-09-30 22:43:35",1446.3,2,hhhhhhyc
2473,16867067,jiazepin,"2026-09-30 04:58:38",1446.2,2,jiazepin
2474,16943979,"Joshua Willie","2026-09-30 14:44:33",1446.1,2,joshuawillie
2475,16886344,魏杨康,"2026-09-30 08:39:46",1446.1,2,weiiyangkang
2476,16916611,Infinity,"2026-09-30 18:52:00",1446.1,2,"maaz101,syedtahahassan"
2477,16746689,"Harm Buisman","2026-09-28 06:49:41",1445.8,2,harmbuisman
2478,16676063,"Kembang Melon","2026-09-28 12:32:34",1445.3,2,wajawaja
2479,16749061,"Wang H2O","2026-09-23 03:58:50",1445.2,2,wangh2o
2480,16919615,AcidicBlaster,"2026-09-21 10:37:49",1444.5,2,adityamurugesh
2481,16808526,iheng88,"2026-09-30 14:56:20",1444.3,2,iheng88
2482,16728708,"Rishi Jain","2026-09-25 19:29:04",1444.3,2,rishijain07
2483,16866971,imriad,"2026-09-29 04:56:30",1444.2,2,riadhhossain
2484,16908403,"Stepan Ivanov","2026-09-29 18:51:06",1444.0,2,stepanivanov233
2485,16848217,"Yang Bai","2026-09-23 11:23:39",1443.6,2,jackelysia
2486,16769234,"Akshar #2","2026-09-23 17:16:50",1443.4,2,"aksharzala,therishitaggarwal"
2487,16730323,fufufukakaka,"2026-09-30 22:53:40",1443.1,2,fufufukakaka
2488,16681986,"Chirantan Bhardwaj","2026-09-25 04:22:03",1442.8,2,chirantanbhardwaj
2489,16932257,"Joumier Loick","2026-09-30 00:10:46",1442.5,2,loickjoumier
2490,16853540,WUZB,"2026-09-23 03:14:03",1441.3,2,wzhengbiao
2491,16723988,yuyinghuang,"2026-09-29 14:04:30",1441.2,2,yuyinghuang
2492,16729192,1m0ke,"2026-09-30 17:25:03",1441.1,2,smokelate
2493,16672448,"Crisis Liu","2026-09-30 16:42:42",1440.8,2,crisisliu
2494,16926937,"Romuald Delene","2026-09-30 21:54:35",1440.7,2,romualddelene
2495,16736124,GIN,"2026-09-23 06:57:33",1440.1,2,runjinzhang
2496,16685982,Snorf,"2026-09-29 15:49:18",1440.1,2,snorfyang
2497,16842482,Litvin,"2026-09-29 14:55:37",1439.8,2,wodo888
2498,16924914,AgriPredictors,"2026-09-30 12:01:44",1439.7,2,"mehakiftikhar,mnkaggler"
2499,16946537,"Roustoum Abdel Moula","2026-09-23 09:34:04",1439.1,1,roustoumabdelmoula
2500,16870247,mxt1022,"2026-09-30 08:10:52",1438.6,2,unlome
2501,16768650,ifarm,"2026-09-23 08:48:33",1438.1,2,sericsheon
2502,16654841,"ABHIRUP DAS","2026-09-30 14:14:56",1437.9,2,abhirupdas10
2503,16742183,alessandrozonta,"2026-09-23 07:46:51",1437.7,2,azonta
2504,16887631,"Wills Cui","2026-09-22 05:47:39",1437.7,2,willscui
2505,16726547,"Ezra Kho","2026-09-26 11:07:55",1437.6,2,ezrakho
2506,16809842,"zg l1218","2026-09-27 09:01:21",1437.1,2,"dkttttt,zgl1218"
2507,16799304,"Rlug mb","2026-09-29 04:44:59",1437.1,2,"hongxinzhang111,minhtrph,rlugmb"
2508,16897094,Ryota-Di,"2026-09-30 15:40:01",1436.5,2,ryota6230
2509,16699082,Sakthei,"2026-09-20 13:41:34",1436.2,2,sakthei
2510,16752082,"Tian hao Qing Nano7ko","2026-09-29 12:34:38",1436.2,2,tianhaoqingnano7ko
2511,16696421,"Koyashiki Mao","2026-09-22 11:55:10",1436.0,2,koyashikimao
2512,16905426,futabato,"2026-09-27 01:32:28",1435.3,2,futabato
2513,16796901,hanhan761,"2026-09-30 12:55:21",1434.9,2,"hanhan761,kiivii,noice12138,xiaobai0417"
2514,16768702,"Crop It Like It's Hot","2026-09-30 13:32:07",1434.4,2,"davidben10,rachel79"
2515,16911850,Farmerjay,"2026-09-30 03:18:40",1433.8,2,officeghost
2516,16750317,"ELhamdaoui AM","2026-09-28 07:14:14",1432.4,2,elhamdaouiabdelmajid
2517,16621294,dpquoc,"2026-09-24 04:40:59",1432.3,2,dpquoc
2518,16927087,"Arun #2","2026-09-30 17:39:40",1432.3,2,arun8ovfjfdr6
2519,16935319,"Adrian Phillips","2026-09-23 06:52:14",1432.2,2,adrianphillips00
2520,16786357,guoyihui,"2026-09-23 06:12:19",1432.1,2,guoyihui
2521,16862155,"Kydyrbek Kozykorpesh","2026-09-30 07:27:49",1431.8,2,kozykappa
2522,16857491,cherish_zhang,"2026-09-23 07:18:03",1431.6,2,cherishzhang
2523,16661737,"Márcio Santos","2026-09-30 17:45:53",1431.4,2,mos3santos
2524,16921557,"Terry Duan","2026-09-30 02:29:53",1431.0,2,xueyueicu
2525,16693431,"Yi Wang","2026-09-29 09:03:54",1430.9,2,jone520
2526,16945180,"Anton Nikonov","2026-09-30 16:20:56",1430.7,2,antonnikonov
2527,16683808,RuggedBones,"2026-09-30 17:26:40",1430.3,2,ruggedbones
2528,16667018,ZekeAlx,"2026-09-29 20:39:12",1430.1,2,alexthomas12345
2529,16841663,"Ryosei Hara","2026-09-29 16:15:30",1430.0,2,ryhara
2530,16859496,KTAcosmo,"2026-09-28 20:50:02",1429.9,2,ktacosmo2kag
2531,16722827,Prathyyyyy,"2026-09-30 17:10:41",1429.3,2,prathyyyyy
2532,16847247,月之光面,"2026-09-30 00:44:54",1429.3,2,cxcxcxcx
2533,16717255,Ryuuga89,"2026-09-25 15:08:51",1428.1,2,ryuuga89
2534,16623515,"Apple Joy","2026-09-23 05:27:00",1427.5,2,"cqput640,fishcat37,sdq2237"
2535,16678061,"Sushanth Tiruvaipati","2026-09-30 04:43:05",1427.2,2,sushanthtiruvaipati
2536,16723318,グレイラットルーデウス,"2026-09-22 07:27:17",1426.8,2,rudeus666
2537,16818060,bnfan,"2026-09-27 00:01:53",1426.5,2,simonfan7
2538,16942573,Almaz,"2026-09-30 12:06:13",1425.8,2,almazsakhapov
2539,16655704,heinado,"2026-09-29 20:41:52",1425.7,2,heinado
2540,16709126,"Jamie Nojek","2026-09-29 19:36:30",1425.6,2,jamienojek
2541,16818313,"haonan zhengh","2026-09-27 01:57:16",1425.2,2,haonanzhengh
2542,16857977,namopanda,"2026-09-28 15:30:18",1424.5,2,namopanda
2543,16880694,yuxian6666,"2026-09-23 13:00:16",1424.5,2,yuxian6666
2544,16754838,"Berkay Özkan","2026-09-30 13:09:08",1424.4,2,berkayzkan
2545,16665084,"Wei Han","2026-09-30 17:03:16",1424.3,2,weihan87
2546,16664573,AdhithyaRokhith,"2026-09-25 17:29:38",1424.3,2,adhithyarokhith
2547,16646318,TeamNexus,"2026-09-26 18:21:52",1424.2,2,chrisopherjoshy
2548,16880792,dre,"2026-09-22 17:25:08",1424.1,2,ahmedelfazouan
2549,16682753,"Cam-Luan Truong","2026-09-22 11:11:54",1423.8,2,luantruong
2550,16751603,xxxzzz123312123321,"2026-09-30 06:51:47",1423.5,2,xxxzzz123312123321
2551,16635872,"Evgeniya Dmitrieva","2026-09-30 22:07:16",1423.2,2,evgeniyadm
2552,16727350,"T Hansda","2026-09-22 13:49:10",1423.0,2,hansda
2553,16858986,kam,"2026-09-24 07:21:27",1422.9,2,kotakambayashi
2554,16943704,"Qutaiba Kaleem","2026-09-28 15:21:07",1422.9,2,qutaibakaleem
2555,16854074,yudai_000111,"2026-09-30 17:51:10",1422.9,2,yudai000111
2556,16798974,huangbin,"2026-09-30 05:40:47",1422.6,2,huangbin1
2557,16880960,Kiriesh,"2026-09-30 20:33:32",1422.5,2,kiriesh
2558,16779564,oycr,"2026-09-30 23:16:23",1422.4,2,"oyxiaobai159,wdt124"
2559,16845736,Gio,"2026-09-27 17:58:35",1421.7,2,giovanizanfra
2560,16716475,"dong & shen","2026-09-30 16:58:36",1421.6,2,"dongcookies,muyouqian4"
2561,16878353,"Hongbin Gu","2026-09-28 07:57:38",1421.3,2,guhongbin
2562,16807373,"junxing peng","2026-09-30 17:36:56",1421.3,2,junxingpeng
2563,16622937,"Sheep 🐑","2026-09-28 13:08:41",1420.9,2,kabilrh
2564,16655263,rishavsaigal,"2026-09-27 20:08:20",1420.3,2,rishavsaigal
2565,16662833,"umair zia","2026-09-30 15:43:46",1420.2,2,aimerscoding
2566,16682667,"zeel vavliya","2026-09-29 11:37:57",1420.0,2,zeelvavliya
2567,16654332,"Borys Tymchenko","2026-09-30 13:03:03",1419.3,2,spsancti
2568,16845193,Kaan111,"2026-09-30 22:47:30",1418.6,2,kaan111
2569,16936542,"Lee Velon","2026-09-30 17:30:06",1418.3,2,leevelon
2570,16754823,"tiki tiki tiki","2026-09-23 22:48:33",1418.0,2,slangitup
2571,16795698,ml_gg,"2026-09-30 15:16:32",1417.9,2,ramnarayanchoudhary
2572,16719451,"Syed Toubur","2026-09-23 07:12:40",1417.7,2,syedtoubur
2573,16879166,NoDash,"2026-09-29 11:50:23",1417.7,2,nodash
2574,16875653,xuzenkun,"2026-09-27 12:55:18",1417.3,2,xuzenkun
2575,16682879,"Ace Team","2026-09-30 16:19:21",1416.4,2,drpatrickchan
2576,16621315,"Reyhan Ksatria","2026-09-30 19:10:53",1416.3,2,reyhanksatria
2577,16774250,"C R Suthikshn Kumar","2026-09-30 16:19:13",1416.3,2,crsuthikshnkumar
2578,16840439,"God Se7en","2026-09-30 21:47:08",1416.2,2,godseven7
2579,16796937,Alan,"2026-09-24 00:44:47",1415.5,2,amunsentom
2580,16778707,momohuhu_kkkkkarrot,"2026-09-28 12:19:16",1415.5,2,kjy666
2581,16789546,"lsm jii","2026-09-28 05:55:06",1414.4,2,lsmjii
2582,16755495,"Leo Udah","2026-09-30 12:19:14",1414.3,2,leoudah
2583,16728863,Irabala,"2026-09-29 09:35:07",1413.8,2,irabala1
2584,16762101,"Kazama Yusuke","2026-09-30 22:15:41",1413.0,2,kazamayusuke
2585,16657941,"Nick Styles","2026-09-30 08:10:27",1412.9,2,styles
2586,16744503,"Jun AKita","2026-09-26 11:50:00",1412.9,2,junakita
2587,16770832,"Harish Yadav","2026-09-24 11:57:04",1412.7,2,harishyadav0506
2588,16886627,caintly,"2026-09-30 13:39:30",1412.6,2,eyesad
2589,16851553,Sentinel,"2026-09-30 13:39:20",1411.7,2,atlasar
2590,16914676,"Luon may Man","2026-09-30 12:09:26",1411.7,2,luonmayman
2591,16732746,MSG_Encrypted,"2026-09-27 22:11:41",1411.6,2,msghais
2592,16932743,"Chris Chia","2026-09-22 02:24:46",1411.0,2,cchia3
2593,16734435,Economist,"2026-09-30 22:47:40",1410.9,2,jtheyogi
2594,16743852,"Alexander & Erik","2026-09-30 23:06:06",1410.8,2,"alexandermlad,erikpymay"
2595,16668056,"Quantum Farm","2026-09-21 16:05:52",1410.6,2,"anselem7,divineokwueze,nnanyereuzoma"
2596,16870485,agentic,"2026-09-30 20:26:29",1410.4,2,"audiuphile,mark5221,sidchevvan"
2597,16854428,"Marwan Ashref","2026-09-30 18:42:20",1410.1,2,"abobakerabobaker,karimhamada,marwanashref"
2598,16936346,"Han Zhou","2026-09-22 00:51:30",1409.9,2,hanzhou445
2599,16662191,Danieler,"2026-09-22 18:46:56",1409.8,2,danielerufo
2600,16657094,irynavs,"2026-09-23 14:18:45",1408.2,2,irynavs
2601,16924529,dacheah,"2026-09-24 12:40:10",1408.0,2,dacheah
2602,16644578,"Team Name","2026-09-30 21:25:36",1407.9,2,baytree1238
2603,16627799,"navazsh fathi","2026-09-30 15:40:47",1407.4,2,navazshfathi
2604,16936519,Found,"2026-09-30 14:55:29",1407.2,2,seventeennine
2605,16668227,Yusuraume,"2026-09-30 22:49:56",1407.1,2,sugitatomohiko
2606,16783870,malaxg,"2026-09-30 06:57:43",1406.6,2,guoyixian2
2607,16934170,"Krish Shah","2026-09-23 05:49:34",1405.3,2,krshs90
2608,16732878,modelcollapse,"2026-09-21 10:09:15",1404.4,2,modelcollapse
2609,16622482,"Veniamin Nelin","2026-09-29 22:43:43",1403.4,2,veniaminnelin
2610,16841190,dp23334,"2026-09-22 10:42:21",1403.2,2,dp23334
2611,16832335,"Junhua Yang","2026-09-29 04:33:04",1403.1,2,junhuay
2612,16881512,"Asem Adnan","2026-09-24 10:30:05",1403.1,2,asemadnan
2613,16924344,trigo,"2026-09-21 07:41:11",1402.6,2,trigoani
2614,16806219,"Yiwei Pu","2026-09-22 01:59:54",1402.5,2,"lvyihan1210,raven20010261,yiweipu"
2615,16757034,"Hanxiang Li","2026-09-21 03:43:45",1402.4,2,hanxiangjames
2616,16741672,张菠,"2026-09-30 02:05:59",1402.4,2,ysqdababa
2617,16682885,风沙星辰,"2026-09-21 20:40:04",1402.2,2,"duoliya,linyeping,sereinovov,wangying2026"
2618,16655520,"kaggle Osaka","2026-09-30 00:06:55",1402.1,2,toshiyukitanaka
2619,16653728,"Iswar Patra","2026-09-25 15:05:38",1401.9,2,iswarpatra
2620,16622934,"Ümit Anık","2026-09-29 17:44:57",1401.7,2,mitank
2621,16870486,"Sincere Bailey","2026-09-30 20:12:55",1401.0,2,sincerebailey
2622,16655567,Heisnotanimposter,"2026-09-22 04:52:39",1400.8,2,test013
2623,16880558,"Georgi Kanev","2026-09-26 11:05:46",1400.6,2,georgikanev
2624,16932197,SamarthPD-21,"2026-09-30 23:03:15",1400.2,2,samarthpd21
2625,16897610,"in blue","2026-09-30 22:34:24",1399.8,2,bhatiji
2626,16878968,"Dale Zhong","2026-09-30 03:05:24",1399.7,2,dalezhong
2627,16843838,"Alapati Ramakrishna","2026-09-30 16:48:01",1399.2,2,alapatiramakrishna
2628,16678370,Wangles,"2026-09-22 11:10:59",1399.1,2,wangles
2629,16793452,"Ghazaros Ghazaros","2026-09-30 00:38:16",1398.4,2,ghazarosghazaros
2630,16779388,"Mohammad Alnajdawi","2026-09-23 11:40:29",1398.4,2,mohammadalnajdawi
2631,16644530,"Busya PRIME","2026-09-21 11:20:07",1398.1,2,busyaprime
2632,16861903,iwa,"2026-09-23 09:53:06",1398.1,2,ichiko
2633,16855111,PixelPuff,"2026-09-26 14:16:59",1398.0,2,krishpatel290895
2634,16791369,dataix,"2026-09-30 23:19:25",1398.0,2,codymachody
2635,16733748,"Ashutosh Agarwal","2026-09-30 22:13:38",1397.8,2,ashutoshagarwal088
2636,16773069,Grant,"2026-09-30 14:55:38",1397.7,2,leolin05
2637,16701728,"katya barzova","2026-09-30 22:40:44",1397.7,2,"harlenka,nipah1,sigmaborov"
2638,16773185,"Alwin Djuliansah","2026-09-26 01:40:34",1397.6,1,alwdj07
2639,16931121,Caocao,"2026-09-30 13:15:23",1397.3,2,caocaoIvy
2640,16900489,Machine_e1,"2026-09-25 12:52:38",1396.8,2,"arcanee1,machinee1,mymilk"
2641,16771623,kekuru,"2026-09-29 00:02:51",1396.3,2,soyaishihara
2642,16674919,yukiZ,"2026-09-30 06:01:37",1396.2,2,hideyukizushi
2643,16770282,colt,"2026-09-21 17:56:20",1396.1,2,"logicalgenius1,mindmaniac,mindpioneer,thinkinglogic2,xiaomaguo"
2644,16797699,"Dylan Moraes","2026-09-28 07:08:49",1395.8,2,dylanmoraes
2645,16854472,Taimo,"2026-09-30 08:04:04",1395.4,2,taikimori
2646,16672315,CemBas,"2026-09-30 12:59:14",1395.3,2,cembas
2647,16862614,"Andrew Bunn","2026-09-22 00:14:18",1395.2,2,andrewbunn
2648,16922832,"Zhang Feifan","2026-09-29 10:05:21",1394.4,2,zhangfeifan
2649,16690019,Around30,"2026-09-30 22:36:54",1394.3,2,"cyanspring,masahiromatsuda,sutesute000012"
2650,16742267,chandora,"2026-09-28 23:07:24",1394.1,2,chandora
2651,16779942,"YueKai Yu","2026-09-30 15:44:02",1394.1,2,yuekaiyu
2652,16674839,"hongqian miao","2026-09-20 14:22:50",1393.9,2,hongqianmiao
2653,16735232,"Johnson Chishimba","2026-09-22 05:41:07",1393.8,2,johnsonchishimba
2654,16792865,"Arseniy Shutko","2026-09-29 17:06:54",1393.3,2,arseniyshutko
2655,16680690,MYOUCER,"2026-09-24 01:40:19",1393.3,2,myoucer
2656,16849780,"Juan Leiva","2026-09-20 14:08:59",1393.2,2,juank333
2657,16636756,"K.THARUN KUMAR","2026-09-30 22:54:54",1393.1,2,tharunkumar369
2658,16658677,大山,"2026-09-30 03:03:51",1393.0,2,mapodoufu
2659,16839638,keeplooking,"2026-09-27 14:31:39",1392.2,2,keeplooking
2660,16673524,"Zikai Chen","2026-09-30 04:21:06",1391.2,2,"auroraxxiiaa,kyrie1102kai"
2661,16653828,Boltuzamaki,"2026-09-29 16:13:46",1391.1,2,boltuzamaki
2662,16699947,HKmgikao,"2026-09-30 23:03:52",1390.7,2,hitoshikmgai
2663,16647192,"Sailor Ren","2026-09-29 04:34:32",1390.6,2,"dongdongjiaqi,sailorren"
2664,16789561,"Rohan Kishibe","2026-09-22 14:43:18",1390.2,2,anbianluban1
2665,16895750,"charles Ndemo","2026-09-29 12:54:53",1390.0,2,charlesndemo
2666,16845965,Oldplaykid,"2026-09-30 22:04:44",1390.0,2,"tonf3195,zerethon"
2667,16722117,"Zhou Zhengyu","2026-09-30 05:10:29",1389.5,2,"yanwenwang921,zhouzhengyu118"
2668,16890118,chiikavyshy,"2026-09-27 09:56:14",1389.2,2,"marynaborovska,yuriygreben"
2669,16945301,QQQXXX123,"2026-09-30 07:02:11",1389.2,2,qqqxxx123
2670,16712560,"Max vrstpan1","2026-09-30 17:21:38",1388.2,2,wdjy123456
2671,16655632,"Dmitry Kozlov","2026-09-22 05:26:12",1386.9,2,dkozlov
2672,16665966,aj000,"2026-09-30 10:06:19",1386.9,2,anishjagdaleaj
2673,16737482,Lindicaphxag,"2026-09-30 22:40:50",1386.8,2,oblivicore
2674,16770715,"Vicens Gaitan","2026-09-28 15:01:15",1386.8,2,vicensgaitan
2675,16726431,Manav,"2026-09-30 22:00:00",1386.5,2,manavsangwan
2676,16774823,fan2goa1,"2026-09-30 19:36:35",1386.4,2,zfun0926
2677,16848297,chacha260,"2026-09-29 01:54:11",1386.1,2,chacha260
2678,16677847,ShiviWhivi,"2026-09-22 02:15:51",1385.8,2,blackpearls1
2679,16630364,"Anh Tuan Ha","2026-09-30 17:51:40",1385.5,2,schw1eg0
2680,16846149,"Arnav Salkade","2026-09-30 08:34:07",1384.9,2,arnavsalkade
2681,16658777,"Jiarui (Jerry) Cao","2026-09-27 12:55:00",1384.6,2,jiaruicao7
2682,16656340,MAGMA,"2026-09-30 07:19:45",1384.1,2,infiheart
2683,16746380,JKong,"2026-09-24 00:00:30",1384.0,2,kmt2001
2684,16712751,haruo_tensai,"2026-09-26 01:58:17",1383.9,2,haruotensai
2685,16624047,GUOHAOYANG,"2026-09-21 06:13:29",1382.9,2,pkuszboi
2686,16655654,Cacinie,"2026-09-30 05:14:34",1382.7,2,cacinie
2687,16660395,ljx59141421,"2026-09-22 13:47:32",1382.5,2,ljx59141421
2688,16655686,Kyle,"2026-09-30 11:25:33",1382.4,2,kylezhouzhou
2689,16921085,Keerthana,"2026-09-23 16:30:06",1382.4,2,k33rthanaa
2690,16838560,Aphrodite,"2026-09-24 05:04:21",1382.1,2,aphrodite874
2691,16903652,LokeshGiri,"2026-09-29 09:47:17",1382.1,2,"lokeshjasrotia,vengatagirig"
2692,16771558,"Vitalie Cervinschi","2026-09-30 17:05:43",1382.0,2,vitaliecervinschi
2693,16766401,"Gobi Elangovan","2026-09-20 11:00:23",1381.9,2,gobielangovan
2694,16947082,"Alex  Redna","2026-09-25 12:46:49",1381.7,2,alexredna
2695,16848622,"KUO JEN WEI","2026-09-24 19:20:54",1381.5,2,"kuojenwei,kuyiting"
2696,16863501,ATC,"2026-09-20 09:24:46",1380.6,2,t6ccc2
2697,16840550,henriquejsza,"2026-09-21 05:07:28",1380.6,2,henriquejsza
2698,16767709,"Mike Anderson","2026-09-30 00:17:19",1380.3,2,manderson240
2699,16749576,heralces,"2026-09-29 15:08:02",1379.9,2,heralces
2700,16644877,lu_fish,"2026-09-26 08:00:10",1379.9,2,thefish114514
2701,16716531,tebenia,"2026-09-20 08:51:40",1379.8,2,tebenia
2702,16667020,SCLim2022080004,"2026-09-22 03:18:23",1379.6,2,sclim2022080004
2703,16861616,"Gagan Deep","2026-09-30 10:35:13",1379.4,2,gagandeep1
2704,16791862,"Emmanuel Mireku","2026-09-29 21:44:17",1379.1,2,eldermireku
2705,16939133,wang,"2026-09-27 08:11:49",1378.5,2,tombryant
2706,16722399,"Meta learners","2026-09-30 17:06:28",1378.5,2,aditya2909rb
2707,16656659,"James Y","2026-09-29 04:01:55",1378.4,2,redoctopusk
2708,16744983,Gappy,"2026-09-29 14:53:42",1378.1,2,takahirohigasa
2709,16691512,"Hongxin Su","2026-09-30 15:34:33",1377.3,2,hongxinsu
2710,16623463,porply,"2026-09-21 13:32:47",1377.3,2,porply
2711,16939292,Cunriman,"2026-09-24 12:59:54",1377.2,2,cunriman
2712,16943033,BobChuckyJoe,"2026-09-24 05:07:19",1377.2,2,bobchuckyjoe
2713,16801855,KooDol,"2026-09-30 18:50:35",1376.6,2,koodol
2714,16942875,Vikram,"2026-09-24 03:42:14",1376.6,2,vikramreddy2001
2715,16865317,"sunil kumar","2026-09-30 05:23:01",1376.2,2,sunil123kumar
2716,16699519,Handudu,"2026-09-30 15:49:22",1375.5,2,handudu
2717,16630797,"Seok, Jeongeum","2026-09-30 19:48:39",1375.4,2,seokjeongeum
2718,16838981,"Adil Shamim","2026-09-30 16:27:21",1375.3,2,adilshamim8
2719,16745419,elren,"2026-09-21 15:48:47",1375.2,2,elrensmin
2720,16690113,m0chi1216,"2026-09-29 16:37:43",1374.8,2,m0chi1216
2721,16635670,"Mr.S hanakosan","2026-09-29 03:07:00",1374.5,2,earlgreytea15
2722,16624941,"KO Ho Tin","2026-09-29 13:39:30",1374.5,2,b14ckc4tmr
2723,16793340,bee_lx_xl,"2026-09-30 22:42:36",1374.3,2,beelxxl
2724,16635029,"Oleg Melnik","2026-09-30 17:12:00",1374.1,2,olegmelnik
2725,16849282,ancientLuck,"2026-09-20 13:04:14",1373.0,2,ancientluck
2726,16658365,OnlyFarms,"2026-09-30 22:59:00",1372.9,2,hoowoo
2727,16892682,"Yasuhiro Manai","2026-09-29 07:49:40",1372.7,2,yasu01
2728,16635668,"Mirza Yasir Abdullah Baig","2026-09-28 07:34:02",1372.3,2,myab07
2729,16937269,"Egg D. Kernel","2026-09-22 01:53:27",1372.2,2,eggdkernel
2730,16632476,"Назар Коваль","2026-09-30 17:48:24",1371.6,2,miickey
2731,16731074,UmutUygurr,"2026-09-30 21:56:17",1371.4,2,"dilahbaheci,umuttuygurr"
2732,16641183,"Team Name Pending","2026-09-20 14:32:46",1371.3,2,"abdaathaillahhadyan,oliverspiby"
2733,16790945,"WHITE WOOD","2026-09-30 06:22:32",1371.2,2,lijinxuan
2734,16664157,"Runjie Zhu","2026-09-30 11:57:36",1370.5,2,damiendesolei
2735,16666719,helenkwok,"2026-09-29 02:12:23",1370.3,2,helenkwok
2736,16851343,"Ritwika Kancharla","2026-09-27 01:43:09",1369.9,2,ritwikakancharla
2737,16741096,"Yohanes Lengkong","2026-09-30 14:13:29",1369.7,2,yohanesfc
2738,16623530,khursani,"2026-09-30 15:03:44",1369.6,2,khursani8
2739,16625219,MJVinay,"2026-09-30 19:22:57",1369.5,2,mallajayanthvinay
2740,16932991,"Gabriel Stoms","2026-09-22 15:15:38",1368.5,2,gabrielstoms
2741,16630545,"GAURAV PARKHEDKAR","2026-09-25 13:18:41",1368.4,2,gauravparkhedkar
2742,16746599,Borrun,"2026-09-30 15:38:27",1368.2,2,borrun
2743,16660488,tehyoni,"2026-09-30 05:27:38",1368.0,2,"gooberdambi,sidcat,suaeng,tehyoni"
2744,16880773,最强扫地僧,"2026-09-21 05:14:26",1366.9,2,yyx466005036
2745,16855394,chipssy,"2026-09-29 17:14:19",1366.5,2,shotafubasami
2746,16675960,"Audric LOKO","2026-09-30 10:12:12",1366.4,2,audricloko
2747,16698540,asasaaa,"2026-09-30 01:15:35",1366.0,2,fieldhh
2748,16654710,"Ray Brothers","2026-09-28 17:52:46",1365.6,2,"madhurjyaray,vibekodr"
2749,16658025,"Dennis Gioche","2026-09-30 10:26:22",1365.0,2,dennisgioche
2750,16801797,Tv,"2026-09-27 15:45:59",1364.0,2,linyeah
2751,16920189,"Son Hoang","2026-09-23 12:57:59",1364.0,2,sonhoang82
2752,16916938,MC1127,"2026-09-24 13:08:50",1363.1,2,mc1127
2753,16672033,"Mohan Prasath P","2026-09-21 13:48:43",1363.0,2,mohanprasath21
2754,16808396,Dr_F,"2026-09-30 14:27:29",1361.9,2,algebraictopology
2755,16752444,zama,"2026-09-29 04:49:36",1361.3,2,zamami
2756,16657785,"Himanshu Kumar","2026-09-30 15:42:36",1360.6,2,himanshujha2812
2757,16713543,"Rustam Bazarbayev","2026-09-30 06:51:06",1360.6,2,rustambazarbayev
2758,16673604,"Jiman Kwon","2026-09-27 03:49:55",1360.0,2,jimankwon
2759,16784725,prairieee,"2026-09-30 01:27:46",1360.0,2,"haideptry,prairieee"
2760,16853132,masa0219,"2026-09-26 21:46:08",1359.7,2,masa0219
2761,16845695,"Nam Lê Phương","2026-09-28 06:55:21",1359.2,2,pearpn25
2762,16662176,"jorge fabian avila","2026-09-30 16:00:20",1358.2,2,jorgefabianavila
2763,16632493,"oni chan arigato","2026-09-20 10:55:22",1358.2,2,"kindasomethin,nabidnur"
2764,16806840,"Tavuk Master","2026-09-21 09:52:18",1358.1,2,mkrimenurgm
2765,16935420,"zicong pan","2026-09-24 09:34:45",1357.8,2,zicongpan
2766,16644818,chudddc,"2026-09-29 03:41:17",1357.6,2,chudddc
2767,16912988,"Roy Zhu","2026-09-29 12:56:20",1356.6,2,roy0zhu0
2768,16640264,DhanaLakshmiMalla,"2026-09-30 19:22:17",1356.6,2,dhanalakshmimalla
2769,16906626,JY,"2026-09-20 13:07:00",1356.5,2,junyihjy
2770,16659719,"Subha Prakash Pattnaik","2026-09-30 19:59:50",1356.1,2,quantumwars
2771,16655688,"Ryan Shan","2026-09-29 05:58:06",1356.0,2,codegold
2772,16927660,abraxas417,"2026-09-20 13:44:26",1354.9,2,abraxas417
2773,16849778,"Kim Minh","2026-09-22 03:21:00",1354.5,2,hanming14
2774,16924825,"Steven Feng","2026-09-24 09:46:32",1354.2,2,stevenkaiyi
2775,16659961,faahh,"2026-09-30 10:33:21",1354.2,2,shivam98saini
2776,16876869,MAGGR,"2026-09-29 14:14:17",1353.7,2,manojmandal
2777,16635747,"Jeki Wan Taufik","2026-09-29 00:31:55",1353.4,2,jek1wantaufik
2778,16730634,Priestess,"2026-09-21 05:34:51",1352.8,2,kalypheus
2779,16658109,edward1503,"2026-09-21 09:31:07",1352.3,2,nguynnc
2780,16844518,"Haroon Rasheed","2026-09-24 04:47:28",1351.4,2,haroonnsgb
2781,16728897,kaba777,"2026-09-29 20:43:39",1350.7,2,kaba777
2782,16719123,"Thomas Tschinkel","2026-09-23 02:43:20",1350.0,2,thomastschinkel
2783,16826999,donaldxu,"2026-09-28 13:31:45",1349.9,2,abc1705
2784,16921049,"liuyang Mei","2026-09-30 22:56:32",1349.7,2,liuyangmei
2785,16786092,Shiru2,"2026-09-30 23:21:58",1349.5,2,shiru2
2786,16621154,Zain96,"2026-09-30 11:35:18",1349.4,2,zain96
2787,16916418,Lukas,"2026-09-23 13:02:38",1349.3,2,lukasbuck
2788,16623450,S.Aoki,"2026-09-21 04:27:13",1348.6,2,soyaoki
2789,16693488,HarvestZero,"2026-09-30 22:36:03",1348.2,2,bernardboatey
2790,16881928,"Saad Khan","2026-09-30 19:25:40",1347.7,2,saadlohani
2791,16669594,euorrl,"2026-09-26 14:02:56",1347.2,2,euorrl
2792,16661575,skw1990,"2026-09-20 23:43:37",1347.2,2,skw1990
2793,16662749,Jordan,"2026-09-30 03:30:47",1346.7,2,extergeist
2794,16817077,"Dinesh kumar Thiyagarajan","2026-09-20 21:01:23",1346.5,2,dineshkumar0705
2795,16677320,kcoffee,"2026-09-30 15:23:44",1345.2,2,kcoffee
2796,16860288,"VIKASH YADAV","2026-09-29 05:25:11",1344.6,2,vikashyadav05
2797,16901894,"Michael Reid","2026-09-23 17:10:41",1344.5,2,michaelreid2025
2798,16660601,"Rabbiya affan","2026-09-30 19:44:32",1344.4,2,rabbiyaaffan
2799,16749251,HawkOsm,"2026-09-23 05:17:19",1343.6,2,hawkosm
2800,16928640,Kenj,"2026-09-20 08:01:59",1342.9,1,kiritoooooooo
2801,16898309,"Mohammad Albaddawi","2026-09-19 14:27:45",1342.9,2,m7mdalbaddawi
2802,16666946,pwxc00,"2026-09-30 19:24:44",1342.8,2,alert04
2803,16654681,htech5,"2026-09-25 13:19:38",1342.6,2,htech5
2804,16728549,Karatelb,"2026-09-26 11:53:23",1342.1,2,karatelb
2805,16654486,alijs,"2026-09-30 17:56:53",1341.7,2,alijs1
2806,16922907,萤火2018,"2026-09-20 09:48:37",1339.9,2,aiwody
2807,16809332,"ansheng jhang","2026-09-29 06:39:41",1339.4,2,anshengjhang
2808,16687824,"André Dkw","2026-09-29 17:57:53",1339.3,2,andrdkw
2809,16926297,brave-心勇-heart,"2026-09-29 13:44:42",1339.1,2,braveheart
2810,16926712,lostargon,"2026-09-21 21:44:55",1338.5,2,vadimpryakhin
2811,16691670,wangbin.dev,"2026-09-29 15:42:12",1338.0,2,wangbindev
2812,16700207,"S. Mujtaba Hussain","2026-09-23 08:49:23",1337.8,2,smujtabahussain
2813,16863551,"Fady Mohammed","2026-09-26 04:39:25",1337.2,2,fadymagdy
2814,16625921,JinchengZhang1,"2026-09-29 01:45:43",1336.9,2,jinchengzhang1
2815,16621249,"Kunal Aarse","2026-09-30 19:45:40",1336.7,2,kunalinfinite
2816,16741243,"Yasin Mert Şahin","2026-09-30 18:12:31",1336.5,2,ymertsahin
2817,16693557,"Ifeoluwa Adewumi","2026-09-30 21:38:42",1336.1,2,ifeadewumi
2818,16795134,"jiawei li","2026-09-29 06:10:16",1335.1,2,jiaweiaaa
2819,16769277,卡心农场,"2026-09-29 14:43:09",1334.5,2,"hkd2333,hsiaosuan"
2820,16883863,qhapaq49,"2026-09-27 09:26:47",1333.4,2,qhapaq49
2821,16756899,Muj!rush!,"2026-09-30 12:57:28",1332.9,2,mujrush
2822,16720841,liuhc1017,"2026-09-30 23:09:38",1332.9,2,liuhc1017
2823,16669148,"Syed Muhammad Gillani","2026-09-20 23:33:36",1332.6,2,syedmuhammadgillani
2824,16917535,"Edric Zhou","2026-09-21 08:05:07",1332.5,2,edriczhou
2825,16900902,"Younes Chafi","2026-09-23 12:36:44",1332.2,2,youneschafi
2826,16751358,Cristiano,"2026-09-26 14:41:59",1331.9,2,zhuangbility
2827,16621063,Broskis,"2026-09-30 18:47:56",1331.9,2,"aikyatansinha,r1cksync,vamshikrishnaemmadi"
2828,16939130,BenRed1,"2026-09-28 00:59:20",1331.4,2,benred1
2829,16937817,Yuki_ARL,"2026-09-21 17:58:56",1331.4,1,yukiarl
2830,16868304,"Aaron amacadu","2026-09-19 20:18:38",1330.2,2,aaronamacadu
2831,16850995,"KOSUKE MATSUDA","2026-09-30 22:56:20",1329.3,2,kosukematsuda
2832,16625214,Malla,"2026-09-30 19:22:36",1329.2,2,mallaphalguni
2833,16688979,"Dhayaney Vijayan","2026-09-30 21:18:48",1328.9,2,dhayaneyvijayan
2834,16721248,"Raef Guizani","2026-09-29 12:02:18",1328.2,2,raefguizani
2835,16668167,sottnik,"2026-09-30 19:58:29",1328.1,2,sottnik
2836,16871053,Ni123456&,"2026-09-25 05:05:05",1327.3,2,bingdongni
2837,16929902,Daijun_zju,"2026-09-21 07:23:03",1327.1,2,daijunzju
2838,16753820,sbite0138,"2026-09-28 15:31:44",1327.1,2,sbite0138
2839,16790091,"[Deleted] 0c90d8c7-6287-45e2-a53d-b800213ae7c3","2026-09-23 14:47:14",1326.4,2,del=09910093914da146
2840,16673013,TTT,"2026-09-30 13:52:55",1326.2,2,tadahiroasami
2841,16825815,linchenge,"2026-09-29 08:37:53",1326.1,2,linchenge
2842,16734901,Breaking1800,"2026-09-30 23:09:51",1326.0,2,breaking1800
2843,16942821,PabloKim,"2026-09-25 11:26:53",1325.4,2,pablodevkim
2844,16663485,"Jacob Alstrup","2026-09-28 15:08:44",1325.3,2,jacobalstrup
2845,16658426,RIVEN23,"2026-09-29 06:20:02",1325.2,2,riven5
2846,16847096,Jackylw,"2026-09-20 15:53:08",1324.9,2,jackylw
2847,16848394,Polaris,"2026-09-19 12:40:07",1324.5,2,zhanglei226
2848,16941958,"Justin Anderson","2026-09-25 10:20:24",1324.4,2,justanderson
2849,16779519,"Xiangsong Tian","2026-09-30 07:45:39",1324.0,2,xiangsongtian25
2850,16663759,Aggro,"2026-09-21 17:30:40",1323.7,2,datafad
2851,16926016,"[KGZ] Aruke Sulaimanova","2026-09-19 15:15:47",1323.6,2,arukesulaimanova1
2852,16806249,CLJY,"2026-09-28 08:13:21",1323.5,2,cljy2026
2853,16679144,つるげーねふ,"2026-09-29 03:13:10",1323.5,2,atom7666
2854,16882022,URAD,"2026-09-30 22:58:43",1323.3,2,uradkr
2855,16645431,Amin,"2026-09-30 14:18:52",1323.3,2,aminvafaei
2856,16793385,"Rishav Utkarsh","2026-09-30 19:42:14",1323.0,2,rishavutkarsh
2857,16944358,Kobamiyannnn,"2026-09-23 02:50:24",1322.9,2,kobamiyannnn
2858,16656213,"Mehdi Boumiza","2026-09-24 03:56:40",1322.8,2,mehdiboumiza
2859,16925740,Virexon,"2026-09-30 23:23:33",1322.3,2,"spectrion5,synthexia,virexon,vorinaq"
2860,16655748,revathip,"2026-09-29 12:35:57",1322.2,2,revathiprakash
2861,16665596,chunhu666,"2026-09-26 08:12:26",1322.1,2,chunhu666
2862,16682254,"Jeffery Jerome Harris","2026-09-28 07:41:58",1322.1,2,jefferyjeromeharris
2863,16848850,Lazyman,"2026-09-21 18:42:12",1321.3,2,lazyman
2864,16632708,__Taichicchi__,"2026-09-27 22:30:30",1321.0,2,hutch1221
2865,16642036,enddl22,"2026-09-30 03:14:45",1320.9,2,enddl22
2866,16719869,"Swamy Gadila","2026-09-25 14:32:08",1320.3,2,testfridaycore2
2867,16743546,"Simon Dorcas","2026-09-24 16:36:17",1320.3,2,simondorcas
2868,16887858,"Oleg Zholobov","2026-09-21 14:06:59",1319.6,2,olegzholobov
2869,16759500,lolzpo,"2026-09-30 23:06:55",1319.2,2,lolzpo
2870,16936434,joshuag99,"2026-09-27 08:15:37",1319.0,2,joshuag99
2871,16696743,"wennan cao","2026-09-29 19:58:25",1319.0,2,wennancao
2872,16671607,"Chanhyuk Han","2026-09-30 13:36:29",1318.6,2,chanhyukhan
2873,16678080,"Timothy Adeyemi","2026-09-19 16:58:52",1318.6,2,timothyadeyemi
2874,16757392,Winter01,"2026-09-30 21:38:41",1318.3,2,wei111111
2875,16659942,"Abdoulaye DIAW","2026-09-22 09:46:49",1318.3,2,abdoulayediaw25
2876,16658290,rrishavrraj,"2026-09-30 19:35:12",1317.9,2,"rrishavrraj,shubhamkumar9812"
2877,16857458,HIIHIH,"2026-09-29 13:26:40",1317.7,2,hiihih
2878,16927137,"Hibachi Fried Rice","2026-09-29 05:45:01",1317.5,2,samvalladares
2879,16697249,"Sudharsana Rajasekaran","2026-09-24 01:19:07",1317.0,2,sudhan03
2880,16673034,"Milos Vlainic","2026-09-30 21:32:58",1316.9,2,wlakinsson
2881,16674367,"zongze Yan","2026-09-30 15:26:24",1316.8,2,aaayan
2882,16866458,lalal2006,"2026-09-23 14:26:28",1316.8,2,lalal2006
2883,16735353,我是刘大聪,"2026-09-29 15:27:47",1316.5,2,smartorz
2884,16862461,"Guilherme Volpe","2026-09-23 00:38:39",1316.4,2,guivolpe
2885,16623920,"Kazuta MIZUTA","2026-09-21 00:27:46",1316.4,2,kazutamizuta
2886,16851399,"Ali Eren Konak","2026-09-28 10:49:26",1316.4,2,alierenkonak
2887,16777138,"Anna Pakhaliuk","2026-09-27 16:29:48",1315.9,2,annapakhaliuk
2888,16623708,"Chekhlov Dmitrii","2026-09-18 13:45:33",1315.9,2,zoli800
2889,16854072,r13721,"2026-09-19 15:19:42",1315.4,2,r13721
2890,16668798,"Ayush Shukla","2026-09-30 17:43:49",1315.4,2,ayushivy
2891,16663851,"Harshith revuru","2026-09-19 19:18:24",1315.1,2,harshithrevuru
2892,16635600,"Divyansh Kumar","2026-09-28 11:20:31",1315.0,2,"divyanshkumar3,vivekjeetpatel"
2893,16885090,higuuu,"2026-09-27 05:40:50",1314.8,2,higuuu
2894,16843522,clouds111,"2026-09-24 13:40:53",1314.6,2,clouds111
2895,16726545,whm8016,"2026-09-23 16:17:05",1314.4,2,whm8016
2896,16866014,htsbrer,"2026-09-20 00:09:51",1314.2,2,ht5brer
2897,16699586,"Linda Liu","2026-09-30 22:57:50",1313.6,2,lpoint
2898,16855992,"Vanshika #2","2026-09-29 03:53:20",1313.5,2,crystalbaby
2899,16654379,"Sebastian Mateus","2026-09-30 20:06:56",1313.5,2,"brenorb,sebastianmateus"
2900,16838589,iCO,"2026-09-26 17:00:02",1313.1,2,takashimaeda
2901,16764901,"Han Chen","2026-09-22 09:05:16",1313.1,2,puffohan
2902,16621075,"Octavi Grau","2026-09-30 14:34:10",1312.9,2,octaviograu
2903,16820988,人畜无害,"2026-09-29 00:57:46",1312.8,2,slowmo19
2904,16724242,"Romash Koirala","2026-09-25 12:35:17",1312.8,2,romashkoirala
2905,16860164,Ry_Sa,"2026-09-22 13:02:38",1312.7,2,ryqsaq
2906,16875601,forwardidear,"2026-09-19 08:49:41",1312.4,2,forwardidear
2907,16907973,Mainafly,"2026-09-30 01:44:15",1312.3,2,ishakuyusufmaina
2908,16848588,"vibe coders","2026-09-30 23:14:01",1311.4,2,"caando,sheryllynntan"
2909,16622939,"Kamal Das","2026-09-30 14:59:44",1310.8,2,kmldas
2910,16845382,Alpha_Ashwin007,"2026-09-23 20:31:55",1310.3,2,alphaashwin007
2911,16775684,ketterking,"2026-09-30 13:51:48",1310.1,2,"ketterwang,wwppyywwww"
2912,16925699,"YOUNG CHOW","2026-09-30 09:09:04",1309.9,2,youngchow
2913,16810275,Adam,"2026-09-30 19:27:54",1309.7,2,potonglantie93
2914,16622034,"Aryan Yadav","2026-09-19 05:51:25",1309.2,2,simplexcomplex
2915,16943490,"green algeria","2026-09-22 19:12:48",1308.9,2,greenalgeria
2916,16655372,abobakrosman87,"2026-09-30 22:55:28",1308.9,2,abobakrosman87
2917,16661533,wangyuou,"2026-09-25 11:22:49",1308.8,2,wangyuou
2918,16663603,xsong2020,"2026-09-30 16:37:46",1308.5,2,xstargate
2919,16666188,"XueFeng Chen","2026-09-30 22:03:56",1308.5,2,chxfmcs
2920,16719771,"Oleg Papulov","2026-09-29 16:14:25",1308.4,2,olegpapulov
2921,16722619,vlavlalva,"2026-09-20 13:44:47",1308.3,2,cppcph
2922,16793478,noisyislands,"2026-09-30 15:31:28",1307.6,2,noisyislands
2923,16849814,"Mr. Architect","2026-09-20 08:06:03",1307.6,2,vietnguyen130593
2924,16822706,"YUE WU","2026-09-21 00:34:02",1307.4,2,yuewuacademic
2925,16743846,"Hemanth Raja Guttikonda","2026-09-29 17:07:54",1307.3,2,"hemanthrajg,poojithakatta18"
2926,16756029,EndCreeper,"2026-09-30 13:32:59",1307.1,2,endcreeper
2927,16852208,"LONG NT123","2026-09-19 08:30:22",1306.7,2,longnt123
2928,16671844,I2nfinit3y,"2026-09-30 18:35:47",1306.6,2,i2nfinit3y
2929,16926545,"Rintaro Washio","2026-09-19 19:02:47",1306.6,1,rintarowashio
2930,16924209,AmirabbasBF2027,"2026-09-24 19:10:14",1306.0,2,amirabbasbf2027
2931,16920912,wxxbest,"2026-09-23 13:36:08",1305.9,2,w20260801
2932,16715828,samg,"2026-09-29 04:17:53",1305.9,2,samgreen2046
2933,16921850,"Leon Sakakibara","2026-09-21 02:05:50",1305.7,2,leonsakakibara
2934,16924407,"Laxmi Khilnani","2026-09-30 18:26:00",1305.6,2,laxmikhilnani2004
2935,16863212,"Jayanth Koppala","2026-09-21 19:38:51",1305.6,2,jayanthkoppala
2936,16708315,beeyan,"2026-09-29 13:38:26",1305.0,2,beeyan0821
2937,16652630,stars_w,"2026-09-18 06:57:00",1304.6,2,starsw
2938,16888648,"MAOSEN ","2026-09-21 10:40:03",1304.6,2,maosen
2939,16690065,JiangWenfeng1,"2026-09-27 14:29:04",1304.5,2,jiangwenfeng1
2940,16839530,"que la cuenten como quieran","2026-09-30 22:43:15",1304.5,2,germanjurado1
2941,16915888,"Steve T","2026-09-20 05:28:41",1304.5,2,jamesfitxroi
2942,16782708,lcx666,"2026-09-28 07:52:40",1304.4,2,chengxinliang
2943,16721259,Qsj,"2026-09-24 01:31:34",1304.4,2,qiaoshiji
2944,16630740,"Ramazan Turan","2026-09-19 08:51:11",1303.9,2,ramazanturann
2945,16777394,antadam127,"2026-09-19 23:03:20",1303.7,2,antadam127
2946,16640552,"rupsa roy","2026-09-30 19:44:26",1303.5,2,rupsarroy
2947,16884417,"malcolm tan","2026-09-18 18:24:39",1303.2,2,malcolmtan
2948,16811920,"MINGXI LIU","2026-09-28 16:39:52",1303.0,2,wang5630900
2949,16668123,B0RN2BL0W0UT,"2026-09-19 19:30:24",1302.8,2,kadenmansur
2950,16759501,BaconT,"2026-09-22 15:56:11",1302.3,2,bacont
2951,16765151,htnhtn,"2026-09-26 13:00:38",1301.4,2,htnhtn
2952,16635067,"Berat Egemen Gök","2026-09-28 19:42:39",1301.4,2,berategemengk
2953,16847370,"Suleyman Yollyyev","2026-09-25 05:54:55",1301.2,2,suleyman71
2954,16644229,"Amy Yuan","2026-09-29 16:41:33",1301.1,2,cozytato
2955,16911021,spark328,"2026-09-19 10:30:15",1300.9,2,spark328
2956,16736198,JetJetGo,"2026-09-19 14:10:00",1300.6,2,psykrishna
2957,16664506,"Jonatan Asketorp","2026-09-30 03:34:00",1297.9,2,weft169aston
2958,16814852,"Shivcharanraju Anga","2026-09-29 22:16:12",1297.2,2,shivcharanrajuanga
2959,16885933,"Nadeem Kilani","2026-09-23 03:32:45",1296.4,2,fifthway
2960,16623263,ASHML,"2026-09-29 10:41:54",1295.5,2,ashml
2961,16751899,peggy,"2026-09-28 09:59:58",1294.8,2,refrigerator21
2962,16870596,juicyorange,"2026-09-29 03:36:35",1294.5,2,billychau1
2963,16658946,theredbluepill,"2026-09-30 22:48:00",1294.5,2,poonszesen
2964,16764868,y129besan,"2026-09-19 02:30:37",1294.5,2,y129besan
2965,16728996,autowin,"2026-09-20 06:57:56",1294.4,2,atharvjairath
2966,16657623,Restart:),"2026-09-19 16:26:31",1294.3,2,wayne127
2967,16623988,"Charismatic Pizza Party🍕","2026-09-19 12:22:20",1294.2,2,debugendless
2968,16652451,JackGong,"2026-09-30 11:46:57",1293.8,2,jackgong
2969,16678930,"Just a moroccan","2026-09-26 12:14:44",1292.9,2,zbidaamine
2970,16920843,"Hou JH-71","2026-09-20 13:09:46",1292.7,2,houjihao
2971,16848929,"Nikoo Yu","2026-09-29 05:55:00",1292.7,2,nikooyu
2972,16775474,ERS,"2026-09-19 06:16:01",1292.5,2,shingo257
2973,16658709,"Kaggler Albafica","2026-09-30 04:55:28",1292.5,2,kaggleralan
2974,16698489,"JIUZHOU CHAN","2026-09-30 17:46:05",1292.3,2,jiuzhouchan
2975,16654662,"2/3 rounded to two decimals","2026-09-30 21:18:57",1292.1,2,rnold2
2976,16888126,Iminabo,"2026-09-17 16:21:33",1292.1,2,iminabo
2977,16709304,"Aleksey SCHUKIN","2026-09-30 12:43:58",1291.9,2,alekseyschukin
2978,16919736,elda27,"2026-09-22 01:32:59",1291.8,2,elda27
2979,16755808,"Van-Phuc Huynh","2026-09-22 07:21:40",1291.6,2,hvanphucs112
2980,16701697,Pelican,"2026-09-29 05:18:25",1291.0,2,chetanagrawall
2981,16882077,telep,"2026-09-30 19:56:47",1290.8,2,vitaliypyvovar1
2982,16917982,"Haitao56 ","2026-09-19 14:38:52",1290.5,2,haotao56
2983,16899240,"Abel Mendez","2026-09-25 04:42:43",1290.3,2,abelmendez
2984,16885430,zoujustkidding,"2026-09-18 08:42:04",1289.8,2,chenxianshen123
2985,16757987,maverick_ss_26,"2026-09-22 13:19:24",1289.6,2,maverickss26
2986,16913081,"Danil Bashkirov","2026-09-30 23:04:09",1288.9,2,chieph
2987,16944157,"Aly Dhedhi","2026-09-23 00:53:42",1288.5,2,alydhedhi
2988,16630964,LEEKANG,"2026-09-19 08:43:02",1288.4,2,poby7722
2989,16674878,KirillKlem,"2026-09-29 15:18:20",1288.1,2,kirillklem
2990,16886174,还没想好冥,"2026-09-18 14:45:39",1288.0,2,"fufustory,hashak,linjunren1016,mushroom1763,yamaer"
2991,16635055,chch,"2026-09-29 02:49:26",1287.9,2,chchentw
2992,16743639,Hanserong,"2026-09-18 06:20:56",1287.9,2,"ronghedragon,rufus666"
2993,16676321,"tao wu11","2026-09-27 07:17:27",1287.7,2,"taowu11,xujchill"
2994,16830678,Voodoo_m88,"2026-09-26 05:18:05",1287.0,2,voodoom88
2995,16914950,"Alessio Mezzina","2026-09-22 07:11:58",1286.9,2,alessiomezzinaaa
2996,16817923,"Adhiraj Jagtap","2026-09-29 08:09:52",1286.5,2,adhirajjagtap
2997,16939866,"Big boom","2026-09-30 16:32:07",1286.1,2,cancinoespi
2998,16746275,LittleScottyy,"2026-09-19 11:11:39",1286.0,2,fongwaiyong
2999,16937658,=.=,"2026-09-30 11:42:54",1285.4,2,yishenxiao
3000,16636954,"Jeff Horon","2026-09-30 22:48:01",1284.7,2,jeffhoron
3001,16922609,rofa2,"2026-09-18 23:05:58",1284.6,2,"gaoyuanjun,zhdmath"
3002,16843203,"Liyi xin jie","2026-09-30 15:01:42",1284.4,2,liyixinjie
3003,16825340,xiaoBOSS97,"2026-09-21 15:18:33",1283.9,2,xiaoboss97
3004,16897955,Diganta,"2026-09-18 15:58:46",1283.8,2,digantabhattacharya
3005,16656382,Aevion-Labs,"2026-09-23 14:23:35",1283.8,2,aevionlabs
3006,16635910,K3V1NM,"2026-09-18 13:33:33",1283.1,2,k3v1nm
3007,16622788,Fitzcarraldo,"2026-09-27 06:42:36",1282.3,2,ivankuc
3008,16879879,wulawulacong,"2026-09-18 03:56:01",1281.4,2,wulawulacong
3009,16824010,yuxingyizhou,"2026-09-29 00:08:06",1281.2,2,yuxingyizhou
3010,16740034,BSCode,"2026-09-29 16:28:27",1280.9,2,bscode
3011,16743427,Under遊具,"2026-09-18 06:00:32",1280.4,2,andayougui
3012,16778744,"Shunsuke Hayashi","2026-09-30 23:00:22",1280.2,2,shunsukehayashi1993
3013,16891040,"Nasri Siwar","2026-09-28 22:40:29",1280.0,2,sassounasri
3014,16799769,manyuA,"2026-09-29 01:42:16",1279.1,2,"forheuristiclifeksh,manyua,realhonest"
3015,16740010,"[Deleted] 3d43f904-9731-4807-b835-0ae07351a8c7","2026-09-20 18:57:10",1278.8,2,del=230950f98ee5f235
3016,16621628,pupen_o,"2026-09-23 17:16:53",1278.4,2,pupeno
3017,16830526,"Raghav Agrawal","2026-09-23 17:42:54",1277.9,2,raghagra
3018,16890772,tcipin-egor,"2026-09-19 01:12:37",1277.6,2,egorich51
3019,16731983,Gracie,"2026-09-27 13:23:32",1277.5,2,gracie428
3020,16668370,"Matthew Labrador","2026-09-17 14:07:15",1276.9,2,m4tyuuu
3021,16714134,"Raul Tinajero","2026-09-17 19:57:39",1276.9,2,raultinajeroo
3022,16859269,BAILW,"2026-09-30 14:01:24",1276.7,2,baimatubama
3023,16655766,前衛,"2026-09-18 16:22:25",1276.6,2,"atharvranjan,shreyasgandhe,siddharth9077"
3024,16926797,aurnik,"2026-09-24 19:26:39",1276.6,2,aurnik
3025,16671520,sci-shi,"2026-09-30 13:18:10",1276.4,2,scishi
3026,16733839,"Fabian Ruiz","2026-09-19 21:47:07",1276.3,2,fabianruiz3
3027,16679004,"Kevin Zhao","2026-09-22 07:36:22",1276.3,2,kevinzhao666
3028,16689926,3MnRho,"2026-09-19 06:59:04",1274.7,2,yongxiangzhao
3029,16796484,"Ryutaro Tsujii","2026-09-30 22:41:10",1274.1,2,ryutarotsujii
3030,16661509,JSON_Voorhees,"2026-09-30 18:04:04",1273.4,2,michaelgreenhut
3031,16904006,vorlian,"2026-09-16 03:18:09",1273.3,2,vorlian
3032,16798989,"Harvest Sun","2026-09-30 09:02:38",1273.2,2,zaoooo29
3033,16852963,LingLingToshite,"2026-09-30 01:37:02",1273.2,2,lingtoshitehiroki
3034,16658840,sanju25,"2026-09-30 13:23:07",1272.5,2,sanju25
3035,16921161,"earl naranja","2026-09-18 14:29:46",1272.5,1,earlnaranja
3036,16635280,"Narendra Sirvi","2026-09-24 04:12:37",1272.4,2,narendras78
3037,16860811,XiaoXiaoJ,"2026-09-17 19:38:39",1272.2,2,xiaoxiaoj
3038,16739019,quzhihang,"2026-09-23 08:28:40",1271.4,2,quzhihang
3039,16880975,"Shenyu Ma","2026-09-18 15:19:11",1270.8,2,shenyuma
3040,16780062,Kousuke55,"2026-09-30 14:18:43",1270.6,2,kousuke555
3041,16664239,VK_Kaggriculture..StartCompet,"2026-09-29 05:16:05",1270.3,2,venkatkumar001
3042,16806635,digimagi,"2026-09-22 08:18:35",1269.0,2,digimagi
3043,16861256,lizh2025,"2026-09-27 15:04:10",1268.5,2,lizh2025
3044,16729105,cc,"2026-09-29 09:24:09",1268.2,2,hqj66666
3045,16662681,"Vernon Campbell","2026-09-18 01:51:57",1267.7,2,vernoncampbell
3046,16667346,Artwenty-six,"2026-09-27 04:57:22",1267.6,2,rezakautsarinsani
3047,16653078,pk210495,"2026-09-21 12:11:20",1267.4,2,pk210495
3048,16662318,"Bardia Bahadori","2026-09-18 15:21:53",1267.2,2,bardiabahadori
3049,16866689,snehitha,"2026-09-30 17:47:05",1267.0,2,andapallysnehitha
3050,16933118,wkdbskwsm,"2026-09-27 09:58:40",1266.8,2,wkdbskwsm
3051,16897870,妮选择遗忘的,"2026-09-17 13:59:51",1266.6,2,yk120951
3052,16936777,tagokoro,"2026-09-24 05:14:27",1266.4,2,tagokoro
3053,16677774,"Abdulatif Mahgoub","2026-09-30 21:30:27",1266.1,2,abdulatifmahgoub
3054,16891562,"Weverton Guedes","2026-09-25 12:29:45",1265.6,2,owevertonguedes
3055,16751267,Guojun1,"2026-09-28 17:25:04",1265.3,2,guojun1
3056,16621610,NMarkS,"2026-09-21 12:03:36",1265.3,2,nmarks
3057,16764546,Thirst,"2026-09-28 20:00:47",1264.8,2,wahidakram
3058,16912371,Dorararra,"2026-09-23 03:37:28",1264.2,2,dorafairy661
3059,16855477,SiriusStarRally,"2026-09-16 09:32:59",1263.3,2,siriusstarrally
3060,16728135,sukirman,"2026-09-16 03:25:01",1263.1,2,rakbidb
3061,16875763,"芳村 愛支","2026-09-20 03:21:14",1263.0,2,shin1012
3062,16908832,"ranya marwan","2026-09-18 20:46:58",1262.9,2,ranymarwan286
3063,16796223,"Bohan Shao","2026-09-29 08:44:47",1262.7,2,bohanshao
3064,16841799,珍珠,"2026-09-30 07:57:27",1262.7,2,luochen6
3065,16843555,sol12378,"2026-09-30 22:34:56",1262.6,2,sol12378
3066,16669089,YujieXing10,"2026-09-29 13:40:34",1262.6,2,yujiexing10
3067,16664751,"Cindy Meng90","2026-09-21 08:37:53",1262.5,2,cindymeng90
3068,16685014,"Vishal Kishore","2026-09-20 11:55:12",1262.4,2,kishorevishal
3069,16840921,evolved,"2026-09-30 21:54:04",1262.0,2,algunion
3070,16875968,"Dias Bakhtiyarov","2026-09-16 19:41:15",1261.8,2,diasbakhtiyarov
3071,16891588,Krtecek,"2026-09-20 11:16:13",1261.7,2,krtecek
3072,16845020,AGI,"2026-09-17 18:19:05",1261.7,2,"guusadema,tgroen3"
3073,16770842,yatakeuc,"2026-09-29 14:37:36",1261.7,2,yatakeuc
3074,16669711,"Anton Shaniuk","2026-09-18 18:08:55",1261.6,2,antonshaniuk
3075,16888261,"Andreas meling","2026-09-30 00:03:28",1261.3,2,andreasmeling
3076,16810954,BayramAnnakov,"2026-09-19 11:14:29",1260.6,2,bayramannakov
3077,16623749,Tejas,"2026-09-17 09:53:36",1260.2,2,tejuuss
3078,16807380,"D × MirAI","2026-09-29 00:16:04",1260.1,2,kmnkmn
3079,16839580,"Søren Ravn Andersen","2026-09-16 13:57:31",1259.8,2,sorenravn
3080,16932705,tan014,"2026-09-30 22:28:46",1259.3,2,tan014
3081,16930996,"ROGER REN","2026-09-29 17:14:12",1259.1,2,rogerrenruben
3082,16729488,"Bala vighnesh Reddy","2026-09-20 11:38:40",1258.6,2,balavighneshreddy
3083,16775010,"Alexey Kuznetsov","2026-09-19 14:26:40",1258.2,2,legtarrr
3084,16681100,Chiranjith,"2026-09-17 11:37:34",1257.8,2,chiranjithdharma
3085,16692678,Nerozud,"2026-09-30 22:43:46",1257.7,2,"lorerubiano22,nerozud"
3086,16671767,Kaileh57,"2026-09-30 20:35:52",1257.5,2,kaileh57
3087,16672371,Loren-wen,"2026-09-27 04:40:08",1257.1,2,wofusituerte
3088,16899300,"Yassine Chritt","2026-09-17 06:31:14",1256.6,2,yassinechritt
3089,16621683,Shivangoudaa,"2026-09-16 16:04:07",1255.8,2,ishivapatil
3090,16726816,"Games Jadley","2026-09-24 22:02:50",1255.5,2,gamesjadley
3091,16676034,"Songyot P","2026-09-18 06:33:06",1254.9,2,songyotpi
3092,16768543,caas_sicca,"2026-09-19 07:56:21",1254.5,2,caassicca
3093,16781279,zhyphirus,"2026-09-16 11:08:51",1254.3,2,zhyphirus
3094,16659415,PincheCabrón,"2026-09-30 17:38:46",1253.4,2,pinchecabrn
3095,16805906,FENGYESHAN,"2026-09-30 13:44:12",1253.4,2,fengyeshan
3096,16626203,"Manish Kumar Maurya","2026-09-19 19:39:02",1252.8,2,manishkumarmaurya11
3097,16639844,MaxChen303,"2026-09-20 03:12:58",1252.4,2,maxchen303
3098,16725947,SamarthRawat18,"2026-09-24 16:29:45",1252.3,2,samarthrawat18
3099,16849125,"OBSTACLE DEVELOPER","2026-09-26 09:46:19",1251.7,2,obstacledeveloper
3100,16680144,AM,"2026-09-17 15:52:11",1251.2,2,adammekky
3101,16623199,"Jesse Ferguson","2026-09-25 22:32:37",1250.9,2,jesseferguson
3102,16907595,"Eric Zhang63","2026-09-18 18:15:50",1250.6,1,"ericzhang63,szqg666"
3103,16881660,Prateek,"2026-09-28 17:41:40",1250.4,2,prateekagnihotri
3104,16670659,saumyagupta12,"2026-09-26 18:07:30",1250.2,2,saumyagupta12
3105,16635418,ocean240812,"2026-09-30 14:26:31",1250.1,2,ocean240812
3106,16637919,NoOneAhead,"2026-09-19 03:24:29",1249.3,2,jerrlu
3107,16635745,DataRockstar,"2026-09-30 04:45:26",1249.0,2,"amaropeter,jvlegend"
3108,16668157,"vineet dairashri","2026-09-24 21:14:39",1248.3,2,vineetdairashri
3109,16797457,Aamod06,"2026-09-30 14:01:04",1248.0,2,aamod06
3110,16651257,PursueML,"2026-09-22 16:24:27",1247.8,2,"cuijohn,pursueml"
3111,16821967,"Nakul Maurya","2026-09-29 16:56:08",1247.5,2,nakulmaurya
3112,16908116,"Kabir Potdar","2026-09-16 18:40:56",1247.3,2,kabir01010
3113,16897719,"Muhammad Aashir Irshad","2026-09-21 14:44:03",1246.5,2,muhammadaashirirshad
3114,16895014,trying_out,"2026-09-15 20:03:10",1246.3,2,"samiatisha,vickysynapsev"
3115,16731799,"Ansh The Farmer 👩‍🌾","2026-09-15 19:05:59",1246.2,2,affection
3116,16894457,kento2002,"2026-09-17 16:44:18",1246.2,2,kento2002
3117,16915895,Shaylynn,"2026-09-17 15:58:29",1246.1,1,shittttttt
3118,16659160,"Dmitry Bardonov","2026-09-18 18:20:26",1245.9,2,bdesim
3119,16842246,montplusa,"2026-09-17 00:59:05",1245.5,2,montplusa
3120,16748738,Shymohn,"2026-09-17 07:01:37",1245.5,2,shymohn
3121,16855268,"Jiayi Du","2026-09-26 21:17:21",1245.2,2,jahyee
3122,16796544,"Xiaonan FU","2026-09-16 01:44:11",1244.8,2,xiaonanfu999
3123,16716012,LaiCxm,"2026-09-24 11:50:02",1243.6,2,laicxm
3124,16909973,"Tri Tuc Cao","2026-09-17 09:59:28",1243.3,1,tricao
3125,16709950,"Ryan Myers","2026-09-25 05:52:17",1243.0,2,ryanmyers03
3126,16640780,"drezna ultra","2026-09-18 14:14:35",1242.4,2,notakes
3127,16943936,"Wessel van Dijke","2026-09-27 23:22:56",1242.2,2,wesselvandijke
3128,16912052,"Nana Bast","2026-09-18 16:29:38",1242.2,2,"fontainedefurina,nanabast"
3129,16761324,WLYYYo,"2026-09-22 14:15:28",1242.0,2,wlyyyo
3130,16728774,あなまか,"2026-09-30 14:42:45",1241.9,2,arakish
3131,16791999,"Dashi Tsybikzhapov","2026-09-28 11:01:31",1241.9,2,dashitsybikzhapov
3132,16698287,"Reinforcement Forgetting","2026-09-24 23:34:50",1241.5,2,ethanjschauder
3133,16625908,trantrikien239,"2026-09-30 23:04:53",1241.4,2,trantrikien239
3134,16707994,"Ayush Gupta #2","2026-09-17 22:21:54",1240.9,2,desmond6101
3135,16907699,"zhirong ye","2026-09-18 16:25:01",1240.7,2,zhirongye
3136,16826719,"Dennis HT","2026-09-18 09:43:32",1240.1,2,dennisht
3137,16898547,"[Deleted] 56e880dc-015c-4899-9c1b-85d9958ef4af","2026-09-15 18:25:34",1240.0,2,del=84798c2d77df7d9d
3138,16804859,DevashishSoni123,"2026-09-30 04:00:41",1239.4,2,devashishsoni123
3139,16738653,"Julien Trocmé","2026-09-29 14:50:45",1238.8,2,julientrocm
3140,16856629,Methematics,"2026-09-30 21:31:25",1238.8,2,pavelvasilevskiy
3141,16701948,"Shaokai Zhang","2026-09-19 10:58:04",1238.6,1,shaokaizhang
3142,16644481,Liquidus,"2026-09-16 02:57:18",1238.2,2,liquidus
3143,16881600,"Yoshihiro Hatakeyama","2026-09-21 03:41:49",1238.1,2,yoshihiro1909
3144,16915374,"Muaz Husaini","2026-09-21 06:18:49",1237.7,2,muazhus
3145,16859157,"David Mensah-Gbekor","2026-09-17 22:03:56",1237.7,2,ravdave
3146,16853125,"BEIKE YAN","2026-09-21 02:10:30",1237.3,2,craigsid
3147,16895927,logicorix,"2026-09-15 09:30:21",1237.1,2,logicorix
3148,16793553,hoon0303,"2026-09-16 12:38:01",1237.0,2,hoon0303
3149,16730903,noynkmr,"2026-09-30 14:40:17",1236.8,2,noynkmr
3150,16886193,"Xiaoyong Zhu","2026-09-15 01:23:47",1236.7,2,xiaoyzhu
3151,16849328,"Gaurav #2","2026-09-17 13:14:38",1236.7,2,genesis96839
3152,16927981,narihz,"2026-09-22 12:25:06",1236.0,2,xiaochaizhen
3153,16887661,magic101,"2026-09-14 22:48:26",1236.0,2,magicbuttons
3154,16878308,Pjchauhan,"2026-09-25 04:59:56",1235.8,2,pjchauhan
3155,16799024,Becegatto,"2026-09-27 23:55:44",1235.6,2,viniciussignorelli
3156,16677399,lyts,"2026-09-26 08:54:14",1235.5,2,lytsyyds
3157,16747982,"Affriza Wildan Fauzan","2026-09-30 10:16:25",1235.2,2,affrizawildanfauzan
3158,16681464,Amyel21,"2026-09-17 18:28:33",1234.4,2,amyel21
3159,16820607,PeriwinkleBlueOvO,"2026-09-30 23:27:01",1233.8,2,"PeriwinkleBlueOvO,wenqiangao1"
3160,16896267,HendraDanuSaputraChauwito,"2026-09-16 12:37:41",1233.4,2,usilisme
3161,16907222,"Harshith Kumar","2026-09-16 17:13:57",1233.1,2,harshith1212a
3162,16732735,MMMMMMMMMMMM,"2026-09-16 14:57:27",1233.0,2,hyh273279
3163,16881248,Veerakrishna,"2026-09-17 16:30:12",1232.3,2,veerukhannan
3164,16903902,wanghaozhi,"2026-09-20 02:00:08",1231.2,2,wanghaozhi
3165,16814637,random_numb,"2026-09-28 19:10:56",1231.1,2,randomnumb
3166,16896886,"hemloock ","2026-09-15 12:35:43",1231.0,2,hemloock
3167,16889004,SkOnTheRocks,"2026-09-15 11:43:43",1230.5,2,skontherocks
3168,16891432,porzlck,"2026-09-17 10:07:44",1230.0,2,orzlck
3169,16739181,yamu_duck,"2026-09-18 12:14:10",1229.8,2,crazyleg11
3170,16697411,VynoDePal,"2026-09-20 23:47:47",1229.7,2,kvynodjo
3171,16662314,"Hanh Tran","2026-09-16 09:57:42",1229.6,2,honghanhhh
3172,16655844,MAFIN,"2026-09-14 12:37:15",1229.4,2,moneyman91
3173,16892796,FunLegendGaming,"2026-09-17 16:27:04",1229.4,2,funlegendgaming
3174,16828191,wanghongwei111,"2026-09-14 13:07:32",1229.3,2,wanghongwei111
3175,16763551,"PRASHANT SHUKLA91","2026-09-29 14:31:57",1228.7,2,prashantshukla91
3176,16668215,renta.k,"2026-09-30 23:00:38",1228.7,2,renta0426
3177,16896854,photonova,"2026-09-15 12:29:25",1228.6,2,photonova
3178,16659771,DieByTheSword,"2026-09-16 08:53:03",1228.3,2,przemysawstroiws
3179,16758954,shenjj02,"2026-09-17 02:30:08",1228.2,2,shenjj26
3180,16864346,"Yanwei Lu","2026-09-30 05:23:30",1228.0,2,yanweilu
3181,16915300,wanhty,"2026-09-18 13:43:54",1227.7,1,wanhty
3182,16706576,王一凡,"2026-09-23 01:33:57",1227.6,2,"liuziyang1016,mikakohinata68"
3183,16720316,"Hưng Trần","2026-09-16 10:27:05",1227.2,2,hungtrabiz
3184,16763457,"Mohammad Essam","2026-09-30 21:26:17",1226.8,2,mohammedessam97
3185,16838625,kyohei2106,"2026-09-17 22:37:42",1226.6,2,kyohei2106
3186,16673131,"Arfin Mustofa","2026-09-17 01:40:55",1226.6,2,arfinmustofa
3187,16847620,york1to,"2026-09-15 19:10:35",1226.2,2,yorkkang
3188,16640540,QYQ1693,"2026-09-16 03:29:19",1226.2,2,qyq1693
3189,16893291,"We Want... A Shrubbery!","2026-09-17 21:55:10",1226.2,2,timlongii
3190,16797029,phospholipid,"2026-09-20 23:17:05",1225.5,2,phospholipid0614
3191,16654742,"Aastik Rajan15","2026-09-14 11:58:25",1225.3,2,aastikrajan15
3192,16698726,加油,"2026-09-14 12:25:38",1225.2,2,honeeyl
3193,16918151,"Hidenori Sasaki","2026-09-25 16:49:57",1225.1,2,hidenorisasaki
3194,16661622,"Ergin Akın","2026-09-21 17:19:04",1225.1,2,erginakin
3195,16688460,lllleeeo,"2026-09-16 17:38:13",1225.0,2,lllleeeo
3196,16743172,moonzfxs,"2026-09-23 15:34:29",1224.9,2,moonzfxs
3197,16876520,OpenModelMap,"2026-09-18 15:05:55",1224.1,2,openmodelmap
3198,16690401,Skyspace,"2026-09-16 11:02:11",1223.9,2,empireblue
3199,16627796,tizawa3,"2026-09-30 21:57:51",1223.9,2,tizawa
3200,16840576,kfsky,"2026-09-19 11:16:48",1223.6,2,kengofujii
3201,16697540,"Jared Floersch","2026-09-24 12:24:14",1223.3,2,jaredfloersch
3202,16755099,"Aleksandr Ulianin","2026-09-14 12:05:33",1223.1,2,aleksandrulianin
3203,16687479,kowalskii,"2026-09-17 08:52:42",1222.7,2,anirudhkumaraheer
3204,16657276,"Пётр П","2026-09-29 08:31:15",1222.1,2,petrinvest
3205,16862967,Unicorns,"2026-09-15 17:50:14",1222.0,2,"isaacjiang,ryokitano"
3206,16767960,"Yuvraj Bhati","2026-09-14 23:24:32",1221.5,2,avioon
3207,16736202,杨雨灿,"2026-09-30 06:48:02",1220.7,2,yucanyang
3208,16910590,Hubillionaire,"2026-09-17 06:56:01",1220.3,2,hubillionaire
3209,16862582,StephaneB7899,"2026-09-14 02:34:17",1219.7,2,stephaneb7899
3210,16806728,"Neural Knight","2026-09-24 16:39:55",1219.6,2,"chinmaymnaik,sivasainath06"
3211,16924959,"Shun Liou","2026-09-30 20:45:16",1219.5,2,shunliou
3212,16679810,"Patrick Joël MAIRLOT-MBEZELE","2026-09-30 07:08:57",1219.1,2,pigenesis75
3213,16820596,Karina,"2026-09-30 00:24:26",1219.1,2,karinajoey
3214,16877685,"Felipe Figueiredo","2026-09-24 02:47:56",1218.8,2,felipefigueiredo02
3215,16802442,"Rabia Eda Yılmaz","2026-09-15 19:10:02",1218.5,2,truthisneverlinear
3216,16764301,"Quýt đây đừng sợ","2026-09-20 15:19:28",1218.3,2,ponschannel
3217,16693439,"Ankit Hemant Lade","2026-09-30 04:10:15",1218.2,2,"ankitlade12,jsaikrishna"
3218,16730015,suzu10,"2026-09-30 22:42:53",1217.7,2,suzu10
3219,16738626,李BCDEFGA,"2026-09-30 23:00:04",1217.5,2,"bcdefga,fengzhaofan,quzehao12"
3220,16841816,JasonDTao,"2026-09-30 01:01:32",1217.2,2,jasondtao
3221,16864125,culture,"2026-09-15 12:50:09",1217.1,2,shkurak
3222,16710499,sukeke,"2026-09-15 04:28:10",1216.7,2,sukeke
3223,16722295,"Yuya Shintani","2026-09-20 16:06:02",1216.1,2,uplus26e7
3224,16692711,Deniz,"2026-09-16 14:51:14",1216.0,2,denizeryilmaz
3225,16697139,Stocks152,"2026-09-20 04:10:05",1215.8,2,stocks152
3226,16773170,"yy li","2026-09-24 03:40:48",1215.6,2,yangyili11
3227,16777137,Bernardus,"2026-09-25 08:18:07",1215.4,2,bernubritz
3228,16893208,hongan,"2026-09-15 21:49:30",1215.3,2,honganzhu
3229,16673370,JeovaAnderson,"2026-09-24 15:45:12",1215.3,2,jeovaanderson
3230,16903970,qorlin,"2026-09-16 03:12:00",1215.2,2,qorlin
3231,16857987,fujia,"2026-09-29 07:27:12",1215.1,2,fujiasama
3232,16746372,"Meerub Atiq","2026-09-18 13:00:49",1215.1,2,meerubatiq
3233,16652272,"nadhir hasan","2026-09-13 14:07:09",1214.1,2,nadhirhasan
3234,16667604,"汴渠策 · One Move, Three Gains","2026-09-30 23:02:27",1213.9,2,znwe342
3235,16895926,Zengr1,"2026-09-17 09:58:50",1213.8,2,zengr1
3236,16904305,"YICHEN PAN","2026-09-16 18:39:53",1213.6,2,sakanamango
3237,16723427,"Nikita Biryukov","2026-09-14 07:00:48",1213.5,2,bnikita
3238,16726616,9Hash,"2026-09-26 10:46:04",1213.2,2,hashimrazi
3239,16653127,"Talim Aushakhman","2026-09-15 17:29:46",1212.8,2,talimaushakhman
3240,16949867,SangZG,"2026-09-30 21:55:03",1212.7,1,sangzg
3241,16621355,Raiden.B,"2026-09-22 16:08:44",1212.6,2,raidenb
3242,16850078,"Safwan Amin","2026-09-16 16:53:04",1212.6,2,bracu23101281
3243,16853894,"Ilya Usmanov","2026-09-30 22:54:11",1212.4,2,"ilyausmanov,kolesnikovia,makskhan"
3244,16768016,JohnBlake,"2026-09-30 11:01:00",1212.3,2,jaybeeja
3245,16670933,Pat,"2026-09-15 05:34:10",1212.3,2,junseia
3246,16634952,"Igor Zharov","2026-09-30 16:58:13",1212.3,2,flexonafft
3247,16891791,judy12345.0316,"2026-09-15 05:38:38",1212.1,2,judy123450316
3248,16665746,Chiranjieev,"2026-09-30 15:35:06",1212.1,2,"abhirajhiwale,amitambhore27,himanshu2605"
3249,16741551,"Vedant Tiwari","2026-09-26 17:22:42",1211.4,2,vedant7312
3250,16634156,"Hiroyasu Okuno","2026-09-30 15:25:18",1210.5,2,hiroyasuokuno
3251,16676278,"Om Sangwan","2026-09-23 15:04:01",1210.2,2,omsangwan
3252,16758817,Ruwawa,"2026-09-15 14:26:15",1210.1,2,ruwawa
3253,16730495,joinus,"2026-09-15 08:34:22",1210.1,2,joinus2003
3254,16881350,xwl_tree,"2026-09-18 10:40:29",1209.9,2,xwltree
3255,16924679,"Vandan Sharma","2026-09-20 09:50:10",1209.7,2,vanam56
3256,16793755,"Juank Suarez","2026-09-20 02:45:18",1209.2,2,juanksuarez
3257,16653311,"Stanislav Tsepa","2026-09-28 17:36:27",1209.2,2,mrtsepa
3258,16732945,"Aru Ohta","2026-09-22 14:21:41",1209.1,2,aruohta
3259,16879578,"kabir Merakeb","2026-09-30 21:50:01",1208.9,2,kmerakeb
3260,16674586,"Stanislav Ilin","2026-09-15 13:33:30",1208.8,2,stanislavilin2026ai
3261,16854176,吃白饭的大肥鱼,"2026-09-30 22:45:58",1208.2,2,"deepios,gengsr,tangdi24,tanpowasd"
3262,16905027,"xiaomeng lin","2026-09-26 15:10:44",1208.1,2,xiaomenglin
3263,16875618,"Joel P. Joseph","2026-09-30 15:30:07",1208.1,2,joelpjoseph
3264,16827097,"Bình Trần Thanh","2026-09-16 03:47:00",1206.8,2,dsdadasda
3265,16669441,"Chirag Desai","2026-09-18 15:03:16",1206.5,2,cid007
3266,16691001,"Mahmoud Abdelshafy","2026-09-14 20:08:03",1206.3,2,mahmoudabdshafy
3267,16664609,Re2lawd,"2026-09-24 09:51:49",1205.0,2,re2lawd
3268,16660020,"Gaddam Shiva Teja","2026-09-30 10:38:55",1204.9,2,shivateja005
3269,16757320,Jingxiang,"2026-09-12 22:11:32",1204.9,2,jingxiango
3270,16918568,"Penn Lam","2026-09-24 09:56:43",1204.5,2,pennlam
3271,16707303,meTeam,"2026-09-24 18:14:20",1204.3,2,aaronzribi
3272,16622531,"musya lyusya team","2026-09-15 17:44:15",1204.0,2,vswz2nqp
3273,16887142,backsider,"2026-09-16 09:34:44",1204.0,2,backsider
3274,16682032,"Satkar sarvankar","2026-09-25 14:17:58",1203.5,2,satkar003
3275,16893402,tedo,"2026-09-15 00:05:46",1203.5,2,takuroedo
3276,16625082,真的懒,"2026-09-19 06:14:56",1203.5,2,gtccc9
3277,16741321,"S. B.","2026-09-25 06:01:56",1202.7,2,aughra
3278,16685342,"Kanth Da","2026-09-21 04:15:12",1202.6,2,"kanthda,riteeshreddybysani"
3279,16774699,"Rio Nakamura","2026-09-16 09:25:16",1202.5,2,rionakamura10
3280,16713335,"Muhammad Imran","2026-09-14 09:42:21",1202.0,2,muhammadimranchitral
3281,16858523,"Taivanbat Bayarsaikhan","2026-09-24 08:03:28",1202.0,2,taivnaaiwnl
3282,16852383,"Ahmed Mostafa #2","2026-09-27 21:11:57",1201.9,2,republic966
3283,16670504,Shirabe,"2026-09-17 03:00:23",1201.2,2,carlmakt
3284,16792799,Kohecchi,"2026-09-15 16:17:53",1201.1,1,kohecchi
3285,16845165,Tanuki_boosting,"2026-09-13 12:41:51",1200.9,2,miyamotodaiya
3286,16914244,Poemcourt,"2026-09-17 11:14:15",1200.4,1,poemcourt
3287,16872207,"Tèo Búng","2026-09-18 08:06:06",1200.0,2,teobung
3288,16679987,"Said Mohamed Omary","2026-09-21 11:31:47",1199.9,2,saidmohamedomary
3289,16865570,"Kedar Kale","2026-09-22 14:32:10",1199.8,2,kedarkale
3290,16646970,juewang1p,"2026-09-21 13:00:11",1199.5,2,juewang1p
3291,16822395,"Vladimir Galatenko","2026-09-24 02:41:17",1198.4,2,vladimirgalatenko
3292,16802745,"Fuat Çakıcı","2026-09-28 00:14:50",1198.3,2,fuatcakiicii
3293,16728321,Rohitt_94,"2026-09-30 07:20:33",1198.3,2,rohitt94
3294,16709504,U023,"2026-09-14 16:44:14",1198.2,2,ryutek
3295,16863335,"Bright Choice AI","2026-09-30 11:07:06",1198.2,2,brightchoiceai
3296,16877958,"Igor Buinyi","2026-09-27 06:33:31",1198.0,2,buinyi
3297,16659395,HyperX,"2026-09-15 11:53:22",1197.9,2,"diversedharun,harishinkaggle"
3298,16744914,"El Mehdi EL JAIR","2026-09-21 07:56:02",1197.9,2,elmehdieljair
3299,16896033,omnifluxor,"2026-09-15 09:40:03",1197.5,2,omnifluxor
3300,16832231,lst1923,"2026-09-26 22:06:29",1197.4,2,lst1923
3301,16897519,SShota-box,"2026-09-30 05:01:21",1197.2,2,sshotabox
3302,16637973,StephenNedumpally,"2026-09-15 07:50:55",1196.4,2,stephennedumpally
3303,16862912,"Nicolas Krusche","2026-09-15 00:03:10",1196.3,2,nicolaskrusche
3304,16624109,"Nguyễn Thế Minh Đức","2026-09-15 01:01:29",1196.0,2,nguynthminhc
3305,16674295,"Nguyễn Minh Hiếu","2026-09-19 07:44:18",1195.9,2,endermage
3306,16769435,"Nguyễn Mạnh","2026-09-21 04:23:56",1195.7,2,nguyenmanh97
3307,16623326,"Tatiana Malygina","2026-09-27 11:00:08",1195.3,2,latticetower
3308,16875849,"Yaotong Niu","2026-09-15 13:37:34",1195.0,2,yaotongniu
3309,16742159,mimi！,"2026-09-16 05:57:58",1194.9,2,"morongzhu,we111135"
3310,16867924,PeaBrain,"2026-09-16 01:22:29",1194.9,2,abiruekanayaka1
3311,16630784,"🚜 Sub-Par Seedlings","2026-09-29 07:21:33",1194.7,2,"dwellement0baser,michaellist,oneupkiwi,wilhelmberghammer"
3312,16884861,Sky,"2026-09-13 07:20:40",1194.4,2,dhaksheshwarm
3313,16861637,薄荷喵呜,"2026-09-12 09:39:16",1194.0,2,bohemiao
3314,16855071,Janvi_ch,"2026-09-13 18:22:18",1193.9,2,janvich
3315,16630312,beijijun,"2026-09-14 12:04:11",1192.8,2,beijijun
3316,16696099,moss,"2026-09-13 09:31:52",1191.9,2,kenyashimizu
3317,16802410,"Aleksandr  Larko","2026-09-14 02:42:42",1191.3,2,alexxanderlarko
3318,16835851,ruizhichen,"2026-09-22 16:59:50",1190.5,2,ruizhichen
3319,16867375,YUXUCH,"2026-09-27 13:45:23",1190.5,2,yuxuch
3320,16688808,"Niranjan Nakkala","2026-09-25 11:28:27",1190.2,2,niranjanmudhiraj
3321,16694346,ywwywww,"2026-09-14 07:52:56",1189.7,2,ywywww
3322,16854521,koumiyata,"2026-09-27 08:32:40",1189.6,2,koumiyata
3323,16870577,"Kenan Zhang9","2026-09-21 02:18:25",1189.6,2,kenanzhang9
3324,16731577,RYnerv,"2026-09-14 11:33:32",1189.0,2,rynerv
3325,16682892,"Alvaro Llamojha","2026-09-24 06:44:17",1188.9,2,alvarollamojha
3326,16845023,zhtmgxr,"2026-09-17 04:53:03",1188.9,2,zhtmgxr
3327,16810030,fukumayo,"2026-09-30 14:20:02",1188.3,2,fukumayouta
3328,16630129,"Yi Lu","2026-09-16 01:54:33",1187.8,2,liqiu0224
3329,16656312,"retiring to farm","2026-09-25 14:55:10",1185.4,2,"avnermlim,belati,hilariusjeremy,matthewpramana,nicholasarditirta"
3330,16858207,"David Wang","2026-09-29 03:39:12",1185.4,2,renew66
3331,16942588,Isabe11aM00re,"2026-09-25 19:37:41",1184.6,2,"dan1e1c1ark,henryy0ung,isabe11am00re,s0ph1amart1n"
3332,16881121,Annsatz,"2026-09-14 14:59:00",1184.5,2,ansatzkong
3333,16884932,torvile,"2026-09-13 05:54:14",1183.9,2,torvile
3334,16840588,Q.Ai,"2026-09-13 19:36:27",1182.8,2,"alperennbaran,hseyinemre134"
3335,16854439,"Yosef Zoabi","2026-09-13 21:05:15",1182.2,2,yosefzoabi
3336,16731501,"Shiv Satyam","2026-09-13 22:14:15",1181.9,2,shivsatyam
3337,16809721,siren2345,"2026-09-22 14:35:50",1181.9,2,siren2345
3338,16667766,vasujain7,"2026-09-30 19:37:06",1181.8,2,vasujain7
3339,16880953,IAMNAMNAM,"2026-09-30 06:14:25",1180.4,2,iamnamnam
3340,16865554,"parker tan","2026-09-18 10:42:33",1180.0,2,parkertan
3341,16881818,gradfield21,"2026-09-12 15:44:29",1179.8,2,gradfield21
3342,16796133,NoMoreThan20Words,"2026-09-15 00:19:25",1179.6,2,nomorethan20words
3343,16885455,"Ali Azizi","2026-09-19 12:36:06",1179.1,2,aliazizi1
3344,16866868,mr_children_0617,"2026-09-14 13:01:56",1178.8,2,mrchildren0617
3345,16642846,"Leonid Zaporozhets","2026-09-26 09:30:34",1178.5,2,leonidzaporozhets
3346,16715066,akahane,"2026-09-16 21:06:58",1178.1,2,shuheiakahane
3347,16654322,"Debatreya Biswas","2026-09-24 14:55:19",1177.8,2,debatreyabiswas
3348,16871483,carnivore,"2026-09-30 04:45:31",1177.7,2,prapproved
3349,16654848,DovyDigital,"2026-09-25 00:28:21",1177.6,1,dovydigital
3350,16918530,lingsio,"2026-09-22 06:17:59",1177.5,2,shinshengchiou
3351,16629873,UncleWKTK,"2026-09-13 05:24:28",1177.2,2,unclewktk
3352,16859745,111,"2026-09-25 16:54:39",1176.9,2,guoz112
3353,16802843,Dream,"2026-09-16 02:45:24",1176.8,2,"jamesl8,tzeweilim"
3354,16915222,FriedLoop,"2026-09-30 06:07:09",1176.6,1,friedloop
3355,16797154,"Elvern Neylmav Tanny","2026-09-13 23:37:07",1176.4,2,elvernneylmavtanny
3356,16780995,"Silver Surfer","2026-09-25 09:29:46",1176.3,2,hausch11
3357,16702424,BHarisankar_07,"2026-09-30 03:26:05",1175.8,2,bharisankar07
3358,16710466,"Charles Backman on LinkedIn","2026-09-14 14:14:42",1175.6,2,charlesbackman
3359,16683529,"Yanis Belami","2026-09-30 23:15:38",1175.3,2,yanisbelami
3360,16635973,"Code by Nadiia","2026-09-24 11:05:35",1175.0,2,codebynadiia
3361,16657347,"Hibiki M","2026-09-30 19:11:53",1175.0,2,hibikibrise
3362,16843303,inori315,"2026-09-14 13:31:27",1174.9,2,inori315
3363,16892272,"Leo #3","2026-09-14 15:44:18",1174.9,1,leo123321
3364,16780279,"N Divij","2026-09-12 18:30:06",1174.9,2,divijio
3365,16761418,"Piggy Piggy","2026-09-14 23:37:49",1174.8,2,txgg123
3366,16701612,Kiki,"2026-09-29 08:49:39",1174.8,2,rouiou
3367,16885807,S3unburst,"2026-09-13 10:25:40",1174.7,2,s3unburst
3368,16855088,Re:dorf,"2026-09-15 12:44:10",1174.4,2,reydorf
3369,16810141,"Sijie Ma","2026-09-13 14:22:49",1173.7,2,"dimashitong112,sijiema"
3370,16707865,"bb aa","2026-09-20 09:47:41",1173.1,2,bbaa233
3371,16806146,"Factual Explorer","2026-09-12 20:05:48",1173.0,2,factualexplorer
3372,16715216,Colin,"2026-09-15 12:36:41",1172.8,2,umcolin
3373,16838362,"Yixuan Yang","2026-09-29 18:19:26",1172.8,2,easoney
3374,16729765,"Caio Ruiz","2026-09-29 10:41:34",1172.8,2,chvruiz
3375,16847763,MartinZiserman,"2026-09-11 23:53:37",1172.7,2,zarmii
3376,16796235,"Keside Onyeocha","2026-09-20 01:25:05",1172.1,2,kesideonyeocha
3377,16759849,kkanayj,"2026-09-30 23:01:00",1172.0,2,kkanayj
3378,16630418,butterchicken,"2026-09-25 08:17:33",1170.9,2,"ritanshuprasad,sriramlingavel01"
3379,16868001,"Young MacDonald","2026-09-18 15:16:22",1170.8,2,natert
3380,16622820,"Sergey Nefedov","2026-09-13 18:00:39",1170.6,2,sergionefedov
3381,16733298,"Damian Kuraś","2026-09-30 20:52:37",1170.4,2,damiankuras
3382,16881631,"Arjun Sharma","2026-09-12 14:47:32",1170.3,2,arjundsharma
3383,16753925,"Tyler Durden","2026-09-15 08:06:49",1170.2,2,jeedimetlacharan213
3384,16807802,嘴爷,"2026-09-29 03:07:21",1169.6,2,zui0711
3385,16865854,lancerhim,"2026-09-14 04:18:21",1169.4,2,lancerhim
3386,16881755,MudassarPAPI,"2026-09-14 08:59:06",1169.4,2,mudassarpapi
3387,16782564,"Chris Tu","2026-09-29 05:14:24",1169.1,2,christu831004
3388,16875464,tllswelp,"2026-09-13 11:07:16",1168.2,2,tllswelp
3389,16725856,"Abhi Datta","2026-09-30 18:41:18",1167.5,2,abhidatta87
3390,16866968,HXS-CF13,"2026-09-30 17:32:54",1167.3,2,hxscf13
3391,16766796,panda__MB__maximus,"2026-09-27 05:24:45",1167.3,2,tanishmohokar09
3392,16748559,GodofThunder2407,"2026-09-13 06:18:15",1166.1,2,godofthunder2407
3393,16928266,"Arun Khatua","2026-09-24 05:25:15",1165.7,2,arunkhatua
3394,16809200,v0m0v,"2026-09-13 12:09:18",1165.6,2,maguchiya
3395,16682557,"Soumalya Mandal","2026-09-30 19:17:20",1165.3,2,mrcyberhunter
3396,16674744,"Burhan Ul Tayyab","2026-09-27 14:21:41",1164.8,2,babychick
3397,16641309,klog,"2026-09-12 04:48:32",1164.7,2,mhrzmmhrzm
3398,16879614,"Razvan Stancioiu","2026-09-22 20:24:54",1164.6,2,razvanstancioiu
3399,16884368,LaManbo,"2026-09-13 10:51:44",1164.1,2,encizhang
3400,16630803,"Mirza Milan Farabi","2026-09-13 21:59:25",1163.9,2,mirzamilanfarabi
3401,16629699,radiant-allomancer,"2026-09-11 00:50:02",1163.6,2,radiantallomancer
3402,16832226,"DI27 RF","2026-09-13 02:34:01",1163.4,2,di27rf
3403,16863498,Jackmama-nolfwin,"2026-09-13 04:36:37",1162.1,2,nolfwin
3404,16786108,Pakhan873,"2026-09-30 23:18:31",1162.0,2,paveldidin
3405,16798152,"A secretive person","2026-09-18 14:09:57",1161.7,2,asecretiveperson
3406,16686155,梁圣的恩情还不完,"2026-09-14 14:08:46",1161.0,2,yyyyhhhhwww
3407,16943817,Ranbeer06052009,"2026-09-27 08:23:55",1160.7,2,ranbeer06052009
3408,16762494,西松大祐,"2026-09-30 08:53:36",1160.2,2,wep212
3409,16658291,"Meenal Sinha","2026-09-30 10:16:39",1160.1,1,meenalsinha
3410,16885561,goodpjw2008,"2026-09-30 22:53:19",1159.1,2,goodpjw2008
3411,16639642,c-number,"2026-09-13 03:29:40",1159.1,2,cnumber
3412,16862390,huytngo,"2026-09-13 02:44:09",1159.0,2,huytngo
3413,16633773,copasta,"2026-09-13 06:16:43",1158.7,2,copasta
3414,16663929,"Erman Man","2026-09-12 02:05:39",1158.5,2,ermanman
3415,16852377,"Zhong Lyu","2026-09-25 08:57:10",1158.3,2,zhonglyu
3416,16660041,"Hoàng Quốc Việt ","2026-09-13 04:56:59",1157.8,2,viethwang3i
3417,16864988,"jiangling wang","2026-09-13 10:59:00",1157.3,1,jianglingwang
3418,16632266,"(ノ◡ <)","2026-09-30 21:04:34",1156.7,2,nawfeelrahman1124444
3419,16916625,"Dhoni Theja007","2026-09-30 22:59:58",1156.6,2,dhonitheja007
3420,16722849,"Dhruv Bansal","2026-09-27 09:01:17",1156.6,2,dhruvb2028
3421,16881613,refluxor,"2026-09-12 14:44:46",1156.0,2,refluxor
3422,16805144,heliosli,"2026-09-29 06:29:19",1155.9,2,heliosli
3423,16639746,"Kyle Wang","2026-09-30 15:34:04",1155.6,2,ky1ewan9
3424,16660479,"Lakhindar Pal","2026-09-30 17:35:42",1155.3,2,lakhindarpal
3425,16854939,nusrati,"2026-09-30 15:40:44",1154.7,2,nusrati
3426,16881882,Fl,"2026-09-14 21:42:24",1154.2,2,flagon
3427,16859690,Molood,"2026-09-10 20:30:43",1153.1,2,molooda
3428,16845314,ryvhii,"2026-09-21 06:51:36",1153.0,2,ryvhii
3429,16662914,"Apollo's cattles","2026-09-30 20:34:22",1152.9,2,"icr007,kennethlie16,romanrozen"
3430,16845112,"Robert Baburin","2026-09-20 18:23:29",1152.4,2,robertbaburin
3431,16930280,greyhound,"2026-09-29 22:10:52",1152.4,2,tapaskd123
3432,16708546,"Blue Rain","2026-09-12 04:15:32",1152.1,2,bluefeather386
3433,16669843,"hikaru kitagawa","2026-09-21 04:20:12",1151.9,2,hikarukitagawa
3434,16946333,KIT,"2026-09-23 09:13:30",1151.5,2,ray6767
3435,16657587,PxlPau,"2026-09-13 00:34:27",1151.3,2,studybeetutoring
3436,16949344,M1R0OFFICIAL,"2026-09-24 00:09:03",1150.9,1,m1r0official
3437,16808829,"Shiyuan Wang","2026-09-30 14:48:06",1150.2,2,ricardoevolto
3438,16871327,"Anh Bui","2026-09-18 04:29:28",1149.8,2,bibanh
3439,16942143,Simosc,"2026-09-27 10:58:32",1149.8,2,simosc
3440,16942273,"Sravanthi Kovvuri","2026-09-23 12:14:18",1149.5,2,sravanthikovvuri
3441,16947693,"Mohammad Rashid Pathan","2026-09-30 18:56:21",1148.9,2,pathanmohammadrashid
3442,16882304,"Lokesh Prajapat","2026-09-12 18:20:47",1148.5,1,lokesh0252
3443,16643554,"Arnie Jimenez","2026-09-16 16:50:18",1148.3,2,arniejimenez
3444,16660250,Moshel,"2026-09-12 23:06:43",1148.2,2,moshel
3445,16881267,"juu meng","2026-09-13 07:07:40",1146.2,2,juumeng
3446,16630315,janson,"2026-09-29 04:31:06",1145.5,2,johnjanson
3447,16748933,Lixrixy,"2026-09-30 11:24:41",1145.0,2,lixrixy
3448,16880407,kimuraaa,"2026-09-21 07:58:10",1144.8,2,kimuraaa
3449,16727219,"Chukka Venugopalam","2026-09-29 16:11:45",1144.3,2,chukkavenugopalam
3450,16716867,"Kevin Gemilang","2026-09-19 04:52:17",1144.2,2,kevingemilang
3451,16949285,"Subham Sharma","2026-09-29 08:21:03",1144.2,2,subsh2004
3452,16839489,Q1du,"2026-09-12 10:12:02",1143.9,2,zjecust
3453,16884902,yovrini,"2026-09-13 05:49:06",1143.8,2,yovrini
3454,16885770,"Rahul Jangra","2026-09-13 10:13:19",1143.7,1,leonado10000
3455,16855035,"rock paper scissors","2026-09-29 13:05:01",1143.4,2,downbythesallygarden
3456,16833013,"Tariq Alyami","2026-09-30 11:42:09",1142.7,2,tariqalyami
3457,16644452,Durlabh_Jha,"2026-09-30 19:43:42",1142.2,2,durlabhjha
3458,16671596,Sibato,"2026-09-22 00:41:44",1142.2,2,sibato
3459,16623665,Giba,"2026-09-30 18:31:05",1142.2,2,titericz
3460,16775571,Gaurav06520,"2026-09-15 12:38:42",1142.0,2,gaurav06520
3461,16850105,Pantheon,"2026-09-14 07:40:15",1142.0,2,skyenxt
3462,16657265,"Hemant Kumar","2026-09-18 13:53:47",1141.9,2,hemantrajputt
3463,16657486,"Turhan TAS","2026-09-30 10:48:14",1141.7,2,turhantas
3464,16861362,我小栗帽要娶藤正进行曲！！！💍,"2026-09-30 22:58:38",1141.3,2,"praveensahukari,rubiakaslana"
3465,16784516,pejipej,"2026-09-29 17:25:04",1140.3,2,pejmaneghbali
3466,16692725,"Zhen Li","2026-09-12 10:05:10",1140.1,2,zhenlisak
3467,16948046,"Jeroen Cottaar","2026-09-23 14:38:47",1139.9,2,jeroencottaar
3468,16869555,"Karthik Nambiar","2026-09-15 07:13:16",1139.7,2,karthiknambiar387239
3469,16886066,latentb,"2026-09-13 11:55:55",1139.2,2,latentb
3470,16749352,"Ian Virchenko","2026-09-14 10:23:15",1139.1,2,yvainr
3471,16664761,"Udit Jain #2","2026-09-12 00:14:14",1139.0,2,iamudit
3472,16669038,"Nabeel Shar","2026-09-13 09:17:32",1138.8,2,nabeelshar
3473,16715912,"Hiroshi Sakiyama","2026-09-25 15:56:51",1138.4,2,hiroshisakiyama
3474,16680172,TTANE,"2026-09-30 23:06:57",1138.4,2,otmaneelmahdaouy
3475,16942429,"yangjian zhu","2026-09-26 01:53:40",1137.9,2,yangjianzhu
3476,16699455,vijaikm,"2026-09-22 11:56:07",1137.4,2,vijaikm
3477,16881783,novasync88,"2026-09-12 15:27:48",1137.2,2,novasync88
3478,16905838,lin_,"2026-09-24 12:41:31",1136.7,2,linabohachuk
3479,16881521,Juniperss,"2026-09-12 14:16:09",1136.0,2,juniperss
3480,16644702,cracker_1_war,"2026-09-30 17:43:05",1135.9,2,cracker1war
3481,16808020,"Pulkit Arora 🇮🇳","2026-09-11 09:15:58",1135.6,2,pulkittarora
3482,16700510,"Shadow Recon","2026-09-30 05:01:24",1135.5,2,gaurav065
3483,16867005,cryptvector2,"2026-09-11 13:22:09",1135.1,2,cryptvector2
3484,16734447,"Ali Bauyrzhan","2026-09-30 10:06:04",1135.1,2,alibauyrzhan
3485,16861544,"Hiroyuki Fujimaki","2026-09-29 16:22:27",1134.9,2,hiroyukifujimaki
3486,16862944,Luchsus,"2026-09-14 23:29:16",1134.9,2,jansteindlstarlinger
3487,16662984,"Mark Schatza","2026-09-17 18:27:19",1134.7,2,markschatza
3488,16875733,Fronta,"2026-09-13 06:47:59",1134.6,2,mirichima
3489,16697736,"Daniel Correa","2026-09-26 16:35:27",1134.5,2,dcorrea1
3490,16783173,"Michael Shihong Zhang","2026-09-13 05:39:27",1133.8,2,"excelexx,festyve"
3491,16859409,wia'ma,"2026-09-26 00:45:31",1133.6,2,wangyiqicy
3492,16878707,"Shiva Somasundaram Balaji","2026-09-13 05:58:09",1133.5,2,shivasomasundaramb
3493,16688313,"Gnosys Labs","2026-09-18 00:56:10",1133.0,2,gnosyslabs
3494,16830984,lizhengui,"2026-09-13 06:34:44",1132.4,2,lizhengui
3495,16907576,"Dat Nguyen Viet","2026-09-30 11:05:00",1132.2,2,datnguyenviet
3496,16881237,"Chunlai Li","2026-09-26 12:30:35",1132.2,2,lichunlai123
3497,16862806,kitsada,"2026-09-19 09:59:59",1131.8,2,wangwaen
3498,16839754,"Lauresowe 3D","2026-09-12 10:00:06",1131.6,2,lauresowe3d
3499,16881585,Venqira,"2026-09-12 14:31:19",1131.5,2,venqira
3500,16782196,"jingyang tu","2026-09-28 08:59:23",1131.4,2,jingyangtu
3501,16854815,marching_zzz,"2026-09-30 16:10:20",1131.3,2,marchingzzz
3502,16669604,"Abhijit Pise","2026-09-30 06:46:11",1130.6,2,abhijitpise
3503,16669461,"suzy su","2026-09-12 12:38:38",1130.6,2,suzysu997
3504,16814701,e0970145,"2026-09-10 11:43:21",1130.3,2,maxxtucker
3505,16654109,"Mohamed Amine Aichaoui","2026-09-22 21:38:11",1130.1,2,mohamedamineaichaoui
3506,16688587,yamashu,"2026-09-21 01:17:33",1129.9,2,yamashuuu
3507,16705907,Adrià,"2026-09-30 12:19:31",1129.6,2,adriamb3
3508,16792927,EnricRovira,"2026-09-30 22:47:27",1129.6,2,enric1296
3509,16748487,Hiters,"2026-09-11 00:54:16",1129.1,2,mikehongsz
3510,16661462,"Dania Amer","2026-09-30 12:50:04",1128.9,2,dania35
3511,16868685,"Kotaro Simizu","2026-09-11 20:39:54",1128.8,2,"kotarosimizu,mahiro1214"
3512,16705318,arminhej96,"2026-09-22 05:17:55",1128.7,2,arminhej96
3513,16737041,presucc,"2026-09-13 04:13:37",1128.4,2,presucc
3514,16855665,"Yash Yadav","2026-09-27 07:10:51",1128.0,2,yash2072005
3515,16883478,Aggri_goon,"2026-09-16 10:48:29",1127.9,2,ryonagakubo
3516,16731911,"liu bo","2026-09-29 05:53:39",1126.9,2,liuboo45586
3517,16858414,wantOchange,"2026-09-13 01:00:32",1126.3,2,wantochange
3518,16621402,Maxim,"2026-09-27 07:05:24",1125.8,2,ektarr
3519,16858828,BlueSky_sora,"2026-09-30 23:04:13",1125.8,2,blueskysora
3520,16661667,"Wufang Hong","2026-09-10 07:14:27",1125.7,2,wufanghong
3521,16665841,"Mohit Rao","2026-09-14 05:22:15",1123.9,2,vmohitrao
3522,16628875,TakahiroHon,"2026-09-17 02:59:51",1123.8,2,takahirohon
3523,16634238,SoWwe,"2026-09-30 23:13:26",1123.1,2,sowwe4
3524,16770055,"san yin26","2026-09-15 08:14:39",1122.9,2,"amadeusan,sanyin26"
3525,16724976,Soham,"2026-09-30 12:29:51",1122.9,2,soham308
3526,16842293,"WANG HONGXIANG","2026-09-20 15:33:21",1122.8,2,wanghongxiang
3527,16885599,Suiban,"2026-09-27 12:44:09",1122.7,2,suiban410219
3528,16844343,"Gotovtsev Artyom","2026-09-30 22:06:23",1122.6,2,artemgotovtsev
3529,16864072,"Matvey Skovordin","2026-09-10 04:24:07",1122.1,1,kickassnumberone
3530,16713281,SirShifu,"2026-09-10 22:19:52",1121.4,2,sirshifu
3531,16920623,yeqinxin,"2026-09-27 23:55:38",1121.2,2,yqx123456
3532,16741542,"let cats farm","2026-09-19 22:33:26",1120.8,2,amonkizawa
3533,16867327,Zorvella,"2026-09-11 03:16:36",1120.6,2,zorvella
3534,16832866,bgaoi2,"2026-09-09 15:09:29",1120.3,2,bgaoi2
3535,16771703,"Moomin and his farm","2026-09-12 07:03:58",1119.6,2,ataraxyyeah
3536,16623385,yurunougyou!,"2026-09-10 12:25:26",1119.5,2,isakatsuyoshi
3537,16843892,luxinyayaya,"2026-09-15 03:23:21",1119.4,2,luxinyayaya
3538,16879360,"Neural Subscribed Operator","2026-09-12 06:55:46",1118.9,1,nacl3084
3539,16722888,GarrieD,"2026-09-12 14:53:50",1118.8,2,garried
3540,16857624,flatton,"2026-09-16 23:02:27",1118.7,2,tomokifujihara
3541,16654715,"Aqib Raza","2026-09-30 06:34:51",1118.2,2,aqibrazadev
3542,16860160,Kohei_,"2026-09-30 00:39:18",1118.1,2,confirm
3543,16670715,i3,"2026-09-24 08:33:45",1117.0,2,ishijima
3544,16722818,"Mukesh R","2026-09-14 09:13:30",1116.6,2,mukeshr06
3545,16632527,"GIVE ME A JOB","2026-09-10 09:35:11",1116.3,2,tarokogawa
3546,16739578,"Pietro Valocchi","2026-09-15 06:34:30",1115.6,2,pietrovalocchi
3547,16772090,"SHIVAJI SHAIK","2026-09-20 07:13:54",1115.4,2,shivajishaik
3548,16799598,RameshG888,"2026-09-11 08:42:57",1114.9,2,ramesh888
3549,16781550,Lumberjacks,"2026-09-19 16:21:59",1114.8,2,jamesmcgarryiv
3550,16849766,"Uncle Scooge","2026-09-11 13:27:24",1114.0,2,"guzzbr,pascalcoimbra"
3551,16678609,quantcrypto3,"2026-09-19 01:51:13",1113.5,2,quantcrypto3
3552,16862840,"Ammar Aziz","2026-09-12 11:11:53",1113.4,2,cabtainamamr
3553,16654669,"Jordi Corbilla","2026-09-30 18:26:01",1113.3,2,jordicorbilla
3554,16621612,"Makar Baderko","2026-09-30 21:41:13",1113.1,1,makarbaderko
3555,16732774,edchax,"2026-09-30 22:51:32",1113.0,2,"edchax,kevinkoza,slirche"
3556,16627194,GzmCR632,"2026-09-11 07:01:14",1112.6,2,gzmcr632
3557,16843384,"Anatoly Lyutov","2026-09-11 11:54:44",1112.4,2,anatolylyutov
3558,16756965,gchauhan,"2026-09-15 06:57:02",1111.2,2,gchauhan
3559,16778012,俺是耕田哩,"2026-09-30 23:02:48",1111.2,2,tianzhenggao
3560,16876040,hgh404,"2026-09-30 20:55:50",1111.0,2,"gamejoker,hgh1024"
3561,16683488,"Ripudaman Parmar","2026-09-19 12:56:14",1110.6,2,"ktkgpt,ripudamanparmar"
3562,16659957,LeFarmers,"2026-09-24 19:10:00",1110.1,2,"jaydonjp,kuantumknight"
3563,16861723,"Landon Hershberger","2026-09-15 22:04:40",1109.9,2,landonhershberger
3564,16811496,Marie,"2026-09-30 07:03:05",1109.4,2,mariashatrova
3565,16772119,Workybara.ai,"2026-09-12 03:16:14",1109.4,2,workybaraai
3566,16652764,hikahika,"2026-09-11 13:31:34",1109.3,2,naganohikaru
3567,16635233,"Szymon Kłapiński","2026-09-12 10:11:30",1109.1,2,szymonkapiski
3568,16781506,un0o7,"2026-09-11 13:10:36",1108.6,2,hjhsdsdww
3569,16884148,mengxc410,"2026-09-29 08:08:40",1108.5,2,mengxc410
3570,16891115,tkm7510,"2026-09-30 23:04:22",1108.5,2,tkm7510
3571,16898290,"Ryan Jonathan Valencia","2026-09-17 17:33:18",1108.2,2,ryanjonathanvalencia
3572,16735238,DHKim0324,"2026-09-26 19:32:40",1108.0,2,dhkim0324
3573,16722112,nyori,"2026-09-29 01:59:42",1107.8,2,nyoriworks
3574,16691270,"Piyal Chowdhury","2026-09-21 18:53:53",1107.8,2,piyalchowdhury
3575,16860566,黄旭伟aaaabbs,"2026-09-27 18:45:01",1107.4,2,aaaabbs
3576,16833052,"we lose some 🏆","2026-09-26 14:40:54",1107.3,2,sayangoswami
3577,16682318,Bibek,"2026-09-13 20:49:12",1107.0,2,bibek777
3578,16663808,"Fae Gaze","2026-09-10 20:30:29",1106.8,2,achievement
3579,16717549,"Adejumo Boluwatife","2026-09-11 19:09:23",1106.3,2,adejumoboluwatife
3580,16676085,"Giordano Dolenz","2026-09-11 17:20:50",1106.3,2,giordanodolenz
3581,16794758,wppepi,"2026-09-09 03:06:09",1106.2,2,"foxsuzuran,malossov,wppepi"
3582,16865917,"Yihao Wei","2026-09-13 10:07:46",1106.1,2,yihaowei
3583,16848765,XJHya233,"2026-09-13 11:56:26",1106.0,2,xjhya233
3584,16791254,player123,"2026-09-29 15:47:36",1105.1,2,prashantbhattarai093
3585,16760509,"gnanadeepika karanam","2026-09-26 17:57:13",1105.0,2,gnanadeepikakaranam
3586,16784992,Prasad.tgs,"2026-09-25 15:00:49",1104.9,2,sivaprasadnaidu
3587,16860118,Hironobukawaguchi,"2026-09-09 11:53:30",1104.9,2,hironobukawaguchi
3588,16639731,williamrawling,"2026-09-30 00:37:09",1104.9,2,williamrawling
3589,16753710,tax_free,"2026-09-10 17:08:47",1104.8,2,taxfreepython
3590,16756765,DharmParmar,"2026-09-23 01:19:56",1104.7,2,dharmparmar
3591,16887947,"Blips and Chitz","2026-09-28 22:42:31",1104.5,2,michaelriedl
3592,16769069,"HAL's Kaggle Farm","2026-09-30 21:53:23",1104.4,2,kafein
3593,16858157,osteo,"2026-09-11 01:33:23",1103.7,2,logstwo
3594,16657671,CyberRacoon,"2026-09-15 10:38:45",1103.5,2,racoontw
3595,16839821,"Stepan Pankratov","2026-09-09 14:47:50",1102.2,2,infam62
3596,16875671,"Nikolay Shaulsky","2026-09-28 06:23:56",1102.0,2,nikolayshaulsky
3597,16634519,"Darshan Makwana","2026-09-10 10:17:03",1101.1,2,ellipticaloranges
3598,16662735,"Kurian George","2026-09-11 17:16:25",1101.0,2,kuriangeorge
3599,16841595,Jaso1024,"2026-09-10 01:44:10",1100.8,2,jaso1024
3600,16791163,woldy,"2026-09-30 20:24:39",1100.8,2,woldywei
3601,16719364,Yeh!AIGame,"2026-09-29 02:28:32",1100.7,2,"luluyeh,yehshibang"
3602,16893007,thegoatman7,"2026-09-30 22:27:00",1100.6,2,thegoatman7
3603,16890052,Code4life,"2026-09-15 16:46:33",1100.6,2,"huylngcgia,taovietducofficial"
3604,16867641,YK,"2026-09-10 17:17:04",1099.5,2,yukitashiro
3605,16743484,"薄和叶 Lv.INF","2026-09-30 23:03:41",1098.9,2,lumine01
3606,16714365,meryol,"2026-09-30 22:12:10",1098.9,2,meryol
3607,16670276,"Egor Trushin","2026-09-10 08:19:32",1098.5,2,egortrushin
3608,16858196,"Cường Dược Sĩ","2026-09-22 19:12:00",1098.5,2,cngdcs
3609,16867407,Lanqira,"2026-09-11 03:08:56",1098.0,2,lanqira
3610,16658801,"Thuc Nguyen Dang 111","2026-09-13 05:21:36",1097.7,2,thucnguyendang111
3611,16709101,"Djaafar Lecheheb DL","2026-09-30 23:06:18",1097.5,2,djaafarlechehebdl
3612,16720797,"Vibe Farmer","2026-09-11 02:14:27",1097.2,2,pulakkantibhowmick
3613,16855868,PapaSoda,"2026-09-10 17:45:16",1097.1,2,papasoda
3614,16844456,Touk00,"2026-09-13 04:20:04",1096.7,2,touk00
3615,16866946,truxivan,"2026-09-10 13:46:58",1096.7,1,truxivan
3616,16789509,"Yang Wei Hao","2026-09-09 13:02:55",1096.5,2,aichangeworld
3617,16857861,Satua,"2026-09-11 06:36:26",1095.9,2,satyasrinivasanandh
3618,16746796,kaguramena,"2026-09-10 07:13:17",1095.8,2,kaguramena
3619,16698134,Hossein,"2026-09-11 02:29:53",1095.8,2,tomi85
3620,16792013,"Alec Polansky","2026-09-10 01:58:49",1095.6,2,alecpolansky
3621,16702674,"Varun S G","2026-09-18 05:49:16",1095.5,2,warun7
3622,16758232,mech_39,"2026-09-10 21:20:57",1095.3,2,mech39
3623,16839834,nouvya,"2026-09-10 15:48:43",1095.2,2,nouvya
3624,16712007,"Dipin Kothavoor","2026-09-14 13:54:52",1094.5,2,dipinkothavoor
3625,16623213,zulfikar.khalwaniev,"2026-09-30 14:40:03",1094.3,2,khalwaniev
3626,16712329,"Andrej Carpenter","2026-09-29 05:51:20",1094.1,2,andrejcarpenter
3627,16661701,premjampuram,"2026-09-09 11:13:52",1094.1,2,"aasthasinha9,anji2705,premjampuram,sheetallodhi"
3628,16857932,"Ahmed Ansari","2026-09-16 11:57:46",1093.7,2,ahmed1ansari
3629,16641956,SixGODD,"2026-09-20 01:06:51",1093.6,2,sixgodd
3630,16641816,"Toshiki Honda","2026-09-29 00:00:50",1093.6,2,toshikihonda
3631,16630142,zawawannko,"2026-09-11 08:03:32",1093.6,2,zawawannko
3632,16862056,konchu2,"2026-09-10 11:32:13",1093.2,2,konchu2
3633,16623309,zyvren,"2026-09-11 15:14:31",1092.3,2,"nusratahmmedmaisha,sharif485"
3634,16859585,momo,"2026-09-10 03:06:37",1092.1,2,fyenneyenn
3635,16896283,"WENBO ZHANG","2026-09-24 00:48:40",1091.7,2,wenbozhang2026
3636,16884338,"Emmet Banker","2026-09-24 01:53:27",1091.4,2,emmetbanker
3637,16665191,JoJa,"2026-09-22 04:49:21",1091.4,2,"mojyou,noahzx"
3638,16665641,"Alexander Shahramanyan","2026-09-30 16:41:01",1091.1,2,alexshah
3639,16623298,Mikhail_Komkin,"2026-09-26 22:58:30",1089.6,2,mikhailkomkin
3640,16907406,herok0809,"2026-09-16 16:49:09",1088.8,2,herok0809
3641,16809445,takusemba,"2026-09-09 14:50:14",1088.7,2,takusembba
3642,16786496,"Lê Quang Cảnh","2026-09-12 05:44:25",1088.5,2,zhincez
3643,16706265,questiondlmarks,"2026-09-10 06:09:35",1088.3,2,questiondlmarks
3644,16939844,YH,"2026-09-28 13:04:36",1088.1,2,febyeji
3645,16709501,Galaxantic,"2026-09-09 06:02:29",1087.9,2,neel21yt
3646,16640991,sometimeafter,"2026-09-09 17:35:05",1087.8,2,xinyeee
3647,16740851,Zefirrr,"2026-09-28 16:38:53",1087.7,2,zefirrrr
3648,16670020,nanare,"2026-09-16 16:43:03",1087.6,2,nanaresudo
3649,16622835,"Max Manushin","2026-09-11 01:04:29",1087.2,2,innerf1re
3650,16654403,"Skibidi Six Seven","2026-09-08 14:20:24",1087.1,2,iam4722202468
3651,16862084,weiooocnnnnnn,"2026-09-30 21:05:33",1087.0,2,weiooocn
3652,16808840,Devansh3007,"2026-09-10 05:02:13",1086.8,2,devansh3007
3653,16854090,"Kaichi Morimoto","2026-09-09 11:22:01",1086.7,2,kaichimorimoto
3654,16672997,"Francesco Montone","2026-09-11 10:56:31",1086.4,2,francescomontone
3655,16710469,Qimra1729,"2026-09-11 08:09:04",1086.2,2,qimra1729
3656,16730236,加麻不加辣,"2026-09-27 14:04:46",1086.1,2,"shiyuanhe123,zihaokang"
3657,16870447,"louie lau","2026-09-11 08:22:30",1085.9,1,louielau
3658,16657290,lol-hiker,"2026-09-30 09:39:27",1085.9,2,lolhiker
3659,16854573,"这是 AI 的胜利","2026-09-10 09:15:16",1085.8,2,iaptainmy
3660,16732409,kawhi0.0,"2026-09-10 03:44:50",1085.7,2,kawhi00
3661,16731194,"Neglected Turtle","2026-09-30 14:03:05",1085.4,2,pleaselike
3662,16635062,DL,"2026-09-10 04:16:38",1085.2,2,distiller
3663,16841960,WessonZ,"2026-09-10 02:11:20",1085.0,2,wessonz
3664,16886357,"Sun Jaden","2026-09-13 21:34:56",1084.8,2,sunjaden
3665,16808822,-lingluo-,"2026-09-22 04:22:20",1084.4,2,lingluoo
3666,16669826,Jesse,"2026-09-12 07:51:27",1084.3,2,jesneuman
3667,16677596,Sere1n,"2026-09-11 15:08:02",1084.2,2,chacc0
3668,16691084,"Ke Ma Ke","2026-09-13 09:01:36",1084.2,2,kemake
3669,16688159,"aildar &  slopernak & bobot","2026-09-30 19:19:51",1083.9,2,"eldarkhisamutdinov,mernak,vladimirbagmanov"
3670,16731836,"Theo Venturian","2026-09-11 18:03:45",1082.6,2,theodorraulventurian
3671,16851444,"Vũ Tuấn","2026-09-25 15:13:25",1082.2,2,vtunksdlvnj6
3672,16668622,"Michael McGrain","2026-09-10 10:38:27",1081.9,2,michaelmcgrain
3673,16885509,HAL,"2026-09-14 07:58:55",1081.5,1,"asunalin,ljimmy2005007"
3674,16764349,Solo,"2026-09-12 22:58:37",1081.3,2,solosolo
3675,16624303,seven,"2026-09-09 09:18:12",1081.1,2,morikawatakeshi
3676,16857939,"Le Duy Dong","2026-09-10 16:11:23",1081.1,1,lduynglduyng
3677,16927279,santa9150,"2026-09-30 22:38:14",1081.0,2,santa9150
3678,16916104,"Dayi Zhang","2026-09-30 14:10:12",1080.8,2,dayizhang
3679,16689488,"Ming Fong","2026-09-10 02:48:20",1080.7,2,evilpegasus
3680,16814378,"Jay Prrajapati","2026-09-09 13:53:13",1080.5,2,jayprrajapati
3681,16858113,wli889661,"2026-09-09 13:38:01",1080.1,2,wli889661
3682,16843047,liyuting,"2026-09-10 07:27:21",1080.0,2,lytqwq
3683,16811247,"Luca Mussino","2026-09-10 20:53:58",1079.9,2,lucamussino
3684,16844132,Tamasaki217,"2026-09-30 23:04:44",1079.7,2,tamadesu217
3685,16661846,"Jeffrey Pike","2026-09-09 16:05:56",1079.6,2,jeffreypikeai
3686,16861083,Shoto,"2026-09-09 15:14:42",1079.3,1,bloodymonday
3687,16896006,jrw208,"2026-09-22 21:27:28",1079.1,2,jrw208
3688,16724755,K.nosaka,"2026-09-10 12:07:13",1079.1,2,kenseinosaka
3689,16909962,"Peter Shu","2026-09-17 02:29:52",1078.8,2,petershuikun
3690,16870600,"Huayu Wen","2026-09-11 14:17:55",1078.4,2,huayuwen
3691,16866424,"gmmm mmod2","2026-09-11 07:38:54",1077.7,2,gmmmmmod2
3692,16680524,Nealdarkdarkdark,"2026-09-08 04:36:02",1077.2,2,wklyb1
3693,16861998,bobodict,"2026-09-09 17:26:50",1077.1,2,bobodict
3694,16806006,2,"2026-09-23 08:45:53",1077.0,2,smallvv
3695,16779254,MaxZhuCHN,"2026-09-30 07:36:47",1076.8,2,maxzhuchn
3696,16670879,"old macdonald","2026-09-07 16:11:15",1076.6,2,djschmit
3697,16659670,MeeMee,"2026-09-10 07:07:22",1076.6,2,yagi46
3698,16840862,HaoKwok,"2026-09-09 03:50:41",1076.4,2,haokwok2002
3699,16736120,"Ricky #2","2026-09-08 02:47:36",1075.8,2,rickyds97
3700,16633793,adakoda,"2026-09-09 11:55:49",1075.8,2,adakoda
3701,16627581,AidenSong123,"2026-09-12 14:15:30",1075.4,2,aidensong123
3702,16715205,GCarnovale,"2026-09-24 01:40:57",1075.1,2,gcarno
3703,16661648,"Vân Nguyễn","2026-09-15 14:45:09",1074.2,2,vunnguyen
3704,16918095,Free-joint,"2026-09-25 07:40:00",1073.7,2,"huangzehua,percivallin"
3705,16623646,"Minal kharat123","2026-09-27 16:22:31",1073.7,2,minalkharat123
3706,16840564,starlovelmj,"2026-09-09 02:16:02",1073.6,2,starlovelmj
3707,16688130,"Lujia Liang","2026-09-16 21:00:32",1073.2,2,lujialiang123
3708,16854541,yangyiqing6,"2026-09-15 06:14:21",1072.5,2,yangyiqing6
3709,16630833,"Savan Javia","2026-09-10 10:01:49",1071.3,2,savanjaviya
3710,16876071,NITISH5236GOEL,"2026-09-26 05:12:35",1071.2,2,nitish5236goel
3711,16863445,Mainies,"2026-09-27 23:24:23",1071.0,2,mainies7
3712,16758629,karinkaito,"2026-09-16 01:08:30",1070.6,2,karinkaito
3713,16743648,Hei_shao,"2026-09-28 18:48:15",1070.3,2,heishao
3714,16729186,Virtute,"2026-09-16 06:25:56",1069.8,2,nameless001
3715,16757123,"Sripad Modali","2026-09-16 14:48:11",1069.6,2,sripadmodali
3716,16750843,jammings,"2026-09-09 13:11:04",1069.2,2,jammings
3717,16763418,overwhelmer,"2026-09-16 17:39:13",1069.0,2,overwhelmer
3718,16860251,"Fabian Henning","2026-09-09 11:37:30",1067.6,1,crustacean
3719,16758709,dk07dk,"2026-09-12 07:13:48",1067.5,2,dk07dk
3720,16769885,kurushun,"2026-09-10 02:10:21",1067.3,2,kurushun
3721,16815985,leemc95,"2026-09-08 21:31:33",1067.1,2,leemc95
3722,16777107,Pipiripipap,"2026-09-09 10:03:38",1066.4,2,yohalf
3723,16778334,"Onkar Belure","2026-09-09 16:22:19",1066.0,2,onkarbelure
3724,16852605,VTH,"2026-09-08 06:35:01",1065.5,2,storm2501
3725,16862298,"Varadaraj Borkar","2026-09-13 13:12:11",1064.6,2,varadarajborkar
3726,16840819,clammpon,"2026-09-27 11:28:04",1064.6,2,clammpon
3727,16766171,Jonaid,"2026-09-10 22:22:27",1063.7,2,jonaidshianifar
3728,16656806,"Arshad Shemil k","2026-09-09 08:33:09",1062.7,2,arshadshemilk
3729,16630111,jannchie,"2026-09-23 09:27:46",1062.3,2,jannchie
3730,16848686,"xiang156 xu","2026-09-08 03:23:16",1061.2,2,xiang156xu
3731,16860708,"Nav N","2026-09-10 07:47:42",1061.2,2,navidata
3732,16664619,"Trupen Patel","2026-09-08 15:52:17",1061.1,2,trupenpatel
3733,16659465,AravindLochan,"2026-09-08 10:00:39",1061.0,2,aravindlochan
3734,16841113,Andy,"2026-09-07 01:22:11",1061.0,2,andrewmedran0
3735,16655474,Focus,"2026-09-09 12:04:51",1060.9,2,overvalueawareness
3736,16759508,george-nigmatulin,"2026-09-29 22:56:45",1060.9,2,georgenigmatulin
3737,16715729,Ajay_Rao_43,"2026-09-09 05:25:11",1060.5,2,ajayrao43
3738,16786158,"Yi-Chia Chen","2026-09-22 06:48:34",1060.4,2,threerabbits
3739,16859804,seele,"2026-09-09 10:20:41",1060.4,1,seele1917
3740,16643693,"Kerem çelik","2026-09-30 23:20:39",1060.3,2,keremelik
3741,16806879,tetsuro731,"2026-09-09 11:46:20",1060.0,2,tetsuro731
3742,16688281,"Luke Stafford","2026-09-22 15:43:55",1059.1,2,luketstafford
3743,16844769,phi,"2026-09-09 18:19:54",1057.9,2,fahisplr
3744,16904747,미카엘,"2026-09-30 22:47:17",1057.9,2,madscientist097
3745,16810813,Scorn100,"2026-09-09 17:11:13",1057.7,2,scorn100
3746,16857973,guochangZhang,"2026-09-09 04:24:41",1057.1,1,guochangzhang
3747,16862225,"Dmitriy Ershov","2026-09-30 22:33:32",1056.7,2,bejeweled
3748,16634082,"Mikey Marszewski","2026-09-11 02:26:39",1056.5,2,mikeymarszewski
3749,16846391,"here we go","2026-09-09 05:28:41",1056.5,2,j1aliangx
3750,16841313,"Daniel Harkin","2026-09-09 18:24:13",1056.2,2,danielharkin
3751,16908326,"Cristiano M Martins","2026-09-30 22:04:50",1056.0,2,cristianommartins
3752,16730288,matsurih,"2026-09-30 11:38:55",1055.9,2,matsurihime
3753,16663498,"Braxton Dyer","2026-09-23 14:23:54",1055.1,2,braxtondyer
3754,16672241,dupakdungking,"2026-09-15 13:32:04",1054.9,2,primarizki
3755,16710546,"Russlan Ramdowar","2026-09-09 05:03:58",1054.8,2,russlan
3756,16756592,"Abdalrahman Eissa","2026-09-25 12:47:21",1054.6,2,abdalrahmaneissa
3757,16657341,raccoonForest,"2026-09-08 06:45:18",1054.5,2,gkanamoto
3758,16771010,42X,"2026-09-09 13:43:36",1054.4,2,infcyx
3759,16631400,JZ,"2026-09-20 23:44:22",1054.2,2,zhoujiachen
3760,16641713,"ronsen sun","2026-09-11 08:01:06",1054.1,2,ronsensun
3761,16784485,betterme,"2026-09-09 15:54:54",1053.9,2,betterme12345
3762,16842645,zard599,"2026-09-26 08:29:40",1053.1,2,zard599
3763,16662066,"Yug Savalia","2026-09-30 11:21:48",1052.9,2,"priyankagarg19,yugsavalia"
3764,16856437,"Roshan S. Chauhan","2026-09-14 09:33:55",1052.6,2,vrosenta
3765,16652173,"Shardul Gharat","2026-09-22 03:52:12",1052.5,2,shardulgharat
3766,16689863,yukichi0403,"2026-09-30 21:47:09",1052.4,2,yukitake93
3767,16650824,Orsted_hitogmi,"2026-09-16 07:59:15",1052.3,2,orstedhitogmi
3768,16840536,"Philip Snyder","2026-09-08 05:18:07",1052.2,2,darkhorsecodes
3769,16765484,smsxgz,"2026-09-08 19:09:03",1052.0,2,smsxgz
3770,16668748,"Harrison Interactive","2026-09-24 12:07:26",1051.2,2,nosiru
3771,16741997,hikarinosenshi,"2026-09-08 00:50:58",1050.3,2,hikarinosensh1
3772,16763001,Eb3lss,"2026-09-09 11:08:19",1050.2,2,eb3lss
3773,16763200,"Alexander Nord","2026-09-07 18:04:42",1049.7,2,"alexandernord123,pizza987"
3774,16843635,"Просто Человек","2026-09-08 18:03:16",1049.7,2,gomunkul
3775,16700501,Konno,"2026-09-08 02:40:46",1049.5,2,nearfield1234
3776,16805940,Foxure,"2026-09-12 01:51:33",1049.0,2,foxure
3777,16866567,Variiiiiii,"2026-09-11 10:09:24",1048.2,2,variiiiiii
3778,16715358,wuy1hao,"2026-09-07 10:23:01",1048.1,2,wuy1hao
3779,16672858,Lyesterday,"2026-09-07 10:14:39",1046.8,2,ilyas93
3780,16688450,SpiralTip,"2026-09-14 04:11:41",1046.0,2,spiraltip
3781,16732352,ORiginators,"2026-09-09 10:47:23",1046.0,2,"sachinpandey721,sunritpal"
3782,16771337,titako0000,"2026-09-10 09:00:19",1045.3,2,titako0000
3783,16809097,volumatic,"2026-09-10 11:00:51",1045.2,2,"kkeevviinn666,volumatic"
3784,16841565,"dar Zaa","2026-09-08 18:04:18",1045.1,2,darzaa
3785,16660987,AdrianWang2003,"2026-09-09 09:32:53",1045.0,2,"adrianwang2003,benlou04"
3786,16808631,ALkkGame,"2026-09-14 15:16:47",1044.9,2,alkkgame
3787,16679694,"Yaro Perventsev","2026-09-28 02:15:01",1044.9,2,yaroslavperventsev
3788,16923006,"Nguyen Cat Luong","2026-09-19 21:12:51",1044.7,2,nguyencatluong
3789,16736404,¡olé!,"2026-09-08 04:30:34",1044.3,2,hjx1024
3790,16771080,"Ricky Shao","2026-09-07 17:16:14",1044.1,2,rickyshao
3791,16841097,"Arsonist Duck","2026-09-17 20:21:55",1044.1,2,herbertthebird
3792,16663166,Rey4Dan,"2026-09-30 22:02:56",1043.7,2,rey4dan
3793,16633445,Wal8800,"2026-09-29 17:30:35",1043.6,2,wal8800
3794,16672549,"ReinFARMent Learning?","2026-09-11 03:38:53",1043.6,2,arksey
3795,16725851,hetspookjee,"2026-09-07 21:54:39",1043.4,2,hetspookjee
3796,16656776,ShaoCharles,"2026-09-09 14:16:17",1042.9,2,shaocharles
3797,16625798,grifth,"2026-09-23 06:10:26",1042.0,2,grifth
3798,16838807,"tony boakye","2026-09-08 11:41:30",1041.4,2,tonyboakye
3799,16799362,"James Weatherhead","2026-09-06 21:45:45",1041.3,2,jamesweatherhead
3800,16842967,yoshiki116,"2026-09-11 05:05:19",1041.0,2,yoshiki116
3801,16672530,GUGUGAGA,"2026-09-30 01:12:35",1041.0,2,"ruiyangzhang23,taoguo079"
3802,16840338,"Shoma Arakawa","2026-09-12 08:55:21",1040.9,2,shomaarakawa
3803,16660090,"Kaggriculture @ Farmageddon","2026-09-30 23:09:25",1040.9,2,gary08phillios
3804,16790472,"Manurupan M","2026-09-20 07:09:36",1040.6,2,manurupanm
3805,16726559,william,"2026-09-05 02:03:48",1040.6,2,hiricodev
3806,16738506,"Rok Sechs","2026-09-30 22:00:32",1040.5,2,rokshimiz
3807,16667922,JungHwan,"2026-09-06 00:05:59",1040.2,2,najunghwan
3808,16718823,"Rafael Molina Castaño","2026-09-12 20:45:02",1040.0,2,rafaelmolinacastano
3809,16640701,momoon,"2026-09-30 12:05:16",1039.8,2,nomuraryota
3810,16734491,"WOOSUNG YOON","2026-09-30 22:07:29",1039.8,2,woosungyoon
3811,16748527,Tsubasa_00,"2026-09-10 00:22:27",1038.6,2,tsubasa00
3812,16655109,"Tia He","2026-09-10 00:54:40",1038.5,2,altheahe
3813,16854616,"Dd National","2026-09-12 13:29:04",1038.3,2,ddnational
3814,16740464,"Jorrawar Grewal","2026-09-08 00:43:17",1038.1,2,jorrawargrewal
3815,16849295,"Israa Saede","2026-09-07 17:30:03",1038.1,1,esraaalsaeede
3816,16730473,Kyohei,"2026-09-08 00:42:18",1038.0,2,kyohei3
3817,16796014,keith70,"2026-09-08 07:18:36",1037.9,2,keith70
3818,16687716,"Joshua Fernando","2026-09-16 12:51:45",1037.9,2,joshuafernandoj
3819,16695242,"Utkarsh Prakash Srivastava","2026-09-08 15:55:37",1036.8,2,utkarshps
3820,16737702,"kaneko takafumi","2026-09-28 13:15:47",1036.8,2,kanekotakafumi
3821,16779007,nataloe,"2026-09-30 15:03:21",1036.5,2,"nathanael19,teohjiasheng"
3822,16795704,haodada001,"2026-09-10 01:49:03",1036.2,2,haodada001
3823,16640878,"Krishna Yadu","2026-09-06 08:18:51",1035.2,1,krishnayadav456wrsty
3824,16765207,Cathy,"2026-09-10 01:48:38",1035.2,2,cathyyou
3825,16639570,"Vishesh Banna","2026-09-08 13:07:51",1035.0,2,visheshbanna
3826,16791712,"xiang W","2026-09-08 14:24:56",1035.0,2,"dekonsu,xiangwaaaaa"
3827,16849883,"Rifa Tamanna","2026-09-07 22:07:04",1034.5,2,rifatamanna1109
3828,16671425,"Gajenddra Raj","2026-09-11 01:18:29",1034.0,2,gajenddra
3829,16653805,mohsen2050,"2026-09-14 18:25:43",1033.4,2,mohsen2050
3830,16807786,St　YS,"2026-09-30 14:39:30",1033.1,2,yasunorisuzuki1182
3831,16824564,"piu ATI","2026-09-06 10:02:27",1032.8,2,piuati
3832,16794871,IMosia,"2026-09-21 08:03:49",1032.7,2,ivanmosiagin
3833,16843173,"Hansen Zhong","2026-09-28 02:05:44",1032.6,2,onegameonedream
3834,16841077,melowdramtic,"2026-09-10 02:31:53",1032.5,2,melowdramtic
3835,16774941,Samvrcai,"2026-09-16 22:56:19",1032.3,2,samvrcai
3836,16741563,"Paul Pawletta","2026-09-15 09:16:16",1031.8,2,paulpawletta
3837,16786139,Trezerg,"2026-09-09 03:22:46",1031.2,2,progtrollwarrior16
3838,16668647,"THIRUPATHI KANNAN K","2026-09-07 14:59:51",1031.1,2,thirupathikannank
3839,16845426,"Erlik Khan","2026-09-13 23:03:03",1031.0,2,erlikkhan
3840,16842044,StackOverflowed512,"2026-09-07 17:53:32",1030.8,2,stackoverflowed512
3841,16667500,jiannebab,"2026-09-30 23:11:37",1030.2,2,jiannebab
3842,16839429,"Igor Aranovsky","2026-09-08 08:55:51",1030.0,2,igoraranovsky
3843,16924593,"Aarav Bajya","2026-09-30 11:05:46",1029.6,2,aaravbajya
3844,16749466,"The Wolf of Wheat Street","2026-09-30 18:32:49",1029.1,2,"lijuantang19,yuemengzheng01"
3845,16845510,bugkeeper,"2026-09-08 06:24:57",1029.1,2,bugkeeper
3846,16842817,darcy132,"2026-09-06 13:16:34",1028.9,2,darcy132
3847,16732022,Mosamosa,"2026-09-30 22:44:41",1028.2,2,mosamosa
3848,16845063,"Gaston Zarate","2026-09-22 05:36:22",1028.0,2,gastonz195
3849,16637241,M4nd4l0r14n,"2026-09-07 21:50:19",1027.6,2,thiagobcunha
3850,16659711,williams,"2026-09-06 23:23:25",1027.4,2,williams
3851,16803592,"Bishal Lamichhane","2026-09-16 13:33:25",1027.2,2,bishallamichhane44
3852,16848095,"Risha Apps","2026-09-08 15:41:31",1027.1,2,rishaapps
3853,16728109,"Sidharth Hulyalkar","2026-09-11 06:16:26",1027.1,2,sidharthhulyalkar21
3854,16842066,Atomo333,"2026-09-08 10:35:55",1027.1,2,atomo333
3855,16866086,"Table Feng","2026-09-15 15:22:21",1026.8,2,tablefeng
3856,16797036,tksfjn,"2026-09-12 04:06:53",1026.7,2,tks3210
3857,16697877,"Sky kun","2026-09-13 22:36:13",1026.5,2,skykun
3858,16824014,"Kotaro Kikuchi","2026-09-30 06:25:10",1025.7,2,kotaro1129
3859,16657637,"Ronnie Atuhaire","2026-09-26 06:27:08",1025.6,2,ronnieatuhaire
3860,16730247,DOM-VASCONCELOS,"2026-09-23 09:45:05",1025.6,2,domcreator
3861,16802719,uta_ccc,"2026-09-06 07:15:44",1025.5,2,utaccc
3862,16657887,"Yermak Petro","2026-09-30 22:09:15",1025.4,2,yermakpetro
3863,16708880,yotsutose,"2026-09-10 10:18:49",1024.8,2,yotsutose
3864,16801995,"XD tsui","2026-09-03 20:41:03",1024.7,2,xdtsui
3865,16838953,HHHyyds,"2026-09-05 12:31:34",1024.1,2,hhhyyds
3866,16699246,"Labh Khatke","2026-09-11 15:53:22",1024.1,2,labhkhatke
3867,16734979,NiuLAI,"2026-09-29 07:24:41",1023.7,2,"chunsingyu,chunyinhui,jaminmei"
3868,16654463,Mark,"2026-09-04 19:38:01",1023.3,2,robotmf
3869,16717253,Sybery_AI,"2026-09-13 19:51:41",1022.7,2,syberyai
3870,16674720,"Prathmesh Lagdive","2026-09-27 07:25:26",1022.6,2,"aglavevaibhav,prathmeshlagdive,shriyashkurud"
3871,16725081,ZhouYongqi,"2026-09-06 14:55:06",1022.0,2,xy0v0zhang
3872,16704613,alexbstl,"2026-09-14 01:43:31",1021.6,2,alexbstl
3873,16730375,Floth,"2026-09-07 15:14:58",1021.5,2,suwat513
3874,16768043,"Cropy and Paste","2026-09-13 17:56:08",1020.9,2,tfriedel
3875,16669715,housssaamos,"2026-09-27 16:02:39",1020.9,2,housssaamos
3876,16669666,RhoenSprudel,"2026-09-11 19:08:43",1020.3,2,rhoensprudel
3877,16661970,"BOB'S ROOM","2026-09-30 12:05:20",1020.0,2,"bobpop123447,datasutudent"
3878,16728229,twomoon,"2026-09-08 05:22:46",1019.8,2,twomoon036
3879,16667998,Speril,"2026-09-29 14:12:10",1019.6,2,speril
3880,16845083,"Restu Anggoro Kasih","2026-09-07 12:44:58",1019.6,1,restuanggorokasih
3881,16937692,"Sergio D","2026-09-25 20:58:22",1019.2,2,ser8147
3882,16628951,"Hiro Nomo","2026-09-30 18:51:56",1019.2,2,morinokuma3
3883,16719090,CHSTO,"2026-09-12 21:35:49",1019.2,2,haotianqi
3884,16639800,"Yong Ming-Jia","2026-09-15 06:14:00",1019.1,2,ymingj
3885,16754974,BurntPotato,"2026-09-09 00:06:54",1018.8,2,burntpotato
3886,16721382,"Milan Leonard","2026-09-12 07:20:12",1018.7,2,milanleonard
3887,16796600,skyShenzi5822,"2026-09-08 08:06:25",1018.7,2,skyshenzi
3888,16885684,LiYiTingTom,"2026-09-21 15:53:41",1018.7,2,liyitingtom
3889,16623806,黒田彩人,"2026-09-07 21:37:20",1018.3,2,ayato0705
3890,16686444,"Syakirin Pahimi","2026-09-06 16:21:15",1018.1,2,syakirinpahimi
3891,16778388,"straw hats","2026-09-20 14:26:24",1018.0,2,rushikeshgaonkar
3892,16724993,Bonkoturyu,"2026-09-10 07:59:12",1016.9,2,bonkoturyu
3893,16823782,yuyutech(Genuine),"2026-09-08 04:32:19",1016.7,2,yuyutechgenuine
3894,16661034,"Devesh Mehta","2026-09-28 19:27:28",1016.3,2,deveshmehtaaie
3895,16777406,"Toheeb Ogunade","2026-09-08 22:46:05",1016.3,2,toheebogunade
3896,16634336,"Arko Bera","2026-09-08 19:08:41",1016.2,2,cartoonistbeard
3897,16728959,"no pain no gain","2026-09-11 09:19:44",1016.1,2,ilyayurov2000
3898,16680290,prospers,"2026-09-08 05:37:42",1015.7,2,prospers
3899,16654068,"Renoir Vieira","2026-09-05 17:42:47",1015.3,2,renoirvieira0
3900,16895147,"DL Julius","2026-09-30 23:09:57",1014.7,2,dljulius
3901,16692350,"Emerson Suarez","2026-09-30 05:07:24",1014.7,2,jericksystem32
3902,16822109,Meticulousss,"2026-09-10 16:32:31",1014.6,2,meticulousss
3903,16639369,"Kyuhwan Cho","2026-09-18 23:24:42",1014.3,2,octoarden
3904,16797251,"Nguyễn Mạnh Niên","2026-09-06 11:29:31",1013.8,2,jacobrichard312
3905,16845280,"Samuel Watson","2026-09-11 07:06:59",1013.7,2,scwatson
3906,16802039,"Anna Currie","2026-09-04 10:24:33",1013.7,2,hcnfgxsghvbkhbty
3907,16924338,tyvallo,"2026-09-30 23:09:12",1013.4,2,"tyvallo,vornilo,xerlavo,zovrita"
3908,16664164,"Elzandi Irfan Zikra","2026-09-30 23:00:40",1013.4,2,"dyahayuretnoningsih2,zangetsufuin"
3909,16854416,"Artemiy Shirokov","2026-09-08 12:53:33",1013.1,1,tema7707
3910,16765488,chenyinheng30,"2026-09-27 13:10:13",1013.0,2,chenyinheng30
3911,16655501,Savko,"2026-09-21 06:02:04",1012.9,2,savchenko
3912,16854744,"Rostislav Epifanov","2026-09-10 12:14:58",1012.9,2,rostepifanov
3913,16660477,SeaGoat,"2026-09-30 18:26:26",1012.7,2,vbandaru
3914,16745949,"Miaohua Zhang","2026-09-30 08:21:53",1012.3,2,miaohuazhang
3915,16624979,"Mohamed abdelrazik","2026-09-25 20:36:52",1012.3,2,mohamed3abdelrazik
3916,16764476,daviddnd,"2026-09-15 07:40:48",1011.6,2,daviddnd
3917,16727536,lelelove1225,"2026-09-06 12:58:48",1011.5,2,lelelove1225
3918,16677107,gagacrow,"2026-09-07 16:11:58",1010.3,2,gagacrow
3919,16734894,"MP Gamimg","2026-09-25 10:09:15",1010.1,2,okadahiroshi
3920,16697205,"Gould Research","2026-09-08 17:19:28",1009.8,2,"georgeking1,gouldh,gradybos,shanemullahy"
3921,16805509,"Adel Zebiche","2026-09-06 17:28:28",1009.6,2,adelzebiche
3922,16726889,stnick,"2026-09-05 19:13:36",1009.5,2,stnick
3923,16644255,Rister,"2026-09-04 00:05:35",1009.4,2,"rister101,stharundhatri"
3924,16841542,Smmyth,"2026-09-06 22:18:52",1009.3,2,smmyth
3925,16833063,"Fidel Escalona","2026-09-30 21:56:39",1009.0,2,fbescalo
3926,16840452,pan6628,"2026-09-10 04:38:21",1009.0,2,pan6628
3927,16893831,"Sasan Nazari","2026-09-16 00:07:26",1009.0,2,sasannazari
3928,16702430,"ZeLong Leo","2026-09-28 08:36:26",1008.9,2,zelongleo
3929,16715383,"Leo Lilley","2026-09-09 03:36:39",1008.9,2,leolilley
3930,16806809,air,"2026-09-06 09:54:14",1008.3,2,air041001
3931,16748997,wl4mb,"2026-09-27 18:02:20",1007.9,1,zhilongjaredliw
3932,16707562,Snipine,"2026-09-08 01:17:09",1007.0,2,boluosnow
3933,16660444,"Сергей Мизин","2026-09-30 21:10:23",1007.0,2,seeergo
3934,16773607,sky1,"2026-09-04 13:54:00",1006.7,2,skyk1jn
3935,16811890,Bobbbbbbbbx,"2026-09-03 15:25:01",1006.7,2,bobbbbbbbbx
3936,16838520,"Niu Yuanfang","2026-09-07 07:50:24",1005.8,2,niuyuanfang
3937,16870585,ba,"2026-09-11 08:25:46",1005.6,2,yusukebaba
3938,16686424,"Thần Thoại","2026-09-08 16:58:05",1005.0,2,thanthoai
3939,16734199,Iliamna,"2026-09-06 20:44:33",1004.8,2,decotoj
3940,16898040,王ruizhe,"2026-09-19 07:56:03",1004.1,2,ruizhe28
3941,16857766,OmerZalman,"2026-09-30 22:38:01",1003.7,2,omerzalman
3942,16862895,"Quinn Brighton","2026-09-12 00:01:22",1003.4,2,quinnbrighton
3943,16661768,"Lợi Trần Bảo","2026-09-13 19:43:53",1003.3,2,litrnbo
3944,16783328,AggriTrader,"2026-09-15 13:56:09",1003.1,2,leoluo
3945,16758839,"Yusuf Murtaza","2026-09-06 10:23:21",1002.5,2,yusufmurtaza01
3946,16853941,"Baha Enes Ören","2026-09-28 15:34:24",1002.4,2,bahaenesren
3947,16707639,Fujinawa,"2026-09-15 12:14:48",1000.9,2,wasshoiwasshoi
3948,16842273,2424,"2026-09-08 14:29:16",1000.9,2,takutonishi
3949,16657904,xfhdh1,"2026-09-06 09:51:45",1000.8,2,xfhdh1
3950,16838588,"Nadeem Ishikawa","2026-09-08 23:04:10",1000.5,2,nadeemishikawa
3951,16759913,"Peter Cnudde","2026-09-07 20:08:25",1000.2,2,petercnudde
3952,16662204,SM_30,"2026-09-05 15:45:06",1000.0,2,sagarmane104
3953,16719578,blueblue222,"2026-09-11 04:36:53",1000.0,2,blueblue222
3954,16869870,"Electric Weasle","2026-09-13 15:27:16",999.7,2,electricweasle
3955,16818508,"Napster Y","2026-09-30 13:27:55",999.5,2,napstery
3956,16780141,"One Zero001","2026-09-03 08:43:16",999.0,2,onezero001
3957,16658898,"SRI shiva","2026-09-26 13:57:49",999.0,2,srishiva
3958,16725195,易研学社,"2026-09-06 07:27:43",998.8,2,"chency17,fengwann,mingyingxin,sjojasdq,tbtbbb"
3959,16925116,corelattice,"2026-09-30 23:10:37",998.8,2,"corelattice,darklumen,metashift2,tyrelon"
3960,16806535,"zhangzhuang li","2026-09-03 18:31:12",998.7,2,zhangzhuangli
3961,16803141,"Verdant Meridian","2026-09-08 14:13:17",998.7,2,xinweizhang003
3962,16697923,"Vincent Debout","2026-09-12 22:24:00",998.2,2,vdebout
3963,16779321,HarryP12,"2026-09-11 16:45:35",998.1,2,harryp12
3964,16838898,"Minh Trịnh","2026-09-06 13:38:05",998.1,2,minhtrinh2002
3965,16810060,galileo680,"2026-09-05 23:45:08",998.1,2,keter333
3966,16693272,ush,"2026-09-29 23:10:50",997.4,2,kusuha
3967,16731822,Senn88,"2026-09-08 13:54:19",997.4,2,senn88
3968,16843986,"Young Jim","2026-09-07 00:05:04",996.7,2,youngjim
3969,16839343,"SAURABH VISHWAKARMA","2026-09-15 17:13:31",996.6,2,surabhv21
3970,16790359,"laoma fighting","2026-09-07 05:30:45",996.4,2,laomafighting
3971,16735253,银龙,"2026-09-07 07:00:02",996.4,2,boyanyanbo
3972,16802630,takotakosan,"2026-09-09 03:10:10",996.3,2,takotakosan
3973,16623480,xmaster6y,"2026-09-08 18:26:54",996.1,2,xmaster6y
3974,16918646,MsMarch.7,"2026-09-18 09:12:24",996.1,2,msmarch7
3975,16689366,"Cuong Le","2026-09-06 15:24:57",995.6,2,ad1999
3976,16736050,SuperZero11,"2026-09-10 07:44:19",994.1,2,anandaverma
3977,16635509,simmons1025,"2026-09-30 23:20:52",993.9,2,simmons1025
3978,16675897,"KANG ZHIPENG","2026-09-16 01:26:34",993.1,2,kangzhipeng
3979,16811433,"Bx LLLLLLLL","2026-09-05 21:54:10",993.0,2,bxllllllll
3980,16783517,"dongdong zhang","2026-09-07 03:22:34",993.0,2,mcdongdongzhang
3981,16792123,coder2403,"2026-09-12 17:08:38",992.6,1,coder2403
3982,16832556,"Harshit Raj #2","2026-09-10 16:45:16",992.6,2,harshitraj2123221
3983,16797063,Nianhua1,"2026-09-05 03:35:11",992.5,2,nianhua1
3984,16838305,"Zhiyan Chen","2026-09-05 09:20:32",991.5,2,zenosga
3985,16810859,"Michael Silverblatt","2026-09-06 12:39:49",991.1,2,msilverblatt
3986,16839548,"Александр Прохоров","2026-09-08 12:30:54",991.0,2,obbwd12
3987,16730484,Esperanza,"2026-09-10 00:42:17",990.7,2,deanpixton
3988,16717186,"Roumak Das","2026-09-04 03:41:55",990.4,2,roumak77
3989,16663681,Kometa,"2026-09-20 06:03:24",990.4,2,petarknezevic1
3990,16841276,EmmaL09,"2026-09-09 22:09:29",990.3,2,emmal09
3991,16730834,TomoyaM,"2026-09-10 00:00:39",989.9,2,tomoyamiyaake
3992,16741683,"Lance Wu","2026-09-05 02:17:10",989.8,2,lancewu722
3993,16730049,"r2d2 Dasari","2026-09-20 20:15:24",989.6,2,r2d2dasari
3994,16764342,malone001,"2026-09-11 08:18:49",989.5,2,malone001
3995,16678462,"Eric Han Wang","2026-09-22 22:39:00",989.3,2,ericwang03
3996,16695521,"Chen Ken","2026-09-28 12:43:30",989.3,2,nutastray
3997,16854250,"Jenil Emp","2026-09-21 13:06:46",989.2,2,jenilemp
3998,16657825,MilanJoshi,"2026-09-27 13:07:44",988.4,2,mlnjsh
3999,16839209,yuuuu.T,"2026-09-06 02:01:37",988.4,2,yuuuut
4000,16684947,Hoaquason,"2026-09-28 13:28:54",988.4,2,"datnguyen0102,mibombaclat"
4001,16738820,"Ying Li","2026-09-14 15:06:54",988.1,2,lyee919
4002,16773039,zyiqun,"2026-09-04 06:12:36",988.0,2,zyiqun
4003,16802575,saeNeko,"2026-09-30 23:09:48",987.8,2,sae20gorilla
4004,16765763,latter0206,"2026-09-06 07:00:54",986.9,2,shoheiyamanaka
4005,16727147,"Alan Smith","2026-09-09 11:26:14",986.8,2,acorncupcake
4006,16927297,galaxy2025,"2026-09-20 01:15:33",986.4,1,galaxy2025
4007,16851959,Darren0724,"2026-09-11 12:15:26",985.8,2,darren0724
4008,16654995,"Artem Voronov","2026-09-14 11:14:51",985.6,2,artemyvoronov
4009,16841667,Zwxiang123,"2026-09-06 01:27:21",985.5,1,zwxiang123
4010,16816445,"Danila Lebedev","2026-09-08 13:54:33",985.1,2,danilalebedev
4011,16654791,"Dev Rath","2026-09-10 16:32:18",984.6,2,devbratrath
4012,16806587,"Dear Shark","2026-09-17 07:12:32",984.5,2,dearshark
4013,16806394,Flowers,"2026-09-02 04:03:16",983.7,1,"guyueyuan,oliver34,wu12138test"
4014,16848220,ggmljs,"2026-09-10 05:10:42",983.6,2,ggmljs
4015,16822414,Yassinovich,"2026-09-06 12:50:02",983.2,2,yassinovich
4016,16732433,syuuuuu,"2026-09-06 12:53:05",983.2,2,syuuuuukun
4017,16664293,"Adam Lloyd","2026-09-05 07:12:04",982.8,2,alloyd256
4018,16860587,"Mayo Mafia","2026-09-14 12:41:03",982.6,2,vasujain12344
4019,16732221,ringbearer,"2026-09-27 00:04:05",982.3,2,mehmetbarankrat
4020,16688642,"Natalia Mawyin","2026-09-05 11:08:38",981.6,2,nmawyin
4021,16683199,"Filippo Gombac","2026-09-02 17:16:47",981.4,2,filippogombac
4022,16695931,"Kers Aoyagi","2026-09-05 19:24:41",980.1,2,kersaoyagi
4023,16825772,liujieyou,"2026-09-14 12:01:35",979.4,2,liujieyou
4024,16719083,"Justin Mai 16","2026-09-07 22:30:10",978.9,2,justinmai16
4025,16736111,hexingwei33,"2026-09-30 12:22:07",978.7,2,hexingwei33
4026,16808178,qianyuatkaggle,"2026-09-08 00:37:32",978.6,2,qianyuatkaggle
4027,16670524,"Nat Bel ML Fun","2026-09-30 23:20:20",978.3,2,natbel4ml
4028,16721688,"Hi Im Ryo","2026-09-04 15:05:22",977.5,2,loto610
4029,16777894,"Matthew Neba","2026-09-06 21:37:08",977.4,2,matthewneba
4030,16639520,"Cary Jin","2026-09-05 22:54:44",977.3,2,strigiformes
4031,16845366,cdaden,"2026-09-08 06:00:19",977.1,2,cdaden
4032,16722995,July,"2026-09-10 10:42:05",976.9,2,julyzseven
4033,16777923,Sho,"2026-09-30 22:58:42",976.6,2,shoito08190904
4034,16675739,"Jithendra Maddala","2026-09-12 05:12:26",976.4,2,jithendramaddala
4035,16738810,mararaa,"2026-09-04 10:21:18",976.2,2,mararaa
4036,16695229,X1a0Ch3n,"2026-09-04 16:14:07",976.1,2,xiaochen20236673
4037,16756902,"Matt Palmer","2026-09-06 04:17:51",975.9,2,palmsey
4038,16808433,thenokol,"2026-09-07 12:26:33",975.9,2,thenokol
4039,16775506,"lin qiy","2026-09-05 13:32:19",975.8,2,linqiy
4040,16641099,sieru-copan,"2026-09-25 12:03:44",975.5,2,sierucopan
4041,16790542,shiba-inu,"2026-09-21 14:06:32",975.3,2,npinpi
4042,16785924,Abhinav_26104,"2026-08-31 15:17:41",975.1,2,abhinav26104
4043,16935054,"jae young ji","2026-09-28 08:01:50",975.0,2,sayul0102
4044,16658409,AlexMasip,"2026-09-03 15:37:32",974.9,2,alexmasip
4045,16771397,its_mrz,"2026-09-07 17:48:52",974.4,2,itsmrz
4046,16651792,LX,"2026-09-02 10:29:49",974.4,2,sunnylx
4047,16753646,"[Deleted] 7d100524-25e6-4751-98db-b4fdce26a5ee","2026-09-02 14:22:45",974.4,2,del=effabded1aa6d176
4048,16662810,HarshitSama,"2026-09-19 10:23:32",974.0,2,harshitsama
4049,16747577,"Nolan BONHOMME","2026-09-03 13:22:05",973.9,2,nolanbonhomme
4050,16667731,"Agent 33","2026-09-24 19:53:19",973.9,2,agent33
4051,16665311,"huayang sun","2026-09-05 06:20:01",973.7,2,okami001
4052,16764068,"Chika Komari","2026-09-02 11:18:48",973.6,2,gothamjocker
4053,16630711,"Aleks Lviv","2026-09-30 16:40:43",973.6,2,alekslviv
4054,16830000,"Danilo Lapegna","2026-09-30 18:00:29",973.5,2,danilolapegna
4055,16806160,"Hamza Atique ","2026-09-30 14:14:17",973.3,2,hamzaatique
4056,16871907,"Junya _318","2026-09-14 04:15:18",973.3,2,junya318
4057,16745351,ChrisXie,"2026-09-08 02:14:19",973.2,2,chrisstan
4058,16824069,"Phương Nguyễn Việt","2026-09-04 03:52:08",972.4,1,phngnguynvit
4059,16659210,HASHP100D,"2026-09-05 11:23:41",972.4,2,hashp100d
4060,16639979,naphthalene,"2026-09-01 10:40:26",972.3,2,"aaa0342,leehyungjoon,minjek,trv449"
4061,16707702,"anton leyn","2026-09-08 16:30:11",972.2,2,antonleyn
4062,16623630,noobanot,"2026-09-03 12:05:20",972.1,2,noobanot
4063,16836457,Andrew9603,"2026-09-06 12:28:37",971.9,2,benxvyan
4064,16814716,edder0798,"2026-09-29 09:38:40",971.8,2,"edder0798,wangxi608"
4065,16635065,T88,"2026-09-07 09:02:57",971.6,2,t88take
4066,16742825,"Ritwik Raha","2026-09-05 00:03:10",971.5,2,ritzraha
4067,16728103,Immutable,"2026-09-06 21:33:16",971.4,1,dishcleaner
4068,16659430,"John Keith Weber","2026-09-06 16:32:54",971.1,2,johnkeithweber
4069,16820116,cotora2121,"2026-09-05 17:42:49",969.8,2,cotora2121
4070,16757418,Janus,"2026-09-20 02:21:48",969.6,2,khaled1alhasan
4071,16645705,wataru420,"2026-09-30 21:29:18",969.2,2,wataru420
4072,16742470,AK,"2026-09-06 07:57:50",969.1,2,aman1391
4073,16682386,"Charbel Nehme","2026-09-30 23:21:39",969.1,2,charbelnehme
4074,16781110,yqz,"2026-09-04 17:57:19",968.9,2,yuqizheng
4075,16673250,Prashant,"2026-09-04 16:46:37",968.9,2,"kajalsinghrajpoot,prashantxo"
4076,16730707,"James Michael","2026-09-04 14:12:29",968.7,2,ingenio
4077,16672040,"Tom Yim","2026-09-07 04:31:34",968.4,2,tomyim
4078,16857923,Haruki.O,"2026-09-12 08:23:32",968.3,2,ho0707
4079,16818589,"Rachmat S. Haryadi","2026-09-10 16:48:09",968.3,2,rachmatsharyadi
4080,16734225,"Vijay athithya ","2026-09-02 07:06:29",968.1,2,vijay09
4081,16843970,dharana77,"2026-09-24 08:27:42",967.9,2,ylee4574
4082,16694186,souju00,"2026-09-14 10:52:51",967.7,2,souju00
4083,16783521,xiannaix,"2026-09-04 09:28:00",967.5,2,xiannaix
4084,16858618,NaokaK,"2026-09-09 06:58:14",967.1,1,naokak
4085,16743788,"Emmanuel Lo","2026-09-04 13:07:50",967.0,2,emmanuello
4086,16665700,张广麒,"2026-08-31 08:41:33",966.6,2,zzggqq
4087,16838821,小等等,"2026-09-16 07:41:23",966.5,2,atwelve
4088,16761641,Diavolo,"2026-09-05 09:31:08",966.5,2,jeanmarcbah
4089,16725410,LE4VES,"2026-09-08 09:27:15",966.4,2,le4ves
4090,16774727,"Dannya AbdulHadi","2026-09-04 11:48:50",966.4,2,dannyaabdulhadi
4091,16899030,CardPilotLab,"2026-09-17 00:32:05",966.4,2,EldieEnfiel
4092,16717756,Dominick,"2026-09-28 16:36:55",966.2,2,kcinimod
4093,16666296,A.P.R.I.L,"2026-09-12 16:42:30",966.1,2,puneeth333
4094,16771605,Psyrax,"2026-09-17 16:00:11",966.0,2,psyrax012
4095,16808352,Rheinmetall,"2026-09-25 16:34:55",965.9,2,rheinmetall
4096,16655311,"Plant City Planter","2026-09-02 19:03:12",965.8,2,michaellombard
4097,16675351,-Beterraba,"2026-09-05 18:45:27",965.8,2,"afonsoo,miguelottoni"
4098,16682195,celefefwefwe1,"2026-09-02 16:48:52",965.6,2,celefefwefwe1
4099,16804549,Feidudu,"2026-09-04 15:51:54",965.5,2,zenanshao
4100,16621831,"Tsung-Yeh, Hsieh","2026-09-09 18:31:09",965.5,2,"tsungyehhsieh,xinyuloong"
4101,16704589,"Lobato MBA IA Big Data","2026-09-30 23:08:56",965.5,2,lobatombaiabigdata
4102,16657395,"Uchechukwu Ajuzieogu","2026-09-03 14:10:11",964.6,2,uchechukwuajuzieogu
4103,16702429,iamlonely,"2026-09-08 16:27:53",964.5,2,iamlonely
4104,16677252,カワシギ,"2026-09-27 02:30:34",964.2,2,kawashigi
4105,16661304,"Jonathan Roy","2026-09-14 17:05:57",963.8,2,jonathanroy7
4106,16725793,Krilin,"2026-09-03 18:41:48",963.1,2,krilin
4107,16641169,boatlee,"2026-09-30 23:10:54",963.0,2,boatlee
4108,16811637,mohui666,"2026-09-03 09:21:41",962.5,2,mohui666
4109,16658287,ArturoSirvent,"2026-09-12 05:20:34",962.5,2,arturosirvent
4110,16664518,senxichong,"2026-09-18 08:01:00",961.9,2,senxichong
4111,16682932,"Iulian Curte","2026-09-13 10:07:59",961.8,2,iuliancurte
4112,16634239,"Radhakrishnan Guhan","2026-09-29 19:38:03",961.3,2,rmsgrk
4113,16734813,"Johan BONILLA MENDIETA","2026-09-05 15:23:38",961.2,2,johanbonillamendieta
4114,16790658,lxymmd,"2026-09-10 07:59:16",961.2,2,lxymmd
4115,16686827,Kronki,"2026-09-05 12:24:58",960.7,2,kronki
4116,16848645,"Chee Keong Sim","2026-09-10 14:59:11",960.5,2,cheekeongsim
4117,16695556,"Prajwal Dongre","2026-09-20 05:45:05",960.1,2,prajwaldongre
4118,16798174,"Jan Bartos","2026-09-07 22:28:55",960.0,2,janbartos
4119,16654266,古德拜吃,"2026-09-26 02:11:29",960.0,2,nosaewang
4120,16626462,mango,"2026-09-04 01:11:13",959.8,2,mango789
4121,16786255,OceFFFF,"2026-09-29 06:46:43",959.1,2,oceanfujimoto
4122,16925327,danmleo,"2026-09-28 12:05:14",958.9,2,danmleo
4123,16847311,WangYilin_henuAI,"2026-09-30 14:36:54",958.3,2,"hyhyyh,violin1,xiaoming1238952"
4124,16713540,Anruan,"2026-09-05 16:45:53",957.9,2,xiaowanshen
4125,16706442,tipstar0125,"2026-09-05 11:50:46",957.3,2,dragonty
4126,16659776,"Ben Hamilton","2026-09-08 23:36:18",957.2,2,kineticaxisstudio
4127,16662568,RaghavMundhra1,"2026-09-23 22:44:35",957.2,2,raghavmundhra1
4128,16810802,"Musa Khan","2026-09-03 16:40:12",957.1,1,lazer999
4129,16794740,"Alexander R Luz","2026-09-11 16:15:45",957.1,2,alexanderrluz
4130,16860049,Himanshu,"2026-09-15 12:12:33",957.0,2,himanshuffbfujbf
4131,16748187,"Violet Notes","2026-09-09 13:20:38",956.7,2,dominicjamil
4132,16851712,VelloNChiru,"2026-09-25 02:30:27",956.6,2,janelawrence
4133,16839975,AlexHan,"2026-09-05 13:16:50",956.0,1,gksgusrb1212
4134,16717113,"Dovydas Ruokis","2026-09-11 19:58:21",955.9,2,dovydasruokis
4135,16797393,lingmingzi,"2026-09-05 04:36:26",954.9,2,lingmingzi
4136,16738895,SangGold,"2026-09-13 09:18:56",954.9,2,sanggold
4137,16655381,"Varshith K","2026-09-30 06:29:25",954.6,2,var3604
4138,16768323,thuvuduy16,"2026-08-31 18:59:54",954.3,2,thuvuduy16
4139,16732586,Juniex,"2026-09-30 23:00:13",954.0,2,"juniex,shirleyshirleyye"
4140,16799554,dengddd,"2026-09-03 15:30:23",953.9,2,dengdgq
4141,16761167,"Tejasteju M P","2026-09-28 03:20:47",953.5,2,tejastejump
4142,16632231,"Samrish B","2026-09-05 18:17:55",952.9,2,samrishb
4143,16721237,phoenixai0,"2026-09-08 14:15:57",952.6,2,phoenixultra
4144,16659215,"Zhizhou Sha","2026-08-31 12:43:52",952.3,2,zhizhousha
4145,16672128,Cliffton,"2026-09-30 04:45:40",952.0,2,rieltzx
4146,16621687,ropeadope,"2026-09-30 05:57:39",951.8,2,silkross
4147,16779652,cheezyp,"2026-08-31 06:26:25",951.3,2,cheezyp
4148,16786603,"Shutong Hou","2026-09-27 02:19:48",951.2,2,praxel123
4149,16794841,thisArmin,"2026-08-31 04:29:30",950.7,1,thisarmin
4150,16660121,10pi,"2026-09-30 08:30:09",950.4,2,meredith10pi
4151,16657594,"Wojciech Krasowski","2026-09-02 20:37:04",949.7,2,ci3l4k
4152,16818689,Takashi,"2026-09-28 02:07:32",949.0,2,takashi1
4153,16757417,otter_0714,"2026-09-29 14:15:51",948.8,2,otter0714
4154,16737937,xamad,"2026-09-01 13:19:27",948.5,2,giannicerrato
4155,16892727,Pi,"2026-09-29 12:15:11",948.3,2,liemdt
4156,16782954,"Team Dajiang","2026-09-19 13:02:19",948.3,2,"jihuaye,toolazyhhh123"
4157,16626979,"An - Claudex","2026-09-30 03:57:31",947.9,2,myotterspace
4158,16652912,"Kyle Ellard","2026-09-04 11:51:13",947.4,2,kyleellard
4159,16795041,"Denis Revenko","2026-09-01 13:02:36",947.2,2,denizzko
4160,16811502,"Avi Porath","2026-09-14 04:33:01",947.1,2,aviporath
4161,16795391,MECHINE,"2026-09-01 03:05:47",946.9,2,nainglinwai
4162,16623890,"rapika rosalia","2026-09-01 17:40:24",945.7,2,rapikarosalia
4163,16716613,Arvin,"2026-09-08 01:18:15",944.5,2,chesterx
4164,16896240,mexlora,"2026-09-30 23:12:12",944.4,2,"mexlora,nolzixo,qizlona"
4165,16729092,"ayman elamin","2026-09-27 17:35:45",943.9,2,aymanelamin
4166,16657228,"Vladimir Babin","2026-09-30 06:04:47",943.7,2,vovababin
4167,16824101,"Bala Murugan AIML","2026-09-04 02:20:12",943.5,1,balamuruganaiml
4168,16791752,bayachay,"2026-09-13 02:26:18",943.1,2,bayachay
4169,16847289,"Hengxiang Yu","2026-09-21 07:24:59",942.5,2,hengxiangyu
4170,16670527,"Balram Gupta","2026-09-18 05:06:28",942.2,2,"akankshaparab,bg28898"
4171,16727544,"Mostafa H","2026-09-01 10:03:53",942.2,2,mostafahaghiri68
4172,16803930,"Farrukh Ismoilov","2026-09-02 11:30:29",942.1,2,fismoilo
4173,16757384,straw_Yu,"2026-09-09 01:41:11",941.7,2,strawyu
4174,16626655,"Surya milenial","2026-08-30 08:21:22",941.7,2,suryamilenial
4175,16622919,Waffle,"2026-09-23 23:19:28",940.9,2,waffle3z
4176,16756630,Shreyas,"2026-08-30 09:58:08",940.7,2,shreyasdongre25
4177,16732484,tanzaku,"2026-09-06 07:58:50",940.7,2,tanzaku
4178,16689266,"Oleksandr Dudnev","2026-09-09 06:14:10",940.7,2,dantist
4179,16750273,"Nil Lic","2026-09-14 16:44:57",940.5,2,nillic
4180,16743191,"Ryoya Kochiyma","2026-09-05 13:28:19",940.5,2,"kazutotakekuma,ryoyakochiyma"
4181,16655633,johnny,"2026-08-31 04:55:56",940.5,2,jonykarki
4182,16639771,"DK Armada","2026-09-06 06:33:12",940.0,2,dkarmada
4183,16771361,"It's Ratcha","2026-09-07 18:59:25",939.9,2,itsratcha
4184,16667724,"Masashi Onda","2026-09-02 12:43:58",939.7,2,masashionda
4185,16762139,AltriaE,"2026-08-25 15:27:52",939.6,2,altriae
4186,16805609,Gleb,"2026-09-01 22:11:48",938.5,1,korelin
4187,16712432,hengck23,"2026-08-25 17:58:30",938.3,2,hengck23
4188,16769028,"Rishabh Yadav","2026-09-17 01:59:59",937.2,2,riishabhhh
4189,16698340,"Yanxi Jiang","2026-08-26 03:24:55",936.4,2,yanxijiang
4190,16779831,地里偷偷尿尿,"2026-09-06 14:21:55",935.3,2,jjsdfd22
4191,16718956,hassan,"2026-09-01 16:14:25",935.3,2,hasankhhan
4192,16795982,Vordax,"2026-09-03 18:17:12",935.0,2,vordax
4193,16852043,"pig da","2026-09-08 05:32:31",934.5,2,qijunjie
4194,16791549,"Eugenio Schiavoni","2026-08-31 19:14:40",934.3,2,eugeniokukes
4195,16774129,"Chen Audrey","2026-09-04 13:38:19",933.9,2,chenaudrey
4196,16822745,Jetpack,"2026-09-28 16:25:34",933.7,2,"m1ngch1,victorye04"
4197,16699488,"Kelvin Lai","2026-09-30 19:47:53",933.6,2,kelvin84hk
4198,16775771,"Ewia Tng","2026-09-09 04:57:46",932.8,2,ewiatng
4199,16655169,Musliadi,"2026-08-31 05:51:39",932.2,2,timscientia
4200,16686513,Vipul_Kumar75476,"2026-09-30 01:54:19",932.0,2,vipulkumar75476
4201,16693382,Sandrone,"2026-09-07 15:57:25",931.5,2,luvgoelo
4202,16623856,aowhite,"2026-09-03 06:12:31",931.4,2,brandnewyork
4203,16695695,"Siva Kumar","2026-09-30 08:26:40",931.3,2,sivapnlr80
4204,16654491,"Amedeo Biolatti","2026-09-30 02:07:08",931.1,2,abiolatti
4205,16843617,Jenny124685,"2026-09-30 07:53:05",930.7,2,jenny124685
4206,16700298,tmgf,"2026-09-30 22:29:16",930.4,2,tiagomgfernandes
4207,16756633,TheDanKing,"2026-08-31 05:49:23",930.3,2,thedanking
4208,16740392,"Amey Thakur","2026-08-25 12:01:41",930.2,2,ameythakur20
4209,16662222,MinerUNLEASHED,"2026-08-24 16:28:40",929.9,2,minerunleashed
4210,16713127,Felis,"2026-09-30 23:13:02",929.5,2,ilyaafanasenko
4211,16790233,"prateek chandra","2026-08-30 15:55:55",929.5,2,prateekchandra7005
4212,16770998,ket,"2026-08-31 22:14:53",928.6,2,kentken
4213,16790931,100rabh,"2026-09-29 07:23:35",928.5,2,saurabhkumar234
4214,16936261,pigpig,"2026-09-29 12:24:40",928.1,2,"panyizhouhahaha,yanfeipu"
4215,16741826,StackKnight,"2026-08-28 02:12:12",928.1,2,stackknight
4216,16689697,Kmart0112,"2026-09-21 17:38:23",927.8,2,kmart0112
4217,16742232,"Prema Ananda","2026-09-18 15:40:40",927.2,2,premaananda108
4218,16669810,CREART,"2026-08-29 16:06:18",926.4,2,gustardust
4219,16666147,"Khalid Bin Hethlain","2026-09-30 23:14:35",925.7,2,khalidbinhethlain
4220,16806048,duck_raccooon,"2026-09-02 15:03:04",925.6,2,duckraccooon
4221,16722731,"E&M Pioneer","2026-08-30 11:18:55",925.5,2,hzq2004
4222,16871894,sx2154,"2026-09-29 02:21:14",925.4,2,sx2154
4223,16844154,シュークリーム,"2026-09-07 03:31:45",925.3,2,syucream
4224,16778019,Mr.Frundles,"2026-09-03 02:21:58",925.2,2,watehell
4225,16689569,JovanaLab,"2026-08-27 22:43:51",925.1,2,"choonesenlu,joxitsai"
4226,16762537,Controlvector,"2026-08-25 08:28:11",924.6,2,"controlvector,yxdu01"
4227,16765154,dreamcxy,"2026-08-31 03:54:16",924.5,2,dreamcxy
4228,16661393,"razab Bawa","2026-09-06 12:43:30",924.3,2,razabbawa
4229,16879133,xiepengo,"2026-09-13 14:05:18",924.0,2,xiepengo
4230,16748000,"Rohit Raj Singh","2026-09-15 13:50:22",923.6,2,rohitrajsingh555
4231,16633850,Pascal,"2026-09-05 04:01:56",923.5,2,pascalledesma
4232,16655693,DePie,"2026-09-29 18:12:47",922.7,2,phucthaiv02
4233,16630516,"Seb (allegedly)","2026-09-09 09:22:48",922.4,2,sebmallia
4234,16662696,"Cengizhan Tümer","2026-08-31 20:54:21",921.9,2,cengizhantmer
4235,16773320,kaka,"2026-09-17 08:53:18",921.5,2,kakawin
4236,16770927,kaptaan45,"2026-08-28 08:06:32",921.5,2,kaptaan45
4237,16752121,adhsdrtjh,"2026-08-23 15:02:25",921.1,2,adhsdrtjh
4238,16758279,"GO HIROSHIMA 2","2026-08-29 02:51:47",919.9,2,gohiroshima2
4239,16664379,N_Matsumoto24,"2026-09-30 09:38:53",919.7,2,nmatsumoto24
4240,16662651,CoatiAI,"2026-09-16 11:06:40",919.3,2,gjhordan
4241,16637458,OlivierS,"2026-09-09 03:41:58",919.2,2,oliviers
4242,16947253,"Chen Kuan-Chin","2026-09-30 21:42:35",918.9,2,chenkuanchin
4243,16734290,CodeAMANSA,"2026-09-09 14:52:52",918.6,2,bcollazo
4244,16667147,"Daksh Bhalala","2026-08-26 06:41:04",918.5,2,dakshbhalala
4245,16663584,"Deployable LLMs","2026-09-27 15:20:39",917.5,2,"lucasveronese,planetoidleser,sinhakprat"
4246,16771457,"HK Fama","2026-09-05 17:51:47",916.8,2,kenho211
4247,16793106,"Пал Лаич","2026-08-30 12:45:34",916.7,1,skypunkaudiowalker
4248,16844770,Richard,"2026-09-22 05:48:05",916.6,2,richardwg
4249,16768676,Doit,"2026-08-25 02:09:47",916.5,1,aifccnb
4250,16764431,"William Diment","2026-09-14 07:50:42",916.5,2,williamdiment
4251,16848720,嘎达嘎达,"2026-09-08 07:39:07",916.5,1,eggyeggygggy
4252,16893654,"Arhaan Aggarwal","2026-09-30 18:10:24",916.3,2,arhaanaggarwal2
4253,16761788,"Corenthin Buffard","2026-08-26 13:16:28",916.2,2,cbuffard
4254,16638019,Randynho,"2026-09-15 16:13:30",916.1,2,randynho
4255,16752733,zjukop1,"2026-08-25 03:29:28",915.8,2,zjukop1
4256,16793261,Von_Feynman,"2026-08-30 13:35:43",915.6,1,terrenceluo1017
4257,16734699,PangMinShih,"2026-08-28 08:39:27",915.4,2,shihbonbon
4258,16780317,jrcjrcjrc,"2026-09-04 06:03:51",915.2,2,jrcjrcjrc
4259,16796980,ChenyuBaii,"2026-09-11 09:56:01",915.0,2,chenyubaii
4260,16790391,"Kevin Cao","2026-08-29 13:38:03",914.9,1,kevincao2
4261,16798544,esprit,"2026-08-31 23:47:56",914.6,1,takuji
4262,16668756,"Clark Kitchen","2026-09-09 00:54:50",914.5,2,clarkkitchen
4263,16691247,"Aneesh Rao","2026-08-27 17:11:07",914.1,2,sidrao2006
4264,16938353,"Damilola Oladapo","2026-09-30 12:00:35",913.9,2,wizardskull
4265,16760656,CharTFboy,"2026-08-24 09:19:37",913.8,2,chartfboy
4266,16689274,Anyeson,"2026-09-18 12:04:00",913.3,2,anyeson
4267,16627472,CloverFarm,"2026-09-08 13:23:55",913.3,2,ljs2546
4268,16733708,RyanHo,"2026-08-29 03:59:12",912.8,2,ryanrx
4269,16766941,"S Kim","2026-09-10 22:16:57",912.5,2,sunnyk92
4270,16783630,"fan yanbing","2026-08-30 11:33:12",911.8,2,jackpudding
4271,16775443,NoName,"2026-09-04 23:49:43",911.6,2,thesonalsingh
4272,16709115,"PARK HYUNSIK","2026-08-26 01:51:31",911.5,2,hyunsikpark
4273,16838843,"qiu ji123","2026-09-12 02:58:46",911.2,2,qiuji123
4274,16755244,SZU蓝心,"2026-09-01 11:50:45",910.2,2,jiazhanliu
4275,16802775," SonSheungmin","2026-09-03 06:55:03",909.9,2,sonsheungmin
4276,16675777,"Ml BOY","2026-09-07 18:15:38",909.6,2,mlboy1
4277,16704603,Tmaxxer,"2026-08-28 14:45:38",909.2,2,tmaxxer
4278,16732813,Soomana1z,"2026-09-27 19:25:10",909.0,2,soshionodera
4279,16757704,Faustine,"2026-09-23 00:54:18",909.0,2,faustine649
4280,16654526,"Jin Niu","2026-08-26 18:25:33",908.7,2,gufanmingmie
4281,16745416,yamato035073,"2026-08-30 22:24:34",908.5,2,yamato035073
4282,16664566,"Lormann ","2026-08-23 06:24:29",907.0,2,lormann
4283,16770397,Ryu,"2026-09-03 20:15:16",906.4,2,bexultanashenov
4284,16902856,"Laura Vanegas Torres","2026-09-29 03:11:27",906.3,2,lauravanegastorres
4285,16675831,"Thayaparan Kumarakuru","2026-09-24 17:34:36",905.6,2,"kavishkasubashana,mrkala,thayaparankumarakuru"
4286,16664537,"Lenin Goud","2026-08-27 01:07:37",904.7,2,leningoud
4287,16848207,vlad,"2026-09-15 11:56:09",904.6,2,khizanov
4288,16727529,윤영일,"2026-09-22 10:15:57",904.3,2,iongil
4289,16747036,Illusion,"2026-09-04 13:34:36",904.1,2,briankimtaikab
4290,16807054,"JSU xiaopoche","2026-09-03 06:35:02",903.8,1,xhmuvw
4291,16832186,"Noah Öksüz","2026-09-15 13:38:56",903.8,2,noahksz
4292,16729906,"Krzysztof Madziar","2026-08-28 05:05:13",903.4,2,krzysztofmadziar
4293,16743904,minamoto,"2026-08-25 16:53:16",903.3,2,usermina
4294,16762940,"Davide Andreolli","2026-09-29 13:27:24",903.1,2,davideandreolli
4295,16779063,"Yendrew Y","2026-09-30 14:31:30",902.7,2,yendrewy
4296,16669403,mrgrishninsb,"2026-09-13 13:22:10",902.3,2,mrgrishninsb
4297,16727214,"Jaivardhan Raahi","2026-09-24 04:34:53",902.2,2,jaivardhanraahi
4298,16738279,zhangshuosc,"2026-08-26 05:11:57",901.6,2,zhangshuosc
4299,16828844,"SHOUHEI IKEDA","2026-09-06 23:29:56",901.2,2,shouheiikeda
4300,16870771,wangxt1,"2026-09-11 06:19:14",901.1,2,wangxt1
4301,16634153,AnpAn_Men,"2026-08-29 19:47:31",900.9,2,anpanmen
4302,16758791,"qw yi123","2026-09-22 13:41:44",900.7,2,qwyi123
4303,16840001,agheieff,"2026-09-05 13:16:29",900.7,1,agheieff
4304,16623736,Garigariyong,"2026-09-01 04:31:17",900.7,2,garigariyong
4305,16638823,YDDDDDD999,"2026-09-06 18:22:40",899.7,2,ydddddd999
4306,16742228,"bangqun ZHAO","2026-08-27 05:20:56",899.6,2,bangqunzhao
4307,16841536,"Berkay Hasret","2026-09-07 00:29:45",899.4,2,berkayhasret
4308,16784611,sardarkhanyadav,"2026-08-28 16:45:33",899.0,2,sardarkhanyadav
4309,16707590,KOBLIH,"2026-09-30 20:43:42",898.8,2,"kristosorestisbalil,liherexhmati"
4310,16770299,"أحمد فهد الربيش","2026-08-25 09:55:13",898.2,2,ghr111
4311,16748907,EdwardHwang@123,"2026-08-24 15:32:00",897.0,2,edwardhwang123
4312,16716549,notoverkil,"2026-08-28 08:16:38",896.8,2,notoverkil
4313,16630323,kaggricultureomnidimensionalut,"2026-08-28 10:51:28",895.8,2,kumarandatascientist
4314,16753194,"Saicharan Ramineni","2026-08-26 19:33:02",895.5,2,godlydonuts
4315,16904612,"Naveen Reddie","2026-09-18 04:19:28",895.1,2,naveenreddie
4316,16744905,"Nator X","2026-08-26 22:15:29",895.0,2,natorx
4317,16674310,"Ayaz Ahmed Kazi","2026-08-29 18:49:13",894.9,2,ayazahmedkazi
4318,16677577,"Harsha Vardhan Konisa","2026-09-30 19:25:51",894.6,2,harshavardhankonisa
4319,16692744,"VAIBHAV RASTOGI 90","2026-09-03 23:43:33",894.4,2,vaibhavrastogi90
4320,16782227,"chen yue li","2026-09-03 01:34:30",893.8,2,yueelc
4321,16842071,buddyY26,"2026-09-07 13:06:08",893.8,2,buddyy26
4322,16665337,BHackers,"2026-08-26 17:13:11",893.7,2,clarencepagaduan
4323,16778808,"Candace Dudleson","2026-08-31 23:19:12",893.7,2,candacedudleson
4324,16709246,"Tariku Mehdi","2026-09-03 00:25:56",893.6,2,tarikumehdi
4325,16662819,THeLAB,"2026-09-25 16:30:40",893.3,2,feuorme
4326,16845582,"Julio Cesar Filho","2026-09-08 06:10:03",893.3,2,juliocesarfilho
4327,16738461,monnosuke,"2026-09-30 13:09:12",893.1,2,shiomi1012
4328,16750457,"Adrian Ricardo da Silva","2026-08-25 11:21:43",893.1,2,adrianricardodasilva
4329,16885658,Mio,"2026-09-30 14:40:20",893.0,2,mio114
4330,16838736,"kauan cassiano","2026-09-05 06:42:48",892.8,1,kauancassiano
4331,16658280,"Hemanth Reddy Katta","2026-09-14 22:15:43",892.5,2,hemanthreddykatta
4332,16691154,UnknownRobi,"2026-08-31 22:50:27",892.4,2,canrobichaud
4333,16764738,Lucasty,"2026-08-25 07:04:36",892.4,2,lucaswty
4334,16759705,2nod,"2026-09-19 02:17:04",892.4,2,tsunoten
4335,16894622,"Matthew B","2026-09-23 08:29:26",892.3,2,mcb68945
4336,16830753,"youyi li","2026-09-06 02:50:01",892.2,2,liyouyi
4337,16657817,"rohith sai midigudla","2026-09-30 19:52:37",891.9,2,rohithsaimidigudla
4338,16693663,"YoungCheol Son","2026-08-27 00:51:34",891.5,2,sonyc5720
4339,16707193,"radji kraim","2026-08-26 11:53:17",891.5,2,radjikraim
4340,16663767,"Tommy Mancino","2026-08-31 23:03:57",891.2,2,tommymancino
4341,16822583,"TA ME CHEM","2026-09-13 09:26:11",890.8,1,tamechem
4342,16730449,S.Y.,"2026-09-25 17:12:44",890.7,2,sysd00
4343,16730705,chris,"2026-09-30 20:17:39",890.7,2,chris62
4344,16924409,Obsidian,"2026-09-30 21:51:08",889.7,2,edwardkhunt
4345,16853131,"Awesome Egg","2026-09-10 07:27:41",889.6,2,newegg
4346,16666195,"Yihan Guo","2026-08-28 08:44:06",889.2,2,yihanguo
4347,16729372,"Gaspard Plt","2026-08-17 21:58:55",888.7,2,gaspardplt
4348,16778489,dataWr3cker,"2026-08-28 20:40:52",887.9,2,gourabr0y555
4349,16701633,"Jacob Davis","2026-08-23 15:06:50",887.8,2,jacobtdavis
4350,16665214,Epiphany_Thu,"2026-08-21 12:06:53",887.7,2,epiphanythu
4351,16754086,Beenvvv,"2026-08-25 05:57:29",887.6,2,beenvvv
4352,16690567,"Falih Kaleel","2026-09-29 12:47:31",887.5,2,alphajet185
4353,16660492,"Deven Bagul","2026-08-29 11:56:30",887.5,2,devenbagul
4354,16748647,"Adar Cohen","2026-08-24 21:27:43",887.3,2,adarcohen
4355,16708965,"Witold Dziurdz","2026-09-30 14:47:48",886.7,2,witolddziurdz
4356,16759075,"Michael Day","2026-08-24 10:38:52",886.4,2,michaelday99
4357,16670297,"Gebreab K. Zewdie","2026-08-26 00:22:15",885.8,2,gzewdie
4358,16665753,"Mansour A. S. Ataa","2026-08-26 10:28:34",885.6,2,profmansoor
4359,16736579,rk777848,"2026-09-30 08:13:58",885.5,2,rk777848
4360,16758152,MiguelLFCG,"2026-08-30 11:20:49",884.1,2,miguellfcg
4361,16935983,"Anas Zewail","2026-09-27 16:07:44",883.9,2,anashanyzewail
4362,16692639,"Bharat Kumar0925","2026-09-04 19:52:25",883.8,2,bharatkumar0925
4363,16639796,rmizuta,"2026-08-28 15:07:43",883.8,2,rmizuta
4364,16666057,StopPlantingStartGameTheorying,"2026-09-08 07:53:27",883.5,2,mymelodyenjoyer
4365,16766320,vp_mass,"2026-08-25 20:19:08",883.2,2,vpmass
4366,16732381,Raphdraft,"2026-09-03 01:11:34",883.1,2,raphdraft
4367,16661772,R3ddrag0n,"2026-09-02 19:43:09",883.0,2,r3ddrag0n
4368,16945082,"Colin's COK and Friends","2026-09-29 14:29:55",883.0,2,"emartinez22,genericcname,sammchargue"
4369,16672202,HealthStone,"2026-08-29 21:04:07",883.0,2,healthstone
4370,16856449,Sting,"2026-09-16 17:12:20",882.6,2,sarlnovax
4371,16769795,"Edi Marian","2026-08-25 11:01:09",882.6,2,edimarian
4372,16778358,"Lê Nguyễn Việt Cường","2026-08-28 03:46:51",882.2,2,lengvietcuong
4373,16729225,"Aayush Sigdel","2026-09-03 15:47:50",881.9,2,aayushsigdel
4374,16656394,"Pushkar K.G","2026-08-18 09:29:08",881.8,2,dejokz
4375,16720720,道海孤舟,"2026-08-21 06:59:41",881.5,2,unseenanch
4376,16861578,Markura,"2026-09-19 04:56:28",881.1,2,markura
4377,16724452,Jay,"2026-08-20 00:34:34",880.8,2,jayshimada
4378,16774410,"Rishabh Roy","2026-08-26 09:01:38",880.8,1,rishabhr0y
4379,16727379,"Nicholas Chua","2026-08-20 16:28:44",880.7,2,nickckb
4380,16755071,"Varun Rao","2026-08-26 18:46:59",880.1,2,varunraosfanlkan
4381,16685450,Nadeem,"2026-08-25 09:21:14",879.7,2,nadeembinshajahan
4382,16675610,"Srikar Medisetti","2026-08-30 12:06:25",879.6,2,deathaunter
4383,16680967,Tyooughtul,"2026-08-16 00:58:06",879.4,2,yooughtul
4384,16732446,"Nuri DUDAK","2026-08-29 09:00:59",879.4,2,nuridudak
4385,16699772,MrAnalyst,"2026-09-05 10:43:49",879.0,2,mranalyst
4386,16753618,mushichou4,"2026-08-22 10:20:51",878.8,2,mushichou4
4387,16738899,Grayden_Lee,"2026-08-21 11:42:07",878.7,2,haozelii
4388,16655718,eveyxy,"2026-09-05 08:58:28",877.5,2,eveyxy
4389,16782984,crinoid,"2026-09-02 10:59:06",877.3,2,takemi
4390,16732851,chenry2003,"2026-08-24 02:27:53",877.1,2,chenry2003
4391,16768955,Hunedjekdsfkd,"2026-08-25 03:56:30",876.9,1,hunedjekdsfkd
4392,16763444,"crazy achiever","2026-08-28 18:51:13",876.3,2,crazyachiever
4393,16738721,"Luan Kunyu","2026-09-04 07:05:21",876.3,2,luankunyu
4394,16696098,Valmorlee,"2026-08-23 19:40:07",876.3,2,valmorlee
4395,16716991,XristosFilip,"2026-08-18 16:43:34",876.1,2,xristosfilip
4396,16745499,"lurs lurs","2026-09-30 07:44:01",876.1,2,lurslurs
4397,16658500,"abhinav rai1","2026-09-26 21:08:47",876.0,2,abhinavrai1
4398,16634093,gezi,"2026-09-09 08:07:03",875.9,2,goldenlock
4399,16728901,dqvide,"2026-08-17 19:53:39",875.6,2,dqvide
4400,16716930,"Direc M","2026-08-31 04:54:06",875.5,2,direcm
4401,16685074,"Emir Can","2026-08-30 20:16:36",875.5,2,aerospacer
4402,16664477,"The T-MAN","2026-08-26 18:51:40",875.4,2,otmaneelmahda
4403,16857747,ru-shao,"2026-09-30 08:25:50",875.3,2,"shaoxw,souwaka"
4404,16875537,HeIIo.Darkness,"2026-09-13 23:22:12",875.3,2,heiiodarkness
4405,16765313,Hosuke,"2026-09-01 04:19:31",875.2,1,hosuke
4406,16844277,"Akash Chanran","2026-09-09 16:48:32",875.2,2,"akashchanran,shruti9345"
4407,16712535,"Benjamin Beaujard","2026-08-18 11:03:03",875.1,2,benjaminbeaujard
4408,16926532,"Akash Shah","2026-09-30 23:26:27",874.7,2,akashshah3
4409,16716081,"dunky su","2026-08-23 06:36:50",874.6,2,dunkysu
4410,16752018,三浦桂基,"2026-08-30 04:00:30",874.6,2,keikipc
4411,16675704,reeemii,"2026-08-26 08:51:15",874.5,2,reeemii
4412,16663569,XYZ,"2026-09-27 12:56:02",874.4,2,h249748fkv7lyhik897
4413,16672095,"Friaseus ","2026-09-30 20:41:20",874.3,2,friaseus
4414,16759813,tyf_scu,"2026-08-23 17:11:18",874.2,2,tyfscu
4415,16933477,curlybaboon,"2026-09-21 12:52:19",874.2,2,curlybaboon
4416,16745312,"Alexie Huynh","2026-08-22 08:27:27",873.9,1,alexiehuynh
4417,16713007,"Jerry Hwa","2026-09-23 11:52:48",873.7,2,"jerryhwa,richarrdyu"
4418,16730320,Rosebuddychomp,"2026-09-12 07:54:11",873.6,2,rishabhshetye
4419,16794205,"kiwi apple","2026-09-01 18:56:25",873.4,2,kiwiapple
4420,16664120,SaiDuttaAbhishekDash,"2026-08-21 20:30:01",873.3,2,saiduttaabhishekdash
4421,16753125,"Rudransh Singh Rathore","2026-08-26 03:10:23",872.7,2,rudranshsinghrathore
4422,16726994,bird,"2026-08-23 05:00:19",872.5,2,whitebird
4423,16692272,Ddere008,"2026-08-21 18:43:56",872.4,2,ddere008
4424,16721070,LiuChen1350,"2026-08-26 05:30:30",872.2,2,liuchen1350
4425,16685160,Yura,"2026-08-17 07:27:50",871.6,2,yuratrubitsyn
4426,16754560,Kam,"2026-08-21 14:02:39",871.5,1,kamting
4427,16753831,zhangjiaweii,"2026-09-04 07:26:21",871.4,2,zhangjiaweii
4428,16715579,Uvais,"2026-08-24 00:58:56",870.9,2,joshuaedwinjacobv24f
4429,16722319,"༺ANIS YT༻","2026-08-19 13:08:47",870.9,2,anisyt
4430,16764206,yanjixiang,"2026-08-25 11:37:34",870.8,2,yanjixiang
4431,16665927,"bhavya shah","2026-08-17 11:06:22",870.7,2,bhavyashah007
4432,16693193,"Efrain Garay","2026-09-04 20:55:13",870.6,2,efraingaray7
4433,16675655,TrebolNoir_,"2026-09-01 12:59:42",870.5,2,trebolnoir
4434,16733932,"Jasper Turnidge","2026-08-24 06:36:23",870.3,2,jasperturnidge
4435,16736138,Anand,"2026-08-21 06:00:12",870.2,2,gazzal
4436,16621741,"Andrey Naymushin","2026-08-24 09:46:41",870.2,2,andrewsokolovsky
4437,16756557,"Marius Heuser","2026-08-24 21:41:31",870.1,2,mariusheuser
4438,16664683,"Halapeño Farms","2026-09-14 00:35:12",869.9,2,haladaj
4439,16784133,"HASNAIN HAIDER","2026-09-01 17:02:27",869.5,2,techzero
4440,16757566,"Ankit Kumar","2026-08-23 12:03:53",869.0,2,imankit57
4441,16856021,PSI,"2026-09-08 19:26:40",868.8,1,vinayak121
4442,16705328,"Ester Arias","2026-09-29 15:26:07",868.7,2,esterarias
4443,16664459,gngnher,"2026-09-29 23:58:23",868.6,2,ryanshunsuke
4444,16725342,little_d1d1,"2026-08-16 04:24:39",868.6,2,littled1d1
4445,16715244,uri_kkyhr,"2026-08-15 04:53:37",868.5,2,urikkyhr
4446,16719262,sadjeen00,"2026-08-14 02:15:50",868.4,1,sadjeen00
4447,16680065,Vishodhan,"2026-08-14 23:46:15",868.4,2,vishodhan
4448,16666468,"J Penman","2026-09-09 07:04:10",868.3,2,jpenman
4449,16725304,"Alexandru A","2026-08-29 07:34:25",868.1,2,alexandrua01
4450,16654021,"Swachhith B","2026-08-24 08:40:04",867.8,2,swachhithb
4451,16736250,Yizhi,"2026-08-31 06:03:48",867.8,2,yizhitao
4452,16728067,"Chenzhao Li","2026-08-18 08:04:21",867.5,2,heartquest
4453,16654548,DataSluts,"2026-08-28 07:00:12",867.4,2,"rahulmedida,siddarthnayak50,sivasu07"
4454,16629403,Galza98,"2026-09-20 06:26:24",867.4,2,galza98
4455,16709824,pizzahut,"2026-09-19 20:23:22",867.3,2,csalazoltntams
4456,16733576,"Ojas Aklecha","2026-08-17 18:34:02",867.2,2,ojasaklecha
4457,16764422,"ong bee","2026-09-09 02:25:57",867.0,2,ongbee
4458,16658245,ziliangCok,"2026-08-28 16:08:13",866.8,2,ziliangcok
4459,16769082,"Little Xi","2026-08-26 03:31:32",866.7,2,littlexi0
4460,16925475,AdrianValerio,"2026-09-20 04:21:19",866.5,2,adrianvalerio
4461,16635681,"Shubham Phapale","2026-09-05 12:46:36",866.5,2,shubhamphapale
4462,16743016,"MD Zeeshan","2026-08-20 18:13:32",866.3,2,makrovh
4463,16870431,"Adam Brink","2026-09-11 11:09:17",866.2,2,adambrink
4464,16690308,"Fatima Sarhan","2026-09-29 14:20:44",866.0,2,fatimasarhan
4465,16755921,"Natnael Yerga","2026-08-24 16:43:22",865.9,2,natnaelyerga
4466,16724228,LSS0334,"2026-08-26 00:15:54",865.8,2,lss0334
4467,16744043,Take,"2026-08-23 14:17:27",865.7,2,takeuchidaisuke2001
4468,16655877,"Harish K","2026-08-25 19:09:49",865.6,2,harishk2209
4469,16771843,"Surekha Ramireddy","2026-09-01 15:34:18",865.4,2,surekharamireddy
4470,16793229,"Waseem Mushtaq","2026-08-30 13:38:14",865.4,1,waseemmushtaq045
4471,16651088,ych~sun,"2026-09-11 13:06:05",865.3,2,ychsun
4472,16876214,Yunfei_Z,"2026-09-17 16:32:21",865.2,1,zhaoyunfei
4473,16740399,"Lynn Pigott","2026-08-24 03:32:08",865.1,2,lynnpigott
4474,16665543,"Charan Manthena","2026-09-06 08:59:20",865.0,2,charanmanthena
4475,16638177,stpete_ishii,"2026-08-30 05:35:41",864.7,2,stpeteishii
4476,16732792,amaotone,"2026-08-20 14:27:36",864.5,2,amaotone
4477,16630839,steubk,"2026-09-25 05:24:44",864.3,2,steubk
4478,16636079,"Pawan Rama Mali","2026-09-30 15:44:53",864.2,2,pawanmali
4479,16712943,"Cesar Marcondes","2026-09-04 13:20:02",864.1,2,cmarcond
4480,16643125,"CARLOS CAADA ROSTRO","2026-08-21 19:23:34",864.1,2,carloscaadarostro
4481,16712185,"Vishal Khomane","2026-09-02 15:32:38",863.8,2,vishal567
4482,16792329,"Kumkum Barot","2026-09-30 09:23:48",863.7,2,kumkumbarot02062003
4483,16666033,"Shota Takano","2026-09-30 12:58:43",863.4,2,shotatakano
4484,16729554,"JingSong Yang","2026-08-28 05:33:55",863.3,2,jingsongyang
4485,16670118,"Álvaro Benítez","2026-08-29 15:46:04",863.0,2,lvarobentezlvarez
4486,16761019,"yiwen hou","2026-08-25 14:48:43",862.8,2,hevenhina
4487,16886319,novacryptic,"2026-09-13 12:37:51",862.7,2,novacryptic
4488,16751992,Coding4Fun07,"2026-09-30 20:03:46",862.7,2,coding4fun07
4489,16714498,Zubekanov,"2026-08-18 01:14:49",862.0,2,zubekanov
4490,16622627,"Erik van de Ven","2026-09-23 14:18:28",862.0,2,erikvdven
4491,16740159,CY,"2026-09-05 09:33:08",862.0,2,aimeny
4492,16726281,rperez04,"2026-08-22 23:15:13",861.4,2,rperez04
4493,16739363,kulukkuluu,"2026-09-29 14:51:31",861.1,2,kulukkuluu
4494,16779275,XuetingWang,"2026-09-01 08:50:53",860.6,2,snoopy262
4495,16658983,"Titi Huang","2026-09-19 03:19:15",860.6,2,titihuang
4496,16892971,BeachedRobot,"2026-09-30 22:20:19",860.3,2,beachedrobot
4497,16671694,evananann,"2026-08-19 07:46:36",860.2,2,evananann
4498,16684075,"Tianfang Li","2026-09-25 02:41:25",860.1,2,tianfangli1
4499,16765215,"arlenjim ","2026-08-24 19:32:48",860.0,2,arlenjim
4500,16758634,Ernnnn4u,"2026-08-24 17:00:46",860.0,2,ernnnn4u
4501,16625339,kazusw,"2026-09-23 06:28:56",859.8,2,kazusw
4502,16738657,Mactorr,"2026-09-02 22:44:15",859.7,2,mactorr
4503,16674447,"Nathan Thor","2026-09-30 05:43:14",859.7,2,devofpie
4504,16767625,"Saurabh Yadav","2026-08-24 17:56:22",859.6,1,saurabhyadav1305
4505,16841296,Flesymevoli,"2026-09-06 08:49:58",859.3,2,flesymevoli
4506,16770884,VegetabledogNeo,"2026-08-31 01:23:25",859.2,2,vegetabledogneo
4507,16662338,jaepyeocho,"2026-09-30 14:31:05",859.2,2,jaepyeocho
4508,16666165,ChrisLeiteScha,"2026-08-24 15:20:36",859.0,2,chrisleitescha
4509,16666054,Ani,"2026-09-04 21:33:20",858.6,2,anirudhk333
4510,16756750,Charu,"2026-08-22 00:45:03",858.5,2,charu13a
4511,16666665,Team-Veraxion,"2026-08-31 08:24:24",858.5,2,"anuragvelekat,ayushiitomar,faizmemon,hariharigandikota"
4512,16936191,WDK777,"2026-09-23 16:12:36",858.3,2,wdk777
4513,16708185,XiaoYan12,"2026-09-13 17:57:28",858.2,2,xiaoyan12
4514,16677592,keniii,"2026-08-25 00:29:31",858.2,2,kartheeswaran28
4515,16660233,ko9ma,"2026-09-08 08:42:33",857.8,2,kohojung
4516,16739898,"solo levelling","2026-08-18 21:08:16",857.4,2,munibmemon
4517,16683193,Paami,"2026-08-24 01:21:00",857.3,2,coldpaami
4518,16722330,"Jean-Louis Roy","2026-08-31 07:44:08",857.2,2,jeanjean111
4519,16722303,JohannPongratz,"2026-09-10 08:07:38",857.1,2,johannpongratz
4520,16738745,"Anh Quân","2026-08-24 13:41:30",857.1,2,qunanh
4521,16715319,ocha_heaven,"2026-08-19 13:10:14",856.8,2,ochaheaven
4522,16718572,MLarpers,"2026-08-22 14:06:48",856.7,2,"koteikachannel,mrhornetik"
4523,16691506,Dipak_ISM,"2026-08-29 13:07:18",856.7,2,dipakism
4524,16667734,SuroRitch,"2026-08-15 16:23:52",856.6,2,suroritch
4525,16707749,Yuzu,"2026-09-04 10:22:41",856.3,2,yuzuoctopus
4526,16764545,ArX,"2026-08-24 09:44:45",856.3,2,arx1993
4527,16770421,"Vadim Vasilenko","2026-09-30 23:11:24",856.2,2,vadimvasilenko
4528,16755091,Charlie,"2026-09-30 20:44:16",856.1,2,zephyrlennox
4529,16725441,lemon1219,"2026-08-21 15:37:35",856.1,2,lemon1219
4530,16759652,Fnoa,"2026-08-23 12:26:39",856.1,2,trasibulo
4531,16800775,SunSeeker染汐,"2026-09-01 16:47:33",856.0,2,sunseekerrx
4532,16697922,TingyuanLi277,"2026-08-21 03:39:03",855.6,2,tingyuanli277
4533,16769769,"Artur Shafiev","2026-08-29 05:29:31",855.6,2,arturshafiev
4534,16720088,"Oiti Roy","2026-08-14 06:26:04",855.4,1,oitiroy
4535,16725346,sokoranohimazin,"2026-08-18 19:39:07",855.3,2,sokoranohimazin
4536,16659763,clarkzhang1031,"2026-08-13 12:27:10",855.3,2,"clarkzhang1031,huafeihuang"
4537,16698930,MrKiwi,"2026-08-19 09:34:31",854.8,2,mrkiwi
4538,16634172,"Mario Cicala","2026-09-05 03:06:37",854.5,2,mariocicala
4539,16774237,"Dennis SH Lai","2026-08-30 17:21:31",854.3,2,dshihlai
4540,16709203,Ayush_Patel,"2026-08-25 03:34:12",854.2,2,ayushpatel1305
4541,16660840,"An Garcia","2026-09-25 14:11:29",854.2,2,angarcia
4542,16772803,"Linneu Holanda","2026-09-25 02:25:46",854.2,2,linneuholanda
4543,16716697,"Habil Tobi","2026-08-28 20:57:52",854.1,2,habiltobi
4544,16724584,"Jinx JK","2026-09-30 22:32:03",853.9,2,jinxjk
4545,16719414,SahilKumarTolani,"2026-09-10 16:16:07",853.8,2,sahilkumartolani
4546,16668721,"Efe Can Celiksoy","2026-08-13 22:00:41",853.7,2,efecnc
4547,16664128,"Michael Todd Overdorf","2026-08-17 00:32:51",853.6,2,michaeltoddoverdorf
4548,16846297,"Zihan Ni","2026-09-07 08:06:53",853.1,2,lunangai
4549,16727842,"Iadh Jarray","2026-08-17 13:45:11",853.1,2,iadhjarray
4550,16636094,Hax2456,"2026-08-15 10:05:01",852.9,2,hax2456
4551,16644145,"Mehdi Azouz","2026-09-07 11:22:07",852.6,2,mehdiazouz
4552,16742048,SuperGiantLam,"2026-08-25 02:08:17",852.4,2,zptpsz
4553,16780130,与君作田,"2026-08-29 14:01:35",851.9,2,zhaoxi1244
4554,16779780,SiVitr2fDrXS.2N,"2026-08-30 15:06:17",851.6,2,sivitr2fdrxs2n
4555,16665336,"maoyuan ma","2026-08-18 11:41:09",851.5,2,maoyuanma
4556,16802892,YUYA,"2026-09-06 08:34:05",851.4,2,yuyaizumikawa
4557,16691946,"Hassan Algizani","2026-08-13 20:20:09",851.4,2,hassanalgizani
4558,16707561,"Nick Rom111","2026-09-29 10:52:48",851.1,2,nickrom111
4559,16657553,graceyunliu,"2026-09-16 02:43:23",850.9,2,graceyunliu
4560,16724351,"Luxshan Thavarasa","2026-08-24 09:58:38",850.8,2,luxluxshan
4561,16640368,"Nkosi Ndwandwe","2026-09-06 05:03:26",850.7,2,nkosindwandwe
4562,16709214,"Ariel Suntasig","2026-08-17 19:46:09",850.4,2,arielsuntasig2001
4563,16736969,"york li13","2026-08-19 01:07:02",850.1,2,yorkli13
4564,16725432,Ezra,"2026-09-10 21:42:30",849.7,2,ezberch
4565,16759625,gkg223,"2026-09-03 19:17:02",849.7,2,gkg223
4566,16623470,rurumi,"2026-09-02 05:21:15",849.4,2,rurururumi
4567,16653379,"Asakawa Ruriko","2026-08-30 00:31:08",849.4,2,asakawaruriko
4568,16771994,"Jaden Tang","2026-09-15 09:28:23",849.4,2,"aayanshah,jadentang17"
4569,16775412,"moo moo","2026-09-08 15:54:28",849.3,2,"amrof122,yassinamr11"
4570,16683813,WangQrkkk,"2026-09-23 15:58:31",849.3,2,wangqrkkk
4571,16653890,YUKRUB,"2026-09-11 08:55:14",849.2,2,yukrub
4572,16725335,"Chris #2","2026-08-29 15:32:47",848.9,2,kagglecompetechris
4573,16639250,"Hamed Seyed-allaei","2026-08-21 19:11:09",848.9,2,pinocchio
4574,16756925,"Dread Development","2026-09-05 11:38:51",848.8,2,"dreaddevelopment,seanornberg"
4575,16737843,"Muhammad Shoaib Memon","2026-08-23 19:52:52",848.7,2,muhammadshoaibmemon
4576,16721383,"Emon xu","2026-08-21 16:14:05",848.3,2,emon0xuyym
4577,16724353,PrathamGupta,"2026-08-17 02:04:38",848.2,2,prathamguptaaaaaaa
4578,16733297,sohasoha42,"2026-08-18 17:50:51",848.2,2,sohasoha42
4579,16709295,"Isaac Owomugisha","2026-08-20 16:22:52",848.1,2,cmplxxyttmt
4580,16656584,Spintronic,"2026-08-19 15:24:17",848.0,2,spintronic
4581,16668700,"Pranshu Ghori","2026-08-17 22:02:35",847.9,2,pranshughori
4582,16701362,"Papa Annan","2026-08-20 21:26:39",847.4,2,papaannan
4583,16625241,"Mutoy Choi","2026-09-01 07:42:20",847.3,2,mutoy1
4584,16699745,"Norbert Szolnoki","2026-08-18 11:39:55",847.3,2,norbertszolnoki
4585,16726660,"Prime Leo","2026-08-23 14:21:53",847.3,2,primeleo
4586,16666578,STRAF,"2026-08-23 23:07:25",847.2,2,nikosstraf
4587,16711928,Leraaaa,"2026-09-26 11:32:14",847.1,2,leraaaa
4588,16690970,"Raoul Biagioni","2026-08-22 06:37:40",846.9,2,raoulbiagioni
4589,16709529,alhlbx5,"2026-09-03 22:48:54",846.5,2,alhlbx5
4590,16731432,sieradni,"2026-09-01 06:12:00",846.5,2,sieradni
4591,16786013,sakarush,"2026-09-02 13:17:42",846.4,2,sakarush
4592,16663590,"Jakub Dolének","2026-08-13 13:08:32",846.4,2,dolenek
4593,16743216,xerkey,"2026-09-08 13:52:41",846.1,2,xerkey
4594,16729273,"Munib Ur Rehman Memon","2026-08-24 20:48:08",846.1,2,muniburrehmanmemon
4595,16713267,"yq l68135","2026-08-21 21:35:52",845.9,2,yql68135
4596,16770952,"Satyajeet Kumar","2026-08-25 20:42:40",845.8,2,m4rcuseryx
4597,16667843,"durgesh dere","2026-08-21 16:10:13",845.7,2,durgeshdere08
4598,16653129,"Prashanth Reddy Biyyani","2026-08-20 13:53:37",845.6,2,"prashanthbiyyani,shivagurrala,sumu1526"
4599,16675905,HydFarms,"2026-08-30 11:22:11",845.4,2,"kumaramar,ronithjaju,shiveshcgatech,vidhishah115"
4600,16698439,"Pournami Prakash","2026-09-12 20:17:14",845.4,2,pprakas
4601,16698223,"Feng Jiahui","2026-08-18 08:35:04",845.0,2,junipersky
4602,16734492,Orynx,"2026-08-19 08:01:33",844.9,2,"inderj1,jayveersingh6"
4603,16672003,carlscamt,"2026-08-14 17:19:42",844.8,2,carlscamt
4604,16673234,MACvengers,"2026-08-19 16:34:04",844.7,2,"astrojaswanthkumar,ikpikp"
4605,16719536,"Mandy Lin","2026-08-14 03:18:29",844.6,2,ydnamlin
4606,16667324,"Muhammed selim Bilic","2026-08-26 17:02:17",844.5,2,muhammedselimbilic
4607,16739488,Restodecoca,"2026-08-19 16:42:34",844.4,2,restodecoca
4608,16623445,"Hasin Raihan Dhrubo","2026-08-16 09:28:12",844.3,1,hasinraihandhrubo
4609,16661784,"XU XUXIANG","2026-08-27 12:57:06",844.2,2,"mikeaaaa14,xuxuxiang"
4610,16728914,d0gied,"2026-08-17 15:12:08",844.2,2,d0gied
4611,16708226,asi1024,"2026-08-16 13:14:53",844.1,2,asi1024
4612,16735582,"Tumaini Makena","2026-08-18 06:01:09",844.0,1,tumainimakena
4613,16757903,"Om Singh","2026-08-27 07:05:06",843.9,1,spoilyfrog
4614,16729691,YinuoChen271,"2026-08-17 15:42:51",843.6,2,yinuochen271
4615,16660268,"Sébastien Mametz (Pixs)","2026-08-14 09:08:39",843.4,2,sbastienmametzpixs
4616,16698214,Juandix,"2026-08-18 03:35:51",843.0,2,juandix
4617,16701868,AJ,"2026-09-09 20:53:34",842.9,2,abduljabbarcalica
4618,16771677,"hedy huangyuheng","2026-08-27 02:13:28",841.9,2,hedyhuangyuheng
4619,16738278,yansf677,"2026-09-01 12:24:29",841.4,2,yansf677
4620,16661352,"Porch Goose","2026-08-21 02:52:24",841.2,2,jaclyndeem
4621,16760295,"Luke Hurt","2026-08-24 01:03:42",840.9,2,lukehurt
4622,16675807,cubreto,"2026-08-26 15:00:34",840.9,2,cubreto
4623,16697936,"Sami Cakiral","2026-08-15 19:43:40",840.7,2,samicakiral
4624,16664002,"Guilherme Zanini de Sá","2026-09-30 21:17:16",840.6,2,guilhermezaninides
4625,16737561,"Raj Aryan Singh","2026-08-18 11:50:54",840.6,2,kratos14raj
4626,16778410,"uriel villegas govea","2026-08-28 00:25:47",840.4,2,urielvillegasgovea
4627,16697458,"Lissandra Kruse Fuganti","2026-09-01 15:19:00",840.0,2,lissandrakruse
4628,16744127,Faiz,"2026-08-21 20:33:33",840.0,2,souraditya26
4629,16732654,Goated_Farmers,"2026-08-23 17:09:50",840.0,2,"mugundhjb,srinathduvvuri"
4630,16724060,"Mạnh Linh Hoàng","2026-08-15 15:54:52",840.0,2,manhlinh1501
4631,16710389,GuerillaMoon,"2026-08-19 22:33:46",839.4,2,guerillamoon
4632,16732104,sizumita,"2026-09-12 01:21:14",839.3,2,sizumita
4633,16726011,"Dawid Fleischer","2026-08-25 18:37:25",839.3,2,dawidfleischer
4634,16746112,"Jonathan Martschinke","2026-08-24 08:52:51",839.2,2,jonathanmartschinke
4635,16890232,"Yihan Guo #2","2026-09-18 02:40:07",838.8,2,kagglebushswill
4636,16771277,zhaowenyi7,"2026-08-31 09:18:04",838.8,2,zhaowenyi7
4637,16682471,Soumya2003,"2026-09-17 09:22:26",838.7,2,soumya2003uyvv755
4638,16732685,Tanmay,"2026-08-23 18:16:07",838.3,2,blankkz
4639,16768022,"Miles Oberting","2026-08-31 23:48:39",838.1,2,milesoberting
4640,16663445,"ali dzaki","2026-09-13 14:59:25",837.7,2,alidzaki
4641,16625856,takai380,"2026-09-01 02:34:05",837.7,2,takai380
4642,16634143,"manual player","2026-08-14 00:41:13",837.7,2,prospal
4643,16732428,"Darren Amadeus Martin","2026-08-19 00:48:02",837.5,2,darrenamadeusmartin
4644,16719006,bouiboui,"2026-08-20 18:55:02",837.5,2,bouiboui
4645,16943744,"Quinn Cossette","2026-09-23 20:34:13",837.1,2,quinncossette
4646,16790548,"Francesco Del Sesto","2026-08-31 10:47:27",837.0,2,francescodelsesto
4647,16678172,"Eishkaran Singh","2026-08-19 19:12:02",836.9,2,eishkaran
4648,16735075,"Ronchen Luo","2026-08-18 04:29:47",836.8,2,ronchenluo
4649,16664762,"John Marinton","2026-09-22 13:52:40",836.6,2,marintonjohn
4650,16685626,"Livingstone Selassie","2026-08-16 00:26:50",836.4,2,"hackerx019,livingstoneselassie"
4651,16718947,"Dani Ortega","2026-08-25 07:07:35",836.2,2,daniortega99
4652,16687068,digiliwigili,"2026-08-22 12:49:07",836.0,2,kukchyievervin
4653,16651672,"Xiaolei Lian","2026-08-19 03:18:04",836.0,2,xiaoleilian
4654,16841344,"Abdoul Ahad Diop","2026-09-10 20:22:54",835.9,2,abdoulahaddiop
4655,16668788,ConnieCodes,"2026-08-17 13:40:25",835.8,2,conniecodes
4656,16675503,"Jeff Marc E. Cadet","2026-08-30 17:56:07",835.8,2,jeffmarcecadet
4657,16665125,"David Schindler15","2026-08-14 04:58:39",835.3,2,"davidschindler15,mz3207"
4658,16765953,"Muhammad Ahmed","2026-08-26 13:46:48",835.0,2,muhammad4hmed
4659,16770648,"Yoshitaka Nozaki","2026-08-26 00:38:06",834.9,1,yoshitakanozaki
4660,16632164,"Tim Shini","2026-08-30 18:04:29",834.6,2,timshini
4661,16715187,maker2026,"2026-09-09 00:38:59",833.8,2,maker2026
4662,16656931,pns,"2026-08-15 09:45:46",833.7,2,"nikhilkasyap07,premsivasai,saranboddu"
4663,16724947,teacherli0,"2026-08-16 03:09:09",833.6,2,teacherli0
4664,16778206,yuanlao153,"2026-08-28 15:00:04",833.5,2,yuanlao153
4665,16635317,"KAKA Minishijie","2026-08-26 04:36:55",833.5,2,kakaminishijie
4666,16646679,tong00,"2026-08-17 12:02:11",833.4,2,tong00
4667,16669897,"Tahsan Ferdous","2026-08-14 19:30:09",833.4,2,tahsanferdous
4668,16724795,yangqi1234,"2026-08-23 08:26:23",833.4,2,yangqi1234
4669,16715506,"Moo Point","2026-08-17 21:44:26",833.4,2,"gnarlycow,tianmeiwang"
4670,16670791,Hugelidus,"2026-08-25 03:43:18",833.3,2,hugelidus
4671,16651833,"Hồ Khánh Duy","2026-08-14 17:52:23",833.2,2,hkhnhduy
4672,16690612,"Mina Gayid","2026-08-16 12:59:16",833.0,2,minagayid
4673,16623753,HZM,"2026-09-11 04:34:07",832.9,2,leehann
4674,16678346,"Farhan Abid","2026-09-30 18:11:21",832.8,2,farhanabidtech786
4675,16743790,"yuji y","2026-08-28 10:53:06",832.4,2,yujiyyy
4676,16710421,SZ_00_zyz,"2026-08-20 02:54:53",832.3,2,sz00zyz
4677,16662615,"Anurag irawit","2026-09-01 14:16:49",832.1,2,anuragirawit
4678,16723941,teraSurfer40141,"2026-08-16 01:16:49",831.8,2,r00tt00r
4679,16726232,"sayed rafi","2026-08-18 21:13:00",831.5,2,sayedrafi
4680,16638375,"Tran H Hoang","2026-08-14 17:01:27",831.5,2,tranhhoang
4681,16691830,"Nikita Lugovoy","2026-08-15 03:39:17",831.2,2,nikital7
4682,16722120,nekoha,"2026-08-15 15:01:16",831.0,2,nekoha
4683,16726870,"Svanik Kolli","2026-08-16 00:11:14",830.8,1,svanikkolli
4684,16803602,ihiratch,"2026-09-06 15:57:56",830.7,2,ihiratch
4685,16805870,"Ngo Trung","2026-09-12 17:12:53",830.5,2,trungngotdt
4686,16750477,"Tapabrata Biswas","2026-08-25 13:11:13",830.4,2,"dumbakaash,ishanhira"
4687,16724233,"Rafal Porwol","2026-09-24 22:02:55",830.3,2,rafalporwol
4688,16669191,"Mohammed Nomaan","2026-09-19 19:48:47",830.1,2,nomaanz
4689,16672199,Vachan,"2026-08-20 07:33:48",830.1,2,vachanpadival
4690,16894541,"Deepak Mahajan","2026-09-17 05:27:59",830.0,2,xdipzz
4691,16710128,"KeHao Liu","2026-08-14 01:52:29",829.8,2,kehaoliu
4692,16639230,Rylan,"2026-08-15 13:15:45",829.7,2,"liuruihan333,wangxiaodundun"
4693,16655195,Pirhosseinlou,"2026-08-24 18:17:43",829.2,2,pirhosseinlou
4694,16667787,"Daryl Brach","2026-08-17 09:41:51",829.2,2,dbrach
4695,16670755,"Amine zeDDouk","2026-08-18 09:37:41",829.2,2,aminezeddouk
4696,16729640,"Наталья Скляр","2026-08-21 18:11:07",829.1,2,natsklyar
4697,16738235,tenfish,"2026-09-22 15:26:05",828.8,2,"oygdri,takatoyoshikawa"
4698,16724262,"Obu obu","2026-08-15 10:48:05",828.6,2,obuobu
4699,16710587,durgasai,"2026-09-01 13:14:36",828.5,2,dsainvg
4700,16821267,1417,"2026-09-11 13:14:32",828.4,2,"dongyuhao,liuyihang026,yejialin"
4701,16731243,"[Deleted] dab36be1-9992-4710-95f4-39a9f7a2cd3c","2026-08-24 15:13:27",828.1,2,del=fd92954ed0c92f1a
4702,16744355,"Sameera T","2026-08-22 10:13:47",828.1,2,sameeramaq
4703,16623226,"Hafida Belayd","2026-09-05 17:12:33",828.0,2,hafidabelayd
4704,16729054,"Shantanu Kesarkar","2026-08-27 05:50:23",827.6,2,shantanukesarkar
4705,16649313,"Jiajun HAN","2026-08-14 07:13:57",827.6,2,jiajun1
4706,16641288,nakagawaren0805,"2026-09-12 10:35:10",827.4,2,nakagawaren0805
4707,16632777,"Alexandrine Cakpo","2026-08-20 10:20:22",827.4,2,alexandrinecakpo
4708,16743124,"Leo's Demiurge","2026-09-08 15:06:04",827.0,2,jelurge
4709,16785505,"Rishiraj Acharya","2026-09-08 04:26:42",826.9,2,rishirajacharya
4710,16634166,Yuki.O,"2026-08-19 01:38:42",826.8,2,yukiohkawa
4711,16623791,rakumo,"2026-08-19 23:46:04",826.5,2,sirakumo
4712,16691976,"Harini Panigrahi","2026-08-14 16:57:32",826.4,1,harinipanigrahi
4713,16708624,"Aboubacar HEMA","2026-08-19 14:24:02",826.4,2,"aboubacarhema,marcmare,wilfredkouadjo"
4714,16639732,"Junbeom Lee23","2026-08-15 02:45:23",826.3,2,junbeomlee23
4715,16621219,"Inna Campo","2026-08-15 09:08:23",825.8,2,innacampo
4716,16739298,"ricardo assaad","2026-08-18 19:03:22",825.5,2,ricardoassaad
4717,16712459,松原琉喜,"2026-08-14 14:54:47",825.3,2,ryuki12kyo
4718,16756399,"old Ryne Mac had a farm","2026-08-21 19:44:11",825.2,1,rynemac
4719,16713155,AdarshAleti,"2026-08-18 05:39:57",825.1,2,adarsh1077
4720,16687596,AjPrem,"2026-09-14 02:49:09",825.0,2,"ajprem,jefferysingh,neelcasula"
4721,16750344,Vaasu0501,"2026-08-28 16:49:39",825.0,2,vaasu0501
4722,16663992,小陈同学,"2026-08-18 07:26:54",824.6,1,czastu
4723,16750726,prince22466,"2026-09-30 21:14:43",824.0,2,prince22466
4724,16663313,onlysmrtsumx,"2026-08-12 01:29:30",824.0,2,onlysmrtsumx
4725,16713178,Funno,"2026-08-19 17:32:54",823.9,2,yes711
4726,16674479,"Alan Rosston","2026-08-14 08:20:49",823.8,2,alanrosston
4727,16763813,Sydney,"2026-09-26 01:39:40",823.7,2,n3yan7
4728,16893046,ClaudiCulture,"2026-09-30 23:19:54",823.7,2,ortimusprime
4729,16744658,Shree85,"2026-09-22 21:05:43",823.5,2,shree85
4730,16841330,sfsf,"2026-09-30 22:11:16",823.5,2,sfenu3
4731,16698576,monnu,"2026-08-19 05:55:01",823.0,1,fuumin621
4732,16637329,Rucbic,"2026-08-19 17:32:21",822.6,2,rucbic
4733,16657610,"H Bharath","2026-08-31 18:54:57",822.3,2,hbharath
4734,16719100,"Abhiraj Singh","2026-08-14 12:02:33",822.2,2,cyberdrago
4735,16841176,"Bruce Cole","2026-09-09 00:39:28",822.2,2,brucecole
4736,16658931,"somewhere after","2026-08-19 08:16:29",822.1,2,amaterasuuuuu
4737,16634691,bot-farmer,"2026-08-19 06:16:19",821.9,2,shauryam25
4738,16727019,uitsnf,"2026-08-23 15:45:22",821.8,2,uitsnf
4739,16666939,20237208_黄奕恺,"2026-08-22 12:53:27",821.8,2,mrhuangyy
4740,16678872,ibrahim,"2026-08-17 19:30:32",821.6,2,skyfish77
4741,16691524,"Martim Nascimento","2026-09-05 15:54:47",821.4,2,martimnascimento
4742,16719002,Astraeus,"2026-09-14 15:53:57",821.1,2,astraeusdotdev
4743,16727191,"Alexander Kokshenin","2026-08-20 02:08:15",821.1,2,kokshenin
4744,16701969,旧楚狂人,"2026-08-15 14:20:59",820.9,2,jiuchukuangren
4745,16842806,"Yan Tao Tang","2026-09-07 10:41:41",820.8,2,yantaotang
4746,16839557,Superspork,"2026-09-08 03:25:46",820.4,1,superspork
4747,16740700,"Vyas Senthilkumar","2026-08-19 04:26:42",820.4,2,vyassenthilkumar
4748,16823751,"Tyler Knecht","2026-09-29 06:50:29",820.2,2,tknecht
4749,16693934,evnchn,"2026-08-23 15:41:50",820.0,2,evnchn
4750,16889392,Prit_44421,"2026-09-14 11:29:09",819.6,2,prit44421
4751,16761849,viber3221,"2026-08-24 13:38:59",819.2,2,viber3221
4752,16764850,"cy zhang","2026-09-29 12:29:24",819.0,2,zcy20051117
4753,16689601,"Prathmesh Adsod","2026-08-18 03:55:13",819.0,2,prathmeshadsod
4754,16655368,"Mohammed Maqsood L","2026-08-19 10:40:17",818.9,2,mohammedmaqsoodl
4755,16697223,"Azizii Gill","2026-09-09 21:27:12",818.6,2,aziziigill
4756,16658803,"Rahul Jiwane","2026-08-21 06:19:57",818.6,2,rahuljiwane
4757,16715628,Dian,"2026-08-17 01:57:33",818.4,2,clas233
4758,16655179,"I Need an Internship","2026-08-15 02:39:23",818.2,2,dimasibnumuthi
4759,16748717,mt,"2026-08-20 13:09:12",818.2,1,mtanakaslgfreak
4760,16766982,"Sir Dona ","2026-08-25 15:54:46",818.1,2,sirdona
4761,16664759,OrGanAIc,"2026-08-14 22:58:18",818.0,2,arghyaranjandas
4762,16765065,"Rohith T R","2026-08-26 13:28:38",817.7,2,rohithtrgod
4763,16759864,exaucedossou,"2026-08-22 17:56:40",817.7,2,exaucdossou
4764,16763978,"Swayam Gode","2026-09-07 16:15:33",817.6,2,swayamgode2
4765,16655190,"Will Rice","2026-09-30 23:15:49",817.2,2,willrice
4766,16659614,"Heikki Leskelä","2026-08-22 16:35:42",817.1,2,heikkileskela
4767,16655335,Justus,"2026-08-19 14:18:38",817.0,2,justus0
4768,16631595,CuteClaw,"2026-08-14 01:25:52",817.0,2,bloodmoonwq
4769,16691702,kss,"2026-08-13 19:30:20",816.7,2,l0glikelihood
4770,16723132,Bridgeport,"2026-08-21 20:25:32",816.7,2,bridgeport
4771,16662940,"The Coder Geek Squad Leader","2026-08-17 09:23:58",816.6,2,soulemaneisissifou
4772,16694091,"Nan Leng","2026-08-23 07:41:41",816.5,2,nleng66ca
4773,16726064,"sana slama","2026-08-15 17:01:13",816.4,1,sanaslamamm
4774,16695093,"Ryota Murai","2026-08-27 15:28:04",816.4,2,rmuraix
4775,16693058,"Yuvraj singh","2026-09-18 11:41:37",816.3,2,yuvrajsingh789
4776,16711910,"Artem Zapara","2026-08-18 16:48:51",816.3,2,artemzapara
4777,16710661,"Pengyi Peng1","2026-09-28 09:10:07",816.2,2,pengyipeng1
4778,16725354,"Swaroop piduguralla","2026-08-19 14:23:28",816.2,2,pnsaimanitejaswaroop
4779,16927988,"Ravi Ramakrishnan","2026-09-20 05:22:13",816.1,1,ravi20076
4780,16698884,VVVoyager,"2026-08-14 03:55:10",816.1,2,"haoxuanshan,hengnui"
4781,16674683,"Ali Esam","2026-09-11 17:00:03",816.1,2,zyxsu0
4782,16809168,"Shaun the Sheep ","2026-09-26 11:43:12",816.0,2,badlandsram
4783,16633096,anvai_agents,"2026-08-20 05:50:45",815.7,2,"anandgaikwad7781,vaidehidhamnikar"
4784,16679560,LEET,"2026-08-15 00:45:52",815.7,2,soufianelasfar
4785,16665050,"Praneeth Palugula","2026-08-14 06:28:56",815.5,2,praneethpalugula
4786,16717792,han10086,"2026-08-13 15:05:21",815.5,2,han10086
4787,16717630,Amer,"2026-08-13 21:23:41",815.3,2,amerhu
4788,16655305,"Junior Sohou","2026-08-14 00:15:42",814.6,2,juniorsohou
4789,16677945,"Quân Trần","2026-08-25 06:43:39",814.4,2,wuntrn
4790,16675161,iVl44d,"2026-09-24 11:18:03",814.3,2,ivl44d
4791,16803651,gyujinst,"2026-09-05 01:44:38",814.3,2,gyujinst
4792,16925900,"Marco Papotti","2026-09-26 14:48:26",814.0,2,marcopapotti
4793,16748246,"Eric S","2026-08-26 12:50:54",813.6,2,ericsangberg
4794,16628295,qwertykeypadapple,"2026-08-13 19:05:04",813.6,2,qwertykeypadapple
4795,16633222,maxingkong733,"2026-08-18 23:32:58",813.5,2,maxingkong733
4796,16695691,neural-canvas,"2026-08-12 20:46:37",813.2,2,mrsanap
4797,16658150,Gravity-x73d,"2026-08-17 09:16:29",813.1,2,gravityx73d
4798,16696631,"saya akan lawan!","2026-08-21 18:42:23",812.9,2,nurhadibudhy
4799,16622367,mg,"2026-08-23 17:49:21",812.6,2,"egorkashpar,sashaboriskin,smooky"
4800,16656990,"NALLA SUMANG","2026-08-30 03:15:46",812.3,2,sumangnalla
4801,16705176,"Ruslan Raupov","2026-08-20 09:10:24",811.8,2,ruslanraupoff
4802,16725242,chinchilla,"2026-08-19 10:53:07",811.7,2,tgwstr
4803,16681749,"rohith vinice","2026-08-11 23:55:16",811.6,2,rohithvinice
4804,16772450,"Muneeba Badar","2026-08-25 21:19:13",811.5,2,muneebabadar
4805,16685850,K,"2026-08-14 06:37:41",811.3,2,kolci017
4806,16675088,"Andrei Chulkov","2026-08-15 19:43:12",811.3,2,andreichulkov
4807,16935594,"wenya hao","2026-09-30 23:19:46",811.1,2,wenyahao
4808,16661132,"Jia Chen","2026-09-28 17:05:12",810.9,2,jiachenjasper
4809,16734450,"Ian Teigen","2026-08-18 00:04:38",810.8,2,ianteigen
4810,16691714,"Wesley Juraschek","2026-08-19 06:07:37",810.7,2,wesleyjuraschek1
4811,16841647,patitod,"2026-09-06 01:22:09",810.0,2,anasofaescobar
4812,16726071,"PDF ULTRA","2026-08-20 19:36:33",810.0,2,"alengevorgyan,gab0yan"
4813,16656519,"Chris Laska","2026-08-25 19:45:39",809.9,2,chrislaska
4814,16663240,"Rilen T. L.","2026-08-18 13:45:46",809.2,2,"jairosilvabastos,rilentl"
4815,16632444,"Issac “Izreal” Davis","2026-08-13 20:42:03",809.0,2,issacizrealdavis
4816,16740320,NguyenAn27,"2026-08-20 00:46:32",809.0,2,nguyenan27
4817,16641141,"Yuri Barbashov","2026-09-30 22:23:53",808.5,2,yuribarbashov
4818,16691987,0xalgos,"2026-08-17 09:35:28",808.4,2,anandvashishtha5362
4819,16668069,jackhsia,"2026-08-23 15:56:13",808.0,2,jackhsia
4820,16672653,Cultuurstelsel,"2026-08-13 16:59:47",807.9,2,ryuorlandotamin
4821,16659123,sd,"2026-08-18 17:46:56",807.7,2,siddharthadevkota
4822,16664860,ANUJPUROHIT18,"2026-09-01 05:03:07",807.5,2,anujpurohit05
4823,16719238,"Rômulo Siqueira","2026-08-20 00:15:16",807.5,2,romulosiqueira
4824,16692548,"Rockstar Farmer","2026-08-19 05:15:37",807.4,2,yuhaili
4825,16697689,"Pavel Pakhmutov","2026-08-12 23:11:23",807.2,2,pavelpakhmutov
4826,16666853,"Bisola Olasehinde","2026-08-31 13:08:21",807.1,1,bizzyvinci
4827,16735125,mtskggle,"2026-08-22 04:50:43",807.1,2,matsusakaggle
4828,16671821,donglee,"2026-08-13 09:13:09",807.1,1,dongleeovo
4829,16674684,next-best-agent,"2026-08-17 15:28:53",806.9,2,"minhduy13ly,tdtu981"
4830,16658097,Sujay,"2026-09-17 06:08:01",806.4,2,sujayprodduturi
4831,16650372,Greed,"2026-08-12 17:18:47",805.8,2,greedshen
4832,16622251,"Moroz Roman","2026-08-20 06:22:05",805.7,2,crissyro
4833,16748421,lulzx,"2026-08-20 17:52:11",805.6,2,lulzxy
4834,16809122,"federico battello","2026-09-10 15:05:02",805.0,2,federicobattello
4835,16707598,Kamazarashi,"2026-08-18 05:40:15",804.9,2,kamazarashi
4836,16712888,Vux,"2026-08-20 14:32:16",804.6,2,weiyu85
4837,16743741,Arooran,"2026-08-24 13:37:47",804.3,2,arooransivakarunai
4838,16703099,GansPiro,"2026-08-13 18:34:26",804.2,2,ganspiro
4839,16656941,"Winter Lamb","2026-09-30 23:19:17",804.0,2,fabiansyahcahyo
4840,16743737,"Joanna C.","2026-08-20 23:07:09",803.8,2,joannaciesielski
4841,16729828,spunkrock,"2026-08-16 20:08:06",803.5,1,spunkrock
4842,16726512,shash,"2026-08-15 19:41:18",803.3,1,zshashz
4843,16695615,Celinao,"2026-08-14 08:02:47",802.7,2,celinao
4844,16765526,"Kotala Kishan Reddy","2026-08-24 08:56:22",802.6,1,kotalakishanreddy
4845,16840694,"cory cozy","2026-09-06 11:48:38",802.4,2,corycozy
4846,16714902,HunterBlue,"2026-08-13 18:54:47",802.4,2,marianacodebase
4847,16634650,UnfriendlyAI,"2026-08-24 11:44:47",801.9,2,unfriendlyai
4848,16665838,wenbodai,"2026-09-01 12:41:51",801.9,2,wenbodai
4849,16926195,koutwiring,"2026-09-29 23:05:23",801.8,2,koutwiring
4850,16710141,htatsumi,"2026-08-15 01:07:11",801.5,1,tatsumihasebe
4851,16728723,"Ronith Rashmikara","2026-08-18 03:28:52",801.4,2,ronithrr
4852,16666884,"Antonio Stanciu","2026-08-15 14:33:52",801.1,2,stanciuantonio
4853,16721947,groots,"2026-08-16 06:32:40",801.1,2,muhammadismail433
4854,16724109,"small fry in the underworld","2026-09-11 05:51:16",801.0,2,wwwwhitley
4855,16748524,TongY26,"2026-08-21 08:33:16",800.9,2,tongy26
4856,16692851,ichnixhelle,"2026-08-12 22:20:24",800.9,2,ichnixhelle
4857,16738825,RishabhSpark,"2026-08-28 05:11:27",800.4,2,rishabhspark
4858,16634824,yuki16,"2026-08-27 02:55:04",800.2,2,yuki16
4859,16632788,"Bright O.H.","2026-08-23 03:45:36",799.8,2,brightoh
4860,16657803,"Arya Mazloomi","2026-08-14 00:17:11",799.5,2,aryamazloomi
4861,16941390,yukikotani,"2026-09-25 00:00:27",799.5,2,yukikotani2231
4862,16773266,newbyy,"2026-08-26 05:21:47",799.2,1,newbyy
4863,16715024,"Ömer Özbek","2026-08-22 13:50:34",799.2,2,omerozb
4864,16729421,Oblivix,"2026-09-02 04:16:25",799.0,2,"aradhyatiwariii,oblivix"
4865,16722986,"Abhiram 9803","2026-08-15 18:43:09",798.9,2,abhiram9803
4866,16697024,"Jiri Prudky","2026-09-06 06:00:57",798.3,2,jiprud
4867,16698256,Mint,"2026-08-17 18:39:08",798.2,2,rorandangerous
4868,16655559,"Fajri Yanuar Shiddiq Juanda","2026-08-13 01:40:20",797.9,2,fajriyanuar
4869,16691012,"Sanzhar Almasuly","2026-08-29 07:28:34",797.8,2,sanzharalmasuly
4870,16753985,"Narenthira Balaji","2026-08-21 10:54:17",797.7,1,narenthirabalaji
4871,16803913,"SUJIB BARMAN","2026-09-01 16:42:07",797.6,1,cardata
4872,16724533,"Yusei Ito","2026-08-22 19:18:19",797.4,2,yuseiito
4873,16749347,Shibungi,"2026-09-01 06:52:21",797.4,2,shibungi
4874,16689447,"Ivan Berrutto","2026-08-13 04:14:38",797.0,2,ivanberrutto
4875,16710094,winwinwin,"2026-09-03 13:22:51",796.9,2,"ouyangruize,teecemackenieo"
4876,16658081,ando,"2026-08-20 01:52:23",796.8,2,andoshunsuke
4877,16656807,Yoganjaneyulu,"2026-08-13 09:20:17",796.0,2,yoganjaneyulu
4878,16716468,"Sakhawat Hossen","2026-08-15 03:28:07",796.0,2,sakhawathossen
4879,16700737,HechtJP,"2026-08-13 11:12:06",795.9,2,hechtjp
4880,16714059,Yentür,"2026-08-12 18:47:44",795.7,1,meryentr
4881,16714058,"Ahmet Erdem Pamuk","2026-08-12 18:59:18",795.6,2,ahmeterdempamuk
4882,16745294,"Ahmed Ehab Fathi","2026-09-05 01:27:13",795.5,2,ahmedehabfathi
4883,16680931,"Rattan Singh","2026-08-16 04:23:37",795.4,2,rattans
4884,16689952,"Lazarus Ogero","2026-08-11 16:44:08",795.3,2,lazarusogero
4885,16700995,"Maram Ali","2026-08-15 09:13:15",795.3,2,msama01
4886,16681275,"CUG HeQiao","2026-08-12 09:06:14",795.1,2,cugheqiao
4887,16728272,"Daris Dzakwan Hoesien","2026-08-16 10:48:22",795.1,1,darisdzakwanhoesien2
4888,16749618,Fon1as,"2026-08-21 09:36:42",794.8,2,fon1as
4889,16756415,"Mihai Balan","2026-08-31 06:39:25",794.5,2,mihaibalan
4890,16823144,"AARAV JADAV","2026-09-30 11:32:05",794.5,2,aaravjadav
4891,16672374,"kelly waldeck","2026-08-11 21:07:30",794.4,2,kellywaldeck
4892,16688368,"Lam Vo","2026-08-15 16:39:23",793.6,2,nhatlam
4893,16652750,"Bahadir Selim Bakla ","2026-09-27 18:52:35",793.1,2,bahadirselimbakla
4894,16729484,"Sankalp Nagineni","2026-08-16 17:35:31",792.8,2,sankalpnagineni
4895,16672243,"Fazil Putra","2026-08-14 01:24:17",792.8,2,fazilputra
4896,16636909,"wking edewd","2026-08-21 11:21:57",792.7,1,wkingedewd
4897,16766905,Antigone_duckduck,"2026-08-24 16:38:37",792.6,2,antigonexzh
4898,16655952,"Tianfu Wang (王天夫)","2026-08-12 15:08:12",792.3,2,wangtf96
4899,16714980,Chenaters,"2026-08-16 08:41:10",792.0,2,chenaters
4900,16654381,"Dmitry Belan","2026-08-30 17:16:29",792.0,2,dimong4
4901,16729227,Marjao,"2026-08-16 16:49:12",791.7,2,muniburrehman2020
4902,16633709,"kitory Yeah やきとり","2026-08-15 22:30:08",791.4,2,kitoryyeah
4903,16634654,unknown,"2026-08-13 02:11:22",791.4,2,abdullahshafi2021
4904,16663694,"Dimitri ZABRE","2026-09-18 22:22:32",791.3,2,dimitrizabre
4905,16662023,"Vikas Kumar","2026-09-08 17:17:57",791.1,2,vikshit104
4906,16699659,"Dimas Pasha Akrilian","2026-09-01 01:59:59",790.7,2,dimaspashaakrilian
4907,16774228,"Anggit Maulana Abdi","2026-08-28 14:37:01",790.1,2,anggitmaulanaabdi
4908,16663352,"Avnish Sharma","2026-08-31 14:42:23",789.5,2,kewlaz
4909,16667839,Viet-Tien,"2026-08-22 19:46:21",789.5,2,tiena2cva
4910,16664334,"Satishvaran Ragu","2026-08-28 03:07:19",789.4,2,satishvaranragu
4911,16738467,EnriFermi,"2026-08-26 23:51:18",789.3,2,enrifermi
4912,16690020,shantaitichu,"2026-08-17 09:40:30",789.0,2,shantaitichu
4913,16772993,"dirty farmers","2026-08-26 06:33:12",789.0,2,jamesgui2007
4914,16702774,FilipJ,"2026-08-16 18:34:05",789.0,2,filipjarmua
4915,16735102,"Zhiqi Liu","2026-08-31 02:57:12",788.7,2,crazyqiqi
4916,16679443,albu,"2026-08-15 19:22:12",788.6,2,albuslaev
4917,16734578,"Pascal Andreas","2026-08-26 17:42:14",788.5,2,pascalandreas
4918,16898760,"Berat Erol ÇELİK","2026-09-27 15:44:39",788.5,2,beraterolelk
4919,16625611,"Karl Smile","2026-08-28 16:42:46",788.3,2,karlsmile
4920,16770302,stardxx,"2026-08-26 02:21:35",787.9,2,stardxx
4921,16624824,GoofyGenius,"2026-09-09 16:05:59",787.5,2,goofygenius
4922,16767528,"Umut Toygar Göz","2026-08-30 13:01:54",787.1,2,umuttoygargoz
4923,16766840,"Andrey ","2026-08-24 14:27:38",786.4,1,anti1111
4924,16713771,bndang,"2026-09-19 21:22:11",786.4,2,bndang
4925,16699610,"Sneha ","2026-08-17 01:00:34",785.9,2,kharya3
4926,16839110,0x3f,"2026-09-26 03:43:58",785.8,2,zhangbowen1005
4927,16688153,"Panchajanya Banerjee (Pancham)","2026-08-16 20:28:27",785.6,2,delayedkarma
4928,16629292,"Syed Saad Hasan Emad","2026-08-17 06:14:38",785.4,1,syedsaadhasanemad
4929,16651623,"Sarvesh Talele","2026-08-28 05:18:58",785.1,2,sarveshtalele
4930,16668049,"Masayoshi Kurihara","2026-08-14 06:20:21",785.0,2,masayoshikurihara
4931,16811576,Zi,"2026-09-03 01:52:15",784.9,1,kaigaokaigao
4932,16653955,"tanmay singhal","2026-08-29 12:00:53",784.7,2,anexperiencedidiot
4933,16661423,"Rishavendra Sharma","2026-09-30 13:04:06",784.6,2,rishavendrasharma
4934,16789587,"José Luis","2026-09-30 20:14:52",784.2,2,joseluissz
4935,16660371,"José Luis Gómez","2026-08-13 01:37:42",783.8,2,josluisgmezz
4936,16633240,Igor,"2026-09-30 13:48:32",783.5,2,igor14497
4937,16621735,VN-Orion,"2026-08-21 11:42:27",783.3,2,fastthanh78
4938,16923217,kou,"2026-09-30 23:14:48",783.0,2,yuu111111111
4939,16879958,Sash.a,"2026-09-30 08:32:11",783.0,2,smashaza
4940,16775781,"I am GroOth","2026-09-30 22:53:56",782.8,2,gideonoba
4941,16773559,"Abhishek Mahto","2026-08-26 06:40:07",782.7,1,abhishek3115
4942,16763120,"Shivam Singh #2","2026-08-23 16:56:35",782.7,1,shivamsingh17072001
4943,16679767,Salut!,"2026-08-12 21:56:55",782.5,2,denismekhanikov
4944,16732754,ikeuchy,"2026-08-29 04:10:41",782.4,2,ikeuchy
4945,16651052,lty,"2026-08-18 02:33:01",782.3,2,linwei9
4946,16692103,HaniJezo,"2026-08-11 20:32:40",782.1,1,hanijezo
4947,16695964,"JiMing Feng","2026-08-17 10:56:45",782.1,2,jimingfeng
4948,16697675,"Isaac Grossman","2026-08-30 23:21:35",782.1,2,kingisaac
4949,16748330,Okan,"2026-08-21 11:15:17",781.8,2,okanzkaya
4950,16755807,PokeTrader,"2026-09-30 18:33:39",781.8,2,poketrader
4951,16857894,"Ludwig Agurto Contador","2026-09-12 22:35:55",781.5,2,ludwigagurtocontador
4952,16624896,"Akmal Azzam o'g'li","2026-08-18 06:03:51",781.3,1,akmalmir
4953,16725680,henri66,"2026-08-15 21:09:47",781.3,2,henri665
4954,16684012,ceh,"2026-08-16 04:58:18",781.2,2,emilhessman
4955,16666242,"Lalwani Palash","2026-09-28 16:27:06",780.3,2,lalwanipalash
4956,16693159,"Zonglin Han","2026-08-13 17:10:08",780.2,2,zonglinhan
4957,16696887,kt-Kitayama,"2026-09-01 13:23:49",780.1,2,ktkitayama
4958,16696769,"maximo lorenzo y losada","2026-08-12 13:07:35",780.0,2,maximolorenzoylosada
4959,16645712,"Changye Li","2026-08-24 06:23:33",779.7,2,antoinegg1
4960,16727090,"Deep Blue Pasture","2026-08-17 02:28:34",779.5,2,shamanah
4961,16733547,"Mark Grayson","2026-08-17 18:53:21",779.0,2,flyingsinclair
4962,16662653,"Jordan Schaeffer","2026-09-09 01:49:11",779.0,2,jordanmschaeffer
4963,16696561,"Ali Ramazanov","2026-09-22 07:46:58",778.7,2,aliramazanov
4964,16768647,vaultguard,"2026-09-14 21:08:32",778.6,2,vaultguard
4965,16728460,oh-Artistburger-AHA-TastyMeat!,"2026-08-16 11:54:46",778.2,1,akikukeo1
4966,16889423,ShinChua,"2026-09-14 12:50:22",778.2,1,shinchua
4967,16692138,"Bishwa Thakur","2026-09-05 09:15:47",778.0,2,bishwathakur
4968,16678638,Loshtradz,"2026-08-26 18:40:35",777.4,2,loshtradz
4969,16657857,hust_xll,"2026-08-12 05:38:12",776.9,2,hustxll
4970,16682936,"Latifa Riziki","2026-08-12 09:38:13",776.8,2,latifariziki
4971,16657494,Trex,"2026-08-12 14:00:14",776.7,2,trexzone
4972,16677832,"Maryam Tahir","2026-08-25 15:07:42",776.7,2,maryamtahir09
4973,16761728,"Vybhav Nath C A","2026-08-30 12:19:48",776.6,2,shadowfax2000
4974,16708573,Benser,"2026-08-15 14:41:24",776.5,2,benser
4975,16673110,"Sri Jayavel K","2026-08-20 08:18:31",776.4,2,srijayavelk
4976,16732462,"Aji Samudra","2026-08-24 09:05:21",776.2,2,ajisamudra
4977,16729874,"Shane Schisler","2026-09-26 19:33:37",776.1,2,seschis
4978,16722902,"Grigorii IU","2026-08-22 01:54:09",775.7,2,grigorii220
4979,16670433,"Mohammad Osamah Atif","2026-08-19 08:46:32",775.7,2,osamatif
4980,16726115,helloworld311,"2026-08-17 05:52:20",775.4,2,helloworld311
4981,16767164,"yuhan wu","2026-08-26 09:37:53",775.3,2,yuhanwu487
4982,16675240,Leifson1337,"2026-09-25 12:17:00",774.7,2,leifson1337
4983,16682303,"Kapadiya Nirav Kumar","2026-08-18 06:24:30",773.8,2,kapadiyaniravkumar
4984,16656731,"Muhammad Ali","2026-08-14 06:47:06",773.4,2,sardaralimaqsood
4985,16696983,"JKM Ventures","2026-08-17 22:58:03",773.3,2,jeffreydrew
4986,16708333,"Phạm Vương","2026-08-11 16:17:10",773.3,2,vuongphamqq
4987,16701759,xycai,"2026-08-14 17:23:35",772.9,2,xycaipku
4988,16769866,"Suzuki Riki","2026-08-25 12:11:09",772.7,2,suzukiriki
4989,16659314,Sandeep063,"2026-08-25 12:44:22",772.1,2,sandeep063
4990,16729650,"Tapiwa Makandigona - Zimbabwe21","2026-08-31 11:36:48",771.8,2,mukanya1994
4991,16808914,slfmmm,"2026-09-02 11:50:26",771.7,1,slfmmm
4992,16627995,"Fire Bird","2026-08-11 20:36:45",771.7,2,xuanleekaggle
4993,16775386,kaggler,"2026-08-31 09:29:41",771.6,1,deepkim
4994,16763383,"Alexandru Sitaru","2026-08-25 07:05:06",771.6,2,sitaru
4995,16725642,"Arav Sharma","2026-08-17 03:51:14",771.4,2,aravsharma26
4996,16709462,"KK #2","2026-08-14 09:06:37",771.0,2,kk2909
4997,16660711,ricardo,"2026-08-15 22:34:26",770.9,2,magania
4998,16669494,"Abdullah Razi","2026-09-03 18:39:36",770.8,2,abdullahroninrazi
4999,16767431,Nine1Eight,"2026-08-24 16:51:12",770.7,1,wethepeople918
5000,16663241,"Kris Adamatzky","2026-08-13 09:49:19",770.3,2,krisadamatzky
5001,16689770,"Abdillah Sagif","2026-08-11 10:11:23",769.6,2,abdillahsagif
5002,16695137,"Samantha Nicole Bracamonte","2026-09-27 09:13:45",769.5,2,snrbracamonte
5003,16632675,"Baran Kucuk","2026-08-11 15:09:58",769.4,2,barankucuk
5004,16667994,"Zhian Wei","2026-09-11 06:57:54",769.2,2,zh1anwe1
5005,16623020,Muhandro,"2026-08-20 16:29:57",768.9,2,muhandro
5006,16649108,"Steve AVOMO","2026-08-17 03:12:41",768.7,2,aurelsteve77
5007,16806886,dreamtear,"2026-09-02 05:55:56",768.7,1,mohanzeng
5008,16695501,brocade,"2026-08-15 00:01:12",768.0,2,brocade
5009,16785100,5386,"2026-09-10 11:08:04",767.5,2,"ismktkaggle,rairai314,satosis"
5010,16673097,"Sonu Kushwaha","2026-09-01 11:10:15",767.4,2,sonukushwaha124
5011,16676356,"Wander waal","2026-08-11 02:48:56",767.1,2,wanderwaal
5012,16644891,yankang_XZK,"2026-09-02 18:29:53",765.6,2,yankang233
5013,16707993,"Sangita Bannore","2026-08-11 14:33:47",765.5,1,sangitabannore
5014,16627400,"Krasnov Daniil","2026-08-11 06:04:48",765.4,2,daniilkrasnovvv
5015,16692090,sans,"2026-08-12 03:14:55",764.9,2,sans6262q
5016,16659692,"Hùng Nguyễn Huy (Hiirooo)","2026-08-11 03:47:45",764.9,2,hngnguynhuy
5017,16709069,"James Mcquay","2026-08-14 18:05:40",764.3,2,jamesmcquay
5018,16840641,"Yukar Fu","2026-09-30 12:36:18",764.0,2,yukarfu
5019,16701573,"Haggai Musoda","2026-08-17 20:04:00",763.8,2,haggismusoda
5020,16695608,"Elie Elias","2026-09-12 11:11:33",763.5,2,elieelias
5021,16659890,"Cu Spoon","2026-08-25 22:02:11",763.2,2,cuspoon
5022,16793275,"Biao Cao","2026-08-30 13:44:48",763.1,1,biaocao398
5023,16729863,Monkeyzl,"2026-08-22 20:02:21",763.1,2,monkeyzl
5024,16665702,"Aman Gupta","2026-09-08 16:26:19",763.1,2,amangupta0014
5025,16724779,"Gavin Cao","2026-08-16 09:00:53",763.0,2,gavinxgcao
5026,16781516,"Hongbin Guokaggle","2026-08-29 04:16:00",763.0,2,hongbinguokaggle
5027,16663284,"Aman Prakash","2026-08-12 20:58:28",762.8,2,amanprakash777
5028,16633580,Vinymo,"2026-08-23 15:32:23",762.5,2,vinymo
5029,16875777,YinboLiu,"2026-09-17 11:11:46",762.0,2,yinboliu
5030,16695376,Garv88,"2026-08-13 12:19:20",762.0,2,garv88
5031,16707584,sadatch,"2026-08-13 05:18:28",762.0,2,sadatch
5032,16770777,"Oscar Legoupil","2026-09-09 15:43:18",761.8,2,oscarlegoupil
5033,16661093,"INDRAJIT SWAIN","2026-08-15 13:23:37",761.7,2,indrajitswain
5034,16700116,Goldian,"2026-08-21 16:13:40",761.4,2,goldian
5035,16692110,"Ahmed Khudair","2026-08-11 22:33:06",761.2,1,ahmedkhudair121
5036,16666733,"Alberto MV","2026-08-10 23:06:33",761.1,2,albertomv
5037,16709793,"Victor Hotz","2026-08-13 18:48:06",761.1,2,victorhotz
5038,16663919,hnhyhj,"2026-08-13 04:05:56",760.9,2,hnhyhj
5039,16692457,t2better,"2026-08-12 11:56:41",760.8,2,t2better
5040,16692490,"Enes Coşkun","2026-08-11 05:37:38",760.6,2,enscskn
5041,16658487,radozaprazny,"2026-09-12 14:09:06",760.6,2,radozaprazny
5042,16623444,"sary sary","2026-09-22 20:50:21",759.5,2,sarysary
5043,16660037,shehai.lrs,"2026-08-11 13:37:32",759.3,2,shehailrs
5044,16700876,"Oyegoke Emmanuel","2026-09-28 04:13:08",759.0,2,oyegokeemmanuel
5045,16667729,"Daniel Wu","2026-08-15 14:35:27",758.1,2,danielwuu
5046,16660653,kanchana's,"2026-09-21 17:23:31",757.9,2,"saikanchana,yuvarajkanchana"
5047,16660331,A.K.NITHIN,"2026-08-12 12:07:32",757.9,2,aknithin
5048,16700630,apoyusiken,"2026-08-12 06:10:52",757.7,2,umutarpay
5049,16728955,"Chris Murphy","2026-09-07 23:33:26",757.5,2,mur418
5050,16771780,Trichoderma,"2026-09-06 04:58:38",757.5,2,brunoescalhao
5051,16660333,"Deanos Crew","2026-08-11 13:10:19",757.4,2,jamescole0101
5052,16679371,ΛYMΞNRH,"2026-08-11 06:43:55",757.3,2,aymnrh
5053,16804961,explise,"2026-09-02 08:13:03",757.3,2,explise
5054,16749153,"Arnav Mishra","2026-09-12 05:10:43",757.3,2,arnavmishra02
5055,16709744,"Emre Bayram","2026-08-14 09:04:57",757.3,2,emrebayram
5056,16745092,zakihiro,"2026-08-21 07:59:39",757.1,2,zakihiro
5057,16669643,"Athenix Kaggriculture","2026-08-24 18:23:54",756.3,2,sdafdsfsdfgdsg
5058,16632579,ZZfancy,"2026-08-11 12:04:42",756.3,2,zzfancy
5059,16805763,"Masaya Kawamata","2026-09-04 03:39:48",756.3,2,masayakawamata
5060,16666410,"Binil George","2026-08-12 10:40:43",756.3,2,binilg
5061,16689430,"Terry Luo","2026-09-30 23:21:46",756.2,2,eimhluo1764
5062,16768644,Momoko,"2026-08-25 03:22:50",756.1,1,yangmengyuanmomoko
5063,16704027,"Alan Cai","2026-08-10 22:36:40",755.9,1,alancai27
5064,16828106,AG,"2026-09-20 00:12:01",755.7,2,lacroix7771
5065,16636004,"Ragunath Ravi","2026-08-11 10:59:07",755.6,2,ragunathravi
5066,16706315,"Desert Fox88","2026-08-11 12:02:03",755.5,2,desertfox88
5067,16705370,TS2333,"2026-08-11 03:40:40",755.5,2,ts2333
5068,16710672,"Yasemin Koç","2026-08-14 05:52:52",755.5,2,yaseminmkoc
5069,16631777,KiKi,"2026-09-03 04:27:02",755.1,2,kingkiller2164
5070,16790115,Starumi,"2026-08-31 00:39:22",755.1,2,starumi
5071,16695176,"Zakaria Settar","2026-08-16 21:52:31",755.1,2,zakariasettar
5072,16693886,spellstriker,"2026-08-12 22:03:20",755.1,2,spellstriker
5073,16940838,"Dean Wuu","2026-09-23 02:06:11",755.1,2,deanwuu
5074,16625615,"Mobeen Fatima","2026-09-24 10:19:55",754.9,2,mobeenfatimah
5075,16688136,"Armanzhan Ayan","2026-08-11 16:49:36",754.7,2,armanzhanayan
5076,16697021,Vaishnavi22052006,"2026-08-11 18:43:08",754.6,2,vaishnavi22052006
5077,16809277,"Shuntaro Tanaka","2026-09-11 01:01:20",754.5,2,shuntarotanaka
5078,16662166,duy,"2026-08-31 08:50:51",754.3,2,hduynguyen
5079,16667052,"Dandan Li","2026-08-15 18:07:17",754.3,2,clcll532x
5080,16652849,Hejunhui,"2026-08-16 14:15:29",754.2,2,website98
5081,16740103,Adjakou,"2026-08-24 07:31:02",753.7,2,adjakou
5082,16762837,Nagamatsur,"2026-09-17 12:24:55",753.4,2,rihitonagamatsu
5083,16652904,TonightIsOver,"2026-09-26 13:02:54",753.3,2,tonightisover
5084,16633414,"sagar tripathy","2026-08-13 15:57:56",752.8,2,sagar8trip
5085,16701466,"HELIOS reasonning","2026-08-11 22:38:55",752.6,2,heliosreasonning
5086,16830837,"Damilare Olayemi","2026-09-08 08:35:23",752.6,2,damilareolayemi
5087,16681620,wanwanuil,"2026-08-13 12:43:19",752.5,2,wanwanuil
5088,16696644,"Franklin T","2026-09-13 07:17:43",752.5,2,franklin0410
5089,16706283,haogood666,"2026-08-11 08:25:40",752.4,1,haogood666
5090,16624682,FrederikZ,"2026-09-02 10:17:51",751.9,1,zkirederf
5091,16704622,ray,"2026-08-11 16:30:13",751.8,2,rayenezanned
5092,16676154,"Tuan Tran","2026-08-10 16:29:40",751.4,2,thtuan
5093,16806003,"Hazqeel Afyq","2026-09-20 08:53:15",751.3,2,hazqeelafyqathaillah
5094,16692164,Abdulrahman.su10,"2026-08-11 20:35:39",751.3,1,abdulrahmansu10
5095,16738705,"Atilla Y","2026-09-12 06:51:34",751.2,2,atillay
5096,16684163,MohamedFD,"2026-08-13 12:32:47",750.9,2,mohamedfd
5097,16793134,sawasawasawa,"2026-09-07 09:06:57",750.7,2,yukisawamura
5098,16687724,Yijue1,"2026-08-11 02:15:05",750.0,2,yijue1
5099,16672579,"Udbhaw Anand","2026-08-22 13:15:18",750.0,2,udbhawanand
5100,16927276,"julian andres viejo garrido","2026-09-30 00:40:11",749.2,2,salmaviejo
5101,16672247,"Movie Watch2022","2026-08-18 19:48:12",749.0,2,moviewatch2022
5102,16698942,"PRADHAN RS","2026-08-13 18:06:58",748.2,2,pradhanrs
5103,16733121,saturnliu,"2026-09-10 17:20:24",747.9,2,saturnliu
5104,16669778,UknesIruka,"2026-09-18 18:30:56",747.9,2,uknesiruka
5105,16712651,riicon,"2026-09-29 14:35:48",747.9,2,risakashiwabara
5106,16663820,taka,"2026-09-16 22:06:10",747.5,2,takaakiishi
5107,16668334,Suavemango,"2026-08-12 05:18:03",747.5,2,suavemango
5108,16691591,"Dheeraj Kumar #3","2026-08-12 04:05:32",746.9,2,kdheeraz
5109,16640869,taijunhao,"2026-08-12 10:26:30",746.8,2,taijunhao
5110,16709300,炫酷的小克里斯,"2026-08-19 15:54:28",746.4,2,tinfufans
5111,16784719,"Ayush Shekhar","2026-09-26 06:32:29",746.3,2,ayushshekhar56
5112,16697142,Kujaomega,"2026-08-10 22:13:02",746.1,1,kujaomega
5113,16657429,"xiao cat q","2026-08-12 01:41:13",745.9,2,xiaocatq
5114,16687594,"Andrew Markley","2026-08-13 01:19:04",745.8,2,andrewmarkley1
5115,16662213,"Yang Zong-Yu phD","2026-09-30 13:20:32",745.7,2,yangzongyuphd
5116,16659803,nRuaif,"2026-08-22 02:47:10",745.6,2,phngdoan
5117,16706825,"Niranjana Vincent ","2026-09-23 01:06:38",745.2,2,nj54425
5118,16661983,"Victor's Team","2026-08-12 12:05:19",745.0,2,"dlordsjustified,jezrealmomoh,joludare,victorokpe"
5119,16688265,"Kyle #2","2026-08-11 01:51:35",745.0,2,georgeturbo
5120,16807134,"Chaowei Liang","2026-09-09 01:53:25",744.8,2,chaoweiliang
5121,16633886,mudesteven,"2026-08-16 02:54:25",744.7,2,fastlight2007
5122,16705584,"Adil Munawar","2026-08-29 21:18:33",744.7,2,adilmunawar
5123,16656181,Vishwa,"2026-08-11 05:46:58",744.5,2,rv1922
5124,16655715,Chin,"2026-08-12 06:20:32",744.5,2,qinyukun
5125,16633006,Kaiser,"2026-09-01 06:36:38",744.4,1,kaiserm
5126,16665230,"Jack Burley","2026-09-29 15:09:21",744.3,2,jackburley
5127,16688436,Zuu3scode,"2026-08-12 15:19:16",743.6,2,zuu3scode
5128,16780558,hxrdxk,"2026-08-29 18:36:48",743.6,2,hxrdxk
5129,16683441,Eura73,"2026-08-21 08:07:47",742.8,2,eura73
5130,16656948,"alexander kern","2026-08-24 18:02:17",742.8,2,alexanderkern
5131,16656691,"Sahaj Deep Singh","2026-08-12 01:39:36",742.7,2,sahajdeepsingh9877
5132,16660911,"Animesh Ratna","2026-08-23 22:01:35",742.4,2,animeshratna
5133,16728633,draven,"2026-09-12 07:35:01",742.4,2,ustchx
5134,16655210,Amon,"2026-08-16 06:09:04",742.0,2,kingaemon
5135,16726422,"Praveen Kumar","2026-08-29 11:25:55",741.9,2,pankajrepswal
5136,16941176,"Jesse #2","2026-09-29 15:01:42",741.4,2,atjesse
5137,16890654,"Niloofar Y.","2026-09-24 17:12:56",741.4,2,niloofaryoonesi
5138,16672075,"Kameron Green","2026-08-11 05:49:32",741.1,2,hgenix20
5139,16694744,XiaoZhiren,"2026-08-10 13:03:56",740.8,2,"ruikangan,xiaozhiren"
5140,16664481,"Siddhu Jaykay","2026-08-12 14:02:29",740.7,2,siddhujaykay
5141,16696608,beanbamboozled,"2026-08-10 10:45:19",740.6,2,beanbamboozled
5142,16684852,後藤将斗,"2026-08-24 14:51:20",740.3,2,masato09
5143,16690829,JeremyH43,"2026-08-16 00:06:30",739.8,2,jeremyh43
5144,16719551,JamesYip7,"2026-08-20 10:24:50",739.7,2,jamesyip7
5145,16745264,wpang,"2026-09-25 00:08:24",739.3,2,wangshu
5146,16793300,n470,"2026-09-30 23:18:33",739.1,2,spacedebris634
5147,16677723,"Trip Meiners","2026-09-22 14:40:41",739.0,2,tripmeiners
5148,16705192,"John Ogah","2026-08-16 03:54:21",739.0,2,johnogah
5149,16693925,"Francisco Corredor","2026-09-30 12:33:06",738.3,2,franciscocorredor
5150,16912040,YUYAN457,"2026-09-18 08:13:27",738.2,2,yuyan457
5151,16823204,"Adilson Eduardo Tostes Carmo","2026-09-29 23:16:59",738.1,2,eduardotostess
5152,16665058,"Llin Ding","2026-09-28 03:25:00",737.6,2,"greatneuro,llinding"
5153,16817309,"TeddyDog Lovely","2026-09-03 10:44:15",737.5,2,teddydoglovely
5154,16848998,yiweigan,"2026-09-22 13:17:52",737.5,2,yiweigan
5155,16659662,MOHSIN525,"2026-09-01 15:43:49",737.5,2,mohsin525
5156,16660594,XIAODOUZI,"2026-08-17 12:06:50",737.1,2,xiaodouzi666
5157,16706523,"Aussie lover","2026-09-30 11:13:26",737.1,2,aussielover
5158,16709473,"Selahattin Günter","2026-08-23 14:07:42",737.0,2,selahattingnter
5159,16624625,"Harsha Vardhan","2026-08-10 07:33:35",736.9,2,harshacode101
5160,16702909,SG4265,"2026-09-07 21:14:54",736.7,2,sg4265
5161,16823736,"Logan Seitz","2026-09-09 15:07:29",736.1,2,loganseitz26
5162,16622487,"Sam kramer_1028","2026-08-18 09:40:58",736.1,2,samkramer1028
5163,16635330,tekatoncat,"2026-08-16 23:42:10",736.0,2,tekatoncat
5164,16644378,"hicham bedrani","2026-09-29 23:22:46",736.0,2,hichambedrani
5165,16780967,"black hole sun","2026-09-01 02:25:21",733.8,2,danielefiorino
5166,16904681,yzhaolabs,"2026-09-20 10:26:40",733.7,2,zhaoyuanzhen
5167,16830784,栀蓝thy,"2026-09-15 10:03:44",733.7,2,tianhaoyuan86
5168,16692970,LakoMoor,"2026-08-09 17:43:25",733.5,2,lakomoor
5169,16761975,lixiuqixiaoke,"2026-08-26 09:59:11",732.6,2,lixiuqixiaoke
5170,16926026,"Michael Pamurahardjo","2026-09-29 23:59:02",732.1,2,michaelpamurahardjo
5171,16925552,JacobQIQI,"2026-09-22 13:58:21",731.8,1,jacobqiqi
5172,16683982,Kenny,"2026-08-16 19:43:13",731.5,2,kmonar
5173,16796445,"Md Aminul Islam","2026-09-30 23:15:27",731.4,2,aminulabir
5174,16666282,"Bang sion","2026-08-22 10:06:06",730.3,2,bangsioni
5175,16660385,"Jose Santiago Echevarria","2026-08-25 12:02:45",730.1,2,jmsechevarria
5176,16643233,"Marco DG","2026-08-11 06:20:14",729.8,2,marcodg
5177,16723262,"Tiago OliveiraLL","2026-09-30 23:19:47",729.6,2,tiagooliveirall
5178,16808116,WWAWW,"2026-09-15 03:47:37",729.5,2,masatowaragai
5179,16732008,"Phoebe Lin","2026-09-05 01:05:06",729.0,2,phoebe0511
5180,16698735,Larfii,"2026-08-21 18:01:02",728.6,2,larfii
5181,16700314,Giallar,"2026-08-14 16:45:53",728.5,2,andreykrotkikh
5182,16694065,zhangwei02,"2026-08-30 09:29:12",728.1,2,zhangwei02
5183,16701221,"Othman Istaiteh","2026-08-10 13:25:38",728.0,2,istatieh
5184,16671837,"Ronald K Wilson ","2026-09-21 14:14:14",727.9,2,ronaldkwilson
5185,16662718,xlnt,"2026-08-22 12:37:49",727.0,2,"princebisht,xlnt404"
5186,16655323,roma,"2026-08-09 19:49:51",726.8,2,mnroma
5187,16880045,"Underground Farmers","2026-09-13 13:04:19",726.2,2,xavierwi
5188,16671174,Alexandre008,"2026-08-09 12:29:49",726.2,2,alexandre008
5189,16656316,"Richard Tang","2026-08-11 01:09:34",726.1,2,richardgtang
5190,16650485,nasu726,"2026-08-13 13:51:20",726.0,2,nasu726
5191,16940857,"Melon Man","2026-09-26 11:58:55",725.9,2,alvinandrada
5192,16676275,Scorpi,"2026-08-12 01:34:25",725.8,2,scorpi
5193,16656515,"Rushal Manandhar","2026-09-26 05:41:31",725.6,2,rushalmanandhar
5194,16675582,DavidX,"2026-08-11 06:05:18",725.0,2,davidasx
5195,16773964,trung,"2026-09-30 10:53:21",725.0,2,trung2006
5196,16731924,CuddleYokai,"2026-08-19 10:57:11",725.0,2,cuddleyokai
5197,16635238,"Tai Tien Ta","2026-09-03 03:25:55",724.9,2,tittin
5198,16702482,"Carlos Navarro","2026-08-14 05:26:26",724.9,2,navarr0
5199,16658746,marinxbt,"2026-09-11 14:18:24",724.8,2,marinxbt
5200,16664242,"Alex Lee","2026-08-11 03:43:12",724.6,2,aiexanderr
5201,16831372,"Hazel caviar","2026-09-05 08:07:40",724.3,2,hazelcaviar
5202,16760247,kriskur123,"2026-09-15 14:23:38",724.2,2,kriskur123
5203,16711204,"harden james","2026-08-12 08:00:14",724.1,1,ffusername
5204,16659618,"Jeevan Jolly","2026-08-13 13:51:52",724.0,2,jeevanjolly
5205,16736816,LLE,"2026-08-22 16:50:40",723.9,2,"rajaditya01,saiash"
5206,16689471,wenjinyang,"2026-08-11 13:32:09",723.6,2,wenjinyang
5207,16760101,"Big Moo","2026-08-25 00:52:06",723.3,2,abdullahramadan1
5208,16661249,Yaohui,"2026-08-26 14:59:02",723.2,2,yaohui85
5209,16672660,"Straw Hat","2026-08-11 06:14:47",723.1,2,"anuragugargol,tanishafagare114"
5210,16639236,"Dhavan Shah","2026-08-12 18:20:38",723.1,2,dhavanshah99
5211,16664409,"Kathi Munishwar","2026-08-09 03:37:05",722.3,1,kathimunishwar
5212,16665935,eternitywinner,"2026-08-08 14:41:53",722.1,2,eternitywinner
5213,16786082,"Noberto Frota","2026-09-30 21:48:53",721.2,2,nobertofrota
5214,16695903,cerensukaramese,"2026-08-14 09:18:05",721.0,2,cerensukaramese
5215,16623461,MightyK,"2026-08-09 05:36:23",720.8,2,anhhkhoi
5216,16658875,"Noah Bishop","2026-08-10 09:56:34",720.2,2,noahbishop1
5217,16666632,to1_10i,"2026-08-19 20:27:42",720.0,2,to110i
5218,16624253,DTrieu,"2026-09-25 13:46:55",719.7,2,hodinhtrieu
5219,16732140,Miaa1526,"2026-08-24 08:58:42",719.4,2,miaa1526
5220,16696852,MYGEMER,"2026-08-09 15:43:13",719.3,1,mygemer
5221,16624088,Pomiro,"2026-08-11 04:41:24",719.2,2,pomiro
5222,16672980,"Thomas Prinz","2026-08-09 13:57:51",719.2,2,xardiphotography
5223,16653153,Gbining,"2026-09-23 15:25:35",719.0,2,gbining
5224,16660101,Zarathustra,"2026-08-12 02:48:18",719.0,2,rezkyadytama
5225,16726173,"Aman Bihari","2026-08-23 12:51:05",718.6,2,amanbihari
5226,16746592,Harvester,"2026-08-21 13:57:05",718.5,2,yudhis16
5227,16675305,"Justin Sabu Sebastian","2026-08-22 23:19:57",717.7,2,justinsabusebastian
5228,16866155,gomamonaka,"2026-09-12 10:10:10",717.6,2,gomamonaka
5229,16660259,Marcus,"2026-08-08 17:23:34",717.3,2,marcuseno
5230,16691275,"Muhiminul Islam   Mahim","2026-08-12 10:04:35",716.9,2,muhiminulislammahim
5231,16663780,"Hamza Kanice","2026-08-09 00:08:11",716.6,2,hamzakanice
5232,16923114,Pruthvij08#,"2026-09-19 06:44:33",716.5,2,pruthvij08
5233,16639476,耶✌,"2026-08-30 19:52:36",716.5,1,qifeihhh666
5234,16667124,"Chaotic Era","2026-08-12 01:26:13",716.4,2,sani84
5235,16732679,argon,"2026-08-19 08:32:47",716.2,2,argonlabs
5236,16679519,"Петьо Лазаров","2026-08-10 22:30:35",715.5,2,pesosz
5237,16632113,"Any Things","2026-09-29 21:21:09",714.5,2,anythingsj3fare767
5238,16670545,"Mouad AIT HA","2026-08-18 20:03:55",714.4,2,mo0103
5239,16654122,"Peter Thompson","2026-08-10 17:59:36",714.3,2,mightytreefolk
5240,16676043,"Tejash Rai","2026-08-14 07:16:01",714.3,2,tejashrai
5241,16630372,Q.qlmmm,"2026-08-24 18:25:02",714.0,2,qlammi
5242,16692883,coolguy,"2026-08-08 20:56:21",713.6,1,vihangpagare334
5243,16862705,karlmorg37,"2026-09-30 23:12:14",713.6,2,karlmorg37
5244,16830531,"Nikos Chatzinikolaou","2026-09-24 14:53:07",713.1,2,nikoschatzinikolaou
5245,16676911,"Michał Ścibak","2026-09-29 16:35:23",712.7,2,michacibak
5246,16670202,"Elizabeth Park","2026-08-09 20:33:17",712.6,2,elizabethpark
5247,16666686,yolo,"2026-09-30 10:12:33",712.5,2,avin55
5248,16889300,"Chris McCarthy","2026-09-23 08:20:29",712.2,1,chrismccarthy
5249,16655076,"Tita Kongolo","2026-08-08 09:08:57",712.2,2,titakongolo
5250,16683036,"Ritesh Thawkar","2026-08-14 08:34:08",712.1,2,riteshthawkar
5251,16907268,"Ilya Fedorov","2026-09-19 16:29:53",712.0,2,sorrow321
5252,16695182,"Ali Haydar Özdağ","2026-08-10 14:29:59",711.9,2,ahoirg
5253,16652827,"Rob C","2026-08-14 03:04:30",711.9,2,robertcheah
5254,16705441,CooperJiang,"2026-08-13 06:57:44",711.8,2,gingersna
5255,16675981,"Luca R","2026-09-29 00:05:47",711.8,2,luck058
5256,16679848,Nikola010,"2026-08-13 16:29:19",711.7,2,nikola010
5257,16815105,"Saurav Chaudhari","2026-09-03 08:46:53",711.7,2,saur3x
5258,16659610,gareeb,"2026-08-10 15:46:50",711.6,2,"arjund29,saqlainsqx,yashawl194"
5259,16869317,Pikachuexeallen,"2026-09-12 19:46:36",711.6,2,pikachuexeallen
5260,16720234,Aditya109,"2026-09-08 05:20:00",711.6,2,"aditya109,tathagattyger"
5261,16683909,"Krzysztof ""Chris"" Karaszewski","2026-08-14 08:41:11",710.8,2,futureofworkchannel
5262,16698071,nixotrix,"2026-09-07 21:16:50",710.7,2,nixotrix
5263,16671666,showtree,"2026-09-02 01:53:55",710.6,2,showtree
5264,16893333,Chista,"2026-09-17 23:10:55",710.6,2,"amirelite,asimir"
5265,16684639,Bru3ll,"2026-08-09 15:50:45",710.4,2,bru3ll
5266,16664283,"Nguyễn Hữu Công","2026-08-07 05:24:48",710.3,2,nguynhucng
5267,16667479,"Leon Christians","2026-09-13 17:12:37",710.1,2,leonchristians
5268,16624485,"Nishant Dahal","2026-08-10 02:24:42",709.9,2,nishantdahal
5269,16659585,"Anas Riaz","2026-08-08 20:20:23",709.0,2,anasriaz
5270,16795676,cold_star,"2026-09-04 03:54:22",708.9,1,a406161167
5271,16711725,meatori-nu,"2026-09-05 13:40:48",708.9,2,meatorinu
5272,16731259,"Manvik singh rathore","2026-08-30 17:18:55",708.6,2,manviksinghrathore
5273,16670406,"jessica jennifer","2026-08-20 15:55:41",708.5,2,jessicajennifer
5274,16658278,"Malcolm Durosaye","2026-09-17 12:31:05",708.5,2,malcolm95
5275,16696208,"kazwzn S","2026-09-22 12:06:22",708.3,2,kazwzns
5276,16663678,"Fabiano Adelino","2026-09-25 14:48:28",708.2,2,fabianoadelino
5277,16672629,"Alex Boyd","2026-09-06 15:37:19",708.0,2,alexrayboyd
5278,16657598,"Arun Mallikarjuna","2026-08-10 04:29:14",707.9,2,arunmallikarjuna
5279,16847456,waHAHA,"2026-09-07 09:53:07",707.8,1,wangshen1994
5280,16670117,"Raj Aryan","2026-08-07 18:15:04",707.8,2,rajaryan2503
5281,16644150,"J.M.Mubasshir Rahman","2026-08-09 17:15:01",707.7,2,jmmubasshirrahman
5282,16724556,"Yixiang Wu","2026-09-27 22:08:39",707.6,2,yixiang964
5283,16633276,"Nolan Liang","2026-08-09 03:26:47",707.4,2,iamlkn
5284,16671314,"Robot Farm","2026-08-29 16:54:23",707.4,2,codearranger
5285,16847300,"Lam PayGi","2026-09-08 02:02:17",707.4,2,lampaygi
5286,16680646,Naym0425,"2026-08-14 04:20:36",707.2,2,naym0425
5287,16697694,"Adithya Thiruvalluvan","2026-09-30 22:38:26",707.1,2,forestfire7
5288,16654027,shiv,"2026-09-30 23:19:31",706.8,2,shivaurora
5289,16653208,FabienDaniel,"2026-08-07 10:17:38",706.8,2,fabiendaniel
5290,16676038,"Adyanth M","2026-08-09 05:12:40",706.6,2,adyanthm
5291,16675752,"Simon Rüba","2026-08-10 14:23:16",706.6,2,simonrba
5292,16676025,"Csaba József","2026-08-31 19:31:00",706.0,2,"jcsaba,peterkiss4"
5293,16838800,"LEE Dailun","2026-09-09 13:59:27",705.8,2,peterccll
5294,16660613,今日洗澡明日香,"2026-08-07 09:58:49",705.8,2,"jasperkag,ryjiang,timmengzh,yningc"
5295,16656347,OctahedronBB,"2026-08-07 00:52:27",705.8,2,octahedronbb
5296,16923138,"Davi Santos","2026-09-26 17:31:44",705.6,2,davissantos1
5297,16698467,"Ra'uf Fauzan Rambe","2026-08-10 04:29:13",705.4,2,rauffauzanrambe
5298,16643193,"Shoroogh Ahmadi","2026-08-13 10:36:43",705.2,2,shorooghahmadi
5299,16666301,"James Felipe","2026-09-03 05:42:24",705.0,2,jamesfelipe
5300,16729472,"Boris Pletenev","2026-08-16 17:23:56",704.8,1,borispletenev
5301,16671403,"Alex Karpowicz","2026-08-08 18:36:52",704.7,2,alexkarpowicz
5302,16910408,Yuumi080911,"2026-09-20 09:42:09",704.6,2,"haiyunzhang,yuumi080911"
5303,16749776,DataLover,"2026-08-20 16:34:37",704.6,1,paulknidler
5304,16638998,"khalid harouach","2026-09-17 13:32:02",704.6,2,khalidharouach
5305,16881964,"Vipeen Kumar","2026-09-21 06:20:46",704.5,2,vipeen
5306,16661899,AAI,"2026-08-09 14:23:08",704.5,2,aiolapo
5307,16657957,"Mounika Kommireddy","2026-08-08 07:57:32",704.4,2,mounikakommireddy
5308,16665500,"Madan kumar","2026-08-13 17:31:57",704.3,2,winklemad
5309,16685828,Ztr0,"2026-08-09 05:53:10",704.1,2,y1amadeus
5310,16694751,im_justmatthew,"2026-08-10 11:27:00",704.1,2,imjustmatthew
5311,16713031,"Nahid Hossain Redom","2026-08-13 15:38:30",704.0,2,nahidhossainredom
5312,16692677,"Ashish Dubey","2026-08-10 06:17:34",703.9,2,ashish124536
5313,16665976,"Daksh Goyal","2026-08-08 20:36:06",703.8,2,dakshgoyal387
5314,16663928,Auxileon,"2026-08-09 16:20:13",703.7,2,auxileon
5315,16673179,"Muhammad Faraz Aftab","2026-08-09 10:18:58",703.6,2,muhammadfarazaftab
5316,16661707,"Rudolf HOUNLETE","2026-08-09 11:41:08",703.3,2,queystanle
5317,16639496,"Sai Teja Bandaru","2026-08-11 14:51:49",703.3,2,saitejabandaruin
5318,16713590,"Александр Арутюнян","2026-08-13 05:20:18",703.2,2,alexarut17
5319,16664666,"Rheal Thomas","2026-08-21 19:29:44",703.1,2,rhealthomas
5320,16656934,"Aleks Kolesnik","2026-09-30 22:34:35",703.0,2,aleksandrkolesnik
5321,16684762,X-xuhui,"2026-08-08 10:07:58",702.9,2,xxuhui
5322,16685990,VictorAndrew,"2026-09-05 22:20:04",702.8,2,vicktvr
5323,16634174,phibkro,"2026-08-07 03:10:52",702.7,2,phibkro
5324,16694317,"PRITIKA SA","2026-08-09 07:17:19",702.4,2,pritikasa
5325,16674977,BarbateP,"2026-09-30 19:22:26",702.2,2,barbatep
5326,16640582,Attension_Seeker,"2026-08-10 06:57:51",702.2,2,aisipu
5327,16679347,"Youssef EL MSIYAH","2026-08-09 12:07:55",702.0,2,youssefelmsiyah
5328,16742442,"Anton Dugin","2026-08-21 09:51:07",701.0,2,antondugin
5329,16681480,"Kevin Nguyen","2026-08-14 18:16:29",700.9,2,haidangnguyen1802
5330,16655763,"Diogo Sena","2026-08-22 17:08:45",700.5,2,diogodmsena
5331,16631101,"Muneeb ul Hassan","2026-08-10 09:56:41",700.4,2,muneeb2405
5332,16652741,"Sergi Bas","2026-09-23 16:29:27",700.3,2,sergibas
5333,16729800,"Alchemical Retard.","2026-08-20 07:28:07",699.9,2,alchemicalretard
5334,16653984,"Howard Lyu","2026-08-08 18:35:00",699.6,2,howardlyu
5335,16789865,AgroByte-dev,"2026-09-02 14:39:25",699.5,2,ylyasyylkybayev
5336,16630441,"yjhv buddies","2026-08-07 09:50:05",699.4,2,bender1123123
5337,16658173,Tamizharuvi,"2026-09-19 08:42:47",699.2,2,tamizh1
5338,16658213,"Ahmet Abdullah Gültekin","2026-09-30 21:20:05",699.2,2,abdullahgultekin
5339,16668029,Timbo615,"2026-08-07 11:56:21",698.9,2,timbo615
5340,16671372,"Meet Sabhaya","2026-08-08 06:02:13",698.9,2,meetsabhaya
5341,16669930,"Ilya Klimanov","2026-08-25 13:30:13",698.6,2,ilyaklimanov
5342,16724895,russ,"2026-08-19 08:55:30",698.2,2,mdevian
5343,16688732,"sAIzeria Harness","2026-09-30 23:24:12",698.1,2,"gnux1408,tanakaai24"
5344,16734490,Tomeiser,"2026-09-24 11:23:16",698.1,2,tomeiser
5345,16641535,Tutti,"2026-09-06 15:16:23",697.8,2,malk271828
5346,16702796,Yavuz.YILMAZ,"2026-09-30 21:54:39",697.5,2,yvztpe
5347,16664179,animelonerboy,"2026-08-09 15:52:55",697.2,2,adambasa5
5348,16717114,uninhibited-scholar,"2026-09-30 23:27:07",696.7,2,uninhibitedscholar
5349,16659529,"Sanchit Jain","2026-09-27 12:46:58",696.6,2,sanchit1609
5350,16688898,"Sanskar Omar","2026-08-09 11:10:44",696.5,2,sanskaromar7
5351,16683439,Goober,"2026-08-10 19:46:41",696.2,2,kongzhisyuen
5352,16684568,"[ODS] waniz","2026-08-08 11:04:42",696.2,1,wanizz
5353,16784056,"anh nông dân may mắn","2026-09-30 16:57:03",696.2,2,nguyen1tri
5354,16783131,Hawkeye,"2026-09-03 07:15:17",696.0,2,pragneshbagary
5355,16678288,"Speedrun retirement","2026-08-30 18:59:23",695.8,2,"josephkimanikamau,nanducode"
5356,16845420,"Terrance Luangrath","2026-09-08 05:41:53",695.7,2,tksluangrath
5357,16764419,"Leo #2","2026-08-30 08:17:12",695.4,1,nanlihao
5358,16858849,"Mark Diamond","2026-09-13 22:11:38",694.8,2,ponkle
5359,16841445,Challo,"2026-09-26 02:28:49",694.6,2,germantardioperez
5360,16672520,"Nah I'd win","2026-08-07 08:09:12",694.6,2,asutriy
5361,16679237,"Danilo Sepúlveda","2026-08-06 21:26:28",694.4,1,daniloseplveda
5362,16693374,"Henfry De Los Santos","2026-08-12 11:43:51",694.3,2,henfrydelossantos
5363,16758431,"Mathews Jere","2026-08-26 18:10:25",694.1,2,mathewjere
5364,16635890,Poojan,"2026-08-06 09:44:47",694.0,2,poojankumartandel
5365,16665256,zhoujqi,"2026-08-06 18:31:31",694.0,2,zhoujqi
5366,16687463,"Manolo Chow","2026-08-09 22:56:20",694.0,2,manolochow
5367,16645078,"A Aswanth Raj","2026-08-09 08:57:36",693.8,2,aaswanthraj
5368,16660537,Furina,"2026-08-08 13:52:01",693.7,2,cjlcjlcjl
5369,16639606,Peach2587,"2026-08-12 03:19:13",693.7,2,momokayoshioka
5370,16662592,"Vladislav Yushkevich","2026-08-09 14:54:24",693.7,2,"crazyflyingsheep,vladislavyushkevich"
5371,16667245,"KAIWALYA RAUT","2026-08-09 09:04:25",693.6,2,kaiwalyaatulraut
5372,16830079,"Quan Vu","2026-09-04 11:35:57",693.4,2,quan0095
5373,16657989,"vishnu gopal P","2026-08-08 12:27:56",693.2,2,vishnugp
5374,16690897,"Ashok Kumar Garain","2026-08-08 13:26:11",693.2,1,ashokkumargarain
5375,16635781,wacata,"2026-08-19 14:53:05",693.0,2,wacata
5376,16624003,weedfarmer,"2026-08-08 05:34:16",692.8,2,aleksanderhan
5377,16905921,关注塔菲喵,"2026-09-16 16:11:46",692.5,2,zuberi05
5378,16668758,"Aman Vishwakarma","2026-08-09 17:33:00",692.3,2,amanvishwakarma01
5379,16678506,SireeshLimbu,"2026-08-08 08:39:43",691.8,2,sireesh
5380,16662730,Operator-X,"2026-08-08 10:06:04",691.8,2,"jpexee,lavlinjaisonme23b250"
5381,16661739,"Spandan Mhapsekar","2026-08-08 10:39:41",691.8,2,spandanmhapsekar
5382,16683852,"Abhiram Anil","2026-08-08 06:26:11",691.6,2,abhiramanil
5383,16692469,neoistheone,"2026-08-08 18:38:13",691.6,1,neoistheone
5384,16666625,"Nguyen Ngoc Thien","2026-08-07 16:12:04",691.5,2,ngocthienai
5385,16665529,Venneth,"2026-08-08 12:32:20",691.4,2,venneth
5386,16634468,"Kun Zhang","2026-09-01 11:38:47",691.3,2,beicicc
5387,16632446,"Abdul Wahab Khan","2026-08-06 04:53:37",691.3,1,abdulwahab2321
5388,16639280,"Faruk Çiftler","2026-08-09 11:27:46",691.1,2,abdullahfaruk
5389,16660430,"Hassaan Ibrahim","2026-08-10 12:45:55",691.0,2,hassaanibrahim
5390,16623189,"Aditya Mishra","2026-08-09 03:42:06",690.9,2,adityamishranika
5391,16670065,"Artyom Sayapin","2026-09-22 16:26:22",690.8,2,spielmeister
5392,16671033,"Alexandr Shustikov","2026-09-30 23:23:38",690.8,2,alexandrshustikov
5393,16792989,ALKRIS,"2026-08-31 14:35:26",690.6,2,wasimjbuh
5394,16854347,"Arul Gandhi","2026-09-12 10:19:13",690.4,2,arulgandhi
5395,16630249,"Aymar Avohoueme","2026-08-20 10:22:33",690.4,2,aymaravohoueme
5396,16666826,"Simone di costanzo","2026-08-07 19:38:11",690.2,2,simonedicostanzo
5397,16934428,shib,"2026-09-24 18:37:26",689.9,2,shibendum
5398,16673002,xubenzheng,"2026-08-07 15:40:31",689.9,2,xubenzheng
5399,16639645,RamenBoy,"2026-09-08 14:38:35",689.8,2,ramenboyjapan
5400,16659958,brainpick,"2026-08-24 21:54:50",689.6,2,prathvirajpalekar
5401,16732048,jiangletian,"2026-09-29 23:16:00",689.3,2,jiangletian
5402,16661100,"Muhammad Junaid","2026-09-06 21:24:50",688.9,2,junaid512
5403,16642579,"Desyat IO","2026-08-09 17:31:59",688.4,2,desyatio
5404,16720913,Candidates,"2026-09-28 12:41:35",688.3,2,"ulyanovmmm,vladimirarchipov"
5405,16742239,"Benny Joseph","2026-09-17 13:06:06",688.3,2,pbennyjoseph
5406,16760841,KIsXcl,"2026-08-24 14:34:11",688.2,2,kisxcl
5407,16736429,Rudra278,"2026-08-18 12:07:42",688.1,1,rudra278
5408,16660091,bcTiann,"2026-08-06 05:55:54",688.0,2,bctiann
5409,16670807,mannogun,"2026-09-04 23:15:49",688.0,2,arcanejumper
5410,16667606,Manifolds1,"2026-08-06 16:36:46",687.5,2,ptrakuldit
5411,16670040,galaxyhunter,"2026-08-17 19:22:06",687.4,2,pkharkwal
5412,16655098,"Brotron Carbide","2026-09-30 23:24:09",687.4,2,brotroncarbide
5413,16676677,"Clark Stéphane","2026-08-07 18:58:45",686.8,2,clarkstphane
5414,16680075,I_luv_magick,"2026-08-07 09:50:30",686.7,2,iluvmagick
5415,16668034,ggggalaxy,"2026-08-28 04:56:40",686.4,2,ggggalaxy
5416,16653262,"tianwen zhang1","2026-08-08 16:21:18",686.3,2,tianwenzhang1
5417,16744809,"Ruben Romero Fernández-Monge","2026-08-25 18:00:39",686.2,2,salieri7
5418,16670671,"TAUIL Abd Elilah","2026-08-11 01:17:39",686.0,2,tauilabdelilah
5419,16670361,"Saud Saudesen","2026-08-15 22:16:42",686.0,2,saudsaudesen
5420,16682182,"himanshu chauhan2406","2026-09-26 11:54:31",686.0,2,himanshuchauhan2406
5421,16660555,"Nguyễn Nhật Thanh","2026-08-07 03:45:29",685.9,2,nguynnhtthanhhhhh
5422,16681226,"tingting shen","2026-08-10 09:24:23",685.8,2,tingtingshen99
5423,16665898,chengsongtao,"2026-08-23 00:12:59",685.8,2,cheng618
5424,16682336,"Çınar Efe Yetişen (Student)","2026-08-19 08:29:20",685.5,2,narefeyetienstudent
5425,16935826,Ayush,"2026-09-27 10:52:22",685.5,2,"aniketchonu,ayush20081303"
5426,16644508,"Vandana Pathania","2026-09-30 17:56:21",685.0,2,vandanapathania
5427,16655497,cszf_first,"2026-08-09 02:06:46",684.8,2,cszffirst
5428,16651613,"Devin Zhou","2026-08-05 02:27:36",684.5,2,devinzhou
5429,16705242,"Chonghao Peng","2026-09-04 21:45:52",684.4,2,chonghaopeng
5430,16732722,Kusanagi,"2026-08-24 21:52:54",684.4,1,kusanagiap
5431,16782792,"[Deleted] bdc3c175-811b-438f-9c3a-c2d9c80c106a","2026-08-29 07:16:45",684.3,2,del=e8b93c44cf962f9e
5432,16853733,Eugene,"2026-09-27 14:29:46",684.1,2,eugenejyuan
5433,16668545,Ronty00,"2026-08-06 08:24:07",684.0,2,ronty00
5434,16656118,Mutte1904,"2026-08-07 05:03:56",683.9,2,mutte1904
5435,16667091,"Nico Feiler","2026-08-07 14:27:47",683.9,2,nicofeiler
5436,16698822,JJN8825,"2026-09-26 16:38:20",683.7,2,jjn8825
5437,16658670,EveryJust,"2026-08-07 08:33:35",683.4,2,"everyjust,zfc666wsnd"
5438,16662161,"Touhidul Alam Seyam","2026-08-10 12:39:51",683.1,2,seyamalam
5439,16623485,XtraLearning,"2026-08-09 17:10:36",683.0,2,xcessivesmash
5440,16661362,BEETRiX🦋,"2026-09-30 19:40:07",682.6,2,johannaleighdeley
5441,16665353,Sakshamm2587,"2026-08-17 16:50:43",682.1,2,sakshamm2587
5442,16688579,"Long Hu","2026-08-09 09:41:04",681.9,1,longhul
5443,16724269,lava,"2026-09-25 13:51:26",681.8,2,fanxiaozhen
5444,16676283,jnurik,"2026-08-07 17:24:01",681.4,2,nurdauletmoldik
5445,16665015,"laiba razzaq10","2026-08-07 14:21:49",681.2,2,laibarazzaq10
5446,16677240,"Jeevan Malla","2026-08-07 07:37:46",680.9,2,jeevanmalla
5447,16939419,goat,"2026-09-30 18:28:35",680.6,2,vinhdang2006
5448,16659525,"Dang Khoa Nguyen","2026-08-17 09:51:16",680.5,2,khoadangnguye
5449,16665431,"Monojit Nandy","2026-08-06 11:50:38",680.2,2,vedarthmn
5450,16631665,"jatan sanghvi","2026-09-07 14:03:17",680.2,2,jatansanghvi
5451,16699784,nianyu,"2026-08-10 09:46:32",680.1,2,nianyuc
5452,16665561,LuoXingda,"2026-08-07 08:22:42",680.0,2,luoxingda
5453,16669518,Galagala,"2026-08-07 18:35:59",679.9,2,b12705059
5454,16640332,"ning gu","2026-08-21 00:01:22",679.7,2,morninggu
5455,16665169,"Rahul Barakoti ITM","2026-08-07 10:58:30",679.7,2,rahulbarakotiitm
5456,16784731,Alfred,"2026-09-20 21:54:16",679.6,2,holleyalfred
5457,16679683,Aberrchan,"2026-08-08 17:44:32",679.6,2,aberrchan
5458,16655156,"Pranjal Ranjan","2026-08-06 23:58:43",679.5,2,pranjalranjan299
5459,16666609,"visit palja.co","2026-08-15 03:34:49",679.4,2,sselrats
5460,16644552,Keanan,"2026-08-08 11:35:17",679.3,2,citerne
5461,16793895,"Moh Notif","2026-09-30 15:24:10",679.2,2,mohnotif
5462,16677188,Nicooni,"2026-08-06 16:35:01",679.1,1,nicooni
5463,16624977,Avikumar93801,"2026-08-11 05:55:19",678.7,2,avikumar93801
5464,16658384,UwU,"2026-08-10 04:20:44",678.4,2,claudesewitz
5465,16630758,"Keshav Joshi","2026-08-20 18:53:37",678.2,2,keshavjoshi22
5466,16663369,csteeve,"2026-09-26 18:25:26",678.2,2,csteeve
5467,16664890,ideal_m99,"2026-09-19 19:12:14",678.0,2,idealm99
5468,16669971,"Luka Philip","2026-08-08 16:09:32",677.8,2,lukaphilip
5469,16674550,"Jebastin Nadar","2026-08-06 10:09:16",677.8,2,samfc10
5470,16669608,"Jesy Lu","2026-08-13 16:21:53",677.7,2,jesylu
5471,16633043,"Ryan Adams","2026-09-08 23:48:54",677.7,2,ryanadamsai
5472,16811628,"Roger Yang","2026-09-08 03:12:08",677.5,2,rogerjyang
5473,16662712,"Roman Stupin","2026-08-27 23:52:01",677.5,2,rcnegby
5474,16832844,aliREZA,"2026-09-17 23:55:15",677.3,2,afazlik1
5475,16664368,"Ujjwal Reddy","2026-08-10 19:43:26",677.2,2,ujjwalreddyks
5476,16730179,anmadev,"2026-09-29 23:52:27",677.2,1,anmadev
5477,16656009,"Steven Liu","2026-08-31 06:25:02",677.1,2,thornkey
5478,16727696,Milkman,"2026-08-19 15:05:17",677.1,2,talhasahi
5479,16667714,ZhexinJiang,"2026-08-06 11:26:30",677.0,1,zhexinjiang
5480,16866109,AAA-建材批发旭哥,"2026-09-12 03:44:40",676.8,2,aaawenxu
5481,16654832,mohit,"2026-08-07 00:01:08",676.7,2,mohitvarred
5482,16930368,sillaby,"2026-09-30 19:19:33",676.6,2,sillaby
5483,16653117,"li jiaqi77","2026-08-07 05:32:06",676.5,2,lijiaqi77
5484,16668995,"MD.Firoj Khondokar","2026-08-06 11:05:13",676.5,2,mdfirojkhondokar
5485,16924499,Matterhorn3838,"2026-09-30 07:45:23",676.5,2,matterhorn3838
5486,16669273,Parag,"2026-09-28 05:24:58",676.4,2,paragkale
5487,16668357,"B.Pardha Manoj Reddy","2026-08-24 16:57:25",676.1,2,pardhamanojreddy
5488,16930968,"Harvey Zheng","2026-09-24 04:34:49",676.0,2,harveyzheng07
5489,16835621,"Atharv Santosh","2026-09-05 02:49:27",675.9,1,atharvsantosh
5490,16664565,"Wayne Chou","2026-08-05 12:30:14",675.8,2,ambientz
5491,16670058,"Dahoui Alex Armel ","2026-08-07 01:02:07",675.7,2,dahouialexarmel
5492,16681065,SYC,"2026-08-07 03:22:25",675.7,1,yichengs
5493,16762021,Dhananjai1729,"2026-09-26 12:19:33",675.5,2,dhananjai1729
5494,16818086,wwewwt,"2026-09-08 05:44:07",675.3,2,wwewwt
5495,16634078,"yoho kumedayo","2026-08-15 12:48:29",675.3,2,dorachinyastyle
5496,16680408,mochogo,"2026-08-07 05:42:33",675.2,1,mochogo
5497,16668668,"George Byne","2026-08-25 10:10:36",675.2,2,georgebyne
5498,16621802,fgwiebfaoish,"2026-08-13 12:21:54",675.1,2,fgwiebfaoish
5499,16685879,"Jack Chen lalala","2026-09-30 23:03:55",675.1,2,jackchenlalala
5500,16664827,"Jose Miguel Diez de la Lastra","2026-08-07 16:08:49",675.0,2,josemigueldiez
5501,16654626,bgsszsa,"2026-08-07 12:01:33",674.9,2,bgsszsa
5502,16654042,B.Pushpanjali,"2026-09-29 13:59:35",674.7,2,"bpushpanjali,vinithwade"
5503,16807575,Rf28,"2026-09-03 10:29:55",674.6,2,rehyyy
5504,16661229,Gena,"2026-08-04 15:18:42",674.6,2,gdonchyts
5505,16635518,"ROFIQUL ALAM SHEHAB","2026-08-09 11:49:00",674.5,2,rofiqulalamshehab
5506,16659727,shuaiqiyang,"2026-09-16 01:16:36",673.9,2,shuaiqiyang
5507,16655353,"Pablo Montenegro","2026-08-09 02:13:47",673.9,2,pablomontalb
5508,16670378,"Ari Carter","2026-08-08 23:18:02",673.6,2,aricarter
5509,16656296,Fususu,"2026-09-05 04:32:44",673.6,2,phuongncn
5510,16698538,"Haozhe Wang 2022","2026-08-24 00:50:02",673.5,2,haozhewang2022
5511,16654209,"Nirav Mehta 1612","2026-08-10 15:41:47",673.2,2,niravmehta1612
5512,16745450,GusNicho,"2026-08-24 03:30:55",673.1,2,pineapplepencil
5513,16712577,"nattapon nakakong","2026-09-22 02:49:39",672.9,2,nattaponnakakhong
5514,16668039,NotEnoughTokens,"2026-08-06 13:04:52",672.9,2,"adofai,jonghyun7777,taglink"
5515,16671407,JBro13,"2026-08-07 02:29:02",672.6,2,jbro13
5516,16713463,"Dillen Perumal","2026-08-29 16:39:37",672.3,2,dxllen
5517,16668060,"Spiros Skarmoutsos","2026-08-08 12:48:07",672.2,2,spirosskarmoutsos
5518,16668329,HakimTaoufik,"2026-08-18 13:06:18",672.0,2,hakimtaoufik
5519,16656345,sunchang71,"2026-08-05 14:05:13",671.9,2,sunchang71
5520,16643922,Konstantin03,"2026-09-07 17:03:30",671.8,2,konstantin03
5521,16654743,"Jaume Batlle i Ferrer","2026-09-25 06:18:38",671.5,2,jaumebatlleiferrer
5522,16624506,zhongtian,"2026-09-30 23:18:32",671.3,2,kmtbang
5523,16654623,"Asher Goldstein","2026-08-09 17:54:27",671.3,2,ashergoldsteincd21
5524,16658789,Zhanpeng.W,"2026-08-08 10:05:26",671.2,2,zhanpengw
5525,16729165,コーラ,"2026-08-23 07:30:40",671.0,2,cola0912
5526,16623798,RuiKimura4,"2026-08-27 00:30:45",671.0,2,ruikimura4
5527,16639043,"saroj bono","2026-08-28 18:42:55",670.9,2,sarojbono197
5528,16675027,namanbnsl,"2026-08-06 13:02:52",670.9,2,namanbnsl
5529,16639125,"Caio Coelho","2026-08-09 15:38:12",670.9,2,caio41
5530,16848841,Spacejam,"2026-09-07 16:15:52",670.7,1,spacejam1221
5531,16772626,"Dr. Mikholae Hutchinson","2026-09-05 19:48:53",670.7,2,drmikholaehutchinson
5532,16666358,"GAYATHRI SALINI","2026-08-07 07:55:26",670.6,2,gayathrisalini09
5533,16757741,"Malte Bories","2026-08-25 20:08:35",670.6,2,maltebories
5534,16625472,"luna is free！","2026-08-29 16:39:51",670.5,2,simingtan
5535,16943185,VarchaswaV,"2026-09-22 21:48:07",670.4,2,varchaswav
5536,16718916,"ROBERT SSEBAMBULIDDE","2026-08-14 19:21:24",670.4,2,robertssebambulidde
5537,16675753,Khafidin,"2026-08-12 05:16:26",670.3,2,khafidin
5538,16736559,"Team Rot-Weiß","2026-08-19 13:22:35",670.2,2,moritzpaal
5539,16658717,"Aditya Kapadia","2026-08-06 14:32:16",670.2,2,adityakapadia2003
5540,16656304,"Gururaj Athani","2026-09-12 02:26:55",669.6,2,gururajathani
5541,16734312,truebelief,"2026-09-09 00:11:41",669.4,2,truebelief
5542,16936771,"Elvis Diniz","2026-09-22 10:49:26",669.4,2,elvisdiniz
5543,16691310,"Ganesh ","2026-09-28 22:03:09",669.4,2,hotshot1798
5544,16919251,"Eric Fan","2026-09-19 19:04:44",669.3,2,ericfan1110
5545,16673155,"Babar Khilji","2026-08-06 15:55:26",669.1,2,babarkhilji
5546,16653855,"Klgv Klgv","2026-08-06 11:54:38",669.0,2,klgvklgv
5547,16896810,Xcution,"2026-09-16 18:23:35",668.9,2,gghhjjkk
5548,16876448,"Max Harvestappen","2026-09-23 05:18:56",668.1,2,ryosukefujita
5549,16894603,"Riyan Ahasan Araf","2026-09-16 02:11:59",668.1,2,riyanahasanaraf
5550,16925283,"Carlos Gallego Menor","2026-09-19 19:19:37",667.9,2,carlosgallegomenor
5551,16719793,dhuruvapriyan,"2026-08-14 16:06:42",667.9,2,dhuruvapriyan
5552,16635679,WUHAOZHE618,"2026-08-15 04:08:45",667.7,2,wuhaozhe618
5553,16660120,gktdgktdgktd,"2026-08-07 07:50:45",667.6,2,gktdgktdgktd
5554,16658684,"Takayuki Michishita","2026-09-13 11:00:03",667.4,2,takayukimichishita
5555,16886420,infoproje,"2026-09-13 12:58:25",667.1,2,infoproje
5556,16669542,Agzam,"2026-08-06 05:09:43",667.0,2,mazgag
5557,16632426,Santhana,"2026-09-26 23:27:23",666.7,2,santhanalekshmic
5558,16661410,tmxdlr,"2026-08-05 12:40:54",666.5,2,tmxdlr
5559,16659820,Accayo14,"2026-08-06 14:20:30",666.4,2,accayo14
5560,16797134,Yooho0,"2026-09-07 16:25:05",666.4,2,yooho0
5561,16663052,gh,"2026-09-13 21:30:08",666.4,2,grzegorz
5562,16655534,"Charles Mills","2026-08-06 16:40:27",666.3,2,charlesqmills
5563,16659000,xjlgg123,"2026-08-08 12:35:10",666.3,2,xjlgg123
5564,16637898,"Marek Nurzynski","2026-09-26 19:39:58",666.3,2,marek3000
5565,16670304,"Daniel Tomaro1","2026-08-09 03:03:06",666.0,2,danieltomaro1
5566,16640811,cyberia,"2026-08-02 09:12:23",665.9,1,cyberia
5567,16694399,"Sujith Kumar Sashikanth","2026-08-10 00:01:32",665.9,2,sujithsashi
5568,16699699,rudykane,"2026-08-11 16:06:34",665.8,2,rudykane
5569,16663591,"Joseph Franck","2026-08-25 10:07:56",665.8,2,josephfranck
5570,16679155,jeziorop,"2026-08-06 20:34:53",665.5,1,jeziorop
5571,16641093,"Satish ","2026-08-20 04:18:42",665.3,2,satishkommanaboina
5572,16659883,"Ahmad Hfdx5","2026-08-05 03:33:48",665.0,2,ahmadhfdx5
5573,16657942,"Gokul Prasath","2026-08-04 23:38:18",664.9,2,beastgokul
5574,16664300,"swajay nandanwade","2026-08-05 04:57:10",664.5,2,swajaynandanwade
5575,16742806,"Oğuz Karabulut","2026-09-11 07:47:41",664.2,2,ouzkarabulut
5576,16641326,IY,"2026-08-05 19:27:31",664.0,2,irotrader
5577,16655339,harmo-miu,"2026-08-23 05:57:37",663.8,2,harmomiu
5578,16650701,"Oliver Wang","2026-08-03 16:17:36",663.7,2,oliverwang15
5579,16684470,"Soumi Ghosh","2026-08-11 10:59:07",663.6,2,soumighosh911
5580,16690889,"B A S E L #","2026-08-08 14:47:22",663.2,2,basselll
5581,16644861,"kanzaler ensemble","2026-08-11 14:30:36",663.2,2,kanzalerensemble
5582,16632686,strike,"2026-08-06 06:21:38",663.2,2,nicolia
5583,16629983,Amundsen,"2026-08-05 06:51:46",663.1,2,amundsen
5584,16667101,SundharSteyn,"2026-09-23 16:27:30",663.0,2,sundharsteyn
5585,16689084,Tam1m,"2026-08-29 09:56:39",662.9,2,booleanwolf
5586,16677965,felipe9695,"2026-08-12 21:23:05",662.8,1,felipe9695
5587,16656393,"Faris Abqari","2026-08-07 00:15:25",662.7,2,farisabqari11
5588,16802695,"Taras Sam","2026-09-07 17:36:00",662.7,2,tarassam
5589,16935335,"Joshua Attridge","2026-09-22 07:07:14",662.7,2,joshuaattridge
5590,16623932,"Axel Ahmer","2026-09-19 16:55:30",662.6,2,blondie1
5591,16677675,"Roman Mironov","2026-08-06 17:30:28",662.6,1,helloromiro
5592,16657861,"Liao Zixu","2026-08-25 04:28:34",662.5,2,liaozixu
5593,16659217,Dynamic_fire07,"2026-08-05 18:51:51",662.5,2,"dynamicfire07,tryingmybest123"
5594,16825767,f7e6n5g4,"2026-09-25 09:15:53",662.5,2,f7e6n5g4
5595,16940668,"Lars Gade","2026-09-30 19:27:40",662.4,2,larsgade
5596,16659565,Tekin24,"2026-08-13 21:25:21",662.4,2,tekin24
5597,16732667,Doug,"2026-08-26 23:26:49",662.3,2,dougsgrott
5598,16665399,"Shivam Shrivastava","2026-08-13 15:32:37",662.2,2,shivamshrivastava180
5599,16664291,"William Dennis","2026-08-11 07:57:27",662.2,2,williamdennis
5600,16665994,Rakhansyah,"2026-08-25 13:08:20",661.9,2,rakhansyah
5601,16722341,"Pham Huu Bao Chung","2026-09-16 08:57:18",661.8,2,phamhuubaochung
5602,16625663,sota1111,"2026-09-03 01:43:41",661.7,2,sota1111
5603,16652986,"Justin Kimlim","2026-08-26 03:12:37",661.5,2,justinkimlim
5604,16658569,"Danu A.","2026-08-05 13:12:09",661.1,2,eu1234
5605,16753850,"Ahmad Ali","2026-09-09 17:58:10",661.0,2,ahmadali1243534
5606,16661019,lmq,"2026-08-04 14:47:23",660.8,2,lmminhquang
5607,16790145,"Casper du Jardin Kejser","2026-09-04 09:12:34",660.6,2,casperdujardinkejser
5608,16658723,"Waleed Alkhateeb","2026-08-05 13:31:44",660.4,2,waleedalkhateeb
5609,16654081,"Aleksei Ponomarev","2026-08-06 00:43:57",660.3,2,alekseiponomarev
5610,16666900,sooflee,"2026-08-12 14:19:50",660.0,2,sooflee
5611,16796509,"Taha Alselwi","2026-09-27 19:52:40",659.9,2,tahaalselwii
5612,16669491,"Parakh Sharma","2026-08-06 10:59:33",659.9,2,parakh20
5613,16765310,"Aria Muse","2026-09-30 05:23:00",659.8,2,ariamuse
5614,16797785,"Vivek Verma","2026-08-31 20:36:45",659.8,2,cosmicescape
5615,16764081,"Demir Durbakayım","2026-08-29 21:21:56",659.8,2,sixcode
5616,16662496,KhalidKhan,"2026-08-05 05:31:07",659.8,2,feedfeed
5617,16659033,"Farzana Shaju","2026-08-05 07:18:29",659.7,2,"farzanashaju,shaikhharisjamal"
5618,16664170,SpookyHippo,"2026-08-06 02:44:29",659.6,2,spookyhippo
5619,16667503,Yuzuki,"2026-08-05 12:19:45",659.5,1,yuzukiohya
5620,16655828,ack07,"2026-08-06 04:52:07",659.5,2,its07amit10
5621,16676280,agniii,"2026-08-06 17:05:08",659.5,2,agniii
5622,16691938,"PRASHANT SUTHAR11","2026-09-25 12:12:57",659.4,2,prashantsuthar11
5623,16729564,"Eirik Tveiten","2026-08-19 13:04:02",659.3,2,eiriktveiten
5624,16671622,"Isaac Diaz Lopez","2026-09-28 02:49:35",659.3,2,isaacdiazlopez
5625,16725147,"Salah Ibrahiemu","2026-09-28 03:36:08",658.9,2,salahibrahiemu
5626,16659761,cheng-han,"2026-08-06 08:16:10",658.8,2,neoshie
5627,16666163,"Muthuraman Raman 7","2026-08-06 05:25:09",658.7,2,muthuramanraman7
5628,16758174,REBEL_K,"2026-08-27 18:30:45",658.5,2,rebelk
5629,16661010,"Dante Dyches-Chandler","2026-08-05 04:36:09",658.5,2,dantedycheschandler
5630,16770912,IsonaEi,"2026-08-26 12:48:48",658.4,1,isonaei
5631,16652896,"R^2 negative","2026-08-04 23:14:38",658.3,2,rktqwe
5632,16669282,sky233,"2026-08-06 17:06:04",657.9,2,sky233
5633,16672264,iiTz_AK,"2026-08-15 12:18:44",657.6,2,iitzak
5634,16721639,"Ankit Sain","2026-08-25 01:14:02",657.5,2,thisankitsain
5635,16744640,"Marcin Skalski","2026-09-01 18:25:08",657.5,2,marcinskalski
5636,16662872,"Artem Garbart","2026-08-05 09:41:29",657.4,2,artyomgarbart
5637,16875632,HexTex,"2026-09-12 04:34:49",657.4,2,hexlab
5638,16625013,sash,"2026-08-05 01:00:10",657.2,2,sash2104
5639,16847548,"Abhinav Sai Podugu","2026-09-10 06:59:09",656.8,2,abhinavsaipodugu
5640,16762634,"Clement Ling","2026-09-11 08:49:26",656.4,2,clementling
5641,16654726,"James Mancillas","2026-08-07 15:46:12",656.3,2,jamesmancillas
5642,16735488,"arhaan rai","2026-09-01 19:18:46",656.1,2,arhaanrai
5643,16658562,mashBrian254,"2026-08-04 10:48:33",656.1,2,mash1990
5644,16660853,"lxh unbound","2026-08-05 00:02:02",655.8,2,lxhunbound
5645,16663899,"Abdelrahman Aboegela","2026-08-05 13:54:26",655.5,2,abdelrahmanaboegela
5646,16656171,ishu,"2026-08-04 03:27:45",655.5,2,ishhverma
5647,16663273,"Mason Frias","2026-08-06 22:57:08",655.4,2,masonfrias
5648,16770724,Louras,"2026-08-26 09:49:05",655.3,2,louras
5649,16734672,"Artom  Wade","2026-09-30 22:18:15",655.2,2,artomwade
5650,16675203,HK,"2026-08-06 11:38:05",655.2,1,hizurukonishi
5651,16775250,Junrong,"2026-08-30 00:00:13",654.9,2,fjhgjf
5652,16839782,"mou chen111","2026-09-05 15:00:04",654.9,2,mouchen111
5653,16678965,MrGS,"2026-08-09 01:18:09",654.7,2,gabrielsderhll
5654,16881685,"Vladislav Mlechko","2026-09-12 16:41:48",654.6,1,vladislavmlechko
5655,16711556,"Avvy Lavoienne","2026-08-18 04:44:16",654.3,2,avvylavoienne
5656,16656444,"christopher athans crow","2026-08-05 00:08:13",654.3,2,cchrisaa
5657,16806251,"Seok Jun Kim","2026-09-08 07:51:16",654.1,2,sjk1225
5658,16819277,"Enshi Zhang","2026-09-05 16:26:29",653.5,2,enshizhang31
5659,16786115,"Andy Phan","2026-09-07 01:10:28",653.4,2,andyphan
5660,16653122,Wei_Chance,"2026-08-23 10:25:14",653.1,2,bystanderq
5661,16659676,Light,"2026-08-05 03:07:39",653.0,2,aadarshashrestha007
5662,16663099,"Md. Abdullah Al Mamun","2026-08-05 02:16:43",652.9,2,mamun18
5663,16656170,"Chakrabhuana V  Deva","2026-08-05 06:54:50",652.8,2,chakrabhuanavdeva
5664,16702509,KošičanSVK,"2026-08-17 18:04:22",652.6,2,ryanstoner
5665,16764445,sukesuke012,"2026-09-03 01:40:16",652.6,2,sukesuke012
5666,16699080,"Karthikeya Thatipamula","2026-09-12 04:52:19",652.5,2,karthikeya18
5667,16658264,XiweiZhou,"2026-09-06 23:35:58",652.4,2,xiweizhou
5668,16634752,"Praise the SHOVEL","2026-08-03 16:16:28",652.3,2,barnobarno
5669,16663407,Denis,"2026-08-11 17:42:21",652.3,2,matsiusheuski
5670,16637519,Temprao,"2026-08-03 12:16:43",652.2,1,maruimono928
5671,16654235,"Mwanza Wambua","2026-08-06 10:16:13",652.2,2,mwanzawambua
5672,16731990,Karl0106,"2026-09-18 08:35:18",651.9,2,karl0106
5673,16898029,"Leonid Kononenko","2026-09-18 04:47:05",651.8,1,"aleksandraavetisova,leonidkononenko"
5674,16658261,"Manan Khanna","2026-08-04 07:41:27",651.8,1,manankhanna0
5675,16654419,kreiack,"2026-08-09 23:47:00",651.7,2,kreiack
5676,16654946,AliLucky,"2026-08-05 15:07:59",651.7,2,alilucky
5677,16682353,"counter puncher","2026-09-16 13:38:14",651.6,2,ahmadabdoumalickdiop
5678,16623448,HoJoonYun,"2026-08-09 13:43:43",651.4,2,hojoonyun
5679,16894273,Darcy-KAYOKO,"2026-09-30 08:28:18",651.3,2,darcykayoko
5680,16659435,Zerabyte_X,"2026-08-04 09:52:16",651.3,1,zerabytex
5681,16658265,kraken,"2026-09-05 15:23:26",651.2,2,krn0209
5682,16687135,"Kavya Bhandari","2026-08-22 17:20:43",651.1,2,kavyabhandari1998
5683,16706993,Celibistrial,"2026-09-03 20:28:20",650.7,2,celibistrial
5684,16670765,"tensor choko","2026-08-05 23:03:23",650.7,1,tensorchoko
5685,16643095,ckyasb,"2026-08-05 14:39:42",650.5,2,ckyasb
5686,16866097,"Pradeep Kumar Mahato","2026-09-16 14:21:29",650.4,2,pradeepkr12
5687,16644774,lungjyuanz,"2026-08-07 01:03:20",649.9,2,lungjyuanz
5688,16633808,mmath2,"2026-08-07 10:52:38",649.8,2,mmath2
5689,16653958,seowoohyeon,"2026-08-06 11:48:06",649.6,2,seowoohyeon
5690,16651180,yangyefd,"2026-08-03 08:42:57",649.5,1,yangyefd
5691,16713291,Lperalt,"2026-09-20 02:20:12",649.5,2,lucianobastidas
5692,16690050,PersistentLife,"2026-08-08 17:16:17",649.4,2,persistentlife
5693,16642154,Burkina_team_mate,"2026-08-06 15:30:54",649.4,2,"belemkalilou,tedjosegregorybere"
5694,16693164,nuggettttt,"2026-08-09 02:14:22",649.4,2,nuggettttt
5695,16765743,page0526,"2026-08-26 02:08:11",649.3,2,page0526
5696,16717483,Caerno,"2026-09-29 07:56:08",649.1,2,caerno
5697,16887820,"Radosław Czajkowski","2026-09-30 11:50:23",649.0,2,radoslaw
5698,16762722,"Bruno Romero García","2026-08-31 20:24:32",648.9,2,brunoromerogarca
5699,16631016,木下陽平,"2026-08-06 14:52:20",648.9,2,yoheikaggle
5700,16669400,"Martin Konôpka","2026-08-06 12:16:13",648.9,2,rumburakk
5701,16664775,DoubleZs,"2026-08-06 02:55:02",648.7,2,zhang051018
5702,16623969,"Akira Imae","2026-09-21 07:19:19",648.6,2,imaeakira
5703,16823948,"Alexey Stepanov","2026-09-04 21:57:25",648.4,2,alexey0508
5704,16621557,"Vijay Krishna Lanka","2026-09-27 05:51:08",648.0,2,vijaykrishnalanka
5705,16683764,bf01,"2026-08-21 21:19:05",647.9,2,jalperov
5706,16655712,"Smart Manoj","2026-08-04 01:55:13",647.7,2,smartmanoj
5707,16622940,"Enrico Ambrosio","2026-08-06 19:56:30",647.5,2,enricoambrosio
5708,16673682,MJ.LIU.T,"2026-08-06 08:14:05",647.4,1,mjliut
5709,16639241,"Alissa King","2026-08-04 05:05:30",647.3,2,alissaking
5710,16766274,"Satwato Dey","2026-09-24 20:50:22",647.3,2,satwato
5711,16792155,abc,"2026-09-03 06:45:13",647.2,2,"datqg0,quangnguyn132"
5712,16670424,"Josep Audenis","2026-08-11 17:52:07",647.1,2,josepaudenis
5713,16717448,getalife();,"2026-09-20 08:55:13",646.9,2,"byteknight28,dhairyapandya24,rounakagrwl"
5714,16796145,Qian,"2026-09-01 15:04:00",646.8,2,"aurelianz,qianyuchaoni"
5715,16664221,Anish,"2026-08-14 00:53:48",646.8,2,anishmunje
5716,16668633,peien5,"2026-08-06 14:44:47",646.4,2,peien5
5717,16661670,sansm1,"2026-08-04 16:54:59",646.3,2,sansm1
5718,16634022,"Cihan Atak","2026-08-02 16:00:43",646.3,2,cihanatak
5719,16661353,mithi,"2026-08-11 20:04:07",646.2,2,singhaleo
5720,16794125,"Xero Scythe","2026-09-02 18:57:39",646.1,2,xeroscythe
5721,16707034,"Muhammed Ali Kul","2026-09-30 11:22:28",645.9,2,muhammedalikul
5722,16949731,"Engel Ai Labs","2026-09-24 00:56:37",645.7,2,joshuaziese
5723,16652900,cjen07,"2026-08-07 23:33:05",645.6,2,cjen07
5724,16637797,"Xiangchen Li","2026-08-04 09:47:59",645.2,2,xiangchenli07
5725,16650396,RaymondZhao0304,"2026-08-04 00:39:30",644.7,2,raymondzhao0304
5726,16659045,Rai1,"2026-08-08 11:53:28",644.7,2,rai2003
5727,16679861,Pandabueno,"2026-08-12 15:51:48",644.6,2,ronaldomonzn
5728,16729515,"Emmanuel Tolani","2026-08-29 15:03:36",644.6,2,emmanueltolani
5729,16655294,Mobzya,"2026-08-26 23:11:15",644.6,2,mobzya
5730,16664400,Boruiyang21,"2026-08-05 14:56:03",644.6,2,boruiyang21
5731,16660819,nya654nya,"2026-09-14 08:30:21",644.6,2,nya654nya
5732,16655530,AlivRick,"2026-08-05 16:18:54",644.5,2,alivrick
5733,16726025,"Yanrun Chen","2026-09-07 12:15:23",644.5,2,yrchen98
5734,16641489,suminshim,"2026-08-03 06:24:39",644.5,2,suminshim
5735,16663178,Sm00thiecodes,"2026-08-07 11:00:29",644.4,2,sm00thiecodes
5736,16650018,EiMengLove,"2026-08-05 10:27:31",644.2,2,konicty
5737,16652339,"Mohamed Amine Rebhi","2026-08-03 16:03:07",644.2,2,mohamedaminerebhi
5738,16659446,zhaozy233,"2026-09-30 09:03:10",644.0,2,zhaozy233
5739,16872090,DanielAarhus,"2026-09-17 07:10:37",643.9,1,danielaarhus
5740,16644390,"Manan Gupta","2026-08-05 17:08:32",643.6,2,obirdy
5741,16709800,nubx,"2026-08-20 17:12:04",643.5,2,manrajjitsidhu
5742,16929792,"Ganesh K","2026-09-22 19:25:02",643.3,2,ganeshk2846
5743,16654153,"Mateus Cruz, Msc.","2026-08-03 17:44:02",642.9,1,matteuscruz
5744,16770454,"Nawaf Almutairi","2026-09-12 19:23:12",642.7,2,nawafbalmutairi
5745,16632250,"Mesut Gözdemir","2026-08-05 17:54:14",642.7,2,gfkfu123
5746,16654271,"Sophie and Yanna","2026-08-19 17:08:47",642.6,2,"morty3500,sophanie"
5747,16660939,"Quenux Studio","2026-09-03 17:07:26",642.6,2,dieguis1976
5748,16846320,"hao zhang","2026-09-29 04:19:20",642.4,2,zhanghao913
5749,16659996,Schwifty,"2026-08-12 20:01:01",642.4,2,schwiftyc137
5750,16670099,"Jon Snyder","2026-08-06 00:27:21",642.3,2,snyderj1515
5751,16825081,huohuaya,"2026-09-09 06:09:50",642.1,2,huohuaya
5752,16661376,"YERMES AMINE","2026-08-04 14:13:45",642.0,1,yermes
5753,16678250,"RMS Danaraj","2026-09-08 19:52:43",641.9,2,salorajan
5754,16805598,"I'm just trying out here QQ","2026-09-02 22:31:17",641.7,2,zadatt
5755,16633083,bsenst,"2026-08-07 12:38:47",641.7,2,bnzn261029
5756,16622760,yunus_bayram_kagle,"2026-08-04 07:49:00",641.7,2,yunusbayramkagle
5757,16658616,"Amitesh Chaudhary","2026-08-11 10:04:02",641.5,2,amiteshchaudhary
5758,16660824,"Stitch Clarity","2026-08-04 15:27:53",641.5,2,stevenanctil
5759,16916213,"Arjun Hans","2026-09-18 02:13:40",641.4,2,arjunhans
5760,16927400,HaY0801,"2026-09-30 03:24:05",641.4,2,hay0801
5761,16642207,"Nerijus Areska","2026-08-04 00:01:32",641.4,2,nerijusareska
5762,16753826,"Jai Mata Di","2026-08-31 10:09:11",640.9,2,mrigshira
5763,16668361,NinhNguyen,"2026-09-12 12:55:39",640.8,2,ninhnt110695
5764,16639471,CaminoLSY,"2026-08-05 01:22:09",640.8,2,lsy37521
5765,16660376,"Ahmed Sedky 0100","2026-08-06 20:56:37",640.6,1,ahmedsedky0100
5766,16655493,TheDigitalCK,"2026-08-07 12:31:58",640.5,2,thedigitalck
5767,16740633,zhangtingyu11,"2026-08-20 04:34:32",640.3,2,zhangtingyu11
5768,16695555,S4K50M,"2026-08-12 14:39:41",640.3,2,setiasaksham
5769,16631261,Monster,"2026-08-04 15:46:32",640.3,2,tmtngtrng
5770,16663096,Agola_dasacic,"2026-08-04 20:07:50",640.1,2,mnu303
5771,16667730,"Surya Vijjeswarapu","2026-09-03 18:49:07",640.0,2,suryavijjeswarapu
5772,16636148,SanggeunParrk,"2026-08-05 04:04:32",640.0,2,sanggeunparrk
5773,16624600,ariacat,"2026-08-06 07:16:44",640.0,2,ariacat
5774,16643692,Samsay24,"2026-08-02 17:22:45",639.9,1,samsay23
5775,16657294,"Ragul M","2026-08-04 07:08:51",639.8,2,ragul7002
5776,16656709,"Anh-Vu Mai-Nguyen","2026-09-30 13:21:45",639.7,2,mainguyenanhvu
5777,16846490,MazharShaikh,"2026-09-12 04:53:27",639.7,2,mazharshaikh
5778,16688884,"As Wasti","2026-08-14 01:34:26",639.7,2,aswasti
5779,16698045,"Vikhas S G","2026-09-07 06:12:25",639.1,2,vikhassg
5780,16632536,"Aleksander Sachuk","2026-08-02 21:33:27",639.1,2,alexsssachuk
5781,16666245,"Cagatay Morcicek","2026-08-13 06:53:40",639.0,2,thisismylabs
5782,16676054,"Vladislav Konstantinov","2026-08-08 09:33:35",638.8,2,vladkonstantinov
5783,16748741,"pt ptao","2026-08-26 12:50:45",638.7,2,ptptao
5784,16703300,"Fahd EL ANSARI","2026-09-30 11:50:41",638.7,2,fahdelansari
5785,16635612,Julian,"2026-09-27 07:55:19",638.6,2,mob404
5786,16730199,kawanot,"2026-08-24 09:15:18",638.2,2,kawano
5787,16662904,Bharathms1902,"2026-08-08 11:41:54",638.2,2,bharathms1902
5788,16628727,dominyellow,"2026-08-04 11:44:21",638.2,2,dominyellow
5789,16923258,nono00,"2026-09-20 16:43:09",637.9,2,nono00
5790,16758383,"Tong Jing Yen","2026-09-03 20:42:50",637.9,2,tongjingyen
5791,16623389,"Mominul Islam Hemal","2026-08-02 11:23:03",637.7,2,mominulislamhemal
5792,16656503,"Thiago Munhoz da Nóbrega","2026-08-04 20:47:37",637.7,2,thiagommtmn
5793,16942806,rosefinch555,"2026-09-27 10:14:55",637.7,1,rosefinch555
5794,16774682,"Tatsuhito Yoshikawa","2026-09-04 02:14:45",637.6,2,tatsuhitoyoshikawa
5795,16630760,dkzmn,"2026-09-04 08:59:03",637.2,2,dmkzmn
5796,16635159,Abdulsamad,"2026-08-06 11:48:04",637.2,2,abdulsamadjod1234
5797,16876275,"JOP OK","2026-09-18 18:09:43",637.1,2,fuveo24
5798,16656308,"Srishanth Sriramula","2026-08-08 09:02:13",637.1,2,srishanthsriramula
5799,16665293,"ADITYA BEECHA","2026-08-10 05:16:38",636.8,2,bechaaditya
5800,16655588,"The Devil's World 678","2026-08-07 10:39:23",636.5,2,thedevilsworld678
5801,16923772,"Aidan Edward Lawson","2026-09-21 05:55:34",636.4,2,modalpathethics
5802,16656420,"Aditya Raj #2","2026-08-18 16:37:49",636.3,2,optimus2005
5803,16918433,"Mingkang He","2026-09-29 03:31:49",636.3,2,mingkanghe
5804,16644415,Ztrk,"2026-09-03 17:04:24",636.3,2,ztrk123
5805,16639330,"Dead Signal Works","2026-08-02 12:40:32",635.9,2,brooklynhalmstad
5806,16936773,"shahab shahsavar","2026-09-26 03:17:27",635.9,2,shahabshahsavar
5807,16668923,"duy tran","2026-08-10 18:38:49",635.9,2,duytran23
5808,16759229,"Samuel Kurabachew","2026-08-28 22:17:20",635.8,2,samuelkurabachew
5809,16807281,sansh0u0,"2026-09-27 15:50:16",635.8,2,sansh0u0
5810,16858944,Ashish_G_A,"2026-09-30 23:09:25",635.5,2,ashishga
5811,16809515,"Александр Трифонов","2026-09-12 20:13:15",635.4,2,cybrvibe
5812,16657077,_LT_zyc,"2026-08-05 01:01:42",635.3,1,zyczyc
5813,16660470,"Oğuz Kaan Mavice","2026-08-28 09:39:58",635.3,2,oguzkaanmavice
5814,16675452,Vladislav,"2026-08-12 13:58:35",635.2,2,simmeringoverstep
5815,16730180,zshandy,"2026-09-08 04:57:54",635.1,2,zshandy
5816,16655603,"Veeranuch Leelalai","2026-08-11 12:55:29",635.1,2,veeranuchleelalai
5817,16632055,Bugra0,"2026-08-03 22:44:42",634.7,2,bugra0
5818,16644221,"Guzha Panashe H","2026-08-22 15:34:41",634.6,2,guzhapanasheh
5819,16672672,Koiiiiiopen,"2026-08-08 06:25:21",634.6,2,koiiiiiopen
5820,16640877,Yorix.um,"2026-08-02 13:31:28",634.4,1,yorixum
5821,16652560,"Ahmed Samir","2026-08-03 12:15:01",634.1,2,ahmedsamir1598
5822,16855147,Kao0207,"2026-09-12 12:32:12",634.1,2,kao0207
5823,16784599,"Engineer Lisa","2026-09-30 22:27:15",634.0,2,lisamhines
5824,16667547,"miaoqing long","2026-08-06 03:31:43",633.9,2,miaoqinglong
5825,16623236,"Yonatan Nemtsov","2026-08-06 00:28:01",633.8,2,yonatannemtsov
5826,16728204,Meshwa,"2026-09-04 11:17:12",633.5,2,meshwapatel4287
5827,16718579,"Nazariy Karpov","2026-08-18 07:28:29",633.5,2,nazariykarpov
5828,16670365,"Konstantin Alekseev","2026-08-10 10:58:09",633.4,2,alekskst
5829,16632694,8ct10nz,"2026-08-04 12:02:49",633.4,2,act10nz
5830,16798334,"Gabriel othávio","2026-09-02 22:08:55",633.0,2,gabrielothvio
5831,16802675,manishcs076,"2026-09-16 21:13:06",632.6,2,manishcs076
5832,16714894,"Mitsuaki Inoue","2026-09-30 22:51:32",632.4,2,mitsuakiinoue
5833,16888646,tinaztepec,"2026-09-19 16:21:38",632.1,2,tinaztepec
5834,16941830,"Yasin Baykal","2026-09-23 09:27:10",632.0,2,godmethium
5835,16924892,"cheng chen","2026-09-26 02:32:48",631.9,2,icebruce
5836,16627023,Farrmer,"2026-08-05 08:02:35",631.8,2,noahfarr
5837,16654705,"Abu Saleh","2026-09-09 17:01:47",631.6,2,salehjunior
5838,16747163,"Sarthak Patel","2026-09-27 13:17:54",631.6,2,sarthakpatel2028
5839,16635680,starclan,"2026-08-14 17:50:55",631.6,2,starclan
5840,16716522,"Lavanya Bacche","2026-08-17 08:43:40",631.5,1,lavanyabacche
5841,16664653,Adir,"2026-08-26 00:49:46",631.1,2,adiradam
5842,16664439,"Tony T","2026-09-10 12:16:04",631.1,2,thekke
5843,16741892,astro,"2026-08-20 20:49:49",631.0,2,mayursamrutwar
5844,16739551,arao,"2026-08-28 21:24:55",630.9,2,anjanarao
5845,16663515,HamsterSashka,"2026-08-20 14:40:55",630.8,2,hamstersashka
5846,16835371,"Eli Ziv","2026-09-06 00:11:52",630.4,2,eliziv027
5847,16925125,Chirag&Sanika,"2026-09-30 03:26:24",630.2,2,chiragdeshmukh1
5848,16663187,"Teddy McBride","2026-08-07 03:59:53",630.2,2,tedcr100
5849,16767453,IterumVici,"2026-09-06 19:28:10",630.1,2,iterumvici
5850,16644185,"Mimic Mohsin","2026-08-02 18:38:46",629.9,1,mimicmohsin
5851,16639567,YassY_The_AlchemYst,"2026-08-11 15:07:03",629.8,2,yassineelhallaoui
5852,16738239,"Yaseen Shah7897","2026-09-08 05:57:15",629.6,2,yaseenshah7897
5853,16665764,"izh yng","2026-08-21 06:16:21",629.4,2,izhyng
5854,16849443,"Abhishek Kumar Gupta","2026-09-08 17:27:49",629.3,2,guptabhishekumar
5855,16728345,ron,"2026-09-19 21:49:15",629.0,2,romart
5856,16749524,zzholo,"2026-09-06 00:16:17",629.0,1,zzholo
5857,16700265,Reesav,"2026-08-10 14:15:06",628.8,2,reez08
5858,16677752,"Senya Ka","2026-08-08 19:16:00",628.5,2,m1greatcool
5859,16774787,wpk1122,"2026-08-29 01:54:49",628.5,2,wpk1122
5860,16726617,"Chase Lebarv","2026-08-19 01:07:58",628.4,2,chaselebarv
5861,16720331,Meghana,"2026-09-30 17:25:48",628.2,2,meghaaira
5862,16942421,"Raj Tharun","2026-09-30 17:32:12",628.1,2,tharunraj1122
5863,16802341,"Yousef Turk","2026-09-08 04:00:16",627.8,2,yousefturk
5864,16622015,"Ioannis M","2026-08-06 08:12:21",627.4,2,imeintanis
5865,16875907,"Yash Mathur","2026-09-18 16:13:00",627.4,2,yashmathur03102001
5866,16925442,"Stef Sempels","2026-09-22 08:29:38",627.3,2,stefsempels
5867,16934906,"sou yamaguchi","2026-09-21 09:59:04",627.2,2,souyamaguchi
5868,16678666,"Rudranarayan Pradhan","2026-08-09 12:28:32",627.1,2,itzrnp
5869,16658852,"Chhaya Awasthi","2026-08-04 09:37:05",627.0,2,chhayaawasthi
5870,16755568,KHuShIMaHajan,"2026-08-21 18:55:05",627.0,2,bymista4578
5871,16718039,Uman_n3l,"2026-08-31 14:40:32",626.9,2,umann3l
5872,16669164,コノウイ,"2026-09-23 16:51:48",626.7,2,nickhu0414
5873,16656379,"Jay Gautam","2026-08-12 12:19:40",626.7,2,jaygautam007
5874,16798268,KAEOS,"2026-09-30 09:09:01",626.6,2,hitesh221
5875,16758889,bomboclat,"2026-08-30 08:52:08",626.5,2,sstprk
5876,16760025,DEBI,"2026-09-30 22:54:58",626.3,2,"mayarabdelfattah,omarelmaghraby03"
5877,16693949,"Eric Worrall","2026-09-30 22:54:17",625.9,2,ericworrall
5878,16725150,"Nicolae Drabcinski","2026-09-01 11:45:51",625.9,2,nickdrabcinski
5879,16703203,"Hamza Shafik ","2026-08-17 23:48:06",625.8,2,hamzashafik12
5880,16663659,"Omer Rehman","2026-09-02 11:05:02",625.8,2,omerrehman97
5881,16661532,"Fedor Baart","2026-08-05 12:34:21",625.4,1,fedorbaart
5882,16655596,Bela,"2026-08-04 01:18:06",625.3,1,istribaik
5883,16659874,"ding yumeng","2026-08-26 11:59:06",625.1,2,dingyumeng
5884,16944040,guarva,"2026-09-25 10:27:00",625.0,2,guarva
5885,16688868,AlbanMaurel7,"2026-08-14 01:34:07",624.8,2,albanmaurel7
5886,16655217,"Jiawei Zhao","2026-09-26 21:57:57",624.7,2,c789a123
5887,16669227,"Tom Dufresne","2026-08-07 11:17:39",624.7,2,tadufre
5888,16623732,A.S.TENSHU,"2026-08-17 16:25:35",624.4,2,kirvk013
5889,16640461,"Shigeru Kondou","2026-09-17 19:12:22",624.4,2,shigerukondou
5890,16639719,JASONSLIMWONG,"2026-08-02 08:11:22",624.3,2,jasonslimwong
5891,16658571,"Yusuke Sato","2026-08-27 03:06:42",623.9,2,wanko123
5892,16636105,"Md. Mehedi Hasan","2026-08-01 14:03:03",623.7,2,mehedi052
5893,16637489,"Gopal Krishna Gundumalla","2026-08-02 12:39:17",623.7,2,gopalkrishnag
5894,16714166,"Naman Malik","2026-09-30 19:57:26",623.4,2,"adenijielijah,anapau11,marydata,namanmalik81714"
5895,16634876,MakiMakiAi,"2026-08-02 07:52:40",623.1,2,makimakiai
5896,16891184,rbjp557,"2026-09-30 03:35:55",622.9,2,rbjp557
5897,16686645,Ornaat,"2026-09-30 21:46:47",622.8,2,ornaat
5898,16666391,"Harshpreet Singh","2026-08-06 10:32:51",622.7,2,harshpreet931
5899,16646360,"Asrith Singampalli","2026-08-03 08:46:59",622.6,2,asrithsingampalli
5900,16823252,"FARZANA ALI","2026-09-30 07:11:31",622.5,2,farzanaali
5901,16894008,"Marcus Jamieson","2026-09-25 10:34:42",622.2,2,marcusjamieson
5902,16662633,"Shekhar Suman","2026-08-15 19:17:49",622.1,2,shekharvc
5903,16693903,"Alief Randiansyah","2026-08-09 09:37:39",622.1,1,"aliefrandiansyah,salsaaghnia"
5904,16770972,"Victoria Makarskaia","2026-08-27 12:28:53",621.9,2,victoriamakarskaia
5905,16763865,SydneyC666,"2026-08-26 08:50:40",621.7,2,sydneyc666
5906,16734511,"Marcin Salaterski","2026-09-16 23:18:31",621.5,2,marcinsalaterski
5907,16804027,ceir-ceir,"2026-09-03 19:11:09",621.4,2,ceirceir
5908,16815488,"crothety liu","2026-09-05 06:27:35",621.2,2,crothetyliu
5909,16775353,"YK Pan","2026-09-29 11:16:13",621.1,2,vansher
5910,16677514,mayoristaNLP,"2026-08-09 16:33:23",621.0,2,mayoristanlp
5911,16664249,"Rohan Jain","2026-08-17 20:26:14",620.9,2,rohanjain2312
5912,16667516,Rosastella,"2026-08-05 16:00:48",620.7,2,rosastella
5913,16680239,"Marinto Richee J","2026-08-12 08:21:02",620.6,2,marintoricheej
5914,16715255,"xiaocai liu","2026-09-13 19:19:43",620.6,2,xiaocailiu
5915,16809762,"Ryan Wong","2026-09-30 16:45:25",620.6,2,taggatle
5916,16715399,"Julia Chien","2026-09-05 08:21:06",620.5,2,juliachien
5917,16654006,"Harish Dhanarajan","2026-08-03 17:23:50",620.4,1,harishdhanarajan
5918,16662138,"Luan He","2026-09-05 21:53:24",620.3,2,luanhe
5919,16709136,ryanocm,"2026-08-13 15:08:49",620.3,2,ryanong
5920,16634213,kkunizaw,"2026-08-03 20:47:58",620.0,2,kkunizaw
5921,16622312,"Malak Reda","2026-08-03 09:02:41",619.8,2,malak457
5922,16884753,God111,"2026-09-30 12:21:44",619.7,2,god111
5923,16668021,"bali rasem","2026-08-07 16:15:13",619.6,2,balirasem
5924,16667205,"Andrew Lee","2026-08-06 11:16:52",619.6,1,andrewlee23023
5925,16669466,"vuppuluri sriramsubhash","2026-08-06 08:42:50",619.3,2,vuppulurisriram
5926,16669052,"Md. Asif Hossain","2026-09-18 05:29:41",619.2,2,sabuktagin
5927,16667058,"Lê Quốc Duy","2026-08-08 01:03:08",619.0,2,lqucduy
5928,16678044,BJFC,"2026-09-20 16:07:06",619.0,2,"harshithharithsa,svsumanth"
5929,16692954,"Adam Nhan","2026-08-16 19:10:48",618.8,2,asnhan
5930,16632571,"nishchal jain","2026-08-03 07:27:14",618.8,2,nishchaljainds
5931,16639973,akky,"2026-08-03 15:39:41",618.3,2,tellxxx
5932,16657419,"Saivedant Hava","2026-08-05 06:36:39",618.2,2,saivedanthava
5933,16914081,"Ashmit Janjirkar","2026-09-25 07:33:21",618.2,2,ashmitjanjirkar
5934,16659125,"Meet Parekh","2026-08-19 10:31:09",618.1,2,meetparekh1
5935,16634036,"Emanuel Lázaro","2026-08-02 14:55:30",618.0,2,emanuellcs
5936,16945354,"Aakriti Rao","2026-09-23 06:57:11",617.9,2,aakriti0110
5937,16652984,hxaxd,"2026-08-05 15:09:49",617.9,2,hxaxdcs
5938,16672035,diet1236364,"2026-08-09 23:37:45",617.7,2,kosuke123
5939,16655396,Tesla1AC,"2026-08-08 08:18:09",617.5,2,mathornton
5940,16644566,"Guangjian Dong","2026-08-02 23:59:18",617.4,1,guangjiandong
5941,16822111,hikarimaru,"2026-09-10 14:07:36",617.2,2,hikarimaru
5942,16663444,Thomas,"2026-08-11 04:21:42",617.1,2,tartieret
5943,16655187,cmxu,"2026-08-05 05:31:07",616.6,2,cmxu77
5944,16947217,"Chikkam Sandeep Munna","2026-09-25 20:26:45",616.3,2,chikkamsandeepmunna
5945,16762719,"Ahmet Bilginoglu","2026-09-02 20:34:49",616.2,2,ahmetbilginoglu
5946,16760087,Slizzle,"2026-08-30 04:37:40",616.1,2,sloan98
5947,16844092,Johana01,"2026-09-15 08:10:42",616.1,2,johana01
5948,16747914,"Token's Expired","2026-08-22 16:25:39",616.1,2,"adeebshekh,akratisingh0101,shaankapoor21"
5949,16658048,"Joel jaison 391","2026-08-05 02:31:57",616.1,2,joeljaison391
5950,16688429,"Omrani Rabah","2026-08-11 22:19:21",615.8,2,omranirabah
5951,16842527,ko_fusion_JPN,"2026-09-30 21:54:19",615.8,2,kofusionjpn
5952,16661685,"Lê Ngọc Lâm","2026-08-13 15:29:40",615.6,2,lengoclam
5953,16881453,"fahim magsi","2026-09-13 15:18:43",615.4,2,fahimmagsi
5954,16626217,"Stanislav Chistyakov","2026-08-05 18:52:47",615.1,2,chistyakov
5955,16669392,cobrapigeon,"2026-08-20 18:43:25",615.0,2,cobrapigeon
5956,16944372,bonvoyage-sugar,"2026-09-30 03:46:58",614.8,2,bonvoyagesugar
5957,16883264,"João Felipe Aguiar","2026-09-13 15:32:14",614.8,2,joofelipeaguiar
5958,16708369,JairSanchez151270,"2026-08-11 16:30:55",614.5,2,jairsanchez151270
5959,16633934,Alexy,"2026-09-30 20:10:12",614.4,2,alexycactus
5960,16860086,MTD-hAs,"2026-09-29 02:08:09",614.3,2,mtdhas
5961,16759162,sgsuh,"2026-09-23 14:41:49",614.0,2,seukgyo
5962,16716300,"Julian Kerignard","2026-09-07 10:12:31",613.9,2,juliankerignard
5963,16641068,"Rahul Ray","2026-08-05 14:27:07",613.6,2,rahulray5
5964,16702932,kyconf,"2026-09-12 14:10:46",613.4,2,kyconf
5965,16714335,"Jake Mordan","2026-09-30 22:29:14",613.4,2,jakemordan
5966,16750175,"Quentin Pr","2026-08-27 18:08:14",613.3,2,quentinpr
5967,16840735,"Heavy Drivers 2.0","2026-09-16 22:40:25",613.2,2,"cranjuice,pgggggggggggg,sudhanvaed25b055"
5968,16665654,"Anurag H H","2026-09-10 15:05:26",613.2,2,anur4ghh
5969,16923101,Kimodii,"2026-09-20 05:30:33",613.1,2,kimodii
5970,16682908,"Masha Mashallah","2026-09-12 09:32:09",613.0,2,mashamashallah
5971,16662050,HandsOffMyBigMelons,"2026-08-13 22:00:12",612.9,2,scrattle
5972,16718202,"Abhi Kumar Agrawal","2026-08-18 09:52:24",612.9,2,abhikumaragrawal
5973,16692569,"Mark Kirwan","2026-08-26 08:05:16",612.7,2,markkirwan1990
5974,16792512,ckd999,"2026-09-27 13:27:28",612.6,2,ckd999
5975,16736314,"wuret henr","2026-08-20 09:10:48",612.6,2,wurethenr
5976,16734321,SubratP85,"2026-08-25 21:03:35",612.6,2,subratp85
5977,16845284,KD0G22,"2026-09-07 20:07:47",612.6,2,kd0g22
5978,16660548,"Viraj Bakshi","2026-08-08 18:50:11",612.4,2,virajbakshi
5979,16916717,Rubén,"2026-09-18 18:44:49",612.3,2,rucamaba
5980,16750864,Ymori,"2026-09-27 03:41:35",612.0,2,yasunorim
5981,16850098,"Bob Gerry","2026-09-09 05:35:31",611.9,2,bobgerry
5982,16696267,"yu lesui","2026-08-10 05:41:40",611.9,2,yulesui
5983,16862913,MLEDV,"2026-09-11 18:13:10",610.9,2,edwardvaines
5984,16716089,wuzixiao,"2026-09-08 03:36:02",610.6,2,wuzixiao
5985,16658272,"Yash Katiyar","2026-08-08 20:17:05",610.2,2,yashkatiyar409
5986,16685069,derek_kuang0213,"2026-08-22 10:33:21",610.1,2,derekkuang0213
5987,16658252,"Krishnan CS","2026-08-20 05:28:14",610.1,2,krishnanchathadi
5988,16881370,"xianhao Lin6077","2026-09-15 12:39:40",610.1,2,xianhaolin6077
5989,16675780,susutem,"2026-09-30 19:57:47",609.6,2,susutem
5990,16677402,"Hıdır Demir","2026-09-10 22:35:54",609.6,2,hdrdmr
5991,16674543,"Sujal Agarwal2301","2026-08-09 13:37:43",609.4,2,sujalagarwal2301
5992,16926064,"amit shulstein","2026-09-28 12:21:29",609.3,2,amitshulstein
5993,16654579,"anagha kv","2026-09-23 06:30:22",609.1,1,anaghakv6801
5994,16770154,Florian,"2026-09-11 07:52:00",609.1,2,ftusek
5995,16665301,EricYang03,"2026-08-13 15:49:11",608.9,2,ericyang03
5996,16659749,"Kavsik YVS","2026-08-22 19:30:45",608.9,2,kavsiku0512
5997,16671217,"Akshay V","2026-08-21 04:01:22",608.7,2,akshayv1001
5998,16670842,Cole,"2026-08-15 19:50:43",608.7,2,colechristensen
5999,16716402,"Shashvat Singham","2026-09-26 22:53:59",608.6,2,shashvatsingham
6000,16663361,protoLabs.studio,"2026-08-06 18:39:50",608.6,2,protolabsstudio
6001,16710621,(´･_･`),"2026-08-16 07:14:53",608.5,2,tanakh
6002,16880938,nousername22,"2026-09-30 07:49:51",608.5,2,nousername22
6003,16705345,"DEMON JI","2026-08-14 15:02:11",608.2,2,demonji04
6004,16658050,"changwei shi","2026-08-18 02:45:47",608.1,2,changweishi
6005,16698007,"Juanma Serrano","2026-08-23 15:49:31",608.0,2,juanmaserrano
6006,16756176,"Unsh Rawal","2026-09-06 20:29:16",607.9,2,unshrawal
6007,16767802,"Luis Fernando Faria","2026-08-31 20:57:29",607.9,2,luisfernandofaria
6008,16863492,"Andrew Kalita","2026-09-10 03:32:25",607.7,2,andrewkalita
6009,16772394,TNWL,"2026-09-27 07:43:54",607.5,2,vuminh
6010,16685412,Praveen8775,"2026-09-22 15:48:40",607.4,2,praveen8775
6011,16818110,Kactus,"2026-09-16 00:15:43",607.4,2,kactus
6012,16795802,Kk,"2026-09-21 10:03:04",607.3,2,cudamax
6013,16664116,"Bogdan Sburlea","2026-09-29 12:28:30",607.3,2,bogdan1405
6014,16662375,"Yunusa Hussein Adeiza","2026-08-14 22:12:49",607.2,2,yunusahusseinadeiza
6015,16939742,"Shivang Modi","2026-09-28 17:29:13",607.2,2,shivang22
6016,16798401,"Hunter Mimaroglu","2026-09-02 22:00:37",607.2,2,huntermimaroglu
6017,16637340,the_vinci_coder,"2026-08-03 16:27:16",607.0,2,lokijt
6018,16708189,Facouse,"2026-08-11 16:09:17",606.9,2,facouse
6019,16674532,"shoaib khan","2026-08-08 01:57:11",606.8,2,manifoldinfo
6020,16717414,"Akshit Sivaraman","2026-08-13 14:43:40",606.6,2,akshitsivaraman
6021,16733195,"Zukas F.","2026-09-29 14:10:55",606.5,2,zukasf
6022,16719081,数学の山田,"2026-09-15 10:28:05",606.3,2,b612sum1
6023,16687808,GorillaGhost,"2026-08-13 23:23:10",606.0,2,gorillaghost
6024,16786485,"Sam Jenkins","2026-09-01 03:50:16",605.7,2,samjenkinsuk
6025,16773966,"Ronel Abraham Mathew","2026-08-26 16:05:26",605.7,2,ronelm
6026,16793626,"KO LIH HAN","2026-09-11 01:29:18",605.3,2,kolihhan
6027,16875690,jwboost,"2026-09-16 04:31:31",605.1,2,kiritocui
6028,16759351,"Shinsaku Haruta","2026-09-21 12:22:17",604.9,2,shinsakuharuta
6029,16780969,"Ewa Suknarowska","2026-08-30 15:53:25",604.7,2,ewasuknarowska
6030,16668868,tawashi,"2026-08-13 06:51:45",604.7,2,tawashi
6031,16757447,soyukke,"2026-09-13 17:38:12",604.7,2,soyukke
6032,16763977,"Jong Park","2026-08-26 09:21:40",604.6,2,papercat318
6033,16652334,"Aldibek [dsmlkz]","2026-08-27 19:33:18",604.6,2,aldibek
6034,16664241,payoon,"2026-08-07 08:24:05",604.5,2,payoon1234
6035,16663343,"Abdullah M. Haque","2026-09-13 18:41:14",604.3,2,abdullahmhaque
6036,16675475,"Andrey Aristov","2026-08-10 22:02:24",604.1,2,andreyaristov
6037,16639473,"Jeff Borschowa","2026-08-02 00:39:11",603.9,2,jeffborschowa
6038,16688929,"Kangqiao LIU","2026-08-18 07:44:55",603.9,2,kangqiaoliu
6039,16664219,JosephGuhlin,"2026-08-10 08:46:16",603.9,2,jguhlin
6040,16672687,Liz,"2026-09-25 23:08:33",603.9,2,lizgarcia3
6041,16734712,"Jamshid Ganiev","2026-08-19 06:03:31",603.8,2,jamshidganiev
6042,16712567,PatWid,"2026-08-18 17:17:20",603.8,2,patwid
6043,16713877,FunnyBishop,"2026-08-16 03:19:24",603.7,2,funnybishop
6044,16624277,"D S S Kumar","2026-08-10 03:22:55",603.6,2,satrusskumar
6045,16715251,SoraGinko,"2026-08-28 18:52:17",603.5,2,terrywuu
6046,16860088,Lockers,"2026-09-09 11:32:59",603.5,1,lockers123
6047,16775210,"Daniel LPD","2026-09-10 14:44:52",603.2,2,daniellpd
6048,16664828,Leon,"2026-08-09 09:00:09",602.9,2,leonmyl
6049,16724364,Sh4ron,"2026-09-30 03:41:14",602.9,2,sh4ron
6050,16655744,"Ademola Arigbabuwo","2026-09-03 21:44:49",602.8,2,princedemo
6051,16654267,maniginam,"2026-09-30 03:00:04",602.7,2,maniginam
6052,16663933,AnshV1,"2026-08-06 03:03:35",602.6,2,anshv1
6053,16724522,"stathis maurog","2026-08-26 07:01:48",602.2,2,stathismaurog
6054,16639810,gytdrop,"2026-08-14 12:47:28",602.2,2,"kartikeyrajbhar,shaikaktharali"
6055,16770096,Program,"2026-09-30 22:24:44",602.1,2,panagiotapanora
6056,16718539,"Divyansh Agrawal","2026-08-14 06:58:46",601.9,2,spartan1925
6057,16663784,Aniketh2k7,"2026-08-10 06:02:02",601.8,2,aniketh2k7
6058,16882001,"Satyam Pote","2026-09-13 00:00:04",601.7,2,satyampote
6059,16891179,feng222666888,"2026-09-24 10:49:47",601.6,2,feng222666888
6060,16898276,SergioMoras,"2026-09-18 10:49:37",601.5,2,sergiomoras
6061,16719065,"Aldo Rizona","2026-08-17 15:32:26",601.5,2,aldorizona
6062,16674324,"luca fregona","2026-08-08 13:37:49",601.4,2,lucafregona
6063,16659174,Soulwood,"2026-09-06 04:56:32",601.3,2,soulwood
6064,16733131,Rad&Nhu,"2026-09-23 09:12:43",601.1,2,vnt174
6065,16640619,"Sơn Nguyễn","2026-08-28 08:19:19",601.1,2,sonnguyen10
6066,16859900,ZZZ234234234,"2026-09-25 10:49:35",600.9,2,zzz234234234
6067,16758298,"Jack p","2026-08-30 07:36:22",600.8,2,jtv199
6068,16838855,"Sze Yu Sim","2026-09-09 01:37:05",600.8,2,szeyusim
6069,16636725,shichi,"2026-08-11 12:47:35",600.6,2,shichi
6070,16654193,fvong,"2026-09-04 07:15:22",600.5,2,fvong35963
6071,16698596,ymok,"2026-09-12 02:00:52",600.4,2,iromao
6072,16678246,"Mark Holloway","2026-09-05 22:23:35",600.4,2,markholloway
6073,16694269,Aftxb,"2026-08-11 14:58:08",600.4,2,aftxb07
6074,16856888,"Md Mehrab Hossain Opi","2026-09-10 07:16:45",600.4,2,iamopi
6075,16658083,"Gunjan Solanki","2026-09-03 10:39:28",600.4,2,blackhatv1
6076,16675661,June_mk,"2026-09-06 00:08:47",600.4,2,jungoto
6077,16675997,"Rintaro Moriwaki","2026-09-16 16:03:10",600.0,2,rintaromoriwaki
6078,16697185,"Prince Special","2026-09-30 23:24:10",600.0,2,temitayogbolahan
6079,16862356,Fitalabs,"2026-09-30 23:22:49",600.0,2,aleffita
6080,16700342,"FRéeàíbrlghtO0óL Ho","2026-09-30 23:24:56",600.0,2,frebrlghto0lho
6081,16640933,"Bhanu prasad","2026-09-30 23:25:08",600.0,2,restlesseagle
6082,16842187,"rongkai bao","2026-09-30 23:26:16",600.0,2,rongkaibao
6083,16947950,"William Caetano Hilário","2026-09-30 23:27:22",600.0,2,williamcaetanohilrio
6084,16670214,"Louis @ tradeInsight.ai","2026-08-21 15:18:11",599.8,2,louisquart
6085,16659444,"ANKIT AGARWAL","2026-09-27 17:29:55",599.8,2,ankwall223
6086,16726093,CocoTeam,"2026-08-18 14:22:45",599.8,2,"albaasca,ceemeese"
6087,16822523,bvgr,"2026-09-15 19:17:50",599.7,2,vbeeram
6088,16728069,Taisei7,"2026-09-09 06:27:49",599.6,2,taisei7
6089,16799014,"Vaibhav singh kaira","2026-09-12 04:49:54",599.3,2,vaibhavsinghkaira
6090,16635049,rooklift,"2026-08-16 06:27:36",599.3,2,rooklift
6091,16927491,Adilkhan1275,"2026-09-30 16:35:11",599.3,2,adilkhan1275
6092,16755398,takataok_42,"2026-09-28 13:42:33",599.2,2,takataok42
6093,16664103,izack2666,"2026-08-07 14:41:10",599.0,2,izack2666
6094,16666341,"Ege Güvener","2026-09-27 07:08:31",598.7,2,egegvener
6095,16684710,"Pratik Singh","2026-08-11 11:34:48",598.6,2,pratikks11
6096,16665942,"Satvik R Shetty","2026-08-09 03:59:52",598.5,2,satvikrshetty
6097,16926305,"Ιωάννης Μπερτολης","2026-09-23 16:15:30",598.4,2,"absor97,bertolis"
6098,16691481,"Aditi Salvi","2026-08-18 15:24:53",598.0,2,aditisalvi04
6099,16655062,KKS,"2026-08-08 07:36:03",597.8,2,sachisgod
6100,16670759,"Lemmes Yad","2026-08-09 04:37:37",597.8,2,"austinsemmel,jonallday"
6101,16888546,"Skskj Sskm","2026-09-16 03:06:12",597.7,2,skskjsskm
6102,16639223,"SIDHAARTH SHREE","2026-08-19 15:03:55",597.7,2,sidhaarthshree
6103,16884517,"Fizie Fulumaka","2026-09-14 07:46:31",597.4,2,fiziefulumaka
6104,16761579,인간지능농장,"2026-09-30 05:37:50",597.4,2,"hagyeong22,pincheguapo"
6105,16686716,"menna hassanM","2026-09-30 19:11:56",597.0,2,mennahassanm
6106,16694779,JacobKooi,"2026-08-10 09:16:35",597.0,2,jacobkooi
6107,16664154,dwdwdwsdedwd,"2026-08-11 06:29:24",597.0,2,dwdwdwsdedwd
6108,16666452,"victor souza","2026-08-09 17:07:51",596.4,2,victorcaio
6109,16739640,TeamBanzaiSL,"2026-08-27 17:13:26",596.3,2,teambanzaisl
6110,16719745,"Masih Pemula Beneran","2026-08-31 02:14:53",596.2,2,mikhaeldhika
6111,16623645,"ayutin tin","2026-08-14 07:48:31",596.1,2,ayutintin
6112,16748955,micchy,"2026-09-23 22:17:27",596.1,2,micchy326
6113,16673346,gabrielep09,"2026-08-11 01:52:41",596.0,2,gabrielep09
6114,16853417,"Aditya Prasetyo Budiarso","2026-09-11 11:59:34",596.0,2,artsodeva
6115,16865982,"Orest Myth","2026-09-23 13:26:01",596.0,2,orestmyth
6116,16854339,"ML Underdogs","2026-09-22 06:19:48",595.8,2,mdjubairhasan
6117,16669856,StrugglerK,"2026-09-22 17:10:09",595.8,2,muhammedkaanlker
6118,16664112,"Ethan Hung","2026-08-08 21:44:57",595.7,2,chinesegorilla99
6119,16924397,ngzeonwang,"2026-09-24 08:57:26",595.5,2,ngzeonwang
6120,16635848,KartoplyanePure,"2026-08-31 20:43:34",595.5,2,"danylotovp,wizardmp"
6121,16661467,sh_sub97,"2026-08-12 15:20:25",595.2,2,shsub97
6122,16657095,"Prashant Kumar","2026-08-20 12:59:11",595.1,2,praskr
6123,16623886,onepunch999,"2026-08-01 07:30:37",595.1,2,onepunch999
6124,16849153,"Zackary Loevseth","2026-09-08 06:14:48",595.0,2,zackaryloevseth
6125,16658655,HbjaHbja,"2026-08-12 12:18:51",594.9,2,hbjahbja
6126,16655340,LGarcia10,"2026-08-17 13:17:31",594.9,2,leonardogarcia10
6127,16684436,Simon-the-sorcerer,"2026-09-30 21:22:31",594.7,2,simonwiller
6128,16661585,"Fully Liquidated","2026-09-01 01:57:16",594.5,2,kriskilgroe
6129,16684957,"Lucas Ferreira","2026-08-11 18:20:43",594.4,2,lucasdeoferreira
6130,16658430,b._.q,"2026-09-23 08:33:16",594.3,2,bruyantq
6131,16914138,"Amritesh Anand","2026-09-28 10:16:01",594.3,2,amriteshananad
6132,16688108,Special_octo20,"2026-09-14 19:16:13",594.0,2,specialocto20
6133,16804094,faheem,"2026-09-22 15:33:10",593.9,2,faheemkhaskheli9
6134,16690988,"Aditya Bharadwaj","2026-08-20 10:02:32",593.9,2,adityabharadwaj26
6135,16669330,"Panagiotis Charalabopoulos","2026-08-26 18:49:46",593.8,2,panagiotischaral
6136,16663356,Farm-ops,"2026-08-06 23:27:37",593.7,2,"dakotavannauker,tsho01"
6137,16654855,"Pedro Rezende Gomes","2026-08-06 00:41:30",593.3,2,pedrorzgomes
6138,16759623,"zhenglu wen","2026-08-26 06:24:09",593.1,2,zhengluwen
6139,16883048,"Amit Gunjan","2026-09-29 00:10:43",593.1,2,daydreamerthinks
6140,16739128,"Praneeth Paikray","2026-09-07 11:18:26",592.9,2,paiky1995
6141,16810807,Cordiz,"2026-09-03 22:42:51",592.5,2,cordiz
6142,16667874,Vidushiii,"2026-08-10 12:25:42",592.2,2,vidushianand09
6143,16632887,"Santhana Krishnan","2026-09-29 03:20:43",592.2,2,santa2710
6144,16659817,"Viet Anh Ngo ","2026-08-31 09:41:08",592.1,2,vietngogm
6145,16699578,kakanekoka,"2026-09-04 17:45:15",592.1,2,kakanekoka
6146,16713236,kingofeverything,"2026-09-30 22:50:22",592.0,2,"kingofeverything,skyyyang"
6147,16664159,"james nazareth","2026-08-19 02:13:23",592.0,2,jamesnazareth
6148,16656072,Vespidae,"2026-08-14 03:30:03",591.7,2,ianapis
6149,16725010,jenninglim,"2026-08-23 08:38:47",591.7,2,jenningl
6150,16661943,"Cow Wizard","2026-08-14 02:14:58",591.6,2,cowwizard321
6151,16809371,"Aashir Noman","2026-09-18 10:03:45",591.5,2,aashirnoman
6152,16679295,Mk26,"2026-09-04 13:52:05",591.3,2,"manishk26,mans31"
6153,16669561,"Nikunj Pahwa","2026-08-15 20:04:36",591.2,2,nikunjpahwa
6154,16918826,NOTSUREKITTY,"2026-09-19 03:56:04",591.2,2,notsurekitty
6155,16882072,"Ahmed Isa Zaweel","2026-09-13 09:57:29",591.1,2,ahmedisazaweel
6156,16638667,"Sarvesh Nikas","2026-09-23 11:44:21",591.1,2,sarveshnikas
6157,16662486,"KOTHAPALLI DILEEP","2026-08-10 12:06:14",591.1,2,kothapallidileep
6158,16709481,"Gerbilles Saucières","2026-08-22 10:38:44",590.8,2,"benjaminhrt30,volbox1902"
6159,16687788,"Me and the Geese","2026-08-26 15:57:41",590.8,2,skalermo
6160,16857130,"Joao Araujo","2026-09-09 01:11:50",590.6,2,jhcaextra
6161,16675888,"Rob Gonzalez","2026-08-08 14:58:43",590.4,2,robg475
6162,16633923,JackyFan123,"2026-08-01 15:22:04",590.3,2,jackyfan123
6163,16746151,"Nicolas Gomasjaya","2026-08-26 16:57:08",590.2,2,nicolasgomasjaya
6164,16695822,"Ahmad Elawady","2026-08-18 20:06:59",590.2,2,aielawady
6165,16660270,Ziel_Lux,"2026-09-30 14:46:04",590.0,2,nahbilafaith
6166,16759443,"Ayman machhidan","2026-09-25 08:22:39",590.0,2,aymanmachhidan
6167,16634582,"Tarun Chaudhary","2026-08-12 06:36:33",589.9,2,tarunchdev
6168,16639492,"Vishnu R Mohan","2026-08-08 20:36:19",589.8,2,vishnurmohan
6169,16650160,nori8774,"2026-08-10 06:26:21",589.7,2,norimasayamamoto
6170,16672493,ChloeeeeY,"2026-08-23 06:17:03",589.7,2,chloeeeey
6171,16777222,"José Daniel Ara","2026-08-27 00:12:53",589.7,2,josdanielara
6172,16658043,"Tran Huy Hoang1312","2026-08-05 01:58:39",589.7,2,tranhuyhoang1312
6173,16741188,"Adarsh Samanu","2026-08-20 00:01:33",589.7,2,adarshsamanu
6174,16735298,Watary0927,"2026-08-22 23:25:11",589.5,2,watary0927
6175,16893361,lemonjuice2312,"2026-09-19 07:36:26",589.1,2,lemonjuice2312
6176,16798478,"Vinicius Pupin","2026-09-02 21:29:51",589.1,2,viniciuspupin
6177,16791960,Boladi,"2026-09-10 00:53:38",589.0,2,boladi
6178,16832474,"Isaac D. Hérnandez G.","2026-09-15 23:52:34",589.0,2,isaacdhrnandezg
6179,16678773,"Steve Probst","2026-09-09 01:51:39",589.0,2,steveprobst
6180,16811210,"Matt Dowis","2026-09-04 14:41:36",588.9,2,mattdowis
6181,16693137,"Ich Benavides","2026-09-06 18:24:52",588.9,2,jabeichbenavides123
6182,16942760,"V Manmohan","2026-09-30 11:14:52",588.9,2,vmanmohan
6183,16658224,"Daniel Gallardo Gómez","2026-08-07 08:17:24",588.8,2,danielgallardogmez
6184,16676308,DC,"2026-08-19 17:34:02",588.7,2,choudahchiun
6185,16653222,StevenYuan7788,"2026-08-17 17:38:44",588.6,2,stevenyuan7788
6186,16656274,googunmo,"2026-08-08 01:13:58",588.5,2,googunmo
6187,16766732,"Maziyar Abyari","2026-09-19 08:14:10",588.2,2,maziyarabyari
6188,16797025,"Jonathan Glinton","2026-09-11 17:11:01",587.7,2,jonathanglinton
6189,16623555,yindujuxi,"2026-08-01 10:11:35",587.7,2,yindujuxi123
6190,16635177,Zacchaeus,"2026-08-07 07:04:15",587.6,2,zacchaeus
6191,16687925,BillDoser,"2026-09-11 21:54:35",587.5,2,billdoser
6192,16633928,ghostiee11,"2026-08-01 01:33:25",587.4,1,ghostiee11
6193,16633175,"Umut Kıvanç Sipahioğlu","2026-09-30 09:35:29",587.4,2,umutkvansipahiolu
6194,16659974,"anthony sinchi","2026-08-18 00:01:08",587.3,2,anthonysinchi
6195,16757211,dacho,"2026-09-30 00:18:15",587.3,2,slothcafe
6196,16667762,KucingGanteng,"2026-09-12 20:04:37",587.3,2,dhiyaussalam
6197,16737986,"Edris Yawar #2","2026-09-05 09:32:08",587.2,2,edrisyawar
6198,16668089,Goller,"2026-08-26 15:05:53",586.9,2,goller
6199,16912690,"Tegh Bindra","2026-09-20 04:55:09",586.7,2,teghbindra
6200,16656013,Asuran,"2026-09-04 04:43:56",586.6,2,zkasuran
6201,16664024,"Juan David Bolanos","2026-08-13 17:06:00",586.5,2,juandavidbolanos
6202,16660491,"Ryan Hancock","2026-08-08 09:56:54",586.4,2,rychanfox
6203,16738994,"Hem Viramgama","2026-08-21 00:34:48",586.3,2,hemviramgama
6204,16781377,AgriMind,"2026-09-30 21:28:16",586.2,2,slimaneguermat
6205,16702713,"Rob Sartin","2026-09-24 21:59:26",586.0,2,robsartin
6206,16780019,"hamza khokhar890","2026-09-20 16:35:58",586.0,2,hamzakhokhar890
6207,16665120,nobody,"2026-08-13 14:48:45",585.7,2,rajesh1729
6208,16656501,"Thái Phạm Công","2026-08-05 03:59:47",585.6,2,thaipc
6209,16670834,romin_123,"2026-08-14 01:25:19",585.5,2,romin123
6210,16876021,"Jeff Law #2","2026-09-17 23:31:28",585.2,2,jlaw99
6211,16755344,"Alizen James","2026-08-23 18:34:30",585.2,2,alizenjames
6212,16658602,aldoktvns,"2026-08-04 15:51:08",585.1,2,alrette
6213,16664149,"Bushel Seed","2026-08-12 17:10:56",585.1,2,"dmyung,nicholasmschwartz"
6214,16673477,ArtFix,"2026-08-11 00:51:09",584.9,2,artfix
6215,16823853,Zerbytheboss,"2026-09-30 08:39:55",584.7,2,zerbytheboss
6216,16772673,"Alejandro Rendon B.","2026-09-27 14:01:39",584.7,2,alejandrorendonblan
6217,16743617,Dancing_Chaos,"2026-08-31 15:42:35",584.6,2,"bailynlove4ever,ripplecddc"
6218,16655142,"Stanislav Kuznetsov","2026-09-03 12:58:20",584.5,2,drtduck
6219,16724002,Yahia717,"2026-08-20 20:48:31",584.4,2,yahia717
6220,16630501,"Haris Ahmed","2026-08-14 10:08:51",584.4,2,harisahmedgenai
6221,16694575,"Aloise Mutune","2026-09-17 13:48:22",584.3,2,aloisemutune
6222,16758204,kkKaan,"2026-08-24 07:56:58",584.1,2,kkkaan
6223,16679079,"cedric stephan ","2026-08-25 20:39:15",583.8,2,cedricstephan
6224,16905608,ChrisVas123,"2026-09-16 09:44:56",583.7,2,chrisvas123
6225,16663238,"Francesco Zaccaria","2026-08-21 07:28:57",583.7,2,francescozaccaria
6226,16814805,Muzhi11,"2026-09-21 02:41:31",583.6,2,muzhi11
6227,16752362,"Shashank Jangid (G25AIT2100)","2026-09-29 06:26:47",583.6,2,shashankjangid
6228,16639970,Gowtham2962s,"2026-09-27 16:57:56",583.6,2,gowtham2962s
6229,16664457,yaohongfu,"2026-08-10 12:30:43",583.5,2,yhfwww
6230,16656884,"Jaime García","2026-09-30 19:44:35",583.4,1,jgarcia12
6231,16747390,SawadaTsurumai,"2026-08-24 09:48:07",583.2,2,sawadatsurumai
6232,16790257,"Shivam Kushwaha","2026-08-30 11:55:08",583.2,2,shivamk21
6233,16768058,"Ibrahim Anaz","2026-09-27 19:44:28",583.1,2,ibrahimanaz
6234,16659939,"Mouafak Dakhlaoui","2026-09-21 02:34:52",583.1,2,sharmoul
6235,16851573,NaNomin,"2026-09-08 01:55:42",583.1,1,nanomin
6236,16738805,"Sergey Panasenko","2026-08-31 23:14:50",583.0,2,spanasenko
6237,16671980,601918_กิตติพงศ์,"2026-08-08 08:28:12",582.9,2,bluexg5502
6238,16691580,"Toni Blanco","2026-08-11 13:10:45",582.8,2,toniblanco
6239,16656460,dlutwzh,"2026-08-08 06:48:33",582.8,2,dlutwzh
6240,16668720,"etienne duplessix","2026-08-10 22:48:53",582.6,2,etienneduplessix
6241,16715473,cmrfrd,"2026-08-14 04:58:15",582.5,2,thecmrfrd
6242,16854582,BlackWizard00,"2026-09-08 15:32:36",582.5,2,blackwizard00
6243,16670420,"Mihir Argulkar","2026-08-07 20:03:15",582.4,2,mihirargulkar
6244,16740404,BarrelAged,"2026-09-13 11:27:04",582.3,2,johnhosack
6245,16725871,"Patrice Santiago","2026-09-03 22:19:56",582.2,2,patricesantiago
6246,16736856,misaki,"2026-09-30 23:10:14",582.2,2,"dicenull,iroharyo,jinnsou0219,misakima"
6247,16891652,Cristian034,"2026-09-30 22:44:41",582.1,2,cristian034
6248,16699415,"Dohwan Kwak","2026-08-31 01:05:28",582.1,2,dohwankwak
6249,16750036,"Kiệt Lưu","2026-09-05 03:41:19",582.0,2,jaxyss
6250,16687330,"Mehmet Ensar Çetin","2026-09-30 22:44:46",581.8,2,mehmetensaretin
6251,16738538,ZHANG_WuHua,"2026-08-18 16:21:19",581.8,2,zhangwuhua
6252,16697844,Noobykiller16,"2026-08-15 06:08:27",581.7,2,noobykiller16
6253,16929645,"GeneralShizha ","2026-09-20 10:27:45",581.6,2,generalshizha
6254,16661650,"Docker container","2026-08-15 18:52:39",581.6,2,yossefaymanzedan
6255,16899024,Whooriiiaaaaa,"2026-09-24 23:24:57",581.5,2,"nickazaria,woupyie"
6256,16663736,"Life Is Roblox","2026-08-17 18:58:37",581.4,2,alexlisenko
6257,16656167,"Minh Quang Do","2026-09-11 04:05:53",581.4,2,mrfreddy0209
6258,16666833,DenisKoronchik,"2026-09-14 21:19:27",581.3,2,deniskoronchik
6259,16947797,"Chris Croft","2026-09-25 12:42:53",581.1,2,chriscroft
6260,16649344,BeyondAnalytics,"2026-08-28 12:00:36",581.1,2,radumarinion
6261,16633772,ayuma,"2026-08-03 06:01:01",581.0,2,onthoze
6262,16672103,"fred mahinay","2026-08-24 23:34:48",581.0,2,fredmahinay
6263,16718133,KaranjeetSingh1110,"2026-09-16 15:31:45",581.0,2,karanjeetsingh1110
6264,16631573,uesi,"2026-08-01 12:04:04",581.0,1,uemura687
6265,16665816,Vikas1306,"2026-08-10 05:53:19",580.8,2,vikas1306
6266,16776928,aiexpert1120,"2026-09-01 16:48:18",580.4,2,aiexpert1120
6267,16797969,probability,"2026-09-07 09:44:49",580.3,2,probabilitywavepeak
6268,16663200,BONES,"2026-09-26 18:37:23",580.3,2,tusharkumar23321032
6269,16654456,"Tristan Peng","2026-08-09 17:00:48",580.2,2,tristanpeng
6270,16721960,"Lê Khang","2026-08-18 19:42:43",579.5,1,kobtdatten
6271,16676254,"Lazy Lagoon","2026-09-17 16:26:05",579.3,2,"mokshoswal137,taniyasankhe"
6272,16636454,epigene,"2026-08-02 10:14:52",579.3,2,nadhu59648
6273,16665342,Prothos,"2026-08-23 13:44:29",579.2,2,vjuenemann
6274,16635796,MugaBros,"2026-08-04 05:27:02",579.1,2,"drrocktotpalkonwarh,monjyotid"
6275,16757135,Agrihand,"2026-09-30 18:19:14",579.0,2,mayur756
6276,16657397,"QSS Technosoft AI Team","2026-08-05 07:47:00",578.9,2,"kunalthedev,nishantkumarabes,prathamydvv,prishagdev,shreyakchakraborty"
6277,16668298,"Riki Garcia","2026-08-26 15:36:14",578.9,2,rikigarcia
6278,16854414,handsomeHBS,"2026-09-28 14:38:27",578.8,2,handsomehbs
6279,16630741,mrk,"2026-08-05 09:49:44",578.6,2,matsubaratakuji
6280,16714208,TirumalaMarri,"2026-08-29 00:04:15",578.5,2,mtreddy
6281,16623128,AdamJonesJohnson,"2026-09-30 17:15:31",578.4,2,adamjonesjohnson
6282,16636808,"Kaito Ichikawa","2026-09-18 10:15:37",578.3,2,kaitoichikawa
6283,16784154,JoshJML,"2026-09-03 05:39:26",578.3,2,joshjml
6284,16926169,LeoBode,"2026-09-28 19:23:14",578.2,2,lebo124
6285,16712321,"Elias Schecke","2026-09-11 15:00:14",578.0,2,eliasschecke
6286,16792816,rrandiak,"2026-09-30 22:41:53",578.0,1,rrandiak
6287,16655897,"Huanchen Jia","2026-09-28 00:30:21",578.0,2,huanchenjia123
6288,16635004,"jacob OKOTH O","2026-08-02 05:57:05",577.7,1,jacobokotho
6289,16633466,"Aarush pandey","2026-08-25 19:17:14",577.7,2,aarushpandey
6290,16655521,"Hemadri Rajyaguru","2026-08-04 02:12:55",577.7,2,hemadrirajyaguru
6291,16701036,"Tiandong Wang","2026-08-19 11:45:32",577.5,1,condone
6292,16911383,PurpleNightmare,"2026-09-30 16:31:50",577.5,2,purplenightmare
6293,16656107,Aotokitsuruya,"2026-09-02 14:35:20",577.3,2,elct9620
6294,16669489,"Yichi Zhang","2026-08-28 19:31:07",577.2,2,yichizhang12
6295,16665476,"Zhanghao Chen69","2026-08-19 12:42:33",577.1,2,zhanghaochen69
6296,16723729,"Lucas Cimiano","2026-08-29 17:21:55",577.1,2,lucascimiano
6297,16695662,"Ollie Lowe2","2026-08-16 16:47:01",577.0,2,ollielowe2
6298,16658702,sherlockwatson007,"2026-09-28 16:50:09",577.0,2,sherlockwatson007
6299,16755681,nic001,"2026-08-28 08:06:19",576.9,2,mimamura
6300,16895824,"Dhruv lele","2026-09-20 05:41:57",576.7,2,dhruvlele
6301,16651593,"huanxian chen","2026-08-11 11:13:05",576.7,2,huanxiachen
6302,16763886,"Jackson Sauls","2026-09-04 22:59:51",576.5,2,jacksonsauls
6303,16799391,"Mehdi El M.","2026-09-07 14:08:22",576.4,2,mehdielm
6304,16924484,"Sadiq Ali","2026-09-20 07:51:11",576.4,2,sadiqali55
6305,16760439,XLX,"2026-09-06 03:20:58",576.3,2,lonelygleaner
6306,16624888,okome_niigata,"2026-08-06 06:47:17",576.2,2,okomeniigata
6307,16763838,"L. Barriga","2026-09-09 10:57:18",576.1,2,lbarriga
6308,16657654,TemperaryT,"2026-09-20 00:21:54",576.1,2,temperaryt
6309,16705401,"Nguyen Hong","2026-09-30 14:34:38",576.0,2,nguyenhongbubu
6310,16735408,"Evan S","2026-08-18 20:06:05",575.9,2,evansc123
6311,16631353,"Shivam Shinde","2026-08-01 15:29:24",575.8,2,shindeshivam
6312,16668269,"Rashi Jain07","2026-08-05 17:46:37",575.6,1,rashijain07
6313,16947496,"lit tlemiaos","2026-09-29 00:48:14",575.5,2,littlemiaos
6314,16781242,"Bobby Clare","2026-09-03 17:04:16",575.5,2,bobbyclare
6315,16756564,"Nicolas Defossé","2026-08-25 21:10:58",575.4,2,nicolasdefoss
6316,16659294,"Muhammad Rafzan","2026-09-05 18:30:44",575.3,2,revianalfariz
6317,16786437,"Kiran Narayana K","2026-08-30 06:45:20",575.1,2,kirannarayanak
6318,16727059,ksankeerth1,"2026-09-03 02:28:22",575.1,2,ksankeerth1
6319,16789898,"Trung Phạm Đức","2026-09-23 03:12:41",575.0,2,arscil
6320,16692857,AbeLincoln1865,"2026-08-11 00:10:16",575.0,2,abelincoln1865
6321,16703310,"israel ntumba","2026-09-14 17:42:47",574.9,2,israelntumba
6322,16629844,IsaacJinyu,"2026-08-01 15:39:55",574.8,2,isaacjinyu
6323,16654746,"Michael Mullen","2026-08-06 11:08:31",574.6,2,mmullen200
6324,16840445,"Danko Schroeder","2026-09-30 20:58:03",574.5,2,dankoschroeder
6325,16943628,"Michael Liu","2026-09-23 04:19:13",574.5,2,mliu1204
6326,16696724,arkmid,"2026-09-09 13:11:46",574.1,2,arkmid
6327,16731516,Sumit0694,"2026-09-15 21:17:01",574.0,2,sumit0694
6328,16659828,"Lebansty Valan","2026-08-21 14:14:56",573.7,2,lebanstyvalan
6329,16939496,"Haotian Niu","2026-09-26 06:35:52",573.7,2,haotianniu
6330,16915490,"Rounak Mukherjee","2026-09-30 19:27:58",573.4,2,zade799
6331,16747180,KaiKogure,"2026-09-03 12:46:04",573.3,1,kaikogure
6332,16655013,"Adrian Martinez 1111","2026-08-12 00:52:14",573.3,2,adrianmartinez1111
6333,16833040,"Vadim Demchuk","2026-09-05 06:07:54",573.0,2,vadimdemchuk
6334,16706192,rustlers42,"2026-09-02 15:24:05",573.0,2,"lkshrsch,powerofcreation"
6335,16660805,"Ramon van Dijk","2026-08-05 05:48:21",572.7,2,ramonvandijk
6336,16713061,Yuk!,"2026-09-30 15:21:19",572.6,2,mitsuyukiokamura
6337,16825667,"Lê Minh Dương","2026-09-08 05:45:07",572.6,2,minhduonq
6338,16777065,"dani yemane","2026-09-17 20:43:13",572.5,2,daniyemane
6339,16675952,bazinga,"2026-09-22 23:21:10",572.4,2,stephanhahn16
6340,16759381,"Subhan Hussain","2026-09-20 09:00:54",572.3,2,subhanhussain0205
6341,16679887,ScriptRed,"2026-08-09 00:36:30",572.2,2,scriptred
6342,16695633,"Kiran Kumar","2026-09-12 16:57:52",572.2,2,iamrkk
6343,16756113,"George Megre","2026-09-16 07:04:00",572.2,2,georgemegre
6344,16699838,"Harry Taylor","2026-08-21 10:38:18",571.9,2,harryphysics
6345,16668354,"ashraf saiyed","2026-08-13 13:44:31",571.9,2,ashrafsaiyed58
6346,16769767,bruhbruh,"2026-08-28 08:51:26",571.9,2,nguyendinhbach69
6347,16671646,Luche,"2026-08-08 04:23:32",571.8,2,henrylucky
6348,16884815,"Idrees Asghar","2026-09-29 02:37:18",571.8,2,adiladil1275
6349,16686715,"Adrien Secondaire","2026-08-08 15:54:58",571.6,2,adriensecondaire
6350,16718838,"josh mathers","2026-08-14 09:26:33",571.6,2,joshmathers
6351,16654723,"Trajko Todosov","2026-09-30 21:18:35",571.5,2,trajkotodosov
6352,16855646,Seshu,"2026-09-09 14:49:33",571.5,2,seshuthota
6353,16811547,Merlin,"2026-09-30 05:54:20",571.2,2,huntergrey
6354,16937197,men-of-culture,"2026-09-24 06:52:33",570.9,2,leejianrong
6355,16754845,"LG Music","2026-09-28 15:12:21",570.6,2,lgmusic
6356,16658660,"Leo Lai","2026-08-13 08:14:45",570.6,2,junweilai
6357,16904550,ukiyois,"2026-09-16 19:54:20",570.6,1,ukiyois
6358,16630559,khan,"2026-08-02 12:18:56",570.5,2,khansolov
6359,16687883,CherylStoned,"2026-08-11 22:53:28",570.4,2,cherylstoned
6360,16714100,SuperMercat,"2026-09-09 15:13:08",570.1,2,supermercat
6361,16699091,Umkaaa,"2026-09-15 14:04:55",569.8,2,umkaaa
6362,16796164,harsh,"2026-09-30 09:35:37",569.7,2,harshdeshwar
6363,16660600,"Beria Kalpelbe","2026-08-07 13:46:47",569.7,2,beriakalpelbe
6364,16657798,"Ian Kim","2026-08-06 05:07:10",569.7,2,ianpkim
6365,16665517,"RUEI-HSIANG. CHANG","2026-08-17 15:23:55",569.6,2,rueihsiangchang
6366,16692994,turneja,"2026-08-08 23:50:13",569.4,2,turneja
6367,16795923,KaluzaKlein,"2026-09-14 10:50:35",569.2,2,kaluzaklein
6368,16806165,"Kaige Wei","2026-09-21 03:07:06",568.9,2,kaigewei0403
6369,16639679,"Felix Allistar","2026-09-30 01:21:42",568.6,2,felixallistar
6370,16784960,i-yuki23,"2026-08-30 01:13:11",568.5,2,iyuki23
6371,16885575,"Kotaro Imamura","2026-09-18 00:47:04",568.4,2,kotaroimamura
6372,16657570,"Guruprasad Parasnis","2026-08-10 12:04:57",568.3,2,guruprasadparasnis
6373,16866712,Ddm_demo,"2026-09-20 14:16:05",568.2,2,ddmdemo
6374,16670313,HamzZZzzZZa,"2026-08-06 22:01:28",568.0,2,memesalot
6375,16748979,"Venkata Madhu Sai D ","2026-08-21 19:49:08",567.9,1,venkatamadhusaid
6376,16655595,ashsah,"2026-08-31 08:37:35",567.9,2,ashsah
6377,16739167,Yeyuqing0913,"2026-09-07 00:36:15",567.8,2,yeyuqing0913
6378,16888900,"Koh Endru","2026-09-19 12:08:24",567.7,2,kohendru
6379,16670698,"Tamerlan Dadashov","2026-08-09 10:36:12",567.6,2,tamerlandadashov
6380,16662128,BenPalmer59,"2026-08-11 19:16:24",567.6,2,benpalmer59
6381,16771001,"0x1369 T-Farm","2026-08-31 04:38:04",567.5,2,xcryst
6382,16675457,"Ramana Prabhu Sana","2026-09-27 23:58:05",567.5,2,ramanaprabhusana
6383,16662094,"moncef elm","2026-09-23 09:09:03",567.3,2,moncefelm
6384,16667258,"Firman Imam","2026-08-09 02:36:56",567.3,2,piririp
6385,16752324,"yunchuan liu","2026-09-06 22:21:06",567.3,2,hoteye
6386,16869733,narwhal,"2026-09-30 07:34:06",567.3,2,justinye0
6387,16777228,"Zach Locke","2026-09-18 10:25:06",567.2,2,zachlocke
6388,16726941,CJ103CJ,"2026-08-23 12:52:07",567.1,2,cj103cj
6389,16705348,"Howard lin","2026-08-20 23:01:36",566.9,2,howardlin007
6390,16719696,"Spencer Farrand","2026-08-17 18:40:28",566.9,2,spencerfarrand
6391,16845664,fabio5050,"2026-09-16 04:04:27",566.7,2,fabio5050
6392,16686787,"Lars Kammeijer","2026-08-07 21:31:11",566.3,2,larskammeijer
6393,16658019,ไอติวบ้านปังมาเอาแช้มมมม,"2026-08-08 18:43:05",566.3,2,tewnabhat
6394,16699292,"Siddharth Kumar Gopal","2026-08-14 16:35:03",566.0,2,siddharthkumargopal
6395,16880672,"Bennett Hellman","2026-09-18 12:59:02",565.9,2,bennetthellman
6396,16665759,"Shawn Zhang","2026-08-21 10:18:20",565.9,2,shawnzhang0318
6397,16660345,"Aadhithya Ramesh","2026-08-06 08:49:10",565.8,2,aadhithyaramesh
6398,16935929,"Bhavesh Kolhe","2026-09-23 08:47:28",565.6,2,bhaveshkolhe
6399,16848416,"Mayank Bhatia","2026-09-07 15:09:19",565.6,2,mikemayankb
6400,16730028,"Ken Qian","2026-08-17 03:10:15",565.5,2,kenqian
6401,16655629,Mai_Konare,"2026-08-17 06:20:49",565.4,2,maikonare
6402,16664884,Abhijeetgg,"2026-08-12 08:53:50",565.4,2,abhijeetgg
6403,16656912,"Sami Ali","2026-08-07 00:48:33",565.3,2,mrsamiali
6404,16916387,Nathan,"2026-09-18 14:01:04",565.3,2,nathanpradostapia
6405,16862542,"Mitchelle's Team","2026-09-30 21:54:05",565.1,2,mitchellluciana
6406,16660310,KOLONEX.NET,"2026-08-10 12:40:46",565.0,2,danielandresmiranda
6407,16635021,RiLi,"2026-09-30 22:30:22",565.0,2,hisatosenda
6408,16749236,"Michael Müller","2026-09-29 05:25:09",564.9,2,michaelmller
6409,16819872,"Shi Van","2026-09-03 16:50:46",564.9,1,shivanufo
6410,16664804,ryanovovo,"2026-08-05 18:02:38",564.9,2,ryanovovo
6411,16808956,"Denis Zerov","2026-09-03 10:59:46",564.7,2,dinoden
6412,16879477,liuzewen123,"2026-09-29 08:57:26",564.5,2,liuzewen123
6413,16854535,Dragon,"2026-09-09 16:48:11",564.3,2,dragon116rus
6414,16891689,"Jiawei Xi","2026-09-14 19:46:39",564.2,2,jiaweixi56
6415,16759427,Dhruv,"2026-08-23 12:20:16",564.2,2,dtalati1
6416,16724355,hansama.qht,"2026-09-19 15:23:36",564.2,2,hansamaqht
6417,16661210,vizyourdata,"2026-08-07 11:05:08",564.1,2,vizyourdata
6418,16675832,"Dean Shalev","2026-08-09 04:12:47",564.1,2,deanshalev
6419,16666204,"David Nana Kofi Ofosu-Arko","2026-08-05 11:04:42",564.1,2,davidnanak
6420,16841397,"Petro Tarnavskyi","2026-09-06 12:36:05",564.1,2,petrotarnavskyi
6421,16657172,Honkazu,"2026-08-28 16:55:46",563.9,2,janposlusny
6422,16745109,deflexor,"2026-08-27 21:35:07",563.8,2,deflexor050
6423,16810490,katlun,"2026-09-28 22:01:28",563.7,2,"hoyin1212,katlun"
6424,16757614,"Eduardo Molina","2026-09-06 04:04:22",563.6,2,eduardomolinaai
6425,16775652,"Dat Dinh","2026-09-14 02:48:43",563.6,2,dathbdinh
6426,16805340,"Md. Rafiul Islam","2026-09-25 16:04:37",563.6,2,rafiulislamrafi
6427,16666099,"Marcben James Samuel","2026-09-17 05:52:20",563.4,2,marcbenjamessamuel
6428,16907151,"Susana Horias","2026-09-30 13:37:01",563.4,2,"diegobarriosalonso,noelcalvoortega,robertocanrubio,rubnvalcarcelvarez"
6429,16867608,"Paul M","2026-09-25 21:16:56",563.2,1,pillow5
6430,16664072,"victor aguilera","2026-09-24 23:34:18",563.2,2,viaguilera
6431,16622993,"Yaroslav Tanko","2026-08-18 04:34:12",563.1,2,yaroslavtanko
6432,16655449,tcvieira,"2026-08-06 18:20:34",563.1,2,tcvieira
6433,16845009,"Nyasha Gandah","2026-09-15 06:20:21",562.9,2,nyashagandah
6434,16700546,"Nightshade Family","2026-09-07 13:24:48",562.7,2,"gihanchamod17,vishmithasamarakoon"
6435,16855755,"Jack Yap","2026-09-10 19:43:36",562.7,2,jackyap
6436,16708824,"Tanaka Chiromo","2026-08-20 11:12:22",562.7,2,tanakachiromo
6437,16724202,"Sooriya Senthilkumar","2026-08-23 05:25:47",562.6,2,sooriyasenthilkumar
6438,16741121,"Vignesh Nehru","2026-09-22 07:58:54",562.6,2,vigneshnehru
6439,16911847,LGC,"2026-09-17 08:21:20",562.5,1,victorlingc
6440,16677701,"Coşkun Bağrıaçık","2026-08-10 00:02:25",562.4,2,cbagriacik
6441,16664709,kai,"2026-08-18 23:29:11",562.4,2,sungwo101
6442,16673981,"Aarya Jadhav","2026-09-22 15:24:49",562.4,2,aaryajadhav0310
6443,16781447,"Cody Schrank","2026-08-31 04:38:57",562.2,2,codyschrank
6444,16844262,"S Aishvarya","2026-09-25 19:23:59",562.1,2,saishvarya
6445,16925564,"shikigami yao","2026-09-25 13:52:11",561.8,2,shikigamiyao
6446,16660955,"Nihal l.suvarna","2026-09-30 03:19:37",561.5,2,nihallsuvarna
6447,16654328,"QQ Farm","2026-08-28 12:59:12",561.4,2,"huiiyu,titirmt"
6448,16667514,"Kakarott 10","2026-08-06 09:05:43",561.3,2,kakarott10
6449,16709318,"Jana Hagen","2026-08-26 18:00:16",561.2,2,janahagen
6450,16764149,"Manish Rai","2026-09-30 00:03:13",560.9,2,magiuscain
6451,16685938,"Gautier Fauchart","2026-08-12 05:57:21",560.8,2,gautierfauchart
6452,16679018,"Kushpreet Singh","2026-09-03 23:23:41",560.6,2,kush639
6453,16706456,"Michael van Mill","2026-08-12 09:58:40",560.5,2,michaelvanmill
6454,16671940,LJazya,"2026-09-05 02:54:37",560.5,2,jihanelek
6455,16658645,"Alan T Hall","2026-09-30 16:58:38",560.4,2,alanthall
6456,16936578,kissadolce,"2026-09-30 15:03:36",560.4,2,kissadolce
6457,16663998,"Harith Al-Ani","2026-08-24 00:09:54",560.4,2,abo3losh
6458,16692401,"Abdurehman Iqbal","2026-08-14 09:13:08",560.4,2,abdurehmaniqbal
6459,16727241,Yogesh2850,"2026-08-17 09:55:08",560.1,2,yogesh2850
6460,16661898,Farfadet,"2026-08-12 06:04:18",559.8,2,farfadet
6461,16698034,Anatoliy_Fomin,"2026-08-12 12:57:18",559.8,2,anatoliyfomin
6462,16663884,DevilQ,"2026-08-23 22:08:52",559.8,2,"parhamesm,samuelescarfone12"
6463,16869617,"Denis Chernyshov","2026-09-18 22:32:19",559.7,2,denischernyshov
6464,16774890,SkoopSkoop,"2026-08-31 16:08:04",559.7,2,skoopskoop
6465,16711868,"Mark Cooper","2026-08-16 13:09:02",559.6,2,markjcooper
6466,16664267,"Alan T. Andrea","2026-08-09 03:22:40",559.6,2,alantandrea
6467,16665042,Neo_0x3f,"2026-08-10 21:36:56",559.4,2,neo0x3f
6468,16658377,Masaya,"2026-09-04 15:10:14",559.3,2,irrohas
6469,16665932,"Fabian Birringer","2026-08-21 18:31:41",559.3,2,fabianbirringer
6470,16791701,"Tired Dad Data","2026-09-12 21:37:23",559.2,2,alexmaggard
6471,16767932,"Mark #3","2026-09-24 12:07:36",558.8,2,markdjadchenko
6472,16883641,"Benedek Brandschott","2026-09-30 22:47:37",558.8,2,benedekbrandschott
6473,16847801,"Joachim Oliver Mampouya","2026-09-08 14:54:14",558.4,2,olivermam
6474,16669298,"Dinesh Naveen Kumar Samudrala","2026-09-30 11:45:59",558.2,2,dnkumars
6475,16724747,"Md.Mahfujul Karim","2026-09-30 02:01:55",558.2,2,mdmahfujulkarim
6476,16741660,Dhruv_Goyal990,"2026-09-03 16:20:31",558.1,2,"dhruvgoyal990,prathameshbelavagi"
6477,16668819,"ahmedou sidi med","2026-08-19 00:05:55",557.9,2,ahmedousidimed
6478,16808242,keowpwpwkeo,"2026-09-07 18:23:50",557.9,2,keowpwpwkeo
6479,16670615,Ahornsirup,"2026-09-06 21:03:14",557.8,2,ahornsirup
6480,16677105,"Chaitanya Yadav","2026-08-16 10:36:07",557.8,2,xhaitanya
6481,16950015,"Jacob Stultz1","2026-09-23 22:49:13",557.8,1,jacobstultz1
6482,16640816,pawaraman,"2026-08-02 19:46:52",557.4,2,pawaraman
6483,16786140,valgrinderror,"2026-09-26 15:35:01",557.4,2,valgrinderror
6484,16655044,"Darius Kolycius","2026-08-04 09:49:01",557.4,2,dariuskolycius
6485,16655578,"Ahmed Merie","2026-08-13 00:11:40",557.2,2,aa7767
6486,16897403,"Abel Markose","2026-09-18 03:08:38",557.1,2,"abelmarkose,sreehari3301"
6487,16777740,hoangnnh67,"2026-08-28 22:12:22",557.1,2,hoangnnh67
6488,16702270,"Jonas Jaku","2026-09-09 06:37:15",557.0,2,jonasjaku
6489,16793189,"Akash Mohan Chaudhary","2026-09-01 18:29:57",556.9,2,akashmohanchaudhary
6490,16768466,BenJung,"2026-09-16 09:44:23",556.9,2,"benjung2512,hyeonglvl,hyeonho028,limjoonsoo"
6491,16659341,Aryan88097,"2026-08-05 17:26:57",556.8,2,aryan88097
6492,16661529,"AL Najafi","2026-08-08 03:39:39",556.8,2,alnajafi
6493,16651661,"Quyền Thịnh","2026-08-07 06:27:45",556.7,2,quynthnh
6494,16648215,"Terrence Chuwe","2026-08-03 13:32:15",556.7,2,terrencechuwe
6495,16787200,"HayDay Protestors","2026-09-23 16:59:25",556.6,2,"aaronjoshuaemmanuel,anjulasankalpa,chamathjayashanka,ghostd,prabhashanmadurawala"
6496,16797395,"LCNN JJ","2026-09-17 16:38:59",556.6,2,supremebeast08
6497,16826098,Nomushin,"2026-09-11 13:22:26",556.4,2,nomushin
6498,16659951,"CHRISTOPHER CRILLY","2026-09-11 12:23:20",556.4,2,christophercrilly
6499,16698164,"Ruizhang Zhi","2026-09-29 04:37:43",556.4,2,ruizhangzhi
6500,16717614,Dhanyashree1028,"2026-08-16 15:00:37",556.3,2,dhanyashree1028
6501,16793892,cjc0013,"2026-08-31 18:27:50",556.2,2,cjc0013
6502,16700785,"VIVEK JAMI","2026-08-19 13:57:57",556.2,2,vivekjami
6503,16725913,StarStone_233,"2026-08-16 07:22:12",556.0,2,starstone233
6504,16882160,"John Doe #2","2026-09-12 18:04:56",555.9,1,realgrape
6505,16692896,"Guy Lev","2026-08-20 19:18:52",555.9,2,sarthobi
6506,16731447,"Rúben Martins","2026-08-19 20:55:42",555.8,2,rubenmartins10
6507,16780484,"Edmond Kirsch","2026-09-01 17:30:28",555.8,2,edmondkirsch
6508,16665395,"bachi idriss","2026-08-10 15:23:30",555.8,2,bachiidriss
6509,16664003,"Nakul Rajpal","2026-08-05 06:29:24",555.2,2,nakulrajpal
6510,16763088,mason.jr,"2026-08-25 04:29:36",555.2,2,haophanzx
6511,16702993,PLM,"2026-08-30 13:58:34",555.1,2,"ileabogdan,popu23,razvaniga,rvaurs"
6512,16744752,"Dean Johnson","2026-08-27 10:26:20",555.1,2,deanjohnson202
6513,16655039,"Andrew Yip","2026-08-06 20:14:49",555.1,2,yipcma
6514,16767934,"taha berk","2026-08-26 15:21:51",555.1,2,tahaberkterekli
6515,16757806,Richardwe,"2026-09-30 08:25:18",554.9,2,richardwe
6516,16823681,Yielder,"2026-09-10 16:59:40",554.9,2,georgepapasideris
6517,16717952,Aydar,"2026-08-29 21:28:35",554.8,2,aydara
6518,16686222,"Nika Chaduneli","2026-08-10 01:21:09",554.8,2,nikachaduneli
6519,16684674,"Ch Muhammad Umer ","2026-08-11 08:11:36",554.7,2,chmuhammadumer
6520,16632994,primal,"2026-08-12 16:02:29",554.5,2,primalhost
6521,16658905,"Anjaneya Tripathi","2026-09-30 18:14:11",554.4,2,anjaneyatripathi
6522,16666084,"Andaç Demirdelen","2026-08-09 19:18:08",554.2,2,andacdemirdelen
6523,16660005,DreamX5678,"2026-08-06 07:55:06",554.2,2,dreamx5678
6524,16680342,Game_khó_vkl,"2026-09-27 17:19:13",554.1,2,maruusha
6525,16694064,RRK0123,"2026-08-17 05:30:52",554.0,2,rrk0123
6526,16755111,ingemarieke,"2026-08-21 15:04:53",553.8,1,ingemarieke
6527,16702411,"Aryuemaan Chowdhury","2026-08-21 07:05:31",553.7,1,aryuemaanchowdhury
6528,16687714,nabilux,"2026-08-09 13:27:11",553.7,2,eminesnabil
6529,16892496,"Alif Mahmud 1993","2026-09-15 16:35:27",553.7,2,alifmahmud1993
6530,16734822,Zcy,"2026-09-20 12:04:41",553.7,2,laura831
6531,16677366,Gmmastermind,"2026-08-07 01:19:13",553.6,2,gmmastermind
6532,16713366,BANKAI,"2026-09-21 18:36:08",553.6,2,igors97
6533,16928702,UnkaiNene,"2026-09-24 18:17:23",553.6,2,unkainene
6534,16731260,"Jeel Gajera","2026-08-18 07:44:44",553.2,2,jeelog
6535,16733763,Gaurav,"2026-09-04 00:54:37",553.2,2,gauravahlawat
6536,16633269,op_star_platinum,"2026-08-09 17:52:52",553.1,2,opstarplatinum
6537,16645297,Mark_RowSet,"2026-08-09 05:25:39",553.0,2,markrowset
6538,16623644,Accer_sz,"2026-08-02 00:27:32",552.9,2,accersz
6539,16858948,"Nizar Fathurohman","2026-09-26 10:17:47",552.8,1,nizarfathurohman
6540,16694610,Kshitiz2002,"2026-08-11 15:44:41",552.6,2,kshitiz2002
6541,16864562,otaniyu,"2026-09-15 00:53:18",552.5,2,otaniyu
6542,16742073,"nguyễn huệ anh","2026-09-15 15:55:00",552.4,2,akapatu
6543,16674106,Nanga_rendu_peru,"2026-09-27 02:12:33",552.3,2,"dineshak07,jaikrishna007"
6544,16689033,arman1o1,"2026-09-01 05:01:27",552.3,2,arman1o1
6545,16730231,chandler14362,"2026-08-29 03:04:49",552.3,2,chandler14362
6546,16661225,"Monibee Fudgekins","2026-09-16 18:18:38",552.2,2,monibeefudgekins
6547,16712870,"Jose Gibson","2026-08-13 20:09:11",552.2,2,josegibson
6548,16669597,农业农村部,"2026-08-10 19:11:08",552.1,2,"bingzhenghan,hrwan1,krasuszl"
6549,16795256,"N Nelson","2026-09-05 14:29:25",551.9,2,napoliyannelson
6550,16916743,"Low Aik Khoon","2026-09-30 21:08:59",551.9,2,izuneliu
6551,16671438,"Aot Chanthorn","2026-08-15 16:16:25",551.8,2,aotchanthorn
6552,16707037,"Cedoque BAGBONON","2026-09-20 10:27:32",551.7,2,cedbag
6553,16697941,"Raphael Coelho","2026-08-16 15:24:28",551.5,2,raphaelrrcoelho
6554,16853993,"Christie Lam","2026-09-16 03:13:27",551.3,2,christielam
6555,16697526,"Jurgen Sinjari","2026-08-10 21:21:26",551.3,2,jurgensinjari
6556,16759265,AI老爸,"2026-09-06 15:42:27",551.3,2,tsengchienchih
6557,16655140,Efthimios,"2026-09-28 06:41:13",551.3,2,efthimiosfousekis
6558,16803726,Yaromir_Ko,"2026-09-08 13:25:00",551.2,2,ronanndex
6559,16734595,"Abhimanyu Singh","2026-08-20 12:52:38",551.2,2,abhimanyusingh170702
6560,16639867,vibecoder,"2026-08-08 05:34:55",551.2,2,kunal808
6561,16810497,Garuda,"2026-09-07 06:32:01",551.1,2,santhoshreddypasnoor
6562,16683282,ayushk_empire,"2026-08-14 11:50:15",551.1,2,ayushkempire
6563,16766888,"Alex #4","2026-08-24 14:42:19",551.0,1,alxndrvara
6564,16689398,Reesh,"2026-08-11 08:55:10",550.6,2,rishileung
6565,16750447,Morpheus0303003,"2026-08-24 16:58:42",550.5,2,morpheus0303003
6566,16665984,hepialidae,"2026-08-10 16:05:19",550.3,2,hepialidae
6567,16793913,"Vrushal Patil","2026-09-06 11:13:36",550.2,2,vrushalpatil
6568,16745972,yamy893,"2026-08-22 02:14:20",550.2,2,yamy893
6569,16735476,"Matthew Liew","2026-08-18 08:02:11",550.1,2,matthewliew
6570,16906705,"Gaurav Vyas","2026-09-30 17:13:49",549.8,2,ctogaurav
6571,16671421,"Gryffin Wang","2026-08-08 23:08:40",549.7,2,gryffindoraf
6572,16731173,AynRmio,"2026-09-17 08:48:38",549.7,2,aynrmio
6573,16755529,"Rafea Almejrab2025","2026-08-29 16:06:34",549.7,2,rafeaalmejrab2025
6574,16663210,"Marco Nasuelli","2026-09-13 15:58:07",549.6,2,marconasuelli
6575,16786043,Palimpsesto,"2026-09-08 23:44:50",549.6,2,denzelfuentes
6576,16735624,"Marc Rippee","2026-08-24 05:03:34",549.5,2,marcrippee
6577,16634204,"m-toshi desu","2026-08-01 06:20:37",549.5,2,mtoshidesu
6578,16927697,Mikiyaas,"2026-09-29 07:58:57",549.2,2,mikiyaas
6579,16695799,Vaycheslav,"2026-09-22 08:05:40",549.2,2,vaycheslav
6580,16668711,"David Leati","2026-08-28 00:47:39",549.1,2,davidleati
6581,16657332,"Amit Malakar","2026-09-29 14:00:49",549.0,2,amitmalakarjoy
6582,16777746,"Daniel Bandy","2026-08-29 02:04:01",549.0,2,goddangitboby
6583,16687390,"Mark Calvert","2026-08-08 09:51:55",549.0,2,markycalvert
6584,16696916,Sundar,"2026-08-11 13:04:59",548.9,2,vsundar17697
6585,16712410,aysfshn,"2026-09-09 15:09:08",548.9,2,aysfshn
6586,16638031,vlad101,"2026-08-21 15:10:27",548.8,2,vlad101
6587,16753353,"Aayush Kumar","2026-09-30 20:55:49",548.3,2,devaayushkumar
6588,16665692,Straw_hats,"2026-09-01 07:40:19",548.2,2,"charanno,tvigneshreddy"
6589,16713249,"vedant patnala","2026-08-27 22:38:03",548.2,2,vedantpatnala
6590,16658051,SethuMadhavan004,"2026-09-30 03:58:56",548.2,2,sethumadhavan004
6591,16770891,"Oleg Shatov","2026-09-05 16:34:56",548.0,2,bishkek
6592,16779539,"Dmitri Bugakov","2026-08-27 16:34:42",547.9,2,dmitrybugakov
6593,16650930,"Govind Sharma","2026-08-24 09:25:23",547.8,2,govindsarswat
6594,16658042,"Giampietro Pregnolato","2026-08-13 09:17:36",547.7,2,giampietropregnolato
6595,16757280,"manos papagiannidis","2026-09-09 08:30:46",547.6,2,manospapagiannidis
6596,16673151,skyblue01,"2026-08-27 07:56:10",547.5,2,skyblue01
6597,16682876,"Kartik Garg","2026-08-09 05:21:34",547.4,2,kartikgarg97
6598,16726080,"Arda Yasar","2026-08-19 06:02:10",547.3,2,ardayasar
6599,16876642,Gruberx,"2026-09-25 17:53:44",547.3,2,gruberx
6600,16663922,MoongladeAI,"2026-09-14 03:49:11",547.2,2,moongladeai
6601,16941519,Dr.Hazbulla,"2026-09-24 14:05:45",547.2,2,drhazbulla
6602,16662015,"ryan panda","2026-09-23 20:03:28",547.2,2,hollowpurple
6603,16743382,"Pavan Rangisetti","2026-09-15 03:42:00",547.2,2,pavanrangisetti
6604,16659663,Chintakrinda_Naveen,"2026-09-22 04:04:37",547.1,2,naveen998
6605,16789914,AkikJana,"2026-09-07 16:37:53",547.0,2,firewaterair
6606,16760604,"Thananut Phiboonbanakit","2026-08-25 14:04:44",546.9,2,tphiboonbanakit
6607,16738777,"Balwinder Singh1235","2026-08-20 10:21:34",546.8,2,balwindersingh1235
6608,16662120,"Harpal Gujral","2026-08-25 18:07:07",546.6,2,harpalgujral
6609,16730461,"Mubin Shaikh","2026-08-19 06:09:17",546.6,2,shaikhmubin
6610,16886077,"Rajan Aggarwal","2026-09-17 15:19:02",546.6,2,rajanaggarwal11
6611,16669393,"ÖMER FARUK YILMAZ","2026-08-07 19:54:59",546.4,2,ofyzero
6612,16671680,"Joe Hall","2026-08-10 19:02:30",546.4,2,halljr
6613,16733046,Afordancja,"2026-08-24 18:22:42",546.3,2,afordancja
6614,16685785,KSAI,"2026-09-07 14:42:54",546.2,2,kishan2112004
6615,16664313,CompilingCoder,"2026-08-06 09:38:17",546.2,2,compilingcoder
6616,16728017,"medkhalil hawachi","2026-09-29 11:33:25",546.2,2,medkhalilhawachi
6617,16668211,"Alejandro Hernández Mairal","2026-09-03 13:28:29",546.2,2,alherma7
6618,16796625,Nepsirhc,"2026-09-12 11:15:35",546.1,2,nepsirhc
6619,16793802,"Andrew Lam","2026-09-01 09:07:56",545.9,2,andrewlam23
6620,16686743,charmander,"2026-09-11 15:44:15",545.9,2,rahuladhi
6621,16665462,ZSZ,"2026-08-12 13:55:00",545.8,2,zsuzsanna2
6622,16663656,"Andrii Kavetskyi","2026-08-20 21:48:20",545.7,2,andriykavetsky
6623,16697261,nbauerle,"2026-08-14 15:10:38",545.7,2,nbauerle
6624,16699140,St.Valentine,"2026-08-18 09:49:04",545.6,2,stvalentin3
6625,16654454,"Haoxiang Li","2026-09-06 09:24:47",545.6,2,haoxiangli789
6626,16732307,"Shobha Vashishtha","2026-08-17 12:32:07",545.5,1,shobhavashishtha
6627,16664134,"Pelayo Fernández","2026-08-07 10:36:48",545.5,2,pelayofdez
6628,16653534,"Mohamed Amine Ettaki","2026-09-14 20:52:45",545.2,2,amine159
6629,16652899,Isha,"2026-09-29 15:47:40",544.8,2,aarohi20
6630,16763113,sowhatwillwelearn,"2026-09-01 11:03:47",544.7,2,sowhatwillwelearn
6631,16947326,"Sachin Sachdeva","2026-09-23 12:55:56",544.7,2,sachinsachdeva
6632,16668648,"Mason R. Brito","2026-09-10 16:58:25",544.5,2,masonrbrito
6633,16731616,"Mohamed Aashik 24","2026-09-14 19:24:28",544.5,2,mohamedaashik24
6634,16811935,"Bhargavaram Gajula","2026-09-05 18:08:56",544.4,2,bhargavaramgajula007
6635,16717671,Jeremy,"2026-09-22 22:01:27",544.2,2,lukeenness
6636,16925954,"Ibrahim Emir Tosun","2026-09-20 10:48:22",544.0,2,tosunn
6637,16775770,"Ashish Kumar","2026-08-27 17:18:58",543.8,1,whoashish115
6638,16716941,林木子吖,"2026-08-24 09:28:59",543.8,2,linmuzi0108
6639,16728799,JulianHahn28,"2026-08-17 21:26:57",543.7,2,julianhahn28
6640,16691518,"Sander Ee","2026-08-09 12:03:09",543.6,2,sanderee
6641,16773779,"Daichi Tanaka","2026-08-31 03:38:48",543.6,2,daichit64
6642,16809158,"Kaito Sada","2026-09-30 03:27:09",543.5,2,kaitosada
6643,16693988,"Pranav Gupta","2026-08-18 03:51:41",543.4,2,kumbhakarann
6644,16922524,"Aleksandar Belic","2026-09-30 09:54:30",543.4,2,aleksandarbelic
6645,16774524,ShinYingChua,"2026-09-13 15:35:15",543.3,2,shinyingchua
6646,16850246,"Makarand Gokhale","2026-09-24 01:08:26",543.1,2,makarandgokhale
6647,16677597,InformaBook2,"2026-09-10 05:38:23",543.1,2,informabook2
6648,16674950,Davide,"2026-09-03 09:22:38",543.1,2,quanttony
6649,16663909,HDPark,"2026-08-17 04:48:41",543.0,2,hdpark
6650,16792449,SKYisSKYisSKY,"2026-08-31 04:16:07",543.0,2,skyisskyissky
6651,16768456,清水一希,"2026-09-30 22:52:59",542.9,2,kazukishimizu0427
6652,16851330,umar,"2026-09-16 03:04:16",542.6,2,umar4md
6653,16677178,"YOUSSEF FAID","2026-08-11 21:10:38",542.5,2,yousseffaid
6654,16730104,BartHeart,"2026-08-20 18:58:23",542.5,2,bartheart
6655,16671256,"Navid Zaman","2026-09-08 13:58:31",542.3,2,navidzaman01
6656,16666648,"Sriram Reddy19","2026-08-06 08:40:07",542.1,2,sriramreddy19
6657,16655027,"Artem Zenkevich","2026-08-16 13:09:58",542.1,2,artemzen
6658,16699689,"David Sedláček","2026-08-10 08:38:38",542.1,2,sibicek
6659,16785687,"AP SEM F STUDENTS","2026-08-31 03:52:37",542.0,2,"advaithn0518,rohanjeyavel,shrivatsamurugan,stitchsages"
6660,16687548,"Shubham Tibrewal","2026-09-22 07:13:23",542.0,2,researchai2026
6661,16701034,notnorm,"2026-08-11 10:31:23",541.9,1,notnorm
6662,16682815,"Saiyam Bharara","2026-08-19 15:03:06",541.7,2,saiyambharara
6663,16694134,"Sophia Leng","2026-08-24 20:04:10",541.6,1,sophialeng9
6664,16797356,"Thalía Cantero","2026-09-15 15:41:27",541.6,2,thalicantero
6665,16888433,SINKO1,"2026-09-25 20:49:06",541.4,2,sinko1
6666,16845161,"Abate etienne","2026-09-08 00:28:04",541.3,2,abateetienne
6667,16750614,"Shivansh Chaudhary","2026-09-05 06:17:27",541.3,2,shivanshchoo
6668,16789550,foundtion,"2026-08-30 13:19:22",541.3,2,foundtion
6669,16844527,"Suyog Gund","2026-09-12 18:30:05",541.2,2,suyoggund
6670,16671942,"JIVRAJ SINGH","2026-09-05 02:33:23",541.2,2,jivrajsingh
6671,16793489,hendracos,"2026-09-02 03:10:03",541.1,2,hendracos
6672,16716365,Murphy,"2026-08-21 14:00:29",541.0,2,taeyounglimdt
6673,16732357,"Thales Augusto Leite de Souza","2026-08-23 23:43:38",540.9,2,thalestals
6674,16639408,Invictus,"2026-08-11 22:44:04",540.9,2,nicho256
6675,16670708,"Mohammad Usman Sajid","2026-09-03 18:26:11",540.7,2,mohammadusmansajid
6676,16691552,"Koshtubh Singh Parihar","2026-08-09 03:19:39",540.6,2,koshtubhsinghparihar
6677,16654351,"Manish Kumar","2026-08-04 07:45:22",540.6,2,manishkumarphd2000
6678,16883042,"Stefan Berger","2026-09-20 21:06:25",540.5,2,stefanberger1111
6679,16733873,"Shirish Chinchanikar","2026-08-30 15:53:12",540.3,2,"codemastersj,shirishchinchanikar"
6680,16665990,daffaharil,"2026-08-11 07:56:55",540.3,2,"daffaharil,farhansiddiq"
6681,16660319,fahimMK,"2026-09-19 16:43:05",540.1,2,fahimmk
6682,16655663,"Farmland Destroyer","2026-08-19 13:43:22",540.0,2,minghaopang
6683,16749104,danielx119,"2026-08-20 16:36:00",540.0,2,danielx119
6684,16665060,Pipeweed,"2026-08-27 18:14:40",539.8,2,pipeweed56
6685,16658937,SebastianQbiak,"2026-08-05 06:20:18",539.5,2,sebastianqbiak
6686,16621811,"Shaun Andrade","2026-08-01 00:44:42",539.4,2,shaunandrade
6687,16841559,dal7,"2026-09-09 04:32:12",539.3,2,purelyconceptual
6688,16670070,"Kirill Molostov","2026-08-31 12:18:26",539.3,2,kirillmolostov
6689,16853288,ypl0lpy,"2026-09-09 07:56:50",539.3,2,ypl0lpy
6690,16732725,MackTen,"2026-08-19 08:14:01",539.1,2,mackten
6691,16851079,"Nathaniel Marshall","2026-09-08 02:04:22",539.0,2,nm4rshall
6692,16846408,"Arpit Gole","2026-09-16 02:21:23",538.8,2,connecttoarpitgole
6693,16670356,"Dziriyin wa9il","2026-08-25 19:56:56",538.8,2,"akumanomu,alioualaeddine"
6694,16831074,BiNar,"2026-09-27 09:04:57",538.8,2,durbinar
6695,16623745,chunluran,"2026-09-27 11:17:09",538.5,2,chunluran
6696,16690352,"Aled von Oppell","2026-09-24 16:04:36",538.4,2,aledgvonoppell
6697,16659418,"Fonge Bertin","2026-08-06 09:26:33",538.4,2,fongebertin
6698,16684886,HTHub,"2026-08-08 00:12:47",538.2,2,adegokesaidi
6699,16691398,"Time to Win","2026-09-03 04:36:52",538.2,2,yatharthdurgapal
6700,16923821,饕餮(๑´ڡ`๑),"2026-09-30 11:17:36",538.1,2,o4d47ii
6701,16668439,Lugas024,"2026-08-08 05:33:51",538.0,2,lugas024
6702,16890342,Bin.Han,"2026-09-21 05:17:00",538.0,2,binhan0514
6703,16708907,"[Deleted] 84526ff4-3aed-4b4b-a45f-a4486f01cb7b","2026-08-13 20:01:55",537.9,2,del=34c747d6ee8d2bd7
6704,16728220,Naki,"2026-09-08 11:50:44",537.9,2,nanakiohashi
6705,16937434,iit24m1520,"2026-09-23 06:17:13",537.9,2,iit24m1520
6706,16663708,"Imran Ahamed","2026-09-23 19:36:27",537.8,2,immu4989
6707,16717245,bernard558,"2026-08-24 22:18:16",537.8,2,bernard558
6708,16682915,"igeo kK","2026-09-12 23:10:17",537.6,2,igeokk
6709,16654099,"Bhupin Thapa magar","2026-08-10 09:22:06",537.6,2,vupeenthapamagar
6710,16896490,"Yiman Gao","2026-09-21 08:15:16",537.5,2,yimangao
6711,16654761,"Mohammed Mukthar","2026-08-05 02:06:15",537.3,2,mohammedmukthar9
6712,16738261,"Samuel Moreira","2026-08-24 14:11:40",537.2,2,samuelmoreira420
6713,16726684,"William Lee","2026-08-19 15:35:28",537.2,2,notyouravgwilly
6714,16702820,"Plorek ","2026-08-28 11:28:11",537.1,2,plorek
6715,16657104,"Bashar Gamal","2026-09-15 05:51:30",536.8,2,bashargamal
6716,16660540,Minikotey,"2026-08-16 15:34:40",536.4,2,juliapatarishina
6717,16633379,"Artem Prokhorov","2026-07-31 20:53:32",536.4,1,catfield123
6718,16660670,"Chirag Bhatnagar","2026-08-31 09:21:45",536.4,2,chiragbhatn
6719,16667630,Sparsh389,"2026-08-06 15:46:09",536.3,2,sparsh389
6720,16732529,"lixinglong ye","2026-09-09 07:46:16",536.3,2,lixinglongye
6721,16674612,"Muhammad Dhiaz Rafilianza","2026-09-25 12:28:11",536.2,2,dhiazr
6722,16795609,2023314806_이승민,"2026-09-04 10:21:31",536.2,2,sminleeee
6723,16671237,"Jose Alejandro Rivera Jaramillo","2026-08-07 18:13:13",536.1,2,alejandroriveraj
6724,16904690,"yuya #2","2026-09-17 07:21:26",536.1,2,pineandtree
6725,16782993,hayashida,"2026-09-07 14:01:36",536.1,2,daichihayashi
6726,16665471,"Dennis Navamani","2026-08-25 11:10:08",535.9,2,dennisnavamani
6727,16848263,Xenongas,"2026-09-08 14:23:14",535.8,2,xenongas1
6728,16724819,Dwij12,"2026-08-20 18:28:01",535.8,2,dwij12
6729,16756677,"Pyzh Vladislav","2026-08-24 10:19:44",535.6,2,pyzhvladislav
6730,16637776,MarvelousXun,"2026-08-03 09:33:38",535.6,2,marvelousxun
6731,16658009,"Lando Wang","2026-08-05 02:18:17",535.6,2,landowang
6732,16755548,"Manuel Ramos","2026-08-27 19:06:26",535.6,2,aizpask13
6733,16744534,"Leonardo Custode","2026-09-11 09:16:04",535.6,2,leocus
6734,16899050,SerenaLsr,"2026-09-16 03:35:02",535.5,2,serenalsr
6735,16739449,SelvapriyankaRam,"2026-08-24 18:44:21",535.5,2,selvapriyankaram
6736,16745571,"Yifan Xie","2026-09-03 13:55:15",535.4,2,yifanxie
6737,16659367,"Tayyab Aamir","2026-08-06 10:59:49",535.4,2,duketi
6738,16926090,"Amr Fadhilah Abiyyu Alif Basysyar","2026-09-21 00:35:25",535.3,2,amrfadhilah
6739,16672370,"Yash Barhanpurkar","2026-09-10 17:36:18",535.3,2,yashbarhanpurkar
6740,16664415,"Imerson Krysthio","2026-08-12 05:37:03",535.2,2,imersonk
6741,16934151,"Aayu wadhwani","2026-09-30 22:59:58",535.0,2,"aayuwadhwani,keshavbhatnager"
6742,16657016,"MD. AS-AID RAHMAN","2026-08-26 15:57:49",534.9,2,mdasaidrahman
6743,16706455,"John Andrei Martinez","2026-08-18 18:55:04",534.7,2,johnandreimartinez
6744,16689919,"Koren Ben Ezra","2026-08-08 17:49:55",534.6,2,korenbenezra
6745,16642994,"Danila Galkin","2026-08-13 19:22:17",534.6,2,danilagalkin
6746,16673923,"Gabriele Giacometti","2026-09-10 12:15:50",534.6,2,gabrielegiacometti
6747,16736261,"Saptanshu Samal","2026-08-22 12:02:42",534.6,2,saptanshusamal
6748,16640504,"Recep Öztürk","2026-08-26 11:19:31",534.4,2,rcpztrrk1
6749,16658477,"chathura prasadh9817","2026-08-06 07:18:04",534.4,2,chathuraprasadh9817
6750,16738336,"Guo Xuehan","2026-09-02 05:44:05",534.4,2,zmllls
6751,16711567,"Finn Brooks","2026-08-15 04:40:11",534.3,2,finnbr
6752,16640888,"Dhe Yeong","2026-09-30 20:50:02",534.3,2,dheyeong
6753,16658151,"Nguyễn Phúc Gia Bảo","2026-08-06 15:15:07",534.1,2,kevincrazy678
6754,16777056,"Seb boulba","2026-08-27 21:03:26",534.1,2,sebboulba
6755,16839030,minedmap,"2026-09-07 20:19:52",534.1,2,minedmap
6756,16660295,Pentos,"2026-08-10 00:06:56",533.9,2,nishiumi
6757,16673712,"Alejandro Betato","2026-08-16 10:48:24",533.9,2,alejandrobetato
6758,16686613,Zubatch,"2026-08-15 20:11:39",533.9,2,zubatch
6759,16866643,"Yan Slabodich","2026-09-15 08:02:34",533.8,2,yanskij
6760,16732609,"Filippo Paninforni","2026-08-19 18:30:22",533.5,2,filippopaninforni
6761,16654640,"Halil Akbas","2026-08-28 00:32:12",533.4,2,halilbrahimakbas
6762,16917921,xxxx333,"2026-09-29 13:36:20",533.4,2,xxxx333
6763,16880707,Joy_22@1,"2026-09-25 18:15:40",533.3,2,joy221
6764,16928039,"Hideki Fujiwara","2026-09-27 22:06:38",533.2,2,hidekifujiwara
6765,16658686,"Alpesh Kumar","2026-08-08 06:12:31",533.2,2,alpeshkumar
6766,16841827,"pohang milk collector","2026-09-20 14:27:51",533.2,2,"duckhun,idearendil"
6767,16930840,machineabao,"2026-09-22 19:18:24",533.1,2,machineabao
6768,16913155,DT,"2026-09-20 14:19:20",533.0,2,"bhd233,vatlegend"
6769,16722502,Abyss,"2026-08-27 11:26:49",533.0,2,sahiltks
6770,16718363,"Jarbas Camurça","2026-08-28 11:15:44",533.0,2,pjarbas
6771,16664790,"soumic 1088","2026-08-19 08:34:34",532.6,2,soumic1088
6772,16712746,itsraininnnn,"2026-08-12 16:38:56",532.5,1,itsraininnnn
6773,16652635,panacea9320,"2026-08-05 10:45:06",532.5,2,panacea9320
6774,16796810,JosephErikRibeiro,"2026-09-21 21:23:50",532.5,2,josepherikribeiro
6775,16671420,"Chengchen Duan","2026-08-17 15:25:09",532.3,2,chengchenduan
6776,16885464,"Javier Hernáez","2026-09-19 18:09:39",532.3,2,javierhernaez
6777,16689391,"Tejas Rajput","2026-08-08 17:21:18",532.2,2,tejasrajput123
6778,16749764,Aquaflame,"2026-09-11 16:41:58",532.0,2,aquaflame
6779,16883182,xvzfbr0,"2026-09-29 02:32:20",532.0,2,xvzfbr0
6780,16742172,"Felisitas Mellania","2026-09-11 06:39:04",531.9,2,felisitasmellania
6781,16664041,"an Expired Engineer","2026-08-17 12:02:21",531.8,2,sanggusti
6782,16667011,"Chung Yu Jin","2026-09-21 05:44:32",531.7,1,chungyujin24
6783,16840437,nick.ai007,"2026-09-10 06:36:01",531.6,2,nickai007
6784,16678157,"Ayush Kumawat","2026-08-14 13:10:02",531.6,2,ayushkumawat21
6785,16809136,"Xander Lee","2026-09-04 13:56:48",531.5,2,xndlee
6786,16688175,aarav221w,"2026-08-25 23:40:16",531.5,2,aarav221w
6787,16795997,"Boyu Wan","2026-09-04 04:58:57",531.4,2,pupudan
6788,16668175,el_dedalus,"2026-08-06 14:48:01",531.4,2,eldedalus
6789,16665894,"Pedro Wu","2026-09-03 03:40:31",531.3,2,pedropei
6790,16692680,"Marc-Luca ","2026-08-11 12:02:15",531.3,2,marcluca
6791,16840365,"Pranjal Morwal","2026-09-30 21:55:03",531.1,2,pranjalmorwal
6792,16743823,"Zeyu Huang_summer","2026-09-14 15:40:41",531.1,2,zeyuhuangsummer
6793,16662103,"Saravana Thiagarajan K","2026-08-05 21:43:42",531.1,2,saravanatk1984
6794,16658779,"Richard G Atkinson","2026-08-05 00:29:59",531.1,2,richardgatkinson
6795,16732504,"porsche zheng","2026-08-18 08:19:41",531.0,2,porschezheng
6796,16728743,Miki_Nuummiu,"2026-09-16 20:54:12",531.0,2,mikinuummiu
6797,16662421,"Aparna Mantha","2026-08-06 17:23:34",531.0,2,aparnam91
6798,16808696,마짱MAZZANG,"2026-09-04 09:41:16",530.9,2,mazzang
6799,16880022,Abdulbosid,"2026-09-26 21:40:56",530.8,2,abdulbosid
6800,16697704,"Leonid Matetskiy","2026-08-09 21:39:06",530.8,2,leonidmatetskiy
6801,16655272,"Artur Sakhiullin","2026-08-09 14:27:52",530.8,2,artursakhiullin
6802,16707078,"Loïc & Zach","2026-08-24 20:25:24",530.7,2,"locmmeteau,zachariedubus"
6803,16767632,"robin baldeo","2026-09-24 22:26:00",530.6,2,robinbaldeo
6804,16700885,"Malala Ramaha","2026-09-19 17:11:00",530.5,2,malalaramaha
6805,16730030,"Jared Wilder","2026-08-17 14:23:15",530.4,2,jaredwilder
6806,16657105,"Mathijs Deelen","2026-08-05 01:16:34",530.3,2,mathijsdeelen
6807,16762206,"mohammad khanjani2026","2026-09-06 05:17:52",530.3,2,mohammadkhanjani2026
6808,16841589,加藤正樹,"2026-09-06 01:59:11",530.3,2,masaki9920
6809,16669396,Fleo98,"2026-08-10 15:43:34",530.2,2,fleo98
6810,16770674,"Arpit Jain","2026-09-02 11:44:36",530.2,2,arpitjain5
6811,16671779,"Syed Jawad","2026-09-06 12:12:28",530.1,2,syedjawad11
6812,16621407,Kh0a,"2026-09-15 06:55:26",530.1,2,llkh0a
6813,16670544,"William Rients","2026-08-06 00:01:02",530.0,2,williamrients
6814,16727009,B05801037,"2026-08-18 02:28:48",529.9,2,peteropop
6815,16663766,"Anup Gautam","2026-08-08 01:29:10",529.8,2,anupanda
6816,16720143,"AMAN PANDEY","2026-08-16 13:57:00",529.8,2,amanapofficial
6817,16667565,BeeDeeR,"2026-09-23 01:13:42",529.8,2,beedeer
6818,16665154,"Omkar Pawar","2026-08-23 12:22:56",529.7,2,omkarrr7
6819,16632510,shi_koyo,"2026-08-04 08:58:56",529.6,2,shikoyo
6820,16659138,allenbcy,"2026-09-10 14:41:18",529.5,2,allenbcy
6821,16654943,"Alexis Selorm Gbeckor - Kove","2026-08-10 11:44:58",529.5,2,advancedbeginner
6822,16707767,"Lai Eu Wen","2026-08-16 16:47:50",529.0,2,laieuwen
6823,16740662,宣城市机械电子职业技术学院,"2026-09-15 02:05:22",528.9,2,chenzhengy
6824,16872064,"Jimmy Erickson","2026-09-13 19:43:54",528.8,2,jimmyerickson
6825,16787010,"Samir Patel","2026-09-04 02:59:28",528.8,2,mesamirpatel
6826,16665133,"Abhishek Dubey","2026-08-10 13:28:57",528.7,2,abhishekdubey911
6827,16677303,"Chase Martyn","2026-08-19 02:05:12",528.7,2,chasemartyn
6828,16937883,Philip,"2026-09-21 21:27:47",528.6,2,timmi22194
6829,16826099,"Aykut Çağlar","2026-09-15 16:08:32",528.6,2,aykutcaglar
6830,16768100,"[Deleted] 2fceeac8-47e6-4861-9adc-c9ec6bbd9188","2026-09-30 00:43:53",528.5,2,del=919b17c867060ff3
6831,16881624,RetrainMap,"2026-09-12 20:08:45",528.5,2,retrainmap
6832,16660138,"Sanchit Handa","2026-09-12 18:45:23",528.4,2,"harmanjotsingh8,sanchithanda182006"
6833,16655651,"Kevin Cho","2026-09-14 16:40:58",528.3,2,chokevinjs
6834,16690869,"Yudai Hayashi","2026-08-23 09:14:30",528.3,2,yuhaya9
6835,16630837,"Vishal Sharma","2026-08-05 18:24:44",528.2,2,vishal40182
6836,16738923,Quantum,"2026-08-29 01:40:45",528.2,2,jawadxhassan
6837,16635746,"jeon hyeon woo","2026-08-13 15:32:43",528.2,2,jeonhyeonwoo
6838,16731996,Chloe,"2026-08-18 02:58:05",528.2,2,chenchloehaimo
6839,16723125,"Shubham Dhapola","2026-08-16 13:35:23",528.1,2,shubhamdhapola24
6840,16666483,"Salih Erdem Kaymak","2026-08-08 17:32:38",528.1,2,saliherdemkaymak
6841,16926556,Fufig,"2026-09-20 17:31:56",528.1,2,yafufig
6842,16743815,"Asanka Pradeep","2026-08-23 14:32:46",528.1,2,asanakapr
6843,16675066,Opticulture,"2026-08-16 12:19:48",528.1,2,"bajibaburowthu,ponnuripavankumar,radhakrishnadoredla,veereshkumar1219"
6844,16673333,"Dimas Renggana","2026-08-06 23:40:39",528.0,2,dimasrenggana
6845,16658106,"Devam juthani","2026-08-05 08:18:14",528.0,2,devamjuthani
6846,16771283,taroyan-vamos,"2026-09-08 15:31:54",527.9,2,taroyanvamos
6847,16844385,"Michael Leo Tan","2026-09-08 02:56:03",527.9,2,michaelleotan
6848,16717850,"HeeGwan Lee","2026-09-06 11:51:49",527.8,2,heegwanlee
6849,16625047,BOBQWERA,"2026-08-02 06:34:18",527.8,2,bobqwera
6850,16743001,Nikhilasree,"2026-09-03 11:33:45",527.7,2,nikhilasree2003
6851,16744898,"Tore Erdmann","2026-09-19 16:19:24",527.5,2,toreerdmann
6852,16793680,prajval_p,"2026-09-01 01:03:39",527.4,2,prajvalp
6853,16862124,"Lei Yang23","2026-09-16 18:09:55",527.3,2,leiyang23
6854,16697681,"Mahfujur Rahman Rakib","2026-08-10 05:14:21",527.3,2,mahfujurrahmanrakib
6855,16825999,"Atsushi Yoshikawa","2026-09-07 02:06:13",527.1,2,atsushiyoshikawa
6856,16680108,dentalsoup,"2026-08-07 09:03:47",527.0,2,afinemonkey
6857,16750751,AarizKh,"2026-09-09 16:28:15",527.0,2,aarizkh
6858,16763287,Sathishkumartheta,"2026-08-25 18:53:26",526.8,2,sathishkumartheta
6859,16741766,lrik00,"2026-09-15 13:27:32",526.8,2,lrik00
6860,16782187,"Margo Kim","2026-08-28 19:15:18",526.7,2,margokim
6861,16674714,"Kaaleedass Manoharan","2026-09-30 12:07:29",526.7,2,kaaleedassmanoharan
6862,16865454,"Zhihuan Xue","2026-09-16 11:16:53",526.6,2,xuantianfengwu
6863,16761451,gulag,"2026-08-24 03:39:54",526.6,2,moglin
6864,16681660,"Parham Ghazanfari","2026-08-07 20:18:18",526.6,1,parhamghazanfari
6865,16655571,yuken,"2026-08-07 13:27:53",526.5,2,yukenai
6866,16669165,"IT Neko","2026-08-14 13:17:33",526.4,2,"nirvaanaa,zhexuanyecust"
6867,16756388,"Sam Scott","2026-08-22 22:04:06",526.2,2,shepard5
6868,16657871,Lucienne,"2026-08-05 03:13:59",526.2,2,yangnianan
6869,16658738,Aman,"2026-08-05 11:12:10",526.2,2,amank95amank95
6870,16887280,"ronger zhu","2026-09-17 04:03:22",526.1,2,rongerzhu
6871,16877886,"Mohamed el.harery","2026-09-16 00:51:49",526.1,2,mohamedelharery
6872,16926699,"Juliano Batistim","2026-09-30 05:04:58",526.1,2,julianobatistim
6873,16750666,"Mitali Yadav","2026-09-29 00:52:08",526.0,2,mitaliyadav18
6874,16702481,"Scott G","2026-08-13 15:19:02",526.0,2,verifiedscott
6875,16868576,DarkhanShakhan,"2026-09-15 20:17:01",526.0,2,darkhan1991
6876,16654085,"Bill Xu","2026-09-30 19:44:46",525.8,2,billll
6877,16726839,syunsuke,"2026-08-21 23:12:13",525.8,2,syunsuke1024
6878,16676534,AlphaBound,"2026-08-25 05:26:32",525.6,2,somsubhrometya
6879,16699756,"zhang xin","2026-09-23 02:00:57",525.5,2,zhangxin300
6880,16665622,one,"2026-08-11 04:10:11",525.3,2,richardsplayground
6881,16681149,Lee14k,"2026-08-19 17:00:35",525.2,2,lee14k
6882,16846845,Shunsuke,"2026-09-07 15:25:38",525.2,2,shunsukeisono
6883,16621657,"Nikita Batuev","2026-09-22 23:14:25",525.1,2,batuevnikita
6884,16671648,"[Deleted] 05e6ae2c-c72f-4044-b02f-dc74277e34ab","2026-08-09 07:21:22",525.1,2,del=871ca06d8c734ede
6885,16715225,"Someswararao Tellakula","2026-08-17 01:15:37",525.0,2,someshtellakula
6886,16860559,"Sara Lark","2026-09-30 01:13:05",524.9,2,saralark
6887,16669479,"Shifa Salsabiila","2026-08-09 02:56:11",524.9,1,shifasalsabiila
6888,16730740,"claude opus5🏆","2026-08-19 09:58:24",524.9,2,yinpinggao
6889,16718366,RATriculture,"2026-08-28 19:15:28",524.7,2,tarasshchur
6890,16748603,有本事出来单挑,"2026-09-28 08:54:18",524.7,2,qianzhonhao
6891,16915731,INF2_josallo4_anpego3,"2026-09-20 16:30:53",524.6,2,josepsalvador
6892,16661318,"Zeel Kadvani","2026-08-25 11:17:53",524.5,2,zeelkadvani
6893,16670596,prabalsingh_23,"2026-08-26 02:33:14",524.5,2,prabalsingh23
6894,16841858,"Aadit Agrawal","2026-09-08 07:23:56",524.4,2,aaditagrawal
6895,16656690,"Sushant Kumar (xWF)","2026-08-06 04:44:38",524.3,2,sushantkumarxwf
6896,16702118,"cemal özdeniz","2026-08-10 20:27:17",524.2,2,cemalzdeniz
6897,16727376,"Roko Torbarina","2026-08-18 18:31:57",524.1,2,rokotorbarina
6898,16731009,"Joseph Paris","2026-08-24 05:32:21",524.0,2,josephkparis
6899,16726052,"Peter Mugoya","2026-09-28 04:50:06",523.8,2,petermugoya
6900,16929796,"Emre Balsar","2026-09-20 11:03:09",523.8,2,emrebalasar
6901,16759246,wangfeifei_si,"2026-08-26 14:27:19",523.4,2,wangfeifeisi
6902,16622938,"Farmville Redux","2026-08-03 18:58:04",523.2,2,daveconnor
6903,16687448,"Israel Burns","2026-08-12 08:41:38",523.1,2,israelburns
6904,16723037,"Red Cat","2026-09-10 19:23:50",522.7,2,severl
6905,16712902,"Ethan Benjamin Cole","2026-08-13 12:19:26",522.6,2,ethanbenjamincole
6906,16690736,omarkami007,"2026-08-11 18:40:45",522.6,2,omarkami007
6907,16809800,XYZ-Siddhartha,"2026-09-19 15:57:03",522.6,2,siddharthaganguly26
6908,16658775,"Vincent Pan","2026-08-29 12:55:20",522.5,2,"judithhong,vincentpan2005"
6909,16718445,"Hamza Elmorjani","2026-08-15 12:16:55",522.5,2,hamzaelmorjani03
6910,16660419,"Kai-Shih Chiu","2026-08-06 12:54:22",522.4,2,kaishihchiu
6911,16634316,"Cao Tùng Lâm","2026-09-01 07:16:08",522.3,2,liamislazy
6912,16659598,kudston,"2026-09-15 18:38:11",522.3,2,kudston
6913,16827864,"Tùng Dương Bùi","2026-09-04 14:31:54",522.2,2,tdbui1209
6914,16649339,"华东 朱","2026-09-30 00:33:10",522.2,2,mgdbzny
6915,16704437,babybuffalo,"2026-08-25 16:11:16",522.2,2,babybuffalo
6916,16726873,@F,"2026-08-16 01:43:22",522.1,1,atefbouzid
6917,16710521,"Natpaphon Nukhunthod","2026-08-17 03:37:15",522.0,2,natpaphonnukhunthod
6918,16775237,"Haruki Iwase","2026-09-12 14:38:17",522.0,2,harukiiwase
6919,16763271,crwmble,"2026-09-30 23:20:32",522.0,2,crwmble
6920,16668022,"Lady and tech","2026-08-19 04:08:50",522.0,2,ladyandtech
6921,16735517,"Philipp k-s","2026-09-13 19:12:05",521.9,2,philippkeussenstrau
6922,16663551,"Germinator G-1000","2026-09-18 19:25:47",521.9,2,sinkingpoint
6923,16811603,hundun,"2026-09-04 09:48:18",521.8,2,zhongh4oyang
6924,16732003,"HAO jia liu","2026-08-18 09:58:05",521.7,2,haojialiu
6925,16706413,"Song Research","2026-08-18 00:39:36",521.7,2,sangbong91
6926,16674504,"Arunabh Gupta","2026-08-18 11:10:33",521.6,2,"arunabhsgupt4,eggsysy"
6927,16663093,"Akul Sareen","2026-08-21 23:49:50",521.5,2,akulsareen
6928,16769793,"Shivam Batra","2026-08-26 14:21:49",521.5,2,shivam744
6929,16805275,"Women or something","2026-09-30 18:11:37",521.4,2,"appalachianmounta1n,reneeschmidt"
6930,16686655,"Emir Baki Demirci","2026-09-26 00:48:25",521.4,2,emirbakidemirci
6931,16718565,Frankyface,"2026-08-13 18:54:37",521.3,1,frankyface
6932,16794797,zzzyan10,"2026-09-21 02:45:51",521.2,2,zzzyan10
6933,16715495,Yashi003,"2026-08-24 04:44:40",521.2,2,yashi003
6934,16721877,SuzukiTakumi,"2026-09-28 18:46:15",521.2,2,suzukitakumi
6935,16681509,"Kethan Sai","2026-09-18 09:53:32",521.1,2,kethansaikoneru
6936,16843633,"Arbnor Grubi","2026-09-13 02:32:30",521.0,2,protocool
6937,16720788,Anson,"2026-09-05 19:45:48",520.9,2,anson0496
6938,16664731,UT,"2026-08-21 15:24:42",520.8,2,"sabapunch,wasshan"
6939,16843393,"Rizki Syawaldi","2026-09-27 15:28:38",520.8,2,rizkisyawaldi
6940,16819076,"Keyur Gohel","2026-09-29 00:41:10",520.8,2,venuzdonoa
6941,16716632,shini47,"2026-08-22 20:30:17",520.7,2,shini47
6942,16786297,isxinhe,"2026-09-19 16:25:26",520.7,2,isxinhe
6943,16663677,"Aghazie David","2026-08-07 00:32:14",520.6,2,aghaziedavid
6944,16722366,"Aki Lit","2026-08-14 23:24:20",520.5,2,akilit
6945,16660035,NoNamedeo,"2026-08-27 14:20:15",520.5,1,nonamedeo
6946,16853582,"Qiao Ke","2026-09-09 09:44:44",520.3,1,bridgekk
6947,16655426,engin_zhou,"2026-08-05 15:21:18",520.3,2,enginzhou
6948,16875479,"Debasish Gorai","2026-09-30 15:22:42",520.3,2,debasishgorai
6949,16858529,TUdo,"2026-09-30 22:48:04",520.3,2,ericjianfengzhang
6950,16892008,#FeedThePuffer,"2026-09-21 02:24:32",520.2,2,"andrdalbosco,gabmaury"
6951,16806260,"Kotaro Furuno","2026-09-03 14:36:00",520.2,2,kotarofuruno
6952,16740534,"Gao Wenjiang","2026-09-02 09:48:37",520.1,2,gaowenjiang
6953,16728195,"6 GOD","2026-08-21 15:50:28",520.0,2,tertospacko
6954,16671364,"Mike Riggs","2026-08-09 03:22:55",520.0,2,riggsasi
6955,16762010,"Ivan Piaternev","2026-09-29 14:40:21",519.8,2,iamvanya
6956,16729157,HahaTaco,"2026-09-12 17:33:16",519.8,2,hahataco
6957,16685652,LeonDuue,"2026-09-01 06:55:54",519.7,2,leonduue
6958,16693233,"Noah Wheeler","2026-09-22 23:13:00",519.6,2,nwheeler806
6959,16762994,AdvancedRising,"2026-09-13 14:54:28",519.3,2,advancedrising
6960,16752665,"Dominik Toric","2026-09-14 17:20:14",519.3,2,dominiktoric
6961,16722028,"Aw Ming Xuan","2026-08-16 09:24:48",519.3,2,awmingxuan
6962,16740709,"Abimael Firstana #2","2026-09-11 07:19:13",519.2,2,abimaelfirstana99
6963,16702359,"Ethan Pl","2026-08-11 19:43:21",519.1,2,ethanpl
6964,16635377,het2554,"2026-09-13 07:55:05",519.0,2,crazy2554
6965,16666597,Ramkumar4240,"2026-08-10 12:19:20",519.0,2,ramkumar4240
6966,16662313,"Maximus Sambucetti","2026-08-09 15:36:46",518.9,2,maximussambucetti
6967,16682076,"Igor Riegel","2026-09-02 14:49:12",518.8,2,igormriegel
6968,16760226,"Erich Hofstötter","2026-08-24 15:49:06",518.7,2,erichhofsttter
6969,16863952,"Kuei-Hsien Chu","2026-09-10 06:14:39",518.7,2,formosa21
6970,16677231,"Ahmed Bootaan","2026-08-06 18:08:52",518.7,2,ahmedbootaan
6971,16744239,"Diogo Gomes ","2026-08-25 09:39:28",518.7,2,diogogomes
6972,16691164,"Krishna Saathwik","2026-08-13 13:50:40",518.6,2,krishnasaathwik
6973,16729202,Sven,"2026-08-27 21:55:40",518.6,2,sventleman
6974,16877016,"Jasper Wessing","2026-09-18 14:08:07",518.6,2,jasperwessing
6975,16632504,"[Deleted] c2f6c5d5-ecb1-4f92-95d7-7c9f0fd3474f","2026-07-31 16:04:32",518.5,1,ryota517
6976,16837934,"Osman ILICA","2026-09-09 02:30:19",518.3,2,osmanilica
6977,16675264,"Alon Bar Koter","2026-08-06 16:16:43",518.2,2,alonbarkoter
6978,16844334,lsnm,"2026-09-07 15:02:17",517.9,2,eliasnema
6979,16680297,"Ajay Singh","2026-08-08 04:33:24",517.7,2,ajaysinghg
6980,16756858,"Rushi A.","2026-08-23 18:54:03",517.6,2,rushia
6981,16845593,matsudaatom,"2026-09-07 14:44:59",517.5,2,matsudaatom
6982,16635145,"Isaac Menard","2026-08-05 21:11:36",517.5,2,isaacmenard
6983,16889017,Bigwh3el,"2026-09-23 20:52:54",517.4,2,bigwh3el
6984,16773942,"Malhar Shah","2026-09-30 11:01:31",517.3,2,"malharshah2511,veervohra123"
6985,16659309,irisV11,"2026-08-18 05:23:01",517.3,2,irisv11
6986,16673324,Amaranta,"2026-09-21 18:08:18",517.2,2,ulyanovantonamaranta
6987,16703129,"Pratik Vadher","2026-08-10 21:08:27",517.0,1,pratikvadher
6988,16717742,"Ghawwjsb Vsjsjsbs","2026-08-13 22:32:49",516.9,2,ghawwjsbvsjsjsbs
6989,16656792,"Gnanaprakash R","2026-08-28 15:05:38",516.8,2,gnanaprakashr
6990,16659181,Hongjie04,"2026-08-05 04:07:04",516.8,2,hongjie04
6991,16885124,"LABHESH YAWALKAR","2026-09-30 12:05:02",516.7,2,labheshyawalkar
6992,16655527,"Saurabh Kumar","2026-08-06 08:14:52",516.6,2,sk25oct
6993,16747345,"Alex #3","2026-09-17 08:59:07",516.6,2,alexb99
6994,16892255,"Jegors Čemisovs","2026-09-23 21:02:44",516.5,2,fortemate
6995,16892437,chukbert,"2026-09-26 06:29:07",516.5,2,chukbert
6996,16674841,"Syna Bedi","2026-08-15 09:57:28",516.3,2,synabedi
6997,16724904,"Carlos Eduardo De Paula Arantes","2026-08-15 15:48:43",516.2,2,carloseduardo1753
6998,16679364,VicD,"2026-08-14 20:16:52",516.2,2,durandv
6999,16669545,"Rishabh Gupta","2026-08-06 18:19:04",516.2,2,rishabhguptajs
7000,16890133,Adsterr,"2026-09-19 07:58:59",516.2,2,adsterr
7001,16719172,"Victor Carriço","2026-08-24 03:35:14",516.2,2,kronossaurus
7002,16667818,AjayVarma555,"2026-08-09 15:14:45",516.2,2,ajayvarma555
7003,16673359,hasshi7965,"2026-09-23 04:34:47",516.1,2,hasshi7965
7004,16764600,"Tanmay Shingavi","2026-09-03 05:43:57",515.9,2,decodingafterlife
7005,16778145,TW_益民_li,"2026-09-03 12:28:49",515.8,2,liyimintw
7006,16733910,davidsmith42,"2026-08-19 23:59:03",515.7,2,ananthvydianath42
7007,16690940,NKryst,"2026-08-29 10:57:18",515.7,2,nkryst
7008,16867305,Prikat,"2026-09-30 19:24:36",515.6,2,prikat
7009,16660364,dadandsats,"2026-08-14 11:41:04",515.5,2,continuingdev
7010,16699711,"maxscender ","2026-08-13 14:03:35",515.5,2,maxscender
7011,16794491,"Sushant Pargaonkar","2026-09-02 02:59:45",515.5,2,sushantpargaonkar
7012,16676360,"Chris Kang","2026-08-17 10:07:49",515.4,2,rukawa917
7013,16669595,evanca,"2026-08-08 12:27:56",515.2,2,evanca
7014,16667794,knadithyavr,"2026-08-13 12:24:05",515.2,2,knadithyavr
7015,16658820,"Jonathan Ashenaf1","2026-08-11 16:59:20",515.0,2,jonathanashenaf1
7016,16669028,"Atishay Kasliwal","2026-08-11 17:54:59",514.8,2,atishaykasliwal
7017,16663232,"Marco Mangan","2026-09-06 21:20:24",514.8,2,masmangan
7018,16895374,JerryWang19,"2026-09-15 08:09:57",514.7,1,jerrywang19
7019,16800950,"Mani Kanta Kalluru","2026-09-09 17:17:20",514.6,2,manikantakalluru
7020,16780513,"Hugo JOBÉ","2026-08-27 20:51:09",514.5,2,hugojob
7021,16676259,Th_Gbay,"2026-08-19 20:42:35",514.1,2,thgbay
7022,16743438,嘎嘎滴辣晒,"2026-08-24 09:30:32",514.0,2,yuhangzhang0621
7023,16675461,mins0_0,"2026-08-30 07:50:53",513.9,2,mins00
7024,16783367,hezhiqian,"2026-09-17 00:06:34",513.9,2,hezhiqian
7025,16708625,"Lê Văn Pháp","2026-08-29 03:15:56",513.9,2,"linhsarah,lvnphp"
7026,16696163,"Romain Durand","2026-08-17 19:00:46",513.8,2,romaindurand1607
7027,16658116,Emmy,"2026-09-30 12:52:23",513.8,2,emmyone
7028,16637894,"Leonardo Domingues","2026-09-25 17:28:07",513.7,2,leonardodomingues
7029,16731887,"hoo aam","2026-08-21 05:37:16",513.6,2,hooaam
7030,16697800,DR_Mkelvo,"2026-08-09 20:42:15",513.6,1,drmkelvo
7031,16855052,pk954061458,"2026-09-14 10:37:54",513.6,2,pk954061458
7032,16761521,"Artificial Silicon","2026-09-30 19:12:24",513.4,2,artificialsilicon
7033,16662875,Jimmy,"2026-09-21 04:29:42",513.2,2,jiyo4476
7034,16946591,zahid11177700,"2026-09-25 05:38:44",513.1,1,zahid11177700
7035,16783050,"Charles Chen","2026-09-29 16:02:31",513.0,2,charles2580
7036,16890221,"Kalebu Makombe","2026-09-14 10:07:31",512.9,2,kalebuomakombe
7037,16667143,"Noct-Tech zombie","2026-08-06 13:46:51",512.9,2,jo3thaboss
7038,16662293,"Alejandro Fonda","2026-09-25 00:56:43",512.9,2,alejandrofonda
7039,16692637,"Blox Amaze","2026-08-09 09:47:42",512.7,2,bloxamaze
7040,16686149,"Luc Mantoux","2026-08-09 20:25:33",512.6,2,lucmantoux
7041,16752899,"Nicolò Alberti","2026-08-23 09:16:36",512.3,2,nicolalberti
7042,16718042,"Muddassir Shah","2026-09-02 21:49:44",512.3,2,wisemanseed
7043,16659507,"Lokesh Lalan","2026-08-26 08:51:50",512.3,2,lokeshlalan
7044,16679671,Ash0666,"2026-08-09 19:28:52",512.1,2,ash0666
7045,16674599,"Luka Duvanov","2026-08-19 22:03:46",512.1,2,nekkon
7046,16762881,Yuki0x80,"2026-09-22 14:30:53",512.1,2,saiyuki1919
7047,16861492,Adi_271,"2026-09-10 09:47:25",512.0,2,adi271
7048,16640845,"tang yangzhou","2026-08-04 21:36:09",512.0,1,tangyangzhou
7049,16793150,Comet19,"2026-08-31 10:53:04",511.8,2,comet19
7050,16775001,"Maarij Aqeel","2026-08-26 14:48:03",511.7,2,maarijaqeel
7051,16675585,"Jacob Joy","2026-08-11 12:13:06",511.5,2,jac0b1
7052,16631772,yuki,"2026-08-03 17:39:58",511.4,2,yururoi
7053,16673191,juliye,"2026-08-10 03:49:13",511.4,2,juliye
7054,16924174,"Brijesh Sankhavara","2026-09-19 07:12:58",511.3,1,brijeshsankhavara1
7055,16664143,"Lucas Henrique Mateo","2026-08-21 19:10:52",511.3,2,lucashmateo
7056,16736636,torch,"2026-08-18 10:35:29",511.3,2,rhtsingh
7057,16668817,"Sean ODonnell","2026-08-08 03:27:47",511.2,2,sjean11
7058,16946099,"CupidCloris Zeus","2026-09-29 13:21:58",511.0,2,cupidcloriszeus
7059,16774317,A_yuki,"2026-09-21 16:26:27",511.0,2,yukiys
7060,16709494,"Aditya Dushara","2026-09-10 22:24:55",510.8,2,adityadushara
7061,16849108,raypratik,"2026-09-25 10:19:40",510.7,2,raypratik
7062,16790206,"bogdan chirkov","2026-09-15 13:46:30",510.6,2,bogdannchirkovv
7063,16705183,"Tong Jiakai","2026-08-14 08:23:26",510.6,2,tongjiakai
7064,16658718,"Duong Bao Duy","2026-09-15 13:31:45",510.4,2,duongbaoduy
7065,16708230,"jose manuel Tinajero","2026-08-25 15:02:46",510.1,2,josemanueltinajero
7066,16696526,"Reda HEDDAD","2026-09-05 21:17:22",510.0,2,redaheddad
7067,16688366,yokoikazumasa,"2026-08-08 19:25:58",510.0,1,yokoikazumasa
7068,16692995,RafaMartinaitis,"2026-08-22 11:50:10",510.0,2,rafaelmartinaitis
7069,16660173,"PAULO HENRIQUE DE LIMA","2026-08-06 02:42:20",510.0,1,paulohenriquedelima
7070,16664142,"The Studio 1","2026-08-16 23:04:06",509.9,2,landonsheatsley
7071,16670274,"dankwa wadie","2026-09-01 08:45:40",509.9,2,dankwawadie
7072,16740272,"Ashley Vance","2026-09-28 19:10:19",509.8,1,ashleyvance
7073,16688220,Aadi,"2026-08-24 23:10:37",509.7,2,aadicv
7074,16631919,"Ghinwa Allaoui","2026-08-04 16:27:17",509.7,1,ghinwaallaoui
7075,16664119,FSzekut,"2026-08-07 00:03:04",509.7,2,fszekut
7076,16623112,Tians12,"2026-08-09 19:10:24",509.6,2,tiansang12
7077,16811259,"Aaryan Agarwal","2026-09-03 20:21:00",509.4,1,aaryanagarwal
7078,16863015,"Carlos Jaime","2026-09-24 03:14:47",509.3,2,cjaime708
7079,16704569,"Lorenzo Grattarola","2026-08-16 22:24:15",509.3,2,lorenzograttarola
7080,16773361,"tom yi","2026-09-24 08:56:59",509.0,1,tomyi1547
7081,16632253,nasuuuuun,"2026-08-04 13:30:11",508.9,2,hikarumatsuzaki
7082,16771171,Manfucci,"2026-09-12 14:08:47",508.6,2,manfucci
7083,16700441,"Houssem RIAHI","2026-08-27 14:54:09",508.6,2,houssemriahi
7084,16676155,"Adam Carnaffan","2026-08-07 16:48:03",508.5,2,adamcarnaffan
7085,16729531,alfphafarm,"2026-08-19 19:09:48",508.4,2,vudattumaniteja
7086,16667025,"Anjitha Mekkayil Anand ","2026-08-28 05:59:46",508.4,2,anjithamekkayilanand
7087,16738640,"Tjay Burger","2026-08-18 17:35:39",508.4,2,tjayburger
7088,16774333,"Nazim Shoikot","2026-09-03 11:20:20",508.4,2,nazimshoikot71
7089,16926574,"walid waccub","2026-09-19 22:12:00",508.4,2,walidwaccub
7090,16663437,inversion,"2026-08-04 20:44:41",508.4,1,inversion
7091,16875818,Mateollqw,"2026-09-12 22:08:38",508.3,2,mateollqw
7092,16798918,"Toan Nguyen Mau","2026-09-07 08:39:35",508.2,2,toannguyenmau
7093,16651804,"Bocen Li","2026-09-30 18:19:07",508.1,2,bocenli
7094,16756131,"Emre Atilgan","2026-08-24 20:20:06",507.8,2,emreatilgan
7095,16915853,popwenman,"2026-09-19 08:21:09",507.8,2,popwenman
7096,16675074,ahiokk,"2026-08-07 07:58:44",507.8,2,ahiokk
7097,16669397,"Abed Kibbe","2026-09-13 06:09:10",507.7,2,abedkibbe
7098,16738456,"Pritul Raut","2026-08-21 08:45:04",507.7,2,pritulraut
7099,16661858,"Lukas Lee e","2026-08-18 00:58:12",507.6,2,lukasleee
7100,16656883,KK,"2026-08-05 10:27:15",507.6,2,kkonzyb
7101,16630773,"An Hoang Vo","2026-09-05 14:49:25",507.6,2,anhoangvo
7102,16907148,Blooriculture,"2026-09-30 13:11:31",507.4,2,"aarnsantosgonzlez,danireyna08,fernandopardoalonso,marcobarrancomoreno"
7103,16905582,Movilly,"2026-09-25 15:11:36",507.4,1,movilly
7104,16799485,"Bartholomew Jordan","2026-09-19 09:48:21",507.2,2,bartholomewjordan
7105,16808641,papajams,"2026-09-28 07:06:23",507.1,2,papajams
7106,16692450,duckypants,"2026-08-23 20:36:59",507.0,2,duckypants
7107,16658031,BSam79,"2026-09-12 09:12:39",506.8,2,bsam79
7108,16693738,"Sonu Jha","2026-08-14 20:32:37",506.7,2,sonujha090
7109,16897043,"Suyog Dahal","2026-09-26 15:45:17",506.7,2,uzumakidahal
7110,16714592,"Carey Casile","2026-08-14 18:34:16",506.6,2,ccasile
7111,16692246,"Pamod Jayaneth","2026-09-08 05:13:09",506.6,2,pamodjayaneth
7112,16730105,"Leonardo Palis","2026-08-17 03:35:05",506.6,2,leonardopalis
7113,16661564,yang20251228,"2026-09-02 03:40:29",506.4,2,yang20251228
7114,16657807,"Ragav Rida","2026-08-07 16:22:34",506.3,2,ragavrida
7115,16730649,Mink,"2026-09-20 22:14:02",506.3,2,"mahendransaeyohnn,mysterious5577"
7116,16661928,"Nikhil raman K","2026-09-30 15:05:46",506.2,2,nikhilramank
7117,16791027,"Ryan Cheung","2026-09-07 04:46:47",506.2,2,doggychip
7118,16683918,Thuytien,"2026-08-07 17:20:33",506.1,2,thuytien200529
7119,16764330,"Koral Kulacoglu","2026-08-26 04:51:33",506.1,2,koralkulacoglu
7120,16697730,JCN2365,"2026-08-13 18:06:35",505.9,2,jcn2365
7121,16664841,vohi01,"2026-09-26 06:42:32",505.8,2,vohi01
7122,16657981,"Arijit Kar","2026-08-18 11:05:52",505.8,2,demonicak
7123,16675900,"Pranav Advani","2026-09-29 16:35:07",505.7,2,pranavadvani
7124,16795284,"Kostas Tsolis","2026-09-14 09:14:56",505.7,2,tkostas
7125,16884997,"Le Huy Tuong","2026-09-17 12:55:49",505.6,2,lehuytuong
7126,16760190,"Florian Tigoulet","2026-08-24 12:37:14",505.5,2,floriantigoulet
7127,16664348,"Rocket Zech","2026-08-29 08:23:04",505.2,2,isaactunglaw
7128,16658973,"not today","2026-08-05 05:57:14",505.2,2,cemhan44
7129,16818405,MickyDot,"2026-09-08 08:16:06",505.1,2,mickydot
7130,16664605,"Nathaniel Shou","2026-08-05 17:51:47",505.1,2,nathanielshou
7131,16669408,"Josaphat Adjele","2026-08-31 17:26:56",505.1,2,josaphatadjele
7132,16720714,"Lithole Munangiwa","2026-08-19 11:23:49",505.0,2,litholemunangiwa
7133,16664750,"shubham kumar","2026-09-13 16:24:23",504.9,2,shubzk17
7134,16767800,awee,"2026-09-07 19:34:52",504.8,2,aweertw
7135,16659025,"Mohammed Naseef","2026-08-05 09:01:20",504.5,2,mohammednaseef
7136,16664913,"ABHISHEK KUMAR","2026-08-17 04:20:56",504.3,2,abhishek6545
7137,16740646,"Darren Chung","2026-08-25 18:00:27",504.3,2,chungdarren
7138,16717817,"Nick Stoddart","2026-08-14 05:15:23",504.2,2,nickstoddart
7139,16654098,"Mohd Zaki","2026-09-30 15:08:29",504.1,2,mdzaki08
7140,16840480,jignesh13,"2026-09-16 19:33:04",504.0,2,jignesh13
7141,16845760,Alyosha85,"2026-09-07 05:42:01",504.0,2,alyosha85
7142,16666371,jiten_topiwala,"2026-08-08 16:51:13",503.9,2,jitentopiwala
7143,16670651,Echare,"2026-09-28 15:49:21",503.8,2,echare
7144,16655899,"Dominic Tedrow","2026-08-17 20:37:28",503.8,2,dominictedrow
7145,16672463,"Muzammil Baloch","2026-08-07 12:45:39",503.8,2,muzammilbaloch
7146,16854398,"VALERIY MIKHALEV","2026-09-08 16:27:24",503.8,2,valeriymikhalev
7147,16793889,zhzz,"2026-09-01 11:28:52",503.7,2,ucsdzhengzeng
7148,16761751,KrishnaKumar_AIML,"2026-09-02 14:38:24",503.7,2,krishnakumarcsr
7149,16808750,ssssying,"2026-09-30 01:53:24",503.6,2,ssssying
7150,16887274,Shakeel,"2026-09-14 09:55:20",503.4,2,shakeel787
7151,16865918,yh00722,"2026-09-14 04:52:38",503.4,2,yh00722
7152,16661550,SeriouS_K,"2026-09-24 08:28:49",503.2,2,serious101
7153,16660850,"Khoa Le","2026-08-05 13:23:55",503.1,2,bryanle2025
7154,16823519,GarciasN,"2026-09-07 18:43:18",503.1,2,garciasn
7155,16686150,"Aek KunKub","2026-08-14 05:21:43",503.1,2,aekkunkub
7156,16659645,Drakus_Julia,"2026-08-09 02:15:20",503.1,2,drakus74
7157,16688646,lakranitesh,"2026-08-08 12:49:18",503.0,2,lakranitesh
7158,16663864,RamónLópez,"2026-09-25 21:45:37",502.8,2,lopeznomar
7159,16748774,"hakan ulucan","2026-08-25 19:19:11",502.7,2,hakanulucan
7160,16662643,Mohit_Singh,"2026-09-26 06:30:36",502.6,2,mohitsingh955
7161,16947220,"Wincent Zhang","2026-09-27 16:01:09",502.5,2,wincentzhang
7162,16712380,Rdjarbeng,"2026-09-30 21:21:51",502.5,2,rdjarbeng
7163,16669470,"ASDM HUB","2026-08-12 20:13:20",502.4,2,jesushechavarria
7164,16710512,FishWotou,"2026-08-19 04:45:40",502.4,2,fishwotou
7165,16652952,lackmind,"2026-09-04 18:46:11",502.3,2,lackmind
7166,16690152,"The Ceris","2026-08-16 11:49:31",502.1,2,amedeopachera
7167,16661066,"André Kuster","2026-08-06 00:54:20",502.0,2,andrkuster
7168,16740894,BetOnMe,"2026-08-19 14:40:02",502.0,2,betonme
7169,16658074,"Qui Ngx","2026-08-05 05:57:15",501.9,2,quingx
7170,16638645,ChrisDavis,"2026-08-03 23:29:34",501.7,2,alpacas
7171,16661443,"STEPHEN ASANTE OPOKU","2026-08-04 16:45:41",501.5,1,stephenasanteopoku
7172,16844670,"Zheng haoling","2026-09-07 04:22:40",501.5,2,zhenghaoling
7173,16664140,Sxwat,"2026-08-23 01:13:13",501.5,2,aybatov
7174,16669118,"yunus yavuz","2026-08-05 21:51:21",501.3,2,yunusyvz
7175,16665046,"Srish Jana","2026-08-06 18:12:59",501.2,2,srishjana
7176,16658160,yunquer,"2026-08-17 07:18:53",501.0,2,yunquer
7177,16661397,"T. Scharf","2026-08-05 02:54:36",501.0,2,scharf
7178,16621354,pengshy,"2026-08-06 04:54:01",500.9,2,dm15336142
7179,16672657,"Lochan Naik","2026-08-07 08:41:44",500.9,2,lochannaik
7180,16781545,"Jake Lin","2026-09-23 01:14:34",500.8,2,jakelinai
7181,16673266,Preet,"2026-08-14 05:57:17",500.7,2,hpkaur34
7182,16753887,"Hong Tang","2026-08-24 21:41:20",500.7,1,hongtang15
7183,16752153,zhao569,"2026-09-17 08:34:24",500.6,2,zhao569
7184,16726445,"James Patounas","2026-08-19 08:37:06",500.4,2,jamespatounas
7185,16676663,"This cat is called Fumi","2026-08-11 18:21:43",500.4,2,qwer556617123
7186,16658327,pocari1,"2026-08-19 07:17:28",500.3,2,pocari1
7187,16717716,"Диас Издибаев","2026-08-15 05:32:14",500.0,2,diasiz1
7188,16655075,"Félix Rodríguez Roble","2026-08-04 09:16:25",499.9,2,flixrodrguezroble
7189,16674076,rigsutra,"2026-09-12 16:57:45",499.7,2,rigsutra
7190,16777150,Eduardo2c,"2026-09-06 14:23:04",499.6,2,eduardo2c
7191,16762831,026,"2026-09-07 00:58:19",499.6,2,thahaarsh
7192,16693522,shadycoderalltime,"2026-09-21 00:01:59",499.6,2,shadycoderalltime
7193,16621523,"Victor Orihuel","2026-08-18 05:40:18",499.5,2,victororihuel
7194,16726854,"Tâm La Thành","2026-08-27 08:55:02",499.3,2,tmlathnh
7195,16765031,"Allen JL Li","2026-08-27 06:12:23",499.3,2,allenjlli
7196,16691807,lbs-vadar,"2026-08-26 18:29:57",499.2,2,lbsvadar
7197,16664502,"Alejandro Morales","2026-08-10 01:05:59",499.1,2,langley96
7198,16857823,"Hà Công Nga ","2026-09-10 02:49:42",498.9,2,hcngnga
7199,16697346,"sayyid mogaka","2026-08-10 21:37:36",498.9,2,sayyidmogaka
7200,16691007,"Nhật Khoa Phạm","2026-08-14 16:15:43",498.8,2,pnk123456
7201,16701795,Proshian,"2026-08-11 00:01:04",498.7,2,proshian
7202,16682984,"Rishikesh Bharat Koli","2026-08-08 04:18:06",498.7,2,rishikeshbharatkoli
7203,16666328,"Dornus !","2026-08-05 21:53:19",498.7,2,dornus
7204,16683309,"Zealous Sebastian","2026-08-09 12:45:32",498.7,2,zealoussebastian
7205,16889005,Dino,"2026-09-23 08:43:11",498.5,2,ngohongthai
7206,16670779,"Aditya Dube","2026-08-06 01:41:24",498.4,2,dubeaditya
7207,16678633,"Tanishq Tayade","2026-09-14 21:39:04",498.3,2,tanishqtayade
7208,16833476,"Richard Pagan","2026-09-05 03:01:54",498.2,1,richardpagan
7209,16677585,Pan,"2026-08-07 13:54:22",498.2,2,mehdiacho
7210,16724395,"Hampton Yeh","2026-08-22 04:07:32",498.2,2,hamptonyeh
7211,16700661,"Aakash Kavuru","2026-08-12 05:13:05",498.1,2,aakashkavuru
7212,16654890,"Josh Hipps","2026-08-06 14:16:49",498.0,2,joshuahipps
7213,16676320,"Khôi Trần","2026-08-29 14:14:57",498.0,2,khoitrn
7214,16664370,"Joel Arias","2026-08-06 17:29:01",497.9,1,j4rias
7215,16783713,Gale,"2026-09-05 02:29:43",497.9,2,na1vel
7216,16630903,"Hrushikesh Pawar","2026-08-09 14:44:37",497.8,2,hrushikeshpawar
7217,16867745,"Carlos Uño Magne","2026-09-13 15:09:49",497.7,2,carlosuomagne
7218,16798775,Lissabon,"2026-09-07 03:36:41",497.6,2,lissabon
7219,16735475,SunjaeLee02,"2026-08-19 08:12:41",497.6,2,sunjaelee02
7220,16674540,"Pratik Priyanshu","2026-08-07 18:28:12",497.4,2,pratikpriyanshu5
7221,16660119,"Dhruva Das","2026-08-05 17:05:52",497.3,2,dhruva77
7222,16654596,"khusham sheth","2026-08-13 05:28:55",497.3,2,khushamsheth
7223,16920613,"vietnam vo dich","2026-09-18 13:38:00",497.2,2,ctun12
7224,16872190,"Zephyr Pong","2026-09-11 11:07:15",497.2,2,zephyrpong
7225,16634790,"Steven Lui","2026-08-03 12:22:08",497.2,2,stevenlui
7226,16678644,"Kanik Aggarwal","2026-08-13 19:01:16",497.1,2,roronoazoro200
7227,16914771,"Moritz Schobesberger","2026-09-17 15:21:34",497.0,2,moritzschobesberger
7228,16677360,"Jatin Chawla","2026-08-08 13:45:06",496.7,2,jatin221
7229,16784966,oouiaa,"2026-09-03 21:53:59",496.7,2,tomofumihata
7230,16662060,"Richard Valino","2026-08-06 16:03:36",496.7,2,richardvalino
7231,16660214,ytddsyt1214,"2026-08-09 12:32:06",496.5,2,ytddsyt1214
7232,16666988,"Sarthak Vedant Mohanty","2026-08-08 00:10:11",496.4,2,sarthakvedantmohanty
7233,16745065,MrEvidentYew,"2026-08-24 18:36:02",496.4,2,mrevidentyew
7234,16729152,Antoine,"2026-08-17 10:12:04",496.3,2,a11t01n3
7235,16757407,"Dylan Bailes","2026-08-26 07:11:56",496.1,2,dylanbailes
7236,16632118,nk,"2026-09-11 09:55:01",496.0,2,nagatakengo
7237,16845148,"nasa Furiy","2026-09-07 08:24:40",496.0,2,nasafuriy
7238,16685349,Onelux,"2026-08-13 12:58:31",495.8,2,leehomhuang
7239,16743282,"Srivishnu Charan","2026-09-03 14:06:54",495.7,2,srivishnucharan
7240,16868761,TboneBrown,"2026-09-11 17:14:42",495.6,2,tbonebrown
7241,16715711,"Shawon Biswas","2026-08-19 10:42:24",495.6,2,shawonbiswas11
7242,16871854,"Tanvi Parsam","2026-09-13 16:07:41",495.5,2,tanviparsam
7243,16662057,DeokJin,"2026-08-05 04:01:38",495.5,2,deokjin
7244,16806084,"DSDgsdgs SDgsdfgs","2026-09-03 05:19:11",495.3,1,dsdgsdgssdgsdfgs
7245,16731635,懒惰的金枪鱼,"2026-09-23 06:45:21",495.3,2,jiaclv
7246,16829729,NoobMaster69,"2026-09-06 09:12:58",495.1,2,thelegend007
7247,16857013,Dote,"2026-09-29 01:38:46",495.1,2,"shriramgunasekar,valid22"
7248,16662043,"Hengcong Zhu","2026-08-05 14:46:24",495.1,2,hengcongzhu
7249,16648589,"Yilan Zhu","2026-08-05 11:23:23",495.0,2,yilanzhu
7250,16712921,"Come Back","2026-08-20 00:45:45",494.7,2,amirhosseinltf
7251,16767754,"Dr. T","2026-09-23 06:55:54",494.7,2,davinor
7252,16825996,"Alex Li","2026-09-04 08:02:19",494.6,2,alexli1998
7253,16651167,ArmanVardanyan07,"2026-08-03 22:43:13",494.6,2,armanvardanyan07
7254,16657674,Warriors,"2026-08-29 14:12:29",494.6,2,"karthikreddykarri,kovvurisaimohanreddy,vikramadityaabhiram"
7255,16786461,"Caleb Bredlow","2026-09-07 04:17:50",494.6,2,calebbredlow
7256,16666249,Kawa_pt,"2026-09-08 22:24:25",494.5,2,kawapt
7257,16707159,"Toua Innocent TIA","2026-08-17 16:28:36",494.4,2,centino
7258,16857732,bzczz123,"2026-09-17 09:52:43",494.3,2,bzczz123
7259,16659813,"Uday Kumar R","2026-08-13 09:47:39",494.1,2,udaykumarramineni
7260,16666614,"Arjun Annamalai","2026-08-18 09:23:28",494.0,2,arjunannamalai
7261,16832891,"Kana Kuroyanagi","2026-09-23 05:10:12",493.4,2,kanakuroyanagi
7262,16730749,"Đông Hà","2026-09-23 10:43:32",493.4,2,phapsucongu
7263,16666055,Axit,"2026-08-06 10:16:15",493.3,2,axitslab
7264,16927406,wmar,"2026-09-28 04:19:34",493.3,2,wmar38334
7265,16862188,KJ007123,"2026-09-10 07:02:20",493.3,2,kj007123
7266,16773402,齐乐,"2026-09-27 12:56:09",493.2,2,qile200107
7267,16696020,"Hugo Voisin","2026-08-11 16:08:06",493.0,2,hugovoisin
7268,16661934,"Viacheslav Kasatkin","2026-08-10 10:48:25",492.7,2,viacheslavkasatkin
7269,16660360,"Joey Gonzales","2026-08-05 00:00:47",492.3,2,joeygonzales
7270,16731729,"Sumit Bopche","2026-08-21 15:53:56",492.3,2,sumitbopche
7271,16661832,"Roberto Garcia","2026-08-08 15:09:39",492.3,2,robertogarciada
7272,16726913,"T T‗Worker","2026-08-22 11:08:14",492.2,2,ttworker
7273,16657400,indrapurnama,"2026-08-08 05:42:05",492.2,2,indr0008
7274,16780592,sergey,"2026-08-27 19:09:25",492.2,2,sadsdfsdf
7275,16749038,Seuz,"2026-09-28 17:04:55",492.1,2,kohdawei
7276,16713033,Contact-Nade,"2026-09-10 07:44:18",492.1,2,"masanammedha,rayofc"
7277,16786280,Shambhavi21,"2026-09-30 15:46:37",492.1,2,shambhavi21
7278,16731013,"Abimael Firstana","2026-09-11 06:55:02",492.0,2,abimaelfirstana
7279,16654970,"Maycon Coutinho","2026-08-27 21:28:32",492.0,2,coutinhomaycon
7280,16735702,opflare,"2026-09-04 23:47:49",491.9,2,opflare1144user
7281,16904318,"wofi poria","2026-09-18 01:33:18",491.3,2,wofiporia
7282,16947207,"Ayush Khandwe","2026-09-24 07:37:55",491.3,2,ayushkhandwe
7283,16687538,aefinityaiinc,"2026-08-27 20:59:35",491.3,2,aefinityaiinc
7284,16661432,"Ange Adantchede","2026-09-28 09:00:05",491.1,2,angeadantchede
7285,16701847,"Xi Li","2026-09-30 22:56:43",491.0,2,bruhuh
7286,16661507,Siddharth1984,"2026-08-06 13:39:22",491.0,2,siddharth1984
7287,16705363,"Matt Hall","2026-08-16 01:44:32",490.9,2,matthall0
7288,16656871,"Pedro Henrique","2026-08-07 03:37:29",490.9,2,pedrohets
7289,16756987,"Joseph Paggeot","2026-08-24 04:32:57",490.8,2,josephpaggeot
7290,16685618,"Krupa Vardhan","2026-08-28 09:24:21",490.6,2,krupavardhan
7291,16669699,nikesh23,"2026-08-08 01:52:56",490.6,2,nikesh23
7292,16698292,"Dallas Manning","2026-08-17 14:29:53",490.6,2,dallasmanning
7293,16735251,AlviH47,"2026-08-19 14:25:48",490.4,2,alvih47
7294,16635481,Jamaisvu,"2026-08-20 15:39:29",490.3,2,jamaisvu
7295,16656573,"Ashiq Firoz","2026-08-17 18:20:11",490.1,2,ashiqfiroz
7296,16662751,ZeD,"2026-08-06 10:11:24",489.9,2,hussamcheema
7297,16870372,ALİHAKANÜNAL,"2026-09-23 14:59:55",489.9,1,needdata123456
7298,16720760,ysteh05,"2026-08-15 05:14:53",489.7,2,ysteh05
7299,16662201,"Saumitra Verma","2026-08-04 18:28:36",489.6,2,saumitraverma
7300,16657401,korpo,"2026-08-25 20:18:13",489.5,2,krisko
7301,16700484,白井孝太郎,"2026-08-15 01:08:02",489.4,2,kotaroshirai
7302,16886832,"Ayush Patel","2026-09-13 16:25:18",489.4,2,ayushpatel02
7303,16722252,pwdh2026,"2026-08-14 22:16:22",489.0,2,pwdh2026
7304,16665257,"Ken Li","2026-08-09 12:59:32",488.9,2,kenliwt
7305,16888000,Akhilesh,"2026-09-19 00:03:29",488.8,2,akhilkas
7306,16641009,"Marius Kirschner","2026-08-03 08:41:47",488.6,2,mariuskirschner
7307,16693207,"Vamshi Guntupalli","2026-08-11 22:40:36",488.6,2,vamshiguntupalli
7308,16769648,"Alok Kumar","2026-08-28 18:04:50",488.6,2,shadowserpent
7309,16664706,olivbhxf,"2026-08-06 07:10:34",488.5,2,olivbhxf
7310,16718338,"Oladimeji Adeyemi","2026-08-17 15:33:50",488.4,2,adeyemioladimeji
7311,16709885,"Manuel Pérez","2026-08-14 01:54:02",488.4,2,manuelperezzz
7312,16804924,"Kevin L.","2026-09-09 07:04:46",488.3,2,zorgis
7313,16685582,Wasaanyi,"2026-08-18 09:21:30",488.0,2,"cnakakeeto,wasaanyi"
7314,16798074,"Akkapop Prasompon","2026-09-09 12:17:36",487.8,2,akkapopprasompon
7315,16896566,Bleriot11,"2026-09-15 15:08:27",487.8,2,bleriot11
7316,16810343,"Aleksandr Borodin","2026-09-02 20:29:06",487.7,2,aleksandrbor
7317,16661950,moonmelonpizza,"2026-08-09 12:25:23",487.7,2,moonmelonpizza
7318,16665281,"[Deleted] 899172b8-e148-4564-ba8c-c46356105ab8","2026-08-05 09:55:11",487.6,2,del=cd7e9a4014b872ef
7319,16678602,"hassan manour","2026-08-07 12:52:23",487.5,1,hassanmanour
7320,16802663,ipefix,"2026-09-01 17:34:35",487.5,2,nmsis91
7321,16649077,"Yifan Yang 135","2026-08-11 06:22:40",487.5,2,yifanyang135
7322,16725938,"Ben Cheng","2026-09-05 16:03:36",487.0,2,benczb
7323,16885828,U-Bex,"2026-09-28 14:55:58",487.0,2,shuichiurabe
7324,16895340,Prakhareshwar,"2026-09-22 15:22:36",487.0,2,prakharpathak12
7325,16709522,"Sanjay Dilip","2026-09-23 23:11:27",486.9,2,sanjaydilip
7326,16926609,SunriseL,"2026-09-20 07:56:01",486.9,2,sunrisel
7327,16795624,"Shashwat Khare","2026-09-02 01:46:54",486.6,2,shshwtkhr
7328,16668612,"raffael prem","2026-08-06 08:02:13",486.5,2,raffaelprem
7329,16786450,fujii,"2026-09-15 14:01:51",486.4,2,kojisoemi
7330,16631981,"Karen Letir","2026-08-10 09:21:51",486.3,2,karenletir
7331,16692750,"Hoya need job","2026-09-30 22:28:11",486.2,2,pranavwankhade
7332,16655424,Fayche,"2026-08-10 16:50:28",486.1,2,fayche
7333,16656913,"Inna Davidov","2026-08-20 04:43:47",486.0,2,innadav
7334,16711760,"Shubham Penkar","2026-09-30 09:07:08",486.0,2,shubhampenkar
7335,16728137,mchicen,"2026-08-20 16:48:10",485.9,2,"iyaiji,mchicen"
7336,16885591,Orange,"2026-09-13 11:30:58",485.9,2,orangecoppers
7337,16918629,humblegod,"2026-09-30 23:08:40",485.5,2,sophatodom
7338,16848498,KeiroS,"2026-09-11 07:59:01",485.2,2,keiros
7339,16709487,Kohei,"2026-08-19 20:54:42",485.1,2,kshintani
7340,16660089,ChristosGrigoras,"2026-08-07 22:41:49",485.0,2,cgrigoras
7341,16641622,datajanko,"2026-08-22 07:40:54",484.9,2,jankoch
7342,16701250,T00bii,"2026-08-11 16:11:06",484.9,1,t00bii
7343,16768178,Scarttish,"2026-08-26 22:44:26",484.9,2,scarttish
7344,16914880,"Mohammed Afreed Pasha","2026-09-30 13:33:43",484.7,2,mohammedafreedpasha
7345,16711812,"zhan renyi","2026-08-31 05:24:39",484.5,2,zhanrenyi
7346,16685800,"Sumit Ridhal","2026-09-05 11:44:15",484.4,2,sumitridhal
7347,16688383,plong2101,"2026-08-18 06:21:34",484.4,2,plong2101
7348,16632368,"Yuelin Bai","2026-08-03 08:15:12",484.3,2,paralym
7349,16899234,vimes1984,"2026-09-17 01:19:19",484.1,2,vimes1984
7350,16694171,"guanran wang","2026-08-11 05:57:12",484.1,2,guanranwang
7351,16680562,devsloppy,"2026-08-10 20:02:19",483.7,2,twu1738
7352,16664652,QuasarHeart,"2026-09-04 14:00:05",483.6,2,quasarheart
7353,16691271,"Ashler Herrick","2026-08-09 14:54:33",483.5,1,ashlerjohnherrick
7354,16774134,kokdonbaq,"2026-08-30 14:07:52",483.5,2,darkhan14
7355,16906032,Volkan,"2026-09-22 08:59:20",483.4,2,volkan97
7356,16779813,zitihc,"2026-08-29 14:18:49",483.4,2,zitihc
7357,16687604,Harrislrobinson,"2026-08-11 00:25:10",483.3,2,harrislrobinson
7358,16662938,CarlitrosParra,"2026-08-05 21:34:52",483.3,2,carlitrosparra
7359,16719857,"Howey do it","2026-08-14 23:06:06",483.2,2,ronincoppins
7360,16925815,"[Deleted] c3923c6e-1011-4da1-9c40-584a2fcbcc36","2026-09-20 01:04:14",483.2,1,del=0e85502e1e45d7da
7361,16661596,t@got@go,"2026-08-10 06:24:24",483.2,2,kamdaanahessod
7362,16662715,"Great Okwuma","2026-08-17 00:10:46",483.0,2,greatokwuma2
7363,16891695,yuruihito,"2026-09-16 14:04:22",483.0,2,yuruihito
7364,16632100,"Mohit Shirke","2026-08-07 17:55:11",482.9,2,orcivion
7365,16939706,"Priyanshu Patel","2026-09-22 17:54:24",482.8,2,"abuzarkhan99,priyanshupatel007"
7366,16925216,krigga,"2026-09-21 09:35:00",482.7,2,krigga
7367,16693033,AgriBot,"2026-08-13 23:53:10",482.7,2,prcieuxcomlan
7368,16676928,"Bernardo Carvalho","2026-09-30 14:26:51",482.6,1,bernarcarv1975
7369,16755101,"Thomas van der Meer","2026-08-26 11:19:19",482.5,2,tvdermeer
7370,16654485,"Mahbub Alam","2026-08-04 02:08:23",482.4,2,mahbubalam214
7371,16640077,larry54321zhao,"2026-09-09 08:48:32",482.3,2,larry54321zhao
7372,16623316,"Ondrew Zudin","2026-08-06 23:08:41",482.3,2,ondrewzudin
7373,16730922,"Shengyuan Yin","2026-09-24 10:49:46",482.3,2,flaming0
7374,16663777,"Mortis Beans","2026-08-24 05:27:44",482.1,2,mortisbeans
7375,16686109,"Triple Tensor","2026-08-17 08:24:26",482.1,2,"adinathjagtap777,pds178,prajwalzolage05"
7376,16802949,Han2551,"2026-09-30 22:43:40",482.0,1,han2551
7377,16765380,jslee_homeofson,"2026-08-25 13:10:22",482.0,2,jsleehomeofson
7378,16855185,ArdiaNova,"2026-09-30 16:09:22",482.0,2,ardianova
7379,16744610,"Safiullah Baig","2026-08-20 13:16:58",481.9,1,safm1rza
7380,16752191,"Wenxuan Ye","2026-09-04 07:10:28",481.9,2,akomwins
7381,16880843,"Triều Đinh Hải","2026-09-12 19:41:11",481.8,2,triuinhhi
7382,16722793,Murphyzz,"2026-09-27 21:10:36",481.5,2,theophileperez
7383,16740248,KK_nut,"2026-08-25 03:26:52",481.4,2,k0k0nut
7384,16725847,"Shel Horta","2026-08-18 04:29:55",481.4,2,shelhorta
7385,16668606,"Hasith Kulathilaka","2026-08-31 19:09:39",481.3,2,hasithkulathilaka
7386,16843921,Ruijiehe1213,"2026-09-13 03:40:30",481.3,2,ruijiehe1213
7387,16658627,"Osman Can ÇETLENBİK","2026-08-05 15:25:30",481.3,2,osmancancet
7388,16683383,Boardgamers,"2026-09-30 23:19:07",481.2,2,"cgchirag,hitishagoyal,nandneepriya,navneetprabhat"
7389,16760352,"Romain Bomba","2026-08-24 01:27:23",481.2,2,romainbomba
7390,16761589,"Eren -","2026-08-27 08:48:44",481.0,2,erenozyurek
7391,16922976,kotemendo,"2026-09-20 00:43:54",481.0,2,kotemendo
7392,16665364,"Shien Zhang","2026-08-06 06:50:46",480.9,1,shienzhang
7393,16645446,gogo98415,"2026-08-29 06:04:15",480.9,2,gogo98415
7394,16662741,"Abhiraj Govind","2026-08-04 18:01:16",480.6,1,abhirajgovind
7395,16672078,vietlinhh02,"2026-08-08 07:46:53",480.4,2,vietlinhh02
7396,16631480,"Kumar Abhijeet","2026-07-31 13:29:40",480.4,1,krabhijeet
7397,16682707,"AJAY KUMAR","2026-08-07 19:13:08",480.4,2,worldsslayer
7398,16655072,Sonuaswar1,"2026-08-04 07:33:47",480.3,2,sonuaswar1
7399,16876700,"Omar Mukhtar","2026-09-18 10:05:32",480.3,2,omarmukhtar3
7400,16749371,"Renisa Assyifa Putri","2026-08-21 05:24:07",480.1,1,renisaassyifaputri
7401,16814952,"Ngọc Huyền","2026-09-29 12:05:44",480.0,2,ngchuynss
7402,16656410,Sam,"2026-08-14 01:58:04",479.9,2,beartrader
7403,16756561,"Eren Tekin","2026-09-14 23:41:50",479.7,2,erennntkn
7404,16740840,"Huchen Jiang","2026-09-02 09:18:47",479.6,2,huchenjiang
7405,16660361,"Abhishek Sharma","2026-09-26 16:41:40",479.3,2,abhisheksharma425
7406,16763351,shutong114,"2026-09-20 18:38:08",479.3,2,shutong114
7407,16941927,想想偶像怎么做,"2026-09-24 08:47:33",479.3,2,fjt12138
7408,16799797,"Zimin Zhong","2026-09-23 15:17:43",479.2,2,"dracfy,lyylyy2,zhongzinmin"
7409,16772455,dextrecity,"2026-08-30 11:37:56",478.8,2,"dextrecity,leo0pa"
7410,16698103,JJ,"2026-09-02 09:46:15",478.8,2,jianjinchen
7411,16717601,"Mariem Fersi","2026-08-24 23:22:14",478.7,2,"mariemfersi,yassinebrahem2"
7412,16846143,germanyum,"2026-09-13 14:32:05",478.7,2,germanyum
7413,16701454,"André-Marie BEHANZIN","2026-09-15 11:42:17",478.7,2,andremariebehanzin
7414,16673214,Boiga7,"2026-08-06 14:03:53",478.6,2,lewiselliot
7415,16623302,"Raffi Ardhi Naufal","2026-07-31 18:31:57",478.6,1,raffiardhi
7416,16886765,LZWang,"2026-09-13 22:00:47",478.1,2,wlzwlz
7417,16629002,Alpro,"2026-09-08 23:32:24",478.0,2,"dogaakal,egekemalkaraca"
7418,16687293,"Aurelie Jodelle Kemme","2026-08-20 00:25:43",477.9,2,"audreydemafo,aureliejodellekemme"
7419,16725955,"Aditya Pandey","2026-08-17 00:10:10",477.9,2,adipandey777
7420,16639814,"Nikhil Krishna A","2026-09-07 07:37:56",477.8,2,techmasternikhil
7421,16715126,준환,"2026-09-10 11:28:25",477.8,2,paulguilbert
7422,16693797,"Riyaz Ur Rehman","2026-08-17 02:21:15",477.7,2,riyazurrehman
7423,16778947,mart3104,"2026-09-05 15:31:43",477.6,2,mart3104
7424,16789996,"Chen Jiaqi","2026-09-02 15:48:25",477.5,2,elaemchen
7425,16667517,"Recep Barkın Topcu","2026-08-31 05:30:02",477.5,2,recepbarkntopcu
7426,16668324,"Alden Jenish S","2026-08-06 14:02:09",477.4,2,aldenjenishs
7427,16661927,JHCodeQuest,"2026-08-25 11:36:46",477.2,2,josephkhassan
7428,16771972,"Vansh Ahlawat","2026-09-22 15:35:39",477.1,2,vansh5126
7429,16709880,"Javier Pérez Robles","2026-08-15 02:21:07",477.1,2,javierprezrobles
7430,16768939,"Pratham Sonawane","2026-08-30 17:37:23",477.0,2,prathamsonawane1
7431,16658476,"goksel yesiller","2026-08-04 11:07:53",477.0,2,gokselyesiller
7432,16727961,"Ebenezer Olumeyan","2026-08-22 15:54:00",477.0,2,eolumeyan
7433,16678083,"Abdeljalil Idalahaj","2026-09-05 04:28:08",476.8,2,abdeljalilidalahaj
7434,16659183,"Leonard Yaw Mensah","2026-08-05 02:22:25",476.8,2,leonardyawmensah
7435,16666652,"Mohamed Fanni","2026-08-17 00:51:38",476.7,2,"arachid,mohamedfanni,soukaynamokhtari"
7436,16656470,Glimmeron,"2026-08-12 02:01:48",476.6,2,rishabhraushan
7437,16675060,"Xinger Gao","2026-08-31 08:52:07",476.6,2,xingergao
7438,16777132,"Soham Dave","2026-08-27 14:51:01",476.3,2,sohamdave19
7439,16774958,"Charles Wuytack","2026-08-27 14:58:07",476.3,2,charleswuytack
7440,16645841,Lucien,"2026-09-24 07:55:19",476.0,2,lucienhu6775765
7441,16723070,"Michael Fotopoulos","2026-09-30 14:48:40",475.9,1,michaelfotopoulos
7442,16728014,Alpha223,"2026-09-05 15:51:24",475.9,2,alpha223
7443,16715897,shettynaisha,"2026-09-06 17:28:58",475.9,2,shettynaisha
7444,16723737,HaruhiroKazami,"2026-08-21 16:12:04",475.8,2,haruhirokazami
7445,16733948,novodude,"2026-09-06 18:41:26",475.8,2,novomont
7446,16653118,"Elmira Yekani","2026-08-18 17:05:20",475.8,2,elmirayekani
7447,16729081,"Venkata Y","2026-08-19 00:45:13",475.7,2,venkatayerrapothu
7448,16932020,Syedxd,"2026-09-24 12:53:04",475.6,2,syedxd
7449,16907592,may2223,"2026-09-21 06:31:05",475.5,2,may2223
7450,16685028,"serene ng","2026-08-13 14:53:37",475.4,2,sereneng
7451,16679771,Coolgolf,"2026-09-02 13:56:54",475.2,2,coolgolf
7452,16733644,Gavilán,"2026-08-23 19:41:22",475.2,2,gaviln
7453,16706985,Valmrnch,"2026-08-24 07:57:56",475.0,2,valmrnch
7454,16675468,"atakan akgün","2026-08-13 15:32:32",475.0,2,atakanakg
7455,16666709,JSQL,"2026-09-02 18:52:37",474.9,2,jeffreyschott
7456,16684024,"Work From Home 3.0","2026-08-14 12:33:30",474.9,2,"direct1,gongyiqian,jovansee,maxtankialok,n00bcak"
7457,16769170,"Hardik Savaliya211","2026-08-25 11:07:10",474.9,2,hardiksavaliya211
7458,16627463,dnish,"2026-08-05 07:37:16",474.8,2,dnishio
7459,16668461,SobanAli,"2026-08-19 15:49:03",474.6,2,soban256
7460,16665424,taaaaanq,"2026-08-17 14:23:35",474.4,1,"chuayaplong,flashtigro,huayu05,taaaaanq"
7461,16675477,"Joanne Yun","2026-08-07 13:40:53",474.3,2,joannejyun
7462,16717018,"Urvashi Bansal","2026-08-17 09:12:29",474.0,2,urvashibansal123
7463,16878695,"Yang Lv","2026-09-25 05:41:36",474.0,2,lvyang199888
7464,16659896,TedT,"2026-08-11 19:36:14",473.9,2,fdsaur
7465,16881665,"Negar Hassantabar","2026-09-30 23:15:02",473.9,2,negarhassantabar
7466,16887058,"Michael Eberhard","2026-09-15 20:29:09",473.9,2,michaebe
7467,16628487,"Koichi HIRAOKA","2026-08-01 08:42:40",473.8,2,koichihiraoka
7468,16892006,"Leul Hailemichael","2026-09-16 21:00:15",473.8,2,leulhailemichael
7469,16676613,LCZ1996,"2026-08-29 02:02:59",473.8,2,lcz1996
7470,16637649,cameronezrajones579,"2026-08-15 15:49:12",473.8,2,cameronezrajones579
7471,16931219,AzureYu,"2026-09-21 10:44:17",473.7,2,azureyu
7472,16794309,"Sanyam Jain","2026-09-25 22:15:39",473.7,2,sjain03
7473,16745655,巴啦啦能量,"2026-09-08 01:30:14",473.7,2,wsh10086
7474,16639244,"Romone Dunlop","2026-08-11 10:19:49",473.7,2,romonedunlop
7475,16665080,"RAVI KUMAR696996","2026-08-05 06:14:29",473.7,2,ravikumar696996
7476,16785352,"joão Vitor","2026-09-05 20:19:12",473.6,2,jaov30718
7477,16742059,dafei2025,"2026-09-03 09:19:34",473.6,2,dafei2025
7478,16663188,"Ethan Feng","2026-08-05 22:09:38",473.6,2,xenon111231
7479,16644577,"Arthur Merritt","2026-08-04 07:11:11",473.5,2,jarthuph
7480,16645870,"Barathan Aslan","2026-08-03 08:21:55",473.5,2,barathanaslan
7481,16661099,TheSven,"2026-08-06 17:05:25",473.5,2,thesven
7482,16775131,"Re Son","2026-08-27 14:29:31",473.4,2,lemelson
7483,16733745,sokilya,"2026-09-30 05:49:38",473.1,2,sokilya
7484,16656797,"رحيم محمد","2026-08-04 20:05:45",473.0,2,darkmaxedwe
7485,16656317,"Manu Rahi","2026-08-06 16:43:55",472.9,2,manurathi
7486,16691466,"Jeeta Nandi ","2026-09-04 09:23:34",472.9,2,jeetanandi
7487,16797002,ZhixinLuo,"2026-09-01 14:16:09",472.7,2,zhixinluo
7488,16885999,"Vansh #2","2026-09-20 14:22:18",472.7,1,vanshnavi
7489,16729510,ARM,"2026-09-08 13:01:17",472.7,2,"midhun4126,mrohithjohn"
7490,16662722,"Ajeet Jain","2026-08-07 06:32:10",472.4,2,jainajeet29
7491,16658115,SantaClaws,"2026-08-10 14:50:31",472.4,2,vovikdrg
7492,16725757,AchyutKishore123,"2026-09-29 09:14:40",472.3,2,achyutkishore123
7493,16666637,"Uttam Limbani","2026-08-07 13:41:14",472.3,2,uttamlimbani
7494,16845696,Huskkky,"2026-09-07 03:47:13",472.2,2,huskkky
7495,16658344,SOONHANKWON,"2026-08-28 02:00:59",472.0,2,soonabletv
7496,16701761,BalaVignesh,"2026-08-11 17:04:37",472.0,2,balavignesh
7497,16705149,"Allen Chun","2026-08-15 04:59:05",472.0,2,allenchun
7498,16688134,"Marc Dakuginow","2026-08-13 01:40:44",471.8,2,marcdakuginow
7499,16654174,"Dharmeswar Basumatary","2026-09-09 11:09:15",471.8,2,dharmeswarbasumatary
7500,16657601,Simon,"2026-08-05 15:59:44",471.7,2,benten10
7501,16686972,"Ankit Maurya","2026-08-23 07:05:44",471.7,2,"ankitmaurya16,rudraprasadsah"
7502,16664211,"Ben Wilson","2026-08-06 23:57:29",471.6,2,crispyryse
7503,16657528,"Symekah Shadrack Basweti","2026-08-05 10:17:09",471.6,2,symekah99
7504,16679958,Bum_Fy_Mz,"2026-08-13 20:31:44",471.5,2,bumfymz
7505,16685722,"Jiahan Cao","2026-08-12 09:01:22",471.5,2,jiahancao
7506,16809022,CheeseFunction,"2026-09-05 06:58:36",471.5,2,cheesefunction
7507,16699207,"Bipin Rimal","2026-08-10 07:45:21",471.5,2,bipinrimal314
7508,16725483,PQ_Marz,"2026-08-15 16:25:50",471.2,2,pqmarz
7509,16722561,Asia214,"2026-08-30 02:26:16",471.1,2,asia214
7510,16823067,Francisco,"2026-09-10 18:00:57",470.9,2,cheneblanc
7511,16858250,"ayush kumar","2026-09-14 10:35:32",470.8,2,ayushkumar1610
7512,16692644,"Achille Gohin","2026-08-10 00:26:26",470.8,2,achillegohin
7513,16630438,"Aayush Bansal","2026-09-27 17:00:31",470.8,2,aayushbansal0330
7514,16685570,"Micah Fernando","2026-08-07 19:46:31",470.6,2,micahfernando
7515,16702281,"Dhruv Patel #2","2026-08-10 21:25:08",470.5,2,dhruvpatel1972
7516,16679096,WilliamXylean,"2026-09-28 18:03:32",470.5,2,williamxylean
7517,16796273,"Kiplangat Vincent","2026-09-22 13:52:17",470.4,2,balvins
7518,16724470,"Mahdi Rafati","2026-08-24 15:32:51",470.2,2,mahdirafati
7519,16705480,Mint120,"2026-08-19 05:49:10",470.1,2,mint120
7520,16722109,Navneet,"2026-08-14 14:02:35",470.0,2,zxcdfg
7521,16883234,Cpleasance,"2026-09-14 00:24:24",470.0,2,cpleasance
7522,16737362,"moushun chen","2026-08-20 06:45:46",469.9,2,moushunchen
7523,16914972,cdwswb,"2026-09-19 02:25:22",469.8,2,cdwswb
7524,16655069,"Jason Harrison","2026-08-05 20:56:59",469.7,2,jasonharrisonco
7525,16725123,"Pham Quang Nghia","2026-08-22 15:00:51",469.5,2,phamquangnghia
7526,16656689,"Vansh Gupta","2026-08-11 08:56:56",469.5,2,vanshrl9ine
7527,16694314,"Ali Abbas Baig","2026-08-28 19:55:16",469.3,2,aliabbasbaig
7528,16683837,"Blessed Ngorima","2026-08-18 09:40:53",469.2,2,blessedngorima
7529,16674308,"Ayush Roy","2026-08-06 20:28:57",469.0,2,ayushroy39
7530,16724842,"Mikaela Gkolemi","2026-08-21 19:04:38",468.9,2,mikaelagkolemi
7531,16678613,iBooNDK,"2026-08-09 19:03:37",468.8,2,iboondk
7532,16719742,"Varun Dave","2026-08-31 22:56:07",468.7,2,"pranavtrivedi02,varundave95"
7533,16689908,Hyun777,"2026-08-14 01:11:17",468.6,2,hyun777
7534,16633577,Boxy,"2026-08-15 18:55:40",468.4,2,boxyml
7535,16764751,"Abhishek Parmar","2026-08-26 04:06:39",468.2,2,abhisheknparmar
7536,16664252,"Huy Hoang","2026-08-15 03:59:40",468.2,2,themeend
7537,16775236,hohohoZzZ,"2026-09-16 16:14:37",468.1,2,hohohozzz
7538,16887642,"Dimitrios Giannoulis","2026-09-14 12:38:24",468.0,2,plagiagia
7539,16705661,"Toshiki Touda","2026-08-13 06:51:05",468.0,2,toshikitouda
7540,16670387,"Oracle69 AI","2026-09-28 13:52:43",467.9,2,princeadewaleadewumi
7541,16696460,"Enzo 7mlk","2026-09-16 15:19:51",467.8,2,enzo7mlk
7542,16662995,"carlos mario de oro aguado","2026-08-06 21:08:28",467.7,2,cdeoroaguado
7543,16880689,yasmine0809,"2026-09-12 16:19:37",467.7,2,yasmine0809
7544,16729914,Christina,"2026-09-14 11:16:46",467.7,2,geekycb
7545,16706277,"ratat Zheng","2026-08-12 10:25:38",467.6,2,ratatzheng
7546,16726211,RepeatAfterMe,"2026-08-17 08:21:41",467.5,2,bekirsciftler
7547,16655630,askBillyWhatMamaDid,"2026-08-28 02:06:18",467.4,2,askbillywhatmamadid
7548,16661105,"Vignesh Murugan","2026-08-04 19:57:46",467.3,2,vigneshv1cky
7549,16771340,pang,"2026-09-05 16:41:51",467.3,2,pangwenfeng
7550,16668678,"Madhur Sabherwal","2026-08-14 02:47:14",467.2,2,madhur321
7551,16809898,wodDAOdun,"2026-09-14 07:14:35",467.0,2,kylaucode
7552,16736951,giacomovin,"2026-08-25 20:14:52",467.0,2,giacomovin
7553,16936198,"Greedy Acres","2026-09-30 23:13:30",466.7,2,axelmd
7554,16947257,"Hassan Bazzoun-dev","2026-09-30 21:28:58",466.6,2,hassanbazzoundev
7555,16663618,Anthaus,"2026-08-09 17:06:35",466.6,2,anthaus
7556,16668562,"Anthony LOISEAU","2026-08-06 16:07:52",466.5,2,anthonyloiseau
7557,16694146,"JIlong Zhou","2026-08-26 15:04:38",466.5,2,acemaker
7558,16627009,c0sm1c,"2026-08-01 11:06:14",466.3,1,tanghao111
7559,16714363,guohaowen,"2026-08-13 14:25:48",466.2,2,guohaowen1910
7560,16660462,"Vishwanath N Iyer","2026-08-07 07:22:17",466.2,2,vishwanathniyer
7561,16871538,freesoso,"2026-09-30 02:19:58",466.0,2,freesoso
7562,16893233,"Garrick Lai","2026-09-15 08:44:07",466.0,2,garricklai
7563,16755781,NaveenManwani,"2026-08-28 05:37:31",465.8,2,naveenmanwani
7564,16704597,"Wallace Switzer","2026-08-12 01:09:49",465.7,2,wallaceswitzer
7565,16661930,zzangsunghyeon,"2026-08-08 16:22:21",465.7,2,zzangsunghyeon
7566,16659261,PromptEngineer48,"2026-08-04 16:44:46",465.6,2,promptengineer48
7567,16847224,Kfarmer,"2026-09-19 12:51:27",465.6,2,"cwy0904,jasonchao89,jaspersooks,makomek,peiyingtok"
7568,16744572,DivyanshAgg,"2026-08-31 19:30:49",465.5,2,divyanshagg
7569,16630335,"Solve Langseth","2026-08-05 06:48:57",465.5,2,solvelangseth
7570,16818158,Noza,"2026-09-16 04:36:09",465.3,2,harukanozato
7571,16914539,Kou111111,"2026-09-18 10:32:09",465.2,2,kou111111
7572,16778703,kamaras,"2026-08-30 11:58:07",465.1,2,kamaras
7573,16895121,Timmmmmmmy,"2026-09-17 05:51:31",465.1,2,"molic1,timmmmmmmy"
7574,16762154,lli,"2026-09-07 19:04:26",465.0,2,colesuoseue
7575,16665511,phoenix_merk,"2026-08-05 09:46:25",464.9,2,phoenixmerk
7576,16794499,smileMAN13912339850,"2026-09-07 10:01:07",464.9,2,smileman13912339850
7577,16631547,"Chong Xuan Ng","2026-08-08 15:38:52",464.8,2,chongxuanng
7578,16726155,miyawakiayaka,"2026-08-15 18:50:10",464.8,2,kanatakon
7579,16695102,whitelok,"2026-08-11 12:54:41",464.6,2,whitelok
7580,16778579,"Jiajia Zhang","2026-08-29 18:19:12",464.6,2,jiajiazhang01
7581,16721814,"DOAMBA Jean Edouard Odilon","2026-08-24 14:48:43",464.4,2,doamba
7582,16884418,xuechengzou,"2026-09-13 12:22:43",464.3,2,xuechengzouinkaggle
7583,16674266,HamYad,"2026-08-06 18:19:46",464.3,2,hamyadlab
7584,16794052,"Sarthak Mishra","2026-09-24 18:06:07",464.2,2,"aarushverma04,pg541425,sarthak25b15310182,yadavup50"
7585,16670218,"What is Coding?","2026-08-07 01:47:17",464.0,2,matthewshvarts
7586,16668589,"Gleb Naumkin","2026-08-05 22:46:26",464.0,1,glebnaumkin
7587,16897899,templar7245,"2026-09-27 09:45:16",464.0,2,templar7245
7588,16692480,"Khalis Murfid","2026-08-24 07:03:02",463.9,2,khalismurfid
7589,16689372,"Kiran Yerpude","2026-08-12 05:39:43",463.8,2,kiranyerpude
7590,16851860,"Senih Bayankulu","2026-09-08 03:13:24",463.5,2,senihbayankulu
7591,16663267,"Sravya Isukapatla","2026-08-11 10:14:54",463.4,2,sravyaisukapatla
7592,16856708,"Joseph Bruneau","2026-09-30 23:06:12",463.2,2,josephbruneau
7593,16811454,"Zakaria Taouil","2026-09-07 16:11:13",463.2,2,ztaouil
7594,16661382,CBenaventte,"2026-09-02 13:35:27",463.2,2,cbenaventte
7595,16718295,doinggyu,"2026-08-18 12:56:58",463.2,2,doinggyu
7596,16773195,"Pham Nguyen Thanh Huy","2026-08-27 05:25:55",463.1,2,huyphmnguyenthanh
7597,16688296,"Michael Pollind","2026-08-28 13:30:32",463.1,2,mpollind
7598,16658925,CYBWithFlourish,"2026-08-06 15:56:28",463.0,2,cybwithflourish
7599,16888050,"Ayoub Fliless","2026-09-14 17:56:12",462.9,2,ayoubfliless
7600,16693795,kurt,"2026-08-30 15:22:47",462.9,2,syarht
7601,16672798,yaphanqiii,"2026-08-27 07:55:23",462.9,2,yaphanqiii
7602,16915448,asdfghjklbelinda,"2026-09-26 11:59:24",462.8,2,"asdfghjklbelinda,yyyemin,zhouqingwen"
7603,16726044,"Lena Traczuk","2026-08-22 12:03:58",462.7,2,lenatraczuk
7604,16630163,"SEREENA JERRY","2026-08-06 08:59:17",462.7,2,serenajerry
7605,16883859,"Carlos Daniel Polanco","2026-09-19 18:45:16",462.7,2,carlospolanco00
7606,16792069,"Yen Hung1021","2026-09-03 16:09:33",462.6,2,yenhung1021
7607,16688873,cancel,"2026-08-18 06:50:33",462.6,1,rugaru
7608,16668509,HarryZ,"2026-09-13 04:29:04",462.5,2,mzhumzhu
7609,16681778,kzeus@003,"2026-08-12 05:12:15",462.5,2,kzeus003
7610,16706143,Adityaupadhyay0805,"2026-08-20 04:28:06",462.5,1,adityaupadhyay0805
7611,16657383,"Shih Hua Chou","2026-08-18 03:51:08",462.1,2,shihhuachou
7612,16831819,"Roy Lampe","2026-09-24 11:46:45",462.1,2,roylampe
7613,16826447,"Absara viswanathan","2026-09-07 06:16:20",462.0,2,viswanathanabsara
7614,16657664,"Nguyễn Anh Kiệt 28","2026-08-06 04:17:40",462.0,2,nguynanhkit28
7615,16660081,fakyyy,"2026-08-09 11:19:15",462.0,2,manideepreddyakula
7616,16843316,"Felipe Chiarini","2026-09-12 12:03:15",462.0,2,felipechiarini
7617,16649421,Eltormtace,"2026-08-14 04:35:15",461.9,2,eltormtace
7618,16687942,"Arya Arun","2026-08-16 08:52:26",461.9,2,aryaarun07
7619,16656431,"Venetta Smithen","2026-08-20 02:19:45",461.8,2,venettasmithen
7620,16733961,"Julia Fredo","2026-09-30 23:07:23",461.7,2,juliafredo
7621,16663040,"BARBARA GASKINS","2026-08-12 01:08:47",461.4,2,barbaragaskins
7622,16908418,Ayush_1319,"2026-09-17 11:59:04",461.3,2,ayush1319
7623,16920464,reddishregent,"2026-09-18 11:40:22",461.3,1,reddishregent
7624,16843511,"JiaHui Ni ","2026-09-13 14:59:35",461.2,2,jiahuini
7625,16842936,"Sreejit Pradhan","2026-09-12 19:11:37",461.0,2,sreejitpradhan
7626,16657929,Robert-zwr,"2026-08-05 11:15:48",460.9,1,robertzwr
7627,16707986,Pones_kaggle,"2026-09-01 22:08:32",460.9,2,pyd966
7628,16670719,SimoImane,"2026-08-05 23:36:09",460.8,2,simoimane
7629,16621437,AdamBelniak,"2026-08-03 18:15:21",460.5,2,adamos581
7630,16867680,Asuka,"2026-09-11 05:45:46",460.4,2,asuka0langley0soryu
7631,16692168,"Kinshuk Aggarwal","2026-08-09 04:23:32",460.3,1,kinshukaggarwal
7632,16659558,Ayuroshbo,"2026-09-23 09:28:54",460.3,2,ayuroshbo
7633,16664608,sid,"2026-08-07 18:18:04",460.1,2,sidshastri04
7634,16762427,Raj_craj,"2026-08-30 20:27:00",460.0,2,rajcraj
7635,16768079,Sohee087,"2026-08-24 20:21:01",459.9,1,sohee087
7636,16756812,"Alex Amirkhanyan","2026-08-24 05:51:16",459.8,2,aleksamirkhanyan
7637,16659520,"Play Code","2026-08-05 14:28:00",459.7,2,codenya
7638,16779152,"taijiu int","2026-09-04 22:22:20",459.6,2,taijiuint
7639,16623198,"Chris D'Mello (ineligible)","2026-07-31 17:32:46",459.5,1,cdmello
7640,16657681,"Prince Raj","2026-08-11 22:49:02",459.5,2,princerajmdb
7641,16715942,_@HimShukla23,"2026-09-19 18:14:05",459.5,2,himshukla23
7642,16697568,"Sergey Fedorov","2026-08-20 21:25:34",459.2,1,bd01ar
7643,16722819,Anna,"2026-08-21 15:01:26",459.2,2,annatmp
7644,16638883,LeiYang,"2026-08-03 15:04:07",459.1,2,leiyangcq
7645,16809985,"ADOLE Edache","2026-09-25 11:47:46",459.0,2,adoleedache
7646,16659505,"Duleeka Mevan","2026-08-06 09:32:46",458.9,2,duleekamevan
7647,16929820,sdssJ0,"2026-09-23 09:57:21",458.7,2,sdssj0
7648,16661460,Lucky,"2026-09-03 07:49:58",458.7,2,tmiya0107
7649,16774878,Pierre,"2026-09-30 19:27:15",458.6,2,dhiamechi
7650,16659681,"Aditya Seth","2026-09-04 13:12:36",458.5,2,adityaseth777
7651,16683934,"Teja Madala","2026-08-10 14:46:07",458.5,2,tejamadala
7652,16733785,"Stuart Gilbert","2026-08-30 01:52:41",458.4,2,stuartgilbert
7653,16767585,Hyena,"2026-08-25 22:17:26",458.3,1,hemant0
7654,16672473,goldfish,"2026-08-13 03:34:21",458.2,2,dolgfish
7655,16741053,"Bui Minh Thanh","2026-09-07 18:50:23",458.1,2,buiminhthanh
7656,16630520,dimitris_x94,"2026-09-30 18:32:56",458.0,2,dimitrisx94
7657,16695400,"Karam Khasawneh","2026-08-10 20:29:16",458.0,2,karamkhasawneh
7658,16664251,zzy123123,"2026-08-08 09:22:51",457.8,2,zzy123123
7659,16644410,"Swaroop Kallakuri","2026-08-04 15:40:29",457.8,2,ksjpswaroop
7660,16699707,"Afana Khalit putra","2026-08-11 08:57:25",457.7,2,afanakhalitputra
7661,16760191,"Kushal Shiva1","2026-08-26 20:19:36",457.6,1,kushalshiva1
7662,16762168,Lewbei,"2026-09-10 04:58:43",457.6,2,lewbei
7663,16810019,M&S,"2026-09-02 17:19:11",457.5,2,"martinhma,yishusheng"
7664,16933345,"Sourin Rakshit","2026-09-21 09:32:28",457.5,2,sourinrakshit01
7665,16785010,"Victor Wangles","2026-09-30 21:21:46",457.5,2,victorwangles
7666,16687602,"jithin manoj","2026-08-12 13:00:23",457.5,2,jithingmanoj
7667,16719257,"Alexander Morozov","2026-08-14 23:53:53",457.5,2,scanhex
7668,16668108,"Suresh Chandra Mangena","2026-08-11 09:32:31",457.5,2,sureshchandramangena
7669,16661287,"Jacob Hanlon","2026-08-11 13:59:58",457.4,2,jacobhanlon
7670,16705415,"Mauro Najera","2026-08-11 05:30:13",457.3,2,mauronajera
7671,16765688,jihunai,"2026-08-26 23:15:54",456.8,2,jihunai
7672,16674943,feyZERO,"2026-08-16 10:48:50",456.8,2,faezamora
7673,16693003,ShirrleyChen,"2026-08-15 12:54:58",456.7,2,shirrleychen
7674,16732200,"Louis WhoEat","2026-08-24 12:02:40",456.6,2,louiswhoeat
7675,16767147,"Hacker Trinity","2026-09-09 12:20:12",456.5,2,hackertrinity
7676,16667042,"Adarsh Mukundan","2026-09-20 14:16:32",456.4,2,aadarshmukundan
7677,16695692,Saadii2279,"2026-08-11 16:44:39",456.3,2,saadii2279
7678,16656745,"BHARATH KOWSHIK ULLANGULA","2026-09-25 10:30:21",456.0,2,"bharathkowshik25,honeyharshith,kesanibhargavaram"
7679,16720049,"aditya emmadishetty","2026-08-14 13:20:54",455.7,2,adityaemmadishetty
7680,16672105,"Natural Stupidity","2026-08-10 19:39:53",455.7,2,"parthb21,sujaygolla"
7681,16791550,Team21,"2026-09-08 12:53:38",455.6,2,"fchen121,muktharam"
7682,16680799,zixma13,"2026-08-25 13:12:44",455.6,2,zixma13
7683,16625216,"Emre Can","2026-08-01 17:05:51",455.6,2,seicatsu
7684,16831839,404_Brains_Not_Found,"2026-09-20 12:36:19",455.5,2,"manavtejani,rohangadhiya1911,sakshamdubeynew,trushankvaghasiya"
7685,16625808,"Etsushi Yamamoto","2026-08-09 16:50:41",455.4,2,etsushiyamamoto
7686,16626105,sasaki,"2026-08-24 02:34:55",455.4,2,rsasaki
7687,16640399,Hubbahub,"2026-08-04 20:40:39",455.4,2,hubbahub
7688,16755394,"Ruben Lucas","2026-08-21 21:50:16",455.2,2,rubenlucas
7689,16661434,AgriNova,"2026-09-30 15:23:14",455.2,2,"harshadsanjaydesai,sahilhasure"
7690,16761979,"Chaitany Patel","2026-09-17 14:59:29",455.1,2,chaitanypatel
7691,16731636,関西人,"2026-08-24 06:23:14",454.9,2,m1333666888
7692,16765194,henry,"2026-08-24 13:39:29",454.9,2,zchenry
7693,16687237,Khalibryler,"2026-08-11 09:17:03",454.9,2,khalibryler
7694,16793145,KarlNUrban,"2026-09-05 12:19:50",454.9,2,karlnurban
7695,16623006,"Aaradhy Singhvi","2026-09-08 12:48:10",454.7,2,aaradhysinghvi
7696,16737532,lsystudyhard,"2026-08-22 12:16:47",454.7,2,lsystudyhard
7697,16665865,"Agrippa Beaulieu","2026-08-08 19:09:28",454.6,2,agrippabeaulieu
7698,16889078,"Md Waquar Ahmad","2026-09-16 02:52:56",454.4,2,mohdwaquarahmad
7699,16805196,"Sebastian Griesbach","2026-09-22 11:47:22",454.3,2,sebastiangriesbach
7700,16840624,Deepakexplores,"2026-09-11 17:51:43",454.2,2,deepakexplores
7701,16719521,xarquin,"2026-08-25 03:16:23",454.2,2,xarquin
7702,16715769,Ethereallll1,"2026-08-14 15:21:12",454.1,2,ethereallll1
7703,16661576,"Yash Jumde","2026-08-15 20:09:59",454.1,2,yashjumde
7704,16847740,FarmAre,"2026-09-07 17:31:01",454.0,2,abishekak
7705,16926614,"Mike Codispoti","2026-09-19 18:17:10",453.9,1,mikecodispoti
7706,16728318,T3jas06,"2026-08-22 19:45:13",453.7,2,t3jas06
7707,16915747,xiao,"2026-09-17 17:03:40",453.7,2,xiao789
7708,16645302,LuCcc,"2026-08-03 09:45:35",453.7,2,luuuuccccc
7709,16627324,"Attack on Kaggle","2026-08-06 13:27:22",453.7,2,user19394494
7710,16661402,"Abin Biju","2026-08-11 18:00:35",453.6,2,abinbiju1
7711,16799023,"Alkava Ind","2026-09-28 10:43:31",453.6,2,alkavaind
7712,16774035,"Shengfeng Wang","2026-08-26 07:28:46",453.5,1,shengfengwang
7713,16890884,"Michael Swartz","2026-09-14 17:50:04",453.4,2,michaelbruwerswartz
7714,16784417,"Dallas Odem","2026-08-29 13:14:30",453.4,2,dallasodem
7715,16661682,"Rishi Gupta","2026-08-05 07:46:38",453.2,2,rishigupta07
7716,16661323,mzyktkhs,"2026-08-10 13:21:59",453.2,2,mzyktkhs
7717,16718828,"Tejas Nisar","2026-08-23 17:04:45",453.2,2,tejasnisar
7718,16699633,Nafmo,"2026-08-11 17:10:53",453.1,2,nafmo2
7719,16886012,smartkdy7,"2026-09-13 11:37:51",453.0,1,smartkdy7
7720,16691628,"Gavin Walsh (N1DGE11)","2026-08-08 16:07:24",452.9,2,gavinwalshn1dge11
7721,16632105,"shreyas sangalad","2026-08-02 12:01:08",452.8,2,spoortisangalad
7722,16655600,"VYSHAKH G NAIR","2026-08-04 21:31:24",452.5,2,vyshakhgnair
7723,16780783,pri,"2026-09-30 20:18:13",452.4,2,priscilamaria5363
7724,16786281,"Saumya Prasad","2026-09-24 19:16:29",452.4,2,saumyaprasad2004
7725,16690221,"HISOKY DEV","2026-08-10 09:42:03",452.4,2,omarfahid
7726,16909602,jack1e32,"2026-09-18 02:32:58",452.1,2,jack1e32
7727,16688662,"Faz Forward","2026-08-08 09:03:10",451.9,2,fazforward
7728,16882021,"lucas honoratodesouza","2026-09-14 05:21:58",451.8,2,lucashonoratodesouza
7729,16692263,"ADITYA CHAVAN","2026-08-09 17:44:15",451.4,2,adityasnr7
7730,16773194,NgNhan3110,"2026-08-27 09:36:17",451.4,2,ngnhan3110
7731,16745574,"Yadunandan Raman","2026-08-22 12:20:06",451.4,2,yadunandanraman
7732,16888067,Van,"2026-09-21 01:29:39",451.2,2,lanxirye
7733,16920641,"Tailee Kim_7","2026-09-19 11:52:02",451.2,2,emilykim01
7734,16782747,goodgreen,"2026-09-30 08:05:10",450.9,2,goodgreen
7735,16668154,JuanEspana,"2026-08-09 11:38:32",450.9,2,juanespana
7736,16713179,"Enise Zengin","2026-09-15 02:53:02",450.8,2,enisezengin
7737,16639577,Haitaks,"2026-08-16 09:42:16",450.7,2,haitaks
7738,16819549,APEX101,"2026-09-06 06:16:51",450.4,2,"akshitasrivastava1,irongm"
7739,16641948,JustForFun,"2026-08-18 08:00:36",450.4,2,thangphung215
7740,16711823,Abi_e,"2026-09-07 09:47:37",450.3,2,abidjacquelineanadi
7741,16748554,"victor lucas","2026-09-29 09:42:15",450.3,2,lucsxd
7742,16654885,"Jason Kong","2026-08-04 06:52:19",450.2,2,jasonkongie
7743,16786351,"Pradeep P","2026-09-14 16:39:50",450.0,2,pradeeppuranam
7744,16889822,CornReform,"2026-09-29 01:03:29",450.0,2,cornreform
7745,16690793,"MOHAMMAD ALRASHED","2026-08-08 18:33:34",449.9,2,mohammadalrashed
7746,16701046,"Thanakorn Kaewwiang","2026-08-14 17:13:39",449.7,2,deweytng
7747,16715456,"wilson LUNG","2026-08-17 23:54:10",449.4,2,wilsonlung
7748,16728933,dOvOb,"2026-09-08 14:51:10",449.3,2,waytosleep
7749,16655080,"Mohamed Judi","2026-09-07 19:18:31",449.3,2,mhjudi
7750,16723490,"Panashe Arthur Mhonde","2026-08-22 11:41:19",449.2,2,panashearthurmhonde
7751,16890155,GSD,"2026-09-26 14:24:03",449.1,2,gsdeepakkumar
7752,16773020,HyperNeonByte,"2026-09-23 00:23:03",448.8,2,hyperneonbyte
7753,16662790,"Derek Earnhart","2026-08-04 18:04:01",448.5,1,derekearnhart
7754,16645936,"Abhy Rejikumar","2026-08-22 19:26:23",448.3,1,abhyrejikumar
7755,16654984,"Guseinov Elvin","2026-08-08 21:44:00",448.3,2,guseinovelvin
7756,16757204,hhcjj,"2026-08-22 06:42:32",448.3,2,hhcjjkk
7757,16670634,"Narayan Sharan","2026-09-12 06:55:27",448.2,2,narayansharan
7758,16660060,AnkitGoyal,"2026-08-05 15:33:29",448.1,2,goyalankit
7759,16675000,"Carl Bell","2026-09-16 20:55:33",448.1,2,allegedcarlbell
7760,16829367,"quant park","2026-09-15 10:29:07",448.1,2,quantpark
7761,16758526,"sudo give_me_the_prize","2026-08-24 16:34:02",448.1,2,ibrahimab2
7762,16658149,X,"2026-09-21 13:42:54",448.0,2,lohithhb
7763,16930490,freesunp,"2026-09-21 02:48:31",448.0,2,freesunp
7764,16940818,Laiba,"2026-09-28 11:36:01",448.0,2,laibasm01
7765,16876859,Broncat,"2026-09-15 02:27:28",447.9,2,broncat
7766,16668137,"Thomas De Sousa","2026-08-06 06:34:48",447.9,2,thomasdesousa
7767,16774849,RiyadhLakadimu123,"2026-08-31 19:51:17",447.7,2,riyadhlakadimu123
7768,16671602,"Nithin Nambi","2026-08-07 00:09:31",447.6,2,nitthewit
7769,16694330,"Jack Way","2026-08-10 11:48:42",447.6,2,jackway05
7770,16666071,"Arda Yıldız","2026-08-20 09:33:54",447.5,2,xreina8
7771,16661154,"gronky goobers","2026-08-15 14:39:05",447.5,2,"viktoriusontop,yoshisurjuise"
7772,16636333,xiaoyang66,"2026-08-17 13:35:28",446.9,2,kennethhao8
7773,16721940,DarkLayer,"2026-08-22 02:07:13",446.6,2,nnpaopao
7774,16701871,"Raj Nandan","2026-08-10 15:13:30",446.6,1,imrajnandan
7775,16636973,"Ali Ali G","2026-08-03 18:36:40",446.2,2,alialig
7776,16743494,"ROHAN Exploit","2026-09-08 11:13:08",446.1,2,rohanexploit
7777,16916293,Hun731r,"2026-09-17 20:49:12",445.9,2,hun731rkooki
7778,16870864,"Overfitting Is All You Need","2026-09-18 09:25:23",445.9,2,ryylll
7779,16653809,acbabc123,"2026-08-04 13:53:53",445.7,2,acbabc123
7780,16938142,"Pavel Krotkov","2026-09-23 20:23:34",445.7,2,pashkal
7781,16665436,Aeternum,"2026-08-15 18:31:32",445.6,2,"donbinoy2004,surajkumarks"
7782,16766803,"Kanishk Sharma","2026-09-01 23:52:42",445.6,2,kan1shq198
7783,16938771,"Daniel Peng","2026-09-22 03:53:05",445.5,2,codewithdaniel1
7784,16679872,"Kirby Won","2026-09-22 22:10:05",445.4,2,kirbywon
7785,16661449,"Samarjeet Singh","2026-08-23 04:32:19",445.1,2,samarjeet010
7786,16728414,"Pedro Caycho","2026-08-16 12:40:26",445.1,1,pjcc1123
7787,16681924,WEcoS,"2026-08-10 04:32:03",445.0,2,aungkhainghtun
7788,16654974,"ACd Rooy","2026-08-11 06:35:28",445.0,2,acdrooy
7789,16734096,"Cem Ali Görmez","2026-09-06 10:48:37",444.6,2,cemaligrmez
7790,16663822,BhavyaSaini001,"2026-08-29 23:10:34",444.5,2,bhavyasaini001
7791,16804902,"aitahmed amina","2026-09-08 16:15:15",444.5,2,aitahmedamina
7792,16728821,"Alen Maria Nirmal","2026-08-17 21:51:03",444.4,1,alenmarianirmal
7793,16655415,"Ivan Jarp","2026-08-29 17:07:03",444.2,2,ivanjarp
7794,16678154,"Hashim Far","2026-08-08 04:20:32",444.1,2,hashimfar
7795,16646286,"C Aravindhan","2026-08-04 05:03:22",443.9,2,caravindhan
7796,16676803,"Josue Villao","2026-08-14 05:20:13",443.8,2,josuevillao
7797,16793465,"Farming Sols","2026-09-03 23:40:36",443.8,2,rishitreddypalle
7798,16931407,"Marcel S","2026-09-30 21:57:34",443.7,2,marcel78
7799,16778127,Nimmokumar,"2026-09-20 18:45:50",443.6,2,nimmokumar
7800,16660899,"Clarence Trinidad","2026-09-16 18:28:20",443.6,2,claree007
7801,16840130,tkm_ktn,"2026-09-05 15:48:40",443.4,2,takumikotani
7802,16677524,"Phúc Phạm","2026-08-07 20:16:24",443.3,2,phucpham77
7803,16861019,CloriTeam,"2026-09-09 15:34:28",443.3,2,lorenzocomis
7804,16667078,dprinzensteiner,"2026-08-05 14:06:26",443.2,2,dprinzensteiner
7805,16663327,Gnr8tr,"2026-08-13 14:16:44",443.1,2,wilburjpereira
7806,16798512,"Yuichiro Kinoshita","2026-09-30 14:32:36",443.1,2,yuichirokinoshita
7807,16657794,"Aromal vK","2026-09-30 06:22:48",443.1,2,aromalvk
7808,16651939,"Yogesh Jadhav","2026-09-17 06:54:06",443.0,2,dynamo14324
7809,16888455,Erin,"2026-09-14 02:55:17",442.9,2,eringobyte
7810,16666716,"Fanis Alexakis","2026-08-17 11:59:15",442.8,2,fanisalexakis
7811,16640516,"Alfandi Hassan","2026-08-08 03:41:33",442.6,2,alfandihassan
7812,16656627,"Soykot Podder","2026-08-14 05:39:06",442.6,2,diptopodder
7813,16783677,"Đặng Anh Thịnh","2026-08-28 08:31:12",442.4,1,nganhthnh
7814,16665647,hr15de,"2026-09-25 08:52:49",442.4,2,hr15de
7815,16662111,"Mood Vikram","2026-09-05 23:15:35",442.3,2,"moodvikram,sidhantchauhan"
7816,16654312,Xmeeeee,"2026-08-05 00:11:29",442.2,2,xmeeeee
7817,16936983,"hanlin zhu","2026-09-22 13:06:50",441.8,2,dhanlinzhud
7818,16714488,"HusseinNadem Nadem","2026-08-26 01:53:13",441.4,2,husseinnademnadem
7819,16654401,ChronoForensics,"2026-08-08 17:26:11",441.4,2,ryanwollmuth
7820,16668698,Addie,"2026-08-08 05:21:08",441.3,1,addie999
7821,16670155,Kiznaiver,"2026-08-23 14:27:19",441.2,2,kiznaiver
7822,16879532,kiwamizamurai,"2026-09-14 20:27:53",441.0,2,kiwamizamurai
7823,16641513,"Sameer Chakravedi","2026-08-15 16:06:11",441.0,2,sameerchakravedi
7824,16665184,woorym,"2026-08-10 03:04:12",440.9,2,woorym
7825,16904320,"Flying Duck","2026-09-30 01:18:46",440.9,2,dreame1
7826,16664558,"Praneeth Annapureddy","2026-08-05 04:52:45",440.8,2,praneethannapureddy
7827,16692128,gibocx,"2026-08-10 18:10:34",440.6,2,gibocx
7828,16658521,"Vishal Dhariwal","2026-08-08 11:43:36",440.6,2,user412
7829,16663368,"Laurence Dale","2026-08-12 18:00:07",440.5,2,laurencedale
7830,16763898,"Tarık Sarıcı","2026-08-24 09:54:31",440.5,2,ssarici
7831,16675686,"PRERIT MAURYA","2026-08-14 06:37:51",440.4,2,preritmaurya
7832,16667722,Radhouen911,"2026-08-06 21:37:37",440.3,2,radhouen911
7833,16718517,"Jessica Yin","2026-08-17 00:10:31",440.1,2,jeqyin
7834,16667601,"Audrius Molis","2026-08-27 19:30:39",439.9,2,vienas
7835,16668068,"Neural Harvest","2026-08-27 19:23:44",439.9,2,meghashyampawar
7836,16903680,"marwan na","2026-09-28 13:11:13",439.8,2,marwanna
7837,16621367,Numari,"2026-07-31 16:30:01",439.7,2,numaritaisei
7838,16644053,Rafiozoo,"2026-08-03 19:26:40",439.7,2,rafiozoo
7839,16785568,"Sneha Bhargava4","2026-09-16 17:56:17",439.7,2,snehabhargava4
7840,16760377,"Yuxuan Qian","2026-08-29 23:45:28",439.6,2,yuxuanqian
7841,16690698,posty_melek,"2026-08-15 05:06:40",439.4,2,srisaraswati
7842,16663594,"NGU BLACK SANTA","2026-08-05 15:23:10",439.2,2,ngublacksanta
7843,16941095,"P. Sewmuthu Abewickrama Singhe","2026-09-30 05:01:28",439.1,2,psewmuthu
7844,16825489,"Monishwar S","2026-09-30 19:23:35",439.1,2,monishwar2718
7845,16707951,K_ChanHo,"2026-09-17 11:40:29",439.0,2,kchanho
7846,16634060,"Chí Thành Đỗ","2026-08-02 05:11:58",439.0,2,chithanhdeptrai
7847,16665949,Rbda,"2026-08-06 14:18:03",438.9,2,brazvan
7848,16687959,"Destin Nedjou","2026-08-27 05:45:33",438.9,2,destinnedjou
7849,16674605,Versilogic,"2026-08-16 07:54:48",438.9,2,versilogic
7850,16659919,"SILVISTON EMMANUEL","2026-08-06 06:51:55",438.9,2,silvistonemmanuel
7851,16640965,jidaoluckey,"2026-08-08 07:10:45",438.7,2,jidaoluckey
7852,16623271,"William Morley","2026-07-31 10:09:16",438.5,2,williamkmorley
7853,16654347,"aarav maheshwari1","2026-08-26 05:57:03",438.5,2,aaravmaheshwari1
7854,16656641,AndrewEly8,"2026-08-05 00:56:32",438.4,2,andrewely8
7855,16776824,"Manuel Santiago Atencio","2026-09-27 13:35:09",438.3,2,manuelsatencio
7856,16852845,quantumgeek,"2026-09-12 06:54:58",438.3,2,yk1598
7857,16932760,"Ian Hsu I guess","2026-09-23 01:09:40",438.1,2,ianhsuiguess
7858,16747670,"Luis Molina","2026-09-21 14:34:46",438.1,2,micuentadecasa
7859,16665374,UmangDobhal03,"2026-08-06 03:46:29",438.0,2,umangdobhal03
7860,16644765,MoeCode,"2026-09-12 16:46:28",437.9,2,syrianeagle
7861,16671670,"Karla Ziegler","2026-09-24 00:26:42",437.9,2,karlaziegler
7862,16662690,"Pablo Gomez Perez","2026-09-04 16:45:32",437.7,2,pablogp
7863,16713218,"Julien Baumgartner","2026-08-14 08:36:27",437.6,2,julienbaumgartner
7864,16760480,yat0i811,"2026-09-13 14:13:59",437.3,2,yat0i811
7865,16893255,"Amal Raj Singh","2026-09-19 08:37:00",437.2,2,amalrajsingh
7866,16651872,Evgen21,"2026-08-05 14:03:50",437.2,2,evgen21
7867,16853895,sailohith07,"2026-09-08 10:49:11",437.2,2,sailohith07
7868,16669117,"Shrikant Lambe","2026-08-10 23:31:50",437.0,2,shrikantlambe
7869,16709918,GUI666,"2026-08-26 16:17:40",437.0,2,gui666
7870,16883108,"Jaon Voller","2026-09-30 22:59:21",436.8,2,jaonvoller
7871,16847947,"Phongwit Sri","2026-09-22 04:30:08",436.8,2,phongwitsri
7872,16656568,"FARIATHTHEEN F","2026-08-04 11:44:49",436.8,2,fariaththeenf
7873,16676256,"Kotaro Nakamura","2026-08-11 22:18:41",436.6,2,kotaroma
7874,16729522,all-coder,"2026-08-16 17:55:08",436.5,2,allcoder
7875,16675916,Lorenzo176ITA,"2026-08-14 11:02:15",436.5,2,"alessiopap,lorenzo176ita"
7876,16717051,"Chirag Hosdurga","2026-08-13 13:38:41",436.4,2,chiraghosdurga
7877,16756900,Kome_Sh,"2026-08-30 13:40:56",436.2,2,komeshun
7878,16700080,Kaushik,"2026-08-10 11:11:18",436.0,2,kgarumugam
7879,16663707,DotBix,"2026-08-12 21:45:54",436.0,2,dotbix
7880,16738218,kiyo,"2026-09-10 13:01:37",435.8,2,kiyohiro
7881,16890511,"Alex Solonsky","2026-09-14 08:57:30",435.8,1,alexsolonsky
7882,16654394,sserges,"2026-08-08 20:46:14",435.8,2,sserges
7883,16675340,"SHAURYA SHARMA","2026-09-03 00:57:48",435.7,2,shauryas555
7884,16655820,"Cory Tortorici","2026-08-08 15:20:42",435.4,2,corytortorici
7885,16786264,"THISHA S","2026-09-06 06:53:09",435.3,2,thishas
7886,16668267,Saran,"2026-08-27 14:18:05",435.2,2,saran2
7887,16636719,"Naman Durve","2026-09-12 16:14:56",435.2,2,namancdurve
7888,16653049,"Umut Doruk Öztürk","2026-09-02 09:52:16",435.2,2,umutdorukztrk
7889,16775214,"Sambhav R","2026-08-27 15:34:44",435.2,2,sambhavr
7890,16692618,"Ali Zakaee","2026-08-09 10:13:02",435.1,1,itheequalizer
7891,16681655,"Tae seong Gim","2026-08-14 14:14:10",435.1,2,taeseonggim
7892,16758970,"Jason Wong","2026-09-16 16:00:15",435.1,2,jsin27
7893,16677166,Spectrobot,"2026-08-08 11:11:46",434.9,2,spectrobot
7894,16628268,toxic_2499,"2026-09-14 13:39:02",434.7,2,toxic2499
7895,16664205,"shr Wei","2026-09-03 06:00:47",434.6,2,shrwei
7896,16660330,wangyikai,"2026-08-09 07:59:45",434.6,2,wangyik
7897,16668185,"Swayam Chavan","2026-08-09 01:12:23",434.5,2,swamboy
7898,16637342,SupremeWarrior108,"2026-09-20 19:21:39",434.4,2,supremewarrior108
7899,16771725,"Rijusmit Biswas","2026-09-18 10:55:33",434.4,2,rijusmitbiswas
7900,16697448,"Mykola Mazniuk","2026-08-15 17:57:39",434.4,1,mykolamazniuk
7901,16855836,"Srinivasan Raghavan","2026-09-08 18:07:38",434.3,1,srinivasan1812
7902,16728845,"Mohamed Kaleel","2026-08-22 16:12:58",434.2,2,mdkaleel
7903,16676482,GitLyf,"2026-08-16 12:47:59",434.2,2,"jaideva30,rohithkrishnaak"
7904,16627313,"Zafer Liu","2026-08-03 05:13:39",434.0,2,zaferliu
7905,16872182,yxxchh,"2026-09-11 13:18:38",434.0,1,yxxchh
7906,16739711,SBC,"2026-08-20 10:16:10",433.9,2,"anusasaha2406,harshkumar3014,rahulmaity"
7907,16759239,SunYaoXi,"2026-08-27 09:32:42",433.6,2,sunyaoxi
7908,16661628,PradipBanerjee,"2026-08-05 21:03:11",433.5,2,pradipbanerjee
7909,16917703,"Tommy Mac Bird","2026-09-29 09:46:33",433.5,2,tommymacbird
7910,16716002,"Preethi Gnanaprakasam","2026-08-14 09:10:46",433.4,2,preethignanaprakasam
7911,16668813,zhaowang,"2026-08-06 05:19:52",433.3,2,zhaowangwang
7912,16786101,Cai0Emanuel,"2026-08-29 01:11:51",433.3,1,cai0emanuel
7913,16726441,Enrique.rfm,"2026-09-14 16:40:46",433.2,2,enriquerfm
7914,16670986,"Anas Erami","2026-08-08 01:38:43",433.1,2,anaserami
7915,16885346,"Michael Handal","2026-09-13 16:23:03",433.1,1,michaelhandal
7916,16654458,"Likith Narakala","2026-09-10 20:27:03",433.0,2,likith17052004
7917,16623824,zhangende02,"2026-08-01 01:15:21",433.0,2,zhangende02
7918,16776990,"Yash Kumar #2","2026-09-26 12:43:51",432.9,2,yashkumargunnersshot
7919,16698141,Zippo,"2026-08-16 05:44:18",432.9,2,gagemerrick
7920,16853371,JIAWEILI0001,"2026-09-23 15:42:25",432.8,2,jiaweili0001
7921,16716636,"Mahamane Lawaly","2026-08-13 10:22:51",432.7,1,mahamanelawaly
7922,16621572,"Abdulazeez AbdulMumeen","2026-08-05 10:59:27",432.7,2,ayobeen
7923,16681637,nasu01,"2026-08-07 10:14:10",432.6,2,nasu01
7924,16752081,"Ahmad Dehaini","2026-08-30 06:04:54",432.6,2,ahmaddehaini
7925,16923171,TTaoGaming,"2026-09-29 07:21:21",432.5,1,ttaogaming
7926,16723614,"James Atteh","2026-09-12 06:28:17",432.1,2,jamesatteh
7927,16725957,"Ayman Tarig Mohammedosman Elgadi","2026-08-24 02:57:16",431.7,2,aymantarig17
7928,16658520,drownedsnake,"2026-08-05 01:03:22",431.5,2,makerplay
7929,16663622,sammuq1,"2026-08-10 23:56:19",431.5,2,sammuq1
7930,16875460,"Safa Nasrin","2026-09-24 07:30:11",431.5,2,safanasri
7931,16663258,sawe,"2026-09-16 09:10:13",431.3,2,boiihhh
7932,16705276,layr0,"2026-08-14 00:53:11",431.3,2,layr0dotdev
7933,16664327,"Maged Hegazy","2026-08-06 13:13:28",431.3,2,magedhegazy
7934,16668093,Sai_Dattu,"2026-08-07 07:35:01",431.3,2,saidattu2003
7935,16661751,"Shailaja J","2026-08-12 14:51:15",431.2,1,shailajaj
7936,16706054,"ErrorX Info","2026-08-20 11:30:03",431.1,2,"errorxinfo,shyampatel47"
7937,16735177,shilpa.rpns,"2026-08-22 04:57:10",431.0,2,shilparpns
7938,16708348,"Edilaine Arceno","2026-09-28 14:02:29",430.7,2,edilainearceno
7939,16877297,"Aaryan Gole","2026-09-15 09:37:08",430.5,2,aaryangole
7940,16751058,"Henrique Loyola ","2026-08-21 05:29:59",430.5,2,henriqueloyola
7941,16659658,"Tim Wong","2026-08-06 02:02:30",430.2,2,wai0186
7942,16729086,samanyu,"2026-08-23 10:13:11",430.1,2,samanyu1808
7943,16844010,"Nori Miya","2026-09-06 15:17:38",430.0,2,norimiya
7944,16661360,"Jasper Jiss","2026-08-13 18:45:37",429.8,2,jasperjiss
7945,16663976,"wangyang denis","2026-08-12 06:26:08",429.8,2,wangyangdenis
7946,16920156,RoboSAL,"2026-09-28 19:55:40",429.6,2,salouaouarhlent
7947,16666132,andres555,"2026-08-28 14:36:21",429.4,2,"andres555,violalin"
7948,16676497,"Non-veg plants","2026-08-07 09:54:00",429.4,2,mohammadshadabshaikh
7949,16809943,"A Rook","2026-09-03 19:06:08",429.3,2,rookcastle
7950,16661233,"Uriel Johnson","2026-08-05 08:45:24",429.3,2,urieljohnson
7951,16805621,"DIVYANSH KUMAR SINGH CHAUHAN","2026-09-02 04:04:53",429.3,2,capdiv
7952,16658219,"Deepesh Pankaj","2026-09-28 07:15:16",429.1,2,deepeshpankaj
7953,16691704,"Rahman Aliyev","2026-09-10 17:59:57",429.0,2,rahman4li
7954,16664004,"Me, Myself, and I","2026-08-11 03:57:46",428.8,2,notlunarxd
7955,16660697,"Dannis Wong11","2026-09-09 10:07:46",428.8,2,danniswong11
7956,16660343,"Mert Olgun899","2026-08-05 13:05:07",428.7,2,mertolgun899
7957,16705510,"Palak Choudhary","2026-08-11 07:12:44",428.7,2,palak2564
7958,16659080,VENKY,"2026-08-07 17:22:03",428.7,2,venkateshthatha
7959,16804803,"01000110 01010101 01000011 01001011 00100000 01011001 01001111 01010101 00100001","2026-09-14 16:38:59",428.6,1,f01010101
7960,16838929,Charlesm85,"2026-09-06 05:56:26",428.6,2,charlesm85
7961,16696061,Mingyuan2002,"2026-09-22 04:17:12",428.5,2,mingyuan2002
7962,16683761,"Chiefmen749 Aris","2026-08-10 07:42:42",428.4,2,saysplayz
7963,16730870,"Jiang Ryan","2026-09-03 03:37:12",428.3,2,jiangryan
7964,16679904,"Joshua Bensemann","2026-09-30 06:01:01",428.3,2,qazcat
7965,16792392,pansya,"2026-09-20 10:00:15",428.3,2,pansya
7966,16675631,"Aswini Gowda","2026-08-10 05:37:33",427.9,2,aswinigowda
7967,16662726,"Juan Carlos González Aguilar","2026-08-14 19:54:48",427.6,2,juancg
7968,16755677,"Rutwik Kumar M","2026-08-26 16:31:00",427.5,2,rutwikkumarm
7969,16723072,Arthurt1,"2026-09-23 22:09:27",427.4,1,arthurt1
7970,16755159,"Kay Gijzen","2026-08-23 11:51:31",427.4,2,kaygijzen
7971,16662167,"Tara Singh Kharwad","2026-08-05 17:13:10",427.4,2,tarasi7261
7972,16707331,"Simon Ziegs","2026-08-23 22:54:11",427.3,2,simonziegs
7973,16661786,Nagaraju,"2026-08-10 01:53:04",427.3,2,orugantn
7974,16845679,"Wenhai Tang (raisin)","2026-09-07 03:33:14",427.2,1,wenhaitangraisin
7975,16668331,"Maitreya Mohapatra","2026-09-23 22:26:09",427.1,2,maitreyamohapatra
7976,16815817,haiy_qq,"2026-09-04 01:41:26",427.1,2,haiyqq
7977,16652661,"Petru-Mihai Craciun","2026-08-05 14:55:07",427.0,2,petrumihaicraciun
7978,16798529,JimHan123,"2026-09-29 00:25:58",426.9,1,jimhan123
7979,16660420,tipofyzik,"2026-09-05 14:34:30",426.7,2,tipofyzik
7980,16706843,"yh z","2026-08-11 09:32:56",426.7,1,yhz123456
7981,16713557,kaggri-kal-chal,"2026-09-16 18:53:51",426.6,2,"nainikaanish,shrivastavaaryan"
7982,16764151,Jpadilla987@gmail.com,"2026-08-25 21:00:27",426.6,2,jpadilla987gmailcom
7983,16757366,"Sean Connolly","2026-09-05 04:10:21",426.5,2,seanconnolly
7984,16641501,Sonal,"2026-08-08 22:07:46",426.5,2,sonalm13
7985,16717679,mureee,"2026-09-28 13:05:07",426.4,2,"hosyan3279,mureee54"
7986,16712488,"Vansh Bhura","2026-08-12 14:23:18",426.3,2,vanshbhura
7987,16891504,"Taha N Kaya","2026-09-14 14:03:21",426.1,1,tahankaya
7988,16729214,kisamaki0815,"2026-08-28 01:21:57",425.6,2,kisamaki0815
7989,16707437,"Ivan Plekhanov","2026-08-11 12:03:11",425.4,1,nnob0dy
7990,16657312,"baolood herid","2026-08-06 13:13:48",425.3,2,baoloodherid
7991,16802580,WarlockCode,"2026-09-03 14:07:58",425.2,2,maktub83
7992,16885547,L0k1xd,"2026-09-13 10:04:10",425.2,2,l0k1xd
7993,16632855,Shreyash_Automation,"2026-08-21 00:06:49",425.1,2,shreyashautomation
7994,16660990,"Bunny Tang","2026-09-10 14:33:23",425.0,2,tanghung64
7995,16657520,"Joel De la Cruz Fuertes","2026-08-12 16:33:48",425.0,2,joeldcf
7996,16713723,"Jyot Buch","2026-08-12 23:09:41",424.8,2,jyotbuch
7997,16745980,"Arif Amijoyo","2026-08-30 07:54:40",424.5,2,arifamijoyo
7998,16726765,"Ali Al-Killidar","2026-08-16 09:47:37",424.5,1,alialkillidar
7999,16709512,Rustamdurdyyev,"2026-08-31 19:59:56",424.5,2,rustamdurdyyev
8000,16708409,toshiconner,"2026-08-12 06:30:06",424.4,2,toshiconner
8001,16838619,HeroGod,"2026-09-05 12:25:27",424.3,2,herogod
8002,16799224,"Tian Yan666","2026-09-03 14:48:42",424.1,2,tianyan666
8003,16651042,Mira_332,"2026-08-27 04:58:29",423.8,2,ichiiohno
8004,16669945,"Turab Zaidi","2026-08-07 13:27:44",423.7,2,turabzaidi
8005,16668095,Menna_Allah_Samy12,"2026-08-15 15:04:56",423.6,2,mennaallahsamy12
8006,16723411,CaZen,"2026-08-15 10:48:16",423.5,2,cathzwah
8007,16880350,喜欢逢坂大河,"2026-09-16 08:36:54",423.5,2,yhsno69
8008,16630396,nancykibe11,"2026-09-30 22:57:20",423.3,2,nancykibe11
8009,16717912,"Anu Kumari","2026-08-13 18:03:07",423.2,1,anuk16020
8010,16670090,"Gianpaolo Nettis","2026-08-24 08:42:07",423.0,2,rakes7
8011,16925447,"Peter Tinashe Mundowa","2026-09-20 09:37:57",423.0,2,petermundowa
8012,16684031,"Phillip Kamundia","2026-08-14 20:35:15",422.9,2,phillipkamundia
8013,16734601,sweetlesson,"2026-08-18 00:40:55",422.7,2,sweetlesson
8014,16735206,"Shiyal Kishan","2026-08-20 04:01:28",422.7,2,shiyalkishan01
8015,16759112,songxin,"2026-09-30 16:53:45",422.7,2,likewaterandwind
8016,16926880,KarthikeyaAnna,"2026-09-20 13:40:19",422.6,2,karthikeyaanna
8017,16683316,moonriver0922,"2026-08-11 07:04:11",422.5,2,moonriver0922
8018,16871722,agenlu,"2026-09-30 19:20:54",422.5,2,agenlu
8019,16653429,mktdev,"2026-08-10 12:19:54",422.5,2,mktdev
8020,16663871,"Iyed Djebbi","2026-08-07 09:25:07",422.5,2,iyeddjebbi
8021,16791617,"Neil Li","2026-08-30 00:10:32",422.3,1,neilliroub
8022,16944547,アライグマ,"2026-09-23 12:54:39",422.1,1,alaiguma
8023,16751979,"Sasha Sam","2026-08-27 20:02:46",422.0,2,sashasam
8024,16662079,"Farrukh Hussain","2026-09-08 11:36:07",422.0,2,farrukhhussai
8025,16655881,"Zhuoran Zhao","2026-08-07 16:50:04",421.9,2,yearcakes
8026,16624414,"Chaitanya Jamble","2026-07-31 05:42:10",421.9,1,chaitanyajamble
8027,16696993,healer2408,"2026-08-15 07:10:57",421.8,2,healer2408
8028,16749271,"Shoki Suzuki","2026-09-26 15:00:23",421.8,2,shokisuzuki
8029,16731790,"A random farmer","2026-08-18 02:19:53",421.8,1,hinatatokuda
8030,16848309,"Angela Wu","2026-09-09 03:56:03",421.5,1,angelawurx
8031,16666878,aaronykchen,"2026-08-17 15:06:13",421.5,2,aaronyukuchen
8032,16683390,Christopher34,"2026-08-08 00:20:59",421.4,2,christopher34
8033,16714240,"The Shovel","2026-08-26 03:21:18",421.4,2,"astapasta0,qotqat"
8034,16668241,"Shreyansh Kanotra","2026-08-08 19:56:15",421.3,2,shreyanshkanotra
8035,16854332,kotaross,"2026-09-09 15:18:06",421.3,2,kotaross
8036,16892719,"Sandeep Guttavalli","2026-09-21 11:33:21",421.3,2,sandeepguttavalli
8037,16669346,"Jalpesh Vasa","2026-09-30 17:58:49",421.2,2,"deep1812,jalpeshvasa"
8038,16858543,"Fakhar Mustafa","2026-09-10 05:07:39",421.0,2,fakhar90
8039,16919693,Maham1199,"2026-09-30 12:17:53",421.0,2,maham1199
8040,16700596,"Markel Iru","2026-08-13 15:52:53",421.0,2,markeliru
8041,16841679,Chafuuu,"2026-09-09 16:26:02",420.6,2,chafuuu
8042,16770440,"Tegar Putrayas Dentatama","2026-09-27 06:32:14",420.2,2,tegarputrayasd
8043,16856112,"Thomas White","2026-09-08 19:39:13",420.1,1,leopardguy
8044,16675215,"Viljen Apalset Vassbø","2026-08-06 22:24:44",420.1,2,viljenapalsetvassb
8045,16663104,Sohan,"2026-08-23 14:42:40",419.9,2,sohansinghrawat
8046,16666873,"linli duan","2026-08-12 15:06:42",419.8,2,linliduan
8047,16701367,CryptoQuant1992,"2026-08-11 13:04:12",419.8,2,cryptoquant1992
8048,16623712,Dapp,"2026-08-03 23:09:19",419.8,2,lgloria
8049,16677047,LINOXYR,"2026-08-15 13:13:58",419.8,2,linoxyr
8050,16881765,"aakriti & tanya","2026-09-18 11:53:42",419.7,2,"aakritiinchaos,tanyac1"
8051,16773264,LA28,"2026-09-03 19:44:02",419.5,2,saisreelasyaappali
8052,16633097,"Matheus Bonjour Laviola da Silva","2026-08-02 11:08:21",419.5,2,matheusbonjour
8053,16670464,halfpintcider,"2026-09-16 08:50:31",419.5,2,"amoghdeshpande2021,visspric7"
8054,16728945,"Suryansh Kulshreshtha","2026-09-28 11:01:16",419.4,2,"busyfellow,suryanshkulshreshtha"
8055,16725065,"Maxim Smirnov","2026-08-15 13:21:05",419.3,2,smirnoffmg
8056,16676327,shu10038,"2026-09-14 12:07:16",419.3,2,shu10038
8057,16862497,DefiAudit,"2026-09-30 00:13:00",419.3,2,defiaudit
8058,16775069,JWlKIM,"2026-08-26 23:22:43",419.3,2,jwlkim
8059,16638967,"Jenny Luo","2026-08-01 23:55:07",419.0,2,"jennyluo96,kyeoh92"
8060,16730041,cracksbot,"2026-09-29 04:55:08",418.9,2,cracksbot
8061,16660455,"Alex Kapend","2026-08-05 08:42:26",418.9,2,alexkapend
8062,16729996,"Michael Roust","2026-08-18 16:09:56",418.7,2,michaelroust
8063,16668810,ZZZZGOD,"2026-08-07 19:11:09",418.5,2,zzzzgod
8064,16686093,"Muhammad Usman Butt","2026-08-07 22:00:04",418.2,2,debugdemon
8065,16661014,manu,"2026-08-16 04:45:12",418.2,2,manupandit
8066,16698029,"Meet Vachhani","2026-08-10 18:34:55",418.1,2,meetvachhani7
8067,16697396,"Collective Win","2026-08-18 05:10:12",417.8,2,collectivewin
8068,16630896,OpenBuilder,"2026-08-08 12:09:06",417.8,2,weijunguo
8069,16807636,"Liu Panfeng","2026-09-05 00:30:20",417.8,2,liupanfeng
8070,16919106,Jocelyn--JY03,"2026-09-23 05:45:05",417.7,2,jocelynjy03
8071,16655783,KonaKonaz,"2026-08-04 09:36:57",417.7,2,konakonaz
8072,16693255,"Carlos Hideo Yamaguchi","2026-08-10 00:59:12",417.2,2,carloshy
8073,16809998,chzCharbs,"2026-09-15 08:14:49",417.1,2,chzcharbel
8074,16726882,"Albert Yu","2026-08-17 00:01:53",416.7,2,yukinying
8075,16621518,jaccobian,"2026-08-29 08:11:50",416.6,2,harshraj22
8076,16924763,mimigerbachof,"2026-09-30 22:52:03",416.6,1,mimigerbachof
8077,16911283,"Apratim Bajpai","2026-09-18 17:19:51",416.6,2,apratimbajpai
8078,16666447,"Shuaib ayad Jasim Jasim","2026-08-06 20:51:47",416.5,2,shuaibayadjasimjasim
8079,16666066,Khush3e,"2026-09-16 23:20:51",416.4,2,khush3e
8080,16883188,gunnarrrr,"2026-09-30 13:05:25",416.4,2,gunnarrrr
8081,16633786,tuannm3812,"2026-08-28 08:00:42",416.2,2,tuannm3812
8082,16730099,KaminAster003,"2026-09-30 17:40:26",416.2,1,kaminaster003
8083,16702200,"ANGAD JANGIR","2026-08-11 02:01:38",416.1,2,angadjangir
8084,16692373,"Ornevis Montero","2026-08-20 01:59:43",416.1,2,ornevisbolaosmontero
8085,16732513,Taogege,"2026-09-22 09:17:12",416.1,2,"liyiyiyi6,taogege520"
8086,16664129,"Mr M 8641","2026-08-06 18:57:45",415.9,2,mrm8641
8087,16625149,Rubylicious,"2026-07-31 07:53:00",415.6,2,labibahalya
8088,16623528,"Faijur Rahaman","2026-08-20 09:40:07",415.4,2,faijurrahaman
8089,16719460,"Amon #2","2026-08-15 12:40:41",415.4,2,ezjameng
8090,16743032,"Sabarishvar S S","2026-09-03 17:49:08",415.2,1,sabarishvarss
8091,16706790,"Stas Chereshkevich","2026-08-19 12:23:33",415.1,2,staschereshkevich
8092,16664352,"Shreyash Asati","2026-08-06 10:40:56",414.7,1,shreyashasati
8093,16838460,"Yash Vardhan","2026-09-08 07:39:50",414.6,2,poruskapil1
8094,16757336,Stevejustin,"2026-08-31 04:18:31",414.5,2,stevejustin
8095,16654290,"Srinivasa Ranga","2026-09-23 20:38:38",414.5,2,srinivasaranga
8096,16684776,"D Rithika","2026-08-10 18:36:30",414.4,2,drithika
8097,16778886,"Sandeep Das","2026-08-31 09:48:37",414.3,2,sandypos
8098,16662896,"Adrian Dubois","2026-09-21 03:33:43",414.2,2,adriandubois
8099,16834632,casua132,"2026-09-05 07:56:17",414.2,1,casua132
8100,16724984,anish711,"2026-08-22 17:54:18",414.1,2,anish711
8101,16773043,"Petani Baik","2026-09-03 00:56:35",414.0,2,durrahandri
8102,16663804,"Fredy Meyer","2026-08-05 20:19:51",414.0,2,alexmeyerm
8103,16692782,"Andres Regino","2026-08-23 20:26:03",413.8,2,andresregino
8104,16827781,c1626343198,"2026-09-04 14:50:37",413.4,2,c1626343198
8105,16768262,"Brayan Miranda G","2026-08-26 19:40:15",413.2,2,brayanmirandag
8106,16758987,"Irtaza Ahmed Khan","2026-09-08 06:38:25",413.2,2,yrrebeere
8107,16658014,Bharath,"2026-09-30 23:15:22",412.9,2,pes2ug23cs121
8108,16808646,"Yimeng Wang","2026-09-27 15:09:20",412.9,2,yimengwang0814
8109,16925537,pballurkar,"2026-09-19 13:08:26",412.8,1,pballurkar
8110,16658678,"Manav Aghera","2026-09-06 18:16:28",412.8,2,manavaghera
8111,16785932,"Thomas Yi","2026-09-04 00:33:06",412.8,2,tyyslashd
8112,16883044,"Muhammad Olamide","2026-09-16 10:59:44",412.5,2,muhammadolamide
8113,16700627,"Benedict Ebito Boyubie","2026-08-10 11:03:38",412.5,1,bboyubie
8114,16773032,fecrescencio22,"2026-09-02 21:07:10",412.4,2,fecrescencio22
8115,16695828,rihiRule,"2026-08-11 13:40:24",412.4,2,rihirule
8116,16793391,"Muhammad Ussman","2026-09-24 20:18:29",412.4,2,muhammadussman
8117,16859368,"Emmanuel King Christopher","2026-09-09 23:31:24",412.4,1,emmanuelkingchris
8118,16729155,WangZihao5649,"2026-08-24 02:32:08",412.3,2,wangzihao5649
8119,16892976,"Tony He","2026-09-19 17:41:31",412.0,2,tonyyang0504
8120,16695095,"Jayanth Chowdary","2026-08-22 17:50:39",411.9,2,jayanthchowdary24
8121,16934824,Ken,"2026-09-21 09:28:50",411.8,2,kensuke77
8122,16669703,AnubhavBhadani142,"2026-08-15 06:32:19",411.8,2,anubhavbhadani142
8123,16668141,"Soichiro Mochizuki","2026-08-07 22:13:36",411.7,2,soichiromochizuki
8124,16691761,"Evie Barker","2026-08-15 13:40:05",411.7,2,eviebarker
8125,16623135,mohduwaishchaudhary,"2026-07-30 22:05:45",411.6,2,muwaish5
8126,16657574,harikrishnacs,"2026-08-04 12:28:53",411.5,2,harikrishnacs
8127,16719296,Mr.TtT_Games,"2026-08-14 04:58:39",411.2,2,mrtttgames
8128,16735012,"Shuvam Swapnil Dash","2026-08-28 19:56:48",411.2,2,"shashwatmandal,shuvamswapnildash"
8129,16671665,"Kobata Sota","2026-08-06 07:17:03",411.1,1,kobatasota
8130,16784400,K_DHEERAJ_11,"2026-08-31 02:58:38",411.1,2,kdheeraj11
8131,16927170,"çağrı okan","2026-09-19 23:33:54",411.0,2,cagrokan
8132,16659414,TTGP_TEAM,"2026-08-06 15:33:09",410.9,2,phttrntrnggia
8133,16661194,"Sandeep Vanapalli","2026-08-04 15:37:06",410.9,2,mrleaf
8134,16941853,"Prem Raga1809","2026-09-23 18:27:49",410.7,2,premraga1809
8135,16659269,"Bedirhan Dinçer","2026-08-10 20:26:46",410.6,2,bedirhandiner
8136,16918251,modolu,"2026-09-29 21:10:29",410.6,1,modolu
8137,16660531,greySnow,"2026-09-10 23:39:09",410.5,2,shlomoron
8138,16726285,Dhananjay,"2026-08-15 18:48:20",410.2,2,dhananjaylakkawar
8139,16686796,"Harinath Reddy A","2026-08-23 21:23:45",410.1,2,harynath
8140,16840668,"Aratrika Ruhal","2026-09-13 23:35:13",410.1,2,aratrikaruhal
8141,16662133,"Ding Lifeng","2026-08-29 08:20:49",410.0,2,dinglifeng
8142,16733343,"Ayam Dhotekar","2026-09-27 10:42:18",409.9,2,ayamdhotekar
8143,16719679,ZhiruiLuo,"2026-08-25 15:52:57",409.9,1,zhirluo
8144,16644023,"Yiğit Efe Albaş","2026-08-02 18:34:39",409.8,1,yiitefealba
8145,16721942,"Daniel Rodriguez Bothe","2026-08-18 16:57:00",409.7,2,danielrodriguezbothe
8146,16660073,"Mahad Kakooza","2026-09-06 20:30:18",409.6,2,mahadkakooza
8147,16761148,Deku,"2026-08-23 13:36:57",409.5,1,piyushsharma5654
8148,16660484,"Waiswa Geoffrey","2026-08-31 08:29:58",409.5,2,waiswageoffrey
8149,16689256,"Pavan Pusapati","2026-09-17 11:26:52",409.3,1,pavanpusapati
8150,16668368,"Waleed Hasan","2026-08-12 01:42:22",409.2,2,whasan
8151,16795330,"Alejandro Villacampa","2026-09-02 17:32:11",409.1,2,avillacampa
8152,16792685,李明,"2026-09-22 08:03:47",409.1,2,liming2026good
8153,16763400,"Parth Sarnobat","2026-09-24 18:54:48",409.0,2,parthsarnobat
8154,16665152,"Ahmed Karim","2026-08-17 11:32:15",408.8,2,versusic
8155,16676205,"Alhassan Fedawy","2026-08-14 17:15:07",408.6,2,alhassanfedawy
8156,16717420,"Muhammad Yasir Sarwar","2026-08-13 14:40:09",408.6,2,muhammadyasirsarwar
8157,16694497,Kawai,"2026-09-25 17:21:01",408.3,2,"lavendermoon19,sumitwod"
8158,16748500,stimmie,"2026-08-30 16:11:56",408.2,2,stimmie
8159,16625434,"Chirapathleo Saelim","2026-09-08 08:40:06",408.2,2,chirapathleosaelim
8160,16745485,"Thamires dos Santos ","2026-09-25 01:42:25",408.2,2,thasantos
8161,16716702,"majjati khalid ","2026-08-19 14:12:32",408.0,2,khalidma
8162,16705640,"Dongre Laxman","2026-08-12 12:36:29",407.9,2,dongrelaxman
8163,16623503,"D Mohith","2026-08-01 01:06:22",407.8,2,dmohith
8164,16685609,Abella,"2026-09-30 21:29:34",407.8,2,unnatibansal990
8165,16682906,Masiki,"2026-09-05 13:55:54",407.8,2,blackseed
8166,16639764,CortexExplorer,"2026-09-20 15:15:59",407.5,2,cortexexplorer
8167,16696271,"Neeta Sanjay Gajabi","2026-08-09 14:48:42",407.4,2,neeta2574
8168,16660287,BhatNasir,"2026-08-04 16:29:18",407.4,2,nasir94
8169,16795877,"Marco Polo","2026-09-16 00:02:55",407.4,2,zhesong1
8170,16681441,"Lamiaa Al-bdrani","2026-08-07 04:25:50",407.3,1,lamiaaalbdrani
8171,16723779,Matheubern,"2026-09-07 02:24:32",407.3,2,matheubern
8172,16661966,Rocket,"2026-08-29 18:05:35",407.2,2,"aarchie4,nick16541,siddharthdongardive"
8173,16912864,zhzhang,"2026-09-19 12:54:48",407.0,2,lililizh11
8174,16698570,MurphyIIVan,"2026-08-10 03:35:41",406.8,2,murphyiivan
8175,16702980,GCSudarshanReddy,"2026-08-15 17:32:06",406.8,2,gcsudarshanreddy
8176,16640814,"Kritika Adhikari","2026-08-07 09:25:26",406.6,2,kritikaadhikari
8177,16669168,"Kingsley Jide","2026-08-31 21:30:18",406.5,2,kingsleyjide
8178,16716299,Biwaaa67,"2026-08-13 19:57:06",406.4,1,biwaaa67
8179,16864670,"Takahiro Cho","2026-09-10 04:55:10",406.4,1,takahirocho
8180,16633984,"Mongkhon Hatit","2026-08-04 11:58:56",406.3,2,mongkolhatit
8181,16890098,"Binief Ta","2026-09-14 14:08:36",406.3,2,biniefta
8182,16728839,Mharfe,"2026-09-06 23:26:08",406.2,2,mharfe
8183,16792630,Vipluv1,"2026-09-04 20:32:56",406.0,2,vipluv1
8184,16742009,"Mutyam kavyanjali","2026-08-19 10:25:06",405.8,1,mutyamkavyanjali
8185,16890562,Names231,"2026-09-14 16:08:48",405.7,2,names231
8186,16776777,cerceanit,"2026-08-29 14:51:48",405.6,1,uaisamangeldi
8187,16654258,"Ashray Bagde","2026-08-13 08:13:00",405.4,2,ashrayaaaaa
8188,16738351,"Haidar Faruqi","2026-08-25 05:00:00",405.0,2,haidarfaruqi
8189,16669170,AsadUsmanFAST,"2026-08-05 22:37:33",404.9,2,asadusmanfast
8190,16768578,"Patrick Lzz","2026-08-25 02:56:30",404.9,2,patricklzz
8191,16654175,abhiv142,"2026-08-11 13:22:03",404.9,2,abhiv142
8192,16798347,"Mr Michael Chung","2026-09-14 19:39:17",404.9,2,mrmichaelchung
8193,16662095,"Buzz shocker","2026-09-13 20:28:48",404.7,2,buzzshocker
8194,16931956,Aari101,"2026-09-20 19:23:51",404.7,2,aari101
8195,16656989,Crunchex,"2026-08-29 10:52:11",404.6,2,"asmo04,chinmaysoni48,codencry"
8196,16696959,"Joe Filfli","2026-08-11 10:47:03",404.6,2,joefilfli
8197,16907577,"Дмитрий Витальевич","2026-09-17 07:59:28",404.4,2,mtkrqt
8198,16655891,"Yukihito Ikoma","2026-08-27 03:55:41",404.4,2,yikoma
8199,16665470,KanakoS,"2026-08-18 13:13:58",404.3,2,kanakos
8200,16632841,AGG,"2026-09-05 18:33:20",404.3,2,aleixgim
8201,16660923,naganikshith,"2026-08-06 08:01:09",404.1,2,naganikshith
8202,16689017,"Mounica Challa","2026-09-17 19:39:39",404.1,2,mounicachalla
8203,16918087,Kenyo8,"2026-09-21 07:47:02",403.9,2,kenyo8
8204,16685615,Spectra,"2026-08-07 16:14:32",403.7,2,thomaskressig
8205,16653998,www1727,"2026-09-15 16:45:05",403.7,2,www1727
8206,16655997,tanatet8,"2026-09-05 11:00:05",403.6,2,tanatet8
8207,16659018,"Ramziddin Toxirov","2026-08-11 04:58:03",403.6,2,ramziddintoxirov
8208,16657502,Jasmeen,"2026-08-16 08:59:05",403.5,2,jasmeen0207
8209,16678819,"Digant Kathiriya","2026-08-07 02:07:51",403.4,2,digantkathiriya
8210,16802750,"[Deleted] fafa60dd-8026-43cc-b656-34ca4625ef7d","2026-09-01 12:22:13",403.4,1,del=e2a734cecd171934
8211,16735934,"Uday Kiran003","2026-08-18 06:23:18",403.2,1,udaykiran003
8212,16632503,"Wei Hsiang Lin111","2026-08-01 07:42:33",403.2,2,weihsianglin111
8213,16925224,Raosaheb,"2026-09-20 08:17:04",403.1,2,raosahebmore
8214,16657545,"Deepak Singh","2026-08-11 13:50:31",403.1,2,vihaannegi
8215,16699436,"Oluwaseun O Adeya","2026-08-23 01:22:24",403.0,2,oluwaseunoadeya
8216,16685904,KavYaHD,"2026-08-10 13:02:45",402.7,2,kavyahd
8217,16857871,SHP123SHP,"2026-09-10 03:20:57",402.5,2,shp123shp
8218,16686411,NeoCodes.Dev,"2026-08-23 23:53:10",402.4,2,neocodesdev
8219,16658304,"KETHAVATH Aadarsh","2026-08-05 21:00:45",402.4,2,kethavathaadarsh
8220,16656156,"Kshitij aucharmal","2026-08-06 04:35:27",402.2,2,narutoaucharmal
8221,16892644,ElKnilcho,"2026-09-14 19:01:37",402.2,2,elknilcho
8222,16672292,"KARTIKEY PANWAR","2026-08-06 05:46:16",402.1,2,kartikeypanwar
8223,16758192,"Dev Monk","2026-08-29 14:03:22",402.1,2,devmonk63
8224,16897148,"Ikrame Ibn Hayoun","2026-09-15 14:26:06",402.0,2,ikrameibnhayoun
8225,16706184,"Lingaraju Saikumar","2026-08-16 11:51:34",402.0,2,lingarajusaikumar
8226,16623582,yunsuxiaozi,"2026-08-01 13:59:57",401.9,2,yunsuxiaozi
8227,16796102,yiliang,"2026-08-31 12:55:20",401.8,2,yilianglv
8228,16728394,"Aisultan Davletkan","2026-08-16 13:01:38",401.8,1,aisdav
8229,16659588,"Priya J","2026-09-30 13:58:50",401.6,2,priyaj21
8230,16759765,"Ososanwo Idris Olaitan","2026-09-11 18:38:06",401.4,2,ososanwoidrisolaitan
8231,16669434,"Saugat Kannojia","2026-08-07 11:45:47",401.2,2,saugatkannojia
8232,16839419,"Gunratna borkar","2026-09-05 23:32:33",401.2,2,gunratnaborkar
8233,16839457,HugoLee_dreamer,"2026-09-14 01:18:31",401.0,2,hugoleedreamer
8234,16712906,"Sharad Garg","2026-08-13 14:54:43",400.9,2,sharadgarg
8235,16631609,dlougen,"2026-08-04 16:40:03",400.9,2,dlougen
8236,16721530,revv0o,"2026-08-15 13:58:34",400.7,2,revv0o
8237,16634911,onlytimeknows,"2026-08-22 12:31:11",400.7,2,onlytimeknows
8238,16750435,"Oleksandr Zalievskyi","2026-08-23 18:34:59",400.6,2,sashaworker
8239,16656579,"Riad Rayhan","2026-08-15 06:40:35",400.5,2,riadrayhan
8240,16732395,"Nikita Antonov","2026-08-23 08:33:03",400.3,2,nantonov
8241,16665400,FieldOps,"2026-09-30 06:45:03",400.3,2,sycpr1me
8242,16744018,"ZK Adam","2026-08-27 17:40:04",400.2,2,zkadam
8243,16657712,"samuel job Adeola ","2026-09-20 22:25:10",400.1,2,samueljobadeola
8244,16897961,"AIZOYA FarmBrain","2026-09-28 19:05:56",400.1,2,aizoya
8245,16715416,"Md. Adnan","2026-09-20 08:53:58",400.1,2,mdadnan96
8246,16675385,Apex🦾,"2026-08-14 18:00:17",400.1,2,"raghadabdullara,renadahmadalamri,zzainh"
8247,16659247,cindrella_18,"2026-09-22 09:10:52",400.0,2,"ankithraj30,neharaj1518"
8248,16896794,Cidoai,"2026-09-18 08:45:45",400.0,2,cidoai
8249,16663055,jainish_d24ce180,"2026-08-10 13:54:40",400.0,2,jainishshah35
8250,16707987,"Big Balls Entertainment","2026-08-12 10:18:24",399.9,2,"pavivin,semenkolesnikov"
8251,16930439,wessa0,"2026-09-22 13:42:39",399.9,2,wessa0
8252,16665040,"Arnav Yashlaha","2026-08-05 05:44:26",399.9,2,arnavyashlaha
8253,16662985,DanTheDataScienceMan,"2026-08-05 17:40:06",399.8,1,danthedatascienceman
8254,16675232,"Rafif Ariq Rabbani","2026-08-27 19:37:32",399.6,2,rafifariqrabbani
8255,16926757,MengXun326,"2026-09-20 21:55:59",399.3,2,mengxun326
8256,16666596,"Daumas Benjamin","2026-09-03 10:05:38",399.3,2,daumasbenjamin
8257,16659459,"Akandé Philippe ABIODOUN","2026-08-06 11:58:09",399.1,2,vrmelo
8258,16664512,oggyiu,"2026-09-01 07:46:10",399.0,1,oggyiu
8259,16665356,No1,"2026-09-30 06:38:11",398.9,2,prajyotr
8260,16656902,"Ram Chandra Gupta","2026-08-05 10:18:41",398.9,2,ramchandra142
8261,16696939,"Keaton Zang","2026-08-10 21:24:20",398.8,1,keatonzang
8262,16693307,"Vlad Gavrilov","2026-08-09 04:00:29",398.8,2,vladgavrilov
8263,16661717,"Yaswanth Ippili","2026-08-06 11:32:13",398.7,2,yaswanthippili
8264,16657054,"ömer umut güngör","2026-08-05 06:10:22",398.7,2,merumutgngr
8265,16712633,"Andy Andy","2026-08-13 08:11:38",398.6,2,andy3373
8266,16689877,Amr_Said1233,"2026-08-08 08:48:28",398.5,1,amrsaid1233
8267,16778939,"Stepan Antonov","2026-08-27 07:59:30",398.4,1,stepanantonov
8268,16666944,"Meghnath S","2026-08-11 01:56:22",398.3,2,meghnaths
8269,16671913,res67,"2026-08-07 16:22:30",398.3,2,junyeanyap
8270,16757351,SaiVenkatesh,"2026-09-05 10:30:00",398.2,2,nothingnew
8271,16709299,"Divyanshu Choudhary","2026-09-04 13:13:32",397.8,2,divyanshuchoudhary25
8272,16623631,SeaEag1e,"2026-07-31 06:26:17",397.8,1,seaeag1e
8273,16639916,BloomBerry,"2026-08-12 12:38:31",397.7,2,kagglepalandata
8274,16845067,"Vineet Gupta","2026-09-14 09:08:20",397.6,1,"graceydugar,vineetgupta2023"
8275,16808705,Danielaijdkx,"2026-09-03 11:29:34",397.6,1,danielaijdkx
8276,16671773,"Sawyer Lundberg","2026-08-07 03:33:23",397.3,2,sawyerlundberg
8277,16795399,"Diksha Phartyal","2026-09-30 05:46:40",397.2,1,dikshaphartyal
8278,16790603,xinbao,"2026-09-22 05:21:16",397.2,2,zww123456
8279,16786328,"DanishGW School","2026-09-02 03:50:19",397.1,2,danishgwschool
8280,16709337,"Chris Turnbull","2026-08-11 22:15:57",397.1,2,christurnbull
8281,16666479,"Prajwal Nivangune","2026-08-09 18:33:51",397.0,2,prajwalnivangune
8282,16715404,"karthik reddy","2026-09-04 01:34:50",397.0,2,karthikreddyp
8283,16675462,bkcoban,"2026-08-07 18:22:48",396.7,2,bkcoban
8284,16654947,"Ömer Hüseynov","2026-08-08 22:06:03",396.6,2,omarhuseynov
8285,16774921,"conor lowth","2026-08-28 10:46:42",396.5,2,conorlowth
8286,16811013,"Sara Vahidestakhri","2026-09-03 00:32:07",396.5,1,saravahidestakhri
8287,16664406,"MURDER GOOSE","2026-08-05 09:45:33",396.5,2,ujjwalar
8288,16765863,MADUPU.SRINIDHI,"2026-09-05 10:31:08",396.5,2,madupusrinidhi
8289,16763523,"Nam Khánh Lê","2026-09-02 06:28:44",396.4,2,"khanhss,khimbodoi"
8290,16732041,"Vallapu Nandini","2026-08-17 10:22:47",396.3,1,nandinivallapu
8291,16653006,"anthony mbadiwe ikeme","2026-08-18 09:08:02",396.3,2,anthonymbadiweikeme
8292,16664044,IntentionalSayshara,"2026-09-27 17:50:47",396.1,2,jaelle
8293,16738441,"Moritz Huber","2026-08-30 21:00:10",396.0,2,moritzhuber
8294,16662089,"Alonso Gallego Pacho","2026-08-27 13:27:36",396.0,2,alonsogallegopacho
8295,16919222,"Lakshmi Sayyapureddy","2026-09-20 12:41:09",396.0,2,lakshmisayyapureddy
8296,16658535,khanna.rohit5,"2026-08-10 05:00:31",395.9,2,khannarohit5
8297,16751796,"Leo Pallorina","2026-08-23 14:06:17",395.8,2,lelelsp
8298,16661990,"Olaoluwa Abiodun","2026-08-05 14:57:07",395.8,2,laoluwaa
8299,16711374,Jascha,"2026-08-13 11:22:30",395.6,2,lippja
8300,16854266,もふもふ神,"2026-09-12 16:26:42",395.6,2,mohumohukami
8301,16664064,lookapmaka,"2026-08-10 17:19:05",395.6,2,lookapmaka
8302,16849620,rgbweston,"2026-09-07 18:00:17",395.5,1,rgbweston
8303,16663815,"Tetsuya Sasaki","2026-09-05 00:00:30",395.5,2,sasakitetsuya
8304,16629201,"GUILLERMO REY PANIAGUA","2026-08-01 16:41:58",395.5,2,guillermoreypaniagua
8305,16656951,"[Deleted] 6015b650-8e16-4705-8036-db40bdd2d353","2026-08-04 09:08:05",395.3,1,del=084ea76838ad756b
8306,16695627,"Xu Lou","2026-08-09 13:01:23",395.3,2,xuxiaozhou666
8307,16665988,"Ronel maamoc","2026-08-31 09:37:13",395.1,2,ronelmaamoc
8308,16719603,"sravan Tirumala","2026-08-14 03:05:43",395.0,1,sravantirumala
8309,16657201,ShayML,"2026-08-08 09:02:05",395.0,2,shayml
8310,16759916,"Jeevith G","2026-08-23 06:58:50",394.7,2,jeevithg090
8311,16818498,"AARYAN VISHAL","2026-09-07 11:53:23",394.7,2,aaryanvishal
8312,16746562,"The Learning loop","2026-09-24 10:32:16",394.5,2,"jananikasenthilkumar,ssjaswanth"
8313,16712259,geqiulin,"2026-08-13 04:46:11",394.5,2,geqiulin
8314,16784030,"Pooja Gera","2026-09-02 15:10:47",394.1,2,poojagera00
8315,16638704,"Lee Yen Fei","2026-09-01 03:31:45",394.0,2,leeyenfei
8316,16625418,"Hariprasanth Paranjothy","2026-08-01 05:52:19",393.7,2,hariprasanth8
8317,16630020,"Piotr Gabrys","2026-08-09 16:53:59",393.3,2,piotrekga
8318,16673583,"Priyanshu Jha","2026-08-16 08:10:08",393.3,2,codewithjha
8319,16664401,"Pranav Premchand","2026-08-05 03:07:24",393.3,1,pranavpremchand
8320,16850232,"Kharchenko Bogdan","2026-09-09 18:57:16",393.3,2,kharchenkobogdan
8321,16716657,"Jasti Phani","2026-08-19 08:38:00",392.8,1,jastiphani
8322,16662646,"Jay Parsana","2026-08-09 18:07:10",392.7,2,jay051
8323,16802866,"Antonio Di Cecco","2026-09-01 18:37:02",392.6,1,antdic
8324,16726168,"Shrey Modi","2026-08-15 19:42:14",392.6,2,shreymodi2
8325,16796474,"Chaitanya Mundhe ","2026-09-13 12:27:10",392.6,2,chaitanyamundhe
8326,16658366,kuroneko,"2026-08-04 10:43:29",392.5,2,kurorosuke
8327,16747782,"Muhammad Agam Febryan","2026-08-29 18:22:04",392.5,2,muhammadagamfebryan
8328,16662319,ethan.ai,"2026-08-13 18:16:35",392.4,2,ethanai
8329,16690197,"Ankit Kushwaha_06","2026-08-18 08:10:12",392.3,2,ankitkushwaha06
8330,16665228,Jason_Qian,"2026-08-05 16:00:43",392.2,2,jasonqia
8331,16736432,"Sarthak #2","2026-08-18 12:33:53",391.9,2,srthkdixit
8332,16664818,"B M Dimpu Shree","2026-08-21 10:51:22",391.9,2,bmdimpushree
8333,16943142,"ravi AK","2026-09-27 11:50:08",391.8,2,raviak
8334,16723075,"Cauã Freitas","2026-09-30 11:40:08",391.7,2,cauafreitas
8335,16732355,"Nagesh gite","2026-09-06 07:44:05",391.6,2,"kuberb,nageshgite,vasugupta1121"
8336,16913940,"Mustafa Rehman","2026-09-21 09:33:59",391.4,2,mustafar34
8337,16907754,Shenghan,"2026-09-22 16:17:41",391.3,2,shenghanxie
8338,16668522,"Moatez Litaiem","2026-08-06 16:57:54",391.2,2,moatezlitaiem04
8339,16671911,"Dwi Eflatino","2026-08-16 10:44:17",391.1,2,eflatino
8340,16686954,"Davie Mdumuka","2026-08-09 19:40:56",391.1,1,daviemdumuka
8341,16700685,"Preeti Dhotmal","2026-08-27 11:25:29",391.0,2,preetidhotmal
8342,16805176,"Hritvika Tawde","2026-09-13 11:22:46",390.9,2,hritvikatawde
8343,16654758,f--n,"2026-09-06 13:37:43",390.8,1,a17442473
8344,16674278,"Niels de Gier","2026-08-07 15:57:04",390.7,2,nielsdegier
8345,16734431,"Maxwell Herron","2026-08-19 02:06:34",390.6,2,maxwellherron
8346,16691891,"Gagan Thakur","2026-08-16 04:36:51",390.5,2,gaganthakur2006
8347,16675043,malibu_orange,"2026-09-05 13:27:13",390.3,2,malibuorange
8348,16758681,"Sahil suman","2026-08-26 16:26:13",390.3,2,gruntingtorch
8349,16793657,Xin_T,"2026-08-30 16:48:11",390.2,1,xint666
8350,16658498,cheesama,"2026-08-04 23:36:18",390.1,2,cheesama
8351,16659659,"michael J king","2026-09-30 20:42:07",389.9,2,michaeljking
8352,16701713,"Максим Хованский","2026-08-10 14:35:38",389.8,1,yeezynaizi
8353,16709179,"SATENDRA SINGH","2026-09-17 03:39:22",389.8,2,satendrasingh9876
8354,16790615,"Suryansh Vashisth","2026-08-31 10:38:54",389.5,2,songoku2005
8355,16716589,"Shaik Adilazeez","2026-08-13 09:29:44",389.1,1,shaikadilazeez
8356,16881479,GG,"2026-09-13 11:27:34",389.1,2,ggroth
8357,16875657,"Валерия Захарова","2026-09-12 23:53:56",388.9,2,melomanpanda
8358,16808233,"Yash Hingane","2026-09-04 12:53:43",388.9,2,yashhingane
8359,16658202,"SNAEHATH P","2026-08-06 13:51:15",388.7,2,snaehath
8360,16735580,"Dhiya Nachimuthu","2026-08-30 06:13:38",388.5,2,dhiyanachimuthu
8361,16749503,ally,"2026-08-23 11:48:49",388.5,2,phamngoclinh
8362,16676397,Rohan_Joshi6404,"2026-08-13 13:58:56",388.4,2,rohanjoshi6404
8363,16725349,"Saj Patel","2026-08-15 21:55:42",388.3,2,sajpatel15
8364,16908873,KelOliHar,"2026-09-18 20:02:58",388.2,2,kelolihar
8365,16791546,fatimakhlid,"2026-09-10 21:00:33",388.0,2,fatimakhlid
8366,16625770,"Đức Trung Trần","2026-08-24 11:01:33",388.0,2,ctrungtrn
8367,16675801,"Neeraj Jha","2026-09-27 07:38:16",387.9,2,neerajjha1996
8368,16681638,aadi_065_,"2026-09-27 03:50:16",387.8,2,aadi065
8369,16661633,"Joseph Garcia","2026-08-19 16:28:08",387.8,2,josephpgar
8370,16753895,Andrew98,"2026-08-22 13:10:58",387.7,2,vitem98
8371,16640810,まさやん,"2026-08-12 15:22:53",387.3,2,masayam1234
8372,16790718,"Carlos Alves","2026-09-02 04:29:42",387.1,2,carlosone
8373,16689286,"Telman Yusifov","2026-08-09 07:08:46",387.1,2,yusifovtelman
8374,16809931,"john crick","2026-09-16 02:07:20",387.0,2,johncrick
8375,16663286,"Fan Wang","2026-08-10 21:12:40",386.9,2,wangfan420
8376,16669102,Ritik,"2026-08-07 18:11:13",386.7,2,xritikx
8377,16701064,KMishra011,"2026-08-20 20:30:34",386.6,2,kmishra011
8378,16658391,"Jack #2","2026-09-30 14:31:45",386.6,2,jack1233
8379,16623054,"Max Bond ABE","2026-08-15 22:43:34",386.6,1,maxbondabe
8380,16623540,TheDuck,"2026-09-30 19:25:29",386.5,2,jaxroth
8381,16660317,esgranja,"2026-08-04 18:58:48",386.5,1,esgranja
8382,16666334,UnderBlade,"2026-08-05 09:56:11",386.4,2,"athillazaidan,kurtmikhael"
8383,16700294,"SWAPNEEL BANERJEE","2026-09-24 15:53:50",386.4,2,swapneelbanerjee
8384,16656023,JD_Mello,"2026-09-06 01:41:52",386.3,2,jdmello
8385,16660318,"Aiman Al-Shalfi","2026-09-14 12:39:08",386.1,2,aimanalshalfi
8386,16678298,"RITIK CHAUDHRY","2026-08-10 13:34:35",386.1,2,ritikchaudhry13
8387,16758093,_student,"2026-08-23 22:21:25",386.0,2,drvtalan
8388,16662267,"Fahim Montasir","2026-08-10 16:15:10",386.0,2,fahimmontasir
8389,16671532,"Yuri Nakayama","2026-08-13 11:34:55",385.6,2,yurinakayama
8390,16906238,Naaz,"2026-09-17 06:33:26",385.3,2,naaz03
8391,16763938,"joel paul","2026-08-26 02:05:07",385.3,2,joelpaulf
8392,16772511,"Max Gläser","2026-08-26 23:39:34",385.0,1,maxglser
8393,16664514,"Henry Adjanor tetteh","2026-08-12 00:43:41",384.9,2,henryadjanortetteh
8394,16689344,"Shalini Gangrade","2026-08-09 13:17:30",384.7,2,shalinig1
8395,16670475,Adib,"2026-08-06 02:02:27",384.7,2,adibemohamed
8396,16660294,"Mohamed Amadu Bangura","2026-08-04 16:14:07",384.6,1,mohamedamadubangura
8397,16661659,"Ivan Zagorulko","2026-08-05 10:53:13",384.5,2,normaldaki278
8398,16671512,"Darren Grendi","2026-08-10 00:38:51",384.4,1,darrengrendi
8399,16778908,"PATIL ADITYA PANDURANG","2026-09-29 13:22:04",384.3,2,"jagdalepranavsagar,patiladityapandurang,pavankadam7005"
8400,16768174,lambdap,"2026-09-06 13:25:29",383.5,2,lambdap
8401,16662081,Ayush_Bhaskar_25323010,"2026-08-08 19:49:56",383.1,2,ayushbhaskar25323010
8402,16666958,TinkerBotics,"2026-08-05 20:29:19",382.6,2,salosojaedwin
8403,16792567,"Karan Rai","2026-09-30 22:50:17",382.3,2,karanrai248
8404,16851939,"Naoya Mieno","2026-09-11 06:19:02",382.1,2,naoyamieno
8405,16790076,Jessewudao,"2026-09-04 16:54:58",382.1,1,"jessewudao,zongruixie"
8406,16723068,Kaggricultors,"2026-09-28 22:09:46",382.0,2,"claralimasilva,roberthdouglasufc"
8407,16667615,"Zayd Mulani","2026-08-08 23:05:57",382.0,2,zaydmulani
8408,16666257,"Shijian Wen","2026-08-06 09:40:44",381.7,2,shijianwen
8409,16794302,bettta11,"2026-09-04 23:25:27",381.7,1,bettta11
8410,16656608,"Jeffrey Dilley","2026-08-04 15:40:08",381.4,1,jeffreydilley
8411,16658286,"Jatin Gujarathi","2026-09-20 08:36:06",381.1,2,jatingujarathi
8412,16804231,illegalplumbing,"2026-09-16 02:55:22",381.0,2,illegalplumbing
8413,16891519,SongShijieCC305,"2026-09-14 16:03:59",381.0,2,songshijiecc305
8414,16898808,katoue,"2026-09-16 21:47:46",380.9,2,katoue
8415,16660489,"Luca Lullo","2026-09-24 06:56:17",380.7,2,lucalullo
8416,16723947,"Ariel GNANSOUNOU","2026-09-22 21:11:28",380.7,1,arielgnansounou
8417,16662589,"Arunagirinadan Sudharshan","2026-09-27 18:51:57",380.6,2,sudhanaruna
8418,16691790,"Akshay Sawant","2026-08-08 19:33:14",380.6,2,akshaysawant8983
8419,16624879,indira,"2026-07-31 06:52:02",380.4,2,inansia
8420,16761319,Yuvraj,"2026-08-23 07:29:44",380.3,1,yuvrajkr01
8421,16730745,"Aymerou Yaya Koné","2026-09-30 01:26:52",380.0,2,aymerouyayakon
8422,16777612,"zebra G","2026-08-27 15:46:59",379.9,1,zebrag
8423,16750743,"Nagimov Timur","2026-08-20 21:10:30",379.8,2,nagimovtimur
8424,16643278,"Giovani Moresco","2026-08-06 05:30:45",379.7,2,giovanimoresco
8425,16664454,"Naga Vinay Avvaru","2026-08-05 07:04:44",379.7,2,anagavinay
8426,16730589,山谷知輝,"2026-09-02 02:03:05",379.7,2,tomokiyamaya
8427,16892509,"Konko M","2026-09-14 18:52:34",379.3,2,konkomaji
8428,16840626,"Christopher Márquez","2026-09-12 22:23:02",379.1,2,christophermrqz1174
8429,16771187,FernandoRB,"2026-08-26 15:53:49",378.9,2,fernandorb
8430,16685207,"Koushik Thummu","2026-08-07 18:15:47",378.9,2,koushikthummu
8431,16663674,"Mason Mahar","2026-08-30 04:00:17",378.6,2,masonmahar
8432,16701885,"Mehdi L.","2026-08-13 13:41:14",378.6,2,lmehdi
8433,16729708,msmsuman,"2026-09-06 11:11:45",378.4,2,msmsumanmuskan
8434,16665449,AgroVisionAI,"2026-08-11 19:52:49",378.4,2,"aishwaryvarshney,bhuppisharma,kirtisharmaphd,pragyasingh59,priyasingh0590"
8435,16638938,Light&Thunder,"2026-08-09 06:39:19",378.0,2,yerne39
8436,16659720,Project_Kurukshetra,"2026-08-16 05:01:34",377.9,2,"chaitanyaterli05,lavanyayandapalli"
8437,16658227,Gugu888,"2026-08-14 04:27:57",377.9,2,gugu888
8438,16630662,Akshatjhawar777,"2026-08-05 12:18:30",377.7,2,akshatjhawar777
8439,16670257,RonitKhanna333,"2026-08-12 12:22:11",377.6,2,ronitkhanna333
8440,16689970,"Константин Паращук","2026-08-08 09:15:08",377.4,1,kangchenxi
8441,16715033,"Colton Byers","2026-08-17 10:41:50",377.3,2,coltonbyers
8442,16757017,"William Green","2026-09-05 01:33:23",377.2,1,dskswu
8443,16691565,"Blu cky","2026-08-09 19:13:27",377.2,2,llmdablucky
8444,16657438,"Udit Aggarwal1","2026-08-08 19:09:27",377.0,2,uditaggarwal1
8445,16708896,"Alberto Scinetti","2026-08-13 19:18:11",377.0,2,albertoscinetti
8446,16702771,n_samii,"2026-08-14 01:20:08",376.5,2,nsamii
8447,16660228,"Ochuwa Pearl Isa","2026-08-06 09:29:36",376.3,2,pearlisa
8448,16668696,Fabian,"2026-09-03 15:52:06",376.2,1,fabiantoh98
8449,16931682,"Vijay kumar Gandem","2026-09-20 18:04:40",376.2,2,vijaykumargandem
8450,16759225,"Andrea Jordan Paro","2026-08-24 11:24:14",376.2,2,andreajordanparo
8451,16727920,"Youssef Yacoup","2026-09-27 02:17:18",375.7,2,youssefyacoup
8452,16692825,"Saad Arain","2026-08-09 12:27:08",375.7,2,saad451
8453,16668431,"Harshpreet Singh #2","2026-08-06 01:06:28",375.5,1,harshpreetsingh45
8454,16658960,"Amit Kumar","2026-08-06 05:44:30",375.5,2,anmitkumar
8455,16673825,h_jun,"2026-08-10 06:21:12",375.4,1,lhjoon77
8456,16780101,jjjhoon,"2026-08-28 04:04:26",375.4,2,jjjhoon
8457,16664450,"Fritz Adelbertus","2026-08-10 01:13:44",375.2,1,fritzadelbertus
8458,16774592,"Oliad Dandana","2026-08-27 09:28:20",375.2,2,olidan
8459,16726569,"Andrey Balvaneda","2026-08-17 20:59:45",375.1,2,andreybalvaneda
8460,16803129,hdttnk,"2026-09-02 14:13:00",375.0,2,hdttnk
8461,16691027,"Jelle Maas","2026-08-08 14:58:19",374.9,2,jellemaas
8462,16894573,VISHWAPRIYAI,"2026-09-26 05:20:43",374.9,2,vishwapriyai
8463,16692710,"Baran Haydar","2026-08-12 06:56:50",374.9,2,baranhaydar
8464,16660852,"K VISHALINI","2026-08-13 06:59:27",374.9,2,kvishalini
8465,16665959,"Lourenz Baliber","2026-08-18 00:34:06",374.7,1,lourenz
8466,16941652,里奥梅东,"2026-09-25 10:55:28",374.7,2,lionalmedong
8467,16733318,"Anuj Bolewar","2026-08-18 11:11:01",374.6,2,anujbolewar
8468,16888334,"Ohene A","2026-09-14 17:36:00",374.5,2,pamo12
8469,16860003,"Aatif Sayyad","2026-09-10 21:31:13",374.5,2,aatifsayyad
8470,16667759,"Nafis Fuad Shahid","2026-08-05 19:21:39",374.4,2,nafisfuadshahidd
8471,16717447,zhiyue666,"2026-09-10 09:01:07",374.4,2,zhiyue666
8472,16735307,"Ayush Dhabsa_real","2026-09-10 09:13:50",374.4,1,ayushdhabsareal
8473,16682869,"Sepideh Rahmati","2026-09-14 09:43:57",374.3,2,sepidehrahmati
8474,16702935,"Defne Demir","2026-08-11 18:27:36",374.3,2,defnedemir
8475,16693087,osprey2k,"2026-09-09 02:34:27",374.3,2,osprey2k
8476,16768884,z y f 007,"2026-08-31 05:39:35",374.2,2,zyf007
8477,16809202,amano,"2026-09-03 13:44:49",374.1,2,amanoshotaro
8478,16802028,Dong,"2026-09-11 03:53:23",373.8,2,protostar
8479,16729351,vlad.shorodok,"2026-08-16 18:05:09",373.8,2,vladshorodok
8480,16661453,"Disleve Kanku","2026-08-14 15:32:51",373.4,2,dislevekanku
8481,16639727,"Andres Mohali","2026-08-13 23:03:25",373.0,2,mohax3
8482,16773370,"Nishant #1","2026-08-26 06:11:42",372.9,1,nishanttomar110
8483,16684225,"Aum Savaliya","2026-08-10 20:10:02",372.8,2,aumsavaliya
8484,16669229,"Kayvan Sinha","2026-08-11 15:23:35",372.8,2,kayvansinha
8485,16924761,"Chang Loukas","2026-09-24 06:22:27",372.3,2,changloukas
8486,16714425,sileza,"2026-08-13 12:57:35",372.3,1,azelis
8487,16673009,CruelShow,"2026-09-13 10:36:40",371.7,2,cruelshow
8488,16764608,messibeatgravity,"2026-08-24 05:34:05",371.7,1,messibeatgravity
8489,16661095,"AAYUSHMAAN PATEL","2026-08-09 08:16:53",371.5,2,aayushmaanpatel
8490,16656860,SamReiswig,"2026-09-02 04:04:09",371.3,1,sreiswig
8491,16888733,"Sébastien Callegari","2026-09-14 03:49:42",371.2,1,sbastiencallegari
8492,16622943,"Erwin Huizenga","2026-09-06 15:04:57",371.0,2,erwinh
8493,16856809,"Mateusz Kuzniar","2026-09-08 22:14:50",370.8,2,mateuszkuzniar
8494,16796572,"Phan Van Hieu ","2026-08-31 14:23:03",370.7,2,phnvnh
8495,16662162,"THE predict","2026-08-13 21:18:25",370.6,2,vikaspal505
8496,16710241,"Julien Serbanescu","2026-08-12 14:32:50",370.6,2,julienserbanescu
8497,16727022,Saharkh99,"2026-09-01 00:18:26",370.6,2,saharkh99
8498,16695479,Anandhasabesan,"2026-08-09 13:50:37",370.4,1,anandhasabesan
8499,16855738,"Anuj Gupta","2026-09-09 07:38:48",370.4,2,anuj6540
8500,16880437,doublek,"2026-09-30 22:30:20",370.4,2,doublek
8501,16721615,"Dai Dai","2026-09-08 07:59:14",370.3,2,jumpingdaidai
8502,16891781,"mohamed saafan","2026-09-14 14:54:04",370.3,2,mohamedsaafan
8503,16690299,"EL GORRIM MOHAMED","2026-09-01 10:59:10",370.3,2,elgorrimmohamed
8504,16738335,"Xuzhou Dong","2026-08-20 14:39:16",370.1,2,xuzhoudong
8505,16722122,Abhas20,"2026-08-19 10:02:51",370.0,2,abhas20
8506,16763714,"shiv #2","2026-09-29 21:55:26",369.8,2,shivkumarr
8507,16895685,yuyiduo,"2026-09-28 08:56:01",369.6,1,yuyiduo
8508,16676726,"Manaswi Bansal","2026-08-16 06:28:05",369.5,2,manaswibansal
8509,16668159,ABDELGHANY,"2026-08-12 11:04:36",369.4,2,abdelghanyrageh
8510,16757236,"Erlanda Miko P","2026-08-23 07:02:01",369.3,2,snneva
8511,16660515,"pooja sandali","2026-08-08 05:51:03",369.3,2,poojasandali
8512,16784379,超级陆战队,"2026-08-29 14:43:33",369.3,2,luyi61227
8513,16706516,"Mohit Khade13","2026-08-26 16:03:22",369.1,2,mohitkhade13
8514,16710244,Bytemindd,"2026-08-26 10:20:45",369.0,2,"daisy023,sruthikanv,thasneemj,uthayanandhini,vajraparameswari"
8515,16876529,"Νικόλαος Μπριάκος","2026-09-17 09:06:24",369.0,2,bnikos
8516,16661476,slowpoke,"2026-08-29 16:33:07",368.9,2,banboyechristains
8517,16779823,"Jean Dem","2026-08-31 12:38:41",368.7,2,jeandem
8518,16893490,"Thales Galuchi","2026-09-30 21:19:33",368.7,2,thalesgaluchi
8519,16755029,"Jashan Bajwa","2026-08-22 12:56:30",368.7,2,jashanbajwa
8520,16666216,missss,"2026-08-06 06:49:00",368.5,2,missssb
8521,16933436,"Shi Chen","2026-09-22 07:39:57",368.5,2,hjhhhk
8522,16729669,HYPEREUCLIDEAN,"2026-08-19 07:47:48",368.5,2,hypereuclidean
8523,16659621,Ananya,"2026-09-27 17:41:15",368.3,1,ananya230106
8524,16741746,"Ahmed Harfoush","2026-08-19 09:47:45",368.3,1,ahmed1harfoush
8525,16896207,"Bùi Cao Trí","2026-09-15 16:17:43",368.1,1,bicaotr
8526,16660929,ttkk,"2026-08-12 16:39:58",368.1,1,optimavia
8527,16739447,"Jacob Stambaugh","2026-08-19 17:53:29",368.0,2,jacobstambaugh
8528,16897491,"Santipab Tongchan","2026-09-15 14:39:58",368.0,1,santipabtongchan
8529,16667177,"Raunak Phull","2026-08-10 11:14:44",368.0,2,raunakphull4
8530,16630772,"Mitsuhiro Iizuka","2026-08-04 10:31:00",368.0,2,mitsuhiroiizuka
8531,16718662,Safin,"2026-08-22 17:50:27",367.7,2,safinlynx
8532,16871705,Bertholdt,"2026-09-30 08:50:04",367.7,2,bertholdt
8533,16622809,"German Vdovin","2026-08-03 00:38:01",367.6,2,ertrerhtytmnbdsefdw
8534,16662964,"Tim Ogilvie","2026-08-13 13:18:59",367.6,2,timogilvie
8535,16876354,A_Mose,"2026-09-12 08:57:15",367.5,2,mmameh
8536,16686726,"Skander Neffati","2026-09-19 12:40:23",367.3,1,skanderneffati007
8537,16664617,BarkeviousBingo,"2026-08-19 04:34:59",367.3,2,barkeviousbingo
8538,16661191,"Yudha Eka Saputra","2026-09-30 01:03:45",367.0,2,yudhaekasaputra
8539,16894517,kuchinwei,"2026-09-17 14:52:52",366.9,2,kuchinwei
8540,16624935,"Anjana mohan","2026-08-01 06:06:39",366.9,2,anjanamohan13
8541,16785676,Bilal11122,"2026-08-29 08:15:46",366.8,1,bilal11122
8542,16679392,Dickie,"2026-08-09 09:05:10",366.7,2,dickieho
8543,16654788,bumbum,"2026-08-14 12:59:51",366.5,2,krzysztoff1
8544,16722757,"Sebastian Adamatzky","2026-08-14 19:10:23",366.4,2,sebastianadamatzky
8545,16716670,"Aremanda Yasaswini","2026-08-13 09:27:46",366.4,1,aremandayasaswini
8546,16690947,"Veiled Star","2026-08-10 13:36:49",366.2,2,veiledstar
8547,16906688,"Qiao Ruicheng","2026-09-17 11:47:47",366.2,2,qiaoruicheng
8548,16934966,"Sai Sagar M.S","2026-09-28 10:35:16",366.0,1,saisagarms
8549,16685625,"silvan ion","2026-08-08 13:05:39",365.8,2,john1one
8550,16730060,"Enzo Pio","2026-08-21 16:44:03",365.8,2,enzopio
8551,16739939,crescent_star,"2026-09-09 04:42:10",365.7,2,cenzop
8552,16633475,betagammashtrit,"2026-08-29 16:24:03",365.4,2,betagammashtrit
8553,16817520,shreyansh0103,"2026-09-15 09:18:38",365.4,2,shreyansh0103
8554,16628521,arai9953,"2026-08-24 22:46:57",365.2,2,arai9953
8555,16717797,"patan hashmi","2026-08-13 15:02:52",365.2,1,patanhashmi
8556,16658512,fatariq,"2026-08-10 21:18:35",365.0,2,fatariq
8557,16697627,abinandhan03,"2026-09-01 10:38:15",365.0,2,abinandhan03
8558,16693098,broken_gpu,"2026-08-30 10:07:27",364.8,2,brokengpu
8559,16681188,"Tresor Mufalme.","2026-08-08 09:29:05",364.8,2,tresormufalme
8560,16727326,AhmedMousaHassan2510,"2026-08-17 12:56:01",364.8,2,ahmedmousahassan2510
8561,16696384,Sisu16,"2026-08-13 20:13:27",364.7,2,sisu16
8562,16681209,AgenticBuilder,"2026-08-13 18:44:29",364.6,2,gau2112
8563,16920572,"Mahalakshmi boga","2026-09-26 12:26:50",364.6,2,mahalakshmiboga
8564,16793944,"Grupo 808","2026-08-30 22:36:59",364.4,1,grupo808
8565,16723046,"Pedro Joás","2026-09-30 21:52:47",364.1,2,pedrojos
8566,16670565,"Grant Biellak","2026-08-05 22:52:01",363.9,2,grantbiellak
8567,16731108,"Vipparla Nandini","2026-08-17 06:29:48",363.9,1,vipparlanandini
8568,16656932,"Thivvin Raj","2026-08-13 03:53:35",363.9,2,thivvinraj
8569,16661891,BALLEN1337,"2026-08-04 19:22:30",363.8,2,ballen1337
8570,16657687,"Siddardha Shayini","2026-09-15 12:52:57",363.7,2,siddardhashayini3
8571,16716585,"tejaswini kakollu","2026-08-13 09:12:37",363.7,1,tejaswinikakollu
8572,16622097,"Garrick C.P.","2026-08-10 18:12:06",363.6,2,garrickchinnis
8573,16673201,"Sanjay Varma Malladi","2026-09-30 18:52:11",363.4,2,sanjayvarmamalladi
8574,16903827,"joy lul","2026-09-24 06:52:11",363.2,1,joylul
8575,16659394,"יוסף בש","2026-08-09 15:11:23",363.2,2,josiii123212
8576,16662791,"Shiva Neshan yuva","2026-08-15 18:39:16",363.1,2,shivaneshanyuva
8577,16667987,"Kunj Kansara","2026-08-05 13:41:26",363.0,1,kunjkansara
8578,16867501,aueurm,"2026-09-11 05:07:13",362.6,2,aueurm
8579,16794088,"Felipe Colombarolli","2026-08-31 00:46:32",362.4,2,felipecolombarolli
8580,16663981,"Steven Pun","2026-08-07 01:59:52",362.3,2,stevenpunn
8581,16668673,"kyran sinha","2026-08-14 14:21:34",362.2,2,kyransinha
8582,16662647,"Ruben Maya","2026-09-23 22:06:52",362.0,2,rubenmaya
8583,16716488,"Will Henderson290","2026-09-21 13:11:11",361.9,2,willhenderson290
8584,16896549,"Nived P A","2026-09-15 16:39:35",361.8,2,nivedpa
8585,16704985,"Ethan Marchisano","2026-08-24 21:36:54",361.6,2,ethanmarchisano
8586,16780057,"Njabulo Hope Makana","2026-09-30 19:37:02",361.6,2,njabulohopemakana
8587,16677747,"Yuvraj Bhatt","2026-08-10 08:38:11",361.5,2,bhattyuvraj22
8588,16669516,GorgeousCookie,"2026-08-06 09:17:13",361.5,2,axellindqvist
8589,16666577,"Jatin khandelwal112","2026-08-05 11:26:41",361.4,2,jatinkhandelwal112
8590,16675324,"Attempt Seven","2026-08-10 10:13:50",361.2,2,attemptseven
8591,16761784,"Ghaith Kammoun","2026-08-24 21:19:54",361.1,2,ghaithkammoun
8592,16695177,"Ajith Bagali","2026-08-15 12:23:37",360.8,2,ajithbagali
8593,16677804,"Pravin Takpire","2026-08-11 08:17:51",360.6,2,pravintakpire
8594,16689349,"Adunola Abdulrahman","2026-08-10 17:38:47",360.3,2,adunolaabdulrahman
8595,16641606,"Tanisha Sahu","2026-08-02 14:39:27",360.2,2,tanisha3
8596,16668479,"Muneera Mahjabeen","2026-09-30 15:42:35",360.1,2,muneeramahjabeen
8597,16918421,"Joseph Kosednar","2026-09-29 04:00:19",360.0,2,josephkosednar
8598,16716594,"U Anand Williams","2026-08-13 09:19:09",360.0,1,uanandwilliams
8599,16671714,"Donnell Layne","2026-08-07 15:40:35",360.0,2,jupiter1127
8600,16677761,"Rithuraj Nambiar","2026-08-06 18:11:41",359.8,2,rithurajnambiar
8601,16701060,"Paula Jimenez","2026-08-22 16:18:37",359.8,2,paulajimenez
8602,16794153,"harshita harshita","2026-08-31 17:47:11",359.8,2,harshitaharshitaaaa
8603,16757615,"Muhammad Umer Khan","2026-09-28 09:50:06",359.4,2,mehmedumer0028
8604,16727480,MSAM,"2026-09-07 13:43:02",359.2,2,arashdeepsinghmaan
8605,16657063,"those how","2026-08-04 07:50:57",358.9,2,thosehow
8606,16630007,"Yuankun Liu","2026-07-31 15:48:13",358.9,2,lyk1652
8607,16658817,"Andrew Glez","2026-08-04 12:10:17",358.6,1,andgos
8608,16801437,"Koh Saito","2026-09-05 06:01:20",358.2,1,kohsaito
8609,16933048,"Anusuya Gurusamy","2026-09-23 04:45:03",358.1,2,anusuyagurusamy
8610,16668286,"Sabari V","2026-08-15 14:38:41",358.0,2,sabari112005
8611,16732340,"BJ Kim","2026-08-19 15:17:16",357.9,2,doitdoit80
8612,16654213,"Hojin Jang","2026-08-20 09:59:20",357.7,2,hojinjang
8613,16848262,Philedo,"2026-09-12 14:33:59",357.6,2,philedo
8614,16782192,"Marcelo Correa","2026-09-25 11:24:09",357.5,2,mvcorrea
8615,16691753,"Jan Moilanen","2026-08-09 12:02:17",357.4,2,janmoilanen
8616,16663990,"OURNO PAPA SALIF","2026-08-07 23:18:43",357.4,2,belfiremine
8617,16628404,theken,"2026-08-09 12:19:19",357.4,2,theken
8618,16638383,"Yunus Emre Sarıduman","2026-08-12 12:57:08",357.3,2,emresariduman
8619,16628409,"yann sadowski","2026-07-31 09:39:25",357.2,1,yannsadowski
8620,16684677,"Sean Southwick","2026-08-27 14:45:32",357.1,2,seansouthwick
8621,16658367,"Prachii Sonii","2026-08-31 17:28:45",357.1,2,prachiisonii
8622,16662577,"Shreyash Suryawanshi","2026-09-02 19:42:31",357.1,2,shreyashsuryawanshi
8623,16828390,Yuhuping,"2026-09-04 11:22:14",357.0,1,yuhuping
8624,16670724,"Neel Patel","2026-08-14 19:33:43",356.9,2,n33lpat3l
8625,16779505,"Prasad Ovhal","2026-09-24 13:31:06",356.8,2,prasadovhal
8626,16669218,"Shaik Sabiya","2026-08-12 09:15:22",356.5,2,shaiksabiya55
8627,16656946,"Sambit Padhan","2026-08-05 10:10:10",356.5,2,sambitpadhan
8628,16780915,"Aravind S","2026-09-22 14:16:59",356.5,2,aravind20061981
8629,16652230,BorisSpider,"2026-08-13 11:34:46",356.5,2,borisspider
8630,16717522,kyunyoung,"2026-08-14 07:16:00",356.4,2,kyunyoung
8631,16662854,"NISCHAY SANJAY JIWANKAR 23115098","2026-08-13 05:38:18",356.2,2,nischay2908
8632,16723569,"Trishanth Mellimi","2026-08-15 07:09:55",356.2,2,trishanthmellimi
8633,16638343,"Phong Khoi","2026-08-04 12:20:52",356.1,2,phongkhoi
8634,16634219,"Michael J Hammel","2026-08-01 11:37:10",356.1,2,michaeljhammel
8635,16882081,Aabualella,"2026-09-13 00:58:37",356.0,1,aabualella
8636,16685164,cleanledger,"2026-08-07 13:38:23",356.0,2,cleanledger
8637,16796468,suin7328,"2026-09-05 02:05:08",355.8,2,suin7328
8638,16883375,"Sam Robin Singh E","2026-09-14 22:42:51",355.7,2,samrobinsinghe
8639,16879281,"Monesh M","2026-09-25 19:41:47",355.5,2,moneshm908
8640,16668268,"Kunal Rout","2026-08-06 05:48:25",355.5,2,charlotte26
8641,16770522,honsomewakebera,"2026-09-30 15:31:26",355.5,2,honsomewakebera
8642,16870467,wentingyun,"2026-09-11 10:21:01",355.4,1,wentingyun
8643,16747683,"Jianyu Lin","2026-08-27 13:05:05",355.3,1,jianyulin1999
8644,16881853,Sleepyman,"2026-09-15 09:22:24",355.3,2,alishakeri1
8645,16668523,Bumblerrr,"2026-08-06 19:46:02",355.3,2,bumblerrr
8646,16747544,OliverYip,"2026-08-25 06:01:07",355.2,2,oliveryip
8647,16779805,"Ákos Blaschek","2026-09-01 17:21:44",355.1,2,kosblaschek
8648,16779769,"Pravin jeyavel","2026-09-14 05:39:48",355.1,2,pravinjeyavel
8649,16705696,"TS Farmer","2026-08-13 11:22:09",355.1,2,"shivangkainth,tusharsekhri27"
8650,16721529,"Danny De Bree","2026-08-20 09:46:36",355.0,1,dannydebree
8651,16670188,orivael,"2026-08-05 21:20:17",355.0,2,orivael
8652,16666590,"Hoàng Anh Tú","2026-08-12 23:59:58",354.8,2,anhtu9999
8653,16661002,"Eliyas sk","2026-09-02 12:32:51",354.5,2,eliyassk
8654,16780268,"SAI ESHWAR S","2026-08-29 06:26:11",354.5,1,saieshwars
8655,16706257,dlv,"2026-08-13 11:11:14",354.3,2,ducott1
8656,16708723,zaltark,"2026-09-25 12:29:49",354.2,1,zaltark
8657,16890029,"Siqing Jing","2026-09-15 02:53:04",354.0,2,siqingjing
8658,16629742,yun,"2026-08-15 09:10:21",354.0,2,yuyumarupython
8659,16765643,canwind,"2026-09-30 00:52:04",353.9,2,canwind
8660,16770758,"Maor talker","2026-08-26 20:18:59",353.8,2,maortalker20
8661,16667105,"Vikram Tiwari","2026-08-10 11:12:26",353.7,2,vikramtiwari
8662,16657883,jps,"2026-08-06 08:36:04",353.5,2,jahaziel
8663,16659312,qwertyDmitry,"2026-08-05 13:44:24",353.3,2,qwertydmitry
8664,16679850,AryaGarg23,"2026-08-09 03:33:14",353.3,2,aryagarg23
8665,16778526,starkhushi,"2026-08-27 07:01:28",353.2,2,starkhushi
8666,16770085,AllenCheng329,"2026-08-25 10:05:43",353.1,1,allencheng329
8667,16927163,1234321,"2026-09-23 18:14:38",352.7,1,sakamoto1234
8668,16710417,"Aryant Jadhav","2026-08-15 18:57:18",352.5,2,aryantjadhav
8669,16877927,"EFE ULKER","2026-09-12 00:13:05",352.1,2,efeulker
8670,16671613,Tyler_026,"2026-09-26 09:44:50",351.8,2,tyler026
8671,16637762,"Greek olive oil","2026-08-09 19:56:48",351.5,2,alexanderchar
8672,16733007,"Not Found","2026-08-17 16:32:16",351.4,4,"ammarkhan05,zainabirfanansari"
8673,16927652,"Mukilan A.R.","2026-09-27 03:40:27",351.3,2,mukilanar
8674,16705300,T3485D5T,"2026-09-03 08:20:18",351.3,2,"danijelbilalli,t3485d5t"
8675,16943467,"Goose Gang","2026-09-27 12:52:06",351.3,2,"itzpk16,mohamedfarih,radeshl"
8676,16675093,"Nikhil Srivastava","2026-08-15 08:47:12",351.2,2,nikhilsrivastavark
8677,16898498,"Prakash Bandi","2026-09-21 01:59:35",351.2,2,prakashbandi
8678,16792703,yuvansh,"2026-09-28 00:29:31",351.1,2,yuvansh
8679,16673310,dffzno1,"2026-08-14 01:44:55",350.9,2,joyzip
8680,16668091,Solidscripts.io,"2026-09-24 02:14:47",350.9,2,juancamera1
8681,16641330,"Takuya Yoshimi","2026-08-04 05:16:22",350.7,2,tkyysm
8682,16730191,rRTZZZ,"2026-08-17 02:43:14",350.7,2,rrtzzz
8683,16716497,xpxg,"2026-08-16 17:04:22",350.6,2,deepxchat
8684,16660980,"João Marcelo Curi","2026-08-05 18:31:19",350.5,2,joomarcelocuri
8685,16690029,Nitesh_Prajapati2569,"2026-09-15 07:04:17",350.4,2,niteshprajapati2569
8686,16649794,"Wanzhu Zhao","2026-08-04 13:04:05",350.4,2,wanzhuzhaora
8687,16715988,"Hsyn Kskn","2026-09-03 12:08:15",350.3,2,hsynkskn
8688,16666218,"sugan Chandrasekar","2026-08-16 11:02:09",350.3,2,suganchandrasekar
8689,16690812,zhangkai_0121,"2026-08-09 01:40:21",350.1,2,zhangkai0121
8690,16794431,"Yash Apps","2026-09-08 04:12:52",350.1,2,yashwanthgajji
8691,16653105,James,"2026-08-17 16:52:18",350.1,2,jamesquirk
8692,16866482,"Sunday Ibidapo","2026-09-10 21:46:49",350.0,1,sundayibidapo
8693,16785821,"Naresh Meena","2026-08-28 21:24:31",349.9,1,nareshmeena12
8694,16657056,"Jacob Ross Piedad","2026-08-06 12:15:14",349.8,1,jacobrosspiedad
8695,16759115,chabinhwang,"2026-08-22 14:33:59",349.8,1,chabinhwang
8696,16696419,detectivseb,"2026-08-12 10:34:45",349.7,2,detectivseb
8697,16898258,"Eugene Blackman","2026-09-22 22:46:05",349.7,2,eugeneblackman
8698,16668340,"Sibi Vishnu","2026-08-08 10:35:33",349.6,2,sibivi
8699,16912504,"Zongyi Zhou/ Joe","2026-09-22 15:24:35",349.5,1,zongyizhoujoe
8700,16655257,"Afia Animah Fosu","2026-08-04 18:21:50",349.5,2,afiaanimahfosu
8701,16735593,"timur tytrin","2026-08-18 07:37:46",349.3,2,timurtiutrin
8702,16905792,"Omar Tarek Fahmy","2026-09-16 10:59:04",349.0,1,omartarekfahmy
8703,16757338,Dewakaran,"2026-08-22 05:34:35",349.0,1,dewakaran
8704,16660568,Fascetta,"2026-08-07 20:48:53",348.9,2,fascetta
8705,16688381,"Teresa Fitzgerald","2026-09-13 21:02:07",348.9,2,teresafitzgerald
8706,16689718,HumsAuraTech,"2026-08-21 17:11:42",348.9,2,humaima03
8707,16909521,"Rabs Cats","2026-09-17 02:10:02",348.9,1,rabscats
8708,16799743,"Luc Tellier","2026-09-05 08:31:17",348.8,1,luctellier
8709,16728261,"Smit Deshaval","2026-08-24 17:44:12",348.7,2,smitdeshaval11
8710,16937995,"Aleksandr Rybin","2026-09-21 22:21:56",348.4,2,aleksandrrybin
8711,16656919,Sumaiya,"2026-09-09 18:09:44",348.1,2,ayeshasummaiyya
8712,16745497,"Handsome Heretic","2026-08-21 19:14:30",347.9,2,handsomeheretic
8713,16663969,"Aarush Kute","2026-09-21 17:06:14",347.8,2,aarushkute
8714,16690098,"Akshay Kashyap","2026-08-10 17:10:28",347.7,2,akshaykashyapakku
8715,16640901,"Kian Maghsoodi","2026-08-20 23:01:51",347.0,2,kizmodo
8716,16711573,"Sushmitha Vasantha","2026-08-13 09:08:29",347.0,1,sushmithavasantha
8717,16654330,"Perumalla Pujitha","2026-08-12 18:09:24",347.0,2,perumallapoojitha
8718,16698188,"Smartex Dan","2026-09-29 22:38:41",346.9,2,smartexdan
8719,16755264,wsdsby,"2026-08-21 15:16:42",346.8,2,wsdsby
8720,16658519,"David kinyanjui","2026-08-31 07:10:00",346.8,2,davidkinyanjui
8721,16796834,"Harsh Gupta #2","2026-09-09 19:20:48",346.6,2,harshgupta0415
8722,16657658,"Esther Usman","2026-08-25 23:45:50",346.6,2,estherusman
8723,16740197,Winssk,"2026-08-27 01:55:06",346.6,2,winssk
8724,16758663,"Light In","2026-08-22 19:18:51",346.5,2,lightin45
8725,16666275,HeatS33ker,"2026-08-15 14:37:36",346.5,2,byronokou
8726,16867163,"Harikesh Shukla","2026-09-29 15:17:19",346.4,2,harikeshshukla
8727,16858795,"Радик Владимирович Хорошев","2026-09-10 07:59:02",346.3,2,rodionkh
8728,16831875,"Hamza Mughrabi","2026-09-06 19:10:53",346.2,2,hamzamughrabi
8729,16709754,"Simon Preuss","2026-08-12 16:39:55",346.2,2,simonpreuss01
8730,16723047,"Matheus Finger","2026-09-11 19:15:11",346.1,2,matheusfinger
8731,16732936,"Kateryna Dudko","2026-08-25 12:15:40",346.1,2,dudkiina
8732,16710564,"Clarice Harijanto","2026-08-14 04:28:13",346.0,2,clariceting
8733,16716322,zhaimh,"2026-08-14 02:43:21",345.9,2,zhaimh
8734,16674012,ahankesumah,"2026-08-16 07:34:05",345.9,2,ahankesumah
8735,16769110,tianlululing,"2026-08-26 13:09:45",345.7,2,tianlululing
8736,16668592,"Ashutosh jatav","2026-08-09 13:34:45",345.3,2,ghost1412
8737,16656472,angusdddsa,"2026-08-04 06:04:22",345.2,2,angusdddsa
8738,16634720,Thiyo,"2026-08-18 11:51:04",345.2,2,thimirajayasekara
8739,16641665,huangjunjia,"2026-08-04 14:12:26",345.2,2,huangjunjia777
8740,16735966,kyone,"2026-08-18 08:09:32",345.2,1,xtraky
8741,16661331,"John Wessel","2026-09-30 14:19:39",345.1,2,johnwessel
8742,16677470,"Saish Walavalkar02","2026-08-09 12:44:51",345.1,2,"harichaudhari1,kaiserjayin,meetramjiyani,nirbhaygajabi30,saishwalavalkar02"
8743,16927761,"M Asghar Shakir","2026-09-21 04:04:32",344.8,2,masgharshakir
8744,16655555,Bharath2411,"2026-09-03 07:14:26",344.7,2,bharath2411
8745,16634352,"sovit karki","2026-08-12 17:21:13",344.6,2,sovitkarki
8746,16940601,ShreyanshK099,"2026-09-23 07:57:43",344.3,2,shreyanshk099
8747,16679389,"JOMIN URK21CS1077","2026-09-27 05:49:23",344.2,2,jominurk21cs1077
8748,16693147,"Oliver Curtis1","2026-08-09 14:51:57",344.2,2,olivercurtis1
8749,16666997,"Krishnamurthy Venkatasubramanian","2026-08-05 15:09:46",344.2,2,krishnamurthyvenkat
8750,16659428,"koneti Anusharani","2026-09-28 12:50:49",344.1,1,anusha1103
8751,16770039,"Yevhen Tsyba","2026-09-23 06:25:44",344.1,2,yevtsy
8752,16661824,"Maksymilian Dec","2026-09-29 11:36:37",343.9,1,maxdec
8753,16928286,sofonias201012,"2026-09-20 09:33:20",343.9,1,sofonias201012
8754,16702742,"Kavyanshu Singh","2026-08-11 10:47:02",343.7,2,kavyanshusingh
8755,16662428,"Sonu kumar","2026-08-24 05:18:49",343.4,2,sonukumar9142
8756,16690166,"Niteshwar Mishra","2026-08-08 10:02:22",343.3,2,niteshwarmishra
8757,16794266,"Celestine Preetham Lawrence","2026-09-30 13:23:30",343.2,2,celestiallylvd1
8758,16683178,soulasin,"2026-08-07 14:32:26",343.1,2,soulasin
8759,16673167,Karam96,"2026-08-08 11:40:36",342.7,2,karam96
8760,16852606,Hallucinators,"2026-09-27 15:33:45",342.6,2,samikshakamdi
8761,16656190,"Akshaj Shandilya","2026-08-06 03:14:36",342.3,2,akshajshandilya
8762,16940854,AmbujSingh11294,"2026-09-30 13:08:36",342.2,2,ambujsingh11294
8763,16669176,"Karakam Sridevi","2026-08-11 07:44:48",342.2,2,karakamsridevi
8764,16711383,"Monika Kocianova","2026-08-14 11:01:11",342.0,2,monikakocianova
8765,16688364,"Om Raval08","2026-08-21 02:57:23",341.8,2,omraval08
8766,16690077,"GOMATHI PRIYA","2026-08-13 06:38:45",341.7,2,gomathipriyaraj22
8767,16629476,NOOBS,"2026-08-09 19:58:48",341.5,2,"patelkrishna8,sakshamranawade,shravanideshpande25"
8768,16738581,"mr moradi1","2026-08-18 14:31:26",341.0,1,mrmoradi1
8769,16653001,"Alexey Kuleshov","2026-08-04 12:07:51",340.9,2,alexkulll
8770,16715097,"Yusuf Yavuz","2026-08-13 00:25:40",340.6,1,yusufyavuzz
8771,16904593,"VARADRAJ CHANDRAKANT PATIL","2026-09-29 08:32:16",340.4,2,varadraj06
8772,16654808,Vishwajeet-maker,"2026-08-17 21:17:02",340.4,1,vishwajeetmaker
8773,16926528,"Badri Vishal","2026-09-19 18:42:19",340.4,2,badrivishal90
8774,16728881,Ch.Manvita,"2026-08-16 16:33:52",340.3,2,chmanvita
8775,16735393,Dai_Research,"2026-08-18 10:40:17",340.1,2,dairesearch
8776,16655689,花朝,"2026-08-05 04:10:02",340.0,2,xhxyyds
8777,16683087,qiuchenglong,"2026-08-07 09:25:48",339.7,2,qiuchenglong
8778,16723273,"Bradley ZODOME","2026-08-19 07:06:18",339.6,2,bradleyzodome
8779,16641294,YogeshG22,"2026-08-03 17:58:51",339.5,2,yogeshg22
8780,16763255,"I P Tharun Gowda","2026-09-16 17:24:11",339.5,2,iptharungowda
8781,16660397,Divyansh82Raj,"2026-08-04 15:01:28",339.5,2,divyansh82raj
8782,16700360,"Thanush Soma","2026-08-10 09:49:02",339.0,2,thanushsoma
8783,16664671,Acteus,"2026-08-06 00:01:12",339.0,2,acteus
8784,16654688,"Terrell Millz","2026-08-10 16:08:33",338.9,2,terrellmillz
8785,16726381,"Adriana Redondo","2026-08-15 19:39:41",338.7,1,adrianaredondo
8786,16690775,"Prasanna Raut","2026-08-08 20:41:38",338.6,2,prasannaraut
8787,16741512,Offenders,"2026-08-30 15:08:39",338.4,2,"karthicchockalingams,shakil2411,shehnaaz01"
8788,16677950,"Rounak Laddha","2026-08-15 01:47:41",338.4,1,rounakladdha
8789,16949156,"shamaev dimon PR-3-1","2026-09-23 19:16:32",338.2,1,shamaevdimonpr31
8790,16659533,"Pavan Desai","2026-08-10 16:29:20",338.1,2,pavancdesai
8791,16768551,"AAYUSHMAAN SINHA","2026-08-25 02:43:00",338.0,2,aayushmaansinha
8792,16758426,"Attique Ansari","2026-08-22 11:50:42",337.9,2,attiqueansari
8793,16658882,"toukali samir","2026-08-07 13:43:05",337.9,2,toukalisamir
8794,16680015,"Khôi Trương","2026-08-10 01:11:55",337.9,1,kiykhoi
8795,16895317,MrUserm,"2026-09-25 18:18:10",337.8,2,mruserm
8796,16735080,"SARTHAK PATIL","2026-09-02 19:23:03",337.7,2,sarthakpatil23
8797,16655250,"Juan Pablo Ponce","2026-08-08 03:34:18",337.5,2,juanpabloponce28
8798,16794285,Penelope.pnlp,"2026-09-01 15:38:43",337.5,2,penelopepnlp
8799,16682108,"Shadow Monarch","2026-08-17 06:45:10",337.2,2,avinashk01
8800,16656732,"Shivam Kashyap","2026-08-04 05:28:03",336.8,1,shiyan0090
8801,16844246,"CS Abhinay","2026-09-17 08:56:32",336.7,2,csabhinay
8802,16735751,"Hasan Taşkın","2026-08-24 19:36:02",336.6,2,hasantaskin
8803,16657142,"Vishisht Gupta","2026-08-16 16:16:54",336.6,2,vishishtgupta
8804,16663738,"Handre Bezuidenhout","2026-08-04 23:27:08",336.6,2,handrebezuidenhout
8805,16624235,appu2431,"2026-08-11 15:56:41",336.6,2,appu2431
8806,16659410,TTH,"2026-08-07 08:21:16",336.5,2,tthungdz
8807,16795677,"Carol bright","2026-08-31 09:30:28",336.2,2,carolbright
8808,16628190,Horizonx30,"2026-08-09 18:06:56",335.8,2,horizonx30
8809,16738563,"Amrutha H","2026-09-28 12:44:44",335.8,2,amr13utha
8810,16683400,"wo zhe yi sheng ru lu bo bing","2026-08-10 16:53:48",335.8,2,"ivanlo103,panckck,waijai"
8811,16659688,Daniel,"2026-08-05 12:21:37",335.7,2,danielyazgi
8812,16706276,MitulbhBhatia,"2026-08-18 04:02:38",335.5,2,mitulbhbhatia
8813,16696800,"VEER GOMA","2026-08-14 15:42:47",335.5,2,novaxoxo
8814,16802128,"vaman soni","2026-09-02 10:08:49",335.4,1,vamansoni
8815,16656135,"JAYASURYA R","2026-08-05 15:43:01",335.1,2,suryar261
8816,16743604,KeswaniRohit,"2026-08-22 17:19:18",335.0,2,keswanirohit
8817,16682342,"Jebez Oswald","2026-08-10 05:38:15",334.8,2,jebezoswald
8818,16662967,"Amalio Gomez","2026-08-04 22:07:16",334.4,1,amaliogomez
8819,16711497,"Korvi sai kumar","2026-08-13 08:02:21",334.3,1,korvisaikumar
8820,16715791,CustardApple47,"2026-09-06 11:34:26",334.2,2,custardapple47
8821,16694264,"Vansh Visariya","2026-08-10 09:00:11",333.9,2,vanshvisariya
8822,16670988,"Pavle Skoric","2026-09-24 21:18:17",333.9,2,pavleskoric
8823,16657616,"Manikumar Kundena","2026-09-20 17:25:19",333.7,1,manikumarkundena
8824,16870360,"Tedi Septiana","2026-09-14 06:57:54",333.6,2,tediseptiana
8825,16662874,"Dev Shah","2026-08-08 01:52:52",333.5,2,imdevshah11
8826,16658011,"Arooba Hanif","2026-08-05 07:24:53",333.4,2,aroobahanif
8827,16774954,Ye_xz233,"2026-08-26 15:35:23",333.3,2,yexz233
8828,16665996,AVATAR3905,"2026-08-06 18:14:01",333.1,2,avatar3905
8829,16731458,"Arthur Baygildin","2026-08-17 10:06:55",332.5,1,arthurbaygildin
8830,16761977,Dripi71,"2026-09-30 21:52:26",332.3,2,dripi71
8831,16661390,"Raúl García Gómez","2026-08-04 17:04:39",332.2,2,corso138
8832,16635130,Pongsaky,"2026-08-01 12:56:02",332.1,2,gantanch
8833,16894000,"Vivek Silimkhan","2026-09-15 11:11:29",332.1,2,viveksilimkhan
8834,16665907,"Jonathan Saina","2026-09-15 23:12:31",332.1,2,jonathansaina
8835,16691667,jeremyllll,"2026-08-12 03:30:26",332.0,2,jeremyllll
8836,16674725,"rajan jha","2026-08-13 12:05:42",332.0,2,rajan1673
8837,16659260,hitesh,"2026-08-05 19:29:28",331.7,2,shahhs
8838,16862308,"Furkan CAT","2026-09-10 15:07:24",331.7,2,furkancat
8839,16641140,NITISH_GOYAL1,"2026-08-27 06:42:29",331.6,2,nitishgoyal1
8840,16721948,ziszim,"2026-08-26 14:38:30",331.5,2,ziszim
8841,16683136,"Stefano Ciaci","2026-08-16 14:47:29",331.5,2,stefanovcciaci
8842,16655737,Dharshini,"2026-08-08 15:00:05",331.4,2,dharshini1812
8843,16913989,Sanatan21,"2026-09-18 11:41:17",331.4,2,sanatan21
8844,16723065,"Kaio Castro","2026-09-30 13:33:53",331.4,2,kaiocastro
8845,16770270,"salthiel nishimwe","2026-08-25 10:45:23",331.3,2,salthielnishimwe
8846,16691153,"Hafsa Rouchdi","2026-09-26 12:25:36",331.3,2,hafsarouchdi
8847,16777515,Abhimanyu21,"2026-08-27 13:33:38",331.3,2,abhimanyu21
8848,16721675,stork8i,"2026-08-14 13:16:26",331.2,1,stork8i
8849,16687699,jegazhu,"2026-08-13 22:25:15",331.2,2,jegazhu
8850,16936809,"Caleb Ibeh","2026-09-22 08:34:43",330.8,2,calebibeh
8851,16682632,Sebastiaan,"2026-08-27 18:24:40",330.6,2,sebastiaanreinders
8852,16795163,"Nguyễn Đỉnh","2026-09-14 05:05:43",330.5,2,nguyendinh1507
8853,16659234,"MARY RAISA P","2026-08-27 07:06:43",330.4,2,"harinimala21,maryraisap,saha0102"
8854,16752067,neuroxaker,"2026-08-22 14:50:32",330.4,2,neuroxaker
8855,16662197,"Zehra Basaral","2026-08-07 10:42:57",330.3,2,zehrabaaral
8856,16732296,"duong nguyen","2026-08-20 14:51:38",330.1,1,duongnguyen161
8857,16747403,"Kanchan Chavan","2026-09-12 17:46:56",330.1,2,momovedant
8858,16664147,JordanM10,"2026-08-05 19:54:08",330.0,1,jordanm10
8859,16665460,"Shubham kumar jha","2026-08-23 07:36:36",329.9,2,shubhamjhakr
8860,16658733,luoqiuy,"2026-08-04 10:46:04",329.4,2,luo912
8861,16845081,"Sera Ria Gomes","2026-09-10 12:28:43",329.4,2,serariagomes
8862,16762854,J8young,"2026-08-26 13:52:54",329.2,1,j8young
8863,16661351,"Adekojo Adeyemi","2026-08-04 15:25:52",328.8,1,adekojoadeyemi
8864,16858496,"Aziz Alqwm","2026-09-28 06:36:01",328.8,2,azizalqwm
8865,16660246,taqnik,"2026-08-08 11:54:39",328.7,2,taqnik
8866,16936355,"Subinoy Hatai","2026-09-30 15:20:02",328.6,1,subinoyhatai
8867,16844410,ナポレオン,"2026-09-07 15:46:40",328.1,2,naporeondesu
8868,16876167,"kjl jkl","2026-09-17 15:51:01",327.6,2,kjljkl
8869,16771216,"Hugo Ponce","2026-08-25 17:54:30",327.5,2,hugoskn
8870,16841549,"Ayush Kumar #4","2026-09-06 03:30:02",327.4,2,akyushumar
8871,16689923,Dhinesh,"2026-08-09 08:39:37",327.4,2,dhineshwarrs
8872,16681397,"Vishal Dubey","2026-08-11 08:51:13",327.1,2,visha1dubey
8873,16800468,Vaishnavi,"2026-09-01 11:13:30",327.0,1,vaishnavisri09
8874,16632620,"[Deleted] d9d74cbb-c76e-4fbb-a4bf-35e25b48627d","2026-08-08 16:00:16",326.8,2,del=c21e6a8a03ad3b3c
8875,16692427,"Infy ","2026-08-09 20:48:09",326.7,2,infydes
8876,16639624,"Nishanth Rajan","2026-08-02 03:25:35",326.6,2,nishanthrajandev
8877,16682229,"mayuri sarangi","2026-08-29 14:03:36",326.3,2,mayurisarangi
8878,16624102,Khadersha.sk,"2026-08-03 02:45:03",326.1,2,khadershask
8879,16854519,nmw,"2026-09-09 15:23:56",326.0,2,rubikkaggle
8880,16739702,"Vasantha Kumar552","2026-08-19 07:22:10",326.0,2,vasanthakumar552
8881,16652422,Kite,"2026-08-17 16:26:55",326.0,1,kiteyinlong
8882,16793536,yukko08,"2026-09-25 12:09:25",325.6,2,yukko08
8883,16625011,"Heng Yu","2026-08-18 06:30:56",325.5,1,megalobox1
8884,16778327,WangYingChen,"2026-08-28 03:11:28",325.5,1,wangyingchen
8885,16660341,"Nefise Aybar","2026-08-04 12:37:29",325.4,2,nefiseaybar
8886,16831170,"None #2","2026-09-05 04:16:51",325.4,2,mdmorshalinemojumder
8887,16709165,"Yooraj Gole","2026-08-13 18:10:17",325.4,1,yoorajgole
8888,16677312,"Kavuri Sravya","2026-08-19 02:33:01",325.1,2,kavurisravya
8889,16657145,"Shudipto Trafder","2026-08-04 19:25:24",324.4,1,iamsdt
8890,16765805,"sayyad karimun","2026-08-25 10:14:26",324.2,1,sayyadkarimun
8891,16676416,"Abhishek Mishra","2026-08-10 10:09:30",324.2,2,abhishekmishra23
8892,16937616,"ZIYU NI","2026-09-21 17:26:32",324.2,1,jacsonpercy
8893,16792188,anisotropies,"2026-09-12 05:25:04",324.2,2,achan31
8894,16655446,"Ismael Omar Leonidas Hurtado Vargas","2026-08-04 00:07:01",324.0,1,ihurtadov
8895,16929788,"Yusuf Sanusi","2026-09-21 00:50:47",323.9,2,mindbender7
8896,16710906,Krunal.ix,"2026-08-12 07:06:58",323.7,1,krunalix
8897,16767037,"Yubraj Sigdel","2026-08-24 15:45:56",323.7,1,yubraj11
8898,16917267,"jean-thomas Dauchel","2026-09-18 21:41:23",323.7,1,jeanthomasdauchel
8899,16840168,"gratefully dumb","2026-09-30 21:59:21",323.4,2,gratefullydumb
8900,16695592,"André Luiz Pedroso","2026-08-09 11:59:19",323.2,1,andreluizpedroso
8901,16783322,kentaro,"2026-08-29 03:55:45",323.1,2,kentarokujo
8902,16666171,"JD Crew","2026-08-06 12:52:58",323.0,2,"abhijnanpodder,ahsafabid"
8903,16666115,"Iam Intolerable","2026-08-06 07:48:28",322.8,2,iamintolerable
8904,16658897,"Teja Pattem","2026-08-07 10:42:44",322.7,2,tejapattem
8905,16705798,"orhun uygun","2026-09-24 08:48:21",322.6,2,orhunuygun
8906,16696439,VaraPrabha,"2026-08-10 04:36:00",322.4,2,galiveetipoornima
8907,16646644,BeyondBirthday,"2026-08-09 06:39:01",322.4,2,near07
8908,16624990,"Tanjim Ahmed Kingshu","2026-08-02 07:05:52",322.1,2,tanjimahmedkingshu
8909,16686332,毛治钦,"2026-09-01 05:05:37",321.8,2,maozhiqinf
8910,16665980,cshara,"2026-08-06 08:41:16",321.8,2,cshara
8911,16635243,MlMlDev34,"2026-08-01 11:26:52",321.7,2,mlmldev34
8912,16655652,Emergence,"2026-08-10 03:21:04",321.6,2,daylighth
8913,16660369,"Dev MCP","2026-08-04 12:59:09",321.4,1,nishant2905
8914,16677732,"Alessandro Mermali","2026-08-06 20:52:35",321.3,2,alessandromermali
8915,16716649,"Meghana Busse","2026-08-13 09:33:08",321.2,1,meghanabusse
8916,16655919,"Tạ Minh Lễ","2026-08-04 06:46:45",321.0,2,tminhl
8917,16672138,mostafa69ca,"2026-08-06 05:03:43",320.9,1,mostafa69ca
8918,16848598,"Work 3","2026-09-12 09:26:57",320.4,2,nanisriram
8919,16628296,NoxMetenis,"2026-08-15 17:54:03",320.1,1,avasgaire
8920,16672689,"Yusuf Yemez","2026-08-06 06:51:07",320.1,1,yusufyemez
8921,16783863,"Vivek Vardhan Reddy","2026-08-31 06:14:34",320.1,2,vivekvardhanreddy77
8922,16672020,"Arum Puri ","2026-08-18 14:03:33",319.7,2,arumpuri
8923,16678653,Wzjj98,"2026-08-06 19:31:39",319.2,1,wzjj98
8924,16668012,"Aleksander Iżemski","2026-08-05 20:52:54",319.1,2,aizemski
8925,16692906,CodeZee,"2026-08-09 19:50:49",319.1,2,codewithzaeem
8926,16749568,"Nana Hung","2026-08-23 02:17:34",319.0,2,nanahung
8927,16859646,Andy2009,"2026-09-09 12:12:02",318.9,2,andy2009
8928,16624029,"Miguel Angel Rodriguez Fonseca","2026-08-07 03:55:38",318.4,2,miguelangelrodriguez
8929,16654407,"Serendeep Rudraraju","2026-09-04 03:17:43",318.4,2,serendeeprudraraju
8930,16754141,SicilyTing,"2026-09-08 14:53:25",318.4,2,sicilyting
8931,16810051,Reddi_twelve,"2026-09-03 23:26:30",318.0,1,redditwelve
8932,16746121,Nononoi,"2026-08-21 07:18:02",317.7,1,nononoi
8933,16831106,asd1984,"2026-09-05 17:40:01",317.2,2,asd1984
8934,16757557,BitxWolf,"2026-08-22 19:06:48",317.1,2,bitxwolf
8935,16670881,"Amir Y. Sajjadi","2026-08-05 23:56:26",317.0,1,amirysajjadi
8936,16823229,aper,"2026-09-05 08:42:58",317.0,2,todaya
8937,16688859,"Muhammad Fayaz Khan","2026-08-08 06:36:02",316.9,2,mfayazkhan
8938,16676974,"Deveshwar U","2026-08-31 01:10:42",316.8,2,deveshwaru
8939,16667773,ShashankJha,"2026-09-25 17:08:01",316.5,2,shankinfy
8940,16660658,Shlok_Sharma0001,"2026-08-19 09:31:48",316.5,2,shloksharma0001
8941,16772089,"Ana Riquele","2026-09-29 18:37:30",316.5,2,anariquele
8942,16912620,"Mitul Khemani","2026-09-17 09:25:17",316.5,2,mitulkhemani
8943,16733886,LuisMV8,"2026-09-19 16:51:14",316.4,2,luismv8
8944,16657729,"Kandregula V S S V P Krishna Murthy","2026-08-08 15:29:35",316.1,2,kkandregula
8945,16741982,barry_Paddi,"2026-08-27 07:10:52",316.0,2,barrypaddi
8946,16712958,"Chicken Little","2026-09-27 09:39:49",316.0,1,bcookie11
8947,16712257,Banarto,"2026-08-13 07:49:16",315.9,1,banarto
8948,16632558,RUI,"2026-09-18 11:34:17",315.7,2,zaiwubian
8949,16666056,"sarthak gupta1303","2026-08-05 11:01:04",315.5,2,"sarthakgupta1303,sathviktummalapenta"
8950,16655729,"Arnab Mallick","2026-08-04 02:41:48",315.5,2,arnabmallick24
8951,16660099,Desireog71,"2026-08-08 15:01:19",315.4,2,desireog71
8952,16732873,"Yash Rana","2026-08-18 04:57:04",315.2,2,yashrana24
8953,16652970,"Abhay sarkar","2026-08-05 14:40:05",314.7,1,abhaysarkarai
8954,16757689,YanXiaohan666,"2026-09-14 03:29:51",314.7,2,yanxiaohan666
8955,16660436,turkenm,"2026-08-06 13:03:36",314.7,2,turkenm
8956,16636643,"Babul Kumar","2026-08-02 07:46:50",314.6,2,babulkumar07
8957,16716713,"T Vamsi Krishna","2026-08-13 09:37:43",314.3,1,vamsee3763
8958,16916821,"Amjath S","2026-09-19 18:03:15",314.3,2,amjaths
8959,16882973,"Omar Tarek Abdelkader Ahmed El Belbeisy","2026-09-12 22:59:07",313.9,2,patmux
8960,16851029,john01234,"2026-09-08 04:57:12",313.6,2,john01234
8961,16797284,Alice7371,"2026-08-31 17:58:22",313.6,1,alice7371
8962,16664819,"SUBHASRI  S","2026-09-30 14:23:45",313.2,2,subhasri2007
8963,16633737,nrg,"2026-08-04 20:19:50",313.2,1,nargizaskarbekkyzy
8964,16662856,"Pranjal Arya","2026-09-11 09:30:08",313.1,2,pranjalaryaa
8965,16770232,MinhTran2346,"2026-09-07 14:12:04",312.8,2,minhtran2346
8966,16652805,"Rodrigo Batista da Silva","2026-08-13 13:35:19",312.5,2,eurodrigobatista
8967,16661212,AnkitRaj4004,"2026-08-23 13:17:37",312.4,2,ankitraj4004
8968,16669725,chosunghwan,"2026-08-06 03:52:24",312.3,1,chosunghwan
8969,16661551,SimonAx,"2026-08-10 09:41:59",312.3,2,simonaxel
8970,16670812,"Brian Toman","2026-08-09 15:56:22",312.2,2,briantoman
8971,16727044,"Kai Leisten","2026-08-16 10:19:42",312.1,2,kaileisten
8972,16700187,"adrian purnama","2026-08-10 10:50:45",312.1,1,adrianpurnama
8973,16639067,"ToMY F.","2026-08-11 11:34:31",312.0,1,tomyfdev
8974,16689943,"NAM NGUYỄN CÔNG","2026-09-24 12:41:05",311.9,2,namnguyenhcmut
8975,16623739,SarsaShen,"2026-08-05 07:12:00",311.9,2,sarsashen
8976,16713082,"Siyam Molla","2026-09-06 08:06:43",311.7,2,siyammolla
8977,16675048,Wizard_King,"2026-08-06 19:35:41",311.7,2,anshumanrayy
8978,16658320,"Justin Eight","2026-08-27 07:29:52",311.5,2,justineight
8979,16674394,"Ishant Mittal","2026-08-08 09:24:57",311.3,2,ishantmittal95
8980,16778585,Deepa,"2026-09-27 10:42:27",311.3,2,deepa42639
8981,16668471,Broomva,"2026-08-05 14:57:35",311.2,1,broomva
8982,16894314,curious007hi9387983,"2026-09-17 07:41:07",311.1,1,curious007hi9387983
8983,16674678,"Tinotenda Garikayi","2026-09-28 06:00:34",311.1,2,tinotendagarikayi
8984,16659523,"Ahmad Khidir","2026-08-27 22:33:31",311.1,1,ahmadkhidir
8985,16673152,"Arijit Raj","2026-08-06 08:23:14",311.0,2,arijitraj02
8986,16739356,Renuka,"2026-09-22 11:47:53",310.7,1,alphy1603
8987,16689841,Pavani2325,"2026-08-08 10:00:56",310.6,2,pavani2325
8988,16823858,"James Mills","2026-09-23 17:08:00",310.3,2,jamesmills1975
8989,16865101,"Hanlinh ","2026-09-11 03:58:09",310.1,2,hanlinh227
8990,16855459,"Shune Lae lae Khaing","2026-09-11 17:55:19",309.9,2,shunfloryn
8991,16682345,Gordy,"2026-08-31 07:39:13",309.8,2,gordyii
8992,16714418,AdriMonFer,"2026-09-01 12:15:21",309.7,2,adrimonfer
8993,16701924,"Uma maheshwari T","2026-09-23 15:36:09",309.7,1,umamaheshwarit
8994,16915613,MDM,"2026-09-17 16:03:54",309.3,2,themdm
8995,16659453,"Ishwar Rathod","2026-08-06 03:29:27",309.2,2,ishwarrathodofficial
8996,16669188,Sebastián,"2026-09-25 21:30:33",309.0,1,sebatl
8997,16691813,Hyezir4,"2026-08-10 08:36:47",308.9,2,hyezir4
8998,16711348,ticoraph,"2026-08-21 18:55:56",308.6,2,ticoraph
8999,16658319,"Huỳnh Nguyễn Trọng Tín","2026-08-06 06:23:40",308.6,2,tnhunhnguyntrng
9000,16720606,Williamtime,"2026-08-17 03:11:34",308.6,2,williamtime
9001,16623405,nbarlow,"2026-08-12 20:01:08",308.6,2,nickbarlow
9002,16670600,"Leon Lum","2026-08-20 14:58:27",308.4,2,leonlum
9003,16866140,Mantis,"2026-09-22 16:59:18",308.1,2,orchidmantis
9004,16941648,ITibe88,"2026-09-22 19:04:58",307.8,2,itibe88
9005,16763916,"Mohamed Nchourupouo","2026-08-24 09:28:47",307.4,2,mohamednchourupouo
9006,16740191,"Arjun Dhillon","2026-08-19 15:15:57",307.4,2,arjundhillon07
9007,16759407,"Giovanni Colpani","2026-08-22 17:02:37",307.3,2,giovannicolpani
9008,16656480,"Dip Biswas","2026-08-07 04:35:56",307.1,2,dipjacobiswas
9009,16777489,"Yousef Elbaz","2026-08-27 11:18:54",306.9,1,yousefelbaz
9010,16868034,"Vivek Teja","2026-09-14 19:25:09",306.8,1,vivektejaraju
9011,16633982,Nikunj1375,"2026-08-07 08:40:29",306.8,2,nikunj1375
9012,16698739,"Sahrul Adicandra","2026-08-11 04:06:08",306.6,2,sahruladicandra
9013,16784712,SIDDpat,"2026-08-30 08:13:50",306.5,2,siddpat
9014,16623730,"Ethan Higgins","2026-07-31 02:25:21",306.5,2,ethanhigginz
9015,16660473,"Owen M Kelley","2026-08-10 00:53:11",306.4,2,owenmkelley
9016,16690163,"Abhay Upadhyay","2026-08-08 18:05:54",306.4,2,abhay18s
9017,16633330,"danielle Ange","2026-08-12 16:26:03",306.2,2,danielleange
9018,16693821,"DARSHAN A","2026-08-11 18:02:26",306.1,2,ad12345kag
9019,16682454," Vandanaa R","2026-09-02 09:48:24",306.1,2,vandanaar
9020,16855181,Komal_Rani,"2026-09-08 16:39:15",305.9,2,komalvinayak
9021,16662659,"Chiziterem Eze","2026-08-11 12:20:48",305.6,2,chiziteremeze
9022,16715576,bhavnachavda21,"2026-09-29 18:39:58",305.3,2,bhavnachavda21
9023,16701902,"Matthew Souza Chong","2026-08-11 05:58:50",305.2,2,matthewsouzachong
9024,16723045,"Albert Einstein F Muritiba","2026-09-27 17:33:52",305.0,2,spideryzarc
9025,16755632,"Adarsh Yadav","2026-08-21 16:34:37",305.0,1,adarsh12yadav
9026,16665360,"Ayush Bhadauria","2026-08-19 11:11:51",304.9,2,ayushbhadauria50
9027,16660996,"Thịnh Nguyễn Chí Tiến","2026-08-08 01:49:40",304.9,2,thnhnguynchtin
9028,16662495,Earth,"2026-08-15 10:54:03",304.8,2,earthearth
9029,16668271,"Shashank Raj","2026-08-06 14:27:00",304.6,2,ssr6156
9030,16713319,"David Tilman","2026-08-12 18:56:13",304.4,2,davidtilman
9031,16756768,"Sayeed Ibrahim","2026-08-22 01:32:12",304.2,2,sayeedibrahim
9032,16757233,"Tet Toe Wai","2026-08-24 07:51:45",304.1,1,tettoewai
9033,16654348,rkeshwani,"2026-08-07 16:17:49",304.0,2,rkeshwani
9034,16706591,"Poorvi Shetty","2026-09-25 14:34:13",304.0,2,poorvishetty1
9035,16807668,kilariHemalatha,"2026-09-05 04:33:19",303.9,1,kilarihemalatha
9036,16839939,Lemonabc,"2026-09-05 12:56:42",303.8,1,lemonabc
9037,16681801,majj,"2026-08-11 03:07:46",303.6,2,m313786372
9038,16947575,Rekh_Sharath_Chandra,"2026-09-26 07:37:12",303.5,2,rekhsharathchandra
9039,16730086,HanaGhanem,"2026-09-20 22:15:11",303.3,2,hanaghanem
9040,16830884,"Khalil hafni","2026-09-14 23:51:56",303.1,1,hafnix
9041,16671519,"Mandhati Sai ganesh","2026-08-06 06:36:45",303.0,2,mandhatisaiganesh
9042,16686789,Hay-gent,"2026-09-07 05:37:52",303.0,2,"alagusuriyas,gayathrisrimai"
9043,16664469,"Thorlapati Nikhil","2026-08-11 19:11:09",302.6,2,thorlapatinikhil
9044,16687403,"Raja Sai Vardhan","2026-08-09 08:19:22",302.5,2,rajasaivardhan
9045,16838913,LunaT2,"2026-09-05 09:10:21",302.5,1,lunat2
9046,16667033,"Geethika Sandireddy","2026-08-15 07:04:31",302.1,2,geethikasandireddy
9047,16691936,"Adhar Chaudhari 07","2026-08-09 08:13:35",302.0,2,adharchaudhari07
9048,16730679,"Hoàng Trọng Hiếu","2026-09-13 08:32:32",301.7,2,hongtrnghiu
9049,16942701,"Tasmin Ara Chowdhury","2026-09-29 19:08:41",301.4,2,tasminarachowdhury
9050,16664718,Vedika_,"2026-08-11 18:28:09",301.3,1,lighjt
9051,16668453,"Kawish Hassan","2026-08-05 16:51:03",301.3,2,kawishhassan
9052,16658452,Hillclimber,"2026-09-13 01:50:22",301.2,2,driessmit1
9053,16751311,JoangHZ,"2026-08-21 09:18:57",301.1,2,joanghz
9054,16683421,"Ruchita Yadav","2026-08-13 18:09:54",301.0,2,ruchitayadav20
9055,16896350,"Abdelghani M'BAREK","2026-09-20 11:26:09",301.0,1,abdelghanimbarek
9056,16692084,"Kaggri Farmers","2026-08-29 19:47:29",301.0,2,"jayant99acharya,satvikkolluru"
9057,16655811,"Duy Trần","2026-08-04 08:23:27",300.8,1,duyqtrn
9058,16810780,prachi.icy,"2026-09-27 15:56:31",300.5,2,prachinikalje
9059,16664218,"Nguyen Vu Tue Khang","2026-08-24 03:32:10",300.3,2,nguyenvutuekhang
9060,16677034,gollapallysaikiraan2,"2026-09-18 21:45:24",300.1,2,gollapallysaikiraan2
9061,16898267,Tannybro,"2026-09-20 09:31:41",299.5,2,tannybro
9062,16661639,"Jayanth Kumar D","2026-08-06 13:36:46",299.2,2,jayanthkumard
9063,16631989,"VIDIT SHRIMALI","2026-07-31 17:13:46",299.1,1,viditshrimali
9064,16662491,Rudra070311,"2026-08-11 17:06:39",299.1,2,rudra070311
9065,16698591,FestusKipkoech,"2026-08-28 18:58:28",298.8,2,festuskipkoech
9066,16663351,MiguelS,"2026-08-07 15:25:29",298.7,2,lordm758
9067,16666353,"Pal Savani","2026-09-14 19:01:01",298.6,2,palsavani
9068,16665252,"Harsh Katara","2026-08-05 06:51:14",297.9,1,harshkatara
9069,16932204,"Doğuş Özel","2026-09-20 22:27:23",297.9,2,dozel7
9070,16725769,NikunjMakhija_,"2026-08-19 13:01:57",297.8,2,nikunjmak
9071,16682262,"Pardeep Singh","2026-09-01 11:01:27",297.7,2,pardeep06
9072,16729572,"Aswin Ramanathan","2026-08-17 16:17:38",297.5,1,aswinramanathan
9073,16706181,"Juvenal Pedro Baptista","2026-08-16 14:58:40",297.3,2,juvenalpedrobaptista
9074,16684308,Itsside_jay,"2026-08-07 11:46:48",297.2,1,itssidejay
9075,16657891,"Joshua Kinnah","2026-08-07 23:00:45",297.1,2,joshuakinnah
9076,16765997,"Diya Sharma","2026-09-13 18:08:07",296.8,2,diyasharmanexa
9077,16676302,Arnav,"2026-08-08 06:10:01",296.7,2,arnav03101
9078,16920837,"Borys Koza","2026-09-18 13:00:28",296.4,1,boryskoza
9079,16643303,sigireddyBalasai,"2026-09-12 11:40:23",296.4,2,sigireddybalasai
9080,16789486,TanjiahaoXX,"2026-08-29 07:47:37",296.3,1,tanjiahaoxx
9081,16919058,"Bethany Stringer","2026-09-19 10:18:38",295.9,1,bethanystringer
9082,16661157,Shenlai,"2026-09-17 14:02:50",295.9,2,shenlai
9083,16665661,Ikhbar,"2026-08-05 09:50:57",295.7,2,ikhbar
9084,16661690,codefusiondu,"2026-08-06 04:53:25",295.6,2,codefusiondu
9085,16634769,Fivingone,"2026-08-03 03:47:43",295.2,2,fivingone
9086,16794647,"Michael Cahill","2026-09-01 07:46:28",295.2,2,michael1232
9087,16667406,"Abdulrahman AlAsali","2026-08-05 13:20:41",294.8,1,abdulrahmanalasali
9088,16705294,"zhenf Liu","2026-08-11 07:51:06",294.7,2,zhenfliu
9089,16623161,"Charles Kalaba","2026-08-08 13:06:02",294.6,2,charleskalaba
9090,16785050,"MITHIL J URK26CS7067","2026-08-28 18:29:14",294.6,1,mithiljurk26cs7067
9091,16942208,"Artem Liahushchenko","2026-09-30 19:18:02",294.4,1,"artemliahushchenko,dmytromishchenko,ihorlubskyi"
9092,16656506,"Piyush Harde","2026-08-04 12:54:26",294.3,2,piyushharde
9093,16791786,BladeOffline,"2026-08-30 03:42:42",294.2,1,bladeoffline
9094,16624553,"Abiram Bharathi S.A","2026-09-08 11:40:32",294.0,2,abirambharathisa
9095,16732315,"Filip Chladek","2026-08-17 13:37:38",293.8,2,filipchladek
9096,16666639,"Dheeraj Pranav","2026-08-24 19:38:42",293.4,1,dheerajpranav
9097,16662403,"ulaş özen","2026-08-05 19:49:16",293.4,2,ulazen
9098,16702052,"Beny Pratama Putra","2026-08-12 16:18:20",293.4,2,benypratamaputra
9099,16707092,"Asharani Sahu","2026-08-11 11:19:08",293.4,1,asharanisahu
9100,16784538,"mou1234568 fdsfds","2026-08-28 18:05:29",293.4,2,mou1234568fdsfds
9101,16659865,Rithikaaaaah,"2026-08-17 07:09:08",293.3,2,rithikaaaah
9102,16794729,Copperford,"2026-09-08 00:41:27",293.3,2,copperford
9103,16690183,ankit8924praj,"2026-08-14 15:43:56",293.2,2,ankit8924praj
9104,16663945,anyasri,"2026-09-22 18:19:28",292.9,2,anyasri
9105,16719709,Rishiii360,"2026-08-18 03:46:23",292.6,2,rishiii360
9106,16658990,"Muhammad Burhan SE-45-02","2026-08-07 04:26:18",292.5,2,muhammadburhanse4502
9107,16652397,"Aniket Kumar","2026-08-06 13:29:50",292.5,2,kalkiavatar3
9108,16925237,"Abdullah Ahmed saeed","2026-09-22 09:42:28",292.2,2,abdullahahmedsaeed
9109,16690514,"Aditya #3","2026-08-09 06:29:48",292.2,1,a0x1ab
9110,16838645,"Deepak #2","2026-09-06 10:20:54",292.1,2,deepakup85
9111,16785111,"JEFFREY KIRUBA J ","2026-08-28 18:07:41",292.0,1,jeffreykirubaj
9112,16805109,"иван астахов","2026-09-10 21:30:35",291.8,2,iastakhov
9113,16784225,sulala,"2026-08-29 08:51:26",291.7,2,sulala
9114,16774471,"Seymour Schmidt","2026-09-16 10:56:11",291.6,2,angrybread
9115,16771870,"kumi cho","2026-09-22 14:52:46",291.2,2,kumicho
9116,16748092,Luckshith,"2026-08-20 12:59:43",291.2,2,luckshith
9117,16658450,"Krish Singh","2026-08-05 16:11:00",291.0,2,krishsingh2283
9118,16662913,"IYAMPAYE ribert","2026-08-04 19:01:38",291.0,1,iyampayeribert
9119,16694673,"B T Chinmayi","2026-08-27 19:47:10",290.8,2,btchinmayi
9120,16668166,Pikachu,"2026-08-05 14:52:15",290.6,2,"arpankumarsinha,phantomboy69,subhojitpaul2006"
9121,16721533,"Lakshya Sharma","2026-08-16 06:01:34",290.4,2,lakshyasharma007
9122,16712089,"yui seya","2026-08-12 12:17:02",290.4,2,yuiseya
9123,16659493,"Ori Glisko","2026-08-09 14:27:44",290.3,2,origlisko
9124,16769212,"jason vetter","2026-08-25 05:48:22",290.0,1,jasonvetter
9125,16672168,"Justin Rutkowski","2026-09-13 08:13:41",290.0,2,justinrutkowski
9126,16659975,"Rahul Sain","2026-08-05 18:54:58",289.9,2,rahulsain2001
9127,16726021,"The Farm Game","2026-09-02 13:23:00",289.9,2,"tacostew,thomasbower6"
9128,16686700,"Hakkı selim Ak","2026-08-07 17:06:03",289.9,1,hakkselimak
9129,16676305,JTHEFROG,"2026-08-08 12:09:45",289.4,2,joshyuasa
9130,16668559,Goups,"2026-08-22 09:11:46",289.3,2,hervrenard
9131,16681177,"Ivan Kevin Garcia Hernandez","2026-08-17 19:25:34",289.0,2,jedilgh
9132,16662054,"phantom of shubh","2026-08-11 07:54:46",288.9,1,shubhamkumar123490
9133,16686941,vishu,"2026-09-24 12:47:08",288.6,1,vedanthshetty
9134,16882689,Soodari,"2026-09-12 21:56:31",288.6,2,soodari
9135,16732280,"Akarsh kumar shukla","2026-08-18 20:38:35",288.5,1,akarshkumarshukla
9136,16926905,"George Quadros","2026-09-21 21:56:55",288.4,2,georgequadros
9137,16663600,"Adrián Flores","2026-08-05 00:38:36",288.1,2,foward2892
9138,16661955,Bingos,"2026-08-05 11:43:07",288.1,2,bingos
9139,16728948,L3MG,"2026-08-16 21:17:06",287.8,2,lemgyy
9140,16669576,"zarnab waheed","2026-08-17 19:20:34",287.1,2,zarnabwaheed
9141,16682422,"SABBIR HOSSAIN 2029","2026-08-16 14:23:24",287.0,2,sabbirhossain2029
9142,16632319,Valentin,"2026-07-31 21:14:24",287.0,1,vaha94
9143,16845556,"li Insomenia","2026-09-07 04:07:10",286.9,2,liinsomenia
9144,16752152,abpp,"2026-09-30 19:15:02",286.9,2,abppyo
9145,16728465,"Abdurrahman Assegaf","2026-08-16 12:13:15",286.5,2,amanshop
9146,16792780,"Sreekar Reddy","2026-09-01 15:33:38",286.4,2,eshured
9147,16707179,"Achintya Rai","2026-08-12 11:15:16",285.4,2,achintyarai
9148,16660992,"Vishnu Vardhan Dumpala","2026-08-05 18:17:30",285.2,1,vishnuvardhandumpala
9149,16655315,SL,"2026-08-13 01:50:18",285.2,2,xndr007
9150,16658725,"syed jawad","2026-08-17 08:49:32",284.8,1,syedjawad663
9151,16844194,小林周人,"2026-09-17 14:57:34",284.7,2,kobashu
9152,16656351,"Triet Ho","2026-08-07 07:27:33",284.5,2,trietho247
9153,16729246,"Ayodeji Akinola","2026-08-29 19:45:30",284.1,2,ayodejiakinola
9154,16885028,"wen yimeng","2026-09-13 09:26:04",284.0,1,wenyimeng
9155,16683284,"Haha Farming","2026-08-07 14:38:04",283.3,1,"akshitharamesh,harinir1423"
9156,16777607,"je nap","2026-08-30 01:56:28",283.2,2,johnenapoles
9157,16654430,"Rishoban Y","2026-08-07 13:46:37",282.9,1,rishoban
9158,16634016,"Adrien Thomas","2026-09-21 17:32:37",282.8,2,adrienthomas
9159,16721849,ayushai8714,"2026-08-28 09:36:41",282.5,2,ayushai8714
9160,16882182,":T Eh?","2026-09-13 09:16:32",282.2,1,goulustis
9161,16655875,PLLZ,"2026-08-17 01:11:41",282.2,2,pllzzz
9162,16641866,"Prem Gandhi","2026-08-06 19:48:18",282.1,2,gprem352
9163,16849173,"Sarvajith Adyanthaya","2026-09-07 16:51:17",281.8,1,sarvajithadyanthaya
9164,16796258,"Lanzhi Jiao","2026-09-03 08:31:13",281.8,1,lanzhijiao
9165,16840506,"Jayanth Earla","2026-09-10 16:46:21",281.8,2,jayanthearla
9166,16654568,Samiksha_Chan1022,"2026-09-20 14:26:32",281.6,2,samikshachan1022
9167,16650070,"jakub slavíček","2026-08-04 12:58:40",281.6,2,jakubslavicek
9168,16637025,kodalien,"2026-08-10 15:21:00",281.6,2,kodalien
9169,16687648,"RSJ CorneR","2026-09-23 19:07:08",281.4,2,rsjcorner
9170,16659060,Pratham3gewg,"2026-08-06 18:26:51",281.3,2,pratham3gewg
9171,16671959,"Sintu Verma","2026-08-09 05:44:56",281.2,2,sintuverma
9172,16677565,"Avish Sinha","2026-09-28 19:50:31",281.0,2,avish006
9173,16698920,"Rishabh Bhartiya","2026-08-12 13:48:26",280.9,2,rishabhbhartiya
9174,16725135,"clement cg","2026-08-19 07:54:00",280.9,2,clementcg
9175,16893131,"Jenny Dinh","2026-09-30 16:25:49",280.7,2,"jeanguo000,jenny125,keytran8850"
9176,16660308,zhangzhenman,"2026-08-25 06:14:26",280.4,1,zhangzhenman
9177,16661012,"Tesfahun Feleke","2026-09-24 09:04:19",280.2,2,tesfahunfeleke
9178,16742209,"melih Bektaş","2026-09-26 19:31:08",280.1,2,melihbekta
9179,16655621,xia0910,"2026-08-08 11:03:21",280.1,2,xia0910
9180,16657159,"Amey Malpurkar","2026-08-11 07:35:27",280.0,2,"ameymalpurkar,siddheshsadarao"
9181,16707118,"DEVEN BAGADE","2026-08-11 11:24:10",279.6,2,devenbagade
9182,16690055,"Prem Kumar","2026-09-02 05:56:28",279.5,2,premkumar099
9183,16669535,sakshitantak,"2026-08-08 05:16:32",279.3,2,sakshitantak
9184,16658489,小出和見,"2026-08-13 23:23:04",278.8,2,kzmk8d
9185,16657426,"M.Mukunda Reddy","2026-08-17 06:18:11",278.7,2,mmukundareddy
9186,16746682,"julio cesar valencia","2026-09-24 04:19:19",278.6,2,juliocesarvalencia
9187,16862181,"M chetin","2026-09-12 18:51:14",278.6,2,cetin95
9188,16716476,lnssan,"2026-08-20 13:05:18",278.2,2,lukanilssandmayr
9189,16723487,RoboDavo,"2026-08-19 00:36:17",278.1,2,robertdavidson1911
9190,16653903,Manav2805,"2026-08-04 09:25:08",278.1,2,manav2805
9191,16697373,"Sumit Bhattacharjee","2026-08-29 18:29:11",277.5,2,sumitbhattacharjee
9192,16654253,"Gaius K Biju","2026-08-03 18:51:18",277.2,2,gaiuskbiju
9193,16672670,RonTroy,"2026-08-13 04:46:15",276.9,2,rontroy
9194,16791680,"Surja Sarker","2026-09-04 12:12:24",276.7,2,surjasarker
9195,16684223,"Aayush Shah","2026-08-13 17:57:28",276.6,2,aayushshah265
9196,16784605,"Iniyan M D R","2026-08-28 13:53:22",276.6,1,iniyanmdr
9197,16660529,Imaanga,"2026-08-10 11:41:21",276.6,2,imaangababy
9198,16665758,"Oladipo Bashir","2026-08-31 10:23:51",276.5,1,oladipobashir
9199,16712086,"Zubair Shafi","2026-08-16 23:23:04",276.4,2,zubairshafi5050
9200,16668333,VishalVivek,"2026-08-07 09:46:17",276.4,1,vishal14332
9201,16646076,"Ajeet Krishnasamy","2026-08-04 19:52:27",276.3,2,ajeetkrish
9202,16675037,"Stanislav Pashkov","2026-08-08 20:50:16",276.2,2,stanislavpashkov
9203,16755126,"Goosing around","2026-09-30 19:36:13",276.2,2,"annood,davidterkuile"
9204,16690882,"Meet P. Shah","2026-09-05 04:32:03",276.1,2,meet47
9205,16765570,"Akhand Soni","2026-08-24 12:47:42",276.0,1,akhandsoni
9206,16681783,"Next billionaire ","2026-09-30 22:43:51",275.8,2,nextbillionaire
9207,16675218,데미안과마루,"2026-08-18 14:16:13",275.7,2,siver3
9208,16814858,"Sankalp Patidar","2026-09-15 08:57:20",275.5,2,sankalppatidar
9209,16661290,"Kelian Esteve","2026-08-04 14:33:13",275.3,1,kelianesteve
9210,16762045,ADV,"2026-08-23 13:28:56",275.0,1,shuntianjiang
9211,16690187,"Amrita Singh","2026-08-08 10:34:51",274.6,2,amrita004
9212,16624246,"xu j1ayang","2026-08-11 05:12:47",274.2,2,xuj1ayang
9213,16678362,"Mitiku Yohannes","2026-08-07 00:00:37",273.8,2,mitiku
9214,16666316,adityakr1001,"2026-08-05 09:33:41",273.6,1,adityakr1001
9215,16658065,"Parul Mittal","2026-08-06 13:55:51",273.2,1,pisces83
9216,16938753,"Kedar K0","2026-09-22 03:42:53",273.1,1,kedark0
9217,16660543,"BUTUH DUIT","2026-08-06 07:39:16",272.8,2,abulkahfi
9218,16724743,"Dr. James Gambrah","2026-08-17 08:48:47",272.5,2,jamesgambrah
9219,16659804,"Gashahun Demise","2026-08-04 13:23:20",272.4,2,gashahundemiset
9220,16697283,Puranjay02,"2026-09-10 07:09:06",272.1,2,puranjay02
9221,16809426,"The Nafl","2026-09-10 11:20:55",272.0,2,nafalrust
9222,16747086,Karma_350234,"2026-08-20 09:56:52",272.0,1,karma350234
9223,16658941,Matts6591,"2026-08-17 07:59:36",271.7,1,mathwithmatt
9224,16858604,"Ye Naing","2026-09-10 02:42:59",271.6,2,yenaing
9225,16766823,suikkee,"2026-09-02 05:05:50",271.5,1,suikkee
9226,16741555,"Rushikesh Shirwalkar","2026-08-19 11:02:46",271.4,2,rushikeshshirwalkar
9227,16653054,Khongor2424,"2026-08-03 15:32:17",271.3,2,khongorkikaik21
9228,16734670,Sparsh,"2026-08-22 01:48:51",270.8,2,sparshsinha24
9229,16673753,hmmmSure,"2026-09-15 18:13:47",270.3,2,gerardnitt
9230,16713204,Mohamedg,"2026-08-24 23:15:06",270.1,2,mohamedgcroesus
9231,16716592,"Poma Mikhail","2026-09-10 09:08:04",269.9,2,ambisinistra
9232,16707372,"zidu cheng","2026-08-11 13:30:40",269.9,1,ziducheng
9233,16761731,"James Hu","2026-08-23 17:50:28",269.5,1,cnjameshu
9234,16753817,Karmers,"2026-09-24 08:52:46",269.4,2,"prasenjittadake,swapnilpatil2737"
9235,16730653,"Daham Dissanayake","2026-08-21 03:17:15",269.2,1,"dahamdissanayake,dinuginimnara"
9236,16670185,"Odilon Yehouenou","2026-08-13 20:23:58",269.0,2,odilonyehouenou
9237,16765329,"Bart Woz","2026-08-31 14:18:24",268.7,2,bartwoz
9238,16748410,Lemons,"2026-08-21 19:44:07",268.7,1,takahiromatoba
9239,16761681,"Ming Myung","2026-08-24 05:12:56",268.6,2,vanhaminhquan
9240,16818690,"Arionchen TitanTeam","2026-09-04 08:52:16",268.2,2,arionchentitanteam
9241,16660144,"Léandre ELISHA","2026-08-09 12:25:44",268.1,2,landreelisha
9242,16656595,"Sithija Amarathunga","2026-08-04 10:09:50",267.8,2,sithijaamarathunga
9243,16740950,Shaw,"2026-08-23 10:07:14",267.7,2,shaw06
9244,16665114,"Francesco Benincasa","2026-08-05 09:56:52",267.7,2,francescobenincasa
9245,16922932,Anteee231,"2026-09-21 04:19:19",267.7,2,anteee231
9246,16684168,"Roaya Saed","2026-08-10 14:36:20",267.7,1,roayasaed
9247,16885565,"Shiva Rupan S","2026-09-30 14:00:16",267.6,2,shivarupan20me
9248,16762084,"Krishna Lokhande","2026-08-23 14:08:48",267.5,1,krishnalokhande8080
9249,16813582,Soham_7391,"2026-09-16 09:59:13",267.4,2,soham7391
9250,16682559,"Punit Pritam Mohanty","2026-08-11 06:21:03",267.4,2,punitpritammohanty
9251,16740795,Yanshaoo2026,"2026-08-19 08:40:17",267.3,1,yanshaoo2026
9252,16706312,"shabbar taj","2026-08-11 16:35:57",267.3,2,shabbartaj
9253,16948168,"Анна Кондратенко","2026-09-23 16:03:20",267.1,2,"anetka2006,serhiibarsul"
9254,16665371,"Kevoh Mutwiri","2026-09-20 20:33:29",266.8,2,kevohmutwiri
9255,16911725,"casey blanche","2026-09-18 23:50:00",266.6,2,caseyblanche
9256,16676007,"Lao KENAO","2026-08-15 01:15:48",266.6,2,laokenao
9257,16773545,faithk7u,"2026-08-31 21:57:43",266.4,2,faithk7u
9258,16655734,dworld,"2026-08-05 04:13:18",266.3,2,jagdishhalde
9259,16685996,"Universal Entropy","2026-08-07 16:22:28",266.2,1,fennerjw
9260,16676501,"[Deleted] cf820879-5b51-45ff-9f0a-1d88833299b5","2026-08-08 08:32:10",266.1,2,kamraanmulani
9261,16868524,"Chutayu Adhittayawong","2026-09-11 03:30:13",266.1,2,arteezy009
9262,16758856,"Ali Zaib","2026-08-27 20:12:02",266.0,2,alizaib001
9263,16790545,Adnane,"2026-09-01 02:18:09",265.9,2,adnaneel
9264,16941661,Parthasaradhy,"2026-09-22 16:02:49",265.7,2,parthasaradhy
9265,16822259,"Craig Goldswain","2026-09-07 14:52:01",265.6,2,craiggoldswain
9266,16759726,Phoenix,"2026-08-22 19:43:10",265.5,1,seanht1
9267,16683998,"Mahoraga save me","2026-08-07 22:09:22",265.3,2,yqngyv
9268,16691354,"Vedika Gupta","2026-08-08 14:20:25",265.2,1,vedikagupta0
9269,16688231,"Antoine Matemane Mahirwe","2026-08-10 19:40:15",265.2,2,antoinemah
9270,16668464,Mauro,"2026-08-05 15:57:27",265.0,2,ilmaurino
9271,16625775,liubingxin205,"2026-08-15 06:29:40",264.7,2,"hongjuw,liubingxin205"
9272,16865663,GauravPramodJain,"2026-09-10 09:44:04",264.3,1,gauravpramodjain
9273,16659581,"isah ridwan","2026-08-07 09:02:00",264.3,2,isahridwan
9274,16695733,"Imad Zaanine","2026-08-11 02:11:15",264.1,2,imadzaanine
9275,16682623,"Aditya Paul","2026-08-14 12:44:45",264.0,2,adityapaul634
9276,16839430,EliaSav,"2026-09-06 15:33:34",263.9,2,eliasav
9277,16659696,"Lakshyaraj Singh Rathore","2026-09-05 18:47:32",263.5,2,lakshyarajrtm
9278,16661587,"Debashis Mohapatra","2026-08-05 09:05:50",263.4,2,debashismohapatra
9279,16684535,Moonlight,"2026-09-07 14:16:17",263.0,2,rajesh1joc
9280,16761994,"Talha Sayyad faim","2026-08-23 11:32:37",262.3,1,talhasayyadfaim
9281,16723583,"varun chindage","2026-09-25 01:13:18",262.2,2,stormy420
9282,16669314,"Editor Jugnu AI","2026-09-06 08:31:32",261.8,2,editorjugnuai
9283,16656198,N9uy3nPham,"2026-08-06 10:56:04",261.7,2,n9uy3npham
9284,16748206,ArtlexYang,"2026-08-25 08:43:28",261.6,1,artlexyang
9285,16942668,"Levreau Camille ","2026-09-28 12:35:00",261.5,2,"dechant,levreaucamille"
9286,16652276,Phare111,"2026-08-04 15:09:55",261.4,1,phare111
9287,16718890,"Andy Symonds","2026-08-19 23:04:11",261.3,2,andyivanhoe
9288,16662861,"Chirag Tutlani","2026-08-04 19:13:05",261.2,1,chiragtutlani
9289,16749514,"M Harini","2026-09-21 14:52:15",261.1,2,rvmharini
9290,16811524,PeiyuQian,"2026-09-11 16:00:55",260.6,2,peiyuqian
9291,16841154,Kinjal,"2026-09-05 22:13:51",260.4,2,kinjalparmar5009
9292,16755377,"Rishi Sutar","2026-09-29 17:34:44",260.4,2,rishisutar
9293,16676084,"Abir Majdi","2026-08-24 00:24:35",260.2,2,abirmajdi
9294,16660957,CREVATEC,"2026-08-11 09:30:33",260.1,2,"olakunleolalekan,samueloladeji"
9295,16725104,ManasviVarma,"2026-08-23 10:20:35",260.0,1,manasvivarma
9296,16744954,charley8,"2026-08-22 06:23:36",259.5,2,charley8
9297,16862268,"Vishal Harry","2026-09-12 21:26:48",258.8,2,vshr777
9298,16724512,"Diw Gupta","2026-08-21 13:45:51",258.0,1,diwgupta
9299,16773858,"Kundan Kumar","2026-09-29 05:28:02",257.7,2,edkundan
9300,16661879,"Pham Truc","2026-08-07 07:21:46",257.6,1,genti1206
9301,16698562,Kyoko004,"2026-08-11 04:38:18",257.3,1,kyoko004
9302,16654306,Shubham,"2026-08-03 19:09:40",257.3,2,sanjayshubham24
9303,16654293,"Jatin N. Soni","2026-08-18 09:59:05",257.3,2,jatinsoni111
9304,16655003,"Paramjeet Kaur","2026-08-04 21:09:02",257.0,1,kauxp26
9305,16712844,"ray hengbo","2026-09-01 03:35:31",257.0,1,rayhengbo
9306,16739918,POLAROID_86,"2026-08-18 21:56:04",257.0,2,polaroid86
9307,16846069,"Bryce Muhlnickel","2026-09-30 23:07:04",256.9,2,tokenjunkielabs
9308,16939560,"Zhi Quan","2026-09-22 05:35:09",256.6,1,zhiquannn
9309,16663253,"Albert Benjamin Asare","2026-08-06 19:29:05",256.5,2,albertbenjaminasare
9310,16755664,"Shivam Rajdev","2026-09-04 19:28:36",256.4,2,shivamrajdev
9311,16847927,"Laiba Hameed","2026-09-12 09:00:51",256.1,2,laibahameed08
9312,16677788,DorianCo,"2026-08-06 18:10:06",256.1,2,dorianco
9313,16649074,nanato,"2026-08-28 04:27:29",256.1,1,nanato
9314,16656881,"Eugene Nyondo","2026-08-30 22:33:50",255.9,2,eugenenyondo
9315,16658620,"Dina Chettouh","2026-08-04 09:13:27",255.2,2,dinachettouh
9316,16724204,chestnut,"2026-08-21 02:15:17",255.0,2,yskkrbysh
9317,16684191,"Patel Aryan D","2026-08-10 07:36:13",254.9,2,patelaryand
9318,16665614,MesonLabs,"2026-08-11 06:17:27",254.8,1,mesonlabs
9319,16761134,mash3gt,"2026-08-23 06:10:12",254.4,1,shiroguitar
9320,16756174,"Mateo Coelho","2026-09-02 19:10:01",254.1,2,mathsco
9321,16665704,"Sreesanth M S","2026-08-05 07:12:05",253.8,1,sreesanthms
9322,16779857,0x74,"2026-09-03 14:03:17",253.7,1,i0x74i
9323,16809620,"Mohamed Alaa Elboraay","2026-09-02 19:11:42",253.6,2,mohamedalaa10
9324,16701041,"Meet Babariya","2026-08-10 14:21:06",253.5,1,meetbabariya
9325,16651668,Haiku,"2026-08-05 06:28:54",253.3,2,yangjiefu
9326,16658357,heetmehta18,"2026-08-07 13:30:40",253.1,2,heetmehta0000
9327,16707941,ニイエチカイン,"2026-08-14 15:28:42",252.8,2,j4ck99
9328,16768507,"Dhanush Ballanki","2026-08-25 00:33:27",252.6,1,dhanushballanki
9329,16643821,"arnav chaturvedi123","2026-08-02 22:16:08",252.4,2,arnavchaturvedi123
9330,16658888,NovaBytes,"2026-08-06 07:06:34",252.4,2,"drashtisingh14,kjjkjjk3107"
9331,16660579,mayank,"2026-08-06 14:41:12",252.3,2,mayank921
9332,16918745,Xstella,"2026-09-30 13:34:04",252.1,2,xstella
9333,16736084,"Kaishang Zhang","2026-09-02 13:41:28",252.1,2,kaishangzhang
9334,16711610,cc_z_kaggle,"2026-08-12 09:33:23",252.0,1,cczkaggle
9335,16762167,"Arkoday Roychowdhury","2026-08-24 01:29:19",251.9,2,arkodayroychowdhury
9336,16748712,"Amit Kumar Gupta","2026-08-21 13:33:00",251.8,2,eramitg
9337,16654853,"Saketh Rao","2026-08-03 21:43:14",251.6,1,sakethrao
9338,16922872,EricWang,"2026-09-18 23:56:44",251.5,1,ericwang915
9339,16661213,"Daniel Siersleben","2026-08-05 12:53:41",251.1,1,danielsiersleben
9340,16649650,"Ashish Barnawal","2026-08-11 04:08:04",251.1,1,klein4
9341,16690161,"Sudipto Event","2026-08-11 09:25:00",250.6,2,sudiptoevent
9342,16790483,"ivo nahuel jasinskas","2026-08-29 14:08:28",250.6,1,ivonahueljasinskas
9343,16758007,stoicsatvik,"2026-08-22 12:37:48",250.3,1,stoicsatvik
9344,16683970,"Zakhar Homyakov","2026-08-07 11:14:41",250.3,2,zakharhomyakov
9345,16661469,"Qiqi Xie","2026-08-06 20:53:32",250.2,2,qiqixie123
9346,16938736,melonminning,"2026-09-30 22:54:09",249.9,1,"bigsandwich,lawblu"
9347,16897297,益田幸太,"2026-09-30 15:25:08",249.8,2,kotamasuda1010
9348,16785789,"Mateus Sousa do Carmo","2026-08-28 21:23:10",249.8,2,mateaadsaf
9349,16784952,"Adria Barreto","2026-08-28 16:06:57",249.6,1,adriabarreto
9350,16658152,MingSUN007,"2026-08-04 13:46:29",249.4,2,mingsun007
9351,16665243,"Harshit Jha","2026-08-05 13:40:16",249.3,2,harshitjha28
9352,16677629,"XIE Jintao","2026-08-06 18:47:28",249.1,2,xiejintao
9353,16667700,"Omar Mohammad","2026-08-05 15:52:54",249.0,2,omarmohammadw
9354,16772388,XiaozhenWu2002,"2026-08-29 16:21:55",249.0,2,xiaozhenwu2002
9355,16672982,"Enes Aytaç","2026-08-14 12:12:24",249.0,2,enesayta
9356,16809584,"Kinnal Rutu","2026-09-02 15:01:01",248.9,2,kinnalrutu
9357,16633483,"benkerrouche abdelbasset","2026-08-07 16:11:50",248.8,1,bassetkerouche
9358,16659698,"Duy Anh Nguyễn","2026-08-07 10:23:27",248.7,1,duyanhnguyn
9359,16713601,"Omar spok","2026-08-19 13:27:13",248.1,2,omarspok
9360,16675104,"khwaja Moula'Ali","2026-08-06 11:30:49",248.0,1,khwajamoulaali
9361,16663459,"Cristian Yeanpaul Palomino Calderon","2026-08-06 04:14:17",248.0,2,dawo0t
9362,16738539,"Sharath S","2026-08-21 05:19:45",247.9,2,akicodes
9363,16658676,"Abdul Roheem Abdul Warith","2026-08-04 18:59:04",247.9,1,albasoliyy
9364,16670674,"Foodle Jang","2026-08-19 22:14:34",247.6,2,foodlejang
9365,16822994,"Peter Danilov","2026-09-03 18:16:23",247.6,1,pndanilov
9366,16644398,Nurkan123,"2026-08-16 21:20:24",247.6,2,nurkan123
9367,16948529,"Daria Liubarets","2026-09-23 16:33:49",246.8,1,dariisss
9368,16889111,"Abel Garza-Ramírez","2026-09-19 01:12:05",246.8,1,abelgarzaramrez
9369,16658457,"Uchiha Eren","2026-09-26 14:33:34",246.8,2,lucsanjay
9370,16923722,Coders,"2026-09-26 16:02:31",246.7,1,"dhanalakshmi33,sruthi007,subbanbeeepanagandla"
9371,16867865,"ADITYA RAJ","2026-09-29 17:48:25",246.7,2,adityaraj2026yp
9372,16725288,mustafasadiqi,"2026-08-15 12:26:35",246.6,1,mustafasadiqi
9373,16687574,"Yash Raghuvanshi","2026-08-07 22:09:38",246.5,2,yashraghuvanshi25
9374,16924232,Heshwa,"2026-09-19 08:08:28",246.4,2,heshwa
9375,16811014,"Overfit and Chill","2026-09-18 12:41:38",246.1,2,toyeshchakravorty
9376,16654329,"Aby K Prakash","2026-09-17 17:04:51",245.7,1,abykprakash
9377,16780106,"Mirangga Jakti","2026-09-09 20:05:22",245.6,2,miranggajakti
9378,16669411,"Atta Ullah","2026-08-10 13:28:30",245.4,2,attaullahqau
9379,16680789,Marouane,"2026-08-15 02:41:18",245.4,2,marouanealahyane
9380,16831820,"Raihan Saladin","2026-09-12 17:21:34",245.3,2,raihansaladin
9381,16663869,CYBER_TECH99,"2026-08-05 01:40:15",245.2,2,cybertech99
9382,16932531,"Ankur Agarwal","2026-09-20 22:56:55",245.2,1,ankur98
9383,16659203,"Praful Nayak","2026-08-05 08:17:06",245.1,2,prafulnayak2003
9384,16759675,TianKitty,"2026-08-27 04:43:06",245.0,1,tiankitty
9385,16633833,"mohammad javad Kamali","2026-08-19 05:13:42",244.9,1,mohammadjavadkamali
9386,16942732,Hogwarts,"2026-09-30 13:11:57",244.8,1,"janakiramdavuluri,zoro86"
9387,16929898,"Senadie Damsini Fernando","2026-09-20 10:49:49",244.7,1,senadiefernando
9388,16683428,"Darsh Jilka","2026-08-19 09:03:08",244.5,2,darshjilka
9389,16686950,"Kittikhun Pachana","2026-08-08 00:16:11",244.5,2,kittikhunpachana
9390,16929949,"mohamed seddik sakai","2026-09-22 13:32:24",244.4,2,mohamedseddiksakai
9391,16882350,akacome,"2026-09-12 18:32:37",244.3,1,akacome
9392,16665461,"Krishna Golwala","2026-08-24 18:39:08",243.8,2,krishnagolwala
9393,16703295,Yuting,"2026-08-13 20:42:16",243.5,2,yutinghanuxd
9394,16743603,tanmoypal11,"2026-08-19 15:19:36",243.5,1,tanmoypal11
9395,16849556,"Peter Bull","2026-09-08 12:41:45",243.2,2,peterbull
9396,16681959,"shun takinami","2026-08-07 05:43:47",243.2,1,shuntakinami
9397,16850036,Sumzali083,"2026-09-07 19:23:11",243.2,1,sumzali083
9398,16894802,"phus sea","2026-09-15 16:23:01",243.1,2,phussea
9399,16684875,"Amitrakshar Mukherjee","2026-08-07 13:21:32",243.0,2,amitraksharmukherjee
9400,16904216,ACCCC114514,"2026-09-28 02:54:43",243.0,1,acccc114514
9401,16664863,zzzhhcc,"2026-08-13 06:15:42",242.7,2,zzzhhcc
9402,16686316,"Ali mohon","2026-08-07 16:16:43",242.7,2,alimohon
9403,16728350,fajarnadeem808,"2026-08-16 13:07:59",242.6,2,fajarnadeem808
9404,16727383,"Minchul Shin","2026-08-20 07:50:37",242.5,1,nashory
9405,16842088,"Hrithik Reddy","2026-09-07 09:46:01",242.3,1,hrithik22122
9406,16653997,"Alekya Valapushetty","2026-08-05 13:52:08",242.1,2,alekyavalapushetty
9407,16671302,"Pratish Chaudhary","2026-08-10 00:35:01",242.0,1,pratishchaudhary
9408,16659280,"yahaya zayyan","2026-08-04 10:51:16",241.5,1,yahayazayyan
9409,16760903,"Derrick Lace","2026-08-23 04:23:40",241.5,2,derricklace
9410,16667691,alexanderctrl,"2026-08-18 10:10:51",241.5,2,alexanderctrl
9411,16639684,Rubel,"2026-08-05 18:49:11",240.8,2,rubel01
9412,16687151,harshi101,"2026-08-08 06:32:37",240.8,2,harshi101
9413,16737009,"Alexandre Pedrosa","2026-09-03 07:42:20",240.7,1,alexandrepedrosai
9414,16669756,AlgSaid,"2026-08-05 18:54:07",240.7,1,imabdallah
9415,16659387,dharssshiniii,"2026-08-04 09:48:15",240.7,1,dharssshiniii
9416,16662039,"Ajat Rosadi","2026-08-04 16:58:10",240.4,2,ajatrosadi
9417,16728152,"Kenji Tai","2026-08-16 18:27:33",240.3,2,kenjitai
9418,16830761,Skarmory,"2026-09-04 13:05:56",240.0,1,syarnorke
9419,16657777,"sandeep kumar","2026-08-04 11:41:21",240.0,2,sandeep088
9420,16819370,"István Csik","2026-09-03 13:39:36",239.9,2,istvncsik
9421,16880785,"CHIDANANDA G L","2026-09-12 11:18:48",239.8,2,chidanandagl
9422,16733752,Abhi,"2026-08-17 19:34:16",239.7,1,zeroday19
9423,16635098,"Charvi Upreti","2026-08-15 05:43:59",239.5,1,charviupreti
9424,16660471,"Obsessed Beings","2026-08-24 16:44:48",239.1,2,"meur99,muhammedsaeed315,obsessedbeing,studentwork01"
9425,16641331,ushi,"2026-08-05 13:33:18",239.1,1,yuki508
9426,16790992,"Matthew Knyazev","2026-08-29 17:53:40",239.0,1,matthewknyazev
9427,16654318,"Aryan Raj Ayush","2026-08-23 08:34:14",238.7,1,aryanrajayush
9428,16655159,"Marcel Relaford","2026-08-13 01:26:26",238.5,1,marcelrelaford
9429,16663003,devzohaib,"2026-08-04 21:27:30",238.0,1,devzohaib
9430,16915237,"Greg Spitz","2026-09-29 23:25:11",238.0,2,gregspitz
9431,16623099,"Bovard Doerschuk-Tiberi","2026-07-30 21:04:23",238.0,1,bovard
9432,16725615,carside,"2026-08-29 04:49:31",237.9,1,carside118
9433,16723467,"Vladas Verkelis","2026-08-15 14:23:42",237.9,1,vlaveris
9434,16769754,daguniang,"2026-08-26 00:44:59",237.7,2,daguniang
9435,16774202,Wrs,"2026-08-26 09:21:40",237.7,1,wrsarch
9436,16659374,"[Deleted] 8f7327b9-2576-439b-bd6e-3f5fde366ebe","2026-08-04 10:12:44",237.7,1,del=8b215115eb53cbc1
9437,16667684,"Tim Neale","2026-08-06 13:01:12",237.5,1,timothyjneale
9438,16670506,"Juan Andres Bravo Mejia","2026-08-05 21:40:17",237.5,1,juanandresbravomejia
9439,16691322,"Anita rai98765","2026-08-16 19:05:43",237.3,2,anitarai98765
9440,16676991,"Jack Hopkins","2026-08-19 19:11:37",237.2,2,jackhopkins
9441,16750033,davidw001,"2026-08-20 17:13:07",237.2,1,davidw001
9442,16771048,"Aditya Pawar","2026-08-25 16:55:04",237.2,1,aditya22102001
9443,16708480,"Omar M.Moustafa","2026-08-11 18:55:58",237.2,2,omarmmoustafa
9444,16627717,da_pond,"2026-07-31 08:33:57",237.2,1,dapond
9445,16655508,bigsea,"2026-08-04 01:31:58",237.0,2,sakamakihiromi
9446,16723726,"Erika Worrall","2026-08-15 23:09:17",236.9,1,erikaworrall
9447,16659001,"Tim Wanjohi","2026-08-12 11:43:16",236.8,2,timwanjohi
9448,16663191,"Arnav Anand","2026-08-04 19:53:08",236.7,1,arnavair27
9449,16673369,Frame,"2026-08-06 07:59:47",236.5,1,rainorwang
9450,16806577,ShinYAM1002,"2026-09-06 17:33:20",236.3,1,shinyam1002
9451,16821068,"Danila Goncharenko","2026-09-03 15:22:12",236.2,2,danilegovich
9452,16678647,"Zorawar Singh","2026-08-06 19:55:53",236.1,2,zorawarsingh677
9453,16708246,StudyForUse01,"2026-08-11 16:58:19",235.9,1,studyforuse01
9454,16677517,justnyoike,"2026-08-10 01:12:56",235.9,2,justnyoike
9455,16712979,"Yusuke Tsukuda","2026-08-12 14:58:39",235.9,1,yusuketsukuda
9456,16656679,"Sadiqa Bibi","2026-08-27 09:52:29",235.8,2,sadiqabibidata
9457,16689903,wangbohuan,"2026-08-08 09:35:12",235.3,2,wangbohuan
9458,16657440,Lz7_129,"2026-08-04 15:26:01",235.0,1,lz7129
9459,16817626,"Jaya Singh","2026-09-15 13:30:37",234.9,2,jayasingh12
9460,16885883,"Stepan Kobaidze","2026-09-16 18:12:28",234.9,2,stepankobaidze
9461,16864283,"Nguyễn Cường","2026-09-20 11:41:20",234.5,2,nguyncngo
9462,16687891,qklent,"2026-08-09 19:44:12",234.5,1,qklent
9463,16678355,"Tanuj Saxena","2026-08-07 10:10:24",234.2,2,tanujsaxena
9464,16656692,"kinza aftab 714","2026-08-04 05:43:51",234.1,2,kinzaaftab714
9465,16653941,"Sachin Kumar Kushwaha","2026-08-11 08:45:11",234.0,2,sachinkumarkushwaha
9466,16733204,"Sompalli Akhil Kumar","2026-08-18 10:14:08",234.0,2,sompalliakhilkumar
9467,16913778,"Ugwushi Chijioke","2026-09-17 12:30:36",233.9,2,ugwushichijioke
9468,16679467,"Ahmed Zedan","2026-08-18 00:28:27",233.9,2,ahmedzedan11
9469,16623823,"Julieta Rubis","2026-07-31 04:45:53",233.8,2,julietarubis
9470,16665719,"[Armenia] Narek Petrosyan1","2026-08-05 07:49:34",233.8,1,narekpetrosyan1
9471,16657378,doteeee,"2026-08-14 11:43:40",233.7,2,narendra
9472,16690494,StevenBeyen,"2026-08-13 07:55:32",233.7,2,beyensteven
9473,16658795,"Case Seller","2026-08-30 06:46:45",233.4,2,caseseller
9474,16670004,Zinc-Eater,"2026-08-19 22:50:41",233.3,2,zans7331
9475,16655813,minerppdy,"2026-08-04 06:06:58",233.2,1,minerppdy
9476,16707228,"Milind Bansal","2026-08-11 11:45:00",233.2,1,milindbansal18
9477,16751488,Klixel,"2026-08-21 03:35:28",233.0,1,klixel
9478,16739908,"Asfam Parvez Kawser","2026-09-10 09:42:54",232.9,2,asfamparvezkawser
9479,16750526,"Marcel Biezunski","2026-09-05 16:44:52",232.9,1,marcelbiezunski
9480,16701143,macneil,"2026-08-14 14:53:54",232.6,2,macneil
9481,16669523,Jackson55171,"2026-08-05 18:21:00",232.6,2,jackson55171
9482,16756743,"Ismail Alli Adekunle","2026-08-21 22:59:18",232.5,1,ismailalliadekunle
9483,16922345,"MESK WADHAH ABDULQADER ABDULQADER","2026-09-29 11:50:06",232.4,2,meskelemin
9484,16796678,ka,"2026-08-31 16:16:03",232.3,1,kandruszek
9485,16668654,"Zharkyn Makhanbet","2026-08-10 18:28:08",232.3,1,imadparadoxi
9486,16632145,kazuki_kazukazu,"2026-07-31 14:53:13",232.3,1,kazukikazukazu
9487,16949878,ZaitsevOleksandr,"2026-09-24 13:31:25",232.3,1,zaitsevoleksandr
9488,16637845,"Hadjmohamd Seif","2026-08-08 21:47:53",232.2,2,hadjmohamdseif
9489,16780411,K.Satwik,"2026-08-27 16:23:04",231.7,2,ksatwik3220
9490,16920587,"Agnieszka Jabłońska","2026-09-18 14:17:48",231.7,1,agnieszkajaboska
9491,16672767,"FasterYouChase FasterIRun","2026-08-09 13:15:12",231.6,2,icoguser
9492,16740800,"Shiva Sai","2026-08-19 03:54:27",231.6,1,shivasai846
9493,16667063,"Amiksha S","2026-08-09 15:16:49",231.4,1,amikshas
9494,16887893,"Sridhar C","2026-09-13 20:12:56",231.1,2,sridharchinnasamy
9495,16785175,SonOfNike,"2026-08-28 17:20:58",230.7,1,sonofnike
9496,16666553,DevChheda26,"2026-08-05 09:53:22",230.4,1,devchheda26
9497,16903922,"Lim Ba Su","2026-09-20 04:22:33",230.2,2,limbasu
9498,16708091,"Dipak Kumar Samanta","2026-08-11 15:17:04",230.1,1,dipak889
9499,16762081,VKAUL3,"2026-08-23 12:09:08",229.7,1,vkaul3
9500,16658761,!Aman212,"2026-08-04 12:10:28",229.7,2,aman9142424
9501,16805585,"Hrishikesh Dhuri","2026-09-28 05:44:45",229.5,2,hrishikeshdhuri19
9502,16731278,"hayim lusthaus","2026-09-25 20:20:52",229.5,2,haimlust
9503,16783872,"Soupau Lev","2026-09-01 09:50:33",229.5,1,olivierauffret
9504,16660450,"prashant prakash","2026-08-08 09:45:36",229.4,2,prashantprakash28
9505,16660321,syafanidwina,"2026-08-05 00:41:33",229.3,1,syafanidwina
9506,16936360,nicapotato,"2026-09-21 13:51:51",229.3,1,nicapotato
9507,16699790,Aryanpal07,"2026-08-16 12:28:53",229.1,1,aryanpal07
9508,16685128,"Rohan Hake","2026-08-10 12:48:36",228.8,2,rohanhake
9509,16689933,"Anjali Shah","2026-08-17 09:30:28",228.7,2,anjalishah0306
9510,16948546,MostatabiZahra,"2026-09-25 11:30:56",228.3,1,mostatabizahra
9511,16921430,"Vaibhav Nhayade","2026-09-20 06:49:01",228.2,1,nhayadevaibhav
9512,16654067,DataForge,"2026-08-05 10:19:25",228.0,2,"chanduchandini,goriparthiramatulasi,srilakshmipanitini,suryachakradhar"
9513,16790137,sinchir0,"2026-08-30 12:52:05",227.9,1,sinchir0
9514,16696266,"Pandarasamy Arjunan (Samy)","2026-08-09 14:16:03",227.9,1,samy101
9515,16666512,RexHuang936,"2026-08-07 08:51:41",227.8,2,rexhuang936
9516,16795353,BlurreA,"2026-08-31 06:42:30",227.8,1,blurrea
9517,16661231,"R Ajay Kumar12","2026-08-04 14:12:11",227.7,1,rajaykumar12
9518,16711673,losingself,"2026-08-12 09:07:45",227.2,1,level14taken
9519,16665264,Andyxie2050,"2026-09-25 00:58:20",227.0,2,andyxie2050
9520,16662105,PunnatatJAY,"2026-08-04 16:22:50",227.0,1,punnatatjay
9521,16719618,Javierrcs,"2026-08-14 13:16:05",226.9,1,javierrcs
9522,16695937,Ryckiii,"2026-08-09 13:03:24",226.8,1,ryckiii
9523,16689364,"Udbhav Purwar","2026-08-11 10:12:00",226.7,1,udbhavpurwar
9524,16716407,"Ibrahim Adamu Anka","2026-08-13 09:01:38",226.6,2,ibrahimadamuanka
9525,16712990,shreyaaaaa9,"2026-08-12 16:17:06",226.6,1,shreyaaaaa9
9526,16660508,GSanthiago,"2026-09-30 10:12:15",226.3,1,gsanthiago
9527,16892144,"Ruichen Yin","2026-09-17 16:10:38",225.9,2,superaier
9528,16785434,"[Deleted] 044034de-be4c-465c-ad6d-a40fcc0bf77c","2026-08-28 18:05:21",225.9,1,del=78dbd787081be305
9529,16666574,"hrishit prakash","2026-08-05 13:26:37",225.9,2,hrishitprakash
9530,16663066,"Mithun Kore","2026-08-29 19:18:28",225.9,1,mithunkore
9531,16760920,"Román Eliezer Pérez Ríos","2026-08-31 18:07:43",225.6,2,perezrios
9532,16889340,aryansaini1612,"2026-09-15 04:04:12",225.4,1,aryansaini1612
9533,16676003,franck,"2026-08-06 14:59:55",225.3,2,bakura
9534,16658383,"SIVA S","2026-09-30 06:40:14",225.1,2,codingmaster24
9535,16655762,"Idrisse Moundhir","2026-09-05 08:21:45",225.0,1,idrissemoundhir
9536,16768453,phicis8911,"2026-09-16 00:41:21",224.8,2,phicis8911
9537,16818924,"super penguin king","2026-09-03 12:35:44",224.7,1,superpenguinking
9538,16778813,ShotDownInMay,"2026-09-27 07:37:25",224.3,1,shotdowninmay
9539,16666027,CropBOTS,"2026-08-13 16:12:42",224.3,2,"anshultickoo,itsmepooja,manuakumar,sapnajain115"
9540,16662603,"Shem Gikunda","2026-08-06 17:24:48",224.2,1,shemgikunda
9541,16698987,"Shree Ashok L","2026-09-01 05:16:16",224.0,2,"praneelbaskar,rishivarathan,santhoshkumarp24,shreeashok72"
9542,16757098,"Tharun kumar Jaya kumar","2026-08-30 02:29:39",223.9,1,tharunkumarjayakumar
9543,16707519,"Pradnya Khanse","2026-08-11 12:52:07",223.8,1,pradnyakhanse
9544,16856961,"Victor Egbo","2026-09-10 08:38:48",223.7,2,victoregbo
9545,16680521,"Luis Enrique Dalmau","2026-09-30 21:09:37",223.4,2,luisenriquedalmau
9546,16708194,"Amulya Kypa","2026-09-26 17:46:28",223.3,2,"aakankshakota,amulyakypa,gvvinaykrishna"
9547,16758090,"JOYMIE TALICUAD","2026-08-22 10:07:40",223.3,1,joymietalicuad
9548,16635610,JeffFosterUK,"2026-08-01 17:16:52",223.2,2,jefffosteruk
9549,16735735,Rishabh@1304,"2026-09-12 10:08:51",222.7,2,rishabh1304
9550,16809006,Ilya,"2026-09-02 13:23:05",222.2,1,zhukov
9551,16632795,"vishwottam kudekar","2026-08-05 18:19:02",222.1,1,vishwottamkudekar
9552,16891082,"surya prakash Nayak2","2026-09-14 10:56:23",221.7,1,suryaprakashnayak2
9553,16659900,"Abu Bakr","2026-08-04 18:30:29",221.2,2,mohamed32010
9554,16691583,Caleb,"2026-08-09 14:32:52",221.0,2,collev
9555,16668506,"Louie Tang","2026-08-08 06:56:52",220.3,2,louietang
9556,16632881,"Brisa Marina","2026-08-07 16:13:15",220.1,1,brisamarina
9557,16867344,"shayan yadegaridehkordi","2026-09-12 17:05:44",220.1,1,shayanyadegari32
9558,16762459,GNR_network,"2026-08-23 13:59:19",220.0,1,gnrnetwork
9559,16658783,"Devesh Choudhury","2026-08-07 17:08:33",219.9,2,deveshchoudhury
9560,16708814,"James #2","2026-09-30 19:12:28",219.7,2,jamesripoll
9561,16675956,"Hassan Alghamoudi","2026-08-10 02:36:36",219.6,2,hassanabdulhafid
9562,16658311,zkskhurram,"2026-08-05 07:59:40",219.3,2,zkskhurram
9563,16654314,Mahamudul_Hassan_8012,"2026-08-03 18:33:07",218.9,2,mahamudulhassan8012
9564,16659572,"ABHILASH PRAHARAJ","2026-08-04 11:24:21",218.8,1,abhilashpraharaj
9565,16684891,SARTHAK,"2026-08-14 19:07:26",218.7,1,s4rth4k01
9566,16667365,"leul dereje","2026-08-08 06:54:54",218.7,2,leuldereje
9567,16658644,"Hitarth Pandey","2026-08-09 03:04:42",218.0,1,hitarthpandey
9568,16655786,leavts,"2026-08-04 02:35:50",217.8,1,leavts
9569,16644210,"حسنين ساجد","2026-08-07 22:08:44",217.3,2,kutghngf98687er
9570,16798369,"Olabode James","2026-09-01 20:40:53",217.2,1,olabodejames
9571,16725537,"Ayan Bashir Sheikh","2026-08-15 18:02:07",217.0,2,ayanbashirsheikh
9572,16656633,N25H03A1028,"2026-08-05 05:18:45",217.0,1,pardhusadhu
9573,16731838,"zhexun Liu","2026-09-20 01:03:46",216.7,2,zhexunliu
9574,16767173,AgriNexus,"2026-09-12 12:58:54",216.6,2,rashmirajput0102
9575,16845903,"Tsubasa Hizono","2026-09-07 05:47:46",216.6,2,tsubasahizono
9576,16621290,"Muhammad Ahsan","2026-07-30 17:35:00",216.3,2,ahsanneural
9577,16861601,aliksey,"2026-09-11 17:22:46",216.0,2,aliksey
9578,16778545,Mizunooo,"2026-09-10 10:16:12",216.0,2,mizunooo
9579,16698886,pied_piper,"2026-08-10 14:11:15",215.3,2,ahanhalder
9580,16623274,Mhmda81,"2026-08-03 00:10:04",215.2,2,mhmda81
9581,16656900,Hxrsh09,"2026-08-10 14:39:46",215.0,2,hxrsh09
9582,16782525,"Ashish Mittal","2026-08-28 05:27:46",214.8,2,ashish1502g
9583,16665701,ManuelWick-Eckl,"2026-08-27 16:01:18",214.8,2,manuelw
9584,16697712,"Daniel Hebenstreit","2026-09-06 11:53:20",214.2,2,danielhebenstreit
9585,16684908,"Nidal Saleh","2026-08-08 14:08:20",214.0,2,nidalsaleh
9586,16633342,farm75,"2026-08-03 14:03:14",213.8,2,sakthi75
9587,16745293,Harvey,"2026-08-22 04:20:10",212.9,2,celestia0113
9588,16698399,liuzhangzhen,"2026-08-10 09:49:23",212.9,1,liuzhangzhen
9589,16659910,"Shraddha Kumbhar","2026-08-07 09:55:58",212.6,2,raj113
9590,16744221,Dizzy1829,"2026-08-29 04:15:48",212.5,1,dizzy1829
9591,16841277,"Luis Garza Gonzalez","2026-09-08 05:07:26",212.5,2,luisgarzagonzalez
9592,16714263,Lmfm24,"2026-08-12 20:38:01",212.4,2,lmfm24
9593,16668024,"Igor Burkov","2026-08-07 04:35:37",212.3,2,igorburkov
9594,16645300,szyulian,"2026-08-04 04:42:36",211.9,1,szyulian
9595,16741650,"LEGBA Adia Kpèchehoue Pierre Alex ","2026-09-27 12:19:34",211.5,2,alex609b
9596,16773358,yogeshgoudapatil,"2026-08-27 14:59:13",211.4,2,yogeshgoudapatil
9597,16811774,"Eduardo Hoffmann","2026-09-23 22:33:16",211.3,1,hoffmanna
9598,16654482,SarahShams,"2026-08-14 16:36:06",210.9,2,sarahshams
9599,16663658,oriolgalceran,"2026-09-16 05:10:58",210.6,2,oriolgalceran
9600,16937822,"Ehab Ibrahim Khalil Mohamed","2026-09-21 17:58:38",210.2,1,ehabkhalil0
9601,16653319,"Md. Rasel Meya","2026-08-06 14:42:18",210.2,2,raselmeya
9602,16661810,AGNES33,"2026-08-16 19:09:18",210.0,2,agnes33
9603,16660291,"Abhijit Rajkumar","2026-08-04 13:27:44",209.9,2,abhijitrajkumar
9604,16639615,rickzai,"2026-09-01 05:37:21",209.7,2,rickzai
9605,16656196,"Vishwash Golakiya","2026-08-27 01:07:00",209.6,1,vishwashgolakiya
9606,16777986,小雨姑娘,"2026-08-27 21:51:19",208.7,2,skewcy
9607,16687337,"sravani kamjula","2026-08-07 19:38:39",208.6,2,sravanikamjula
9608,16682051,"Noorjahan Siddiqui","2026-08-10 09:33:35",208.4,2,noorjahansiddiqui
9609,16671342,"Danh Nguyen 1303","2026-08-09 14:47:52",208.1,1,danhnguyen1303
9610,16889852,"Abdikaliq osman","2026-09-16 00:48:05",207.8,2,abdikaliqosman
9611,16751141,DeadJed,"2026-08-26 11:10:40",207.7,2,deadjed
9612,16636540,"Burkova Nastia","2026-08-01 13:34:02",207.4,2,"burkovanastia,ellvalerie"
9613,16697020,"Hossam elden Mohamed","2026-08-15 01:13:51",207.1,2,hossameldenmohamed
9614,16639692,"Nirmal Patel","2026-08-06 03:05:27",206.9,2,nirmalpatel02
9615,16672284,"Dhruv | AI/ML Engineer in Progress","2026-08-07 06:55:13",206.9,1,dhruvdipakchudasama
9616,16658567,"Sharif Mohamed (1)","2026-08-04 13:16:47",206.8,1,sharifmohamed1
9617,16729884,"Chaimaa Matrag","2026-09-05 19:51:34",206.5,2,chaimaamatrag
9618,16675428,"Farhan Khairullah","2026-08-09 16:22:00",206.5,2,farhankhairullah06
9619,16668032,pat999,"2026-08-08 08:30:58",206.3,2,pat999
9620,16655292,"Ingrid Fellah","2026-08-04 06:31:35",205.8,2,ingvor
9621,16662048,"Deekshitha Prabhakar","2026-08-06 18:15:45",205.8,2,deekshithaprabhakar
9622,16655482,Apoorv007,"2026-08-04 01:55:41",205.8,1,apoorv007
9623,16655634,Anjali,"2026-09-30 00:45:39",205.6,1,anjalinmali
9624,16860921,jayjayfff,"2026-09-10 01:25:36",205.6,2,jayjayfff
9625,16623846,"masatoshi hiraki","2026-07-31 07:52:39",205.3,2,masatoshihiraki
9626,16660309,"Hazem Mahmoud Elsayd","2026-08-04 16:34:31",205.1,2,hazemmahmoudelsaid
9627,16668379,dccgps,"2026-08-08 05:44:36",205.0,1,dccgps
9628,16660930,"Chung Ching Yeh","2026-08-04 14:44:34",204.7,2,chungchingyeh
9629,16712395,"Zuohong Pan","2026-08-12 12:15:40",203.7,1,pshuaibi
9630,16866478,aktk,"2026-09-10 16:43:56",203.6,2,aniltk
9631,16723404,"Mahdi Al Hajji","2026-08-20 02:13:12",203.3,2,mhh1430hacker
9632,16624000,Leneen,"2026-08-31 16:02:47",203.2,1,leneen
9633,16906790,"Jean-Luc Hayes","2026-09-21 10:21:36",203.0,1,kingjuc
9634,16915627,"Yash Pratap Singh","2026-09-17 14:59:02",202.9,1,yashpratapsingh10
9635,16724325,Melancholian,"2026-08-15 06:43:12",202.7,1,kasaneru
9636,16890196,hello518123,"2026-09-14 08:51:52",202.6,1,hello518123
9637,16667550,"Oseni Sakariyau Oluwadamilare ","2026-08-23 10:05:56",202.1,2,sakabambam
9638,16711840,OverfitMilkCake,"2026-08-13 06:36:21",201.9,1,overfitmilkcake
9639,16898240,jimmy5566,"2026-09-15 17:41:24",201.6,1,jimmy5566
9640,16895191,"Oluwatobi Ojekanmi","2026-09-16 12:53:27",201.4,2,oluwatobiojekanmi
9641,16659703,"Ananya #2","2026-08-04 12:00:26",201.2,1,ananyax8
9642,16659283,"DILEEP POTHULA","2026-08-08 06:43:15",201.2,2,dileeppothula
9643,16716386,"Dev Marya","2026-08-13 09:26:18",201.1,1,devmarya
9644,16942073,nagissan,"2026-09-22 14:10:52",201.0,2,nagissan
9645,16732342,"Viktor Antonov","2026-08-18 10:22:32",200.9,1,viktorantonov
9646,16773557,"Rudra kalyan","2026-08-26 09:08:54",200.9,2,rk1144
9647,16669473,"William Bickelmann","2026-08-05 17:47:13",200.8,1,williambickelmann
9648,16681610,"team maccy","2026-08-07 20:27:06",200.5,1,robertgama
9649,16700832,Blitz,"2026-08-10 11:37:18",200.4,1,premshinde
9650,16750285,LeEmperor,"2026-08-22 04:36:18",200.2,2,leemperor
9651,16663333,"Iago Moura e Moreira","2026-08-04 20:05:06",200.1,1,iagomouraemoreira
9652,16928100,babakara,"2026-09-24 08:37:28",200.1,2,babakara
9653,16918569,"Ashee Softworks","2026-09-18 05:59:35",200.0,1,asheesoftworks
9654,16755517,"NEHA SHARMA","2026-09-29 16:07:45",200.0,2,nehash0123gmailcom
9655,16748882,gsv,"2026-08-20 16:13:45",199.6,1,ram1o1
9656,16654827,"ADITYA KUMAR MISHRA","2026-08-03 20:07:22",199.4,1,aditya1kumarmishra
9657,16668438,"Sahil Suman","2026-08-16 17:09:20",199.4,1,sahilmanavraunak
9658,16688190,"Win M","2026-08-08 00:28:18",199.3,1,winmet
9659,16663525,"Eric Hilary Smith","2026-09-22 16:36:18",199.2,2,erichilarysmith
9660,16759205,MartinaF95,"2026-09-22 12:55:32",199.2,1,martinaf95
9661,16656287,sandip_shaw123,"2026-08-05 10:02:07",198.2,1,sandipshaw123
9662,16889278,"Ari Kurniawan92","2026-09-14 08:32:53",197.7,1,arikurniawan92
9663,16859770,"Praful Tiwari1","2026-09-14 10:37:58",197.4,1,prafultiwari1
9664,16877079,"Saptak Banerjee","2026-09-11 19:09:58",197.2,1,saptakbanerjee123
9665,16769470,HaHHYbYY,"2026-08-26 07:52:33",197.1,1,hahhybyy
9666,16871895,"Sahil Raval","2026-09-15 10:57:48",197.1,1,sahilraval1311
9667,16696952,tronxz8,"2026-09-09 13:51:31",197.0,1,tronxz8
9668,16660749,"PavanK Saketh","2026-08-04 13:38:48",197.0,2,pavanksaketh
9669,16690286,imunderthetree,"2026-08-08 12:25:51",197.0,2,imunderthetree
9670,16623131,"Liam Carrig Newsam","2026-08-04 00:00:03",196.8,1,liamcarrignewsam
9671,16653906,swaroop41,"2026-08-04 05:53:29",196.6,2,swaroop41
9672,16663448,"Adel I.","2026-08-07 12:55:44",196.3,2,adelid
9673,16794720,"paola hernandez55","2026-08-31 04:19:31",196.1,1,paolahernandez55
9674,16701138,superpig,"2026-08-19 09:43:31",195.6,1,geniussuperpig
9675,16922154,"Olaoluwa Osho","2026-09-20 21:35:07",195.6,2,olaoluwaosho
9676,16687514,Dark_1926,"2026-08-07 20:30:33",195.6,1,dark1926
9677,16700992,Abhishek_1355,"2026-08-25 09:17:08",195.4,1,abhishek1355
9678,16692652,"Harsith R","2026-08-08 20:26:56",195.4,1,chiefofpredicitions
9679,16744545,"Aditya Kumar Singh 013","2026-08-19 18:45:42",195.2,1,adityakumarsingh013
9680,16841294,"Annu Rana1","2026-09-09 18:12:34",194.9,1,annurana1
9681,16706557,"Nurullah Gundogdu","2026-08-11 17:52:07",194.8,2,nurullahgundogdu
9682,16685568,Secertive,"2026-08-08 17:59:52",194.8,1,secretiveplotter1863
9683,16710929,"Pooja Divekar","2026-08-16 08:22:48",193.9,1,poojadivekar123
9684,16784360,"Suraj Kumar","2026-09-08 10:20:42",193.9,2,suraj99km
9685,16717555,"Mariem GLIOUEZ","2026-09-10 15:21:07",193.4,1,mariemgliouez
9686,16677786,"[Deleted] aec7dc1f-59cb-486f-998a-d2407e297536","2026-08-26 13:39:08",193.3,2,del=0fde9ba2630fee3c
9687,16669060,Twansss,"2026-08-15 04:37:59",193.2,2,twansss
9688,16666383,"Sindhi Vishal","2026-08-14 10:46:32",192.8,2,sindhivishal
9689,16632724,"Sayan Dutta","2026-08-04 07:47:42",192.4,1,sayan1507
9690,16915882,BandaruLakshmi1234,"2026-09-17 16:50:15",191.6,1,bandarulakshmi1234
9691,16826118,shishuyang11,"2026-09-04 06:50:04",191.4,1,shishuyang11
9692,16744461,"Adiratna Kamble","2026-08-21 22:05:13",190.7,1,adiratnakamble
9693,16661831,vinit,"2026-09-30 15:09:23",190.7,1,vinitkp
9694,16684237,Zen_0910,"2026-08-07 17:07:02",190.5,1,zendeptrai
9695,16664315,happy_boy_2007,"2026-08-12 09:04:40",190.2,1,happyboy2007
9696,16912044,"[Deleted] 0b2c3d58-9494-483e-ad4c-1465b66166ca","2026-09-17 08:46:46",189.9,2,del=2e39a6893da554dc
9697,16670747,"Aryan Kumar Chaudhary","2026-08-11 22:46:05",189.9,2,"aryankumarchaudhary,rakshitmundra"
9698,16762162,"Shota Hirao","2026-08-23 12:34:05",189.2,1,shotahirao
9699,16639465,"Gabriel Aguiar Leao","2026-08-02 00:23:49",189.0,1,"gabrielaguiarleao,marcositta"
9700,16936959,"Anthony Moorehead","2026-09-21 14:56:40",188.9,1,anthonymoorehead
9701,16663913,"Aanaa Kaliil","2026-08-05 15:15:31",188.1,2,aanaakaliil
9702,16661969,"Raja T","2026-09-30 14:06:44",187.8,2,rajathiagaraj
9703,16831130,"Khushar Pal","2026-09-06 15:21:15",187.7,2,khusharpal
9704,16676992,NIDHIHEER01,"2026-08-16 17:09:00",187.5,1,nidhiheer01
9705,16881244,"Atharva Govind Salunke","2026-09-18 17:50:01",187.3,2,atharvagovindsalunke
9706,16717586,wangjialu2333,"2026-08-15 09:29:36",187.3,1,wangjialu2333
9707,16749225,"Hisyam Prasetyo","2026-08-27 11:26:07",187.3,2,hisyamprasetyo
9708,16657525,"Alae Lakhdar","2026-08-05 08:10:49",186.9,1,alaelakhdar
9709,16727681,JanV123,"2026-09-06 05:37:07",186.3,2,janv123
9710,16662108,nhkien,"2026-08-05 06:52:18",185.5,2,nhkien
9711,16743329,"Daniel Obioma emenike","2026-09-11 12:32:22",185.5,2,danielobiomaemenike
9712,16657628,Hamo,"2026-08-07 12:00:21",185.0,2,mohamed2223
9713,16769114,angayoung,"2026-08-25 07:22:00",184.9,1,joaga0603
9714,16656771,"thushara bandara","2026-08-07 04:13:43",184.7,2,dushyanthibandara
9715,16661494,"Arulmaniyan Rajavel","2026-08-22 13:46:58",183.7,2,arulmaniyanrajavel
9716,16709957,"Lei Gao","2026-08-12 04:03:42",183.3,1,leigao31
9717,16948144,"Muhammad Ali Amir","2026-09-23 15:36:25",183.2,1,malialice
9718,16665463,Seendon,"2026-08-06 19:19:25",183.0,2,informationminer
9719,16662353,"LAYAL ALNASHMI","2026-09-12 11:37:55",182.9,2,waitups
9720,16858512,lkjmo123,"2026-09-09 06:45:18",182.8,1,lkjmo123
9721,16798447,"Sage Harley","2026-09-29 05:41:32",182.6,2,sageharley
9722,16741239,"fjf 1asd","2026-08-19 08:46:31",182.6,1,fjf1asd
9723,16838890,"Yisher Xia","2026-09-05 16:09:13",182.2,1,yisherxia
9724,16640914,inconnu,"2026-09-17 12:01:07",182.0,2,kajarnaklokossou
9725,16760392,Владимир,"2026-08-23 00:19:23",181.0,1,vgkuvshinov
9726,16702060,Mcusac,"2026-08-13 19:42:54",180.6,1,mcusac
9727,16652159,Boson328,"2026-08-04 10:06:13",180.5,1,boson328
9728,16737641,"PATIL ATHARV VIJAYKUMAR","2026-09-29 17:50:26",180.4,2,"atharv095022,patilsarthakvilas,sonuretusharsuresh"
9729,16811685,benhur0905,"2026-09-25 23:59:07",180.4,2,benhur0905
9730,16889817,"Om Patelxyz","2026-09-14 07:04:40",179.8,2,ompatelxyz
9731,16679713,"John william Vicente 🇧🇷","2026-08-07 00:38:57",179.6,1,chrollo079
9732,16736759,"Lavesh Kadam","2026-08-18 10:55:05",179.5,1,laveshk314
9733,16661252,"Andrzej Walczak","2026-08-05 09:46:19",179.5,2,andrzej1983
9734,16697628,"Yash Sharma","2026-08-17 15:33:32",179.4,2,yashsharma42
9735,16666414,salyamq,"2026-08-05 16:41:38",178.4,1,salyamq
9736,16863892,brunoarpa,"2026-09-10 02:43:09",178.4,1,brunoarpa
9737,16674093,"Hoàng Trần Đặng Minh","2026-08-06 08:54:38",178.4,1,hongtrnngminh
9738,16644360,Mathous,"2026-08-02 20:28:00",177.8,1,mathisdac
9739,16651507,jappanini,"2026-08-03 09:14:04",177.7,1,jappanini
9740,16682689,HenryRichardson1,"2026-08-07 10:00:12",177.5,1,henryrichardson1
9741,16663438,"Varun Prajapati","2026-08-08 21:54:54",177.3,2,"krunalasari,varun2206"
9742,16907555,"Pandidurai E","2026-09-17 16:08:13",176.4,2,pandiduraie
9743,16915181,snesne123,"2026-09-25 07:14:21",176.3,1,snesne123
9744,16633003,"K Mukhiya ","2026-08-01 12:09:51",176.0,2,kmukhiya
9745,16653462,"Ruchi Scott","2026-08-12 12:19:19",174.9,2,ruchiscott
9746,16904644,"HARSHVARDHAN CHANDRAKANT PATIL","2026-09-30 15:42:26",174.7,2,harshpatil2403215
9747,16823341,"Agnieszka Sobala","2026-09-03 20:15:55",174.6,1,agnieszkasobala
9748,16663910,"Shivram Nekkanti","2026-08-07 14:38:04",174.1,1,shivramnekkanti
9749,16679470,"GamaL Mahmoud","2026-08-08 13:33:52",173.1,2,gamalmahmoudtaha
9750,16734896,pattikamo,"2026-08-27 10:52:28",173.0,2,pattikamo
9751,16661689,"David Rao","2026-08-04 18:27:01",172.2,1,davidrao63
9752,16654244,"Saad Nanawala","2026-08-03 18:17:33",172.2,1,saadnanawala
9753,16891711,"Michael Odoemelam1","2026-09-21 21:38:22",171.7,1,michaelodoemelam1
9754,16728249,"Ahmet Kiraz","2026-08-17 07:23:30",171.4,1,ahmetqiraz
9755,16677328,"Eng. Husnain","2026-08-08 13:13:23",170.9,2,enghusnain
9756,16887039,"Angella Semu","2026-09-21 15:26:56",170.5,2,angellasemu
9757,16773333,"Abdullah javed Javed","2026-09-05 03:13:57",170.5,2,abdullahjavedjaved
9758,16855448,MaryKEREN,"2026-09-25 16:00:05",170.2,1,marykeren
9759,16667238,"Srija ganguluri","2026-08-07 10:14:48",169.8,1,srijaganguluri
9760,16660146,4Solver,"2026-08-08 02:06:19",169.6,2,msfbiolinhares
9761,16791131,"Maria Carolina BRAY","2026-09-30 15:04:58",169.5,2,mariacarolinabray
9762,16875898,"Sai Krishna Pakkir","2026-09-11 17:30:49",169.3,2,saikrishnapakkir
9763,16656954,"Marwan Elmetwally","2026-08-04 05:56:29",168.1,2,marwanelmetwally
9764,16768568,Nour102006,"2026-08-27 04:46:00",167.7,2,nour102006
9765,16869551,"Adrien ple","2026-09-11 12:48:34",167.5,2,adrienple
9766,16752481,"Thanh Toan","2026-08-21 08:33:13",167.3,2,tonnglthnh
9767,16654256,"KONGARA PRASANTH","2026-08-04 03:40:27",167.1,2,prasanth2008
9768,16625043,"Ivan Litvak","2026-09-16 16:36:06",166.4,2,trydotatwo
9769,16668048,"Gazi Sayem Uddin Samir","2026-08-05 14:29:51",166.4,2,gazisayemuddinsamir
9770,16756887,"Rushika S","2026-09-13 12:26:14",166.1,1,rushikas
9771,16851731,"Amar 5454","2026-09-14 10:28:42",166.0,2,amar5454
9772,16701106,moshito,"2026-08-10 14:13:58",165.4,2,"danamaulana123,moshito,naufaldhiaulhaq01"
9773,16641277,Zenieverse,"2026-08-30 05:09:04",165.3,2,zenieverse
9774,16690195,"Manshi Shukla","2026-08-08 10:12:24",164.9,2,manshishukla
9775,16633133,Holeneckles,"2026-09-30 20:38:23",164.8,2,holeneckles
9776,16657322,"Ashwani Mahajan","2026-09-26 04:50:35",164.4,1,ashwanimahajan
9777,16657578,raushancoursework,"2026-08-05 06:54:51",164.3,1,raushancoursework
9778,16662933,"Marcelo Pereira","2026-08-19 01:14:40",163.6,2,marcekkusrp
9779,16945119,Logicolist,"2026-09-23 13:03:16",163.6,1,logicolist
9780,16724995,dice1494,"2026-08-16 08:51:34",163.6,1,dice1494
9781,16660285,"Sawan Kohli","2026-08-06 13:11:44",163.5,2,sawankohli
9782,16807010,cjsrudals,"2026-09-13 08:33:47",163.3,2,cjsrudals
9783,16685093,"Huzaifa Inam","2026-08-07 13:47:15",162.9,2,huzaifainam
9784,16752120,"Görkem Tuğ","2026-08-24 10:45:35",162.7,2,grkemtu
9785,16780986,Azizbek,"2026-09-01 14:26:45",162.4,2,miracle88
9786,16666037,"Matheus Marques","2026-08-06 06:03:28",162.3,2,mathmarquesbr
9787,16656164,"Justin Schomer","2026-08-09 09:05:59",162.3,2,fathersecurity
9788,16795043,"SONU RAUT","2026-09-05 11:51:59",161.8,2,sonuraut
9789,16658635,"Deepak Kumar ","2026-08-05 02:38:29",161.3,2,deepak2026ml
9790,16630041,"Devi prashad tripathi","2026-08-03 17:56:58",160.8,1,deviprashadtripathi
9791,16658189,"Zale John","2026-08-26 00:48:24",160.8,2,zalejohn
9792,16913975,"Tom Dooley","2026-09-17 11:48:20",159.9,2,tomdooley123
9793,16680858,"Harshul Gupta","2026-08-21 04:40:05",159.9,2,harshulgupta77
9794,16664586,"Owen Lim","2026-08-05 05:42:25",159.8,2,owenlim45
9795,16669142,"Jaclyn Agee","2026-08-07 15:21:06",159.4,2,jaclynagee
9796,16700771,"Disuru Coba Ama Jaki","2026-09-20 16:44:11",159.4,2,reiiihel
9797,16693318,meow3301,"2026-08-09 02:33:34",159.3,2,meow3301
9798,16793392,"reda elkrouchni","2026-09-02 16:16:05",159.2,2,redaelkrouchni2
9799,16658440,"Gloria Lourelynn S","2026-08-04 15:16:09",159.2,1,glorialourelynn
9800,16690433,"Amar Amar Gupta","2026-08-15 10:08:37",159.2,2,amaramargupta
9801,16680419,"Tech Changer","2026-08-17 12:31:58",159.0,1,johnbibin
9802,16654124,"Aditya Kumar Singh","2026-08-05 09:57:29",158.7,2,adityq121608
9803,16785085,"THEEPAN S.S","2026-08-28 16:35:39",158.3,2,theepanss
9804,16807557,coolz,"2026-09-09 06:35:51",158.2,2,cooolz
9805,16725990,"Parth Tomar","2026-08-24 12:35:45",158.2,2,parthtomar193
9806,16690188,Anurag,"2026-08-08 10:20:42",158.2,2,kumaranu2007
9807,16843225,"Tobenna Okeke","2026-09-06 12:09:22",158.0,2,tobezzi
9808,16662557,"Naman Sudershan","2026-08-05 13:21:08",157.7,2,namansudershan
9809,16864193,"[Deleted] b3063c6b-024a-4ece-902e-6edde232fe9f","2026-09-10 06:27:50",157.3,2,del=d26e59586a26ce18
9810,16697466,"hunain shahid","2026-08-11 06:12:38",157.3,2,hunainshahid230
9811,16662630,"M.mohamed Muhasir","2026-08-05 18:25:39",157.0,2,mmohamedmuhasir
9812,16660978,"Maksym Khavil","2026-08-04 13:43:48",156.8,1,maksymkhavil
9813,16657306,"Krunal Chavda","2026-08-07 21:38:11",156.7,2,krunalchavda21
9814,16712568,"Tanvi Dobariya","2026-08-14 17:39:52",156.4,1,tanvidobariya
9815,16681056,"Aryan Jhingan","2026-08-11 18:53:48",156.0,2,aryanjhingan
9816,16658033,"sanjay Ghalagi","2026-08-27 15:29:34",155.7,2,sanjayghalagi
9817,16658693,leehuilong,"2026-08-06 12:49:22",155.4,2,leehuilong
9818,16692568,"Muhammed Gulfam Toor","2026-08-13 19:04:32",155.3,2,gultoor
9819,16671617,"Bennett Lien","2026-09-30 05:27:14",155.1,2,"bennettlien,liamspaulding"
9820,16658522,"Amna khanii23","2026-08-07 05:15:47",154.4,2,amnakhanii23
9821,16750391,"Batuhan Yerebasmaz","2026-08-20 18:34:21",154.2,2,batuhanyerebasmaz
9822,16943568,"Syed Measum Fakhir Ali","2026-09-30 08:26:42",154.0,2,syedmeasumfakhirali
9823,16827437,kaedehs33-max,"2026-09-08 03:06:50",153.9,1,kaedehs33max
9824,16730380,"FOKRUL ISLAM LECTURER","2026-08-19 01:56:28",153.8,2,fokrulislamlecturer
9825,16632418,"Bretokce 3amich","2026-08-07 12:18:26",153.7,2,bretokce3amich
9826,16657344,"Ombayo fredrick","2026-08-04 14:04:04",153.5,2,ombayofredrick
9827,16625029,Hilarus,"2026-08-01 15:59:02",153.0,2,hilagbag
9828,16662269,"KAMLESH KUMAR POKHARNA","2026-08-06 17:25:51",152.9,2,kamleshkumarpokharna
9829,16662803,"Ashish Gawade","2026-08-04 19:11:19",152.7,2,ashishgawade
9830,16658401,"Aryan Lonare","2026-08-04 09:55:47",152.6,2,aryandyalullonare
9831,16662099,"The Algorithmist","2026-08-04 23:41:59",152.5,2,riyagheewala
9832,16655573,"Probablyaphilosopher ","2026-08-16 00:01:40",152.5,2,probablyaphilosopher
9833,16681895,Akshar,"2026-08-07 06:16:19",152.4,2,aks0625
9834,16715354,"Alyssa Clark","2026-08-14 02:52:26",152.0,2,a1yssaclark
9835,16668018,"DAVID CHEW HL","2026-08-06 06:36:34",152.0,2,davidchewhl
9836,16688288,"Ojo Oluwadamilare","2026-08-08 01:43:30",151.9,2,ojooluwadamilare
9837,16891769,Kurapapa,"2026-09-29 12:07:57",151.7,1,kurapapa52
9838,16793648,Sarda___,"2026-08-30 16:51:21",151.7,2,brainnotfound3
9839,16705360,Elahi,"2026-08-18 05:49:00",151.5,2,mmelahi
9840,16665223,"Sawon Mitra","2026-09-06 17:13:28",151.1,2,sawonmitra
9841,16802035,"sanchit atre","2026-09-01 09:31:07",151.0,2,sanchitatre
9842,16683903,Saju,"2026-08-17 11:31:45",150.8,1,sajutr
9843,16849230,"Md. Mahim Babu","2026-09-18 11:27:55",150.8,2,mdmahimbabu
9844,16714589,xinsu9898,"2026-08-16 22:26:49",150.6,1,xinsu9898
9845,16635248,eosphor,"2026-08-01 09:46:59",150.5,2,eosphor
9846,16893966,"Nguyễn Thái Duy","2026-09-15 08:12:14",150.5,1,nguyenthaiduytgu
9847,16671827,"Shourya Gupta","2026-09-25 16:16:36",150.4,2,siriuspotter
9848,16674774,"Dine ALASSANE","2026-08-07 05:53:28",150.2,2,dinealassane
9849,16722089,"Saidjon Ramazonov","2026-08-16 05:51:50",150.2,2,saidjonramazonov
9850,16712562,"Sagar Singh","2026-08-17 09:28:26",150.1,2,acrejzz
9851,16698307,AnasAl7,"2026-08-10 13:08:08",150.1,2,anasal7
9852,16757671,xxxxc47,"2026-08-22 08:25:52",150.0,1,xxxxc47
9853,16674390,yangluo1,"2026-08-08 01:31:08",149.7,2,yangluo1
9854,16672322,"khalil ur Rehman","2026-08-13 05:10:03",149.6,2,khalilurehman
9855,16723289,"Caio Saboia","2026-08-28 18:24:29",149.5,1,caiosaboia
9856,16792786,"Fusion Flux","2026-09-20 13:49:10",149.4,2,mithilleshkumar
9857,16743630,TRP,"2026-09-01 17:06:48",149.3,2,tejratanpaulrocky
9858,16706134,NK11FC,"2026-08-25 11:30:00",149.1,2,nk11fc
9859,16697339,"Muhammad Safwan Ahmad Saffi","2026-08-15 00:28:21",149.0,2,safwanahmadsaffi
9860,16686902,"Aaditya Jain","2026-09-14 06:22:21",149.0,2,aadityajain2312
9861,16670777,"Aman Yitbark","2026-08-13 05:43:27",148.9,1,amanyitbark
9862,16664875,SaiSujitPunukollu,"2026-08-05 05:46:11",148.8,1,saisujitpunukollu
9863,16658969,"Yuri Maslov","2026-08-04 10:11:45",148.8,1,yurimaslov
9864,16659036,"Mohammed Kaif","2026-08-04 10:41:22",148.5,2,mkaif001
9865,16624973,"Mrunmayee Kulkarni","2026-07-31 06:16:46",148.4,1,kulmrun
9866,16633551,"Subarno Sen","2026-08-25 04:42:35",148.3,2,lordfiftyfive
9867,16713002,"Adithya M","2026-08-13 15:42:17",148.1,2,adithya3907
9868,16662662,"Joaquim Jose1","2026-08-04 17:57:03",148.1,1,joaquimjose1
9869,16814946,"Bekama Regasa Negewo","2026-09-03 07:30:36",147.9,1,bekamaregasanegewo
9870,16654363,"NIKHIL YADAV","2026-08-17 21:20:32",147.9,2,nikhilyadav232223
9871,16630725,"vaibhav vyas","2026-08-06 10:56:52",147.8,2,vaibhavvyas0
9872,16661500,"yagnit sutariya","2026-08-04 15:34:39",147.8,1,yagnitsutariya
9873,16934489,Anushahs2026,"2026-09-21 08:28:06",147.5,2,anushahs2026
9874,16666018,"H vv sathwik","2026-09-24 09:27:00",147.5,2,hvvsathwik
9875,16881320,allen17179869184,"2026-09-19 13:17:49",147.5,2,allen17179869184
9876,16634761,"CHARHBILI Moad","2026-08-07 13:44:23",147.2,1,charhbilimoad
9877,16656210,"Sanjay Suthraye","2026-08-04 14:55:13",147.1,2,sanjaysuthraye96
9878,16656278,"Bhuvaneshwari Rebba","2026-08-04 09:20:36",147.1,1,bhuvaneshwarirebba
9879,16756264,query_stop,"2026-08-27 00:24:14",147.0,2,jaared
9880,16661447,"Sibel Özbek","2026-08-04 20:50:27",146.8,1,sibelzbek
9881,16713329,qrcodeTH,"2026-08-13 08:22:40",146.6,2,thanaphumsaywonin
9882,16886819,"Rebecca Shirievo","2026-09-16 17:29:07",146.6,2,rebeccashirievo
9883,16718139,"shah jatin","2026-09-27 12:21:21",146.6,2,shahjatin
9884,16858886,twispur,"2026-09-09 07:38:09",146.5,1,twispur
9885,16729148,"Marco M","2026-08-16 22:51:36",146.4,1,marcoms1000
9886,16883962,"Ilakk manoharan","2026-09-30 20:42:13",146.4,2,ilakkmanoharan
9887,16797105,"Rahul vats","2026-09-25 02:06:31",146.3,2,rahulvats20
9888,16657227,"Anusha Marla","2026-08-04 07:05:53",146.2,2,anushamarla
9889,16677403,bababoy,"2026-08-15 14:55:17",146.1,2,adrienrenard
9890,16686834,Kaabbil,"2026-08-09 16:14:49",146.1,2,"dr3aking,kaabbil"
9891,16861721,"SJ Gamsyy","2026-09-11 09:40:23",146.0,2,sjgamsyy
9892,16756875,"Meryem Kevser Keskin","2026-09-01 21:30:35",145.9,2,meryemkevserkeskin
9893,16717600,"Collistus Kibe","2026-08-21 22:13:38",145.7,2,collistuskibe
9894,16697143,"Jeisa Mathew","2026-09-06 13:04:00",145.4,2,jeisamathew
9895,16756868,"Anisha Maurya","2026-09-05 19:29:41",145.3,2,anishamaurya
9896,16667968,ChronosData,"2026-08-18 14:25:43",145.3,2,codex5843
9897,16690199,"Lavkush Yadav","2026-08-08 10:20:55",145.1,1,lavkushyadavcse
9898,16632111,"Arda Çiftçi","2026-08-04 20:03:37",145.0,2,ardaciftci
9899,16721941,"Rita Ohabuenyi","2026-08-14 12:57:37",145.0,2,ritaohabuenyi
9900,16683577,"Ankush Kumar M","2026-08-07 13:19:05",144.9,2,ankushkumarm
9901,16629426,"Abdullah Qureshi","2026-07-31 10:00:44",144.8,2,abdullahqureshi120
9902,16640468,"Sohangkumar Patel","2026-08-26 15:00:44",144.8,2,samsamurai
9903,16658362,MHaurel,"2026-08-09 15:32:45",144.4,1,hetax17
9904,16669311,Schoki,"2026-08-17 22:26:49",144.1,2,jensdnisch
9905,16775493,"JOE DEVA JERRY D ","2026-08-26 15:41:55",144.0,1,joedevajerryd
9906,16754111,"Kalpana Patki","2026-08-22 16:05:10",144.0,1,kalpanapatki
9907,16904721,"Creeper Thánh","2026-09-16 06:35:52",144.0,1,creeperthnh
9908,16667886,"Ubaid ur rehman 0345","2026-08-05 15:23:12",143.9,2,ubaidurrehman0345
9909,16691502,"DILANE FOGUE KAMGA","2026-08-08 15:20:05",143.6,1,dilanekamga
9910,16729010,"karan sankhe","2026-08-16 15:15:45",143.6,2,karansankhe1356
9911,16658577,farmercode261,"2026-09-12 03:26:38",143.5,2,hifnikhakim
9912,16664458,"Prantik Chandra","2026-08-05 05:47:10",143.3,1,prantikchandra
9913,16629441,Sofia_Gilka,"2026-09-18 14:41:35",143.1,2,sofiagilka
9914,16654384,"Alladi Sai Kalyan Raman 24BCE1509","2026-08-30 09:33:11",142.8,2,alladisaikalyanraman
9915,16668495,Herisitraka,"2026-08-05 17:16:28",142.8,2,herisitraka
9916,16662859,"Mohamed Zahran","2026-08-05 04:41:56",142.7,1,zrnking2012
9917,16802348,Shergill_17,"2026-09-01 11:17:15",142.7,2,shergill17
9918,16738778,"DILIP BAVISKAR","2026-09-13 09:12:49",142.6,2,dilipbdilipb
9919,16740144,Salmon,"2026-08-21 12:55:13",142.6,2,shin3110
9920,16623563,"Jocelyn Dumlao","2026-09-01 02:35:54",142.2,2,jocelyndumlao
9921,16789570,wyananwyanan,"2026-09-16 03:05:19",142.1,2,wyananwyanan
9922,16670662,"Gina Lee","2026-08-11 22:45:21",142.0,2,ginaleegdm
9923,16663334,"sameer mughal","2026-08-29 20:12:57",141.9,2,sameermughal109
9924,16832928,"Ilgar Gurbanov","2026-09-10 12:41:23",141.6,2,ilgargurbanov57
9925,16657462,"CROP CODERS","2026-08-10 18:00:28",141.4,2,"dhanvanthraj,raghavan9944,shanmugam666,sitha2345,sumaiyahibrahim"
9926,16670462,"Talha Kayar","2026-08-15 15:24:03",141.4,2,talhakayar
9927,16677081,"Brandon Gaston","2026-08-12 23:49:58",141.3,1,mushmon
9928,16739102,"Mithulya Kumarapeli","2026-08-30 03:53:39",141.2,1,sandalim
9929,16784932,"Shefali Pradhan","2026-08-29 10:03:30",141.0,2,shefalipradhan
9930,16785398,"Vitória Freitas","2026-08-28 20:07:12",141.0,1,vitoriafreitas13
9931,16707062,"G DOLANARASIMHA","2026-08-11 12:18:02",140.8,2,gdolanarasimha
9932,16841612,"Jordan #2","2026-09-10 16:51:25",140.7,2,jordantay
9933,16657892,"Boonanan namna","2026-08-17 04:36:04",140.3,1,boonanannamna
9934,16775483,"Parv Malav","2026-08-26 16:20:27",140.3,2,parvmalav
9935,16632458,"RAMAN BANSAL","2026-08-24 04:35:56",140.1,1,ramanbansal
9936,16690112,"Ayush Tripathi","2026-08-17 09:03:03",139.8,2,ayushtripathi112
9937,16770924,rohit,"2026-09-12 05:08:35",138.7,2,rohitsrinivasan31
9938,16688165,"David @ Koantek","2026-08-25 23:53:17",138.1,2,artificialbrilliance
9939,16945034,divinesouljoy,"2026-09-23 04:59:46",138.0,1,divinesouljoy
9940,16713896,"Quantum Fusion","2026-08-14 12:12:34",137.7,1,gugurobotics
9941,16718605,"صفاء عبد الرقيب","2026-09-06 19:27:10",137.5,2,bssgirl
9942,16676026,"Bedashree Swarupa Das","2026-08-06 14:14:21",137.5,1,ashokkumardasbedashr
9943,16671985,"vishal waghchaure","2026-08-07 09:25:36",137.1,2,vishalwaghchaure
9944,16667231,bettsy,"2026-08-05 12:12:35",137.1,2,bettsy
9945,16709910,Spinort,"2026-09-30 18:11:02",137.0,2,spinort
9946,16701997,zran1t,"2026-08-15 14:10:18",136.8,2,zran1t
9947,16654490,"Furious Monk","2026-09-28 18:06:08",136.8,2,furiousmonk
9948,16784431,"Régis Meyssonnier","2026-08-28 14:47:27",136.7,1,rgismeyssonnier
9949,16663265,"Darlington Ayakazi","2026-08-04 20:26:08",136.7,1,darlingtonayakazi
9950,16689389,Chukunder,"2026-09-24 12:38:14",136.6,2,"farbricated,sarikajivrajika"
9951,16854169,"[Deleted] fe7af88d-d80f-4441-a8c5-3cca6b980e41","2026-09-09 12:41:02",136.5,2,del=0749851e202390c3
9952,16777666,Lithops1112,"2026-09-05 08:20:21",136.3,2,lithops1112
9953,16756344,"Pasindu Perera","2026-08-21 19:21:11",135.8,1,amavinperera
9954,16659929,"MAMADOU LY (LY BOUSSO 45)","2026-08-13 11:43:25",134.9,2,mamadoulylybousso45
9955,16666706,baijiachang,"2026-08-05 11:04:21",134.7,1,baijiachang
9956,16671232,"sms tcil","2026-08-07 13:03:30",133.6,1,smstcil
9957,16659271,Hamish,"2026-08-12 12:48:51",133.4,2,hamishdickson
9958,16794281,"adilio freitas","2026-08-30 22:25:36",133.4,1,adiliofreitas
9959,16659062,"MOHAMMAD SUBHAN PASHA","2026-08-17 07:14:09",133.1,1,mohammadsubhanpasha
9960,16748453,LINJINYAN,"2026-09-06 14:25:23",132.6,2,linjinyan
9961,16737040,"Joseph Djian","2026-09-09 10:30:17",132.4,2,djian55
9962,16715896,新木,"2026-08-18 05:25:46",132.0,1,sunchief
9963,16851038,"Ivan Danut","2026-09-30 20:34:15",131.7,2,ivandanut
9964,16902494,FoodieJam,"2026-09-21 01:38:58",131.3,2,foodiejam
9965,16697716,ZEO,"2026-08-09 19:43:41",130.1,1,anuppatil29
9966,16924138,Shash,"2026-09-30 18:21:30",130.0,2,shashcoder
9967,16636855,"Wynn Koo","2026-08-01 14:03:04",128.9,1,yongfenggg
9968,16662083,ihabkaggle,"2026-08-07 00:42:33",128.6,2,ihabkaggle
9969,16662230,"Angus Mc Gregor","2026-08-13 21:25:46",128.6,2,angusmcgregor
9970,16662334,"Andres Beltran","2026-08-04 22:58:11",127.2,2,andresbeltran05
9971,16654556,anjipoo,"2026-08-05 15:33:04",126.7,2,anjana0812
9972,16731986,Vugar3,"2026-08-17 10:51:29",125.9,2,vuqarxudvrdyev001342
9973,16810308,Congy,"2026-09-30 14:04:32",125.8,2,congyingma
9974,16799001,"Trịnh Quang Minh","2026-09-01 05:16:32",125.0,1,trnhquangminh140
9975,16924962,XavierB5,"2026-09-19 10:26:33",124.8,1,xavierb5
9976,16930374,扣扣农场,"2026-09-30 16:55:00",124.8,2,tsjzkzyzz
9977,16882682,"BALQEES GHWANMEH","2026-09-18 20:24:43",123.4,2,balqeesghwanmeh
9978,16705490,"KASTHURI DEVI M","2026-08-13 10:42:42",122.5,2,kasthuridevim
9979,16660342,"Adapa Gopireddy","2026-08-04 12:49:43",122.2,1,adapagopireddy
9980,16771841,"Panagiotis Alimisis","2026-09-14 19:04:58",121.8,2,palimisis6
9981,16794292,"Taylor Clark","2026-09-29 05:10:48",121.6,2,taylorclark637
9982,16640323,"KOUSHIK KUMAR DINDA","2026-08-29 01:55:31",120.9,2,koushikkumardinda
9983,16662142,"Adnan Khan","2026-08-30 06:22:52",120.2,2,iamadnankhan313
9984,16690499,SuperAI@2615,"2026-08-11 16:42:48",119.7,2,superai2615
9985,16631135,"Fernando Liazar Luemba Salvador","2026-09-28 04:49:06",119.5,2,fernandollsalvador
9986,16656235,"Zain Ul Abideen Samo","2026-08-06 15:22:02",119.2,2,zainulabideensamo
9987,16707146,kaganou,"2026-08-11 13:19:53",119.0,1,kaganou
9988,16777407,"Fahrur Rozzi","2026-08-26 23:01:52",117.0,1,frozzi18
9989,16719809,"Milanto FR","2026-08-14 05:37:48",115.5,2,milantofr
9990,16840189,"Sneha yadav","2026-09-30 11:19:55",115.4,2,sneha463
9991,16769419,dylanaki,"2026-09-23 14:48:32",115.3,2,dylanaki
9992,16904992,abdulkader1,"2026-09-27 06:44:06",114.5,2,abdulkader1
9993,16755329,SBedrosian123@,"2026-08-21 15:07:41",114.2,1,sbedrosian123
9994,16653934,"Ayomide Abdulrahmon","2026-08-03 19:22:32",113.9,2,ayomideabdulrahmon
9995,16661160,"Roobhasridevi P","2026-08-04 14:31:22",113.7,1,roobhasridevi
9996,16621770,"Rudraksh Zodage","2026-07-30 20:07:49",113.7,2,rudrakshzodage
9997,16913466,abc1zzz,"2026-09-26 13:58:53",113.2,2,abc1zzz
9998,16919907,"Álvaro Martínez González","2026-09-23 13:59:06",112.7,2,lvaromartnezgonzlez
9999,16712406,"L Sangeetha","2026-08-18 01:56:24",111.9,2,lsangeetha
10000,16868591,"Lucas A. Rizzieri","2026-09-11 00:22:41",111.6,2,lucasarizzieri
10001,16659097,noril09,"2026-08-04 11:56:35",109.9,2,noril09
10002,16723091,"Naiely Silva","2026-08-28 00:53:34",109.7,1,naielysilva
10003,16674328,daniel,"2026-08-06 09:34:23",109.2,1,dkamgamegasoft
10004,16658695,"Muskan Zahid","2026-08-04 14:14:02",109.2,2,artificial52
10005,16659871,"Abel Kpoton","2026-08-04 20:41:20",109.2,2,abelkpoton
10006,16662809,"Chukwu Excellent","2026-08-08 22:06:34",108.8,2,chukwuexcellent
10007,16772354,"Gleidistony Mendes","2026-09-18 12:01:25",108.4,2,gleidistonymendes
10008,16848578,"Tuấn Anh","2026-09-09 04:28:16",108.4,2,tuananhdata
10009,16633511,"joshan gladston","2026-08-01 01:19:57",108.2,2,joshangladston
10010,16656643,"Willetta Dettore","2026-08-05 15:33:52",107.9,2,willettadettore
10011,16713435,"Visruti Patidar","2026-08-16 11:18:23",107.8,2,visrutipatidar
10012,16679979,Pranav6657,"2026-08-07 02:40:48",107.4,1,pranav6657
10013,16726311,"Prince Diwakar","2026-08-16 12:55:18",107.3,2,princediwaker
10014,16676977,"Akash Babu","2026-09-30 06:54:29",106.4,2,akashbabu17
10015,16683220,Kongali,"2026-08-10 01:24:37",105.4,2,kongali
10016,16623660,"Taylor S. Amarel","2026-07-31 23:36:48",105.2,1,taylorsamarel
10017,16847667,"Tushar Barman","2026-09-12 20:30:34",105.0,2,tusharbarman
10018,16658299,"Bakar Prabowo!","2026-09-05 08:14:32",104.8,2,"galihrattn,kingki19,ranggacarkawan"
10019,16662123,hannhu40022,"2026-08-04 18:45:07",104.1,2,hannhu40022
10020,16735064,"Harshada Thorat 129","2026-08-18 03:58:34",102.6,1,harshadathorat129
10021,16727876,"Harrison Wachira","2026-08-16 08:50:03",102.4,1,harrisonwachira254
10022,16731873,"Abhishek Singh Solanki","2026-08-19 07:24:47",100.9,1,realabhi5hek
10023,16800124,"Atharv Hirve","2026-09-20 08:44:54",100.6,2,atharvhirve14
10024,16626218,"Srishti Gauraha","2026-08-08 05:40:23",100.6,1,srishtigauraha
10025,16912163,"Umar Tabbsum","2026-09-17 14:36:46",100.4,2,umartabbsum
10026,16668691,BeltusTebid,"2026-08-05 16:01:45",100.3,1,beltustebid
10027,16656815,"Atharva S. Naladkar","2026-08-06 06:46:40",99.5,2,atharvasnaladkar
10028,16662455,"Nenavath Shashi","2026-08-04 18:04:52",99.5,2,nenavathshashi
10029,16680165,"Radwa ALkalifa","2026-08-23 08:39:37",99.3,2,radwahamada
10030,16623953,"Denuwan Wijesinghe","2026-08-01 07:57:04",99.0,2,denuwanwijesinghe
10031,16748612,"Priyadharshini B","2026-08-24 12:06:18",97.2,1,priyadh29
10032,16746655,"Charan Reddy321","2026-08-25 06:27:38",96.9,1,charanreddy321
10033,16717094,"[Deleted] 3efc3b54-b875-4c05-8e11-1214498e2853","2026-08-13 12:30:26",96.9,1,del=386289f87b91311f
10034,16765566,DIYANSH_JAIN7,"2026-09-03 10:56:38",96.4,1,diyanshjain7
10035,16656685,"Shravani Hibare","2026-08-05 10:15:36",96.2,2,shrahib4725
10036,16657303,"Tejas Tiwari","2026-08-04 07:32:17",95.8,1,tejaat
10037,16662714,"Amilcar Rodriguez","2026-09-01 04:22:39",95.7,2,amilcarskt
10038,16626159,"Cảnh Đinh Tiến","2026-08-02 09:17:36",95.0,2,tourist110406
10039,16662295,"benja cooper","2026-08-04 17:41:28",94.1,2,benjacooper
10040,16723326,"jalisa Bass","2026-09-30 16:04:26",93.9,2,jalisabass
10041,16621565,"salih chindo","2026-08-12 19:45:58",93.5,1,salihchindo
10042,16659308,Attaerabi,"2026-08-05 07:52:52",92.3,2,attaerabi
10043,16662547,"hiteshsinh solanki","2026-08-05 07:59:16",92.3,2,hiteshsinhsolanki2
10044,16658297,"Charishma Pillapalem","2026-08-11 12:46:56",92.2,2,charishmapillapalem
10045,16654509,"Shruti Kondabathula","2026-08-07 18:17:56",92.0,2,shrutikondabathula
10046,16654559,"Kerem Ali AVCIOĞLU","2026-08-03 19:28:49",91.1,2,keremaliavciolu
10047,16731142,yshinok,"2026-09-16 23:32:47",91.0,2,yukishinohara0114
10048,16841368,lware5829,"2026-09-05 20:57:52",88.3,1,lware5829
10049,16857111,tfcygv,"2026-09-09 00:09:00",87.8,2,tfcygv
10050,16661098,"Muhammad aufa azmi","2026-08-04 15:18:35",87.7,2,muhammadaufaazmi
10051,16657561,Roshdibenrojo83,"2026-08-04 07:19:05",86.6,2,roshdibenrojo83
10052,16691542,Tushar_SVC,"2026-08-11 04:12:09",86.1,2,tusharsvc
10053,16891699,Sriram102,"2026-09-19 05:31:23",85.6,2,sriram102
10054,16670547,"Maduako Prince","2026-08-05 22:53:03",85.3,2,maduakoprince
10055,16743241,"Adhvaith KS","2026-09-02 14:30:35",84.7,1,adhvaithks
10056,16659041,"uma mahesh23","2026-08-04 11:50:03",84.4,2,umamahesh23
10057,16662243,"Cepeda Braxton","2026-08-04 19:31:54",84.3,2,cepedabraxton
10058,16691729,"ADOLF FAUSTINE","2026-08-18 02:42:39",84.1,2,adolffaustine
10059,16679847,"Julio Contreras","2026-08-21 20:29:09",83.2,2,juliocontreras
10060,16659840,"Dasari Giri Gabrelu","2026-08-05 13:41:11",83.1,2,giridasari
10061,16662013,"Future Innovators","2026-09-30 15:22:40",82.9,2,suthansrivarma
10062,16693819,"Hossein Shad Manaman","2026-08-12 03:14:58",82.8,2,hosseinshadmanaman
10063,16659582,"Srikanth Adivanna","2026-08-04 11:25:45",82.1,1,srikanthadivanna
10064,16743822,Surya,"2026-08-19 16:21:21",81.1,1,suryapandian
10065,16932358,"Ilfat Hismatullin","2026-09-20 21:41:28",80.1,1,izek123
10066,16660494,"Hòa Phùng Ngọc GIa","2026-09-22 08:11:18",79.3,2,haphngngcgia
10067,16654711,"Rupam Bhattacharjee1","2026-08-14 16:43:07",77.9,1,rupambhattacharjee1
10068,16656485,stunningvn,"2026-09-08 07:40:44",77.8,2,dedquoc
10069,16823197,Cowabunga,"2026-09-20 21:55:58",77.6,2,ameripreye
10070,16621519,Ᏸ𐍂Ꭷ,"2026-07-30 17:30:30",77.0,2,dheerajkannaujiya
10071,16659451,anero98,"2026-08-22 20:47:29",76.6,2,anero98
10072,16762458,"Promise Matorofa","2026-08-24 10:00:04",76.1,2,promisematorofa
10073,16656240,"SACHIN KUMAR","2026-08-10 03:13:24",76.0,2,sackm123
10074,16665345,saurabh10june,"2026-08-05 11:53:47",74.8,2,saurabh10june
10075,16658666,"VMax Agents","2026-08-04 10:57:49",74.7,1,"akhiildheep,mithun5353"
10076,16661419,"Shivansh Soni","2026-08-04 15:08:01",74.6,2,shivanshsonii
10077,16886704,"mohammed alshokry","2026-09-15 14:06:43",74.0,2,mohammedalshokry
10078,16700316,"Pranav Waghmare","2026-08-11 16:29:05",74.0,1,waghmarepranav6
10079,16623094,"Claudia Arias Gonzalez","2026-09-24 21:54:03",73.7,2,claudiaariasgonzalez
10080,16666273,"Wondu Zerihun","2026-09-08 07:55:57",73.3,2,zerihun369
10081,16798631,dzlabs,"2026-09-01 09:57:10",73.3,2,dzlabs
10082,16641109,zzgtylors,"2026-08-06 06:21:50",73.2,2,zzgtylors
10083,16632375,"Vivien Jiaqian Zhu 朱嘉倩","2026-09-24 07:28:48",73.2,2,vivienjz
10084,16677441,"ERREGUI YOUSSEF","2026-08-06 18:02:39",72.4,2,erreguiyoussef
10085,16670552,"Harsh Chaudhary ml","2026-08-05 22:16:25",71.9,1,harshchaudharyml
10086,16808545,"Qinyong Wang","2026-09-02 11:53:03",67.8,2,magicwqy
10087,16925909,"Hopefrey Mosingi","2026-09-19 15:30:15",67.8,2,hopefreymosingi
10088,16656777,"Salam Alqerem","2026-08-31 10:59:33",67.0,2,salamalqerem
10089,16848280,"Oladipupo Olapoju","2026-09-08 00:24:32",67.0,2,pupoolapoju
10090,16664199,SomyaSingh_07,"2026-09-28 13:59:33",66.5,2,somyasingh07
10091,16663897,jayaBhavagan,"2026-08-05 19:34:36",66.2,1,jayabhavagan
10092,16736939,"Flandre 29","2026-08-26 08:23:01",66.2,2,flandre29
10093,16660340,"pawan sondhiya","2026-08-07 06:22:38",65.6,2,pawansondhiya
10094,16707468,"SBJ 2205","2026-08-12 09:59:33",64.5,1,sbj2205
10095,16667489,"Cornol Lieto","2026-08-05 12:31:14",63.2,1,lietocornol
10096,16858278,"Sukma Ramadhan A","2026-09-12 13:22:49",63.1,2,sukmaramadhana
10097,16938479,"Илья Попов ","2026-09-22 22:54:01",61.9,1,wingedwolf7
10098,16680428,"Surabhi veda","2026-08-07 01:49:35",61.7,1,surabhiveda
10099,16728931,Sathwik2006,"2026-08-16 14:25:36",61.5,2,sathwik2006
10100,16663161,"Pial Mahmud","2026-08-17 10:38:21",61.3,2,pialgroup
10101,16683075,"Manuel lasarte León","2026-09-30 08:30:44",61.1,2,manuellasarte
10102,16785053,"Rinosh Bethala","2026-08-28 17:52:26",60.6,1,rinoshbethala
10103,16665079,"Maguluri Keerthi","2026-08-05 06:16:03",60.6,2,magulurikeerthi
10104,16867026,"Aashish Bagmar","2026-09-11 05:14:45",59.5,2,aashishbagmar
10105,16730708,ysakuragi,"2026-08-19 01:30:12",59.3,1,ysakuragi
10106,16678283,"Ajinkya Digurkar","2026-08-21 10:56:03",59.2,2,"ajinkyadigurkar,sakshiagrawal8818"
10107,16785477,"ASHMIL P URK25CS7129","2026-08-28 18:26:11",59.0,1,ashmilpurk25cs7129
10108,16663277,"Mariana Mejía","2026-08-24 23:58:54",59.0,2,marianameja
10109,16666072,Abinash,"2026-08-05 15:07:52",57.9,2,abinashsinha1726
10110,16670368,"Gary Gitton","2026-08-19 17:03:04",57.9,2,garygitton
10111,16668599,"Hafsa Anwaar","2026-08-05 17:43:21",57.2,2,hafsaanwaar
10112,16885473,Razazazazaza,"2026-09-29 09:16:42",56.9,2,razazazazaza
10113,16710773,Openaiskrip,"2026-08-12 07:54:38",55.5,2,openaiskrip
10114,16888204,"yunus yalman","2026-09-24 19:48:59",54.4,2,yunusyalman
10115,16735323,"Souvik Routh","2026-08-18 04:30:21",53.9,1,souvikrouth
10116,16784650,LukasM1,"2026-08-28 14:15:24",53.1,1,lukasm1
10117,16867334,"Connor Tran","2026-09-21 22:05:52",53.1,1,thlphero
10118,16803074,"fumihito mori","2026-09-01 14:00:16",52.6,1,fumihitomori
10119,16659675,"M.Athallah Rafif Aldera","2026-08-06 12:40:14",51.4,2,mathallahrafifaldera
10120,16657055,RedKiwi,"2026-08-05 05:57:34",51.0,2,tnmthai
10121,16687628,ruchit,"2026-08-28 11:22:16",50.2,1,ruchitkhade
10122,16660886,"Dr.Eldirdiri Fadol ","2026-08-05 05:30:48",49.9,2,dreldirdirifadol
10123,16794173,"Kamran Arshad","2026-08-31 07:19:49",48.5,2,kamranarshad
10124,16867360,kagg24293,"2026-09-11 08:19:36",47.9,2,kagg24293
10125,16661711,"Wild Star217","2026-08-30 18:00:18",47.9,2,wildstar217
10126,16735237,"YASH CHIMAN","2026-08-18 04:20:24",47.4,1,yashchiman
10127,16698958,"Shanjaya SK","2026-08-28 15:25:11",44.4,1,"payuu03,shanjayask"
10128,16716079,shaurya_pandey@19,"2026-08-13 09:27:49",44.3,2,shauryapandey19
10129,16666836,"Emir Ayvaz","2026-08-07 05:57:00",43.5,2,emirayvaz
10130,16633018,purelilyth,"2026-08-20 19:43:09",42.1,2,purelilyth
10131,16658100,"Nanda Riansyah","2026-08-04 08:55:54",41.7,2,nandariansyah
10132,16839644,Mikhail,"2026-09-06 06:52:57",39.2,1,mih2501py
10133,16846758,"Harish More","2026-09-07 07:44:25",38.7,2,harishmore812
10134,16663406,"Elshan Kazim","2026-08-16 08:38:43",38.3,1,elsnkazm
10135,16640594,Win2207,"2026-08-07 12:05:07",38.1,2,win2207
10136,16761007,"Pankaj Nakhat","2026-08-23 11:48:21",37.9,2,pankajnakhat
10137,16679410,"Leke Glean","2026-08-07 17:29:04",37.1,2,lekeglean
10138,16762766,"Eman Gope","2026-09-28 12:06:29",36.6,2,emangope
10139,16719441,Gatranova,"2026-08-14 04:11:54",36.4,2,rafiabiyyuairlangga
10140,16716562,"Ananya Maurya","2026-08-13 10:01:25",35.9,2,ananyamaurya
10141,16944152,JanGO,"2026-09-29 20:27:09",35.3,2,jankoai
10142,16868098,"Arya Patil","2026-09-11 08:00:49",34.4,1,shutterstack
10143,16780027,rotto,"2026-09-01 13:18:33",34.3,2,pirotototo4023
10144,16698953,Locked_in_hell,"2026-08-13 18:31:55",33.9,2,stealthknight
10145,16835282,nico23t,"2026-09-07 14:18:22",33.3,2,nico23t
10146,16684847,"M.Harshavardhan Raju","2026-08-09 16:15:49",32.6,2,mharshavardhanraju
10147,16644474,"Vihaan Ahluwalia","2026-08-05 13:16:21",32.2,2,vihaanahluwalia
10148,16723050,"Ítalo Albuquerque","2026-09-11 18:32:23",31.9,2,taloalbuquerque
10149,16731524,"Tsyrenov Mergen","2026-08-17 09:42:39",31.9,1,tsyrenovmergen
10150,16673372,"Hadyan Adira","2026-08-14 03:16:30",28.6,2,hadyanadira
10151,16661068,ZeViX,"2026-09-25 16:23:22",26.1,2,"codinggeek101,vedantkhete"
10152,16633932,omikbop,"2026-08-02 12:36:52",19.9,2,omikbop
10153,16665139,"Siddharaj Kulkarni","2026-08-16 05:23:21",18.7,2,siddharajkulkarni
10154,16667339,"Victor Chege","2026-09-01 13:56:51",17.4,2,victorchege0
10155,16675209,lavica,"2026-08-11 13:23:03",17.3,2,lavica
10156,16624064,"Hemant Ahlawat","2026-07-31 15:52:56",15.4,2,happyahlawat
10157,16771156,"Ronald Ayamba","2026-08-25 19:16:26",12.6,1,ronaldayamba
10158,16654087,Gabriela_Fernandes4,"2026-08-04 19:12:33",11.3,1,gabrielafernandes4
10159,16656753,"TAMAL SINGHA ROY","2026-08-05 07:57:48",10.8,2,tamalsingharoy
10160,16705637,"Vedant Ghodekar","2026-08-11 05:28:57",9.5,1,vedantghodekar
10161,16721495,"404 Crop Not Found","2026-09-01 08:45:29",8.8,2,"aiprojector,boazx15"
10162,16895738,suqingying,"2026-09-21 10:43:10",7.4,1,suqingying
10163,16916794,SHUJAT,"2026-09-21 14:59:47",6.0,1,syedshujathussain
10164,16662721,"Manish Sharma","2026-08-12 17:44:16",5.9,2,themihirsharma
10165,16892319,"Shair Khan","2026-09-21 08:30:36",4.2,2,datascikhan
10166,16714192,"Nishanth Palugula","2026-08-14 06:51:09",3.9,2,nishanthpalugula
10167,16687620,Goktug1,"2026-09-18 18:47:26",3.3,2,goktug1
10168,16675819,RohitS001,"2026-08-11 18:05:54",2.9,2,rohits001
10169,16654026,"joju shaji","2026-08-09 16:36:43",2.7,2,jojushaji
10170,16676428,wayzhengong27,"2026-08-08 06:34:59",1.5,2,"kkkuek,wayzhengong27"
10171,16938443,"zhichen huang","2026-09-21 21:54:55",1.5,1,zhichenhuang
10172,16632413,"Varun Patil","2026-07-31 18:41:34",1.2,1,varunpatil262005
10173,16633250,Myst19,"2026-08-03 13:25:15",-0.2,2,jakeschweikhart
10174,16689555,"kelvin waruingi","2026-08-09 22:45:23",-4.9,2,kelvinwaruingi
10175,16778494,"Agda Niya","2026-08-28 06:43:07",-5.5,2,agdaniya
10176,16669011,"Siddiqui Rehan Ahmed Furqan","2026-08-07 05:24:38",-7.4,2,siddiquirehanahmed
10177,16811344,"Vineeth Nannuri","2026-09-10 05:19:07",-7.9,2,vineethnannuri
10178,16660161,"Antimo Carlino","2026-09-08 19:09:46",-11.4,2,antimocarlino
10179,16644519,"Shambhu Shekhar Sinha","2026-08-12 18:55:43",-13.4,2,shambhushekharsinha
10180,16708290,"Hrishikesh Thakare","2026-08-12 14:45:08",-16.1,1,hrishikeshthakare
10181,16747839,"Ich Schmid","2026-09-19 13:56:52",-16.3,2,ichschmid
10182,16673732,"Async Null","2026-08-06 16:55:26",-18.2,1,asyncnull
10183,16852322,"Harshit Varma45","2026-09-08 03:54:30",-18.3,1,harshitvarma45
10184,16914127,"Aditya Jha","2026-09-20 04:35:47",-18.7,2,theadijha
10185,16658745,"Shabby farms 2.0","2026-08-16 03:10:28",-19.7,2,rahulk5418
10186,16721567,"Neeraj Sharma","2026-09-04 07:21:50",-22.7,1,neerajsharma897
10187,16661152,"Dr.Abdulbaset Musleh","2026-09-19 17:40:52",-23.3,2,drabdulbasetaledresi
10188,16780318,"Piyush Darinda","2026-08-27 17:28:07",-25.7,2,piyushdarinda
10189,16948861,"PRATHAMESH ARUN JADHAV","2026-09-24 03:10:19",-27.6,1,prathamesharunjadhav
10190,16664822,"Prateek Singh","2026-08-05 05:30:22",-28.0,2,pra73ek
10191,16696104,"Harshit Meesari","2026-08-09 14:31:00",-28.7,1,harshitmeesari
10192,16809774,farmci,"2026-09-02 16:59:50",-30.2,1,ermismel
10193,16657568,"Manpreet Singh","2026-08-08 13:45:41",-30.4,2,manpreet1994
10194,16679250,srskat,"2026-08-16 08:26:30",-31.0,2,srskat
10195,16943065,"LOKHANDE HARSH","2026-09-23 16:45:21",-33.0,1,lokhandeharsh
10196,16790678,Pujolaras,"2026-09-03 14:45:14",-34.0,1,pujolaras
10197,16731488,"James Kimani","2026-08-27 13:18:20",-34.8,1,jaykim122
10198,16659501,Duckey,"2026-08-04 13:02:16",-40.7,2,bokangletsapo
10199,16732320,"Malik Muhammad Arbaz","2026-08-18 13:05:51",-40.9,1,malikmuhammadarbaz
10200,16735078,"SUDHANSHU PATIL","2026-08-18 04:37:33",-41.9,2,sudhanshupatil10
10201,16654404,"Madhan Sidmal","2026-08-11 21:28:45",-45.0,2,madhansidmal
10202,16662922,BrandonDucar,"2026-09-12 23:12:40",-45.1,2,brandonducar
10203,16792531,"subash jayakumar","2026-08-30 20:14:56",-46.9,2,subashjayakumar
10204,16644439," علي ساجد","2026-08-02 21:40:07",-47.3,2,jdvdjdv97171ushd
10205,16720136,"Roaring Cotton","2026-09-15 20:07:58",-49.3,2,daviddavidelijah
10206,16624666,"Avik Das","2026-08-21 08:57:10",-52.3,2,avikdas567
10207,16633417,"Handsonlabs Software Academy","2026-09-28 12:41:05",-53.6,2,tobimichigan
10208,16885604,dualcore,"2026-09-22 09:54:46",-57.1,2,"shashankkalled,tridiv14"
10209,16676890,luciferingstar256,"2026-08-20 15:40:55",-59.3,1,luciferingstar256
10210,16622991,"Fedor Grigorev","2026-08-27 15:30:57",-60.4,1,fedorgrigorev
10211,16689681,"Prakash Rajan","2026-08-09 16:37:56",-62.3,2,prakashai
10212,16659057,"Jolvin James","2026-08-07 08:04:22",-70.8,2,jolvinjames
10213,16941446,"Rehan Liaqat","2026-09-22 12:30:49",-73.6,1,rehanliaqat17
10214,16802203,"Sadaf Mughees","2026-09-21 09:16:16",-73.8,2,sadafmughees
10215,16755427,"Daksh Jain","2026-08-21 15:18:57",-74.6,1,dakshu081
10216,16629006,ymym_tymblack,"2026-08-22 09:44:39",-80.7,2,ymymtymblack
10217,16663728,"Al'Humairah Ali","2026-08-10 17:28:01",-81.1,1,alhumairahali
10218,16805234,Ryuzaki2325,"2026-09-01 19:44:54",-90.0,1,ryuzaki2325
10219,16758417,AthulJenson,"2026-08-22 14:21:26",-91.7,1,athuljenson
10220,16683041,Abhishektyagi649,"2026-08-07 08:37:09",-93.0,2,abhishektyagi649
10221,16731829,"Alexandra Tricia","2026-08-19 07:03:33",-107.1,2,alexandratricia
10222,16709661,sapphirey,"2026-09-07 11:21:05",-107.3,2,sapphirey
10223,16713011,"Tasmayu Swain","2026-08-14 15:49:35",-120.2,1,tasmayuswain
10224,16885774,"Adama Savadogo","2026-09-14 17:34:16",-121.3,2,adamasavadogo
10225,16637499,Yuchen20,"2026-09-19 14:06:24",-124.3,2,yuchen2066
10226,16685888,LeulYT,"2026-08-10 05:35:44",-129.8,2,leulyt
10227,16707646,ppssbb09,"2026-09-17 13:40:43",-140.7,1,ppssbb09
10228,16808566,"contemporary dance","2026-09-02 22:44:14",-141.2,2,shigeria
10229,16657035,"Christvin Mathew","2026-08-04 08:55:56",-141.5,2,christvinmathew
10230,16719181,SaltyCode,"2026-08-16 04:56:22",-144.9,1,saltycode
10231,16717416,"Timofey Kalyak","2026-08-20 07:04:06",-193.3,1,timofeytweaky
10232,16695221,"Muhammad Daud Abbas","2026-08-12 20:04:32",-195.1,2,muhammaddaudabbas
10233,16659881,SantosR,"2026-09-08 14:27:04",-196.7,2,santosr
10234,16660261,"YO_ONE CHAUHAN","2026-08-08 23:49:54",-201.7,2,yoonechauhan
10235,16889642,"calvin Grimm","2026-09-14 06:15:04",-202.6,1,calvingrimm
10236,16665495,"sai chand Boppudi","2026-08-07 04:19:58",-202.7,2,saichandboppudi
10237,16659864,"Twin Titans","2026-08-08 07:50:33",-202.8,2,"sivahokage,solaisararaju"
10238,16724138,"Tuna Xiao","2026-09-07 15:05:12",-207.8,1,tunaxiao
10239,16692837,"Sai Uttam Gite","2026-08-09 11:36:32",-207.9,1,saiuttamgite
10240,16668701,"Nihal Jamadar","2026-08-09 04:28:26",-208.3,2,nihaljamadar313
10241,16728276,"ROHAAN ASIF","2026-08-16 11:20:59",-221.5,2,ordinarydev007
10242,16794008,HyperPlanz,"2026-08-31 13:08:38",-227.5,2,domiandr000
