Rank,TeamId,TeamName,LastSubmissionDate,Score,SubmissionCount,TeamMemberUserNames
1,16681125,"M & M & P & Q","2026-09-30 15:21:46",3090.5,2,"morimo,msd0110,piiiiiiiii,qistripute"
2,16621497,"1x5090 potato run","2026-09-30 23:54:28",3028.8,2,vmerckle
3,16732748,DSM,"2026-09-30 23:26:15",2954.5,2,"denden12,masspeaks,shimishige"
4,16891902,Farmcore,"2026-09-30 23:18:04",2915.4,2,"betmyex,doifgoox,garifullintimur,naviniklag"
5,16736435,CDE,"2026-09-30 23:36:56",2898.4,2,"arc144,christofhenkel,crodoc"
6,16624026,有辣条有权,"2026-09-30 23:29:22",2895.8,2,russcore
7,16623559,DECEM,"2026-09-30 19:08:29",2872.5,2,zy1343930734
8,16628664,"Anton Tikhonov","2026-09-30 20:42:57",2845.0,2,itwastony
9,16654697,KawattaTaido,"2026-09-30 23:25:15",2824.4,2,kawattataido
10,16714162,MarvinTMB,"2026-09-30 23:53:20",2806.4,2,marvintmb
11,16743356,"Azat Akhtyamov","2026-09-30 23:09:28",2803.8,2,azakhtyamov
12,16623716,"tetsuya & yuanzhe & guoqin","2026-09-30 22:03:35",2792.5,2,"guoqingu,tetsuya3510,yuanzhezhou"
13,16730612,"Unknown Mother-Goose","2026-09-30 23:28:25",2784.5,2,linkinpony
14,16718819,Majkel1337,"2026-09-30 23:28:48",2780.7,2,majkel1337
15,16698308,"Gemini IS ALL YOU NEED","2026-09-30 19:41:28",2779.7,2,"jacqueszhelinzhang,yuan800"
16,16760699,Luca,"2026-09-30 23:37:32",2773.8,2,yijiey
17,16866398,feles99,"2026-09-30 23:24:01",2769.9,2,feles99
18,16770421,"Vadim Vasilenko","2026-09-30 23:11:24",2765.3,2,vadimvasilenko
19,16712258,Yizhou,"2026-09-30 23:28:51",2761.0,2,yaphellee
20,16730326,atsushi11o7,"2026-09-30 23:45:52",2754.9,2,atsushi11o7
21,16684994,TKNP,"2026-09-30 23:55:23",2752.4,2,"justnik77,katasonoveugene,romankatasonov,sergey140146659"
22,16915014,Boey,"2026-09-30 23:45:52",2744.4,2,boeychenjun
23,16717665,"Christoffer Thimsen","2026-09-30 23:19:38",2741.7,2,lowasitgoes
24,16730357,"My second life","2026-09-30 22:59:18",2728.4,2,"giovannibaldon,jjinho,pavelsavchenkov,ttyn4519"
25,16695046,"BT takes me up! Please!!!","2026-09-30 23:48:26",2727.7,2,"aurax7,coolinlai,davidsarrat,pseree,zongzishuang"
26,16632377,"Legend Brothers","2026-09-30 23:56:22",2714.5,2,"holeguma,shunhirota"
27,16942171,mhw,"2026-09-30 19:47:18",2710.3,2,"matelong,wuyujc,yanghanxin"
28,16657750,"Send Bob To Alice","2026-09-30 23:48:39",2705.1,2,proptiter
29,16804022,monsaraida,"2026-09-30 08:17:57",2704.7,2,monsaraida
30,16709492,abozten,"2026-09-30 20:36:36",2703.6,2,abozten
31,16736838,🥇😗アナコンダ🤭🥈,"2026-09-30 20:44:05",2698.5,2,"ei1333,unosss"
32,16623580,matu997,"2026-09-30 21:20:45",2695.3,2,mastu997
33,16887437,TheEggman,"2026-09-30 18:44:14",2690.6,2,ethanl67
34,16623697,yuto083,"2026-09-30 19:33:42",2680.5,2,yuto0712
35,16867213,한밭대학교컴퓨터공학과정우민,"2026-09-30 16:13:50",2677.4,2,woominyo
36,16758882,mtmr_s1,"2026-09-30 13:25:03",2674.7,2,mtmrs1
37,16718649,"Zakaria Aala","2026-09-30 20:36:31",2671.6,2,zlordgrim
38,16667959,"Fourth Quadrant","2026-09-30 23:30:36",2669.4,2,flynnfei
39,16793083,"🐚seek inspiration🐚","2026-09-30 22:49:31",2659.5,2,kurupical
40,16634580,akmr,"2026-09-30 23:39:29",2657.9,2,akimaru
41,16623440,"JB Bryant","2026-09-30 23:47:27",2657.4,2,jbbryant
42,16670384,"BT SHAKE IT UP","2026-09-30 23:36:35",2656.6,2,gordeevmax
43,16811917,"Reward Farmer","2026-09-30 23:43:45",2655.8,2,dipamc77
44,16942123,dodsters,"2026-09-30 22:31:50",2654.4,2,"andreyakifev,friklez"
45,16621799,"Artem The Farmer 🍅","2026-09-30 23:53:47",2653.2,2,veshkinartem
46,16633507,"Happy farm ⛏","2026-09-30 23:39:09",2651.1,2,"alexesn,c0ldzy,ivanvorfolomeev,semyonepanov"
47,16748733,"Driz Lo","2026-09-30 22:52:32",2649.3,2,"cieling,drizlo,kindinred"
48,16854176,吃白饭的大肥鱼,"2026-09-30 22:45:58",2647.7,2,"deepios,gengsr,tangdi24,tanpowasd"
49,16751828,"E. Honda","2026-09-30 16:55:50",2646.0,2,toseihatori
50,16862183,"D Chakraborty","2026-09-30 19:57:00",2639.2,2,spoutop
51,16739633,kwa,"2026-09-30 21:15:56",2633.4,2,ikaroskaggle
52,16734966,kigasudayooo,"2026-09-30 22:12:09",2630.5,2,argon1215
53,16721453,"shake to waipo bridge","2026-09-30 03:37:59",2629.6,2,beaten67
54,16806195,unreal,"2026-09-30 23:01:41",2623.7,2,gauravgs1007
55,16660137,Densike,"2026-09-30 17:09:21",2616.1,2,densike
56,16623451,Ueddy,"2026-09-30 23:45:52",2614.8,2,ku0807
57,16735341,MAC,"2026-09-30 14:23:56",2613.6,2,"ryui68925,uki706"
58,16623669,goonew,"2026-09-30 22:43:59",2607.7,2,goonew
59,16632327,"We wanna be tomatos","2026-09-30 23:29:00",2603.6,2,"behindkun,forrestxlz,konbu17,mechi22,midnqly"
60,16908425,CUties,"2026-09-30 23:34:45",2599.6,2,"tagireminov,timmass2"
61,16640510,SpaTaro,"2026-09-30 23:28:18",2598.4,2,tarosqrd2
62,16763230,flg,"2026-09-30 18:28:36",2593.4,2,ferdinandlimburg
63,16673205,"Arda Ceylan","2026-09-30 21:37:35",2589.8,2,ardacey
64,16767215,keiz,"2026-09-30 23:50:20",2589.4,2,keizkeiz
65,16754882,vvs,"2026-09-30 23:15:14",2584.8,2,marvelworld
66,16734901,Breaking1800,"2026-09-30 23:09:51",2575.4,2,breaking1800
67,16690820,"Alan C52","2026-09-30 22:43:30",2569.5,2,alanc52
68,16794696,"Paul Bryan Elefante","2026-09-30 20:02:08",2564.6,2,heuljax
69,16730524,"THIRD FARM CLUB","2026-09-30 14:14:38",2557.2,2,"bowwowforeach,mooegi,shunrcn,simann"
70,16920891,codex还我pro20x,"2026-09-30 13:20:12",2551.1,2,renfei123456
71,16656941,"Winter Lamb","2026-09-30 23:19:17",2549.7,2,fabiansyahcahyo
72,16749520,"Andrey Tikhomirov","2026-09-30 23:54:21",2548.4,2,andreytikhomirov
73,16802598,"macbook air m4","2026-09-30 23:00:35",2547.2,2,anonimniygeniy
74,16658248,Aaweg,"2026-09-30 14:38:39",2547.0,2,aawegbhaladhare
75,16906728,"Konstantin Zhar","2026-09-30 21:15:16",2546.4,2,zharkd
76,16811307,elmo,"2026-09-30 10:38:27",2544.8,2,mktakizawa
77,16732403,ymg_aq,"2026-09-30 23:15:56",2544.1,2,ymgpalaqs
78,16675778,"Orbital Terraformer","2026-09-30 15:07:51",2544.1,2,tubotubo
79,16670948,wally0593,"2026-09-30 23:31:38",2542.7,2,wally0593
80,16633132,"Kaggledew Valley 🏆","2026-09-30 23:54:55",2539.6,2,"jackvd,wscmisx,yanzhou06"
81,16758767,NSK_54,"2026-09-30 23:55:15",2533.5,2,"leon7archer,suvalex"
82,16760569,"Otter Vibe","2026-09-30 07:39:27",2532.5,2,gyuminsong
83,16668998,WarRusher,"2026-09-30 22:17:05",2530.3,2,warrusher
84,16752196,sekai013,"2026-09-30 20:50:17",2530.1,2,sekai013
85,16685950,"Planned Economy","2026-09-30 21:05:04",2526.8,2,alturutin
86,16709127,IsaiahP,"2026-09-30 22:21:19",2525.8,2,pressman1
87,16878533,HayatoFujihara,"2026-09-30 15:42:47",2523.5,2,hayatofujihara
88,16644287,"Ryo Hasegawa","2026-09-30 21:31:17",2523.3,2,ryohasegawa926
89,16913723,azamat1ch,"2026-09-30 14:12:27",2517.7,2,azamat1ch
90,16723620,3정훈,"2026-09-30 15:42:22",2516.5,2,az05192000gmailcom
91,16883355,WebFarmers,"2026-09-30 23:49:21",2511.7,2,"axollo,dmitriiorel"
92,16660281,"xiy lin","2026-09-30 05:11:53",2507.6,2,xiylin
93,16944414,Aguacates,"2026-09-30 23:49:45",2506.7,2,"carolinemercedes,joshdankworth"
94,16685634,"1 crashed host, 6 escaped cows","2026-09-30 22:58:12",2498.4,2,syed3000
95,16731443,"Arjun Vinod","2026-09-30 05:07:03",2496.7,2,arjun0014
96,16909118,loxigicck,"2026-09-30 23:56:17",2487.2,2,loxigicck
97,16674102,没落者,"2026-09-30 22:52:42",2485.5,2,needless090
98,16926467,arutyunoff,"2026-09-30 21:32:19",2484.9,2,arutyunoff
99,16714457,"Crop Dustas","2026-09-30 22:56:24",2484.5,2,"peikopon,rishigottumukkala"
100,16740405,by,"2026-09-30 23:35:27",2478.7,2,ibyyue
101,16670221,"Nvidia GT210 1gb","2026-09-30 10:06:26",2477.8,2,fleongg
102,16758316,"Roy Lo TW","2026-09-30 23:33:16",2476.9,2,roylotw
103,16690867,叫啥,"2026-09-30 23:40:53",2476.7,2,"binghua123,gisgisgis,howardleetw,william950615"
104,16839458,"Agent 0","2026-09-30 22:59:02",2476.4,2,agent0
105,16706222,"Xiangyu Liu","2026-09-30 21:34:23",2476.1,2,xiangyuliu007
106,16894437,hondana29,"2026-09-30 23:04:30",2473.4,2,tanadaaa
107,16651804,"Bocen Li","2026-09-30 23:36:34",2472.1,2,bocenli
108,16779451,kibuna,"2026-09-30 16:55:37",2470.6,2,kibuna
109,16805699,"feel the agi","2026-09-30 21:03:44",2470.5,2,nulldata
110,16730946,"Bohann Wang","2026-09-30 23:55:59",2470.3,2,bohannnwang
111,16864314,marwar22,"2026-09-27 23:59:33",2469.9,2,marwar22
112,16630675,"Lucien de Rubempre","2026-09-30 20:01:22",2468.9,2,lucienderubempre
113,16939767,"Elias William","2026-09-30 23:56:51",2468.8,2,eliaswilliam
114,16749079,mraz1006,"2026-09-30 22:22:23",2468.2,2,mraz1006
115,16740644,全程豆包代打,"2026-09-30 23:22:01",2466.5,2,terence0914
116,16732879,daulettoibazar,"2026-09-30 21:41:44",2464.6,2,daulettoibazar
117,16754022,Pico,"2026-09-30 16:04:31",2462.8,2,charithgr
118,16739419,"misis biznessmenlb","2026-09-30 10:39:28",2462.8,2,"adilkhabibullin,bebra3222,daniilsergeevda,player77"
119,16629972,"forever young","2026-09-30 23:34:03",2462.4,2,keisukeyokota0428
120,16743836,"Auto Fermers","2026-09-30 22:50:52",2461.9,2,"arsgorynich,artemboltaev,dmitriigluzdov"
121,16748173,pensukesan,"2026-09-30 23:38:53",2459.8,2,pensukesan
122,16691451,Nakano,"2026-09-30 22:46:40",2458.8,2,spicatom0914
123,16645703,madmax0404,"2026-09-30 19:26:25",2457.0,2,max6296
124,16630825,"Black Mamba Farm","2026-09-30 19:43:40",2454.9,2,"asherjyd,frankyhz,qizhiran,yukundu231100"
125,16623466,캐그리컬쳐,"2026-09-30 23:40:08",2453.0,2,len8487
126,16799266,"Kucing Garong","2026-09-30 22:18:37",2452.2,2,syaugialkaf
127,16849801,tq1d,"2026-09-30 18:08:30",2450.2,2,haya03010
128,16758244,yumizu,"2026-09-30 23:54:05",2444.6,2,yumizzzz
129,16731803,JYShane,"2026-09-30 22:30:33",2444.1,2,jyshane
130,16652536,Satoshi_SsSs,"2026-09-30 03:32:16",2443.6,2,satoshissss
131,16688294,"high frequency farming","2026-09-30 09:07:27",2440.8,2,"gunhcolab,hweowe,markslavin"
132,16717536,c0nrad,"2026-09-30 23:35:36",2439.8,2,stuartlarsen
133,16743582,ShunkiKyoya,"2026-09-30 23:43:42",2439.5,2,shunkikyoya
134,16804768,Chaos,"2026-09-30 23:56:15",2438.2,2,hcfighting
135,16659555,"Joseph Adamski","2026-09-30 11:06:19",2436.9,2,josephadamski91
136,16707990,Snorlax,"2026-09-30 22:17:36",2436.4,2,pku1400010735
137,16891058,Navier-stokes,"2026-09-30 07:14:46",2433.5,2,"nguyenkhanhvu,nhtlongcs"
138,16823930,"Ghost Rule","2026-09-30 20:56:09",2432.5,2,yiyangxudmm
139,16621590,Yaroslav,"2026-09-28 09:37:57",2431.7,2,yaroslavrogoza
140,16655610,GPTatoes,"2026-09-30 23:42:22",2429.5,2,"angran,kaixuanosmas"
141,16748511,HarshPandey-yt-auto,"2026-09-30 18:21:35",2427.9,2,harshpandeyytauto
142,16738626,李BCDEFGA,"2026-09-30 23:00:04",2426.0,2,"bcdefga,fengzhaofan,quzehao12"
143,16892458,goose10,"2026-09-30 14:53:20",2423.4,2,orangeaugust
144,16855492,"Matin Urdu","2026-09-30 23:52:43",2422.9,2,"amir314,arianurdu,benediktschink,matinurdu"
145,16633178,"Cow Boy","2026-09-30 12:27:13",2420.1,2,shanzhong8
146,16675873,"Zhu Liang","2026-09-30 02:31:37",2418.1,2,paradite
147,16709176,Efnutrrionpy,"2026-09-30 11:08:58",2418.1,2,efnutrrionpy
148,16945978,"Grigor Sargsyan","2026-09-30 07:32:14",2418.0,2,grigorsargsyan
149,16681007,AkiraOnojp,"2026-09-30 11:57:49",2417.0,2,akiraonojp
150,16857636,Tm-ACCS,"2026-09-30 14:22:12",2416.7,2,"bitsmini,corebase,llmrun,opsneo"
151,16760701,"Yannik Schiffner","2026-09-29 00:20:24",2416.6,2,yannikschiffner
152,16815017,Humanitis,"2026-09-30 19:07:25",2415.3,2,humanitis
153,16796574,cununn,"2026-09-30 23:57:33",2413.0,2,w007425y
154,16686843,"Juraj Zelman","2026-09-30 20:39:46",2412.3,2,jurajzelman
155,16756591,"Hamed Vakili","2026-09-30 19:35:07",2411.9,2,"hamedvakilit0,maryam7713"
156,16640785,"syouya tobita","2026-09-30 00:13:17",2410.4,2,syouyatobita
157,16784691,"ready or not here i come","2026-09-30 03:55:42",2409.5,2,emrekuruba
158,16863512,YumeNeko,"2026-09-30 23:30:57",2409.2,2,kashiwaba
159,16732727,brightest66,"2026-09-30 13:49:48",2407.5,2,"brightest66,laplacenvmv"
160,16941436,fshindo,"2026-09-30 15:20:32",2407.3,2,ffsscf
161,16734580,shyjin,"2026-09-30 23:07:55",2405.5,2,shyjin
162,16946542,"Siyuan Wang","2026-09-30 17:31:50",2405.4,2,merlynwang
163,16688732,"sAIzeria Harness","2026-09-30 23:24:12",2404.2,2,"gnux1408,tanakaai24"
164,16731605,datatuu,"2026-09-30 15:18:22",2403.6,2,yaoguang516
165,16769836,weense,"2026-09-30 06:48:39",2403.2,2,weense
166,16709236,rick11224,"2026-09-30 21:56:28",2402.5,2,rick11224
167,16760523,"Joseph Ayanda","2026-09-30 18:43:52",2402.4,2,josephayanda
168,16721501,"Team LOOPRAR","2026-09-30 21:45:48",2402.4,2,"muditnagori09,shahidnadaf001"
169,16852826,Phoenix750,"2026-09-30 16:38:45",2401.4,2,richardmaddox
170,16672709,"Honeybutter Farm","2026-09-30 23:57:02",2400.9,2,rturley
171,16806018,トゲアリトゲナシトゲトゲ,"2026-09-30 23:24:58",2400.6,2,togearitogenasi
172,16728071,AI是我的豆包,"2026-09-30 23:29:54",2398.8,2,"blht2026,wocenmma,zzxhee"
173,16910441,Ultracodes,"2026-09-30 13:36:33",2397.6,2,"guanchaosun,lh123463,yitao111"
174,16625220,thisray,"2026-09-30 19:05:00",2396.8,2,thisray
175,16762319,"Shiji Zheng","2026-09-30 14:27:51",2396.4,2,"q20020006073,watcher996,zhengshiji"
176,16894895,Talented_Eggs,"2026-09-30 23:00:12",2396.1,2,"kangmingpeng,kinghuang123,qiandongxie666,yyhm666"
177,16665224,tyz123456,"2026-09-30 18:17:50",2393.8,2,tyz123456
178,16857676,"Justin Yang","2026-09-30 15:14:26",2388.5,2,zake7749
179,16913591,fly,"2026-09-29 16:05:29",2387.8,2,"azh1sdad,linjingmax,rong414,w1ll1am10,yuhanleo"
180,16918411,"Gautier Marti","2026-09-30 22:13:10",2387.1,2,gautiermarti
181,16904566,FLA,"2026-09-30 14:18:17",2386.6,2,"athnnna,fanglong,fengzq777"
182,16920167,AI+Agriculture,"2026-09-30 13:34:44",2385.0,2,"alexanderzhiyuanliu,duyutong6,jackdeng123,lgz666"
183,16633100,"Emile Andrieu","2026-09-30 22:10:22",2382.0,2,emileandrieu
184,16684954,Rogues,"2026-09-30 21:51:53",2382.0,2,"saikushal185,suneethreddy"
185,16637255,"leave you","2026-09-30 20:46:23",2380.1,2,superallen001
186,16641710,yjshyfy,"2026-09-30 23:27:57",2377.3,2,yjshyfy
187,16752250,"Takahiro Katsumata (tkatsuma)","2026-09-30 23:07:46",2374.8,2,alextfkd
188,16681744,team_fn,"2026-09-30 23:32:33",2373.1,2,fjklmn
189,16922539,Gatswei,"2026-09-30 22:25:09",2372.7,2,gatswei
190,16768065,"Gradient Grazing","2026-09-30 18:35:00",2372.4,2,adamhusein
191,16668162,AlejandroAlvarez,"2026-09-30 17:27:37",2372.0,2,theworm
192,16935594,"wenya hao","2026-09-30 23:19:46",2371.9,2,wenyahao
193,16843221,refine123,"2026-09-30 02:17:06",2370.7,2,refine123
194,16627906,"En Hakkore","2026-09-30 12:17:52",2369.8,2,tergelmunkhbat
195,16759402,Capitaalgain,"2026-09-30 22:48:05",2368.0,2,capitaalgain
196,16673230,saitamad,"2026-09-30 23:55:44",2367.3,2,saitamad
197,16732055,DASH村,"2026-09-30 20:10:11",2367.1,2,sobameshi
198,16889522,"Y & G","2026-09-30 20:42:48",2366.7,2,"gauravnagotanekar,raneyash"
199,16852049,Tremble,"2026-09-29 08:38:51",2365.2,2,"aimeechen1,haoxuanwang12366,junsongzhang,qiyaoxu,yifuandonlyyifu"
200,16811251,𰻞𰻞麺🍜,"2026-09-30 17:46:07",2364.5,2,poijio
201,16766128,"Oleksandr Parfionov","2026-09-30 14:07:00",2364.1,2,parfyon
202,16723955,chunsuri,"2026-09-30 10:45:14",2361.6,2,chunsuri
203,16929367,SimulationXYZ,"2026-09-30 14:29:41",2360.5,2,"biandatong,fan41786,taomarktao,ycc13688881999"
204,16745959,_demo,"2026-09-30 17:57:49",2360.2,2,fortunaterookie
205,16652175,"Lucas Boesen","2026-09-30 22:17:38",2359.5,2,lucasboesen
206,16668783,Zyy7390,"2026-09-30 20:05:33",2359.0,2,"tigerrrrrr,zyy7390"
207,16625050,"how to place pokemon","2026-09-30 21:46:13",2358.3,2,ktverdov
208,16668736,bhundreds,"2026-09-30 22:31:28",2356.7,2,hundreds1103
209,16863959,686868,"2026-09-30 23:49:15",2356.1,2,thangnm1
210,16671741,Excluding,"2026-09-30 23:20:29",2356.0,2,excluding
211,16884814,"Happy Farmers","2026-09-30 14:01:28",2355.9,2,"loopide,mapmicro,modelkit"
212,16921670,giyogoioが相手の農地を燃やします,"2026-09-30 11:22:57",2355.6,2,"giyogoiohlrlqll,k256net"
213,16716566,"Junliang Ye","2026-09-30 19:49:02",2355.6,2,junliangye
214,16819030,sunyuxiang136,"2026-09-29 12:01:23",2355.1,2,"hqy0619,orangetailfish,sunyuxiang136,tshen12"
215,16681405,"Yusuke Hayashi","2026-09-30 12:12:06",2355.1,2,yhay81
216,16621515,"Alexander Gremyakov","2026-09-30 23:54:39",2354.5,2,alexandergremyakov
217,16671376,Lebxgue.,"2026-09-30 17:23:31",2354.0,2,yukieja
218,16857723,"Mask Learning","2026-09-30 13:39:28",2352.0,2,"clipcode,daskrank,maskgen,nnmerge,opscfg"
219,16633950,"Matt Motoki","2026-09-29 13:27:03",2351.3,2,mmotoki
220,16803103,hugghngkai,"2026-09-30 06:32:13",2349.0,2,hugghngkai
221,16919136,"First Farming","2026-09-30 13:40:36",2345.8,2,"chengxuanyang,dongshangyu,lxinye09,pengwenlong"
222,16806938,boominginging,"2026-09-26 13:00:54",2345.7,2,"aviator22,boominginging,caiwenjie123,mikeintokyo"
223,16905679,xaxipiruli,"2026-09-30 20:32:11",2344.1,2,xaxipirulazo
224,16811703,KaggricultureX,"2026-09-30 14:02:41",2343.0,2,"hanwang666,huanghaoyu7280,lannuo,liangzixiabc"
225,16796682,LK30,"2026-09-30 23:43:14",2342.1,2,louisklasing
226,16624309,jjamppongmandu,"2026-09-30 02:15:10",2341.4,2,"beckspeca,hihiimj,jjamppongmandu"
227,16665402,PrasadChopade213,"2026-09-30 20:23:12",2340.9,2,prasadchopade213
228,16871381,huaiyuyoung,"2026-09-26 09:05:31",2340.8,2,"huaiyuyoung,mushancui,nuoyixu,sdsnorth,yuantoby"
229,16660255,"Revanth Tambisetty","2026-09-29 10:12:23",2340.7,2,revanthtambisetty
230,16701768,darasty,"2026-09-30 22:49:11",2340.4,2,darasty
231,16735628,RB25det,"2026-09-30 23:50:32",2340.1,2,"perrodawn,rb25det,shinzotakayama,toranosukenoda"
232,16857488,BC+,"2026-09-30 14:04:21",2338.8,2,"lachesism,neoist,wangtianyi8,zhihaoweng"
233,16917996,Agentculture,"2026-09-30 13:54:59",2337.8,2,"ericchen001,huzhenyi,sylvia47,thx123456121"
234,16684093,"fog flower","2026-09-30 18:01:39",2336.3,2,"fogflower,gdz007,kitchs,xuesongyin"
235,16669926,Jince,"2026-09-30 08:36:38",2334.8,2,jincesaju
236,16705790,clora,"2026-09-30 15:52:44",2332.6,2,clora16
237,16763706,断罪の孤高の神・大宇宙草莓覇皇,"2026-09-30 18:55:12",2331.2,2,"lordofichigo,qilejiang76"
238,16805882,nmdcddwzml,"2026-09-30 00:00:36",2331.0,2,mujian63
239,16857762,Fablers,"2026-09-30 13:57:06",2331.0,2,"cvcost,fluxdev,lossvis,zetaex"
240,16664246,"Sida Zuo","2026-09-27 23:49:18",2329.9,2,sidazuo
241,16669269,"yash bhaskar","2026-09-30 11:35:52",2328.8,2,yash9439
242,16653199,Koba,"2026-09-30 21:49:35",2327.9,2,zone0906
243,16688787,Fih,"2026-09-30 17:06:08",2327.0,2,vencerlanz09
244,16741131,"Adarsh Balanolla","2026-09-30 16:37:31",2325.7,2,adarshreddyb
245,16624645,"Closed Loop","2026-09-30 23:33:30",2324.8,2,hobbisttech
246,16867601,tadashikato,"2026-09-30 19:06:29",2324.3,2,tadashikato
247,16904592,RLMAX,"2026-09-30 13:29:23",2323.6,2,"haoyangdaviddong,mingsiguo,risottoolive,yuanqinyi"
248,16719758,pangzi233,"2026-09-30 16:11:19",2320.9,2,pangzi233
249,16884751,"full-auto agent","2026-09-30 13:47:50",2318.6,2,"idcode,pychat,regularl2,tokenrank"
250,16905643,yngd99,"2026-09-30 12:53:50",2316.3,2,yngd99
251,16929873,offhand,"2026-09-30 04:41:44",2315.2,2,offhand
252,16945263,liyupengli,"2026-09-26 23:59:24",2313.1,2,"easonrao,huhuown,liyupengli,mikesun20110408"
253,16811414,Y-Kitaro,"2026-09-30 23:52:35",2312.5,2,yhataktaro
254,16854059,"Gökmen KÜÇÜKAYDIN","2026-09-30 18:09:42",2311.2,2,gkmenkkaydin
255,16623370,kenmatsu4,"2026-09-28 15:29:13",2311.0,2,kenmatsu4
256,16805704,ShuHaya,"2026-09-30 22:28:13",2310.9,2,yfqqq088
257,16730676,ActiveMusyoku,"2026-09-30 11:10:38",2310.8,2,"daiki0381,kohei0okazaki,noriyukimori,ryonatori,seipon"
258,16623637,kuro0315,"2026-09-30 23:39:15",2310.3,2,skuro0315
259,16857621,"stack overflow","2026-09-30 14:07:38",2309.5,2,"cudastack,dlbyte,dsbeta"
260,16632021,istinetz,"2026-09-30 22:45:58",2309.1,2,istinetz
261,16717440,"farm pt","2026-09-30 23:53:41",2307.9,2,"gunianxue,marisyn,muran169633"
262,16751061,L1a0JH,"2026-09-30 15:22:48",2307.0,2,coolkid14122
263,16928267,"GPT 6 Astra Ultra Fast","2026-09-30 14:21:10",2306.7,2,"dorags,linmiaohan,zhiruizheng111"
264,16943306,liminhai,"2026-09-27 01:10:11",2305.9,2,"hungry1728,liminhai,mars086,yeukwanvickyli,yuchuanzhang1202"
265,16754552,Touyu,"2026-09-30 19:05:30",2305.7,2,yutoaoki
266,16673303,"Samuel Sundararaman ","2026-09-30 21:39:48",2303.8,2,neopok919
267,16882725,Ebi,"2026-09-29 21:07:49",2302.8,2,ebinan92
268,16760515,"Kazuo Watanabe","2026-09-30 22:30:29",2302.4,2,watanabekazuo
269,16860907,zzzz,"2026-09-26 06:07:29",2302.4,2,"haojunwei,kuengo,leonstew,ruoguxu"
270,16761593,Azathoth,"2026-09-30 22:34:40",2299.9,2,stsaasts
271,16856022,"fasith 007","2026-09-27 12:52:47",2299.8,2,fasith007
272,16857685,kaggriwaves,"2026-09-30 14:24:30",2299.4,2,"cliwave,cyberpsi,hyperacc"
273,16705499,byncpy,"2026-09-30 23:46:27",2297.0,2,jinliangbi
274,16658349,lingxiaojun,"2026-09-29 03:07:22",2295.4,2,lingxiaojun
275,16657931,t-enstar,"2026-09-30 16:15:51",2293.9,2,tstustatama
276,16652446,"tine.sh agent","2026-09-30 00:17:58",2290.1,2,sidcodegg
277,16945992,wwwwwwwwwwwwwwwwwwwwwwwwwwwwww,"2026-09-30 14:26:46",2289.9,2,wwwwwwwwwwwwwwwwwwww
278,16820794,"Yuxuan Ba","2026-09-26 03:37:23",2289.3,2,"cynthiaaaaa06,hyt9797,lynndai67,yuxuanba"
279,16626332,"MD. Nazmus Sakib Anik","2026-09-30 17:42:27",2288.6,2,beyondlogic
280,16756764,"Alperen Aydın","2026-09-30 15:02:03",2287.2,2,alperen5252525
281,16705417,fuxi,"2026-09-23 13:20:03",2283.2,2,"padyue,pytorch5009asd"
282,16756698,savoelh,"2026-09-30 19:48:19",2281.2,2,savoelh
283,16689154,CrossEngineered,"2026-09-30 06:17:59",2279.7,2,"danyalsahin1,gkenurk"
284,16732857,Rojiomote,"2026-09-30 23:35:55",2278.6,2,rojiomote
285,16840509,"Iskander Yusupov","2026-09-30 23:10:01",2278.5,2,iskanderyusupov
286,16701074,"One Policy to Rule Them All","2026-09-29 20:47:42",2278.0,2,qujiahui
287,16751152,"Andrew Reed","2026-09-30 12:46:23",2275.8,2,andrewreed
288,16637546,Forrest,"2026-09-30 15:52:20",2273.0,2,yinxiaogang
289,16794090,Euphor_M,"2026-09-30 22:51:13",2272.3,2,euphor
290,16945969,"Rushil Desai","2026-09-30 19:39:45",2270.4,2,rushildesai
291,16685743,"Alex Oranov","2026-09-30 11:06:31",2270.2,2,aoranov
292,16784829,"Masahiro Yamagata","2026-09-29 18:18:02",2270.1,2,masahiroyamagata
293,16655505,Debmalya,"2026-09-30 22:27:05",2268.5,2,debmalya84
294,16727266,Agricola,"2026-09-30 23:57:42",2268.1,2,ebisuya
295,16662883,OceanMix,"2026-09-30 23:07:11",2266.2,2,"cggonzalezsc,fierus,liesvyvalladares"
296,16696703,Farmer,"2026-09-29 14:05:50",2264.5,2,alekseic
297,16918263,Ascent,"2026-09-30 20:41:02",2263.9,2,ishaangangwani
298,16785884,TX,"2026-09-30 17:11:29",2262.6,2,realrudraa
299,16732478,Ken_Ken_Pa,"2026-09-30 14:35:12",2262.3,2,kenkenpa
300,16679098,"KIRTAN RUPESHBHAI BHOJANI","2026-09-30 21:55:06",2261.3,2,kitran17
301,16758556,bpbpbpbpb,"2026-09-30 22:21:29",2260.6,2,bpbpbpbpb
302,16659627,"Lam Dang","2026-09-30 20:09:57",2260.2,2,lamdang
303,16728076,uuu,"2026-09-30 07:15:18",2258.3,2,vovafinogenov
304,16622198,"THUNDER THUNDER","2026-09-21 07:08:52",2257.0,2,thunderthunder
305,16736874,mhiro2,"2026-09-30 23:51:29",2252.9,2,mhiro2
306,16685047,Yvonne.,"2026-09-30 13:57:43",2252.3,2,zdawer250
307,16847543,"Sankalp Wanjari","2026-09-30 20:45:34",2252.1,2,sankalpwanjari25
308,16659679,Civitasmass,"2026-09-30 15:41:48",2251.8,2,godhand
309,16623378,"nvidia fan","2026-09-30 23:15:27",2251.4,2,outwrest
310,16914530,ZKH-Harness,"2026-09-30 13:58:29",2250.1,2,"hanyazhang,kanny912,zhaoruichen"
311,16679245,"Krzysztof Gonia","2026-09-30 22:37:19",2248.7,2,krzysztofgonia
312,16770229,"shivam kanojia","2026-09-30 23:24:27",2245.8,2,shivamkanojia1
313,16663626,"yvn kaggriculture","2026-09-29 21:43:10",2244.4,2,"garnikdavtyan,mikayelgr"
314,16663614,Nevska,"2026-09-30 23:47:37",2243.4,2,nevska
315,16663946,"Hello San Francisco","2026-09-30 18:36:05",2242.9,2,"circiumaru,dulgherustefan,radugoga"
316,16673328,"Preetham Prasanna","2026-09-29 10:20:03",2241.8,2,preethamprasanna
317,16848060,juliencst,"2026-09-30 19:11:59",2239.6,2,juliencst
318,16910633,Shawn404,"2026-09-29 11:24:59",2239.2,2,shawn404
319,16748866,masayoshi,"2026-09-30 23:06:29",2237.1,2,masayoshi64
320,16930465,"Xuanhao Wang","2026-09-26 10:07:02",2236.8,2,xuanhao666
321,16856988,"power spy","2026-09-30 22:38:35",2236.1,2,powerrspyy
322,16938955,何时成为宗师,"2026-09-30 15:58:22",2236.0,2,wowandanle
323,16627751,lzeee,"2026-09-30 20:03:28",2234.4,2,shzgong
324,16622245,"최 Ch Vlas","2026-09-30 20:51:55",2233.2,2,vlasveles
325,16712189,"Kostiantyn Isaienkov","2026-09-30 21:15:28",2232.9,2,isaienkov
326,16665237,"Ad Space Available","2026-09-29 16:51:52",2231.2,2,"liyouran0820,rainchen0411,richardsilence,tongyuexiao"
327,16925604,"Fritz Cremer","2026-09-30 14:48:10",2230.9,2,fritzcremer
328,16842194,threnox,"2026-09-29 16:16:29",2228.1,2,threnox
329,16832971,"Scott Willis","2026-09-30 21:52:45",2227.7,2,scottgwillis
330,16723991,"James Holland","2026-09-30 22:14:15",2226.0,2,jkhollandjr
331,16641536,"Michael Timbs","2026-09-30 12:00:49",2225.5,2,michaeltimbs
332,16732521,redblackbst,"2026-09-30 23:51:54",2221.5,2,redblackbst
333,16916142,aryandongare27,"2026-09-30 18:45:32",2221.4,2,aryandongare27
334,16872754,"Canal farmer","2026-09-30 03:44:09",2221.1,2,"kitano0104,ryyymy"
335,16931354,snappi,"2026-09-30 21:32:06",2219.8,2,snappi
336,16641138,"Bharath Varma","2026-09-30 15:36:53",2219.4,2,bharath111l
337,16659286,shane18,"2026-09-29 07:02:03",2218.0,2,shane18
338,16857505,"joy of harvest","2026-09-30 13:49:13",2213.0,2,"dllogic,hanleileo,lawjkj,mragentrrr"
339,16752019,"Kaipeng Zheng","2026-09-30 21:59:53",2213.0,2,kaipengzheng
340,16876706,"zijun zhang","2026-09-30 22:14:01",2211.6,2,kongmu0503
341,16947214,gogogogogo,"2026-09-30 16:17:40",2210.8,2,"bzttub,hehahakl,michaelyu99,y1jun0000"
342,16810104,Mahoraga,"2026-09-30 20:08:23",2208.4,2,hemanthraju311
343,16742439,"Shangshang Zhang","2026-09-30 17:10:36",2208.3,2,msvzss
344,16627888,atl132,"2026-09-30 01:04:26",2208.2,2,atl132
345,16704466,"QQ Farming","2026-09-30 23:27:57",2208.0,2,"dzjiann,hdhsjdjd,keithtyser,mitubant,ngyzly"
346,16657796,"parv goyal2","2026-09-30 22:31:25",2207.7,2,parvgoyal2
347,16917715,BIGWin,"2026-09-30 07:04:57",2205.8,2,"jackerdu,pinjiewang,sunjiadong12,sunruiwang"
348,16697395,darktetradgod,"2026-09-30 22:48:35",2205.0,2,darktetradgod
349,16728492,ほのぼの牧場,"2026-09-30 00:01:14",2202.4,2,masatoshitaniguchi
350,16725899,Zhenghongshuang,"2026-09-30 16:34:14",2202.3,2,zhenghongshuang
351,16651806,shawnYiB,"2026-09-30 12:56:36",2202.1,2,"mike17cui,shawnyib"
352,16693965,ra5anchor,"2026-09-28 17:05:02",2198.3,2,junmitsui
353,16703315,"Ryan Triplett","2026-09-30 20:50:18",2198.2,2,ryantriplett
354,16784943,"Ian lin","2026-09-30 23:23:43",2197.2,2,ianlin310707
355,16730334,"Have a nice trip in USST","2026-09-30 23:13:08",2192.9,2,"eugeneyeung,grace7523,sztszt0726,tuskig,wzh20050212"
356,16847578,"Tim Chernov","2026-09-29 21:14:10",2192.8,2,saffff
357,16622349,"Mengfei Li","2026-09-30 23:57:53",2192.1,2,meli19
358,16861278,"Michael Pershin","2026-09-30 22:49:32",2191.3,2,michaelpershin
359,16690763,chungkuangwen,"2026-09-27 10:49:12",2190.6,2,chungkuangwen
360,16669935,"Roman Svet","2026-09-30 20:58:23",2189.8,2,romansvet
361,16658946,theredbluepill,"2026-09-30 23:50:01",2189.8,2,poonszesen
362,16674961,"Ilya & Yurnero","2026-09-30 16:29:06",2188.3,2,"samson8,test7845"
363,16630729,"american gothic","2026-09-30 23:50:02",2185.5,2,grennwolf
364,16888282,Sheeesh---,"2026-09-30 23:55:05",2185.1,2,hamzaaitmohamed
365,16942378,"Cheese Burgers","2026-09-30 17:43:13",2184.9,2,"gaippi,mrkoolguy"
366,16622898,"sbol ball","2026-09-29 21:23:12",2184.6,2,"linearbasis,maksimkostritsya"
367,16743656,Deskbo,"2026-09-30 23:49:47",2184.5,2,deskbo
368,16674881,"Saisree Dhanasekaran","2026-09-30 22:12:33",2184.1,2,saisreedhanasekaran
369,16754670,XJ,"2026-09-30 13:04:45",2183.9,2,xiaokunxia
370,16675486,"SALAH ELDIN ELNABARAWY","2026-09-30 23:30:10",2183.8,2,salaheldinelnabarawy
371,16730719,Xiaowenhao404,"2026-09-30 23:15:10",2183.7,2,xiaowenhao404
372,16810299,spencersi123,"2026-09-30 17:19:53",2180.3,2,spencersi123
373,16853849,emreaydin,"2026-09-30 20:57:01",2179.5,2,aydinemre
374,16736265,"Marko Rupnik","2026-09-30 23:29:34",2179.4,2,markorupnik
375,16654783,quantara.cv,"2026-09-29 23:38:26",2178.4,2,goth55
376,16847812,tw1nstar,"2026-09-30 16:49:13",2178.2,2,"candaceward,supermanking,waekeee"
377,16754112,"rhythm master","2026-09-30 14:08:25",2177.3,2,"lukaswong,nairurga,vincent19543,zaynedong"
378,16798694,"PostgreSQL DBA","2026-09-30 14:03:18",2176.6,2,nintendojoa
379,16630752,motemen,"2026-09-30 16:20:12",2175.9,2,motemen
380,16829239,tomfng,"2026-09-28 13:30:08",2174.6,2,tomfng
381,16672325,Ispagiytiy,"2026-09-30 22:00:14",2174.1,2,ispagiytiy
382,16808905,"Yusaku Muroya","2026-09-30 22:34:59",2173.1,2,ymuroya47
383,16651244,"Knight of Favonius","2026-09-30 22:41:39",2172.5,2,ladyfaye
384,16738145,綿鍋だよん,"2026-09-30 20:18:01",2171.1,2,potrue
385,16828244,AGSaturn,"2026-09-30 13:42:29",2170.8,2,polyuhst
386,16655114,"Hippo Farming Ltd.","2026-09-30 23:22:32",2170.8,2,felixmneumann
387,16859963,Liuzonglin,"2026-09-30 16:05:51",2169.2,2,linxii012
388,16890510,"Ivan Vybornov","2026-09-30 22:27:37",2168.7,2,ivanvybornov
389,16775242,"Timothee Henry","2026-09-30 13:14:58",2166.4,2,timhenry
390,16673109,"Surya Bhattiprol","2026-09-30 15:51:25",2165.9,2,suryabhattiprol01
391,16711317,"yf D","2026-09-30 02:26:23",2160.9,2,dengvitruviano
392,16861362,我小栗帽要娶藤正进行曲！！！💍,"2026-09-30 22:58:38",2160.2,2,"praveensahukari,rubiakaslana"
393,16935560,南山3G战神,"2026-09-29 07:11:35",2159.5,2,"dongxinwan,jyo5200,linkenfaqiu8290,vincent8491,wxh20031103"
394,16854842,ijiiok,"2026-09-26 19:44:27",2158.4,2,ijiiok
395,16693904,DeeperNet,"2026-09-30 23:00:29",2156.7,2,"deepernet,kkkggg,xblade"
396,16641171,"Sadettin Şamil Verdil","2026-09-28 13:59:38",2153.9,2,sadettinamilverdil
397,16633790,curiosity,"2026-09-30 18:50:18",2153.8,2,chmffwn1
398,16905243,Nyassy,"2026-09-30 23:18:21",2153.7,2,ka4869
399,16845258,Squirrel,"2026-09-30 19:37:17",2151.8,2,bunnykeeper
400,16762769,"Jacques Buis","2026-09-30 19:50:24",2150.9,2,jacquesbuis
401,16861302,YieldCurve,"2026-09-30 15:12:38",2150.8,2,"gendaijin,haruna015"
402,16846958,"Constantin Craciun","2026-09-30 09:32:15",2148.8,2,constantincraciun
403,16933749,ctree4113,"2026-09-30 17:49:03",2148.4,2,yitree
404,16706321,lumen,"2026-09-30 14:21:32",2147.5,2,lumenyuto
405,16632783,chocolat,"2026-09-30 20:05:00",2146.3,2,chocolatnya999
406,16667774,"Ziad EL ARARI","2026-09-30 23:42:58",2145.4,2,ziadelarari
407,16748142,"Hikaru Umeda","2026-09-30 22:51:51",2145.1,2,hikarumeda1030
408,16726915,"인공저능연구소( Artificial Idiocy Lab )","2026-09-30 13:14:35",2145.0,2,megayak
409,16656452,"Kudo 🏆","2026-09-30 22:18:27",2140.2,2,nguyenchicuong
410,16690805,"Alejandro Ayestaran","2026-09-28 18:18:26",2139.4,2,alejandroayestaran
411,16903770,UYHHHHYu,"2026-09-30 19:17:02",2138.5,2,yhhhhyu
412,16904028,BraydenPikachu,"2026-09-29 06:08:31",2137.8,2,braydenpikachu
413,16833141,yomogii,"2026-09-30 23:51:16",2137.7,2,yomogii
414,16677342,Fedor,"2026-09-30 11:26:13",2136.4,2,fedorchuprakov
415,16661118,"Sirui Zeng","2026-09-30 17:03:39",2135.8,2,siruizeng
416,16633552,Unkn0wn,"2026-09-30 22:08:09",2135.2,2,"harnadshilpa,nagendraadisesha"
417,16656500,奶龙宝宝爱种田吖,"2026-09-30 06:29:05",2134.4,2,"a982295350,bertmacutata,blencanierice,dangzhiyuan,imoxzm"
418,16623990,senkin13,"2026-09-30 07:02:31",2133.2,2,senkin13
419,16809263,"Bertan Pank","2026-09-30 20:22:55",2132.1,2,bertanpank
420,16917382,"Anand Singh","2026-09-28 13:56:26",2131.6,2,anandsingh8687
421,16807538,Asterope,"2026-09-29 23:25:14",2131.6,2,jianlee0
422,16809294,Cherie01,"2026-09-30 12:48:56",2130.9,2,cherie01
423,16806023,"Eesh saxena","2026-09-30 21:56:07",2130.7,2,eeshsaxena
424,16810078,Sam-wiz,"2026-09-30 14:05:39",2127.5,2,samwiz
425,16931056,zhangsan1224789,"2026-09-30 17:21:27",2127.2,2,zhangsan1224789
426,16730065,Blu3s,"2026-09-29 23:02:22",2127.2,2,"atteincueo,ausrine"
427,16750416,QQ农场,"2026-09-30 23:50:39",2127.0,2,"dqfeng,gvione"
428,16644724,"Kaggriculture Agent","2026-09-30 23:00:18",2124.7,2,"jiweiliu,tonylica,yiheng"
429,16700211,miya,"2026-09-30 05:10:44",2122.6,2,miyamuratakeki
430,16748154,taiseiu,"2026-09-30 11:37:44",2121.6,2,taiseiu
431,16634537,"How to Make Bread from N2","2026-09-30 07:41:04",2117.7,2,yuki11ii
432,16638909,mbscgi,"2026-09-28 01:24:14",2117.2,2,mbscgi
433,16743647,bono,"2026-09-30 23:04:24",2117.1,2,kjoonha
434,16640807,TS,"2026-09-30 17:07:31",2116.7,2,"macomacoo,milkcoffeen,takumi0220"
435,16674353,"Lakshmanan R","2026-09-30 20:31:06",2114.9,2,lakshmanankumar02
436,16658732,Olympus,"2026-09-30 14:19:39",2114.8,2,"jiseungwoo,peppersaltman"
437,16853894,"Ilya Usmanov","2026-09-30 22:54:11",2114.7,2,"ilyausmanov,kolesnikovia,makskhan"
438,16632224,"Millia il Velch Cutrettola","2026-09-30 07:36:25",2114.2,2,yamakawanin
439,16882022,URAD,"2026-09-30 22:58:43",2113.8,2,uradkr
440,16949818,MachineLearner,"2026-09-30 17:41:53",2112.8,2,anesabbad
441,16850509,LS,"2026-09-28 20:56:49",2111.1,2,shannanl
442,16923122,RangerSnow,"2026-09-30 15:01:07",2109.3,2,rangersnow
443,16622454,automatylicza,"2026-09-30 00:01:55",2109.1,2,automatylicza
444,16889691,"Evil Mango","2026-09-24 19:57:10",2108.8,2,"theevilpiggie,yangbai2026"
445,16688159,"aildar &  slopernak & bobot","2026-09-30 23:40:07",2108.0,2,"eldarkhisamutdinov,mernak,vladimirbagmanov"
446,16908263,Paing,"2026-09-30 03:13:30",2107.5,2,painghtetsw
447,16762735,"Zenith Ye","2026-09-30 01:42:05",2106.8,2,zenithye
448,16622330,"hiroshi murakami","2026-09-30 21:25:01",2106.7,2,zabojeb
449,16795844,Azamaro,"2026-09-30 16:08:38",2106.6,2,azamaro
450,16731275,carbonapi,"2026-09-30 23:58:20",2106.4,2,nonempty
451,16629685,mikelou1,"2026-09-30 22:14:29",2106.2,2,mikelou1
452,16705390,"Subramanya N","2026-09-30 23:54:07",2105.3,2,subramanya1997
453,16845367,kyy666,"2026-09-30 22:04:23",2104.3,2,"kyy666,robertmcwang"
454,16855857,tchufers,"2026-09-25 19:41:27",2104.2,2,viniciusraupp
455,16730323,fufufukakaka,"2026-09-30 22:53:40",2102.7,2,fufufukakaka
456,16640048,"extra eclaire","2026-09-30 11:53:00",2102.3,2,"aeniminu,extraeclaire"
457,16740419,IamDiganta.7,"2026-09-30 23:51:55",2100.1,2,iamdiganta7
458,16735744,老乡,"2026-09-30 23:45:48",2099.8,2,"hboyang,junjiezhou5100"
459,16690353,b13902103_yuhung94,"2026-09-22 02:00:14",2099.8,2,yuhung94
460,16651332,"Le Viet","2026-09-30 06:57:58",2098.8,2,sleepyssr
461,16684250,"Alexander Sokolov","2026-09-27 06:57:58",2098.4,2,cheeec0
462,16743852,"Alexander & Erik","2026-09-30 23:55:01",2098.0,2,"alexandermlad,erikpymay"
463,16867799,"Chris Deotte","2026-09-28 11:49:26",2097.4,2,cdeotte
464,16667242,"Gleb Tumanov","2026-09-30 17:57:31",2097.0,2,crachton
465,16687649,track,"2026-09-30 20:28:30",2095.0,2,"a2nt1as2n,ahmedberatozer,omerlleez"
466,16653044,"Claudex - An","2026-09-30 23:56:33",2094.2,2,"binhdth,buphmquc,hainguyenthien,pntan17"
467,16798172,"Dmytro Maliarenko","2026-09-30 07:16:24",2091.8,2,arxitekton
468,16725564,NoPlanB,"2026-09-30 23:34:20",2090.0,2,kduncanrobertson
469,16685763,"koren sabag","2026-09-30 23:51:44",2089.7,2,korensabag
470,16892288,"Omar Althobaiti","2026-09-30 19:27:00",2088.8,2,omarahmedalthbite
471,16681893,morality0707,"2026-09-30 21:02:10",2088.7,2,morality0707
472,16846677,涵哥,"2026-09-30 08:01:01",2087.9,2,jinfanhahaha1
473,16685548,"Erfan Eshratifar","2026-09-30 19:59:43",2086.8,2,erfaneshrati
474,16711376,"Arman Tuganbaev","2026-09-29 14:19:22",2086.7,2,armantuganbaev
475,16837491,takaito,"2026-09-30 15:37:12",2086.1,2,takaito
476,16806556,KyryloBakumenko,"2026-09-30 08:15:39",2085.9,2,kyrylobakumenko
477,16656496,"Vaibhav Gupta","2026-09-27 15:46:58",2085.4,2,vaihero
478,16867734,SH11235,"2026-09-30 21:16:59",2085.3,2,sh11235
479,16764499,"Edwards Neuron","2026-09-30 23:50:58",2085.1,2,edwardsneuron
480,16925409,Silver,"2026-09-30 15:52:04",2084.4,2,gshy2028
481,16847189,"porosyonok Beib","2026-09-30 23:19:24",2083.8,2,rocinantt
482,16870342,"CHEN Xiang","2026-09-30 20:32:21",2083.3,2,intoxicatinglips
483,16795131,XuanxuChem,"2026-09-30 23:09:02",2083.2,2,zhaonoah
484,16933535,Binbin022,"2026-09-30 23:17:17",2083.0,2,binbin022
485,16749342,crasal,"2026-09-30 13:16:48",2082.8,2,crasal
486,16658185,"Juwon Kweon","2026-09-30 19:18:02",2081.5,2,juwonkwon
487,16832209,enduejdu,"2026-09-30 18:05:35",2081.4,2,"cliff376,enduejdu,vvennie,yuwenyue"
488,16693215,"Izzoudine Mohamed KANTA","2026-09-28 04:49:33",2078.4,2,izzoudeenkanta
489,16908623,42,"2026-09-30 16:41:08",2078.4,2,"ffy208,kefeiyan,yirenw11"
490,16768385,neibyr,"2026-09-30 19:22:29",2076.9,2,neibyr
491,16924283,"Hello kaggle","2026-09-30 10:31:42",2076.0,2,gehaohua
492,16655190,"Will Rice","2026-09-30 23:15:49",2075.9,2,willrice
493,16677938,"Hajime Tamura","2026-09-30 23:38:44",2074.9,2,thajime
494,16946062,Dlyra,"2026-09-28 20:05:31",2074.7,2,tyronnaidoo
495,16762019,mqjx,"2026-09-30 22:33:48",2074.4,2,"jifengjianhao666,mqingcs"
496,16730076,SJY321,"2026-09-30 13:25:05",2074.0,2,sjy321
497,16635108,"cabbage corp","2026-09-30 17:54:39",2073.6,2,"kagglercs,phoenix0501"
498,16715235,l1aF,"2026-09-30 16:22:51",2072.5,2,hhhoang
499,16795448,ultimatum_game,"2026-09-30 22:25:08",2070.0,2,"ultimatumgame,walrushero"
500,16841940,"Hakkı Besim Bardakçı","2026-09-25 13:53:39",2067.9,2,xdebron
501,16885561,goodpjw2008,"2026-09-30 22:53:19",2067.6,2,goodpjw2008
502,16644882,"SAMOILOV MIKHAIL","2026-09-30 20:36:41",2067.0,2,samoilovmikhail
503,16853805,yefenfei,"2026-09-30 23:33:07",2065.6,2,"stargazer7c,yefenfei,yuchenzhanlulu,zhengweibin1026"
504,16801351,デワンシュ,"2026-09-30 14:00:26",2064.6,2,shade012
505,16623608,"Dmitry Larko","2026-09-30 22:33:58",2064.4,2,dmitrylarko
506,16713262,"Seyit kaan Gunes","2026-09-30 20:03:15",2063.8,2,seyitkaangunes
507,16724366,"YASH JAIN","2026-09-30 22:17:20",2060.6,2,yashjain911
508,16923256,Rio,"2026-09-30 13:04:12",2060.0,2,ryosukehada
509,16674174,"Ramesh Arvind","2026-09-29 07:22:22",2058.9,2,rameshln
510,16634149,"Hozuma ITOBAYASHI","2026-09-30 23:44:32",2058.2,2,hozumaitobayashi
511,16731776,ASH,"2026-09-30 21:06:35",2058.1,2,pentannnn
512,16796238,"Zhongyi Dai","2026-09-30 22:01:12",2057.7,2,zhongyidai
513,16940889,Yoshiki_Nakamura,"2026-09-30 22:27:45",2057.3,2,yakizakana629
514,16683952,"Maksimov Evgeniy","2026-09-30 22:31:36",2057.2,2,maxevg
515,16870986,Taeyang,"2026-09-30 23:53:27",2056.8,2,"lucas040,taeyangg4,xox787,yw8837"
516,16933836,arumajiro,"2026-09-30 21:30:14",2056.7,2,excellentarumajiro
517,16891965,artem3605,"2026-09-30 11:16:20",2055.0,2,artem3605
518,16632245,u,"2026-09-30 22:18:56",2053.2,2,"apostoloskontarinis,curbotron13,halzweiman,josephmcgonaglebrown,shreyanshpoddar"
519,16791828,Ling,"2026-09-30 15:09:20",2053.1,2,lingbia
520,16752740,BorisV,"2026-09-30 13:52:19",2051.7,2,bvoskresenskii
521,16732210,tanadai,"2026-09-30 23:43:27",2050.9,2,da0516
522,16663649,"Akhil Chinta","2026-09-30 19:14:45",2049.8,2,akhilchinta1505
523,16860784,xxxx0314,"2026-09-30 17:39:30",2049.4,2,"kirklandsan,xxxx0314,yunfeiyang223"
524,16655129,"Morylov Yehor","2026-09-30 00:26:02",2046.6,2,morylov
525,16736427,KouFu,"2026-09-29 16:39:31",2046.6,2,kouheif
526,16658618,"philip georgiev","2026-09-30 18:09:04",2046.0,2,philipgeorgiev
527,16839986,"XIAO MA","2026-09-30 21:10:12",2045.9,2,linusm020311
528,16625908,trantrikien239,"2026-09-30 23:04:53",2045.3,2,trantrikien239
529,16663818,"Mike Mordetsky","2026-09-30 21:03:48",2042.1,2,mikemordetsky
530,16710464,ns0329,"2026-09-30 16:58:15",2041.1,2,ns0329
531,16701779,"Chaoqi Luo","2026-09-30 09:31:31",2040.8,2,chaoqiluo7
532,16783642,base_camp_2002,"2026-09-30 13:07:14",2040.4,2,basecamp2002
533,16732507,怒破餓鬼,"2026-09-30 19:17:19",2040.3,2,"alcoholcat,makishis,ryutokeshi,yuinokogawa"
534,16682494,Phi,"2026-09-30 13:02:46",2039.1,2,ajinomoto132
535,16823116,一路向北,"2026-09-30 21:19:27",2036.7,2,chronoscop
536,16729413,KharinTymofii,"2026-09-30 17:35:09",2036.4,2,kharintymofii
537,16677337,"xi luo","2026-09-30 17:23:31",2036.2,2,xiluo00
538,16679812,"Xiang Li","2026-09-30 15:39:53",2036.1,2,xianglipee
539,16630779,Jimmer,"2026-09-30 20:35:29",2036.1,2,przemysawonr
540,16669123,"Alex #2","2026-09-30 14:07:49",2035.5,2,alxdfy
541,16839983,hana87hana,"2026-09-30 07:49:23",2034.7,2,hana87hana
542,16743240,yoshino,"2026-09-30 14:28:33",2033.9,2,shirayukiaya
543,16811313,Ta_____ko,"2026-09-30 14:16:25",2033.5,2,tako1249
544,16918460,cotton0025,"2026-09-29 10:00:14",2033.3,2,cotton0025
545,16822071,"aisormo P.H","2026-09-30 15:28:26",2032.4,2,aisormoph
546,16762208,CrazyML,"2026-09-30 18:02:03",2032.3,2,"janhvikhattri,sorcererbi,vedanshipathak"
547,16888885,"Rômulo Drumond","2026-09-30 20:17:55",2032.1,2,romulodrumond
548,16671588,"Keisuke & rererenore & Kifine","2026-09-30 23:45:03",2032.1,2,"keisukeueda,liaoyingxi,rererenore"
549,16721384,Hackoholics,"2026-09-30 22:49:53",2031.7,2,"limyenhui,richierx"
550,16740996,ikevayansky,"2026-09-30 20:00:40",2031.3,2,ikevayansky
551,16640683,Jason-Oh,"2026-09-30 23:53:13",2031.1,2,dossantoss
552,16798602,uns.t,"2026-09-30 12:36:30",2029.8,2,franksunp
553,16659295,snaykey,"2026-09-30 23:22:09",2029.8,2,snaykey
554,16829053,BigAngel,"2026-09-29 07:47:49",2029.3,2,kevin8093
555,16718138,Haalandspring,"2026-09-30 18:22:43",2027.7,2,haalandspring
556,16872204,"Nguyễn Trần Thanh Bình","2026-09-30 17:27:25",2027.7,2,nguyntrnthanhbnh
557,16823467,"Riki Uchida","2026-09-30 12:31:37",2027.0,2,rikiuchida
558,16670032,Kenjo1209,"2026-09-30 22:40:00",2026.8,2,kenjo1209
559,16623616,nasubiman,"2026-09-30 22:40:56",2026.3,2,yousukenakamura
560,16722500,"Mike Murunov","2026-09-30 17:57:00",2026.1,2,mikhailmurunov
561,16720696,Ankit0017,"2026-09-30 04:59:57",2025.1,2,ankit0017
562,16946558,Kamilek,"2026-09-30 21:45:50",2024.6,2,kamillek
563,16910680,colum2131,"2026-09-30 08:25:42",2024.2,2,columbia2131
564,16700204,"ZHOU HONGYI","2026-09-30 15:59:46",2023.8,2,zhouhyz
565,16622338,github/shepsci/kaggle-skill,"2026-09-30 06:21:48",2023.4,2,shepscientific
566,16867120,"DaoHe Liu","2026-09-30 16:25:01",2022.6,2,daoheliu
567,16939190,Ichika,"2026-09-30 13:23:30",2021.8,2,natsue
568,16784217,MMN0222,"2026-09-30 05:47:59",2021.5,2,mmn0222
569,16709809,RiyaSoni20,"2026-09-30 03:27:35",2021.3,2,"riyasoni20,rudraamin06"
570,16786092,Shiru2,"2026-09-30 23:21:58",2021.3,2,shiru2
571,16919131,"Argyris Anastopoulos","2026-09-30 10:34:56",2020.6,2,argyrisanastopoulos
572,16839389,lizs,"2026-09-30 20:56:13",2018.4,2,chiila
573,16811948,"xiao xiongwei","2026-09-30 15:48:17",2018.1,2,"huyang111,lixuefeng2336,sherikavotta,xiaofangzhangxfz,xiaoxiongwei"
574,16793535,Pink,"2026-09-30 18:22:57",2017.8,2,farjanaafrinswarna
575,16702590,Aashka,"2026-09-30 15:17:28",2016.7,2,aashka
576,16861198,Eggplanck,"2026-09-30 23:31:23",2016.3,2,gyozzza
577,16727171,yfy,"2026-09-30 23:49:04",2016.2,2,qwidndbdjss
578,16799428,hatata,"2026-09-30 07:02:44",2015.9,2,hatata3737
579,16729280,"Ryoya Tsuruoka","2026-09-30 23:49:47",2015.2,2,"irohasorange,mrooto,rahaia"
580,16716558,"Evan Tobias","2026-09-29 20:22:40",2013.9,2,evantobias
581,16684202,Ignat,"2026-09-30 16:02:33",2012.7,2,ignatgotin
582,16867277,"Aura Farmer","2026-09-26 18:27:29",2011.4,2,oriolhinojocomellas
583,16843436,ktaery,"2026-09-30 06:45:28",2011.4,2,ktaery
584,16635663,"Pascal Pfeiffer","2026-09-30 20:25:21",2011.2,2,ilu000
585,16927774,shuto,"2026-09-30 19:59:44",2009.2,2,shutohorie
586,16633688,Ryo,"2026-09-30 18:22:28",2009.1,2,ryosukekurakami
587,16898651,Kitsune0o,"2026-09-30 17:39:15",2008.9,2,theodaimones888
588,16639705,"Yuta Tomimasu","2026-09-30 09:11:27",2008.5,2,yutatomimasu
589,16677810,"Maksim Borisov","2026-09-30 23:40:12",2008.0,2,ma4ypic4y
590,16861768,koala_bear,"2026-09-30 23:48:28",2006.3,2,jpkoalabear
591,16642128,"MAC SAHO","2026-09-30 23:51:08",2006.2,2,macsaho
592,16765233,Shun,"2026-09-30 22:27:57",2006.2,2,shunchan0677
593,16938244,"Yeashu Semwal","2026-09-30 23:21:14",2005.6,2,yeashusemwal
594,16637987,Xander,"2026-09-30 23:47:13",2004.8,2,"badboiriri,canqiang,xiuyang88"
595,16634246,just_calculate,"2026-09-30 05:29:04",2004.0,2,justcalculate
596,16774701,@Suzumaru_1666,"2026-09-30 07:23:53",2003.5,2,suzumaru1666
597,16891703,"Rasmus Hulthe","2026-09-30 20:26:19",2003.1,2,zazmuz
598,16654091,webmaking,"2026-09-30 17:04:12",2002.9,2,webmaking
599,16761293,cha7ura,"2026-09-30 22:26:11",2001.7,2,cha7ura
600,16666784,"Michał Łapiński","2026-09-30 22:01:05",2000.0,2,michaapiski
601,16735094,RngRng,"2026-09-29 17:25:50",1999.1,2,rngrng
602,16898165,"Mahmoud Nasser","2026-09-30 22:21:45",1998.6,2,lomnafsk
603,16860129,sonny_01,"2026-09-30 21:54:08",1998.1,2,sonnymupfuni01
604,16707467,kay.liechtenstein,"2026-09-30 23:20:50",1997.5,2,kayliechtenstein
605,16885548,"Anand Kumar 369o","2026-09-30 14:15:41",1995.5,2,anandkumar369o
606,16772204,"Hamam Ahmed","2026-09-30 19:40:00",1995.4,2,hamamelsanousi
607,16878458,"Sho Saga","2026-09-25 00:13:47",1994.2,2,shosaga
608,16941020,"Artur Markosyan","2026-09-30 13:07:34",1994.0,2,arturmarkosyan2
609,16773064,Madokami,"2026-09-30 21:50:20",1993.8,2,sonuyadav710
610,16717787,Bull,"2026-09-30 23:40:50",1993.7,2,welshonionman
611,16932366,"Mehrdad Naderi","2026-09-29 15:01:12",1993.4,2,mehrdadnaderi
612,16775076,hiros,"2026-09-30 17:19:33",1993.1,2,hiroshige1
613,16631115,prvsiyan,"2026-09-30 23:44:42",1993.1,2,prvsiyan
614,16633341,Hak,"2026-09-30 19:16:09",1993.0,2,hakdevelopment
615,16638918,"Nawap Bastola","2026-09-30 07:37:01",1992.6,2,nawapbastola
616,16942819,Mositaku,"2026-09-30 16:48:11",1992.6,2,versavice
617,16769491,"Ivan Ternovskiy","2026-09-30 14:47:13",1992.4,2,aristophanivan
618,16756411,"Maximo Uribarri","2026-09-30 19:45:18",1992.0,2,maximouribarri
619,16899084,"Asan Ashirov","2026-09-30 18:42:37",1990.9,2,asanashirov
620,16930535,wind,"2026-09-30 20:47:58",1990.0,2,"sfkmzy,windbyluck"
621,16782193,nal_nh906,"2026-09-30 14:23:40",1989.7,2,hhan09
622,16701258,ln,"2026-09-30 19:18:16",1989.4,2,"flentz,nazarov"
623,16860293,kobq,"2026-09-30 15:30:39",1989.2,2,kooobq
624,16732496,kanno,"2026-09-30 07:53:05",1988.8,2,kannomasaki
625,16621163,john,"2026-09-30 16:44:43",1988.0,2,jaejohn
626,16742139,ALLAI,"2026-09-30 17:40:14",1987.8,2,glorysing
627,16653085,"haoran huang430","2026-09-30 19:08:13",1987.6,2,haoranhuang430
628,16763274,vinceybb,"2026-09-30 16:05:18",1987.6,2,vinceybb
629,16709905,Rospel,"2026-09-30 03:12:39",1987.6,2,rospel
630,16822602,haru0707,"2026-09-29 15:27:16",1987.4,2,"haru0707,kiduna"
631,16847609,"Aura Farmers","2026-09-30 23:45:14",1987.2,2,"adriana0022,ayrnpn,shengkaizhu"
632,16843082,"Mohmed Hafez","2026-09-30 10:51:56",1985.9,2,mohmedatya
633,16892537,"Petr 🐖 the 🚜pig","2026-09-30 18:49:07",1985.9,2,artemkhakimov
634,16796370,Z-A,"2026-09-28 15:07:02",1985.6,2,"dfgtde,yuyizhu"
635,16889224,"Ishan Karnick","2026-09-30 17:52:15",1984.7,2,"ishankarnick,trinitynusca31"
636,16848956,"HadBoumoussa's Farm 🌾","2026-09-30 19:49:21",1984.1,2,hkassimi
637,16755650,"kazuki morikawa","2026-09-30 23:29:59",1984.0,2,kazukimorikawa
638,16891602,keidroid,"2026-09-30 23:55:20",1983.7,2,keidroid
639,16876126,1fan,"2026-09-30 14:49:03",1983.5,2,wurrfv
640,16693534,HireMe,"2026-09-30 19:28:02",1983.2,2,junta1104
641,16728910,Thai,"2026-09-27 08:28:29",1983.1,2,hnthai
642,16623458,datnt114,"2026-09-30 17:32:08",1982.9,2,kingkong153
643,16745138,yok,"2026-09-30 17:33:40",1982.5,2,yokoinaba
644,16624934,"Haramball forever!","2026-09-30 17:35:32",1982.4,2,envyy23120093
645,16705830,"Grim Reaper","2026-09-30 22:35:35",1982.3,2,fathomable
646,16805171,Mario,"2026-09-30 06:45:41",1980.6,2,mwalkiew
647,16777134,Tom&Jerry,"2026-09-30 15:50:57",1980.6,2,tomjerry101
648,16778340,NayuNayu,"2026-09-30 15:49:32",1980.1,2,nayunayu1005
649,16699722,Dicere,"2026-09-30 21:54:36",1979.0,2,thedark735
650,16885498,farmhouse,"2026-09-30 16:01:10",1979.0,2,tomoyayanagi
651,16936328,JerryChen,"2026-09-30 07:20:54",1977.8,2,horse602
652,16821420,Sight,"2026-09-30 23:37:55",1976.5,2,"cai12341234,crimsurfer,jingwenxu85,sakurasss,yuankunzou3"
653,16647324,GG-bond,"2026-09-30 08:14:20",1975.4,2,wyhwyh123
654,16769990,delai50,"2026-09-30 08:57:04",1975.3,2,delai50
655,16661050,Master_S1ave,"2026-09-30 22:05:00",1975.3,2,masters1ave
656,16861885,"Олег Бабков","2026-09-30 05:07:19",1975.1,2,jabberwock78
657,16638651,Emre,"2026-09-29 19:24:06",1974.8,2,emre690
658,16843864,IkeKodd,"2026-09-30 23:57:19",1974.3,2,"ikekodd,pinluk"
659,16794542,ysd1110,"2026-09-30 19:29:33",1973.3,2,ysd1110
660,16789745,LoveLetter,"2026-09-30 23:37:22",1970.9,2,arthasmenethil
661,16734667,sadanamaru,"2026-09-29 11:31:49",1970.9,2,sadanamaru
662,16813899,blueshine,"2026-09-30 22:34:55",1969.7,2,minagawateru
663,16657646,mountainbob,"2026-09-30 17:15:45",1969.5,2,shongpakmanoon
664,16796241,"pavan rajr","2026-09-30 18:42:16",1968.9,2,pavanrajr
665,16640058,"Justin CH123","2026-09-30 20:40:42",1968.8,2,justinch123
666,16878119,Aryan.Ahl,"2026-09-30 23:04:36",1968.3,2,aryanahl
667,16622459,"Munal Singh","2026-09-30 13:01:25",1967.9,2,munalsingh
668,16683755,"Meng Di","2026-09-30 02:19:29",1967.5,2,hughshaoqz
669,16781166,Ant,"2026-09-30 23:46:45",1967.4,2,anthonytrevino
670,16784401,east,"2026-09-30 18:16:57",1967.3,2,eastxe
671,16664132,kojingbo,"2026-09-30 20:07:42",1966.9,2,kojingbo
672,16657316,只因,"2026-09-30 20:16:43",1966.1,2,"jasonxusk,mingkangyan,no13ody,renmin517"
673,16762302,别ban我claude,"2026-09-30 20:52:36",1965.9,2,oxfffs
674,16743392,tellurium_rrr,"2026-09-30 14:24:03",1965.6,2,telluriumrrr
675,16730881,hank0123,"2026-09-30 19:45:41",1964.4,2,hank0123
676,16947863,"Minato Namikaze","2026-09-30 10:12:57",1962.9,2,arunklenin
677,16657547,"Pranav Thota","2026-09-29 10:30:59",1962.5,2,pranavthota
678,16859815,alcanta,"2026-09-30 18:42:10",1961.9,2,ccotiuga
679,16730673,"John Doge","2026-09-30 23:35:03",1960.9,2,spacedoge
680,16751820,yy,"2026-09-29 00:49:57",1960.7,2,hirokiyamazaki
681,16675708,"Mahder Tesfaye Abebe","2026-09-30 21:01:21",1960.7,2,mahdertesfayeabebe
682,16759037,Yuyannnn,"2026-09-30 11:22:27",1960.3,2,yuyannnn
683,16683936,Cyrus,"2026-09-30 18:41:14",1960.2,2,jamalsaeedi
684,16756062,"Thomas #2","2026-09-30 18:04:47",1959.2,2,tommurakami
685,16777710,"Clement Lau","2026-09-30 17:35:27",1959.1,2,clementlau
686,16623980,Nikita,"2026-09-30 14:37:12",1958.1,2,ivanovnikitawork
687,16838538,"rz cao","2026-09-30 23:20:49",1957.9,2,"caoruizhe,luckybara"
688,16748382,shiiin9,"2026-09-30 23:42:30",1957.8,2,shiiin9
689,16923064,ryomac1,"2026-09-30 14:50:39",1956.9,2,ry1729
690,16775350,"Sourabh Nirwanevht","2026-09-30 18:04:40",1956.8,2,"sourabhnirwanevht,yanggod"
691,16892357,easygame,"2026-09-30 19:07:09",1956.0,2,"kangqinyao,xinjunc"
692,16778640,Kilupy,"2026-09-30 21:05:25",1954.5,2,kilupy
693,16653982,"Arul Prasad S P","2026-09-30 12:21:09",1954.0,2,arulprasadsp
694,16623152,"agentic warriors","2026-09-30 18:12:47",1953.9,2,"ibadia,isabellawoo01"
695,16696607,"Manish modak","2026-09-30 01:59:45",1953.9,2,manishmodak
696,16922434,Raduansm,"2026-09-30 11:49:25",1953.9,2,raduansm
697,16928701,gt50,"2026-09-30 11:08:25",1953.1,2,shawnqjackson
698,16835029,"Generated by Doubao","2026-09-30 03:14:36",1952.9,2,"gutssss,hangzheng1,ppsshh123"
699,16744573,"Oleksandr Kovalchuk","2026-09-30 23:29:41",1952.8,2,oleksandrkovalchuk
700,16623746,Juyong,"2026-09-30 17:43:32",1952.6,2,kimdoong
701,16885059,"Itikela Bhaskar","2026-09-30 18:03:28",1952.5,2,itikelabhaskar
702,16731415,BOB,"2026-09-30 15:59:46",1951.2,2,hotpotbro
703,16748462,"Jiwon Lee","2026-09-30 17:39:31",1949.9,2,jibong7600
704,16732578,nao.kwmr,"2026-09-30 23:02:48",1949.9,2,naokwmr
705,16786382,hylexi,"2026-09-30 07:42:13",1949.0,2,hylexi
706,16922419,"Md Abu Saif","2026-09-30 20:29:50",1948.7,2,mdabusaif48
707,16633190,Gigrise,"2026-09-30 22:14:08",1948.3,2,gigrais
708,16855156,"Lior Toledano","2026-09-30 22:11:11",1947.9,2,liortoledano
709,16765668,shun_johnny,"2026-09-30 12:57:53",1947.8,2,shunjohnny
710,16698661,"Albert Wang","2026-09-30 21:48:22",1947.4,2,mianwang1024
711,16684620,kobayasi,"2026-09-30 23:32:51",1947.4,2,"boomvector,tatsuokoshida"
712,16802486,SHICHIES,"2026-09-30 23:47:58",1946.7,2,shichies
713,16695685,"kwon yong deuk","2026-09-30 22:43:56",1945.9,2,kwonyongdeuk
714,16845833,おかゆん,"2026-09-30 12:55:24",1945.6,2,okayun
715,16739925,nofreewill42,"2026-09-30 05:37:46",1945.5,2,nofreewill
716,16741178,guruguru000,"2026-09-30 23:19:35",1945.3,2,guruguru000
717,16716533,wiffany,"2026-09-30 16:19:26",1945.3,2,wiffany
718,16799934,auhulu,"2026-09-30 20:03:29",1945.2,2,auhulu
719,16865424,"clove instalocker","2026-09-30 15:49:49",1944.1,2,fluorescencexe
720,16674948,habe.sq,"2026-09-30 22:23:52",1944.1,2,habesq
721,16866579,"Fighting Gold","2026-09-30 14:15:24",1943.5,2,sawada
722,16854935,일필휘지,"2026-09-30 14:50:19",1943.5,2,tenkojun
723,16722487,Zotar,"2026-09-30 17:38:36",1942.5,2,chunhinma
724,16762289,NineThree,"2026-09-30 14:26:18",1941.9,2,xiaoazuzong
725,16794730,Fanch,"2026-09-30 15:23:59",1940.8,2,fanch123
726,16623877,Chikuwabu,"2026-09-30 23:08:49",1939.8,2,prgckwb
727,16925277,wanzi,"2026-09-30 05:17:13",1938.5,2,jyw131331
728,16665134,edteoh,"2026-09-30 23:16:24",1938.5,2,edteoh
729,16623034,"Vlad Kochetov","2026-09-30 22:38:34",1937.9,2,vladkochetov07
730,16887107,"Crazy Spirits","2026-09-30 08:24:32",1937.9,2,latents
731,16655383,MtN,"2026-09-28 19:24:36",1937.3,2,mariotrsn
732,16769059,Gabriel,"2026-09-30 23:07:01",1937.0,2,"shawsebastian,tvtdddd"
733,16639871,"Aura Farming","2026-09-30 19:12:21",1936.4,2,"aghbalouanass,gauthieravite"
734,16666442,"SHALWIN SANJU","2026-09-30 12:21:20",1936.0,2,shalwinsanju
735,16944820,Nikouo,"2026-09-30 18:29:48",1935.5,2,nikouo
736,16840466,Bomieee,"2026-09-30 16:03:37",1935.1,2,bomieee
737,16745006,UjjwalPardeshi,"2026-09-30 18:31:42",1933.9,2,ujjwalpardeshi
738,16621153,"Addison Howard (ineligible)","2026-09-30 23:45:52",1933.2,2,addisonhoward
739,16806141,rode1234,"2026-09-30 00:04:30",1933.1,2,rode1234
740,16683529,"Yanis Belami","2026-09-30 23:45:33",1933.1,2,yanisbelami
741,16645426,Jun_value,"2026-09-30 12:59:45",1933.1,2,junvalue
742,16931054,"Daeyoung Ahn","2026-09-30 16:40:23",1933.0,2,daeyoungahn
743,16822519,Lunospital,"2026-09-30 04:13:23",1932.9,2,lunospital
744,16699165,lime0001,"2026-09-30 12:52:23",1932.8,2,lime0001
745,16667219,"Komil Parmar","2026-09-30 23:44:02",1932.7,2,komilparmar
746,16821542,"Hıdır BozkurtT","2026-09-30 22:01:09",1932.6,2,hdrbozkurtt
747,16666434,"JOSHNA ACSHA S 21CS","2026-09-30 12:21:14",1932.3,2,joshnaacshas21cs
748,16623520,asteriam,"2026-09-29 22:03:10",1931.9,2,masatakashiwagi
749,16632006,"Adwait Tagalpallewar","2026-09-30 21:21:52",1931.0,2,adwaittagalpallewar
750,16638887,molspace,"2026-09-30 21:50:56",1930.6,2,nurlybek17
751,16747306,"Yasasvi Josyula","2026-09-30 09:21:35",1930.3,2,yasasvijosyula
752,16743484,"薄和叶 Lv.INF","2026-09-30 23:03:41",1928.8,2,lumine01
753,16700634,"Alperen Söylen","2026-09-30 23:56:55",1928.5,2,alperensylen
754,16744133,"levr hang","2026-09-30 15:43:13",1928.3,2,levrhang
755,16689430,"Terry Luo","2026-09-30 23:21:46",1928.1,2,eimhluo1764
756,16777359,"AI Dmitrii","2026-09-30 21:30:17",1928.0,2,dmitriyulybin
757,16678521,"techno coven","2026-09-30 23:44:34",1927.5,2,"blancaplanca,nevolinaa"
758,16696304,"Utkarsh #2","2026-09-26 07:05:14",1927.4,2,n0va007
759,16663271,"Malyshev Danil","2026-09-30 18:54:46",1927.0,2,"corgisamoyed,malyshevdanil"
760,16636536,tetsu2131,"2026-09-30 23:45:55",1926.3,2,tetsutani
761,16654589,"Rishant Sharma","2026-09-30 23:31:52",1926.1,2,trishtan99
762,16884244,UCAS_fish_wang,"2026-09-30 10:03:21",1924.9,2,yiliu15
763,16698366,Fateyongheng,"2026-09-30 05:25:45",1924.9,2,fateyongheng
764,16866549,"Roman Nesterov","2026-09-30 19:55:10",1924.9,2,romanest
765,16693050,Shoko,"2026-09-29 21:55:18",1922.5,2,abreyton
766,16730577,"Team Rocket’s Orbital Farm","2026-09-30 19:43:18",1922.4,2,koheitsutsumi
767,16659081,"JALKARNA GAUTAM","2026-09-30 07:50:30",1921.6,2,jalkarnagautam
768,16662041,"Sarah Ng","2026-09-30 16:12:28",1921.1,2,thunguyen1510
769,16665785,"Maria Gordeeva","2026-09-30 20:51:26",1920.9,2,heriqis777
770,16658700,"szlachetny snieg","2026-09-30 22:10:21",1920.9,2,takayukiimoto
771,16758982,Boredom,"2026-09-30 23:57:39",1920.5,2,"baodewen,cudacoding,elektromagnetizm,j12345673,mikeyu2026"
772,16633179,infamemconculcemus,"2026-09-30 12:33:38",1920.4,2,jcgweb
773,16896998,YehHua001,"2026-09-29 07:14:47",1920.2,2,yehhua001
774,16852766,MCZK,"2026-09-30 17:52:16",1919.7,2,hitoshimochizuki
775,16875986,"k hori ","2026-09-30 21:54:09",1919.5,2,khori7
776,16832555,"Yanxi Teng","2026-09-30 09:24:03",1918.8,2,yanxiteng
777,16623678,"Mahog & Gerar","2026-09-30 14:37:37",1918.6,2,"gerardeltoro,mahoganybuttstrings"
778,16653303,open5,"2026-09-30 23:53:54",1918.4,2,"chen2yoimiya,huaidezhang,hyt1nn,wahuwahuwahu,zrurfa"
779,16731751,"Nikita Pudovkin","2026-09-30 21:20:18",1918.0,2,nickpudovkin
780,16696999,"HD h Joratos","2026-09-28 03:42:23",1918.0,2,hdhjoratos
781,16651157,StupidXie,"2026-09-30 19:07:36",1917.9,2,stupidxie
782,16670569,Ezzzzzekki,"2026-09-30 13:58:52",1917.7,2,abdullahelzeki
783,16750314,Captainuknow,"2026-09-30 08:14:09",1917.5,2,captainuknow
784,16632119,nickyl,"2026-09-29 00:54:55",1917.4,2,nickyjliang
785,16830390,"Hajime Kumami","2026-09-30 14:50:09",1917.2,2,hajimekumami
786,16931893,IUT_BakeNekos【化け猫】,"2026-09-30 20:09:03",1917.0,2,"didhitinahid,farhanishraqq"
787,16792568,李秉叡（ntumlnoob）,"2026-09-30 23:55:13",1915.9,2,ntumlnoob
788,16886640,holyholy,"2026-09-30 21:51:20",1915.1,2,holy5contents
789,16792681,"MISIS loss volos","2026-09-30 20:43:38",1914.7,2,"bryxosmmm,mors1337"
790,16707144,Kirderf,"2026-09-30 21:06:40",1914.0,2,kirderf
791,16743342,"Артём Свинобоев","2026-09-29 06:51:07",1913.9,3,ssstelmah
792,16778417,"TANG BUDU 19SD195","2026-09-29 17:02:11",1913.5,2,tangbudu19sd195
793,16623449,"Ryo Takaki","2026-09-30 21:41:31",1912.7,2,ryotakaki
794,16785753,"Mizero Lucky Gall","2026-09-30 07:28:52",1912.5,2,mizeroluckygall
795,16811036,"farmin time","2026-09-29 17:32:55",1912.3,2,jaydenszeto123
796,16763897,BackFiring,"2026-09-29 01:29:35",1912.0,2,backfiring
797,16673870,"Yuxiao Wang","2026-09-30 10:48:36",1911.9,2,yuxiaowangx
798,16936172,"полная JEPA","2026-09-30 12:49:25",1911.8,2,levkayumov
799,16696231,"Oleg Smirnov","2026-09-28 17:05:01",1911.7,2,smirnolegov
800,16773026,アルモンド,"2026-09-30 22:02:08",1910.9,2,almondman0707
801,16843755,oguzok,"2026-09-30 17:20:49",1910.5,2,oguzok
802,16944851,Asuka0131_LFG,"2026-09-30 22:37:13",1910.0,2,whisperss
803,16683288,HuaLQin,"2026-09-30 17:36:27",1909.3,2,hualqin
804,16773125,kuroko1t,"2026-09-25 16:49:59",1909.1,2,kuroko1t
805,16734498,kazuhiro3381,"2026-09-30 21:15:14",1908.9,2,kazuhiro3381
806,16639583,typeIIIfairy,"2026-09-30 21:35:51",1908.7,2,typeiiifairy
807,16678693,"Maher el Ouahabi","2026-09-30 10:14:38",1907.7,2,maherelouahabi
808,16687901,Khalid,"2026-09-30 23:55:03",1907.4,2,khalid000000
809,16809874,抹茶屋,"2026-09-30 16:59:58",1906.7,2,havenox
810,16634426,ertu,"2026-09-30 16:23:58",1905.3,2,ozertuu
811,16666977,"Tagir Analyzes","2026-09-30 08:43:45",1905.3,2,tagirkhairutdinov
812,16670537,Silhouette,"2026-09-30 11:01:18",1904.8,2,jamessargsyan
813,16945684,watanabe_sengyo,"2026-09-30 02:24:13",1903.8,2,watanabesengyo
814,16663264,Adarsh,"2026-09-30 20:36:05",1903.3,2,madarshbb
815,16755278,Kaz,"2026-09-30 14:33:05",1902.5,2,kazuyago
816,16849053,z7777,"2026-09-30 20:57:22",1901.2,2,songqizhou
817,16877834,playboicarti,"2026-09-29 06:45:07",1901.0,2,playb0icarti
818,16738852,ZJUwlm,"2026-09-30 15:56:59",1900.8,2,"oonumberone,zjuwlm"
819,16921938,"Hikaru Kambe","2026-09-30 03:39:34",1899.9,2,hikarukambe
820,16705139,gogogo,"2026-09-30 23:32:37",1899.7,2,huzech
821,16895106,linchuhan,"2026-09-28 04:53:18",1899.5,2,linchuhan
822,16847304,"eryue shisi","2026-09-30 21:51:44",1899.2,2,eryueshisi
823,16641548,"Indium AI Labs","2026-09-30 21:10:15",1897.5,2,"devaanshpa,wolframbopp"
824,16894714,"PadroChill Farm","2026-09-30 15:26:14",1897.5,2,"gerbertradmirovich,kastv90"
825,16848396,ColorGram,"2026-09-30 23:39:15",1897.3,2,"colorgram,hagiwarashigechika,himihimi,s1300200"
826,16879127,lihaoruolhr,"2026-09-29 14:50:45",1896.9,2,lihaoruolhr
827,16674508,"Giulio Ravasio","2026-09-30 21:24:24",1896.5,2,giuliorav
828,16738408,kujitama,"2026-09-30 10:56:51",1896.2,2,tyamujin
829,16659920,vkhydras,"2026-09-30 08:30:47",1896.1,2,vickimar
830,16623974,Canon,"2026-09-30 20:14:01",1895.8,2,sotakurihara1
831,16890669,"Fuchun Wang","2026-09-24 09:10:01",1895.7,2,wangfuchunag
832,16664459,gngnher,"2026-09-30 23:53:27",1894.6,2,ryanshunsuke
833,16770089,ouga,"2026-09-30 14:41:54",1894.5,2,ouga1shizawa
834,16775473,LuanHengYu,"2026-09-30 21:02:54",1894.2,2,apexml
835,16696716,MatiasMG,"2026-09-30 15:57:49",1893.9,2,matiasmgonzalez
836,16805918,"kaito ide 31","2026-09-30 14:25:44",1893.8,2,kaitoide31
837,16621500,"Reinforcement Larping","2026-09-30 23:58:44",1893.4,2,"egortkachenko,timzagrebelny"
838,16932323,Matt,"2026-09-30 09:06:25",1892.3,2,mclouter
839,16794207,AlekseiProvorov,"2026-09-30 21:28:30",1891.0,2,leoprovorov
840,16663403,matthewwh,"2026-09-28 11:11:12",1890.4,2,matthewwh
841,16899200,MauoXX,"2026-09-30 17:30:22",1890.1,2,mclster
842,16674831,"nk for work","2026-09-30 23:55:54",1890.0,2,nkforwork
843,16631752,"Junichiro Morita","2026-09-30 20:08:04",1889.4,2,junichiromorita
844,16641130,LitvinKA,"2026-09-30 23:29:29",1888.9,2,litvinka
845,16907393,Logus,"2026-09-30 13:18:56",1888.8,2,logus4704
846,16851474,"HY ISHI","2026-09-30 21:07:35",1888.6,2,hyugaishioka
847,16678618,"Manu Nicholas Jacob","2026-09-29 01:04:39",1887.9,2,manunicholasjacob
848,16944151,kkogai,"2026-09-30 16:52:11",1887.8,2,kkogai
849,16939679,tokawa2997,"2026-09-30 23:04:31",1887.8,2,tokawa2997
850,16633173,"Saulo Quiñones Góngora","2026-09-29 19:42:57",1887.4,2,sauloquionesgngora
851,16698999,Odyssey,"2026-09-30 18:26:47",1887.1,2,a1spirit
852,16811949,PeterDreamHan,"2026-09-30 17:34:26",1886.6,2,"niuwh1004,peterdreamhan"
853,16627032,"Kaito Fukami","2026-09-30 16:06:07",1885.3,2,kaitofukami
854,16623459,"Peng Wang","2026-09-28 22:34:47",1885.1,2,pengwang91
855,16671163,"Suyash Verma","2026-09-30 21:30:20",1884.8,2,suyashdiamond1
856,16919599,yygg2026,"2026-09-30 23:43:25",1884.0,2,yygg2026
857,16775125,weimean,"2026-09-29 12:10:40",1883.5,2,gtwm98
858,16669911,"Batuhan Ustun","2026-09-30 00:27:29",1882.8,2,batustun
859,16767052,KaitoKusumoto,"2026-09-30 23:47:38",1882.2,2,kaitokusumoto
860,16890988,"Aleksandrov Andrey Alekseevich","2026-09-30 19:30:28",1881.9,2,abbeleve
861,16700846,"Vaibhav Patel","2026-09-30 20:04:13",1881.9,2,vaibhavpatel
862,16623071,"Santiago Maniches","2026-09-30 12:06:58",1881.0,2,santmani
863,16810111,"Saket Singh","2026-09-28 11:37:20",1880.8,2,saketsingh9728
864,16771200,DeeSaa,"2026-09-30 18:19:18",1880.2,2,deesaa
865,16764228,鸭专农场,"2026-09-30 03:41:18",1879.7,2,"huadutry,kaixizha"
866,16634704,M.,"2026-09-30 16:58:14",1879.2,2,mahamhc
867,16757635,"Sridip Basu","2026-09-30 10:56:35",1876.9,2,sridipbasu
868,16791369,dataix,"2026-09-30 23:19:25",1876.9,2,codymachody
869,16794167,"Daniel Mineev","2026-09-30 15:27:48",1876.7,2,nilpotent1
870,16750779,"Mao Nishino (mao1756)","2026-09-30 19:55:37",1876.5,2,maonishinomao1756
871,16735066,Saberr,"2026-09-30 23:56:51",1876.5,2,yzheng21
872,16863350,"Horatio Eversfield","2026-09-30 20:50:30",1876.0,2,horatioeversfield
873,16657775,"Raagav & Pieter","2026-09-30 18:42:04",1875.9,2,"peetapit,raagavanand"
874,16655682,"Azamat Sadikov","2026-09-30 19:55:58",1875.6,2,azamatsadikov
875,16738487,"Andrey Shpigar","2026-09-30 22:29:03",1874.6,2,andreyshpigar
876,16708791,atsu0905,"2026-09-30 20:42:34",1874.3,2,atsu0905
877,16732696,naniwazu,"2026-09-29 15:25:03",1874.3,2,naniwazu
878,16655477,Aurora,"2026-09-30 22:54:05",1873.9,2,"niteshranjansingh,themeghajoshi"
879,16804863,JezzLynn,"2026-09-30 21:42:30",1873.5,2,"fresnellll,jezzlin,zemengzero"
880,16848633,umizora,"2026-09-30 21:51:43",1873.3,2,yoiisohira
881,16904440,"Orion on earth","2026-09-30 19:27:29",1873.1,2,oriononearth
882,16738759,YJR,"2026-09-30 20:40:06",1872.8,2,misakamikoto66
883,16672136,chupaletas,"2026-09-30 04:51:08",1872.7,2,urvesh
884,16792586,dodoshark,"2026-09-30 16:38:56",1871.7,2,dodoshark
885,16938872,ゴロ・イ,"2026-09-28 20:28:45",1871.5,2,gorubachohu
886,16671361,"Hangyu Yu","2026-09-30 23:46:39",1870.6,2,"cqupthangyuyu,leoethan,wxgisspider"
887,16630380,JM,"2026-09-28 14:21:11",1870.5,2,julianmukaj
888,16843315,Talvenn,"2026-09-30 22:24:33",1870.2,2,talvenn
889,16756510,tongmian1314,"2026-09-30 23:49:55",1869.7,2,tongmian1314
890,16695664,Bantam,"2026-09-30 08:36:19",1869.3,2,bantam
891,16755203,TY0912,"2026-09-30 22:37:30",1869.0,2,samejimatink0
892,16677149,"Umataro Tenma","2026-09-30 20:01:12",1868.5,2,umatarotenma
893,16686707,"Sébastien henry","2026-09-28 15:47:00",1867.9,2,sebmontreal
894,16937431,ekkkcz,"2026-09-30 02:48:29",1867.8,2,ekkkcz
895,16905157,Moonyk,"2026-09-30 14:31:09",1867.6,2,moonyk
896,16806328,"The Fly🪰","2026-09-30 09:12:43",1867.2,2,takamichitoda
897,16743528,shfyyds12138,"2026-09-30 23:50:11",1866.8,2,"chrisshi123,junwenzhu1314"
898,16771456,"Tianrun Liao","2026-09-30 12:10:44",1865.8,2,tianrunliao1
899,16868759,Pand,"2026-09-30 17:44:23",1864.8,2,pand999
900,16629033,"Igor V","2026-09-30 20:19:54",1864.5,2,rostigor
901,16658554,Pai,"2026-09-30 19:42:09",1863.8,2,rajathrpai
902,16640394,"MOHAMMADJAFAR ZAMANI","2026-09-30 15:55:28",1863.1,2,mohammadjafarzamani
903,16927409,ReD_MooN_rise,"2026-09-30 14:50:34",1862.8,2,"redmoonrise,yug0616"
904,16784164,Yaojinming,"2026-09-29 17:17:53",1862.8,2,yjm0905
905,16782203,"rui xiong","2026-09-30 14:43:45",1862.6,2,xiongruihumingyu
906,16799045,qq牧场,"2026-09-30 17:21:46",1862.3,2,"goodchen145,sir2026,zhaosir2026"
907,16688893,CCG,"2026-09-30 17:24:47",1862.0,2,"hirokenn,nagomenk"
908,16813655,c_fxy,"2026-09-30 17:26:57",1861.7,2,cfxyai
909,16892314,"Akshay #3","2026-09-28 00:32:11",1861.6,2,akshay1301
910,16641077,lucaskna,"2026-09-30 23:06:38",1859.8,2,lucaskna
911,16933848,"Lawrence Katongole","2026-09-29 00:02:25",1859.0,2,lawrencekatongole
912,16755911,"Paarth Patel","2026-09-29 07:45:21",1858.9,2,martis10
913,16679214,alban,"2026-09-30 23:56:02",1858.7,2,albantiacoh
914,16635209,4eta,"2026-09-30 23:51:13",1858.4,2,bio4eta
915,16688896,"JianYuan Deng","2026-09-30 16:43:36",1857.8,2,"jiahewangggg,jianyuandeng"
916,16877997,Mirlan,"2026-09-30 22:42:10",1857.4,2,zmtrxq
917,16855295,zhudong1949,"2026-09-30 21:36:30",1856.9,2,zhudong1949
918,16662618,"Soledad Santiago","2026-09-30 14:43:15",1856.8,2,soledadsantiago
919,16672333,"Giovanny Rodríguez","2026-09-30 21:24:37",1856.3,2,giovannyrodrguez
920,16676739,"Jonathan Zheng Jiahao","2026-09-30 03:05:39",1855.7,2,jonathanzhengjiahao
921,16793039,"Carson Rodrigues","2026-09-30 13:52:21",1855.4,2,carsonrodrigues
922,16832185,"MILANA STARR","2026-09-30 18:37:28",1855.2,2,andrewchist
923,16687294,"Madiyar Khamzanov","2026-09-30 18:55:56",1855.2,2,mkhamzanov
924,16741819,"Paritosh Kumar Tripathi","2026-09-30 17:01:10",1855.0,2,paritoshtripathi5
925,16663247,Ak,"2026-09-29 10:18:24",1853.6,2,abisheksrivastav
926,16711608,"Thomas Greissler","2026-09-30 19:31:11",1853.2,2,thomasg22202020
927,16924271,kitton,"2026-09-30 23:55:10",1852.9,2,kitton20250606
928,16704580,"Yunho Hwang","2026-09-30 14:18:57",1852.6,2,yunhohwang
929,16659870,"Tien N.","2026-09-30 23:58:49",1852.4,2,tientrum
930,16652710,Pilea55,"2026-09-30 22:41:33",1851.3,2,ryutogrrr
931,16941479,karttikjangid05,"2026-09-30 20:59:10",1851.0,2,karttikjangid05
932,16705659,"srijan k.r keshri","2026-09-30 21:48:02",1850.8,2,srijankrkeshri
933,16848479,nilochan,"2026-09-30 12:45:10",1850.3,2,nilochan
934,16677568,yarneo,"2026-09-30 22:18:32",1849.9,2,yarneo
935,16899004,Antonoof,"2026-09-30 06:59:32",1849.2,2,antonoof
936,16794753,"Yan #2","2026-09-30 19:49:55",1849.0,2,diskya
937,16769595,Rudra,"2026-09-30 20:02:58",1849.0,2,rudrabhaskar
938,16677423,songling,"2026-09-30 11:25:11",1849.0,2,"lvbingrong,oralia"
939,16901814,pengurei,"2026-09-30 18:20:16",1847.7,2,pengurei
940,16845193,Kaan111,"2026-09-30 22:47:30",1847.5,2,kaan111
941,16637099,tobhull,"2026-09-30 23:23:25",1846.7,2,tobhull
942,16624571,kaggri_Team,"2026-09-30 15:40:05",1846.4,2,"baidalinadilzhan,qasminumber,zelza0"
943,16655922,kusui26,"2026-09-30 15:46:16",1845.6,2,kusui26
944,16931975,loki005,"2026-09-30 21:57:24",1845.4,2,loki005
945,16721980,pend_ts19,"2026-09-30 07:33:39",1845.2,2,pendts19
946,16663387,Ju,"2026-09-30 23:52:37",1844.9,2,juziddd
947,16866996,"Marina Afanas'eva","2026-09-30 22:08:58",1844.7,2,proamari
948,16904867,wahaka,"2026-09-30 23:55:06",1844.5,2,wahaka
949,16919866,"Harvey Zhang","2026-09-30 17:25:56",1844.4,2,harveyel
950,16632423,goh,"2026-09-30 06:10:09",1844.4,2,bungohatayama
951,16642139,"Arnav Goel","2026-09-27 10:44:22",1843.1,2,arnavgoel17
952,16803032,"varshitha kolupuri","2026-09-30 09:37:56",1842.9,2,varshithakolupuri
953,16671515,ziheng,"2026-09-29 15:36:50",1842.9,2,zihengedie
954,16661325,"Max Fofanov","2026-09-29 21:06:30",1842.3,2,maxfofanov
955,16882140,"jiang luo1021","2026-09-30 13:48:08",1841.6,2,"jiangluo1021,shangzhongxia"
956,16726687,"Rohin Kethipally","2026-09-30 22:41:27",1841.6,2,rohinkethipally
957,16695567,tera358,"2026-09-30 21:52:40",1841.3,2,tera358
958,16811605,"Ryu Sonoda","2026-09-30 14:31:22",1840.8,2,ryusonoda
959,16702547,Dean0016,"2026-09-30 22:15:08",1840.8,2,"ddcchh,dean0016,zureaaa"
960,16847222,charmq,"2026-09-30 22:24:00",1840.6,2,charmq
961,16809249,Moro,"2026-09-30 23:53:42",1840.3,2,moromoromoro
962,16917270,kaibaur,"2026-09-30 21:11:50",1840.2,2,kaibaur
963,16896224,"Rajveer Singh Rajput","2026-09-30 21:25:31",1839.4,2,rajveersrajput080
964,16639550,data_gardening_club,"2026-09-30 00:30:07",1839.3,2,"hideyochiba,mitsuaccessjam"
965,16621625,YBEJlKA,"2026-09-30 21:40:09",1839.0,2,alexanderchesnokov
966,16938111,barbosi,"2026-09-30 07:17:15",1838.5,2,"despairdr,tupperq"
967,16885261,sdy623,"2026-09-29 23:23:37",1838.5,2,jaxa623
968,16851664,koucha,"2026-09-30 14:54:43",1838.0,2,momotakaaoki
969,16790432,"Field General","2026-09-30 13:39:32",1837.8,2,kevinarvai
970,16935391,spaceship,"2026-09-30 17:46:48",1837.8,2,kostopr4v
971,16731966,ねねね,"2026-09-30 23:27:37",1837.5,2,napier1550
972,16891008,"Golubev Alexander","2026-09-30 19:27:42",1837.2,2,"golubevalexander,nikitadgolubev"
973,16771785,"Mencius silverio MENSAH","2026-09-30 08:18:26",1837.2,2,menciussilverio
974,16826561,"ANJAN B","2026-09-30 17:54:19",1836.9,2,anjan4646
975,16778012,俺是耕田哩,"2026-09-30 23:02:48",1836.6,2,tianzhenggao
976,16639263,Yam,"2026-09-29 10:16:26",1836.5,2,minyam
977,16738424,Yunioshi,"2026-09-30 21:07:14",1836.1,2,yunioshi
978,16914287,"Vinzi Leo","2026-09-30 14:48:03",1836.0,2,vinzileo
979,16806882,"Friedhelm Winter","2026-09-30 14:02:58",1835.5,2,friedhelmwinter
980,16779957,养了一群扫福瑞,"2026-09-29 18:35:46",1834.8,2,whq0q7
981,16658334,"Roy Wei","2026-09-29 21:09:35",1834.6,2,renyiwei
982,16681927,"Dariush Afshar","2026-09-30 23:54:32",1834.3,2,dariushafshar
983,16889597," Master Bob111","2026-09-30 15:58:25",1833.6,2,masterbob111
984,16734409,"Yuta Yamazaki","2026-09-30 22:44:02",1833.6,2,yamayuu18
985,16924604,"Dzmitry Pihulski","2026-09-30 18:19:15",1833.0,2,dzmitrypihulski
986,16716431,m&m,"2026-09-30 21:07:34",1832.9,2,ntrlmt
987,16891740,quwon_000,"2026-09-30 19:55:35",1832.5,2,quwon000
988,16815132,"Duc-Anh Nguyen","2026-09-28 10:28:05",1832.5,2,valentinonguyen
989,16660251,Yagawa,"2026-09-30 21:51:13",1832.3,2,yagawa
990,16805952,hatakazu93,"2026-09-30 10:22:27",1832.1,2,hatakazu93
991,16929850,"XINGYUAN  ZHOU","2026-09-30 19:17:26",1832.0,2,n05199
992,16684641,t.me/aetheranime,"2026-09-29 03:59:28",1831.4,2,yfrite
993,16806000,wyz0210,"2026-09-30 23:57:08",1830.8,2,weiyouzhen
994,16789950,"Zachary Zhang","2026-09-30 10:50:20",1830.2,2,zacharyzhang16
995,16810595,dauriel,"2026-09-30 22:23:28",1829.8,2,"dauriel,theakshay"
996,16777767,"Miyanogawa Yuya","2026-09-30 04:40:30",1828.1,2,veritalogos
997,16849377,try,"2026-09-30 21:15:02",1828.0,2,weishanshan033
998,16664640,kaggricodex,"2026-09-29 21:38:42",1827.6,2,underestimated
999,16660215,"YoungDSML [dsml.kz]","2026-09-30 11:40:05",1827.2,2,"mazgas,nurikw3"
1000,16635406,ykuroka,"2026-09-29 12:57:43",1825.9,2,ykuroka
1001,16780455,wadigongren,"2026-09-30 16:27:56",1825.3,2,wadigongren
1002,16930394,"civil 11","2026-09-30 23:56:20",1824.9,2,civil11
1003,16655255,MalelizarazoP,"2026-09-30 22:40:24",1824.7,2,malelizarazop
1004,16885734,zylvento,"2026-09-30 23:26:53",1824.4,2,"lorvexa,zylvento"
1005,16746025,Hamachi,"2026-09-30 18:53:56",1824.3,2,hamatz
1006,16634179,daoviet,"2026-09-30 16:07:18",1823.0,2,daoviet
1007,16623399,Kendamarron,"2026-09-29 23:52:24",1822.4,2,kazuhirokuriyama
1008,16706892,Ko,"2026-09-30 17:56:34",1822.4,2,syurenuko
1009,16925116,corelattice,"2026-09-30 23:10:37",1822.3,2,"corelattice,darklumen,metashift2,tyrelon"
1010,16803658,"Timmy ""Kermit"" Turner's Team","2026-09-30 21:08:08",1822.3,2,"timsurreal,zombiespecz"
1011,16933123,dynatrixa,"2026-09-30 23:34:46",1821.8,2,"datacinder7,dynatrixa,veltronic"
1012,16674649,寿!,"2026-09-28 05:54:21",1821.8,2,taka3776toshi
1013,16626814,"Vu Tran Hoang","2026-09-30 03:28:18",1821.7,2,hoangvux
1014,16667872,"Pralay Ghosh","2026-09-30 19:06:17",1821.6,2,pralayghosh83
1015,16679688,"Sathwik Chinthakayala","2026-09-30 12:04:51",1820.8,2,sathwikchinthakayala
1016,16844132,Tamasaki217,"2026-09-30 23:04:44",1820.5,2,tamadesu217
1017,16885421,"Lee Minseung","2026-09-30 19:25:50",1820.4,2,leeminseung
1018,16668215,renta.k,"2026-09-30 23:00:38",1819.6,2,renta0426
1019,16692923,"Pavel Kazlou","2026-09-30 23:55:08",1819.3,2,paulik
1020,16702754,"Запрети мне брать H100","2026-09-30 21:45:57",1818.3,2,"amocualg,borismatsakov,kirya1,vladimirlovtsov18"
1021,16703045,ReCurSiON,"2026-09-30 18:43:56",1818.1,2,ashok205
1022,16702975,RicardoLópez,"2026-09-30 22:07:17",1817.9,2,richi2489
1023,16624080,yuuuki1111,"2026-09-30 07:56:49",1817.5,2,yuuuki1111
1024,16795062,"Satoshi Nguyen","2026-09-30 17:20:43",1817.5,2,satoshinguyenai
1025,16823957,"kiki yi2","2026-09-30 22:17:37",1817.1,2,kikiyi2
1026,16843860,LH-and-FPGA,"2026-09-28 23:13:28",1816.8,2,lhandfpga
1027,16723967,dk2lone,"2026-09-29 06:03:55",1816.6,2,dk2lone
1028,16709872,"Tim McGarvey","2026-09-30 15:56:30",1816.3,2,timmcgarvey
1029,16660485,tablecables,"2026-09-30 20:47:11",1815.6,2,colingaffney1
1030,16730223,Ojaswy,"2026-09-30 14:33:03",1814.9,2,ojaswy
1031,16743033,Nagahama,"2026-09-29 16:00:34",1814.7,2,kazukinagahama
1032,16870461,Fumi,"2026-09-30 16:54:12",1814.0,2,cheersbeer
1033,16623635,HiroyukiSasaki,"2026-09-30 03:58:43",1813.9,2,hiroyukisasaki815
1034,16737650,sime_saba,"2026-09-29 04:19:46",1813.6,2,watarukawashima
1035,16807038,mitsuki,"2026-09-30 19:04:37",1813.5,2,mk00000
1036,16737113,"Sergei Myshianov","2026-09-30 21:48:22",1812.9,2,sergeimyshianov
1037,16731832,jackee777,"2026-09-30 23:47:19",1812.7,2,jackee777
1038,16944480,"Peihao Chen Caesar","2026-09-30 15:10:30",1812.1,2,peihaochencaesar
1039,16786341,"Farmula One","2026-09-30 23:57:47",1812.1,2,"joesland,mer4yyy,ricaaaovo,zhangxingzhe"
1040,16738700,"Bugra Cinar","2026-09-29 02:02:45",1812.0,2,bugracnr
1041,16924338,tyvallo,"2026-09-30 23:09:12",1811.9,2,"tyvallo,vornilo,xerlavo,zovrita"
1042,16659103,Arin,"2026-09-30 20:08:48",1811.8,2,skarin
1043,16759632,"Rifqi Haikal","2026-09-30 23:01:27",1810.9,2,rifqihaikal
1044,16832316,"Tatu Helander","2026-09-30 09:49:32",1810.9,2,tatuhelander
1045,16624969,tf,"2026-09-30 10:26:34",1810.5,2,tfukuhara
1046,16630804,4418,"2026-09-30 21:32:35",1808.7,2,"biohack44,merkiraz"
1047,16923217,kou,"2026-09-30 23:54:21",1807.9,2,yuu111111111
1048,16913081,"Danil Bashkirov","2026-09-30 23:04:09",1807.4,2,chieph
1049,16752277,YKuma,"2026-09-30 09:41:11",1806.8,2,ykumazaki
1050,16768047,アメリカ農業研究会,"2026-09-30 03:07:07",1806.7,2,flnkhome
1051,16684748,"nailong alpha","2026-09-30 09:55:58",1806.7,2,"dejavucry,weiyun22021,yizhewong,yoruet,zekenos"
1052,16749272,giraffeneck,"2026-09-30 07:42:09",1806.5,2,yamajin
1053,16778178,kyosan,"2026-09-29 17:55:19",1806.4,2,"azizbekxasanov,dilyorbek"
1054,16621243,"Jesse Bullard","2026-09-30 23:52:31",1806.1,2,jessebullard
1055,16741965,Ryuichi,"2026-09-30 14:22:53",1806.1,2,ryuichigt
1056,16757253,ZEE,"2026-09-30 21:11:32",1805.8,2,randyzhang666
1057,16876180,kk.sky.9k,"2026-09-30 23:44:34",1805.6,2,kksky9k
1058,16679393,"Anvith Pothula","2026-09-30 21:06:28",1805.6,2,anvithpothula
1059,16892318,"fumiya utsuno","2026-09-30 22:09:18",1805.5,2,"fumiya326,kuboken,rikutokuwayama"
1060,16936749,statma,"2026-09-30 23:08:56",1805.2,2,"fractalbyte,marshjff,statma,valqeth"
1061,16709837,Sophinator,"2026-09-25 16:31:47",1804.6,2,sophinator
1062,16664487,houlidai-jiekiulai,"2026-09-30 23:54:42",1804.5,2,houlidaijiekiulai
1063,16841440,CornFormer,"2026-09-30 13:31:47",1803.8,2,linyangtian
1064,16728114,yu9824,"2026-09-30 23:48:57",1803.8,2,yu9824
1065,16707057,tamo,"2026-09-29 10:03:33",1803.7,2,ryotakasuya
1066,16689183,Hawksartelier,"2026-09-30 16:41:19",1803.4,2,satyapb2002
1067,16810171,kta_jpn,"2026-09-30 23:51:53",1802.8,2,ktajpn
1068,16801171,"Asterios Terzis","2026-09-30 23:47:30",1802.5,2,asteriosterzis
1069,16923450,tensorlike,"2026-09-30 23:28:55",1802.0,2,"echoverse1,neonflux,regressiw,tensorlike"
1070,16667767,t3l3kin3sis,"2026-09-30 18:48:17",1802.0,2,"daffafariq,hashmatzamaryali,malsabbagh05"
1071,16876865,LR.AIML,"2026-09-30 18:47:44",1801.8,2,"lucasgroot,robkraseu"
1072,16731834,Kamma,"2026-09-30 21:11:15",1801.6,2,"cheliu0307,makerfly,vonlanvonlan233"
1073,16862044,"Toshiki Narushima","2026-09-30 18:55:42",1801.5,2,toshikinarushima
1074,16854477,"Marc Maldonado Lorca","2026-09-30 10:05:32",1801.3,2,marcmaldonado
1075,16898090,"Zbigniew Kirchner","2026-09-30 23:35:14",1800.7,2,zbigniewkirchner
1076,16711398,"Claude Fable 5.1","2026-09-29 17:07:43",1800.5,2,chenxizhao21
1077,16783265,"Xiangjiang Zhou","2026-09-30 18:02:18",1800.4,2,"lilysmi,llccqq624,qqqqwqq,xiangjiangzhou"
1078,16892313,zszdl0530,"2026-09-26 03:12:47",1800.4,2,zszdl0530
1079,16762101,"Kazama Yusuke","2026-09-30 23:44:49",1800.1,2,kazamayusuke
1080,16748765,"A. R. SEKKAT","2026-09-30 23:26:47",1799.9,2,arsekkat
1081,16864919,ujimaa,"2026-09-30 18:33:53",1798.9,2,ujimaa
1082,16773244,"Yudai Ueno","2026-09-29 00:03:02",1798.7,2,yudaiueno
1083,16684402,vn1111,"2026-09-30 19:40:40",1798.3,2,vn1111
1084,16747408,すずき,"2026-09-30 22:05:40",1798.2,2,shumpeace
1085,16775803,Robson,"2026-09-30 22:52:21",1797.6,2,robsonsan
1086,16815841,"Sunshine through fog","2026-09-30 18:15:32",1797.1,2,sunshinethroughfog
1087,16726461,mocatti,"2026-09-30 21:57:23",1796.9,2,mocatti
1088,16785483,xiongrui666,"2026-09-30 15:50:59",1796.7,2,xiongrui666
1089,16661558,안녕하세요이세입니다잘부탁드립니다,"2026-09-30 11:01:57",1796.5,2,"moonswalk,municef1"
1090,16664969,猫猫开大运,"2026-09-30 12:51:07",1796.3,2,"estrellasss,kingsley31,smithshine,wuliaoluis,xuteli"
1091,16880278,Kaggria,"2026-09-30 23:36:27",1796.1,2,"andyzhenlee,jiayi2627,mingyuechu,zhaoliangyuan"
1092,16657152,"K S VIJAYARAAGHAVAN","2026-09-30 16:03:15",1796.0,2,"blackscythe123,ksvijayaraaghavan"
1093,16655826,KKY,"2026-09-28 02:43:42",1796.0,2,evilpsycho42
1094,16723241,TrinhDung16,"2026-09-30 23:55:46",1795.7,2,trinhdung16
1095,16743858,kawauso9n,"2026-09-30 13:09:38",1795.3,2,kawauso9n
1096,16736685,kentaro_kato,"2026-09-30 12:47:25",1795.2,2,kentarokato
1097,16639155,"Arturo Gutiérrez Aguilar","2026-09-30 23:40:31",1795.1,2,jarturo
1098,16666365,yiyu0716,"2026-09-30 23:14:50",1795.1,2,"lugent,yiyu0716"
1099,16631592,ktr,"2026-09-26 15:20:21",1794.8,2,kcotton21
1100,16632262,Milkomeda,"2026-09-30 16:45:25",1794.2,2,milkomeda74583
1101,16906012,GarbageOoze,"2026-09-29 15:16:43",1794.1,2,"garbageooze,luoruihan12"
1102,16884858,HojunLee,"2026-09-30 18:04:18",1793.4,2,hojuna
1103,16889906,kerlgd,"2026-09-30 23:23:36",1793.0,2,"kerlgd,kernlst92,laatentia,plasmoryx"
1104,16871584,xder,"2026-09-30 17:55:45",1792.5,2,xderyeke393
1105,16690447,Supermercado,"2026-09-30 13:32:37",1791.8,2,ryotaaaaaa
1106,16659351,"Hamna Kaleem","2026-09-30 21:02:26",1790.9,2,hk3296
1107,16848970,massi0411,"2026-09-30 23:57:58",1790.0,2,massi0411
1108,16732292,takaygiiiiiiii,"2026-09-30 22:04:21",1789.9,2,takaygiiiiiiii
1109,16852728,"Ryuto Yoda","2026-09-30 23:42:08",1789.9,2,ryutoyoda
1110,16925367,codezzzsleep,"2026-09-30 23:14:42",1789.5,2,codezzzsleep
1111,16667080,King-damon,"2026-09-30 20:46:33",1789.1,2,kingdamon
1112,16700919,Anubisyy,"2026-09-30 05:08:14",1789.0,2,anubisyy
1113,16749435,SGY2512,"2026-09-30 19:14:00",1788.8,2,sgy2512
1114,16882746,yuiop!,"2026-09-30 13:28:11",1788.8,2,yuiopy
1115,16692443,xmkevin2004,"2026-09-30 22:44:15",1788.2,2,"deersirz,qiuzaooppo,xmkevin2004"
1116,16923238,Jaga,"2026-09-30 07:49:34",1787.3,2,skntbass
1117,16704818,probably6767,"2026-09-30 21:40:44",1787.0,2,probably6767
1118,16793148,"Hoàng Trung Nguyễn","2026-09-30 06:36:42",1786.8,2,hongtrungnguyn
1119,16761657,Picu,"2026-09-30 23:57:57",1786.6,2,rumoschilling
1120,16713048,"liqin fei 2005","2026-09-30 11:04:23",1786.3,2,liqinfei2005
1121,16827224,"[HSE Lyceum ML] zaepupno","2026-09-30 23:32:31",1786.2,2,daniilgoryushin
1122,16701051,"Komi ShouKo","2026-09-30 11:42:23",1785.9,2,asdwswdxd
1123,16763761,mkai1981,"2026-09-30 11:47:56",1785.5,2,mkai1981
1124,16811467,Raster0x2a,"2026-09-30 21:53:21",1785.3,2,raster0x2a
1125,16870621,BobtheBot369,"2026-09-30 19:07:11",1785.2,2,bobthebot369
1126,16663867,"Stephen Schott","2026-09-30 03:17:45",1783.5,2,steve421471
1127,16714474,"Glenn Dalbey","2026-09-30 13:12:54",1783.4,2,glenndalbey
1128,16727404,Yichi,"2026-09-30 01:27:30",1782.9,2,"liyulin666,yichi02"
1129,16828050,stephenlau,"2026-09-28 03:29:07",1782.5,2,stephenlu0422
1130,16947583,Koranil,"2026-09-26 08:19:53",1781.5,2,koranil
1131,16684128,NIklitaCheporev,"2026-09-30 12:31:07",1781.1,2,niklitacheporev
1132,16665637,Luvsh81,"2026-09-30 16:09:08",1780.9,2,luvsh81
1133,16756153,"🪏Harvest Moon","2026-09-30 13:42:27",1780.9,2,"bbrage,bobmyersthesecond,wguesdon,yutomuroshima"
1134,16802535,"To be happy","2026-09-30 12:58:04",1780.6,2,yaokaixinya123
1135,16697891,KuziJA,"2026-09-30 20:16:05",1780.2,2,kuzija
1136,16847725,SOLUCIENCE,"2026-09-30 05:31:19",1780.0,2,solucience
1137,16723301,mayukistarry,"2026-09-29 06:03:58",1779.0,2,mayukistarry
1138,16639934,"Zihe Henry Zhang","2026-09-30 20:02:34",1778.8,2,caesium137
1139,16768236,Baligh,"2026-09-28 05:05:35",1778.1,2,balighmehrez
1140,16725287,NoahRyan,"2026-09-30 20:26:43",1778.0,2,beginner080
1141,16709435,"Artyom Lyan","2026-09-30 13:14:29",1777.7,2,arli2016
1142,16828705,"liama liama","2026-09-30 12:35:06",1776.3,2,liamaliama
1143,16748941,"We Forgot To Water","2026-09-30 23:15:59",1776.2,2,"dearkarl,shuangxue"
1144,16882868,"Yash Mohan","2026-09-30 15:49:11",1776.0,2,yashm917
1145,16626582,"Omer Faruk Merey","2026-09-30 08:49:56",1775.8,2,omerfarukmerey
1146,16881694,Novardion,"2026-09-30 06:01:34",1775.4,2,novardion
1147,16735252,LagrangianLocomotive,"2026-09-30 16:11:45",1775.3,2,lagrangianlocomotive
1148,16764459,"local farmers","2026-09-30 18:04:26",1775.3,2,"chaojiwudiwujie,qianxiang123"
1149,16793474,"Liu Classmate","2026-09-30 11:30:32",1775.0,2,"lilya98,liuclassmate,yuxuanzhao1203"
1150,16637597,venks,"2026-09-30 23:42:49",1774.7,2,vterli
1151,16719563,"GPT-5.6 Sol🏆","2026-09-30 23:12:10",1774.2,2,"ctfxiao,gaoruihua,otherworldly777,wennaliu2007,xgentle"
1152,16924433,stochar,"2026-09-30 05:54:34",1774.2,2,"bayerfe,quantforge12,spectior,stochar"
1153,16660152,LIH.YUN,"2026-09-30 12:57:40",1774.2,2,fxlcee
1154,16879199,Back,"2026-09-30 12:17:18",1773.8,2,back2525
1155,16848952,tubotu,"2026-09-30 23:36:39",1773.3,2,tubotu
1156,16931781,"shreyash kumar","2026-09-30 20:36:16",1772.5,2,shrreku
1157,16774141,Radiance,"2026-09-30 21:53:42",1772.4,2,"evelyn3976,wangyi01"
1158,16811072,Rafael,"2026-09-30 20:23:13",1772.4,2,rafaeldsjhkas
1159,16919030,"wenzhi liu","2026-09-30 07:04:58",1772.0,2,liuwenzhi
1160,16632201,neurlog,"2026-09-30 23:48:46",1771.8,2,neurlog
1161,16926301,"Максим Бортник","2026-09-30 06:55:43",1771.6,2,maxim2512
1162,16642570,"Mathurin Ache","2026-09-29 20:13:15",1771.3,2,mathurinache
1163,16946519,ShimonHori,"2026-09-30 05:59:09",1770.2,2,shimonhori
1164,16887242,AnnaPlugn,"2026-09-30 12:54:21",1770.0,2,annaplugn
1165,16629308,Sutee,"2026-09-30 18:03:39",1769.7,2,lszlst
1166,16645203,easonyanyan,"2026-09-30 20:57:20",1769.7,2,easonyanyan
1167,16738349,Suna-D,"2026-09-30 17:30:06",1769.3,2,sunad0630
1168,16797045,"Carl Pang","2026-09-30 23:32:12",1768.7,2,carlpang
1169,16693092,"Sell wheat everyday💨","2026-09-30 19:41:46",1768.5,2,"dzisandy,e0xextazy,liderpartiii"
1170,16686912,@mldsdev,"2026-09-30 23:25:19",1768.4,2,lan1mel
1171,16762248,KongKongDe,"2026-09-29 12:08:20",1768.2,2,kongkongde
1172,16727103,sword3522,"2026-09-30 16:31:59",1767.8,2,"qinyanqiu,sword3522"
1173,16912574,好运连连,"2026-09-30 19:26:40",1767.3,2,"jiangxinyuan616,xiaoranx,xigemalyk"
1174,16665233,"Akash Deep","2026-09-29 06:36:52",1767.2,2,akashdeepo
1175,16690019,Around30,"2026-09-30 22:36:54",1767.0,2,"cyanspring,masahiromatsuda,sutesute000012"
1176,16655478,Bruce,"2026-09-30 14:00:48",1766.3,2,bruceqdu
1177,16786109,"Thomas Deng","2026-09-30 23:41:56",1765.9,2,tdeng24
1178,16671504,Agentmaster,"2026-09-30 16:21:02",1765.7,2,"kinjaza,shawnno"
1179,16732537,Rapha,"2026-09-30 16:24:09",1765.6,2,raphaabels
1180,16632612,Farmville,"2026-09-30 20:53:36",1764.9,2,rafaelfigueiredo13
1181,16768239,Oshbocker,"2026-09-30 22:03:34",1764.0,2,oshbocker
1182,16811868,luyinn,"2026-09-30 19:20:22",1763.6,2,luyinn
1183,16776505,"Duck Typing","2026-09-30 19:53:58",1763.2,2,ahmadamindw
1184,16707286,"Koki _1231","2026-09-30 16:19:21",1762.8,2,koki1231
1185,16643453,Haumea,"2026-09-30 23:18:19",1762.6,2,chaitanyagullapalli
1186,16631978,"batuhan kalem","2026-09-29 12:27:44",1762.3,2,batuhankalem
1187,16881005,"Donald Trump","2026-09-30 20:23:24",1762.3,2,"seanmtk,sinfonia8838"
1188,16750931,"Antonio Rotundo","2026-09-30 18:08:04",1762.3,2,antoniorotundo2
1189,16638551,@s,"2026-09-30 12:24:35",1761.8,2,ryosketchbook2007
1190,16736670,"Mark Astrid","2026-09-30 19:45:11",1761.8,2,markastrid
1191,16641884,Blacklions.,"2026-09-30 06:34:12",1761.7,2,"blacklions,llllllc666"
1192,16757727,"Sohshi Nakamura","2026-09-29 06:46:32",1761.3,2,sohshinakamura
1193,16666805,Kaggs,"2026-09-30 09:20:52",1761.3,2,ayush21042004
1194,16918430,"Huifeng Li","2026-09-30 16:44:44",1761.0,2,stevenli1
1195,16720056,"Heads or Tails","2026-09-30 23:04:48",1760.7,2,headsortails
1196,16682867,sneaky6767,"2026-09-30 21:40:49",1760.6,2,sneaky6767
1197,16872073,"Positive Quark","2026-09-30 18:12:47",1760.5,2,quarkliu
1198,16621653,Zorgeee,"2026-09-30 23:16:29",1758.9,2,zorgeee
1199,16699741,Tom3,"2026-09-30 21:31:29",1758.9,2,tomohiroaz
1200,16925740,Virexon,"2026-09-30 23:23:33",1758.8,2,"spectrion5,synthexia,virexon,vorinaq"
1201,16857404,gachichan,"2026-09-30 01:57:49",1758.8,2,gachichan
1202,16743055,栗ご飯,"2026-09-30 23:37:55",1758.2,2,criticalpath1903
1203,16676885,"Riva Kajangu","2026-09-29 22:31:44",1757.8,2,rivakajangu
1204,16727998,hidsaito,"2026-09-30 22:41:42",1757.7,2,hidsaito
1205,16855214,"Kazumi Sakamaki","2026-09-30 22:15:12",1757.1,2,hatimitusiropp
1206,16709068,Vib,"2026-09-30 19:47:49",1757.0,2,viblal
1207,16791873,Eldritch,"2026-09-30 17:15:29",1756.1,2,"sanjay6727,thefool00"
1208,16641116,"Варим сельский самогон","2026-09-30 23:58:31",1755.8,2,"andrey4522,asimandia,darksteeldragon,evgeniyveselkov,ispromashka"
1209,16641169,boatlee,"2026-09-30 23:10:54",1755.3,2,boatlee
1210,16786108,Pakhan873,"2026-09-30 23:18:31",1755.1,2,paveldidin
1211,16757809,dasfds,"2026-09-30 16:48:56",1754.9,2,dasfds
1212,16778656,Aacceeo,"2026-09-30 23:56:42",1754.5,2,aacceeo
1213,16746395,Levin,"2026-09-30 23:52:30",1754.4,2,"sophiexs,zhengliwen"
1214,16799235,K.Piro,"2026-09-30 21:03:00",1753.6,2,agares02
1215,16796484,"Ryutaro Tsujii","2026-09-30 22:41:10",1753.4,2,ryutarotsujii
1216,16638804,"Anhad Mahajan","2026-09-30 22:58:22",1753.2,2,anhadmahajan06
1217,16635969,"Omkar Kadam","2026-09-30 18:29:47",1753.1,2,"itzzomkar,khanayanayub,princypaonam"
1218,16707915,MGöksu,"2026-09-30 14:31:37",1752.8,2,mgoksu
1219,16859757,"Nathan Jacob","2026-09-29 21:29:47",1752.8,2,nathanjacob
1220,16729102,"Bruce Zheng","2026-09-29 14:06:59",1752.2,2,brucezheng666
1221,16942011,"Öylesine Yarışıyoruz","2026-09-30 21:21:57",1752.0,2,"burakemrepolat,muhammedfurkanata"
1222,16774843,"Assylkhan Kerey","2026-09-30 08:51:29",1751.4,2,n0nlyy
1223,16891718,"Me & myself","2026-09-29 12:25:50",1750.8,2,fannasankh
1224,16624651,"Zihao Zeng","2026-09-30 21:06:50",1750.8,2,zihaozeng0021
1225,16929642,"lyre lin","2026-09-30 05:54:32",1750.6,2,lyrelingg
1226,16927484,eigeness9,"2026-09-30 23:25:40",1750.2,2,"eigeness9,postrflux,reciprocityj,zenoflux77"
1227,16826465,linmumu009,"2026-09-30 11:58:07",1749.6,2,"linmumu009,renjunxiang"
1228,16632599,HyperARC,"2026-09-30 17:02:57",1749.6,2,shadowell888
1229,16949981,"Yi Yu","2026-09-30 20:13:02",1749.4,2,yy5652
1230,16698560,"Seungjun Lee","2026-09-30 23:56:36",1749.3,2,seungjunleeofficial
1231,16884121,Radiant,"2026-09-30 17:01:32",1749.2,2,"dnpkkk,xxxxxx6x,y4matt"
1232,16669686,"Mert Bayraktar","2026-09-30 23:47:30",1749.0,2,mertbayraktar
1233,16624040,kumk,"2026-09-29 12:14:16",1748.7,2,kknagoya
1234,16858464,Taisei_Tsuneki,"2026-09-29 14:31:10",1748.7,2,"ryoyaotsuki,taiseitsuneki"
1235,16718745,"Vishwamitra Mishra","2026-09-28 21:49:45",1748.4,2,vishwa007
1236,16790652,救赎之道，就在其中,"2026-09-30 16:54:27",1748.2,2,"mengyihu,pengchaozheng"
1237,16667604,"汴渠策 · One Move, Three Gains","2026-09-30 23:58:52",1748.0,2,znwe342
1238,16662910,"shoryakumar mishra","2026-09-30 16:52:11",1747.9,2,shoryakumarmishra
1239,16934238,"Yujin Cha","2026-09-30 07:50:35",1747.2,2,ckdbwlsdlfkdn
1240,16689186,NCK,"2026-09-30 02:34:52",1747.1,2,drnchaitanyakumar
1241,16673336,honjousetuna,"2026-09-30 22:23:00",1746.9,2,honjousetuna
1242,16943310,Biubiu,"2026-09-30 12:56:50",1746.9,2,jianthuang
1243,16623577,"Jiayi Tang","2026-09-30 18:25:55",1746.8,2,mannguo
1244,16655796,"dijia zhang735","2026-09-30 13:24:53",1746.7,2,dijiazhang735
1245,16671092,"tomohito shimura","2026-09-29 01:22:00",1746.5,2,tomohitoshimura
1246,16643693,"Kerem çelik","2026-09-30 23:36:32",1746.4,2,keremelik
1247,16924916,Teraya,"2026-09-30 17:12:55",1746.3,2,yuyaterasawa
1248,16644575,julymarc,"2026-09-29 15:47:41",1746.0,2,julymarc
1249,16623897,satoooh,"2026-09-30 02:37:00",1746.0,2,satoooh
1250,16884892,AQiDA19,"2026-09-30 18:19:32",1745.9,2,aqida19
1251,16638781,itsuki-data,"2026-09-30 22:32:33",1745.6,2,itsuki89
1252,16872203,Chechelovechnost,"2026-09-30 22:07:46",1745.4,2,"mikaelkerimov,mperminiov"
1253,16944396,Monruho,"2026-09-30 22:51:36",1745.3,2,monruho
1254,16728084,iwance,"2026-09-30 20:26:10",1744.9,2,iwance
1255,16875659,あかつき,"2026-09-29 12:57:40",1744.5,2,akatuki25
1256,16731630,SatoshiN04,"2026-09-27 23:19:51",1744.4,2,satoshinakamura04
1257,16845713,"qweq asd","2026-09-30 05:50:28",1743.6,2,qweqasd
1258,16925097,deeptrace12,"2026-09-30 05:49:28",1743.6,2,"deeptrace12,je2wak,neonmatrix6,rdwan3"
1259,16745761,mitomeat823,"2026-09-30 23:45:14",1743.3,2,mitomeat823
1260,16793427,wuwuwu,"2026-09-30 10:18:53",1742.9,2,wu1570
1261,16829834,Luxuer,"2026-09-30 15:55:43",1742.2,2,luxuer
1262,16622567,"Georgy Mamarin","2026-09-29 06:19:11",1741.9,2,georgymamarin
1263,16658203,Lan_Sky,"2026-09-30 14:48:11",1741.8,2,lansky6
1264,16655411,フナコシ,"2026-09-30 22:20:00",1741.6,2,kokifunakoshi
1265,16696720,"JAZ COLD HORN","2026-09-30 10:15:09",1740.7,2,"evanmaksud,jazivxt,maulikgajera,niazmohaimanabtahi,victorhorn"
1266,16724298,Orig_lab,"2026-09-30 21:38:02",1740.1,2,chengxixixi
1267,16774475,LoveB4Sunrise,"2026-09-30 20:05:10",1739.6,2,demacia1314
1268,16749071,snc5656,"2026-09-30 23:56:35",1739.3,2,jamm1412
1269,16690852,"Naveen Venu Bagadi","2026-09-30 23:58:09",1739.0,2,naveenvenubagadi
1270,16819431,kkkk,"2026-09-30 19:42:40",1739.0,2,kkkk4649
1271,16790660,suk1yak1,"2026-09-30 21:52:21",1738.8,2,suk1yak1
1272,16946666,"Pengfei Yan ","2026-09-28 10:59:42",1738.5,2,pengfeiyan
1273,16707597,YangAoTian,"2026-09-30 21:43:24",1738.3,2,yangaotian
1274,16658365,OnlyFarms,"2026-09-30 22:59:00",1737.8,2,hoowoo
1275,16691038,"animal crossing","2026-09-30 21:59:47",1737.6,2,hoonchoonc
1276,16639168,Sergey,"2026-09-30 08:03:38",1737.4,2,sergeymikhailovn
1277,16683865,Shin7jp,"2026-09-30 21:54:17",1737.3,2,shin7jp
1278,16756477,Ender,"2026-09-30 20:32:08",1737.3,2,eamonnkashyap
1279,16669256,Shivam_2212,"2026-09-30 22:15:11",1736.9,2,shivam2212
1280,16698206,"Bark at the Barnyard","2026-09-30 03:22:56",1736.7,2,mming0430
1281,16665864,kavipavi19,"2026-09-29 11:41:48",1736.6,2,kavipavi19
1282,16803448,jiatu.l,"2026-09-30 15:38:00",1736.1,2,jiatul
1283,16634026,"Mike Kim","2026-09-30 23:43:14",1735.7,2,mikeskim
1284,16662914,"Apollo's cattles","2026-09-30 23:56:12",1735.6,2,"icr007,kennethlie16,romanrozen"
1285,16628897,"Kyoungwon Jeong","2026-09-30 10:54:09",1735.5,2,kyoungwonjeong
1286,16804757,MAT,"2026-09-30 22:44:55",1734.7,2,mehmetanltays
1287,16930569,MarqueeMoon19770208,"2026-09-30 23:51:38",1734.1,2,marqueemoon19770208
1288,16751140,onick_man,"2026-09-30 08:43:11",1734.1,2,ftakahas
1289,16766498,HNUST,"2026-09-30 19:35:39",1733.7,2,"aloemoon,castianhans"
1290,16656810,IskanderAkhmetov,"2026-09-29 07:35:58",1733.3,2,iskander2017
1291,16654752,Agrofitting,"2026-09-28 15:55:37",1733.0,2,"evvfebruary,vinch97"
1292,16911212,zby_4240,"2026-09-30 13:18:28",1732.9,2,"panhiuting,zby4240"
1293,16850683,cooked,"2026-09-30 13:28:19",1732.7,2,"jentopia,toasty3302,xenonminer"
1294,16794598,"Andrew Yu","2026-09-30 02:57:34",1732.5,2,andnyu
1295,16776793,"Guilherme Raiuga","2026-09-30 20:05:24",1732.2,2,guilhermeraiuga
1296,16668761,"Lorenzo Regalado","2026-09-30 07:19:30",1731.7,2,lregaladohdez
1297,16802575,saeNeko,"2026-09-30 23:09:48",1731.2,2,sae20gorilla
1298,16778792,"Karthik #2","2026-09-30 13:57:38",1731.0,2,karg14
1299,16630251,"Handry Novianto","2026-09-30 11:47:31",1730.5,2,handrynovianto
1300,16689748,cheesytoasts,"2026-09-28 19:11:07",1729.4,2,cheesinnn
1301,16802505,daviondk,"2026-09-30 19:02:23",1729.2,2,daviondk
1302,16881395,nikotin55,"2026-09-30 20:37:13",1728.9,2,"isaevsemyon,nikotin55,remihrf"
1303,16816196,"Bianco Chiu","2026-09-30 18:57:23",1728.8,2,biancochiu
1304,16760490,"nir afek","2026-09-30 22:27:36",1728.7,2,nirafek
1305,16774884,assssstnuar,"2026-09-30 08:42:04",1728.6,2,assssstnuar
1306,16725177,misaka12435,"2026-09-30 13:09:13",1728.4,2,misaka12435
1307,16732156,"Ца-ри-ца по-лей, ку-ку-ру-за!","2026-09-30 17:51:52",1728.1,2,samvelkoch
1308,16853054,saberzky,"2026-09-29 15:42:44",1727.8,2,saberzky
1309,16805370,"Gaiar Baimuratov","2026-09-29 11:59:39",1727.6,2,baimuratov
1310,16623488,"Kevin E R MILLE","2026-09-30 23:56:56",1727.6,2,kevinermille
1311,16642662,CdeTilly,"2026-09-30 21:20:47",1727.4,2,cdetilly
1312,16740361,"Suba S","2026-09-30 23:31:14",1726.8,2,jupiter79
1313,16784420,renyxin,"2026-09-30 23:36:00",1726.5,2,renyxin
1314,16622319,"Roman Tamrazov 52","2026-09-30 21:31:27",1726.4,2,romantamrazov
1315,16765884,洛希边际,"2026-09-30 20:32:23",1726.3,2,"bxz2003,mingyue12318,thethirdsight"
1316,16653385,"Vasilii Buzmakov","2026-09-30 23:39:00",1726.0,2,vasiliibuzmakov
1317,16935669,"Timon Wendland","2026-09-30 23:44:17",1725.8,2,timonwendland
1318,16778946,yuki0731,"2026-09-30 23:38:23",1725.5,2,yuki0731
1319,16823626,Korokke3,"2026-09-28 20:10:30",1724.4,2,korokke3
1320,16693227,"Aniket Sharma","2026-09-28 20:05:14",1723.7,2,aniketsharma00411
1321,16904289,ZF.L,"2026-09-30 17:52:33",1723.7,2,zefengai
1322,16860813,hirayuki,"2026-09-30 07:22:17",1723.3,2,hirayukis
1323,16884822,reziavon,"2026-09-30 14:58:30",1722.6,2,reziavon
1324,16908829,Terremoto,"2026-09-30 13:26:37",1722.2,2,alfredoachondo
1325,16735794,宗宗没有英文名,"2026-09-30 02:43:07",1722.2,2,iver666
1326,16854869,Ibar-Aki,"2026-09-30 21:49:44",1722.2,2,akicolor
1327,16840447,"Suliman Tadros","2026-09-28 00:11:22",1722.2,2,sulimantadros
1328,16854776,aruuu,"2026-09-30 18:02:13",1722.0,2,arruuu
1329,16745059,mekduy,"2026-09-30 17:37:26",1722.0,2,mekduy
1330,16755328,"yang zhang","2026-09-30 13:53:43",1721.6,2,zhang1221ai
1331,16671088,jasonstillchasin,"2026-09-30 21:40:39",1721.3,2,jasonstillchasin
1332,16786126,"Max Bloom","2026-09-30 19:39:19",1720.1,2,maxbloom
1333,16759578,Randy,"2026-09-28 00:24:02",1720.1,2,rvndyerwin
1334,16652079,Infill,"2026-09-30 20:28:37",1719.9,2,infill
1335,16924069,levshaazz,"2026-09-30 21:45:46",1719.5,2,levshaazz
1336,16730706,flaty,"2026-09-30 10:12:58",1719.2,2,flat831
1337,16655098,"Brotron Carbide","2026-09-30 23:24:09",1718.5,2,brotroncarbide
1338,16654881,Freddy,"2026-09-30 19:21:06",1718.1,2,twoxding
1339,16732445,ГИМНАЗИЯ14ЙОШКАРОЛА,"2026-09-30 14:18:46",1718.0,2,"domager72,fylgde,kolyaflexcu"
1340,16645596,Kosakunin,"2026-09-30 23:30:26",1717.7,2,yugoawawa
1341,16811571,"Daniel Guo","2026-09-30 23:51:02",1717.7,2,denialguo
1342,16639418,"Oleksii Zhukov","2026-09-30 20:41:40",1717.7,2,zhukovoleksiy
1343,16946322,"hb and ys","2026-09-30 13:11:38",1717.4,2,hbandys
1344,16792661,итмоняяя,"2026-09-30 10:41:17",1717.2,2,"naladwepo,tickflag"
1345,16746191,たがやす,"2026-09-30 23:27:06",1716.9,2,drktti
1346,16759699,"Mason Cao","2026-09-30 20:55:56",1716.6,2,mzcao7
1347,16662492,"Lester Leong","2026-09-30 06:22:12",1716.5,2,lesterleong
1348,16635351,AAAMIKASA,"2026-09-30 17:30:11",1715.7,2,aaamikasa
1349,16694710,ponsuk,"2026-09-30 13:11:21",1715.6,2,ponsuk
1350,16790527,Yuta,"2026-09-30 07:21:06",1715.6,2,yutaecon
1351,16870033,"wbcrypto abrams","2026-09-28 16:55:13",1715.3,2,wbcryptoabrams
1352,16633853,"funny farm","2026-09-30 23:50:30",1715.2,2,"alannasibullin,alexandrutkov"
1353,16731186,Naru041104,"2026-09-30 15:33:42",1714.9,2,naru041104
1354,16623381,cocoaAI,"2026-09-30 06:25:06",1714.5,2,cocoaai
1355,16923904,signalior,"2026-09-29 09:01:04",1714.1,2,"convexla,probflun,signalior,synaptivox"
1356,16779564,oycr,"2026-09-30 23:16:23",1714.0,2,"oyxiaobai159,wdt124"
1357,16823942,"jiajun chi","2026-09-29 15:18:22",1713.7,2,jiajunchi
1358,16732051,Jeryos,"2026-09-30 23:09:23",1713.7,2,joulskaf
1359,16934931,erica,"2026-09-30 23:58:48",1713.2,2,duanyong049
1360,16860071,TOSS,"2026-09-30 23:24:57",1713.0,2,toshikawa80
1361,16934864,"Li Li","2026-09-30 13:56:34",1712.9,2,aikinogard
1362,16941720,Abdellatif,"2026-09-30 21:23:50",1712.7,2,moussaid
1363,16778835,kiyoc,"2026-09-30 21:18:29",1712.1,2,kiyoshiohno
1364,16746317,xingyun_byto,"2026-09-30 17:33:57",1712.0,2,xingyunbyto
1365,16634716,Eusebius,"2026-09-29 17:44:10",1711.7,2,protuberanzen2000
1366,16705431,"Thuận Đoàn Vũ","2026-09-30 00:46:37",1711.6,2,thunonv
1367,16747273,红烧肉,"2026-09-29 15:51:19",1711.5,2,ra1nac1d
1368,16773144,"Mohamed Salah","2026-09-29 00:49:43",1711.3,2,mosalah7
1369,16621616,insuperabilehart,"2026-09-30 23:46:22",1710.9,2,insuperabile
1370,16667240,WGaurav,"2026-09-30 12:57:05",1710.7,2,wgaurav
1371,16844845,"Dinesh Amalathasan","2026-09-28 19:38:32",1710.5,2,amaldinesh
1372,16772723,"Zhou Haonan","2026-09-30 23:34:29",1710.2,2,hatsuseizuna
1373,16841026,"Max Power","2026-09-30 22:19:38",1710.0,2,markbarney
1374,16936827,"Weixuan Liu","2026-09-30 05:58:51",1709.2,2,flyfish666
1375,16750575,Gronk,"2026-09-30 23:58:14",1708.9,2,jianyicai
1376,16763829,"Shane Thivaharraja","2026-09-30 21:35:54",1708.5,2,shanethivaharraja
1377,16870800,Myasui,"2026-09-30 23:53:01",1708.3,2,zaki38
1378,16945907,"yuki ogata","2026-09-30 07:09:58",1708.0,2,yyogata
1379,16761434,t07_noma,"2026-09-30 10:27:57",1708.0,2,t07noma
1380,16655277,GUAM,"2026-09-30 17:30:32",1707.6,2,"analyticaobscura,jeongminlee92,kmmmvs,wnmgrn"
1381,16696593,bplyc15,"2026-09-30 16:32:05",1707.6,2,bplyc15
1382,16793656,王子铖,"2026-09-30 22:04:43",1707.2,2,aurantium
1383,16689599,Ryvven,"2026-09-30 22:44:28",1707.1,2,unethicalmk
1384,16793385,"Rishav Utkarsh","2026-09-30 23:39:37",1707.1,2,rishavutkarsh
1385,16875989,NapolianAdmin,"2026-09-30 23:51:26",1707.0,2,ninadrai
1386,16734551,"junseok lee","2026-09-29 22:47:48",1706.6,2,jaslee2
1387,16862096,"Saksham Gupta","2026-09-30 21:14:33",1706.5,2,mashug
1388,16655519,CurveCowboy,"2026-09-30 09:52:40",1706.5,2,curvecowboy
1389,16664788,rian,"2026-09-30 19:00:18",1706.4,2,rian55
1390,16891911,N_noa21,"2026-09-30 16:13:20",1706.3,2,nnoa21
1391,16738492,"Follow Me Gradient","2026-09-30 21:29:41",1706.2,2,farukece
1392,16656399,CROW,"2026-09-30 23:13:50",1705.8,2,"aaayangxh,hanifnoerrofiq"
1393,16670967,"Ne ML Clan","2026-09-30 17:57:11",1705.7,2,"al55522me,egoregors,sirgauda,vladmazeev"
1394,16722705,我的AI是豆包,"2026-09-30 16:43:24",1704.9,2,"carrotliang,haoxuanjng,kaoqiangzhang,rainhuang0220"
1395,16704247,WeAreFarmers,"2026-09-26 15:16:59",1704.3,2,gbmorris1
1396,16883907,lll,"2026-09-30 16:02:39",1704.2,2,lghlgh001
1397,16696738,rekhasri,"2026-09-29 22:38:01",1704.0,2,rekhasri
1398,16712121,"Hai Dang","2026-09-28 07:01:07",1703.7,2,haidang2405
1399,16622376,fmind,"2026-09-28 06:17:23",1703.6,2,freaxmind
1400,16838914,kikikukikii,"2026-09-30 22:43:36",1703.2,2,kikikukikii
1401,16805778,"Dương Đức Anh","2026-09-30 17:01:27",1703.0,2,"dda2k6,trungdttik55"
1402,16810275,Adam,"2026-09-30 23:53:23",1702.2,2,potonglantie93
1403,16854552,ShionMatsuoka,"2026-09-30 19:55:55",1701.9,2,shionmatsuoka
1404,16720841,liuhc1017,"2026-09-30 23:09:38",1701.9,2,liuhc1017
1405,16623524,"Marcus Vinicius","2026-09-30 12:47:22",1701.4,2,marcux777
1406,16808241,miran0313,"2026-09-30 00:33:11",1701.4,2,miran0313
1407,16670371,rkd,"2026-09-30 09:43:32",1701.0,2,ryookd
1408,16835641,dzzz,"2026-09-30 11:41:40",1700.0,2,"brittneylewis2,innocentdzzz"
1409,16687159,Max64738CB,"2026-09-29 15:16:11",1699.5,2,max64738cb
1410,16682283,"RL is all you need","2026-09-30 23:36:42",1699.4,2,"bpmf577,junzhejiao,jwj1342,liaodid,mrschang"
1411,16654158,Hack2Publish,"2026-09-30 04:46:50",1698.8,2,"esfersami50,foysalemonshanto,hosen42,rokaiyasomapti"
1412,16736985,Colt,"2026-09-30 17:53:21",1698.5,2,nht1990
1413,16682210,Boiled-Sweet-Potato,"2026-09-28 07:56:38",1698.3,2,boiledsweetpotato
1414,16753906,Rmy,"2026-09-30 16:44:24",1698.3,2,mekory
1415,16692432,"Les 2 oies","2026-09-30 14:24:15",1697.7,2,"sanarceate,youyoucrf"
1416,16925703,darkphase11,"2026-09-29 02:30:28",1697.6,2,"corephase,darkphase11,metacraftt,neurofieldd"
1417,16885704,tavrico,"2026-09-30 23:31:45",1697.6,2,tavrico
1418,16757621,Kurokawa,"2026-09-30 23:39:31",1696.5,2,hiroshikurokawa
1419,16909485,SatoGo,"2026-09-30 06:37:21",1695.7,2,satogo
1420,16926787,"Владислав Ковкін","2026-09-30 05:51:10",1695.7,2,vladyslavkovkin
1421,16927437,SeEquoia,"2026-09-29 12:56:54",1695.3,2,"glaccier,m3onsoon,seequoia,typhooon"
1422,16793600,mogura2.0,"2026-09-30 21:59:46",1695.1,2,mogura20
1423,16712863,ominteam,"2026-09-30 16:27:16",1694.7,2,"luantony,suruikk"
1424,16631421,cg,"2026-09-22 14:31:09",1694.2,2,chaitanyagarg2
1425,16927831,Baimakanov,"2026-09-30 22:44:31",1693.8,2,baimakanov
1426,16839530,"que la cuenten como quieran","2026-09-30 22:43:15",1693.8,2,germanjurado1
1427,16876344,Hyunwoo_Park,"2026-09-29 15:30:15",1693.7,2,uts3125014010829
1428,16880856,jinxingweilai,"2026-09-30 17:10:36",1693.4,2,jinxingweilai
1429,16863383,HanFish,"2026-09-30 15:32:26",1693.3,2,hananfish
1430,16942567,MatveyVarfolomeev,"2026-09-28 16:04:57",1692.8,2,matveyvarfolomeev
1431,16730462,XTang,"2026-09-30 12:00:40",1692.7,2,flyonthewater
1432,16718660,"Ramona Flowers","2026-09-30 20:13:41",1692.6,2,forsmthnoithingtosay
1433,16911078,Tolgii,"2026-09-30 01:15:37",1692.6,2,tolgakiremit
1434,16730344,lvisdd,"2026-09-30 17:55:52",1692.5,2,lvisdd
1435,16697893,"YWehbe / ADIA Lab","2026-09-29 11:16:30",1692.4,2,youssefwehbe
1436,16644456,"Agbe Eko","2026-09-30 21:50:38",1692.4,2,timmecom
1437,16774700,たたたた,"2026-09-30 07:36:56",1691.9,2,tatatata1111
1438,16938473,bansalis,"2026-09-28 21:29:55",1691.9,2,ishanbansal1
1439,16668430,"john inan","2026-09-30 17:13:15",1690.9,2,johninan
1440,16825002,RAVEN,"2026-09-30 05:09:24",1690.9,2,silverlxt
1441,16780097,"wei chang","2026-09-28 11:41:32",1690.8,2,wayne0404
1442,16741500,weichy7,"2026-09-30 03:45:13",1690.6,2,weichy7
1443,16707453,"Kaan Dınız","2026-09-30 10:13:25",1690.5,2,kaandnz
1444,16850995,"KOSUKE MATSUDA","2026-09-30 22:56:20",1690.2,2,kosukematsuda
1445,16911681,nena,"2026-09-30 14:41:44",1689.8,2,nena0undefined
1446,16941779,"Michael Jordan","2026-09-30 23:40:53",1689.8,2,m1chaeljordan
1447,16814417,"Jane Street Farmers","2026-09-30 21:07:02",1689.7,2,"akamasterpiece,gianghiango,paramizodicrominique,phnhnnguyn,sebastiancooper116"
1448,16858228,doubao,"2026-09-28 06:21:23",1689.5,2,"erhankangyan,yuanlili123321"
1449,16692185,"Xu Suyi","2026-09-30 14:55:48",1689.4,2,xuyuhaosuyi
1450,16812062,姜上（Integ）,"2026-09-30 23:49:03",1689.2,2,"borealis27,integjs"
1451,16863344,masat,"2026-09-30 23:19:09",1688.9,2,masatttt
1452,16623390,KodamaSec,"2026-09-30 10:03:44",1688.4,2,dfhgfdghfdhg
1453,16838479,"Sufi Afifi","2026-09-30 20:33:31",1688.4,2,emrys21
1454,16630274,yutoAb,"2026-09-28 08:15:40",1688.1,2,yutoab
1455,16838312,macaron,"2026-09-30 23:11:30",1688.0,2,hayatotech
1456,16665352,"Paul Nassiri","2026-09-30 20:26:06",1687.7,2,laszlolevray
1457,16840617,RyotaroAbe,"2026-09-30 21:11:38",1687.6,2,ryotaro45123
1458,16697229,"Masashi Nishimoto","2026-09-30 23:20:12",1687.4,2,masashinishimoto
1459,16632157,"福原 大知","2026-09-30 20:25:38",1687.3,2,fxxyfox
1460,16914744,哈基米南北路多,"2026-09-30 14:14:06",1687.2,2,"drlimingz,freakrk,liushunyao,perrinslutman,sayu1u"
1461,16896299,Bungalow0,"2026-09-28 09:37:55",1686.8,2,"achatoyant,bungalow0,demuure"
1462,16654704,mandgeee,"2026-09-30 15:27:10",1686.2,2,mandgeee
1463,16658343,aisamhottman,"2026-09-30 14:37:17",1685.7,2,heuingttiang
1464,16888254,CaliforniaDog,"2026-09-30 23:52:30",1685.4,2,californiadog
1465,16806475,sohma,"2026-09-30 21:55:04",1685.3,2,hi210278
1466,16743136,unhappy,"2026-09-30 23:34:21",1685.1,2,chenyahui123
1467,16633212,goosehaaan,"2026-09-30 23:55:13",1684.9,2,goosehaaan
1468,16682306,岸本湧士郎,"2026-09-30 10:47:26",1684.8,2,yushiro20021111
1469,16696895,BrokeFarm,"2026-09-30 13:26:56",1684.2,2,brucec
1470,16664836,"Adnan Zaman","2026-09-30 19:05:43",1684.1,2,adnanzamanniloy
1471,16854216,Rita-1021,"2026-09-30 12:48:45",1684.0,2,rita1021
1472,16733176,Yakouu,"2026-09-27 14:17:25",1683.5,2,yakouu
1473,16764089,UtaAzu,"2026-09-30 15:11:23",1682.8,2,utaazu
1474,16844672,"sleeping king","2026-09-30 19:11:02",1682.7,2,sleepingking
1475,16675866,DanilChil,"2026-09-25 14:06:52",1682.3,2,danilchil
1476,16810587,"Avineesh Arora","2026-09-30 20:35:31",1681.9,2,avndope
1477,16786595,"dbvz sbsbs","2026-09-30 07:39:03",1681.5,2,dbvzsbsbs
1478,16823319,eviltsundera,"2026-09-29 19:55:50",1681.2,2,eviltsundera
1479,16658895,kunihiro,"2026-09-30 02:29:20",1681.0,2,kunihiro
1480,16661665,"Leonardo Viola10","2026-09-28 12:21:08",1681.0,2,leonardoviola10
1481,16848063,"Yuan Weijun","2026-09-29 01:36:34",1680.2,2,yuanweijun
1482,16740892,"yuki matsumori","2026-09-30 17:14:16",1680.2,2,yukimatsumori
1483,16942720,"Shadow Es","2026-09-30 18:46:02",1680.0,2,shadowes
1484,16675063,"King Tian","2026-09-30 15:57:12",1679.7,2,"serven1,tianwang1210"
1485,16851853,tryagain123,"2026-09-28 10:06:38",1679.4,2,lanqingsong123
1486,16623691,KevlarZanderChi,"2026-09-30 15:59:02",1679.2,2,kevlarzanderchi
1487,16623643,LiXingtao,"2026-09-30 09:18:43",1679.2,2,lixingtao123
1488,16744837,JuliaGastellu,"2026-09-30 21:30:35",1679.0,2,juliagastellu
1489,16700767,tkpmnlms,"2026-09-30 14:36:00",1678.9,2,"emorgunov,mikhailkachalin,roniuhle"
1490,16897610,"in blue","2026-09-30 22:34:24",1678.6,2,bhatiji
1491,16634432,KARGI,"2026-09-30 21:48:23",1678.5,2,learningkin
1492,16624276,MKGA,"2026-09-30 21:19:29",1677.8,2,"horizen12,zejunfool"
1493,16779067,fishwg,"2026-09-30 13:49:33",1677.8,2,fishwg
1494,16661073,PyJa,"2026-09-30 23:47:53",1677.6,2,pixiux
1495,16706185,"Bab Kek","2026-09-28 06:34:27",1677.4,2,babkek
1496,16668564,"Rikito Kanda","2026-09-30 21:40:07",1677.1,2,rikitokanda
1497,16807108,dongdongunique2,"2026-09-30 07:45:25",1676.6,2,yinzhaoren
1498,16934847,yuuri,"2026-09-29 11:40:21",1676.3,2,yuuuuuuuuri
1499,16814409,YuyaSuzuki,"2026-09-29 16:01:03",1675.8,2,yututapp
1500,16786517,"Kagdew Valley_HeNU","2026-09-30 06:59:46",1675.5,2,"hongtongyi,hoshiiabc,lizhe125,ypeng1234"
1501,16742684,Inzilbêth,"2026-09-30 12:41:17",1675.4,2,inzilbth
1502,16852141,"Zhou Hengyu","2026-09-30 15:17:05",1675.3,2,zhouhengyuu
1503,16918063,"Dante Lok","2026-09-30 08:55:19",1674.9,2,dantelok
1504,16932996,"Francisco Angulo de Lafuente","2026-09-30 08:45:00",1674.8,2,franciscoangulo
1505,16634128,ZechHuang,"2026-09-30 09:26:19",1674.5,2,zechhuang
1506,16705523,"Brian Chua","2026-09-30 10:32:43",1674.2,2,chuazhengweibrian
1507,16681049,"SiLin “Can SiLin” Can","2026-09-28 12:20:44",1673.6,2,"k3rn3l,silincansilincan"
1508,16890976,zyh222,"2026-09-30 23:53:26",1672.9,2,"eason0407,hrj314,tanghuan2005,zyh222"
1509,16644565,Suda,"2026-09-30 23:58:46",1672.9,2,"chaneyma,deryawang"
1510,16885764,shuinno,"2026-09-29 06:07:29",1672.8,2,"astralisa,hemlock1,metaforge,shuinno"
1511,16805244,nari,"2026-09-30 21:11:26",1672.6,2,shoheiyoshinari
1512,16700068,"My Little Pony","2026-09-30 15:26:31",1672.5,2,"buxiangzaoqi66,juliezhang131,yaoyilv"
1513,16932335,"Dom Bavuso","2026-09-30 23:06:26",1672.4,2,dombavuso
1514,16759058,Miz,"2026-09-29 14:42:24",1672.4,2,ryota040
1515,16624073,SoftRL,"2026-09-30 23:37:56",1672.3,2,"maruichi01,ppocharl,puws06,tatsukisato,unikina"
1516,16756891,T.Uehira,"2026-09-30 10:05:19",1672.3,2,tuehira
1517,16928466,"Diogenes's cask","2026-09-29 07:50:33",1672.1,2,diogenesscask
1518,16750268,"Harris Bashir","2026-09-30 18:10:07",1672.0,2,harrisbashir
1519,16935530,"[RU] Evgeniy Kamyshan (sharing)","2026-09-27 19:05:40",1672.0,2,svo1488zov
1520,16630524,"Omprakash Patra","2026-09-29 04:08:54",1671.3,2,omprakashpy
1521,16730728,"Le Trong Hieu","2026-09-30 22:00:17",1671.3,2,backtracking
1522,16733851,tangaii,"2026-09-30 17:21:43",1671.2,2,tangai1
1523,16790765,Aristotle.Chen,"2026-09-30 12:41:49",1670.9,2,aristotlechen
1524,16811900,"Brejesh Balakrishnan","2026-09-30 05:11:53",1670.9,2,brejeshbalakrishnan
1525,16730735,YUK,"2026-09-30 22:44:53",1670.6,2,yu0307
1526,16632593,skomuro,"2026-09-30 15:30:04",1670.1,2,skomuro
1527,16768449,"Dmitry Volovikov","2026-09-30 19:19:47",1669.9,2,dmitryvolovikov
1528,16738503,dddmd,"2026-09-30 22:43:31",1669.8,2,dddmdd
1529,16676904,researchstudio.site,"2026-09-30 01:40:05",1669.3,2,fistyee
1530,16879027,XMHHHH,"2026-09-25 12:36:50",1669.1,2,jkkhhoo
1531,16644303,"kevin zhou","2026-09-30 23:33:56",1669.0,2,kevinzhou66
1532,16861805,farmer-kuni,"2026-09-30 18:32:56",1669.0,2,kuni05
1533,16907326,"julien gaza","2026-09-29 01:04:28",1668.8,2,juliengaza
1534,16886400,Nisshi888880,"2026-09-30 23:46:12",1667.8,2,nisshi888880
1535,16939076,"Solo runner","2026-09-26 23:10:19",1667.5,2,camronsanders
1536,16684704,LIQUIDHORSE,"2026-09-30 21:04:00",1667.1,2,liquidhorse
1537,16852559,永井こうたろう,"2026-09-28 15:33:59",1666.6,2,kotakota914
1538,16704924,jdx,"2026-09-29 02:37:16",1666.5,2,jdsemrau
1539,16783537,JustinybGao,"2026-09-30 19:03:41",1666.2,2,justinybgao
1540,16933178,darkvector4,"2026-09-28 14:23:32",1665.4,2,"darkvector4,sha1ng,valtrix"
1541,16832192,"No Name #2","2026-09-30 20:05:08",1665.2,2,ivanj0
1542,16664359,Nightingale,"2026-09-30 18:01:18",1665.2,2,apilkhadka
1543,16766640,watana,"2026-09-30 23:43:45",1665.1,2,yukiwat
1544,16710459,Nironiro,"2026-09-30 17:20:05",1664.0,2,nironiro
1545,16658865,"Victoria Karpukhina","2026-09-30 15:36:09",1663.8,2,vikileina
1546,16861102,walnut11,"2026-09-29 23:33:55",1663.7,2,walnut11
1547,16844233,y3uanm,"2026-09-29 04:32:55",1663.7,2,"delta47x,lunpaixo,y3uanm"
1548,16940533,shikaikaikaikai,"2026-09-28 05:53:43",1663.1,2,shikaikaikaikai
1549,16806206,"Yuan Yongth","2026-09-30 19:59:31",1663.0,2,"sunnylzheng,yuanyongth"
1550,16760158,"apple farmer","2026-09-30 19:42:35",1662.5,2,gustavoknudsen
1551,16672448,"Crisis Liu","2026-09-30 16:42:42",1662.5,2,crisisliu
1552,16683435,CoorDi,"2026-09-30 07:45:53",1662.4,2,bxy0125
1553,16884718,"Adele Yang","2026-09-30 23:58:01",1661.6,2,adeleascloud
1554,16769411,Beyond,"2026-09-30 21:12:44",1661.5,2,themanysh
1555,16898049,"Alua Аkhmetkali","2026-09-26 07:46:37",1661.3,2,alua01
1556,16675344,PP_Azalearn,"2026-09-30 22:07:35",1661.2,2,"androidss,keitookamoto,pptakehirokawada"
1557,16718033,TheMightiestMan,"2026-09-29 13:54:33",1661.1,2,themightiestman
1558,16631640,7day-enough,"2026-09-30 16:05:44",1660.9,2,"caoyupeng,diandianzi,lingyu07,lixin73,xiaoxiaohuazong"
1559,16672121,"Tiger bonbon","2026-09-30 23:53:55",1660.8,2,fujiwarayuto
1560,16623805,"Howon Kang","2026-09-30 15:43:12",1660.6,2,howonkang
1561,16630548,"YJ Wee 2807","2026-09-30 16:54:31",1660.4,2,yjwee2807
1562,16728238,ubcict232,"2026-09-30 00:32:07",1660.0,2,ubcict232
1563,16928491,weihewo,"2026-09-29 15:10:11",1659.9,2,weihewo
1564,16917732,qianqiuwushang,"2026-09-28 21:13:27",1659.4,2,qianqiuwushang
1565,16864558,"Henghan Dong","2026-09-27 08:10:31",1659.3,2,henghandong
1566,16937607,wuyan-nox,"2026-09-30 12:55:15",1659.3,2,wuyannox
1567,16661702,"Chattso-GPT (Yasuhito Yanagisawa)","2026-09-30 16:20:15",1659.2,2,yasuhitoyanagisawa
1568,16627600,"NiA Farms","2026-09-28 14:33:18",1658.9,2,"adriaft,natliablascoandreo"
1569,16834038,"Akio Furutsuka","2026-09-30 23:55:17",1657.9,2,akiofurutsuka
1570,16728262,wakawakayu,"2026-09-30 09:33:32",1657.9,2,wakawakayu
1571,16622242,"Robert Koval","2026-09-30 22:08:31",1657.8,2,robertkoval
1572,16927521,wadia,"2026-09-30 05:24:07",1657.7,2,"sihuanian777,yeshawang"
1573,16633226,test_money,"2026-09-30 21:32:31",1657.5,2,michaelsemenoff
1574,16622509,Ali,"2026-09-30 20:30:34",1656.8,2,asalhi
1575,16713743,oliver,"2026-09-30 21:13:49",1656.6,2,ollibolli
1576,16949185,"Akil Al-Sharafi","2026-09-29 13:57:01",1656.5,2,akilalsharafi
1577,16904651,chenpengyu603,"2026-09-29 04:43:55",1656.4,2,chenpengyu603
1578,16891334,"Ruslan Akhmetov","2026-09-30 11:05:11",1656.4,2,ecolla999
1579,16641751,Hikari_30,"2026-09-29 04:21:44",1656.3,2,hikari30
1580,16631215,私立ホルスタイン学園,"2026-09-30 12:47:36",1656.3,2,hiranorm
1581,16701897,"Alejandro Lavandeira Casais","2026-09-30 20:28:30",1656.0,2,alejandrolavandeira
1582,16676762,"Tomas Escobar Rivera","2026-09-30 17:43:50",1655.6,2,tomasescobarrivera
1583,16714057,"T0m0t0m0 W","2026-09-30 22:43:10",1655.5,2,t0m0t0m0w
1584,16663252,"MD Concepcion","2026-09-29 23:34:46",1655.5,2,mikedconcepcion
1585,16749205,"Wish Coding Guy","2026-09-30 21:16:01",1655.5,2,tommycyd
1586,16806053,hisatarosu,"2026-09-30 11:10:51",1655.2,2,tomako4390
1587,16791924,magu1234,"2026-09-30 23:37:03",1655.1,2,magu1234
1588,16890222,"Borisov Emilian","2026-09-29 12:42:05",1655.1,2,emili123
1589,16843042,"Frost Cerberus","2026-09-30 16:50:53",1655.1,2,frostcerberus
1590,16725403,tabetai28,"2026-09-30 15:21:34",1654.4,2,taichiabewaseda
1591,16838766,"Justin Gao","2026-09-28 06:12:14",1654.3,2,justingao
1592,16743165,"Chiachii Liang","2026-09-28 03:14:42",1654.2,2,chiachiiliang
1593,16840857,Meteor,"2026-09-30 11:34:24",1654.2,2,meteorkid
1594,16730045,渡邊征央,"2026-09-30 23:39:54",1653.3,2,undertaker3409
1595,16891283,tofu1002,"2026-09-30 19:09:44",1653.1,2,tofu1002
1596,16846856,BladeRunner,"2026-09-28 06:28:20",1652.6,2,bladerunner2022
1597,16654585,"David Pedersen","2026-09-30 08:11:22",1652.2,2,semalytics
1598,16718788,"Paxton Tillman","2026-09-30 23:09:09",1651.9,2,paxtontillman
1599,16723528,"Singaraj B","2026-09-29 01:53:01",1651.7,2,singarajb
1600,16635314,"Aurora wy","2026-09-30 16:23:21",1651.4,2,aurorawy
1601,16667951,KoRo2_JP,"2026-09-30 18:13:27",1651.2,2,koro2jp
1602,16659412,yesterdays_rebel,"2026-09-28 10:39:06",1650.9,2,irfanparaniya
1603,16774712,icelemon2004,"2026-09-30 20:48:42",1650.6,2,"guanghuchen,icelemon2004,mustard64"
1604,16664111,"John Park","2026-09-29 07:26:53",1649.8,2,sigint
1605,16730713,"Michael Mueller","2026-09-29 17:16:13",1649.6,2,michaelmueller26
1606,16845531,"Suzuki Yuto - W","2026-09-30 08:58:47",1649.6,2,hoshinoyumemi
1607,16768104,"Ivan Aleksandrov","2026-09-30 15:29:40",1649.5,2,ivanblch
1608,16795853,GaoKui,"2026-09-30 16:25:54",1648.9,2,gaokui
1609,16635421,"Lennart Haupts","2026-09-30 17:42:46",1648.6,2,lennarthaupts
1610,16892257,ShadowMist01,"2026-09-29 18:39:26",1648.6,2,shadowmist01
1611,16914006,Stefano,"2026-09-28 13:08:40",1648.2,2,stefanojp
1612,16792109,rogerrogerroger3r,"2026-09-30 09:13:04",1648.0,2,rogerrogerroger3r
1613,16847478,tokitamago,"2026-09-30 14:44:58",1647.9,2,tokitamago
1614,16665829,Shadowfishes,"2026-09-30 22:45:45",1647.7,2,"boandme,ronitagarwal1,shauryasahdev2"
1615,16653939,"Amr Yasser","2026-09-30 12:18:33",1647.6,2,amryasswe
1616,16706897,"Akshay Mathur","2026-09-27 19:33:42",1647.3,2,akshaymathur777
1617,16692038,CodeHacker,"2026-09-30 14:22:54",1646.4,2,junhanzangai
1618,16760244,"Alex Paul","2026-09-27 18:50:13",1646.4,2,alexazander
1619,16779171,Xunden,"2026-09-30 14:08:43",1645.4,2,xunden
1620,16660483,TIM,"2026-09-29 00:40:14",1645.4,2,daynoryamil
1621,16707547,Lin,"2026-09-30 18:12:38",1645.4,2,linjianrong
1622,16920251,otouhu,"2026-09-30 23:16:38",1645.0,2,"minera,toroochi"
1623,16632214,roomer,"2026-09-29 14:12:52",1644.5,2,"matsuphy,mqme526,yasunamiura"
1624,16857607,inny,"2026-09-30 22:33:45",1644.1,2,innycc
1625,16635340,"zhuo wamg","2026-09-30 17:15:03",1644.1,2,zhuowamg
1626,16945364,胜你不须第二剑,"2026-09-28 08:10:34",1644.0,2,abinyzl123
1627,16668610,Sian,"2026-09-30 14:24:35",1644.0,2,arki13
1628,16865261,"Kamal Kadakara","2026-09-30 21:26:34",1643.9,2,kamalkadakara
1629,16948431,"Прикинь я проиграл","2026-09-30 23:56:52",1643.8,2,anpilovkirill
1630,16777836,キムチ納豆,"2026-09-30 23:43:56",1643.6,2,ccchikuwa
1631,16659550,"Sai Syam","2026-09-30 07:14:34",1643.4,2,saisyam
1632,16718937,62326368,"2026-09-30 19:57:17",1643.3,2,mooniim
1633,16941692,twotodevnull,"2026-09-30 05:23:29",1643.2,2,twotodevnull
1634,16947730,"青葉 涼風","2026-09-29 23:54:25",1643.2,2,suzukaze
1635,16639625,"Dr Chandrasen Pandey","2026-09-28 05:28:20",1642.5,2,devchandra
1636,16640067,"minghao mei","2026-09-30 02:05:26",1642.3,2,minghaomei
1637,16663175,Anaconda,"2026-09-30 21:49:22",1642.0,2,anaconda
1638,16797847,"levski shampion","2026-09-30 22:53:52",1641.6,2,mariomalev
1639,16891115,tkm7510,"2026-09-30 23:04:22",1641.5,2,tkm7510
1640,16741516,"Anh Tu","2026-09-30 13:09:42",1641.4,2,natcs98
1641,16724801,Noir,"2026-09-29 02:00:56",1641.2,2,nuitnoir
1642,16833095,"ADARSH DWIVEDI","2026-09-25 11:41:22",1641.1,2,adarshcod
1643,16927533,Deenouement,"2026-09-28 14:12:37",1640.8,1,"deenouement,eelixirr,efffervescent,ellegance"
1644,16653260,"Kadouci Abdelhak","2026-09-29 20:54:13",1640.6,2,kadouciabdelhak
1645,16691572,"Lord Momo","2026-09-30 07:39:50",1640.5,2,stevenleehans
1646,16631460,Kosuke.T,"2026-09-28 11:44:29",1640.1,2,kosuke1992
1647,16802752,hako22,"2026-09-30 21:33:13",1640.0,2,hako22
1648,16709468,"Andrey Chankin","2026-09-30 23:55:17",1639.7,2,bluepill
1649,16655128,"Somasundar V","2026-09-30 16:20:38",1639.4,2,somasundarv
1650,16889296,"Takauchi Suguru","2026-09-30 12:07:08",1639.1,2,gurusut
1651,16663229,kakuteki,"2026-09-30 19:57:43",1638.4,2,kakuteki
1652,16949661,Shs123,"2026-09-26 20:14:37",1638.2,2,shs123
1653,16896203,Qx_qingxi,"2026-09-30 16:37:34",1638.2,2,yongqiangtian
1654,16740659,haodou092,"2026-09-30 15:57:25",1638.1,2,haodou092
1655,16793080,"Lonan Syayf","2026-09-29 19:03:04",1637.5,2,lonansyayf
1656,16638953,"Joe Young","2026-09-30 21:36:45",1637.4,2,jsphyg
1657,16768603,Kinance,"2026-09-30 21:28:34",1637.3,2,kinance
1658,16730301,wonder777,"2026-09-30 16:49:04",1636.7,2,wonder777
1659,16670229,Munshi-PremChand,"2026-09-30 23:58:56",1636.7,2,munshipremchand
1660,16865693,Eda,"2026-09-30 12:21:35",1635.1,2,edagram
1661,16699856,yukio,"2026-09-30 15:24:41",1634.5,2,yukioseki
1662,16659843,"Amer Alkhalili","2026-09-30 12:56:58",1634.4,2,ameralkhalili
1663,16640600,"Giord Frank","2026-09-30 02:47:03",1634.2,2,"fggggg12345,tangerinedog"
1664,16630519,"Mehmet Özer","2026-09-30 18:42:46",1633.1,2,ozermehmet
1665,16737237,"Ayodeji Adesegun","2026-09-29 19:37:24",1633.1,2,ayodejiadesegun
1666,16732774,edchax,"2026-09-30 23:41:15",1633.1,2,"edchax,kevinkoza,slirche"
1667,16729130,KoshinM,"2026-09-30 04:14:04",1633.0,2,koshinm
1668,16755229,theearthcheng,"2026-09-30 14:56:22",1632.6,2,theearthcheng
1669,16811224,yuya,"2026-09-29 18:42:53",1632.0,2,yuomori
1670,16731926,"Pardheev Krishna","2026-09-29 05:28:54",1631.9,2,"anandkumar0901,ayushjiwatramani,nidhibsh,nitindatanylatics,pardheev"
1671,16839972,"Yusuf Lee","2026-09-29 09:12:22",1631.7,2,yusuflee
1672,16696762,SOSyuki,"2026-09-30 18:49:17",1630.8,2,sosyuki
1673,16675684,washamba_bots,"2026-09-30 18:47:14",1630.4,2,"billygmwangi,futurecentaur,peterkibetspidey,stephanenjoki"
1674,16673881,"Sebastian Johansson","2026-09-29 07:55:16",1630.2,2,sebbejohansson
1675,16888794,NonCaffeine,"2026-09-30 22:56:46",1630.0,2,noncaffeine
1676,16716949,ligaydima,"2026-09-30 23:52:34",1630.0,2,ligaidima
1677,16659972,"Pelamovic ","2026-09-30 12:17:17",1629.1,2,pelamovic
1678,16941364,anto,"2026-09-30 08:33:26",1629.0,2,"yeohzhonghanervin,yueyaozzz"
1679,16755654,oQo,"2026-09-30 22:28:56",1628.6,2,oqoxodk6
1680,16622420,RuiFSPinto,"2026-09-30 06:57:56",1628.6,2,ruifspinto
1681,16697898,"Yin Li","2026-09-30 22:01:01",1628.2,2,kevin250304
1682,16660220,tomo11111,"2026-09-30 21:31:36",1628.0,2,tomo11111
1683,16920678,qinsuikang,"2026-09-30 16:11:37",1627.8,2,"qinsuikang,tudousisi"
1684,16841434,soraemon,"2026-09-30 15:11:43",1627.8,2,soraemon
1685,16676455,"Sarthak Sharma ","2026-09-30 19:27:28",1627.0,2,sarthaksharma14
1686,16749034,digitalChaos,"2026-09-30 12:00:19",1627.0,2,digitalchaos666
1687,16653068,"Shuichi Fushimi","2026-09-30 16:35:58",1626.6,2,shuichifushimi
1688,16731940,xxxxyt,"2026-09-30 08:55:33",1626.3,2,"shengqinxi,xmxgxcs,xxxxyt"
1689,16878026,yamazaking,"2026-09-28 23:42:03",1626.1,2,zacky21
1690,16926921,"Ruslan Kovychev","2026-09-24 10:48:23",1626.1,2,ruslankovychev
1691,16808111,"Oliver #2","2026-09-30 18:07:32",1626.0,2,wangzn0410
1692,16657229,"Adam Plow","2026-09-30 10:04:32",1625.9,2,lizhiiii
1693,16693962,"Changyuan Chen","2026-09-29 13:59:12",1625.4,2,changyuanchenmit
1694,16791943,tamref,"2026-09-30 09:26:19",1625.3,2,tamreff3290
1695,16793461,"Muhammad Hokimiyon","2026-09-30 18:54:13",1624.6,2,muhammadhokimiyon
1696,16623875,"Pavlo Ivanin","2026-09-30 17:50:13",1624.0,2,pavloivanin
1697,16675863,"Habib ullah","2026-09-30 13:55:12",1624.0,2,habibullah123456789
1698,16743218,RYUSHI,"2026-09-30 00:57:31",1623.6,2,ryushisa
1699,16932849,"Siddhant Rajhans","2026-09-30 20:49:18",1622.1,2,siddhantrajhans
1700,16758893,"Sercan Yeşilöz","2026-09-30 21:02:07",1622.0,2,sercanyesiloz
1701,16721805,kavunidze,"2026-09-30 17:50:34",1621.8,2,kartu72
1702,16734435,Economist,"2026-09-30 22:47:40",1621.7,2,jtheyogi
1703,16769967,"Bill Fan","2026-09-29 00:57:08",1621.2,2,billfan88
1704,16808526,iheng88,"2026-09-30 14:56:20",1620.0,2,iheng88
1705,16713457,"Poor farmer","2026-09-30 16:55:11",1620.0,2,trnhip
1706,16634238,SoWwe,"2026-09-30 23:13:26",1619.9,2,sowwe4
1707,16772460,"Дмитрий Онин","2026-09-27 02:00:16",1619.4,2,rejo1ce
1708,16753567,wangkxu,"2026-09-29 02:39:09",1619.1,2,davics
1709,16799832,"Maman Salto","2026-09-30 04:13:25",1619.1,2,saddamaditya
1710,16885137,"Manjunadh Padarthi","2026-09-29 19:40:36",1618.3,2,manjunadhpadarthi
1711,16738534,"Sakito Horie","2026-09-29 04:29:59",1618.1,2,sakitohorie
1712,16699947,HKmgikao,"2026-09-30 23:03:52",1617.8,2,hitoshikmgai
1713,16823938,InSociEUP,"2026-09-30 05:55:35",1617.7,2,santanubanerjee9
1714,16793344,zyichi,"2026-09-30 01:35:32",1617.5,2,zyichi
1715,16847412,SuzukiKazuma,"2026-09-30 14:17:00",1617.4,2,suzukikazuma
1716,16623366,"Alexander Dudin","2026-09-30 23:54:11",1617.3,2,cyberecho
1717,16736931,"Sergei Fironov","2026-09-28 14:31:48",1616.9,2,sergeifironov
1718,16674526,"Imdadul hasan hamim","2026-09-29 12:57:08",1616.8,2,imdadulhasanhamim
1719,16638386,"Md Boktiar Mahbub Murad","2026-09-30 08:10:38",1616.8,2,mbmmurad
1720,16797543,Tarang222,"2026-09-27 19:17:22",1616.7,2,tarang222
1721,16658830,"Farhat Pachisa","2026-09-30 04:21:03",1616.2,2,farhatpachisa
1722,16665077,"Mohit Babel","2026-09-30 07:58:27",1616.2,2,mohitbabel
1723,16845570,CHCV,"2026-09-30 06:59:33",1615.8,2,chcvpz
1724,16730854,src,"2026-09-30 13:49:52",1615.3,2,skthtu
1725,16837554,Quickpanda,"2026-09-30 06:45:10",1615.1,2,quickpanda
1726,16650181,victorvv,"2026-09-29 13:57:14",1613.1,2,whs66666666666
1727,16910041,"Gorgulu Fried Chicken Wings","2026-09-30 23:52:11",1612.9,2,"jingshixu,ooorangecatt"
1728,16633944,Toru59er,"2026-09-28 00:04:27",1612.8,2,toru59er
1729,16783021,"TAN TIANYE","2026-09-30 08:18:56",1612.8,2,tantianye
1730,16635818,F.A.Nina,"2026-09-29 23:35:38",1612.8,2,nina2025
1731,16692678,Nerozud,"2026-09-30 22:43:46",1612.6,2,"lorerubiano22,nerozud"
1732,16866933,tech-Mira,"2026-09-30 15:57:07",1612.6,2,itsukiito
1733,16944892,Daijingping,"2026-09-29 04:00:52",1612.1,2,daijingping
1734,16851147,Saifuddin,"2026-09-30 13:04:21",1611.9,2,syehsyoh
1735,16732530,可抽奖的冰棒,"2026-09-30 12:59:24",1611.7,2,daniel1547
1736,16779110,markastra,"2026-09-30 03:10:28",1611.5,2,markastra
1737,16731971,s_a_ai_engineer,"2026-09-30 15:01:45",1611.4,2,saaienginner
1738,16628456,kiro,"2026-09-29 06:30:32",1611.2,2,kirosamurai
1739,16839427,kooooozh,"2026-09-29 15:58:50",1610.9,2,grigoriykozhemyakin
1740,16729859,wintermute,"2026-09-30 17:18:34",1610.7,2,siraev
1741,16727745,auouer,"2026-09-30 19:22:09",1610.5,2,"auouer,guriken,hkamna,insightfulthinking"
1742,16851557,SunaoCool,"2026-09-28 00:03:30",1609.8,2,yoshikinishita
1743,16709463,MKhlystun,"2026-09-29 22:11:26",1609.8,2,mkhlystun
1744,16809211,"Aleix López","2026-09-30 00:31:09",1609.8,2,aleixlopez
1745,16804827,"Bala Baskar","2026-09-28 13:55:41",1609.6,2,balabaskar
1746,16621709,smlcr,"2026-09-30 23:47:51",1609.4,2,simulacri
1747,16730142,static,"2026-09-30 09:51:14",1608.7,2,huangshunhao
1748,16732670,minoneru,"2026-09-30 04:51:24",1608.6,2,kotaminoshima
1749,16941047,"RUSHMANTH NALLURI","2026-09-24 00:07:09",1608.2,2,rushmanthnalluri
1750,16740506,Growingduck,"2026-09-30 20:05:34",1607.7,2,jaeminkang2021
1751,16681848,Haraguchi-T,"2026-09-28 12:28:23",1607.2,2,haraguchit
1752,16846968,kfous,"2026-09-30 20:03:08",1606.9,2,kfousekis
1753,16665919,"Labmem Tang","2026-09-30 16:43:30",1606.8,2,labmemtang
1754,16940953,"Bob Liu","2026-09-30 23:40:14",1606.8,2,bobliu02041302
1755,16879636,aaaaLiu123,"2026-09-30 15:53:59",1606.6,2,aaaaliu123
1756,16779304,"Ari Nakos","2026-09-30 19:24:43",1606.6,2,aristides
1757,16660046,"Ikki Katsuyama","2026-09-30 04:52:54",1606.6,2,kacchanwriting
1758,16670210,"Ali Alghaithi","2026-09-29 02:27:46",1606.3,2,alioman
1759,16904732,Weifenhuan,"2026-09-30 13:02:43",1606.0,2,schwa6
1760,16693342,takemo,"2026-09-30 22:23:55",1606.0,2,takemoriyuto
1761,16765807,"Win Suthar","2026-09-30 14:54:52",1606.0,2,ashwanidhukra
1762,16625060,"Subin An","2026-09-30 23:20:51",1606.0,2,subinium
1763,16923115,"Takamasa Ueno","2026-09-28 02:06:50",1605.9,2,uentsz
1764,16732126,iwashi,"2026-09-27 18:45:45",1605.7,2,iwashi
1765,16630984,TakamaruEX,"2026-09-30 09:57:19",1605.7,2,takamaruex
1766,16717901,"Ahmed Hazem Abdeltawab","2026-09-29 21:49:11",1605.6,2,ahmedhazem23
1767,16668227,Yusuraume,"2026-09-30 22:49:56",1604.8,2,sugitatomohiko
1768,16676193,"Akira Hirohashi","2026-09-29 13:38:55",1604.7,2,akirahirohashi
1769,16677217,Panos,"2026-09-29 21:49:43",1604.6,2,panosc
1770,16777961,qiwaki,"2026-09-28 14:54:32",1604.6,2,resonayu
1771,16655379,Ikeda0516,"2026-09-28 03:39:05",1604.5,2,ikeda0516
1772,16896273,Elooquence,"2026-09-28 09:44:17",1604.4,2,"elooquence,opulencee,piicturesque"
1773,16736542,YuRuiZe,"2026-09-30 19:53:35",1603.5,2,ruoyuruize
1774,16632138,kaggle_bbgg,"2026-09-30 00:04:38",1603.4,2,kagglebbgg
1775,16654373,thwaitsusa2,"2026-09-30 23:54:43",1603.4,2,thwaitsusa2
1776,16943709,ser5kovskiy,"2026-09-30 18:02:28",1603.3,2,sergeypyatkovskiy
1777,16792410,"Taewoong Kim","2026-09-30 00:27:50",1603.2,2,aleaiest
1778,16806014,"weihao huang2004","2026-09-30 04:17:55",1603.0,2,weihaohuang2004
1779,16669204,Scout,"2026-09-30 18:56:17",1603.0,2,"aeryst,divyanshxanshu,mridulahluwalia06,shlokgoyal1234,smaggr"
1780,16775286,DanilAbdullin,"2026-09-28 11:42:03",1602.9,2,danilabdullin
1781,16897821,bjthomas,"2026-09-30 13:33:02",1602.5,2,bjthomas
1782,16634803,hongzhouzhou,"2026-09-30 21:17:10",1602.1,2,afterrain42
1783,16630829,Ivan1625,"2026-09-29 13:20:53",1602.1,2,ivan1625
1784,16793340,bee_lx_xl,"2026-09-30 22:42:36",1602.0,2,beelxxl
1785,16763505,"Sai Reddy Pothireddy","2026-09-30 19:14:41",1602.0,2,saireddypothireddy
1786,16634493,xixi,"2026-09-28 15:33:24",1601.9,2,huangcarry26
1787,16740815,Remielle,"2026-09-30 16:33:41",1601.8,2,remielle
1788,16624919,"Juste Me (●'◡'●)","2026-09-30 22:40:50",1601.6,2,degnonguidi
1789,16671133,Kazeneko,"2026-09-30 12:38:27",1601.5,2,kazeneko77
1790,16655631,"Djamila Benchikh","2026-09-28 20:37:08",1601.0,2,djamilabenchikh
1791,16656432,"CornHub Premium","2026-09-30 15:34:33",1600.9,2,nihilisticneuralnet
1792,16778627,LXZ538,"2026-09-30 15:45:25",1600.7,2,lxz538
1793,16776738,"Kundan Bhaskar","2026-09-28 18:53:39",1600.3,2,kundan007
1794,16641230,"An V1","2026-09-28 15:19:03",1600.2,2,barakuga
1795,16630015,星之海,"2026-09-30 19:04:12",1600.2,2,web3cainiao
1796,16668262,spbforce,"2026-09-27 20:01:54",1600.1,2,spbforce
1797,16753515,"Yosif EL-Rammaal","2026-09-29 01:15:43",1600.0,2,yosifelrammaal
1798,16879185,"xuhang ren","2026-09-30 08:03:40",1599.9,2,xuhangren
1799,16881681,失忆的海_,"2026-09-30 04:20:33",1599.9,2,shiyidehai
1800,16936876,ZeroGrain,"2026-09-30 14:15:11",1599.8,2,"fengwenxu,liuhongyi2026,liyayay,ruihuang999"
1801,16652214,Zhenrui.Weng,"2026-09-30 02:21:52",1599.8,2,zhenruiweng
1802,16674932,kokinnwakashuu,"2026-09-29 21:51:03",1599.8,2,kokinnwakashuu
1803,16802578,Yuuki4543,"2026-09-30 19:29:35",1599.7,2,yuuki4543
1804,16743015,"Sword's Frost","2026-09-29 03:29:55",1599.7,2,alexwilliam7
1805,16665294,"Thái Văn Tài","2026-09-29 09:09:00",1599.6,2,thivnti
1806,16632097,PavelLiashkov,"2026-09-30 00:04:19",1599.5,2,bigbag1983
1807,16846010,muelsyse111,"2026-09-30 15:18:11",1599.3,2,"muelsyse111,zltrqn"
1808,16842242,"Scott Kirila","2026-09-27 09:00:25",1599.1,2,scottkirila
1809,16662949,"Will English","2026-09-29 15:45:33",1599.0,2,dubascudes
1810,16919647,moo_&yuu1,"2026-09-30 12:43:52",1599.0,2,"a91zjy,mooyuu"
1811,16706395,"Kunal Desale","2026-09-30 04:00:43",1598.4,2,kunaldesale2408
1812,16671017,"Pablo César Ruíz","2026-09-30 06:57:19",1598.2,2,pcruiher08
1813,16840212,anngle,"2026-09-30 14:12:07",1598.2,2,anngle
1814,16740161,r2singh,"2026-09-29 14:02:23",1598.0,2,ratnaraj
1815,16893046,ClaudiCulture,"2026-09-30 23:19:54",1597.4,2,ortimusprime
1816,16745995,"Guido Tapia","2026-09-28 05:26:17",1597.3,2,guidotapia
1817,16935893,lixusb,"2026-09-30 08:44:36",1597.2,2,lixusb
1818,16741639,kirito83,"2026-09-30 19:16:06",1596.8,2,lishsh83
1819,16671412,Xman,"2026-09-30 17:58:12",1596.8,2,xuanzhang001
1820,16765327,master_ssx,"2026-09-27 22:55:19",1596.7,2,masterssx
1821,16730446,photunix,"2026-09-30 22:54:08",1596.7,2,photunix
1822,16706227,"Wise Fancy","2026-09-30 04:45:48",1596.5,2,wisefancy
1823,16659464,"Héctor Valverde","2026-09-30 22:46:14",1596.5,2,hvpareja
1824,16662628,AbhiniveshSharma5354,"2026-09-30 21:30:34",1596.5,2,abhiniveshsharma5354
1825,16657576,"SUBHASH B","2026-09-30 16:39:18",1596.4,2,"rishikrish1,subhashb21022"
1826,16938488,Firdannn,"2026-09-29 11:33:25",1596.3,2,firdannn
1827,16905685,小娃娃是娃娃里较小的娃娃,"2026-09-30 15:01:10",1596.1,2,xiewenwei29
1828,16802322,HongchenDai,"2026-09-30 08:12:39",1596.0,2,hongchendai
1829,16699045,"Abu Kayyisah Basyid","2026-09-27 16:15:38",1596.0,2,abukayyisahbasyid
1830,16623938,flashthunder,"2026-09-29 08:55:57",1595.8,2,thunderflash
1831,16775686,"Max Podd","2026-09-29 12:54:08",1595.7,2,maxpodd
1832,16858984,Katherine_2002,"2026-09-30 14:58:55",1595.7,2,katherine2002
1833,16717572,kiyomiya-k,"2026-09-27 15:46:20",1595.7,2,kiyomiyak
1834,16667964,Shuiys,"2026-09-30 14:42:28",1595.0,2,ysshui
1835,16690338,dvv_ram,"2026-09-30 18:14:56",1595.0,2,ddvram
1836,16743988,"Akhilesh Vinnakota","2026-09-26 04:20:38",1594.8,2,akhileshvinnakota
1837,16806376,pardival,"2026-09-30 15:09:20",1594.6,2,pardival
1838,16887476,"Memory Engineer","2026-09-29 05:36:36",1594.5,2,salazarslytherin
1839,16759500,lolzpo,"2026-09-30 23:06:55",1594.3,2,lolzpo
1840,16894196,"Qiank Chen","2026-09-28 21:56:56",1594.1,2,qiankchen
1841,16662846,"Kerem Ercin","2026-09-29 15:22:13",1594.1,2,keremercin
1842,16668737,"Abish Pius","2026-09-30 01:06:37",1594.0,2,abishpius
1843,16662051,"Salem Ali","2026-09-30 07:54:54",1594.0,2,salemali7
1844,16649314,"Yuka,Ota","2026-09-30 12:15:05",1594.0,2,yukaika
1845,16783459,LKQ669,"2026-09-30 21:00:28",1593.8,2,lkq669
1846,16711918,"Pavel Filin","2026-09-28 17:37:31",1593.5,2,pavelfilin
1847,16822002,shiokoh,"2026-09-30 14:31:39",1593.5,2,shiokoh
1848,16622032,"Raunak Dey","2026-09-30 10:25:25",1593.5,2,raunakdey07
1849,16796840,ezalbxx,"2026-09-29 20:17:55",1593.4,2,ezalbxx
1850,16865949,bhaskar9221,"2026-09-29 18:12:35",1593.4,2,bhaskarkumar11
1851,16798724,"junfan shen","2026-09-28 12:41:51",1593.4,2,junfanshen
1852,16880296,"CT in CS","2026-09-30 08:27:24",1593.4,2,"anhphamtranminh,nguyenvietdat,nnvietha,toanleducanh"
1853,16723272,"Rimsha Kanwal","2026-09-27 19:29:56",1593.3,2,rimsha234
1854,16671424,cicen1139,"2026-09-30 05:38:05",1593.1,2,cicen1139
1855,16752104,WYSSR1225,"2026-09-30 05:39:25",1593.1,2,wyssr1225
1856,16657091,raw2clean,"2026-09-30 17:11:58",1593.1,2,raw2clean
1857,16653093,"willam wu","2026-09-29 16:04:05",1593.0,2,biaaib
1858,16784561,"Rodrigo Ramón","2026-09-30 20:55:10",1592.9,2,rodrigoramn
1859,16755049,gamesu7107,"2026-09-29 04:02:49",1592.8,2,gamesu7107
1860,16686918,JustinLee,"2026-09-30 14:21:46",1592.8,2,justin2061
1861,16631090,yoikoarmor,"2026-09-30 19:24:20",1592.8,2,yoikoarmor
1862,16709930,llRX,"2026-09-30 16:24:22",1592.6,2,"bankkobe,leojeel,ruikaihong"
1863,16623836,awarse,"2026-09-30 05:19:18",1592.6,2,awarse
1864,16657877,zigiella,"2026-09-29 19:45:21",1592.5,2,zigiella
1865,16688907,青烟,"2026-09-30 14:15:13",1592.1,2,"imagine4391,mortal4416"
1866,16882280,K_daisuke,"2026-09-29 13:08:39",1592.0,2,kawakamidaisuke
1867,16634765,democatXamer,"2026-09-30 19:19:06",1591.8,2,w1326627677
1868,16799132,"Marlon Vasquez","2026-09-29 01:50:15",1591.7,2,vexmeavf
1869,16632240,Deepseek的恩情还不完,"2026-09-30 04:43:37",1591.6,2,"iwanys,pedianeko,realybin,theunforgiven7"
1870,16884028,"Jayden Y","2026-09-30 14:22:25",1591.5,2,jy0810
1871,16639746,"Kyle Wang","2026-09-30 23:55:58",1591.4,2,ky1ewan9
1872,16742369,"Ömer Faruk Yüce","2026-09-30 21:05:12",1591.3,2,merfarukyce
1873,16662684,"Harshini Reddy","2026-09-30 21:10:10",1591.0,2,luffyh04
1874,16651402,"Mille Initiate","2026-09-28 08:52:31",1590.9,2,milleinitiate
1875,16930934,LosiSt,"2026-09-29 14:00:55",1590.8,2,losist
1876,16639289,"ne Artem Savchenko","2026-09-30 16:26:19",1590.7,2,neartemsavchenko
1877,16712796,"Kumar Saurabh","2026-09-30 18:39:32",1590.7,2,bakakaka
1878,16640873,"Takumu Hata","2026-09-30 10:09:29",1590.6,2,takumuhata
1879,16850198,"Daiki Yasui","2026-09-28 14:32:25",1590.5,2,daikiyasui
1880,16644690,Dubnium,"2026-09-30 23:50:06",1590.4,2,ahmetyasin1
1881,16881913,"Dhanush Reddy B H","2026-09-29 16:03:41",1590.3,1,dhanushreddybh
1882,16907246,VROPEXT,"2026-09-28 15:05:06",1590.0,2,vropext
1883,16731270,"Arthurs Torres24","2026-09-29 17:34:57",1590.0,2,arthurstorres24
1884,16921800,tmcoder,"2026-09-29 14:21:08",1589.5,2,tm0428
1885,16859316,LP,"2026-09-27 16:54:45",1589.3,2,lihu6666
1886,16823981,"mou mou","2026-09-30 03:46:00",1589.2,2,moumou6322
1887,16709519,"p pxl16","2026-09-30 16:34:46",1589.0,2,ppxl16
1888,16793396,...,"2026-09-28 09:02:01",1588.9,2,shackles6966
1889,16770785,Brahim,"2026-09-29 09:51:58",1588.8,2,brahimdriss
1890,16660678,"Chaitanya Sonaje","2026-09-30 12:14:49",1588.8,2,chaitanya205
1891,16652631,"Panagiotis Anagnostou","2026-09-29 07:48:13",1588.7,2,panosanag
1892,16880830,Piyorin,"2026-09-27 13:07:49",1588.7,2,mystakhs
1893,16903912,樱花冷月,"2026-09-30 09:38:48",1588.6,2,yinghualengyue
1894,16775749,Yurikada,"2026-09-30 01:23:39",1588.5,2,yosukeinada
1895,16831179,"Andrey Baranov","2026-09-30 14:31:34",1588.5,2,baranov
1896,16724806,rin2401,"2026-09-29 01:42:12",1588.4,2,rin2401
1897,16885735,keith,"2026-09-28 22:26:52",1588.4,2,kamatt
1898,16732690,なーでぃー牧場,"2026-09-30 08:32:30",1588.0,2,nadyresearcher
1899,16736079,Maxy5illion,"2026-09-29 06:18:21",1587.9,2,maxy5illion
1900,16759250,"Harsh Jain","2026-09-30 13:56:51",1587.8,2,harshjain123
1901,16640388,SANNNNN,"2026-09-30 01:05:02",1587.7,2,zuhairsan
1902,16851133,"Bryan Pauze","2026-09-30 00:50:54",1587.6,2,bryanpauze
1903,16694138,Alex,"2026-09-30 20:29:37",1587.6,2,alex789
1904,16672468,ComposeMage,"2026-09-30 18:19:57",1587.5,2,composemage
1905,16727110,yemaoye,"2026-09-30 10:34:07",1587.5,2,"luckyappley,yemaoye"
1906,16739018,"Zhou Songyu","2026-09-30 19:42:04",1587.5,2,zhousongyu
1907,16771394,"ZHIRUI ZHAO","2026-09-30 14:58:22",1587.5,2,"harr23,zhiruizhao"
1908,16930459,Ela,"2026-09-30 09:11:10",1587.3,2,pentol
1909,16663457,Furqan102102,"2026-09-29 18:55:19",1587.2,2,furqan102102
1910,16715933,Scomics,"2026-09-30 09:00:16",1587.1,2,"bruceche7797,dongyiqun,jyxxxx"
1911,16841335,abondrn,"2026-09-29 00:38:13",1586.9,2,abondrn
1912,16734715,史永刚,"2026-09-30 07:47:23",1586.6,2,shizehao
1913,16761744,"Daiki Takahashi","2026-09-29 12:19:44",1586.5,2,daikitakahashi
1914,16621481,"zero waste","2026-09-27 17:17:22",1586.5,2,chinnaphatkhun
1915,16660313,Ctrl+Code,"2026-09-30 05:13:53",1586.5,2,"jayashankar369085,parnikasm"
1916,16693549,別班,"2026-09-30 18:47:59",1586.4,2,"kusurizuke,pepushi,tomokiaki"
1917,16732666,"Stefano Blando","2026-09-30 22:08:06",1586.1,2,stefanoblando
1918,16939469,dingzhen,"2026-09-30 17:47:26",1585.8,2,yiyaog
1919,16937798,"Semih Temiz","2026-09-30 18:39:52",1585.7,2,semhtemiz
1920,16727182,FinalSunFlower,"2026-09-30 22:47:47",1585.6,2,"finalsunflower,wubingheng"
1921,16696960,pi-500.phys,"2026-09-28 15:52:33",1585.5,2,pi500phys
1922,16758905,"Iwa Iwa","2026-09-30 18:29:36",1585.5,2,iwaiwa
1923,16656143,"Debanshu Mallick","2026-09-27 07:55:25",1585.5,2,debanshumallickiisc
1924,16753974,"David Goldrajch","2026-09-30 17:06:35",1585.2,2,elie2003
1925,16622121,xz,"2026-09-27 17:11:33",1585.1,2,xiaoz259
1926,16706004,Divyansh,"2026-09-30 12:19:32",1585.1,2,sehgaldivyansh
1927,16624893,"GURU Prasaatha S","2026-09-30 19:54:45",1585.1,2,guruprasaathas111
1928,16697185,"Prince Special","2026-09-30 23:24:10",1585.0,2,temitayogbolahan
1929,16670453,141,"2026-09-30 08:22:24",1584.9,2,"muhammadmustafaxo,siddiqshah"
1930,16949867,SangZG,"2026-09-30 23:58:35",1584.8,2,sangzg
1931,16935813,MINGHUN,"2026-09-30 15:17:37",1584.8,2,"aiwuhui,jiyuhao1213"
1932,16655912,sssskilo,"2026-09-29 20:50:38",1584.8,2,wellkilo
1933,16930387,Stevenzhao26,"2026-09-30 05:31:45",1584.7,2,stevenzhao26
1934,16762957,邪悪な暁山瑞希、ジャガイモを量産してフライドポテト市場を独占,"2026-09-28 15:10:55",1584.4,2,yinzimike
1935,16932413,"Evgeny Bratkovsky","2026-09-30 16:54:01",1584.0,2,bratkovskyevgeny
1936,16641982,ZotAZaw3,"2026-09-30 03:47:36",1583.8,2,zotazaw3
1937,16910137,imissher,"2026-09-28 22:51:45",1583.6,2,tule12345
1938,16709339,"Mohammad Javad Dianat","2026-09-29 08:51:42",1583.5,2,dianatofficial
1939,16639565,yasu,"2026-09-30 01:10:55",1583.5,2,yasutakababa
1940,16795086,Leroll,"2026-09-29 05:35:15",1583.4,2,leroll
1941,16681858,"Rishav Sanjay","2026-09-30 18:04:57",1582.8,2,rishavsanjay
1942,16742362,"AMANI DD","2026-09-28 17:32:09",1582.6,2,dkonan
1943,16634312,"Linh Le","2026-09-29 09:26:19",1582.4,2,linhlethuy
1944,16621595,"Farmers From Punjab","2026-09-27 05:14:16",1582.4,2,alisalmanrana
1945,16932850,"Amir Ghazi","2026-09-28 23:32:13",1582.1,2,amirghazi
1946,16881857,Pheonix,"2026-09-27 12:07:16",1581.8,2,vikasg1711
1947,16847275,"Giovanni Marco Dall'Olio","2026-09-30 09:07:58",1581.7,2,dalloliogm
1948,16793287,"Kim Jinseo","2026-09-30 13:33:16",1581.7,2,kimjinseo1
1949,16769116,qiuqiu,"2026-09-30 08:22:57",1581.6,2,qiuqiuh
1950,16918941,"E-Max AI","2026-09-30 18:45:15",1581.5,2,royalacecat
1951,16717794,souldrive,"2026-09-30 02:38:49",1581.5,2,souldrive
1952,16734914,bharat,"2026-09-30 21:31:27",1581.4,2,bharatmohan
1953,16653927,"Fernando GH H","2026-09-30 18:41:19",1581.3,2,fernandoghh2
1954,16670883,G*Sim,"2026-09-29 21:13:38",1581.2,2,guillaumesimiand
1955,16806346,"Mike chen666","2026-09-29 14:19:24",1580.8,2,"mikechen666,tiffanyjade"
1956,16754567,"Ashraf 1232","2026-09-30 07:44:46",1580.7,2,ashraf1232
1957,16930655,"Abdalrahman mohamed","2026-09-30 13:14:40",1580.7,2,abdalrahmanmohamed3
1958,16863329,"Alvaro Mendizabal","2026-09-30 23:56:19",1580.7,2,alvaromendizabal
1959,16836633,Yukino487,"2026-09-30 11:26:32",1580.6,2,"xingyulll,yukino487"
1960,16764605,"Bandito Gangesterito","2026-09-30 12:11:57",1580.5,2,"mrtrueteller,restovrator"
1961,16654076,"Son Pham","2026-09-29 02:50:04",1579.9,2,sonphamorg
1962,16644808,"Rotation Theory","2026-09-30 20:56:25",1579.9,2,mikhsank
1963,16663999,"Colton Martin","2026-09-29 19:32:14",1579.8,2,coltonmartinnn
1964,16710140,Lynxx,"2026-09-30 17:21:38",1579.7,2,lynnsakurai
1965,16863538,e-toppo,"2026-09-29 01:48:36",1579.6,2,masatomatsui
1966,16659730,"Zhang Yingluo","2026-09-30 23:56:21",1579.5,2,zhangyingluo
1967,16685358,"Nuno Ferreira","2026-09-30 07:14:10",1579.3,2,ngcferreira
1968,16666393,saikyo,"2026-09-30 02:45:27",1579.2,2,kyosaikyo
1969,16694016,"Prajwal M","2026-09-30 12:05:59",1579.2,2,estrick
1970,16668406,"VAP RF5","2026-09-27 16:51:03",1579.2,2,vaprf5
1971,16658038,Khanh,"2026-09-30 16:47:48",1579.1,2,khanhp142
1972,16641524,AkiraIshikawa,"2026-09-30 14:19:54",1579.0,2,akiraishikawa
1973,16756492,satokato,"2026-09-27 09:08:44",1578.9,2,satokato
1974,16858087,"Mohd Aasim Ansari","2026-09-30 10:23:23",1578.6,2,aasim2003
1975,16716078,H&E,"2026-09-30 09:10:23",1578.5,2,"jenzenhuang,luwyeb,wafflebear,wenjiewangdev"
1976,16656011,"Jiashun Tan","2026-09-28 08:56:10",1578.2,2,jiashuntan
1977,16657093,"sixer srinath","2026-09-30 15:50:10",1578.1,2,srinath2495
1978,16948694,"Bob Jeff","2026-09-27 04:55:57",1578.0,2,bobrg123
1979,16778469,"Tamandeep Singh","2026-09-27 17:09:21",1577.7,2,tamandeep1024
1980,16939445,Dylan,"2026-09-30 01:46:44",1577.7,2,dylan2778
1981,16658044,"Roshan Singh","2026-09-22 21:43:31",1577.6,2,roshanavadheshsingh
1982,16709712,iwa_hueai,"2026-09-28 02:01:16",1577.5,2,"sdcarson,yetanothercoder"
1983,16855885,"Shinonome Seiga","2026-09-30 14:30:37",1576.9,2,shinonomeseiga
1984,16698136,"David Estevez","2026-09-30 23:32:02",1576.2,2,destbreso
1985,16773098,Apa,"2026-09-30 09:46:02",1576.1,2,yasso1
1986,16741527,meiyoun,"2026-09-30 14:36:39",1575.8,2,"guetsg,meiyoun,miraclehat"
1987,16824664,wozijishuode,"2026-09-30 14:49:18",1575.7,2,jamsubmarines
1988,16663213,"Takahiro Someya","2026-09-27 09:34:49",1575.3,2,takahirosomeya
1989,16740431,yuikag,"2026-09-30 22:36:37",1575.2,2,yuikag
1990,16641348,wata,"2026-09-30 12:21:44",1575.1,2,iwatahiroki
1991,16735741,"Фермеры чист","2026-09-29 07:23:13",1575.0,2,"gdreallygoodman,maksonch1k"
1992,16629787,FlameZywoo,"2026-09-30 14:46:34",1574.6,2,zgdllt
1993,16807875,meghana,"2026-09-30 16:29:18",1574.6,2,meghana284
1994,16791248,"Ioannis Tzachristas","2026-09-30 19:24:03",1574.4,2,"ioannistzachristas,lilishyxf"
1995,16841747,"Carlos Bósquez","2026-09-30 17:36:19",1574.3,2,carlosbsquez
1996,16806568,"Mumtaz Ahmad Maitla","2026-09-28 07:11:40",1573.6,2,mumtazahmadmaitla
1997,16778744,"Shunsuke Hayashi","2026-09-30 23:00:22",1573.5,2,shunsukehayashi1993
1998,16626732,islet,"2026-09-30 21:48:14",1573.4,2,kojimar
1999,16905517,Marti,"2026-09-30 03:14:21",1573.2,2,marticn
2000,16850522,WayneCheng,"2026-09-29 05:08:23",1572.8,2,taffy1883
2001,16784416,tatt:)ch,"2026-09-30 23:58:03",1572.5,2,"awewrasdffetfe,jay051012,tattch,yjy10086"
2002,16893006,"Duvor Richard","2026-09-27 16:21:20",1572.3,2,duvorrichard
2003,16762195,eliasruntime,"2026-09-29 11:35:08",1572.3,2,eliasruntime
2004,16671659,Jiang,"2026-09-25 10:48:42",1572.1,2,jncq2006
2005,16668071,"Ali Eren Oğuztaş","2026-09-29 10:48:46",1572.1,2,alierenouzta
2006,16639507,Homii_N,"2026-09-27 20:22:41",1571.9,2,homeshwarrao
2007,16801457,"Anthropic Banned My Account","2026-09-30 17:11:04",1571.6,2,subaru486
2008,16627148,"HUNGRED XYIS","2026-09-29 07:37:00",1571.6,2,"gleny48,makarrogovik,wooler1"
2009,16717289,JackChenghao,"2026-09-30 02:36:51",1571.5,2,jackchenghao
2010,16623630,noobanot,"2026-09-30 23:57:34",1571.4,2,noobanot
2011,16795070,"HKUST Random","2026-09-28 15:11:10",1571.2,2,siulungfan
2012,16697461,Agricroporation,"2026-09-29 13:51:54",1571.2,2,"algionightly,kroissant7,officialabhinavsingh"
2013,16668688,"Nezihe Sözen","2026-09-30 10:32:16",1570.6,2,nezihesozen
2014,16623603,"Renji Starfall","2026-09-30 16:04:42",1570.6,2,renjistarfall
2015,16660413,Ritesh-2006,"2026-09-28 07:26:27",1570.4,2,ritesh2006
2016,16865470,J.Moriuchi,"2026-09-29 15:14:12",1569.4,2,hesoponyo
2017,16631536,kglctf,"2026-09-30 13:25:20",1569.3,2,kglctf
2018,16651695,"Fried Chicken Lovers","2026-09-30 16:21:42",1568.6,2,"gwey1025,koushikrudra,kragglenote2forwork"
2019,16890503,KevinYongxin,"2026-09-28 02:05:34",1568.5,2,yongxinkwan
2020,16692956,VanKoha,"2026-09-30 08:28:26",1568.4,2,kohasama
2021,16652659,Eos,"2026-09-29 16:11:17",1568.0,2,vvickeyy
2022,16716335,JamesJJJJJ,"2026-09-27 21:40:36",1567.3,2,jamesjjjjj
2023,16727784,Baen,"2026-09-29 07:21:34",1566.8,2,cairh22
2024,16657277,"Dude and Destroy","2026-09-30 15:23:56",1566.7,2,raymondbrookman
2025,16741932,"Michael Chen","2026-09-30 16:00:24",1566.5,2,fuqiangchen
2026,16936280,dev.asad67,"2026-09-29 21:49:08",1566.2,2,devasad67
2027,16865168,"Maksym Bilychenko","2026-09-29 18:51:40",1566.2,2,mbilichenko
2028,16874388,"Shuqi Zhang","2026-09-30 14:52:38",1564.9,2,"giadungho,sasalisa"
2029,16945162,"Farm Hullabaloo","2026-09-27 15:06:50",1564.9,2,nids21s
2030,16659719,"Subha Prakash Pattnaik","2026-09-30 23:55:46",1564.8,2,quantumwars
2031,16661570,"sissoko cheick","2026-09-30 09:08:41",1564.3,2,sissokocheick
2032,16917796,"Kazuma Shimokawa","2026-09-29 05:22:19",1564.3,1,kazumashimokawa
2033,16886298,amosokello451,"2026-09-30 20:56:46",1564.0,2,amosokello451
2034,16895147,"DL Julius","2026-09-30 23:44:58",1563.5,2,dljulius
2035,16741096,"Yohanes Lengkong","2026-09-30 14:13:29",1562.7,2,yohanesfc
2036,16848208,"Takuto Inoue","2026-09-30 10:54:59",1562.7,2,takutoinoue
2037,16658665,ChandramouliNagasundaram,"2026-09-30 21:54:30",1562.7,2,"enginegeneral,mouliindian"
2038,16663259,erush,"2026-09-30 04:24:56",1562.6,2,erushia
2039,16839902,"Sōsuke Aizen","2026-09-30 20:01:19",1561.9,2,"soukeaizenz,souvikdbiswas"
2040,16939044,pioneerqaz,"2026-09-29 15:38:06",1561.5,2,pioneerqaz
2041,16661039,Abracadabra,"2026-09-30 15:38:20",1561.4,2,giovannicr
2042,16927351,"Bryan Yahir Hernandez","2026-09-27 19:28:33",1560.2,2,bryanhernandez
2043,16658382,vladee,"2026-09-29 11:34:02",1560.0,2,vladee
2044,16658962,"Fabian Friedland","2026-09-30 11:56:59",1560.0,2,fabotelli
2045,16824014,"Kotaro Kikuchi","2026-09-30 23:55:57",1559.0,2,kotaro1129
2046,16824931,Magniverko,"2026-09-29 08:38:41",1558.8,2,huangyingkun
2047,16744842,juisajdiasd,"2026-09-30 14:56:52",1558.7,2,juisajdiasd
2048,16716317,yzyhello,"2026-09-30 08:47:12",1558.5,2,"dalll77,yzyhello"
2049,16864016,"Setu Chokshi","2026-09-24 15:06:01",1558.4,2,setuch
2050,16731678,ShadowT_T,"2026-09-30 21:05:52",1558.0,2,shadowtt
2051,16658474,you,"2026-09-30 17:59:28",1557.9,2,"huyimin517517,touyouzhaji,wumingshi2006,zxinzzzz"
2052,16945973,e3k,"2026-09-30 16:39:04",1556.4,2,ekleezhya
2053,16735539,"Joe Muller","2026-09-27 05:04:25",1556.2,2,joemuller
2054,16944401,summer_desire,"2026-09-30 07:06:36",1556.1,2,summerdesire
2055,16707383,"codex is all you need","2026-09-29 05:18:56",1556.1,2,chizhu2018
2056,16827290,"Dhruvik Chauhan","2026-09-30 21:31:49",1555.9,2,dangptdawg
2057,16791977,JeremyLIU858,"2026-09-30 04:20:31",1555.3,2,jeremyliu1997
2058,16668168,"Desh ke Mitron","2026-09-28 14:41:54",1554.4,2,"asce09,attiraina,hashlord"
2059,16623371,MoZayed,"2026-09-30 22:21:56",1554.4,2,mohamedzayedahmed
2060,16682183,lihaha.36,"2026-09-30 15:57:36",1554.2,2,lihaha36
2061,16674385,"qr farm","2026-09-30 19:59:05",1553.8,2,qrz1201
2062,16630331,"Mohamed El-Nageeb","2026-09-30 23:04:27",1553.4,2,thelastsmilodon
2063,16709967,Matsu,"2026-09-30 23:50:02",1553.0,2,matsuzawahayato
2064,16661754,edwinis,"2026-09-28 20:48:07",1552.7,2,edwinis
2065,16764394,haseryooooo,"2026-09-30 09:37:37",1552.6,2,haseryooooo
2066,16701728,"katya barzova","2026-09-30 22:40:44",1551.9,2,"harlenka,nipah1,sigmaborov"
2067,16674949,"Lev Neganov","2026-09-27 00:07:06",1551.5,2,levoel
2068,16677855,Mehrdad_LU,"2026-09-30 19:54:00",1551.5,2,mehrdadal2023
2069,16671150,Mc10nys0n,"2026-09-29 14:39:08",1551.1,2,rattanunt
2070,16865070,carlos-tagosaku,"2026-09-30 23:50:35",1550.7,2,sousugiyama
2071,16678534,"Filip Strzałka","2026-09-29 04:17:39",1550.6,2,snufkin77
2072,16681369,GanadorPlusUltra,"2026-09-29 16:18:56",1550.5,2,ganadorplusultra
2073,16790585,wzyxp_123,"2026-09-29 14:53:09",1549.8,2,cloudssdut
2074,16664266,"Ian Chung","2026-09-30 02:02:33",1549.5,2,iannnnn012345
2075,16763767,"Carson Zhang","2026-09-28 08:58:52",1549.5,2,zmcddn
2076,16948826,"Viswesh Suri","2026-09-27 18:23:19",1548.8,2,visweshsuri
2077,16730688,zy,"2026-09-26 17:59:04",1548.4,2,justforwin
2078,16701024,pig7selene,"2026-09-30 19:30:16",1547.8,2,"ejlthomas,gaoeeee"
2079,16632735,"No Free Lunch, Only Melons","2026-09-29 20:02:49",1547.3,2,kawaharataishi
2080,16794630,"Yuchuan Ding","2026-09-30 03:16:27",1546.7,2,yuchuanding
2081,16794536,HirokiTaniai,"2026-09-29 14:32:31",1546.6,2,nyokinyoki
2082,16694149,maxout,"2026-09-30 16:06:52",1546.5,2,"aadijoshi19,kavyabhand"
2083,16854901,matheus,"2026-09-30 16:53:02",1545.5,2,tomirol
2084,16660988,"AI After Hours","2026-09-29 06:56:52",1545.3,2,"akshaythammana,mmehersaipreetam"
2085,16696997,coolin666,"2026-09-30 18:00:18",1545.3,2,coolin666
2086,16779977,sue124,"2026-09-30 23:45:06",1545.2,2,ryotasueyoshi
2087,16809323,"Naoki Yamada","2026-09-30 23:53:35",1544.2,2,naokiyamada1106
2088,16867671,Abhinav0370,"2026-09-26 16:03:44",1544.2,2,abhinav0370
2089,16632715,cmasch,"2026-09-30 21:12:40",1544.0,2,cmasch
2090,16658909,"evolve faster!","2026-09-30 19:27:05",1543.9,2,junesdata
2091,16733111,qihuaz,"2026-09-30 21:47:27",1543.7,2,qihuaz
2092,16919139,SynthReaper,"2026-09-30 23:33:26",1543.3,2,synthreaper
2093,16810472,YuanKing77,"2026-09-30 20:21:21",1542.9,2,yuanking77
2094,16708296,LUCKY2,"2026-09-30 08:38:14",1542.6,2,carolezountangni
2095,16680172,TTANE,"2026-09-30 23:06:57",1542.1,2,otmaneelmahdaouy
2096,16727893,mmwstudy,"2026-09-26 07:43:03",1540.7,2,mmwstudy
2097,16724847,辽大之光,"2026-09-30 13:04:05",1540.2,2,guangchenlu
2098,16948146,tsuka3a_soc,"2026-09-29 04:49:13",1539.9,2,tsuka3asoc
2099,16750364,Tangruichen,"2026-09-30 17:27:21",1539.6,2,device666kunkun
2100,16697266,"Top 1 🏆","2026-09-27 05:22:26",1539.1,2,"fahankaudeer,solirus,syntaxprnv,udhaykumarsujeebun"
2101,16658221,"Roshan Roy","2026-09-30 16:40:27",1538.4,2,"adhilvt,mohamedarifj,roshanroy333"
2102,16936121,herens,"2026-09-29 04:14:44",1538.2,2,herens
2103,16663963,M0h4m3d-Byte,"2026-09-30 17:12:35",1538.2,2,dev3mohamed
2104,16922956,2025爱丁堡大学网球联赛双打冠军国王理查德,"2026-09-29 08:03:53",1537.9,2,lucaluo925
2105,16669650,motono0223,"2026-09-30 17:49:26",1537.7,2,motono0223
2106,16735837,yaki-imo,"2026-09-30 16:42:25",1537.7,2,taichiakiyama
2107,16685649,YUYUTA,"2026-09-30 22:39:36",1537.6,2,yuyuta
2108,16730675,"🦊Farm Fox🦊","2026-09-30 12:05:47",1537.1,2,soutasakurai
2109,16926111,"Somya Patra","2026-09-30 11:39:55",1536.9,2,somyapatra
2110,16841108,"Sean Peppers","2026-09-30 22:18:46",1536.3,2,gagepeppers
2111,16805949,Bigplanedoesnotflyfast,"2026-09-30 03:07:56",1535.9,2,ronav48902753425
2112,16772109,Yashvs56,"2026-09-29 23:03:41",1535.5,2,"vivaancyber,yashvs56"
2113,16842828,"Smiley Flour","2026-09-27 12:44:57",1535.0,2,"ddlinh212,nguyenvlm"
2114,16789946,"Oriol Pi Morell","2026-09-30 16:49:27",1534.9,2,oriolpi
2115,16668789,qaq7864,"2026-09-25 06:23:51",1534.9,2,qaq7864
2116,16689844,IchikaHoshino,"2026-09-26 12:20:19",1533.5,2,htunkhi
2117,16880393,flower_s,"2026-09-30 03:10:49",1533.5,2,flower244140625
2118,16880648,"Akash Pattani","2026-09-27 15:21:40",1533.4,2,akashpattani
2119,16810408,"Bohdan Boklah","2026-09-30 17:15:56",1532.8,2,bohdanbb2000
2120,16639971,"qi yun","2026-09-29 21:38:37",1532.7,2,qiyun280
2121,16826582,natsu,"2026-09-30 23:43:15",1532.5,2,okamotonatsuo
2122,16781445,"𝕯𝖊𝖔𝖉𝖎𝖒𝖘 & 𝕮𝖔","2026-09-30 11:06:06",1531.5,2,odimdavidchukwuemeka
2123,16697767,"Teddy Tennant","2026-09-30 00:50:24",1531.5,2,thtennant
2124,16924480,Manasa.ai,"2026-09-30 10:13:57",1531.1,2,manasaai
2125,16661708,"Stanley Honkpehedji","2026-09-29 20:14:25",1530.8,2,stanleyhonkpehedji
2126,16632743,"Krizsó Gergely","2026-09-30 21:01:45",1530.7,2,lucifer19
2127,16667880,DOPEなNOUFU耕すHOPE👨‍🌾,"2026-09-25 00:02:40",1530.2,2,"shin9915,syamoji141chan"
2128,16896572,latentm,"2026-09-26 12:30:30",1529.9,2,"latentm,quannt9,xanvior,xeloria"
2129,16664232,"Eddy Despradel","2026-09-30 21:24:09",1529.9,2,eddydespradel
2130,16775378,TK256,"2026-09-30 22:34:18",1529.4,2,tk256ailab
2131,16730578,BostonKaggle,"2026-09-30 22:26:12",1529.4,2,"isthereanycode,lynnkim0"
2132,16948957,KIT0,"2026-09-30 23:42:04",1528.8,2,kit024
2133,16665809,"Saravanan Jaichandaran","2026-09-30 14:14:19",1528.7,2,saranchandar
2134,16838370,aqua,"2026-09-30 15:33:57",1528.5,2,aquaaqua11
2135,16688217,"The Grower","2026-09-30 14:48:02",1528.1,2,vigneshsankar1962
2136,16895472,codeWS,"2026-09-30 05:19:39",1527.1,2,codews
2137,16790943,"Tashfik Salehin","2026-09-26 18:28:58",1526.9,2,tashfiksalehin
2138,16621165,"xisheng feng","2026-09-28 07:53:31",1526.5,2,xishengfeng
2139,16761652,"Dhruv #2","2026-09-26 08:05:02",1526.3,2,dhruvrama
2140,16726287,BBaRRel.,"2026-09-26 13:26:34",1526.0,2,yujinkk0609
2141,16730810,mgoto51004,"2026-09-30 12:08:28",1526.0,2,mgoto51004
2142,16923012,"jiggly buns","2026-09-25 13:02:29",1525.9,2,sellside
2143,16903852,maoxin123,"2026-09-30 15:29:02",1525.8,2,maoxin123
2144,16924472,Rajusah,"2026-09-30 07:51:04",1525.6,2,rajucode
2145,16926032,robikscube,"2026-09-27 09:14:04",1525.5,2,ujjwalnewd
2146,16846525,Dwaslaop,"2026-09-30 12:56:19",1525.5,2,"dwaslaop,haorunjia"
2147,16789903,"Netanel Keidar","2026-09-26 00:09:01",1525.1,2,netanelkeidar
2148,16738822,shakedamo0w0,"2026-09-30 14:34:29",1525.0,2,shakedamo0w0
2149,16663783,WBF_USA_NYC,"2026-09-26 22:55:05",1525.0,2,wbfranci
2150,16915820,CjzmFeng,"2026-09-30 19:37:17",1524.6,2,cjzmfeng
2151,16693942,"Lisan al-Gaib","2026-09-28 09:27:56",1524.5,2,azrihasin
2152,16930858,LIUDIZHU,"2026-09-28 20:29:59",1524.2,2,liudizhu
2153,16942014,"Raymond Parker","2026-09-26 11:58:26",1524.1,2,raymondparker
2154,16809820,"Pramit Das","2026-09-30 21:31:04",1523.9,2,pramitdas
2155,16666566,"Rairo Mukamuri","2026-09-30 21:08:51",1523.5,2,thetraveller
2156,16672315,CemBas,"2026-09-30 12:59:14",1523.3,2,cembas
2157,16888260,"Ndabenhle Ngema","2026-09-30 17:13:00",1522.8,2,ndabenhlengema
2158,16789990,SA,"2026-09-30 22:54:03",1522.8,2,soheiarisaka
2159,16730015,suzu10,"2026-09-30 22:42:53",1522.6,2,suzu10
2160,16846857,"Tomohiro Nagai","2026-09-30 20:32:00",1522.1,2,tomohironagai
2161,16903793,"Zhongkai Shangguan","2026-09-30 23:58:29",1522.0,2,leonshangguan
2162,16656337,"Prashant Kikani","2026-09-28 02:27:38",1521.8,2,prashantkikani
2163,16623533,xthixsl_ml,"2026-09-30 18:17:37",1521.3,2,xthistle999
2164,16886979,"Ivan Toropin","2026-09-30 21:05:56",1521.2,2,ivantoropin
2165,16888303,Satuker,"2026-09-28 18:27:11",1520.9,2,filipgaliski
2166,16744979,"Ahmed Alhassan","2026-09-13 21:51:58",1519.9,2,ahmed55
2167,16785321,HaoChi,"2026-09-29 07:24:14",1519.5,2,"lishi321,moxi21"
2168,16865564,Manat,"2026-09-27 05:38:57",1519.2,2,manatoshoji03
2169,16663632,Seho.Connect,"2026-09-26 21:40:39",1518.7,2,sehoconnect
2170,16632291,"alex chilton","2026-09-24 08:14:35",1518.4,2,alexchilton
2171,16714401,"Ivo Georgiev","2026-09-30 16:18:14",1518.3,2,ivogeorg
2172,16849330,"Ian Wang","2026-09-30 23:20:07",1518.3,2,ianwang1204
2173,16664360,"Rohan L","2026-09-24 13:38:10",1517.9,2,rohanlopes
2174,16675671,Marlubie,"2026-09-30 10:49:37",1517.6,2,kchuang
2175,16783124,Logorhythms,"2026-09-30 17:15:46",1517.5,2,mohammadsaidulislam
2176,16806862,JudyWatermelon,"2026-09-30 00:44:17",1516.6,2,judywatermelon
2177,16920069,"arar tawil","2026-09-27 13:36:15",1515.9,2,araraltawil
2178,16664760,SN,"2026-09-25 22:07:29",1515.9,2,spirosnianiaras
2179,16740263,4H,"2026-09-29 18:17:42",1515.3,2,scottweeden
2180,16666188,"XueFeng Chen","2026-09-30 23:37:37",1514.6,2,chxfmcs
2181,16895464,WilsonPzx,"2026-09-29 05:52:44",1514.6,2,"lirongkun,wilsonpzx"
2182,16731839,mamematcha,"2026-09-27 00:50:59",1514.0,2,mamematcha
2183,16664096,"Charles Coonce","2026-09-26 22:12:40",1513.7,2,charlescoonce
2184,16761875,"Eugen Nekhai","2026-09-30 16:59:41",1513.2,2,eugennekhai
2185,16733766,Paarthpowa,"2026-09-25 11:47:49",1513.0,2,paarthpowa
2186,16842786,ScotLee08,"2026-09-30 14:16:41",1513.0,2,scotlee08
2187,16872275,"Maciek Kiryla","2026-09-24 06:07:38",1512.9,2,doktorkelp
2188,16889791,JinboWang,"2026-09-24 06:26:31",1512.7,2,jinbowang1
2189,16654511,"Syed Shayan Ali Shah","2026-09-25 06:31:36",1512.6,2,dsshayan
2190,16881235,"Konstantin Zorin","2026-09-30 21:04:56",1512.0,2,zokost
2191,16846963,成吉思汗,"2026-09-29 07:45:26",1511.9,2,jddhhdh
2192,16935434,chumajin,"2026-09-30 20:56:17",1511.3,2,chumajin
2193,16909097,"Yaoxiang Li","2026-09-27 04:37:11",1511.3,2,lzyacht
2194,16881250,"Enes Altunbaş","2026-09-28 20:29:47",1511.2,2,enesaltunba
2195,16629624,"Sayandeep Ghosh","2026-09-30 19:29:04",1510.9,2,sayandeepghosh
2196,16746599,Borrun,"2026-09-30 23:45:43",1510.4,2,borrun
2197,16842300,fanmili,"2026-09-29 12:07:50",1510.0,2,fanmili
2198,16684401,WQAAAA,"2026-09-30 12:48:14",1509.9,2,wqaaaa
2199,16702275,Joyal,"2026-09-28 15:15:13",1509.8,2,joyalseejo
2200,16644160,"Saravana Rajan B","2026-09-29 07:20:04",1509.8,2,saravanarajanb
2201,16665331,winstonton,"2026-09-29 02:35:45",1509.4,2,winstonton
2202,16800076,xinwang,"2026-09-28 08:24:06",1509.2,2,xxxtetantion
2203,16632172,Ayodeji,"2026-09-28 21:01:23",1509.2,2,ayodejiibrahimlateef
2204,16738298,tomo0608,"2026-09-25 14:46:56",1508.5,2,tomo0608
2205,16817750,"Baiqing Wang","2026-09-30 14:52:09",1508.0,2,wangbqbqbq
2206,16759849,kkanayj,"2026-09-30 23:01:00",1507.9,2,kkanayj
2207,16919088,M.Y.C.E.L.I.S,"2026-09-30 16:42:16",1507.3,2,johnmoncel
2208,16661607,choqui62,"2026-09-30 09:25:06",1507.3,2,choqui62
2209,16805671,"Yuxiang LIANG","2026-09-27 13:35:29",1507.0,2,yuxiangliang
2210,16794527,linyifangzhenshuai,"2026-09-30 02:56:37",1506.8,2,linyifangzhenshuai
2211,16692845,"Yassine Ben Zekri","2026-09-24 21:18:48",1506.4,2,yassinebenzekri
2212,16748412,"Nimish Shinde","2026-09-26 16:47:59",1506.1,2,nimishshinde
2213,16712714,MiMi,"2026-09-23 03:19:07",1506.0,2,"frank0921,rickytsou"
2214,16736632,Leo,"2026-09-30 02:50:13",1506.0,2,huangkx666
2215,16622422,ss,"2026-09-29 12:21:01",1505.9,2,forest2026
2216,16635127,"Sergey Bryansky","2026-09-30 10:28:17",1505.4,2,sggpls
2217,16716263,"Ugnė Miklovaitė","2026-09-25 12:34:58",1505.1,2,ugnmiklovait
2218,16661743,"Sergey Kutepov","2026-09-30 14:48:09",1504.5,2,natsyst
2219,16654662,"2/3 rounded to two decimals","2026-09-30 21:18:57",1504.3,2,rnold2
2220,16730761,ElephtAI,"2026-09-26 07:23:45",1504.3,2,yuchengj
2221,16763669,cm391,"2026-09-24 22:20:58",1504.2,2,mccocoful
2222,16949503,"Nikita Makarov","2026-09-30 10:00:50",1504.2,2,nikimakarov
2223,16891851,kamranahmmed,"2026-09-29 04:30:12",1503.9,2,kamranahmmed
2224,16719884,ykhnkf,"2026-09-24 22:36:04",1503.6,2,ykhnkf
2225,16655789,"wen chong yu","2026-09-30 06:10:29",1503.3,2,wenchongyu
2226,16755414,Danzzzl,"2026-09-30 16:16:40",1503.2,2,okunevda
2227,16917149,beastars,"2026-09-29 00:47:42",1503.1,2,"doorknob881,ohyabuddy,vickylinvicky"
2228,16725712,"ᶜᵒʷᵇᵒʸ 𝘤𝘺𝘣𝘦𝘳𝘯𝘦𝘵𝘪𝘤𝘴","2026-09-30 21:28:27",1502.7,2,alexcasper
2229,16663668,"Tahsin Arafat","2026-09-26 10:41:50",1502.7,2,tahsinarafat
2230,16711752,"Atakan Aldemir","2026-09-30 20:22:45",1502.4,2,atakanaldemir
2231,16765601,"Dinesh Makireddy 7389","2026-09-28 06:44:01",1501.2,2,dineshmakireddy7389
2232,16930633,micro,"2026-09-27 08:26:33",1501.2,2,brucewu1200
2233,16891396,易思言ysy,"2026-09-29 05:17:07",1500.8,2,ysykevin
2234,16739537,"Bina Salama","2026-09-30 07:02:03",1500.3,2,binasalama
2235,16689881,"yuki #2","2026-09-30 12:03:15",1500.2,2,hosikusa
2236,16898204,"MAHESH ISHRAN","2026-09-29 18:20:29",1500.2,2,iitm21f1003346
2237,16867132,"Dilara Adıgüzel","2026-09-30 18:27:03",1499.9,2,dilaraadgzel
2238,16863974,suteno,"2026-09-26 10:28:04",1499.0,2,sutekikano
2239,16690923,"Maqsoud Tawaliou","2026-09-27 04:45:03",1498.7,2,maqsoudtawaliou
2240,16811799,"Yuanchen Huang","2026-09-27 08:49:50",1498.6,2,geokocha
2241,16657100,"Jacky Chan","2026-09-29 00:46:44",1498.6,2,jhkchan
2242,16741113,kaitle,"2026-09-30 00:03:06",1498.3,2,kaitle
2243,16894110,寒月千逸,"2026-09-30 02:39:31",1497.8,2,"hanyueqianyi,leeyang1,sakurahg"
2244,16693045,"Huseyin Battal","2026-09-25 00:07:14",1497.2,2,huseyinbattal
2245,16942314,"Seva Gusev","2026-09-30 07:40:46",1496.9,2,seva1232
2246,16671306,Yeswanthperni,"2026-09-30 15:43:04",1496.8,2,"tanvicaaa,yeswanthperni"
2247,16807411,tamura_aicon,"2026-09-23 00:03:54",1496.1,2,hayatetaf
2248,16847706,takumina,"2026-09-26 10:19:02",1495.7,2,takuminakamatsu
2249,16808492,"beginner's luck","2026-09-30 15:40:24",1495.5,2,"naohs01,tropicalbanana"
2250,16675493,"Ryotaro Minato","2026-09-29 12:46:01",1495.4,2,ryotarominato
2251,16926937,"Romuald Delene","2026-09-30 21:54:35",1495.2,2,romualddelene
2252,16749257,rsraki,"2026-09-30 09:56:44",1495.0,2,rsraki
2253,16624484,"Tomoki Hirose","2026-09-24 15:50:38",1494.8,2,tomokihirose
2254,16644643,today,"2026-09-28 14:02:59",1494.1,2,today55
2255,16704864,ksj00610,"2026-09-30 22:53:50",1493.8,2,ksj00610
2256,16626191,"kevin park","2026-09-25 12:19:27",1493.7,2,k3v1npark
2257,16818194,sugiharahara,"2026-09-30 22:45:06",1493.5,2,sugiharahara
2258,16688568,Sophie555,"2026-09-27 22:03:51",1493.4,2,sophie555
2259,16664577,a14iiiii,"2026-09-26 02:55:58",1493.4,2,a14iiiii
2260,16836787,KSKBL,"2026-09-29 15:35:11",1493.2,2,"length1001,trafalgar1234"
2261,16756972,"Đức Hải Hà","2026-09-30 07:24:59",1493.1,2,tankinguyen
2262,16655199,"Alexander Ulrich","2026-09-24 05:32:03",1493.0,2,alexanderulrich01
2263,16883168,jojo,"2026-09-26 23:54:13",1492.9,2,jojojablon
2264,16859034,wayg9odysseus,"2026-09-24 18:56:46",1492.9,2,wayg9odysseus
2265,16946853,"BAHUMANYA R G","2026-09-25 11:58:12",1492.8,2,bahumanyarg
2266,16659467,AlexMoura2026,"2026-09-30 05:35:09",1492.6,2,alexmoura2023
2267,16655423,"Roland Luethy","2026-09-27 15:04:02",1492.4,2,rluethy
2268,16858828,BlueSky_sora,"2026-09-30 23:04:13",1492.3,2,blueskysora
2269,16842384,"Muhammad Mirza Darma Putra","2026-09-27 13:02:25",1492.1,2,mirzadarma
2270,16817518,Dresden,"2026-09-30 21:14:28",1492.0,2,dresdeng
2271,16763437,"⸻AgentZZ ⸻","2026-09-26 16:27:48",1491.4,2,agentzz
2272,16913949,"Tejash Prakash","2026-09-30 08:42:54",1491.3,2,tejashxprakash
2273,16719733,CleoCantCompete,"2026-09-25 05:52:04",1491.3,2,cleocantcompete
2274,16674451,NycteacoBa,"2026-09-27 13:53:45",1491.2,2,nycteaowl
2275,16786102,"Anay Garodia","2026-09-24 03:58:21",1491.2,2,anaygarodia
2276,16944381,"yoshiyasu han ","2026-09-30 15:32:54",1490.7,2,yoshiyasuhan
2277,16870780,"John Gates","2026-09-30 15:53:11",1490.6,2,johngates
2278,16714159,Lonnie,"2026-09-30 17:43:54",1490.3,2,lonnieqin
2279,16896774,EPHEMORIA,"2026-09-25 09:29:13",1489.2,2,ephemoria
2280,16662946,uzair,"2026-09-30 19:54:08",1489.2,2,quantumcurator
2281,16635744,XDang13,"2026-09-24 16:52:57",1488.8,2,xdang13
2282,16936848,spy007,"2026-09-27 13:55:49",1488.4,2,"py1603300133,syhsyh123"
2283,16641893,"Kashyapsinh gohil","2026-09-30 17:26:00",1488.4,2,kashyapsinhgohil
2284,16886856,爱上帝的小熊猫,"2026-09-30 15:34:36",1488.3,2,xuefengxie
2285,16871967,"Md Arafat #2","2026-09-29 16:44:36",1488.0,2,arafat362
2286,16647438,"Aderian Setiawan","2026-09-26 07:37:57",1487.8,2,aderiannovito
2287,16783721,lc今天刷了吗,"2026-09-23 03:24:33",1487.7,2,"alkaidchen,limufeng"
2288,16651331,"Mohamed Saeed","2026-09-24 17:00:06",1487.5,2,m0sm71
2289,16936688,"avinash singh","2026-09-28 08:30:30",1487.4,2,avszoom
2290,16758895,daphne,"2026-09-27 03:35:49",1487.4,2,daphne4sg
2291,16884467,jiangnanxn,"2026-09-30 22:48:41",1487.3,2,jiangnanxn
2292,16858303,马嘉蛋爱玩跳棋,"2026-09-22 05:52:02",1487.3,2,"jamalzzj,jlw123456"
2293,16870485,agentic,"2026-09-30 20:26:29",1487.2,2,"audiuphile,mark5221,sidchevvan"
2294,16906666,"selam ya","2026-09-30 13:14:43",1487.0,2,selamya
2295,16663214,"Mathieu W","2026-09-30 08:08:02",1486.7,2,mathieuw
2296,16742149,"Ankith Savio","2026-09-30 22:08:45",1486.7,2,weedoo
2297,16654707,ManasviSharma,"2026-09-30 17:33:11",1486.5,2,manasvi821
2298,16632294,"Rajan Nagarajan","2026-09-30 14:42:13",1486.2,2,narajan
2299,16668152,ksew364,"2026-09-24 09:24:05",1486.0,2,ksew364
2300,16827571,"BNBU Astra","2026-09-29 15:08:39",1485.9,2,"andycooper747,austindengkaggle,BNBUDINGSHANLee21,yuxiang328"
2301,16631967,vecxoz,"2026-09-24 17:42:44",1485.6,2,vecxoz
2302,16844148,Ethereal49,"2026-09-26 07:49:26",1485.5,2,ethereal49
2303,16701685,shawloong,"2026-09-25 01:14:31",1485.4,2,shawloong
2304,16636756,"K.THARUN KUMAR","2026-09-30 22:54:54",1485.1,2,tharunkumar369
2305,16661994,"Suvrat Rai","2026-09-26 06:47:52",1484.8,2,suvrat11rai
2306,16809332,"ansheng jhang","2026-09-29 06:39:41",1484.7,2,anshengjhang
2307,16655316,Nader,"2026-09-28 15:13:50",1484.3,2,naderamin
2308,16721079,"six seven swag","2026-09-29 12:32:26",1484.1,2,polinababiichuk
2309,16898500,"M Noxon","2026-09-18 21:46:34",1484.0,2,mnoxon
2310,16654196,"Aryaman Chokhani","2026-09-24 08:41:08",1484.0,2,"aryamanchokhani,pranrocky"
2311,16674312,yuxuan,"2026-09-30 00:44:20",1483.8,2,yuxuan1221
2312,16747161,wqlun06,"2026-09-30 09:30:52",1483.8,2,wqlun06
2313,16852342,"Minh Đăng Lê","2026-09-27 10:14:51",1483.7,2,minhngle
2314,16723096,Shabuuu,"2026-09-25 13:55:51",1483.6,2,shabuuu
2315,16737057,Wiz,"2026-09-30 23:50:57",1483.4,2,williamzhou001
2316,16669490,hinemos,"2026-09-30 10:57:34",1483.3,2,hinemos
2317,16638557,"Araik Tamazian","2026-09-25 06:41:49",1483.2,2,atamazian
2318,16749605,SoedaHaruto,"2026-09-28 15:09:56",1483.2,2,soedaharuto
2319,16770979,"Paulo Martins","2026-09-30 21:38:26",1483.1,2,paulomartins87
2320,16858418,"Nguyễn Công Tuấn","2026-09-30 03:51:50",1483.0,2,nctuan
2321,16672251,"Kavinkumar M","2026-09-29 18:34:30",1482.8,2,kavinkumarrkm
2322,16660209,"Whyme Labs","2026-09-26 02:31:05",1482.7,2,whymelabs
2323,16718480,PLReddy23,"2026-09-26 17:08:47",1482.0,2,plreddy23
2324,16686583,techtech69,"2026-09-30 19:26:42",1481.8,2,techtech69
2325,16657657,ArnabKarmakar,"2026-09-30 00:05:13",1481.4,2,arnabkarmakar
2326,16682879,"Ace Team","2026-09-30 16:19:21",1481.3,2,drpatrickchan
2327,16785523,Doranap,"2026-09-27 17:51:41",1480.7,2,doranap
2328,16942000,tyson,"2026-09-25 17:24:15",1480.4,2,tysonwashere
2329,16639969,"Sheep Are All You need","2026-09-29 06:38:41",1480.0,2,aliyelbekov
2330,16927555,yaya__k,"2026-09-24 09:27:12",1480.0,2,yaya88k
2331,16949339,Kuriboh,"2026-09-27 06:59:23",1480.0,2,cauchyeix
2332,16922094,Shiv28,"2026-09-26 03:38:57",1480.0,2,shiv28
2333,16679827,Juanky_too,"2026-09-30 22:22:00",1479.9,2,juankytoo
2334,16668167,sottnik,"2026-09-30 19:58:29",1479.6,2,sottnik
2335,16760990,naren_v,"2026-09-30 03:41:18",1479.3,2,varuthakari
2336,16641372,ShoaibSSM,"2026-09-24 17:10:08",1479.2,2,"naveenlx111249971939,shoaibssm"
2337,16659328,"Muhammed Ashiq Abdul Khader","2026-09-25 15:00:27",1479.2,2,ashiqabdulkhader
2338,16947057,jfhjfgjhfj,"2026-09-25 07:29:39",1479.1,2,jigsawpuzzle
2339,16897501,"I'm Fine.","2026-09-26 03:10:36",1478.8,2,zkheart
2340,16732763,"Raihan Ramadistra","2026-09-26 04:44:16",1477.1,2,raihanramadistra
2341,16779598,RiverStead,"2026-09-27 11:22:54",1477.0,2,riverstead
2342,16621671,Chellick,"2026-09-26 08:47:01",1476.5,2,matweyisupov
2343,16781170,"Ulugbek Salohiddinov","2026-09-30 01:48:41",1475.7,2,ulugbeksalohiddinov
2344,16710428,"Mansi Aggarwal","2026-09-30 18:25:16",1475.4,2,mansiaggarwal88
2345,16948745,"Nero Nrx","2026-09-30 13:59:19",1474.9,2,neronrx
2346,16841826,抵扣豆浆,"2026-09-30 02:23:18",1474.8,2,tootough
2347,16795798,"Refrain 1","2026-09-22 15:35:00",1474.1,2,"chisatoy,refrain1"
2348,16677518,"Khor Yin Loon","2026-09-30 01:31:48",1474.0,2,khoryinloon
2349,16659715,masb,"2026-09-30 18:48:03",1473.9,2,affansaied
2350,16655582,"Yang Jinneng","2026-09-27 07:28:44",1473.9,2,adurey
2351,16668532,"Nir Aberman","2026-09-25 04:13:41",1473.5,2,niraberman
2352,16767709,"Mike Anderson","2026-09-30 00:17:19",1473.2,2,manderson240
2353,16693488,HarvestZero,"2026-09-30 22:36:03",1471.7,2,bernardboatey
2354,16640472,"Vsevolod Rakita","2026-09-27 06:21:08",1471.5,2,vsevolodrakita
2355,16867370,jasonyoung,"2026-09-25 21:22:54",1471.5,2,jasonyoung66
2356,16920916,"wiki Alexander","2026-09-28 12:01:30",1471.0,2,wikialexander
2357,16842747,314?,"2026-09-24 08:51:31",1470.8,2,elshahed
2358,16751999,"Poorna Sai Dumpa","2026-09-30 07:06:35",1470.6,2,poornasaidumpa
2359,16729192,1m0ke,"2026-09-30 17:25:03",1469.7,2,smokelate
2360,16732714,Mforg,"2026-09-25 03:26:51",1469.5,2,mforg74911
2361,16802867,matcha110,"2026-09-30 16:03:05",1469.3,2,matcha110
2362,16798974,huangbin,"2026-09-30 05:40:47",1469.2,2,huangbin1
2363,16936519,Found,"2026-09-30 14:55:29",1469.2,2,seventeennine
2364,16845907,yt0914,"2026-09-24 04:25:15",1468.4,2,yt0914
2365,16885832,"Soshi Uejima","2026-09-24 14:09:29",1468.2,2,assdafa1223
2366,16654914,Nozprod,"2026-09-30 20:42:18",1468.1,2,nozprod
2367,16782520,Durian,"2026-09-27 12:14:59",1468.0,2,rainyjin
2368,16858208,linhaiy,"2026-09-30 15:03:34",1468.0,2,linhaiy
2369,16851186,kaerururu,"2026-09-30 23:20:55",1467.8,2,kaerunantoka
2370,16630713,"Grzegorz Sionkowski","2026-09-29 19:59:07",1467.7,2,sionek
2371,16654332,"Borys Tymchenko","2026-09-30 13:03:03",1467.3,2,spsancti
2372,16935521,闰土和‌猹‌,"2026-09-26 17:18:59",1466.8,2,"fenghanxiang,zzh13332470923"
2373,16784608,shawenher,"2026-09-30 13:30:57",1466.8,2,shawenher
2374,16635504,"Datta Dhebe","2026-09-29 23:12:15",1466.6,2,dattadhebe
2375,16856778,"Johnathan King","2026-09-29 21:59:09",1466.5,2,johnathanking1278
2376,16624056,Raggriculture,"2026-09-26 10:42:52",1466.5,2,ravi123a321at
2377,16730720,broccoli,"2026-09-30 03:22:49",1466.4,2,norihori0917
2378,16869614,"Szymon Miłosz","2026-09-27 03:01:10",1466.1,2,szymonmiosz
2379,16758381,"Yang Kuang Ou","2026-09-25 09:23:02",1465.8,2,yangkuangou
2380,16751411,"lamb Liu","2026-09-25 13:57:23",1464.2,2,liuxiaohua72
2381,16844004,"Takahiro Saito","2026-09-30 13:33:47",1464.0,2,takahiro3110
2382,16689741,shinamonmon,"2026-09-24 07:38:25",1463.8,2,shinamonmon
2383,16831965,"Ray Roberts","2026-09-29 01:01:51",1463.8,2,rayroberts
2384,16676114,Gekkotron,"2026-09-24 13:32:38",1463.6,2,gekkotron
2385,16938980,24110231_pyongjoo,"2026-09-29 04:36:25",1463.2,2,assistonia
2386,16827859,"Ishraq Tanvir","2026-09-25 14:54:39",1463.2,2,ishraqtanvir
2387,16892682,"Yasuhiro Manai","2026-09-29 07:49:40",1463.0,2,yasu01
2388,16772808,lucataco,"2026-09-30 23:54:05",1462.5,2,lucataco
2389,16936082,"H IMedit","2026-09-29 13:41:34",1462.3,2,himedit
2390,16757064,"coke lu","2026-09-30 07:09:07",1462.2,2,cokelu
2391,16638994,wpl,"2026-09-30 20:39:51",1462.0,2,peilwang
2392,16659540,"Goua Henri","2026-09-28 07:10:04",1461.9,2,gouahenri
2393,16633069,"Nur Srijan","2026-09-25 15:27:30",1461.5,2,nursrijan
2394,16772391,"Jinhan Gao","2026-09-27 11:21:18",1461.3,2,jinhangao
2395,16931907,"Nokubonga Ngema","2026-09-22 20:13:20",1461.1,2,nokubongangema
2396,16908403,"Stepan Ivanov","2026-09-29 18:51:06",1461.0,2,stepanivanov233
2397,16839422,Serendipity,"2026-09-27 07:30:13",1460.8,2,stringyixuxi
2398,16848992,"Lee Shit Hoo","2026-09-30 20:04:19",1460.7,2,leeshithoo
2399,16773448,"Qamar usman","2026-09-29 17:27:06",1460.2,2,qamarmath
2400,16911850,Farmerjay,"2026-09-30 03:18:40",1459.6,2,officeghost
2401,16643319,Jules,"2026-09-30 06:06:53",1459.6,2,julesvanligtenberg
2402,16783740,ZiYiMing,"2026-09-24 11:53:34",1459.4,2,"kaibozhou,ziyiming"
2403,16761267,"Pranav Arvind","2026-09-30 15:58:40",1459.2,2,pranavarvind
2404,16626093,"Pilkwang Kim","2026-09-27 01:31:52",1459.2,2,pilkwang
2405,16665416,"zeyu lau","2026-09-22 12:23:19",1459.1,2,zeyulau
2406,16663748,Calmracer,"2026-09-29 17:18:11",1459.1,2,ethanhall123
2407,16728160,Ozi,"2026-09-27 00:34:36",1459.1,2,muhammaduzair21
2408,16623812,"SeshuRaju 🧘‍♂️","2026-09-27 07:28:40",1458.9,2,seshurajup
2409,16737944,ToastUz,"2026-09-27 10:15:09",1458.9,2,tatsuzoosawa
2410,16664217,Shushantw,"2026-09-23 14:34:39",1458.5,2,shushantw
2411,16943126,"Aaditya Verma","2026-09-30 13:14:39",1458.1,2,tensura911
2412,16667233,EdGy2k,"2026-09-29 16:33:44",1457.8,2,edgy2k
2413,16916611,Infinity,"2026-09-30 18:52:00",1457.4,2,"maaz101,syedtahahassan"
2414,16840439,"God Se7en","2026-09-30 21:47:08",1457.0,2,godseven7
2415,16904984,"Andrej Angelovski","2026-09-22 17:23:18",1456.9,2,cybertiger7
2416,16931127,taipen,"2026-09-29 07:02:13",1456.7,2,pankhuri001
2417,16658499,Grifun,"2026-09-30 06:00:19",1456.6,2,msingatullin
2418,16790005,"Rohit Kumar Sahoo","2026-09-30 17:13:15",1456.2,2,rohit4118
2419,16798317,"Baran Akyıldız","2026-09-24 16:17:09",1456.1,2,baranakyldz
2420,16769849,"Shuwen(Shawn) Ge","2026-09-30 15:52:29",1455.4,2,shuwenshawnge
2421,16775190,bianfu,"2026-09-30 19:11:51",1455.3,2,bianfu
2422,16897489,"East Kowloon","2026-09-23 16:16:34",1455.3,2,"haydenmlh,veron0611"
2423,16761693,nhatvo,"2026-09-23 01:07:47",1455.1,2,nhatvo
2424,16655150,"Benjamin H Pepper","2026-09-24 11:34:27",1455.1,2,bhpepper
2425,16637031,"and more","2026-09-25 07:28:43",1455.1,2,kym2022
2426,16923373,"kouhei mori","2026-09-23 13:22:14",1455.0,2,kouheimori
2427,16926108,"Pavan G","2026-09-28 18:11:39",1454.8,2,exemplar
2428,16661276,Middle,"2026-09-29 06:58:29",1454.7,2,aydagul
2429,16879253,Bldr2,"2026-09-30 04:24:05",1454.7,2,alphalin2010
2430,16671454,Shadow,"2026-09-28 05:22:55",1454.5,2,uziahmd
2431,16655758,patience,"2026-09-30 12:17:54",1454.4,2,"weirdocurry,wenjunkai124"
2432,16687363,"elegantangel (628700)","2026-09-29 11:01:04",1454.1,2,elegantangel
2433,16921300,tamakawa,"2026-09-29 10:51:17",1454.0,2,tantantama1192
2434,16943704,"Qutaiba Kaleem","2026-09-28 15:21:07",1453.8,2,qutaibakaleem
2435,16634462,"Yash Marathe","2026-09-23 13:27:14",1453.8,2,maratheyash
2436,16936396,olHwHlo,"2026-09-26 07:44:32",1453.4,2,olhwhlo
2437,16644578,"Team Name","2026-09-30 21:25:36",1453.4,2,baytree1238
2438,16935499,"Smarter Decision🏆","2026-09-30 10:28:17",1453.3,2,yunkuns
2439,16772678,SuppliLion,"2026-09-28 01:20:42",1453.3,2,supplilion
2440,16841061,"Artin yzn","2026-09-30 20:19:54",1452.5,2,artinyzn
2441,16925842,Naoya,"2026-09-27 18:33:29",1451.7,2,takashimanaoya
2442,16892118,DsLiner,"2026-09-30 23:58:16",1451.7,2,dsliner
2443,16843582,isk54_34,"2026-09-26 05:25:07",1451.6,2,isk5434
2444,16814375,"Yuta Eiki","2026-09-30 06:52:14",1451.5,2,wildauk
2445,16623400,Less,"2026-09-23 04:33:03",1450.9,2,jiaoyouzhang
2446,16698294,"John Doe","2026-09-25 01:10:36",1450.9,2,johndoe90843
2447,16752082,"Tian hao Qing Nano7ko","2026-09-29 12:34:38",1450.8,2,tianhaoqingnano7ko
2448,16942240,M78星云,"2026-09-27 17:18:40",1450.6,2,"cheng2246,tangyangpu284,upczbw,xinyinghu7123"
2449,16864113,YYC3,"2026-09-23 10:47:51",1450.2,2,icongovo
2450,16938859,Adequate_Echo,"2026-09-25 05:09:30",1450.2,2,adequateecho
2451,16751603,xxxzzz123312123321,"2026-09-30 06:51:47",1449.8,2,xxxzzz123312123321
2452,16854428,"Marwan Ashref","2026-09-30 23:37:28",1449.5,2,"abobakerabobaker,karimhamada,marwanashref"
2453,16744342,"glupez ","2026-09-30 22:31:51",1449.3,2,glupez
2454,16706410,lixiaoxin25,"2026-09-25 07:20:08",1448.8,2,lixiaoxin25
2455,16859496,KTAcosmo,"2026-09-28 20:50:02",1448.6,2,ktacosmo2kag
2456,16717255,Ryuuga89,"2026-09-25 15:08:51",1448.5,2,ryuuga89
2457,16932757,yucho147,"2026-09-27 16:23:25",1447.3,2,yucho147
2458,16657032,"Ayaan Ghosh","2026-09-30 20:26:19",1447.3,2,ayan9001
2459,16671292,Yuyajk,"2026-09-24 05:39:41",1447.2,2,yuyajk
2460,16632867,"Rayk Kretzschmar","2026-09-29 13:29:22",1447.1,2,raykkretzschmar
2461,16897094,Ryota-Di,"2026-09-30 15:40:01",1447.0,2,ryota6230
2462,16713797,CrazyDave111,"2026-09-27 18:44:35",1446.7,2,crazydave111
2463,16906651,Izumi_LP,"2026-09-30 07:03:52",1446.5,2,amememe
2464,16759626,"Ghazaros Barseghyan","2026-09-30 00:37:45",1446.4,2,ghazarosbarseghyan91
2465,16826555,AioRaito,"2026-09-30 23:42:27",1446.3,2,aioraito
2466,16937871,"Rashid Khazeiynasab","2026-09-29 16:17:59",1446.1,2,rashidel1988
2467,16641141,"Yuri Barbashov","2026-09-30 23:47:19",1446.1,2,yuribarbashov
2468,16871409,"Aleksandr Isakov","2026-09-30 14:42:21",1445.6,2,aleksandrisakov
2469,16810306,"Asy Mortenson","2026-09-25 19:53:34",1445.5,2,asymortenson
2470,16841708,toku,"2026-09-23 15:31:55",1445.0,2,tokurr
2471,16940722,"Jalen ShiAo","2026-09-30 16:07:50",1444.9,2,jalenshi
2472,16943979,"Joshua Willie","2026-09-30 14:44:33",1444.7,2,joshuawillie
2473,16722378,waticson,"2026-09-27 14:55:04",1444.5,2,yutodennou
2474,16768143,KingDellaFarm,"2026-09-23 17:55:42",1444.1,2,"alessandrodestasi,disteroas"
2475,16927087,"Arun #2","2026-09-30 17:39:40",1443.8,2,arun8ovfjfdr6
2476,16823251,"Khaled Yousef","2026-09-25 05:52:51",1443.7,2,recochet96
2477,16888752,"edward john washins","2026-09-26 18:43:24",1443.4,2,edwardjohnwashins
2478,16668260,"Yangle Ma","2026-09-30 09:52:53",1442.5,2,yanglema
2479,16746010,"Khoi Tuan Nguyen","2026-09-23 15:06:41",1441.9,2,khoingt
2480,16632304,"Masataka Suzuki","2026-09-30 23:11:16",1441.4,2,masatakasuzuki
2481,16870440,GOSS,"2026-09-30 16:46:11",1441.2,2,gossan
2482,16696743,"wennan cao","2026-09-29 19:58:25",1440.2,2,wennancao
2483,16809194,Ajanraj,"2026-09-23 17:48:10",1439.7,2,ajanraj25
2484,16747069,l'rug,"2026-09-25 16:10:12",1438.7,2,sdfsfsfsdf
2485,16666571,"Zhengxu Yu","2026-09-24 09:26:27",1438.4,2,zhengxuyu
2486,16647607,pumpkin,"2026-09-30 10:59:51",1438.4,2,gealachpumpkin
2487,16728571,hasibirok0,"2026-09-30 05:39:09",1438.3,2,hasibirok0
2488,16936225,Holeon,"2026-09-26 17:05:58",1438.2,2,holeon
2489,16925892,野獸先輩,"2026-09-22 17:10:48",1438.0,2,rayyen216
2490,16841663,"Ryosei Hara","2026-09-29 16:15:30",1437.9,2,ryhara
2491,16859473,wakaka,"2026-09-30 11:40:20",1437.1,2,bernicerobinson
2492,16872211,"Artem Bakalinskiy","2026-09-28 05:37:59",1436.4,2,artembakalinskiy
2493,16875984,cccyou,"2026-09-30 04:23:17",1436.3,2,cccyou
2494,16634104,FarmGoose,"2026-09-27 22:25:20",1436.2,2,yizhanglou
2495,16664573,AdhithyaRokhith,"2026-09-25 17:29:38",1435.9,2,adhithyarokhith
2496,16924914,AgriPredictors,"2026-09-30 12:01:44",1435.7,2,"mehakiftikhar,mnkaggler"
2497,16945301,QQQXXX123,"2026-09-30 07:02:11",1435.6,2,qqqxxx123
2498,16672456,hangglider5,"2026-09-24 07:49:26",1435.5,2,hangglider5
2499,16660735,"Bassel Elbahnasy","2026-09-30 19:03:55",1435.5,2,basselashraf
2500,16725996,MatheusPSorancoDeCarvalho,"2026-09-29 12:07:06",1435.3,2,matheussoranco
2501,16847247,月之光面,"2026-09-30 00:44:54",1435.2,2,cxcxcxcx
2502,16623799,"Akhilesh godugu","2026-09-24 06:37:23",1435.1,2,"akhileshgodugu,ashokgodugu"
2503,16807373,"junxing peng","2026-09-30 17:36:56",1434.1,2,junxingpeng
2504,16676063,"Kembang Melon","2026-09-28 12:32:34",1434.1,2,wajawaja
2505,16662380,"Brandon Calderon-Morales","2026-09-27 01:45:32",1434.1,2,bmoe640
2506,16733016,Quillbolt,"2026-09-30 03:41:02",1434.1,2,tunminhhunh
2507,16767929,Timbydude,"2026-09-24 15:30:58",1433.9,2,timbydude
2508,16624339,"Дворкин Евгений Владимирович","2026-09-30 19:13:20",1433.3,2,evgendvorkin
2509,16852910,omoch1,"2026-09-25 09:35:30",1433.0,2,agecom
2510,16628765,"Kota Iizuka","2026-09-25 00:04:42",1433.0,2,kotaiizuka
2511,16717114,uninhibited-scholar,"2026-09-30 23:27:07",1432.5,2,uninhibitedscholar
2512,16880694,yuxian6666,"2026-09-23 13:00:16",1432.2,2,yuxian6666
2513,16940950,"Camarillo Kull","2026-09-30 11:42:40",1431.8,2,camarillokull
2514,16728863,Irabala,"2026-09-29 09:35:07",1431.7,2,irabala1
2515,16945180,"Anton Nikonov","2026-09-30 16:20:56",1431.0,2,antonnikonov
2516,16673524,"Zikai Chen","2026-09-30 23:58:02",1430.9,2,"auroraxxiiaa,kyrie1102kai"
2517,16663513,DLTLM,"2026-09-23 13:12:06",1430.5,2,"debayank2024,laveshjadon,laxmikantaroy,moumitaaaaaa,tarunraii"
2518,16930688,"Solo Leveling","2026-09-26 14:05:00",1430.5,2,lingyuzhi
2519,16843555,sol12378,"2026-09-30 22:34:56",1430.3,2,sol12378
2520,16876853,PUN,"2026-09-26 17:24:20",1430.2,2,pshikk
2521,16671738,Exposed,"2026-09-28 04:20:14",1429.7,2,erickeller2
2522,16732129,"payne yam","2026-09-30 13:22:06",1429.6,2,payneyam
2523,16726547,"Ezra Kho","2026-09-26 11:07:55",1429.5,2,ezrakho
2524,16866971,imriad,"2026-09-29 04:56:30",1428.9,2,riadhhossain
2525,16723893,iring58,"2026-09-27 02:18:39",1428.0,2,iring58
2526,16659419,"Chahat Mehra","2026-09-30 05:53:22",1428.0,2,chahatmehra
2527,16634088,Jet,"2026-09-30 23:30:49",1427.6,2,drkongvis
2528,16796901,hanhan761,"2026-09-30 12:55:21",1427.5,2,"hanhan761,kiivii,noice12138,xiaobai0417"
2529,16774250,"C R Suthikshn Kumar","2026-09-30 16:19:13",1427.3,2,crsuthikshnkumar
2530,16861903,iwa,"2026-09-23 09:53:06",1426.5,2,ichiko
2531,16838956,"Michael Brown","2026-09-26 19:51:50",1426.3,2,michaelbrown4343
2532,16746632,tingyu516,"2026-09-30 23:27:11",1426.1,2,tingyu516
2533,16678061,"Sushanth Tiruvaipati","2026-09-30 04:43:05",1426.0,2,sushanthtiruvaipati
2534,16760241,"Collin Christensen","2026-09-30 22:22:00",1425.9,2,cchristens
2535,16682843,underline12311,"2026-09-23 04:27:15",1425.9,2,underline12311
2536,16736474,"Håkon Kjelseth","2026-09-23 09:18:48",1425.5,2,hkon2k
2537,16927550,User1114,"2026-09-28 03:12:24",1425.2,2,lyboihh
2538,16941777,"Ziming Wu","2026-09-23 08:55:56",1425.1,2,zimingwu
2539,16665129,Doom,"2026-09-26 22:12:36",1425.1,2,"mr6436,sanskaarundale"
2540,16886344,魏杨康,"2026-09-30 08:39:46",1424.9,2,weiiyangkang
2541,16750448,"Ansh Agarwal","2026-09-29 20:39:55",1424.5,2,anshagarwal2616
2542,16940453,"HIbiki Awai","2026-09-22 13:57:50",1424.3,2,hibikiawai
2543,16662833,"umair zia","2026-09-30 15:43:46",1424.1,2,aimerscoding
2544,16795698,ml_gg,"2026-09-30 15:16:32",1423.8,2,ramnarayanchoudhary
2545,16888093,"Alejandro Izaguirre","2026-09-24 20:35:33",1423.4,2,alejandroizag
2546,16880960,Kiriesh,"2026-09-30 20:33:32",1423.3,2,kiriesh
2547,16818313,"haonan zhengh","2026-09-27 01:57:16",1423.1,2,haonanzhengh
2548,16676336,lemon13418,"2026-09-23 00:05:09",1423.1,2,lemon13418
2549,16865335,"Hire me! 🤗 [Viktor Cikojevic]","2026-09-20 13:38:52",1421.1,2,viktorcikojevic
2550,16663827,magoemu,"2026-09-27 08:50:37",1421.1,2,magoemu
2551,16640467,Catalyst,"2026-09-23 09:25:57",1420.7,2,vibekaggler
2552,16634873,shin0000,"2026-09-24 03:07:22",1420.1,2,shin0000
2553,16655686,Kyle,"2026-09-30 11:25:33",1420.0,2,kylezhouzhou
2554,16630797,"Seok, Jeongeum","2026-09-30 19:48:39",1420.0,2,seokjeongeum
2555,16665357,XW,"2026-09-29 04:01:40",1419.9,2,xuewei
2556,16682514,"Pavel Pavlov","2026-09-25 13:16:01",1419.7,2,akakii
2557,16947886,"Rufeng Toxins","2026-09-23 14:01:48",1419.7,2,rufengtoxins
2558,16755495,"Leo Udah","2026-09-30 12:19:14",1418.7,2,leoudah
2559,16768702,"Crop It Like It's Hot","2026-09-30 23:49:55",1418.6,2,"davidben10,rachel79"
2560,16926473,"Illia Dolenko","2026-09-22 00:32:26",1418.2,2,illiadolenko
2561,16936542,"Lee Velon","2026-09-30 17:30:06",1417.3,2,leevelon
2562,16938431,"ADRIANO ALMEIDA","2026-09-24 00:03:40",1417.1,2,adrianoalmeidaa
2563,16862155,"Kydyrbek Kozykorpesh","2026-09-30 07:27:49",1417.0,2,kozykappa
2564,16719451,"Syed Toubur","2026-09-23 07:12:40",1417.0,2,syedtoubur
2565,16843838,"Alapati Ramakrishna","2026-09-30 16:48:01",1416.9,2,alapatiramakrishna
2566,16770832,"Harish Yadav","2026-09-24 11:57:04",1416.7,2,harishyadav0506
2567,16905426,futabato,"2026-09-27 01:32:28",1416.4,2,futabato
2568,16870247,mxt1022,"2026-09-30 08:10:52",1416.1,2,unlome
2569,16799304,"Rlug mb","2026-09-29 04:44:59",1416.0,2,"hongxinzhang111,minhtrph,rlugmb"
2570,16662121,One-For-All,"2026-09-30 06:26:54",1415.9,2,"akankshatiwari2803,indarkarhana"
2571,16880664,"Nodir Xamdamov","2026-09-24 16:18:54",1415.5,2,nodirxamdamov
2572,16661737,"Márcio Santos","2026-09-30 17:45:53",1415.3,2,mos3santos
2573,16627799,"navazsh fathi","2026-09-30 15:40:47",1414.8,2,navazshfathi
2574,16712560,"Max vrstpan1","2026-09-30 17:21:38",1414.3,2,wdjy123456
2575,16722399,"Meta learners","2026-09-30 17:06:28",1414.1,2,aditya2909rb
2576,16657941,"Nick Styles","2026-09-30 08:10:27",1413.8,2,styles
2577,16762926,"Ricky RTG","2026-09-30 00:43:25",1412.2,2,rickyrtg
2578,16870486,"Sincere Bailey","2026-09-30 20:12:55",1412.0,2,sincerebailey
2579,16694110,"Team Amboss","2026-09-23 16:09:25",1411.7,2,alexphilippi
2580,16764386,Troy_xx,"2026-09-27 07:41:14",1411.4,2,troyxx
2581,16765135,neuro168,"2026-09-23 11:11:29",1411.2,2,lordmc
2582,16667018,ZekeAlx,"2026-09-29 20:39:12",1411.0,2,alexthomas12345
2583,16698069,k_4821,"2026-09-28 22:14:50",1410.5,2,edgarondoodevilclub
2584,16857491,cherish_zhang,"2026-09-23 07:18:03",1410.5,2,cherishzhang
2585,16726769,"Ci Zhu","2026-09-27 03:39:13",1410.5,2,zhuci1993
2586,16746689,"Harm Buisman","2026-09-28 06:49:41",1410.3,2,harmbuisman
2587,16662191,Danieler,"2026-09-22 18:46:56",1410.2,2,danielerufo
2588,16627796,tizawa3,"2026-09-30 21:57:51",1409.9,2,tizawa
2589,16774075,"Mohammad Yaser Hussain","2026-09-24 11:10:55",1409.8,2,mohammadyaserhussain
2590,16635872,"Evgeniya Dmitrieva","2026-09-30 22:07:16",1409.7,2,evgeniyadm
2591,16736124,GIN,"2026-09-23 06:57:33",1409.7,2,runjinzhang
2592,16864870,JR,"2026-09-30 09:03:36",1409.6,2,jurijsruko
2593,16716475,"dong & shen","2026-09-30 16:58:36",1409.2,2,"dongcookies,muyouqian4"
2594,16671012,"Sean Zhang","2026-09-24 01:00:58",1408.8,2,seanzhang2445
2595,16723379,local,"2026-09-23 07:32:48",1408.7,2,matteo123383iend
2596,16623515,"Apple Joy","2026-09-23 05:27:00",1408.5,2,"cqput640,fishcat37,sdq2237"
2597,16921163,"Sam StSt","2026-09-22 06:30:05",1408.4,2,samstst
2598,16854074,yudai_000111,"2026-09-30 17:51:10",1408.3,2,yudai000111
2599,16845736,Gio,"2026-09-27 17:58:35",1407.7,2,giovanizanfra
2600,16842093,aether74,"2026-09-24 02:23:54",1407.6,2,aether74
2601,16733748,"Ashutosh Agarwal","2026-09-30 23:42:05",1407.5,2,ashutoshagarwal088
2602,16669632,"Kenneth Alonso","2026-09-27 13:16:12",1407.2,2,kennethalonso
2603,16698688,JeremiahMannings,"2026-09-24 04:03:51",1406.5,2,jmannings
2604,16793635,"Johnny Hyland","2026-09-29 17:21:49",1406.0,2,johnnyhyland
2605,16919615,AcidicBlaster,"2026-09-21 10:37:49",1405.4,2,adityamurugesh
2606,16931121,Caocao,"2026-09-30 13:15:23",1405.4,2,caocaoIvy
2607,16768650,ifarm,"2026-09-23 08:48:33",1405.2,2,sericsheon
2608,16658300,"Thành Toàn Vương","2026-09-23 11:25:19",1405.1,2,thnhtonvng
2609,16692895,Manuf,"2026-09-29 21:02:31",1404.7,2,manuelferromorales
2610,16896240,mexlora,"2026-09-30 23:12:12",1404.4,2,"mexlora,nolzixo,qizlona"
2611,16767360,"Sinh Nguyễn Đức","2026-09-30 21:16:22",1404.2,2,sinhnguync
2612,16693431,"Yi Wang","2026-09-29 09:03:54",1403.8,2,jone520
2613,16681116,Kagamihara,"2026-09-26 01:45:41",1402.7,2,kagamihara
2614,16632146,Haker_Sam,"2026-09-30 18:34:41",1402.7,2,hakersam
2615,16621315,"Reyhan Ksatria","2026-09-30 19:10:53",1402.4,2,reyhanksatria
2616,16632757,taopy2,"2026-09-29 08:58:17",1402.0,2,taopy2
2617,16946367,dwinging,"2026-09-23 14:07:09",1402.0,2,dwinging
2618,16735232,"Johnson Chishimba","2026-09-22 05:41:07",1401.9,2,johnsonchishimba
2619,16778707,momohuhu_kkkkkarrot,"2026-09-28 12:19:16",1401.4,2,kjy666
2620,16677847,ShiviWhivi,"2026-09-22 02:15:51",1401.2,2,blackpearls1
2621,16737482,Lindicaphxag,"2026-09-30 23:57:21",1400.9,2,oblivicore
2622,16867067,jiazepin,"2026-09-30 04:58:38",1400.7,2,jiazepin
2623,16845965,Oldplaykid,"2026-09-30 22:04:44",1400.7,2,"tonf3195,zerethon"
2624,16657728,"T Soo","2026-09-28 17:49:32",1399.8,2,ttgrcgrc
2625,16690500,Mr.NoT_GaMeR,"2026-09-27 03:47:24",1399.4,2,joshdilipkumarpatel
2626,16664392,AdamHsieh,"2026-09-26 03:06:41",1399.1,2,adamhsieh
2627,16623463,porply,"2026-09-21 13:32:47",1399.0,2,porply
2628,16881512,"Asem Adnan","2026-09-24 10:30:05",1398.7,2,asemadnan
2629,16674919,yukiZ,"2026-09-30 06:01:37",1398.6,2,hideyukizushi
2630,16914676,"Luon may Man","2026-09-30 12:09:26",1398.6,2,luonmayman
2631,16851553,Sentinel,"2026-09-30 23:56:17",1398.6,2,atlasar
2632,16792865,"Arseniy Shutko","2026-09-29 17:06:54",1398.4,2,arseniyshutko
2633,16922832,"Zhang Feifan","2026-09-29 10:05:21",1398.1,2,zhangfeifan
2634,16765834,Oakzen,"2026-09-24 11:49:54",1398.1,2,gyx517120273
2635,16656340,MAGMA,"2026-09-30 07:19:45",1398.0,2,infiheart
2636,16699082,Sakthei,"2026-09-20 13:41:34",1398.0,2,sakthei
2637,16685982,Snorf,"2026-09-29 15:49:18",1397.9,2,snorfyang
2638,16680690,MYOUCER,"2026-09-24 01:40:19",1397.8,2,myoucer
2639,16749061,"Wang H2O","2026-09-23 03:58:50",1397.7,2,wangh2o
2640,16647192,"Sailor Ren","2026-09-29 04:34:32",1397.5,2,"dongdongjiaqi,sailorren"
2641,16915663,Wlemalin,"2026-09-23 15:16:20",1397.4,2,wlemalin
2642,16858986,kam,"2026-09-24 07:21:27",1397.0,2,kotakambayashi
2643,16621294,dpquoc,"2026-09-24 04:40:59",1396.8,2,dpquoc
2644,16936346,"Han Zhou","2026-09-22 00:51:30",1396.1,2,hanzhou445
2645,16661539,"Ilia Mironov","2026-09-29 04:33:03",1395.8,2,millcool
2646,16769234,"Akshar #2","2026-09-23 17:16:50",1395.6,2,"aksharzala,therishitaggarwal"
2647,16665084,"Wei Han","2026-09-30 17:03:16",1395.1,2,weihan87
2648,16727350,"T Hansda","2026-09-22 13:49:10",1395.1,2,hansda
2649,16944065,"Wael El Ghazzawi","2026-09-22 23:05:10",1394.5,1,waelelghazzawi
2650,16696421,"Koyashiki Mao","2026-09-22 11:55:10",1393.8,2,koyashikimao
2651,16793452,"Ghazaros Ghazaros","2026-09-30 00:38:16",1393.6,2,ghazarosghazaros
2652,16644877,lu_fish,"2026-09-26 08:00:10",1393.6,2,thefish114514
2653,16935319,"Adrian Phillips","2026-09-23 06:52:14",1393.6,2,adrianphillips00
2654,16655520,"kaggle Osaka","2026-09-30 00:06:55",1393.5,2,toshiyukitanaka
2655,16853540,WUZB,"2026-09-23 03:14:03",1393.2,2,wzhengbiao
2656,16857977,namopanda,"2026-09-28 15:30:18",1393.0,2,namopanda
2657,16762935,"ibr mo sal","2026-09-25 08:20:45",1392.9,2,ibrmosal
2658,16709101,"Djaafar Lecheheb DL","2026-09-30 23:06:18",1392.7,2,djaafarlechehebdl
2659,16712134,cf696666,"2026-09-29 23:36:56",1392.5,2,cf33333
2660,16921557,"Terry Duan","2026-09-30 02:29:53",1391.9,2,xueyueicu
2661,16723988,yuyinghuang,"2026-09-29 14:04:30",1391.1,2,yuyinghuang
2662,16809842,"zg l1218","2026-09-27 09:01:21",1391.1,2,"dkttttt,zgl1218"
2663,16900489,Machine_e1,"2026-09-25 12:52:38",1390.8,2,"arcanee1,machinee1,mymilk"
2664,16744503,"Jun AKita","2026-09-26 11:50:00",1390.7,2,junakita
2665,16854472,Taimo,"2026-09-30 23:53:37",1390.4,2,taikimori
2666,16879166,NoDash,"2026-09-29 11:50:23",1390.3,2,nodash
2667,16880792,dre,"2026-09-22 17:25:08",1390.3,2,ahmedelfazouan
2668,16944349,m_meles,"2026-09-23 16:04:45",1390.2,2,mmeles
2669,16904371,Makhmudov_1602,"2026-09-22 10:40:41",1389.9,2,makhmudov1602
2670,16681986,"Chirantan Bhardwaj","2026-09-25 04:22:03",1389.9,2,chirantanbhardwaj
2671,16678370,Wangles,"2026-09-22 11:10:59",1389.5,2,wangles
2672,16748476,sam_the_rice_cake,"2026-09-30 23:58:04",1389.5,2,"hash548,wliilamsam"
2673,16623530,khursani,"2026-09-30 15:03:44",1389.1,2,khursani8
2674,16838981,"Adil Shamim","2026-09-30 16:27:21",1388.8,2,adilshamim8
2675,16771558,"Vitalie Cervinschi","2026-09-30 17:05:43",1388.5,2,vitaliecervinschi
2676,16932257,"Joumier Loick","2026-09-30 00:10:46",1388.2,2,loickjoumier
2677,16932197,SamarthPD-21,"2026-09-30 23:03:15",1388.2,2,samarthpd21
2678,16655263,rishavsaigal,"2026-09-27 20:08:20",1388.2,2,rishavsaigal
2679,16832335,"Junhua Yang","2026-09-29 04:33:04",1387.8,2,junhuay
2680,16818060,bnfan,"2026-09-27 00:01:53",1387.8,2,simonfan7
2681,16658025,"Dennis Gioche","2026-09-30 10:26:22",1387.6,2,dennisgioche
2682,16848217,"Yang Bai","2026-09-23 11:23:39",1387.5,2,jackelysia
2683,16915571,"jay tsang","2026-09-26 07:57:39",1387.4,2,jaytsang
2684,16742183,alessandrozonta,"2026-09-23 07:46:51",1386.9,2,azonta
2685,16890118,chiikavyshy,"2026-09-27 09:56:14",1386.5,2,"marynaborovska,yuriygreben"
2686,16754838,"Berkay Özkan","2026-09-30 13:09:08",1386.5,2,berkayzkan
2687,16928213,橋本真旺,"2026-09-22 16:37:33",1386.0,2,mao925
2688,16722827,Prathyyyyy,"2026-09-30 17:10:41",1385.8,2,prathyyyyy
2689,16741672,张菠,"2026-09-30 02:05:59",1385.2,2,ysqdababa
2690,16942573,Almaz,"2026-09-30 12:06:13",1385.1,2,almazsakhapov
2691,16763375,Makus,"2026-09-22 13:33:25",1384.4,2,alexmartinez75
2692,16682753,"Cam-Luan Truong","2026-09-22 11:11:54",1384.4,2,luantruong
2693,16894950,csly666,"2026-09-21 15:34:28",1383.7,2,csly666
2694,16887631,"Wills Cui","2026-09-22 05:47:39",1383.3,2,willscui
2695,16654841,"ABHIRUP DAS","2026-09-30 14:14:56",1383.1,2,abhirupdas10
2696,16646318,TeamNexus,"2026-09-26 18:21:52",1382.7,2,chrisopherjoshy
2697,16848588,"vibe coders","2026-09-30 23:14:01",1382.7,2,"caando,sheryllynntan"
2698,16722117,"Zhou Zhengyu","2026-09-30 05:10:29",1382.3,2,"yanwenwang921,zhouzhengyu118"
2699,16742267,chandora,"2026-09-28 23:07:24",1382.1,2,chandora
2700,16713127,Felis,"2026-09-30 23:56:34",1382.1,2,ilyaafanasenko
2701,16878353,"Hongbin Gu","2026-09-28 07:57:38",1382.0,2,guhongbin
2702,16655704,heinado,"2026-09-29 20:41:52",1381.8,2,heinado
2703,16728708,"Rishi Jain","2026-09-25 19:29:04",1381.7,2,rishijain07
2704,16644480,"Umut Keltek","2026-09-23 19:23:59",1381.7,2,umutkeltek
2705,16783870,malaxg,"2026-09-30 06:57:43",1380.9,2,guoyixian2
2706,16842183,"Sumukh M G","2026-09-25 03:33:11",1379.6,2,sumukhmg35
2707,16943033,BobChuckyJoe,"2026-09-24 05:07:19",1379.5,2,bobchuckyjoe
2708,16657094,irynavs,"2026-09-23 14:18:45",1379.5,2,irynavs
2709,16754823,"tiki tiki tiki","2026-09-23 22:48:33",1379.3,2,slangitup
2710,16880558,"Georgi Kanev","2026-09-26 11:05:46",1379.2,2,georgikanev
2711,16792927,EnricRovira,"2026-09-30 22:47:27",1378.7,2,enric1296
2712,16932743,"Chris Chia","2026-09-22 02:24:46",1378.4,2,cchia3
2713,16848297,chacha260,"2026-09-29 01:54:11",1378.1,2,chacha260
2714,16789561,"Rohan Kishibe","2026-09-22 14:43:18",1378.0,2,anbianluban1
2715,16842482,Litvin,"2026-09-29 14:55:37",1377.4,2,wodo888
2716,16622934,"Ümit Anık","2026-09-29 17:44:57",1377.3,2,mitank
2717,16752444,zama,"2026-09-29 04:49:36",1377.0,2,zamami
2718,16723318,グレイラットルーデウス,"2026-09-22 07:27:17",1376.7,2,rudeus666
2719,16662176,"jorge fabian avila","2026-09-30 16:00:20",1376.6,2,jorgefabianavila
2720,16841190,dp23334,"2026-09-22 10:42:21",1375.2,2,dp23334
2721,16942875,Vikram,"2026-09-24 03:42:14",1375.1,2,vikramreddy2001
2722,16886627,caintly,"2026-09-30 13:39:30",1374.9,2,eyesad
2723,16937269,"Egg D. Kernel","2026-09-22 01:53:27",1374.6,2,eggdkernel
2724,16779388,"Mohammad Alnajdawi","2026-09-23 11:40:29",1374.5,2,mohammadalnajdawi
2725,16635509,simmons1025,"2026-09-30 23:20:52",1374.2,2,simmons1025
2726,16773069,Grant,"2026-09-30 14:55:38",1373.9,2,leolin05
2727,16667020,SCLim2022080004,"2026-09-22 03:18:23",1373.6,2,sclim2022080004
2728,16903652,LokeshGiri,"2026-09-29 09:47:17",1373.5,2,"lokeshjasrotia,vengatagirig"
2729,16655632,"Dmitry Kozlov","2026-09-22 05:26:12",1373.4,2,dkozlov
2730,16924529,dacheah,"2026-09-24 12:40:10",1372.9,2,dacheah
2731,16622937,"Sheep 🐑","2026-09-28 13:08:41",1372.5,2,kabilrh
2732,16862614,"Andrew Bunn","2026-09-22 00:14:18",1372.2,2,andrewbunn
2733,16644818,chudddc,"2026-09-29 03:41:17",1371.8,2,chudddc
2734,16674839,"hongqian miao","2026-09-20 14:22:50",1371.7,2,hongqianmiao
2735,16789546,"lsm jii","2026-09-28 05:55:06",1371.3,2,lsmjii
2736,16790945,"WHITE WOOD","2026-09-30 06:22:32",1371.3,2,lijinxuan
2737,16728549,Karatelb,"2026-09-26 11:53:23",1370.6,2,karatelb
2738,16655567,Heisnotanimposter,"2026-09-22 04:52:39",1370.5,2,test013
2739,16796937,Alan,"2026-09-24 00:44:47",1369.5,2,amunsentom
2740,16750317,"ELhamdaoui AM","2026-09-28 07:14:14",1369.4,2,elhamdaouiabdelmajid
2741,16709126,"Jamie Nojek","2026-09-29 19:36:30",1369.4,2,jamienojek
2742,16682885,风沙星辰,"2026-09-21 20:40:04",1369.3,2,"duoliya,linyeping,sereinovov,wangying2026"
2743,16861616,"Gagan Deep","2026-09-30 10:35:13",1369.1,2,gagandeep1
2744,16860288,"VIKASH YADAV","2026-09-29 05:25:11",1368.6,2,vikashyadav05
2745,16712751,haruo_tensai,"2026-09-26 01:58:17",1368.2,2,haruotensai
2746,16797699,"Dylan Moraes","2026-09-28 07:08:49",1367.9,2,dylanmoraes
2747,16666946,pwxc00,"2026-09-30 23:47:41",1367.6,2,alert04
2748,16698540,asasaaa,"2026-09-30 01:15:35",1367.3,2,fieldhh
2749,16683808,RuggedBones,"2026-09-30 17:26:40",1366.8,2,ruggedbones
2750,16744983,Gappy,"2026-09-29 14:53:42",1366.4,2,takahirohigasa
2751,16741243,"Yasin Mert Şahin","2026-09-30 18:12:31",1366.2,2,ymertsahin
2752,16916938,MC1127,"2026-09-24 13:08:50",1366.1,2,mc1127
2753,16658777,"Jiarui (Jerry) Cao","2026-09-27 12:55:00",1365.9,2,jiaruicao7
2754,16632476,"Назар Коваль","2026-09-30 17:48:24",1364.8,2,miickey
2755,16693557,"Ifeoluwa Adewumi","2026-09-30 21:38:42",1364.1,2,ifeadewumi
2756,16644530,"Busya PRIME","2026-09-21 11:20:07",1364.0,2,busyaprime
2757,16771623,kekuru,"2026-09-29 00:02:51",1363.9,2,soyaishihara
2758,16665966,aj000,"2026-09-30 10:06:19",1363.6,2,anishjagdaleaj
2759,16664164,"Elzandi Irfan Zikra","2026-09-30 23:00:40",1363.4,2,"dyahayuretnoningsih2,zangetsufuin"
2760,16757034,"Hanxiang Li","2026-09-21 03:43:45",1363.3,2,hanxiangjames
2761,16635029,"Oleg Melnik","2026-09-30 17:12:00",1363.1,2,olegmelnik
2762,16912988,"Roy Zhu","2026-09-29 12:56:20",1362.1,2,roy0zhu0
2763,16806219,"Yiwei Pu","2026-09-22 01:59:54",1362.0,2,"lvyihan1210,raven20010261,yiweipu"
2764,16660395,ljx59141421,"2026-09-22 13:47:32",1361.9,2,ljx59141421
2765,16658677,大山,"2026-09-30 03:03:51",1361.6,2,mapodoufu
2766,16635670,"Mr.S hanakosan","2026-09-29 03:07:00",1360.7,2,earlgreytea15
2767,16855394,chipssy,"2026-09-29 17:14:19",1360.5,2,shotafubasami
2768,16774823,fan2goa1,"2026-09-30 19:36:35",1359.9,2,zfun0926
2769,16839638,keeplooking,"2026-09-27 14:31:39",1359.9,2,keeplooking
2770,16688979,"Dhayaney Vijayan","2026-09-30 21:18:48",1359.8,2,dhayaneyvijayan
2771,16934170,"Krish Shah","2026-09-23 05:49:34",1359.7,2,krshs90
2772,16630364,"Anh Tuan Ha","2026-09-30 17:51:40",1358.9,2,schw1eg0
2773,16691670,wangbin.dev,"2026-09-29 15:42:12",1358.7,2,wangbindev
2774,16935420,"zicong pan","2026-09-24 09:34:45",1358.2,2,zicongpan
2775,16655654,Cacinie,"2026-09-30 05:14:34",1358.2,2,cacinie
2776,16659961,faahh,"2026-09-30 10:33:21",1357.8,2,shivam98saini
2777,16769277,卡心农场,"2026-09-29 14:43:09",1357.2,2,"hkd2333,hsiaosuan"
2778,16845695,"Nam Lê Phương","2026-09-28 06:55:21",1356.9,2,pearpn25
2779,16656659,"James Y","2026-09-29 04:01:55",1356.5,2,redoctopusk
2780,16673034,"Milos Vlainic","2026-09-30 23:31:17",1356.1,2,wlakinsson
2781,16624047,GUOHAOYANG,"2026-09-21 06:13:29",1356.1,2,pkuszboi
2782,16671767,Kaileh57,"2026-09-30 20:35:52",1355.9,2,kaileh57
2783,16749576,heralces,"2026-09-29 15:08:02",1355.8,2,heralces
2784,16640264,DhanaLakshmiMalla,"2026-09-30 19:22:17",1355.4,2,dhanalakshmimalla
2785,16770282,colt,"2026-09-21 17:56:20",1355.0,2,"logicalgenius1,mindmaniac,mindpioneer,thinkinglogic2,xiaomaguo"
2786,16817923,"Adhiraj Jagtap","2026-09-29 08:09:52",1354.8,2,adhirajjagtap
2787,16660601,"Rabbiya affan","2026-09-30 19:44:32",1354.8,2,rabbiyaaffan
2788,16699519,Handudu,"2026-09-30 15:49:22",1354.8,2,handudu
2789,16730634,Priestess,"2026-09-21 05:34:51",1354.6,2,kalypheus
2790,16732878,modelcollapse,"2026-09-21 10:09:15",1354.6,2,modelcollapse
2791,16775684,ketterking,"2026-09-30 13:51:48",1354.5,2,"ketterwang,wwppyywwww"
2792,16660488,tehyoni,"2026-09-30 05:27:38",1354.3,2,"gooberdambi,sidcat,suaeng,tehyoni"
2793,16862225,"Dmitriy Ershov","2026-09-30 22:33:32",1354.1,2,bejeweled
2794,16875653,xuzenkun,"2026-09-27 12:55:18",1353.8,2,xuzenkun
2795,16881928,"Saad Khan","2026-09-30 19:25:40",1353.7,2,saadlohani
2796,16653728,"Iswar Patra","2026-09-25 15:05:38",1353.7,2,iswarpatra
2797,16779519,"Xiangsong Tian","2026-09-30 07:45:39",1353.5,2,xiangsongtian25
2798,16876869,MAGGR,"2026-09-29 14:14:17",1353.4,2,manojmandal
2799,16846149,"Arnav Salkade","2026-09-30 08:34:07",1352.5,2,arnavsalkade
2800,16670524,"Nat Bel ML Fun","2026-09-30 23:20:20",1352.5,2,natbel4ml
2801,16922907,萤火2018,"2026-09-20 09:48:37",1352.4,2,aiwody
2802,16851343,"Ritwika Kancharla","2026-09-27 01:43:09",1352.1,2,ritwikakancharla
2803,16791862,"Emmanuel Mireku","2026-09-29 21:44:17",1351.5,2,eldermireku
2804,16838560,Aphrodite,"2026-09-24 05:04:21",1350.8,2,aphrodite874
2805,16625219,MJVinay,"2026-09-30 19:22:57",1350.6,2,mallajayanthvinay
2806,16914801,milkdragon,"2026-09-30 22:43:35",1350.5,2,hhhhhhyc
2807,16622482,"Veniamin Nelin","2026-09-29 22:43:43",1350.4,2,veniaminnelin
2808,16690113,m0chi1216,"2026-09-29 16:37:43",1350.1,2,m0chi1216
2809,16921085,Keerthana,"2026-09-23 16:30:06",1349.9,2,k33rthanaa
2810,16795134,"jiawei li","2026-09-29 06:10:16",1349.9,2,jiaweiaaa
2811,16669148,"Syed Muhammad Gillani","2026-09-20 23:33:36",1349.9,2,syedmuhammadgillani
2812,16635668,"Mirza Yasir Abdullah Baig","2026-09-28 07:34:02",1349.6,2,myab07
2813,16675960,"Audric LOKO","2026-09-30 10:12:12",1348.8,2,audricloko
2814,16773185,"Alwin Djuliansah","2026-09-26 01:40:34",1348.8,1,alwdj07
2815,16624941,"KO Ho Tin","2026-09-29 13:39:30",1348.3,2,b14ckc4tmr
2816,16658109,edward1503,"2026-09-21 09:31:07",1348.2,2,nguynnc
2817,16655688,"Ryan Shan","2026-09-29 05:58:06",1348.0,2,codegold
2818,16806840,"Tavuk Master","2026-09-21 09:52:18",1348.0,2,mkrimenurgm
2819,16653828,Boltuzamaki,"2026-09-29 16:13:46",1347.9,2,boltuzamaki
2820,16669594,euorrl,"2026-09-30 23:36:04",1347.8,2,euorrl
2821,16713543,"Rustam Bazarbayev","2026-09-30 06:51:06",1347.1,2,rustambazarbayev
2822,16927660,abraxas417,"2026-09-20 13:44:26",1347.1,2,abraxas417
2823,16668056,"Quantum Farm","2026-09-21 16:05:52",1346.7,2,"anselem7,divineokwueze,nnanyereuzoma"
2824,16878968,"Dale Zhong","2026-09-30 03:05:24",1346.2,2,dalezhong
2825,16745419,elren,"2026-09-21 15:48:47",1346.2,2,elrensmin
2826,16691512,"Hongxin Su","2026-09-30 15:34:33",1345.6,2,hongxinsu
2827,16766401,"Gobi Elangovan","2026-09-20 11:00:23",1345.5,2,gobielangovan
2828,16682667,"zeel vavliya","2026-09-29 11:37:57",1345.1,2,zeelvavliya
2829,16901894,"Michael Reid","2026-09-23 17:10:41",1344.6,2,michaelreid2025
2830,16817077,"Dinesh kumar Thiyagarajan","2026-09-20 21:01:23",1344.4,2,dineshkumar0705
2831,16786357,guoyihui,"2026-09-23 06:12:19",1344.3,2,guoyihui
2832,16779942,"YueKai Yu","2026-09-30 15:44:02",1344.1,2,yuekaiyu
2833,16784725,prairieee,"2026-09-30 01:27:46",1343.3,2,"haideptry,prairieee"
2834,16924344,trigo,"2026-09-21 07:41:11",1343.1,2,trigoani
2835,16921049,"liuyang Mei","2026-09-30 22:56:32",1343.1,2,liuyangmei
2836,16924825,"Steven Feng","2026-09-24 09:46:32",1343.0,2,stevenkaiyi
2837,16664157,"Runjie Zhu","2026-09-30 11:57:36",1343.0,2,damiendesolei
2838,16849282,ancientLuck,"2026-09-20 13:04:14",1342.9,2,ancientluck
2839,16825815,linchenge,"2026-09-29 08:37:53",1342.9,2,linchenge
2840,16673604,"Jiman Kwon","2026-09-27 03:49:55",1342.5,2,jimankwon
2841,16732746,MSG_Encrypted,"2026-09-27 22:11:41",1342.0,2,msghais
2842,16849780,"Juan Leiva","2026-09-20 14:08:59",1341.4,2,juank333
2843,16635747,"Jeki Wan Taufik","2026-09-29 00:31:55",1340.9,2,jek1wantaufik
2844,16622939,"Kamal Das","2026-09-30 14:59:44",1340.2,2,kmldas
2845,16654486,alijs,"2026-09-30 17:56:53",1339.7,2,alijs1
2846,16757392,Winter01,"2026-09-30 21:38:41",1339.5,2,wei111111
2847,16932991,"Gabriel Stoms","2026-09-22 15:15:38",1339.5,2,gabrielstoms
2848,16880773,最强扫地僧,"2026-09-21 05:14:26",1338.9,2,yyx466005036
2849,16865317,"sunil kumar","2026-09-30 05:23:01",1338.9,2,sunil123kumar
2850,16623450,S.Aoki,"2026-09-21 04:27:13",1338.7,2,soyaoki
2851,16863501,ATC,"2026-09-20 09:24:46",1338.6,2,t6ccc2
2852,16654710,"Ray Brothers","2026-09-28 17:52:46",1338.4,2,"madhurjyaray,vibekodr"
2853,16698489,"JIUZHOU CHAN","2026-09-30 17:46:05",1338.0,2,jiuzhouchan
2854,16728897,kaba777,"2026-09-29 20:43:39",1337.4,2,kaba777
2855,16630545,"GAURAV PARKHEDKAR","2026-09-25 13:18:41",1337.3,2,gauravparkhedkar
2856,16625214,Malla,"2026-09-30 19:22:36",1337.3,2,mallaphalguni
2857,16848622,"KUO JEN WEI","2026-09-24 19:20:54",1336.7,2,"kuojenwei,kuyiting"
2858,16920189,"Son Hoang","2026-09-23 12:57:59",1336.1,2,sonhoang82
2859,16859269,BAILW,"2026-09-30 14:01:24",1335.5,2,baimatubama
2860,16855111,PixelPuff,"2026-09-26 14:16:59",1335.4,2,krishpatel290895
2861,16621249,"Kunal Aarse","2026-09-30 19:45:40",1334.5,2,kunalinfinite
2862,16906626,JY,"2026-09-20 13:07:00",1334.4,2,junyihjy
2863,16719123,"Thomas Tschinkel","2026-09-23 02:43:20",1334.1,2,thomastschinkel
2864,16721248,"Raef Guizani","2026-09-29 12:02:18",1334.0,2,raefguizani
2865,16621063,Broskis,"2026-09-30 18:47:56",1333.7,2,"aikyatansinha,r1cksync,vamshikrishnaemmadi"
2866,16655748,revathip,"2026-09-29 12:35:57",1333.4,2,revathiprakash
2867,16716531,tebenia,"2026-09-20 08:51:40",1333.3,2,tebenia
2868,16625921,JinchengZhang1,"2026-09-29 01:45:43",1333.2,2,jinchengzhang1
2869,16662749,Jordan,"2026-09-30 03:30:47",1332.4,2,extergeist
2870,16806249,CLJY,"2026-09-28 08:13:21",1332.2,2,cljy2026
2871,16699586,"Linda Liu","2026-09-30 22:57:50",1331.4,2,lpoint
2872,16931481,"Дмитрий Томилов","2026-09-22 02:12:22",1331.4,2,floyed
2873,16808396,Dr_F,"2026-09-30 14:27:29",1331.3,2,algebraictopology
2874,16947082,"Alex  Redna","2026-09-25 12:46:49",1331.2,2,alexredna
2875,16654681,htech5,"2026-09-25 13:19:38",1330.9,2,htech5
2876,16801855,KooDol,"2026-09-30 18:50:35",1330.6,2,koodol
2877,16672033,"Mohan Prasath P","2026-09-21 13:48:43",1330.4,2,mohanprasath21
2878,16622788,Fitzcarraldo,"2026-09-27 06:42:36",1330.1,2,ivankuc
2879,16641183,"Team Name Pending","2026-09-20 14:32:46",1329.5,2,"abdaathaillahhadyan,oliverspiby"
2880,16939133,wang,"2026-09-27 08:11:49",1328.9,2,tombryant
2881,16883863,qhapaq49,"2026-09-27 09:26:47",1328.1,2,qhapaq49
2882,16666719,helenkwok,"2026-09-29 02:12:23",1328.1,2,helenkwok
2883,16857458,HIIHIH,"2026-09-29 13:26:40",1327.6,2,hiihih
2884,16663759,Aggro,"2026-09-21 17:30:40",1326.9,2,datafad
2885,16926712,lostargon,"2026-09-21 21:44:55",1326.5,2,vadimpryakhin
2886,16770715,"Vicens Gaitan","2026-09-28 15:01:15",1325.6,2,vicensgaitan
2887,16853132,masa0219,"2026-09-26 21:46:08",1325.4,2,masa0219
2888,16855992,"Vanshika #2","2026-09-29 03:53:20",1325.1,2,crystalbaby
2889,16939292,Cunriman,"2026-09-24 12:59:54",1324.8,2,cunriman
2890,16719869,"Swamy Gadila","2026-09-25 14:32:08",1324.7,2,testfridaycore2
2891,16840550,henriquejsza,"2026-09-21 05:07:28",1324.2,2,henriquejsza
2892,16937817,Yuki_ARL,"2026-09-21 17:58:56",1324.1,1,yukiarl
2893,16668123,B0RN2BL0W0UT,"2026-09-19 19:30:24",1323.2,2,kadenmansur
2894,16926545,"Rintaro Washio","2026-09-19 19:02:47",1322.3,1,rintarowashio
2895,16844518,"Haroon Rasheed","2026-09-24 04:47:28",1322.1,2,haroonnsgb
2896,16632493,"oni chan arigato","2026-09-20 10:55:22",1321.9,2,"kindasomethin,nabidnur"
2897,16671520,sci-shi,"2026-09-30 13:18:10",1321.8,2,scishi
2898,16661575,skw1990,"2026-09-20 23:43:37",1321.7,2,skw1990
2899,16677320,kcoffee,"2026-09-30 15:23:44",1320.6,2,kcoffee
2900,16927137,"Hibachi Fried Rice","2026-09-29 05:45:01",1320.4,2,samvalladares
2901,16895750,"charles Ndemo","2026-09-29 12:54:53",1320.2,2,charlesndemo
2902,16753820,sbite0138,"2026-09-28 15:31:44",1319.6,2,sbite0138
2903,16944358,Kobamiyannnn,"2026-09-23 02:50:24",1318.7,2,kobamiyannnn
2904,16917535,"Edric Zhou","2026-09-21 08:05:07",1318.4,2,edriczhou
2905,16673013,TTT,"2026-09-30 13:52:55",1318.4,2,tadahiroasami
2906,16640552,"rupsa roy","2026-09-30 19:44:26",1318.2,2,rupsarroy
2907,16746380,JKong,"2026-09-24 00:00:30",1318.1,2,kmt2001
2908,16939130,BenRed1,"2026-09-28 00:59:20",1318.0,2,benred1
2909,16743546,"Simon Dorcas","2026-09-24 16:36:17",1317.9,2,simondorcas
2910,16657785,"Himanshu Kumar","2026-09-30 15:42:36",1317.9,2,himanshujha2812
2911,16849814,"Mr. Architect","2026-09-20 08:06:03",1317.8,2,vietnguyen130593
2912,16749251,HawkOsm,"2026-09-23 05:17:19",1317.8,2,hawkosm
2913,16726431,Manav,"2026-09-30 22:00:00",1317.0,2,manavsangwan
2914,16687824,"André Dkw","2026-09-29 17:57:53",1316.9,2,andrdkw
2915,16722619,vlavlalva,"2026-09-20 13:44:47",1316.6,2,cppcph
2916,16642036,enddl22,"2026-09-30 03:14:45",1316.3,2,enddl22
2917,16757987,maverick_ss_26,"2026-09-22 13:19:24",1316.3,2,maverickss26
2918,16751358,Cristiano,"2026-09-26 14:41:59",1315.8,2,zhuangbility
2919,16922609,rofa2,"2026-09-18 23:05:58",1315.7,2,"gaoyuanjun,zhdmath"
2920,16847096,Jackylw,"2026-09-20 15:53:08",1315.3,2,jackylw
2921,16871053,Ni123456&,"2026-09-25 05:05:05",1314.9,2,bingdongni
2922,16736198,JetJetGo,"2026-09-19 14:10:00",1314.6,2,psykrishna
2923,16756029,EndCreeper,"2026-09-30 13:32:59",1314.4,2,endcreeper
2924,16916418,Lukas,"2026-09-23 13:02:38",1313.6,2,lukasbuck
2925,16671607,"Chanhyuk Han","2026-09-30 13:36:29",1313.2,2,chanhyukhan
2926,16755808,"Van-Phuc Huynh","2026-09-22 07:21:40",1312.8,2,hvanphucs112
2927,16925699,"YOUNG CHOW","2026-09-30 09:09:04",1312.5,2,youngchow
2928,16843203,"Liyi xin jie","2026-09-30 15:01:42",1312.4,2,liyixinjie
2929,16862461,"Guilherme Volpe","2026-09-23 00:38:39",1312.2,2,guivolpe
2930,16678080,"Timothy Adeyemi","2026-09-19 16:58:52",1311.6,2,timothyadeyemi
2931,16635600,"Divyansh Kumar","2026-09-28 11:20:31",1311.5,2,"divyanshkumar3,vivekjeetpatel"
2932,16926297,brave-心勇-heart,"2026-09-29 13:44:42",1311.2,2,braveheart
2933,16674367,"zongze Yan","2026-09-30 15:26:24",1311.1,2,aaayan
2934,16860164,Ry_Sa,"2026-09-22 13:02:38",1311.1,2,ryqsaq
2935,16887858,"Oleg Zholobov","2026-09-21 14:06:59",1310.9,2,olegzholobov
2936,16658426,RIVEN23,"2026-09-29 06:20:02",1310.9,2,riven5
2937,16928640,Kenj,"2026-09-20 08:01:59",1310.3,1,kiritoooooooo
2938,16654379,"Sebastian Mateus","2026-09-30 20:06:56",1310.3,2,"brenorb,sebastianmateus"
2939,16708315,beeyan,"2026-09-29 13:38:26",1309.5,2,beeyan0821
2940,16735353,我是刘大聪,"2026-09-29 15:27:47",1309.2,2,smartorz
2941,16663485,"Jacob Alstrup","2026-09-28 15:08:44",1309.1,2,jacobalstrup
2942,16907973,Mainafly,"2026-09-30 01:44:15",1308.9,2,ishakuyusufmaina
2943,16914950,"Alessio Mezzina","2026-09-22 07:11:58",1308.8,2,alessiomezzinaaa
2944,16635067,"Berat Egemen Gök","2026-09-28 19:42:39",1308.0,2,berategemengk
2945,16731074,UmutUygurr,"2026-09-30 21:56:17",1307.8,2,"dilahbaheci,umuttuygurr"
2946,16900902,"Younes Chafi","2026-09-23 12:36:44",1307.7,2,youneschafi
2947,16630964,LEEKANG,"2026-09-19 08:43:02",1307.6,2,poby7722
2948,16690065,JiangWenfeng1,"2026-09-27 14:29:04",1307.0,2,jiangwenfeng1
2949,16920843,"Hou JH-71","2026-09-20 13:09:46",1306.9,2,houjihao
2950,16936434,joshuag99,"2026-09-27 08:15:37",1306.9,2,joshuag99
2951,16674878,KirillKlem,"2026-09-29 15:18:20",1306.1,2,kirillklem
2952,16660090,"Kaggriculture @ Farmageddon","2026-09-30 23:09:25",1305.8,2,gary08phillios
2953,16920912,wxxbest,"2026-09-23 13:36:08",1305.7,2,w20260801
2954,16875601,forwardidear,"2026-09-19 08:49:41",1305.6,2,forwardidear
2955,16885090,higuuu,"2026-09-27 05:40:50",1305.5,2,higuuu
2956,16848850,Lazyman,"2026-09-21 18:42:12",1305.2,2,lazyman
2957,16814852,"Shivcharanraju Anga","2026-09-29 22:16:12",1305.1,2,shivcharanrajuanga
2958,16658709,"Kaggler Albafica","2026-09-30 04:55:28",1305.0,2,kaggleralan
2959,16854072,r13721,"2026-09-19 15:19:42",1304.9,2,r13721
2960,16890772,tcipin-egor,"2026-09-19 01:12:37",1304.3,2,egorich51
2961,16944157,"Aly Dhedhi","2026-09-23 00:53:42",1304.0,2,alydhedhi
2962,16777394,antadam127,"2026-09-19 23:03:20",1303.9,2,antadam127
2963,16848929,"Nikoo Yu","2026-09-29 05:55:00",1303.6,2,nikooyu
2964,16644229,"Amy Yuan","2026-09-29 16:41:33",1303.5,2,cozytato
2965,16852208,"LONG NT123","2026-09-19 08:30:22",1303.5,2,longnt123
2966,16689926,3MnRho,"2026-09-19 06:59:04",1303.1,2,yongxiangzhao
2967,16929902,Daijun_zju,"2026-09-21 07:23:03",1303.0,2,daijunzju
2968,16724242,"Romash Koirala","2026-09-25 12:35:17",1302.6,2,romashkoirala
2969,16782708,lcx666,"2026-09-28 07:52:40",1302.5,2,chengxinliang
2970,16663603,xsong2020,"2026-09-30 16:37:46",1302.3,2,xstargate
2971,16671844,I2nfinit3y,"2026-09-30 18:35:47",1302.0,2,i2nfinit3y
2972,16943490,"green algeria","2026-09-22 19:12:48",1301.7,2,greenalgeria
2973,16868304,"Aaron amacadu","2026-09-19 20:18:38",1301.6,2,aaronamacadu
2974,16658290,rrishavrraj,"2026-09-30 19:35:12",1301.5,2,"rrishavrraj,shubhamkumar9812"
2975,16851399,"Ali Eren Konak","2026-09-28 10:49:26",1301.1,2,alierenkonak
2976,16668798,"Ayush Shukla","2026-09-30 17:43:49",1300.7,2,ayushivy
2977,16863551,"Fady Mohammed","2026-09-26 04:39:25",1300.5,2,fadymagdy
2978,16623988,"Charismatic Pizza Party🍕","2026-09-19 12:22:20",1299.9,2,debugendless
2979,16810954,BayramAnnakov,"2026-09-19 11:14:29",1299.5,2,bayramannakov
2980,16863212,"Jayanth Koppala","2026-09-21 19:38:51",1298.9,2,jayanthkoppala
2981,16942821,PabloKim,"2026-09-25 11:26:53",1298.2,2,pablodevkim
2982,16726545,whm8016,"2026-09-23 16:17:05",1297.9,2,whm8016
2983,16756899,Muj!rush!,"2026-09-30 12:57:28",1297.4,2,mujrush
2984,16841816,JasonDTao,"2026-09-30 01:01:32",1297.3,2,jasondtao
2985,16921161,"earl naranja","2026-09-18 14:29:46",1296.5,1,earlnaranja
2986,16822706,"YUE WU","2026-09-21 00:34:02",1296.2,2,yuewuacademic
2987,16898309,"Mohammad Albaddawi","2026-09-19 14:27:45",1296.0,2,m7mdalbaddawi
2988,16885933,"Nadeem Kilani","2026-09-23 03:32:45",1295.8,2,fifthway
2989,16775474,ERS,"2026-09-19 06:16:01",1295.8,2,shingo257
2990,16659942,"Abdoulaye DIAW","2026-09-22 09:46:49",1295.8,2,abdoulayediaw25
2991,16656213,"Mehdi Boumiza","2026-09-24 03:56:40",1295.4,2,mehdiboumiza
2992,16663851,"Harshith revuru","2026-09-19 19:18:24",1294.8,2,harshithrevuru
2993,16621075,"Octavi Grau","2026-09-30 14:34:10",1293.8,2,octaviograu
2994,16668370,"Matthew Labrador","2026-09-17 14:07:15",1292.9,2,m4tyuuu
2995,16919736,elda27,"2026-09-22 01:32:59",1292.7,2,elda27
2996,16924209,AmirabbasBF2027,"2026-09-24 19:10:14",1292.6,2,amirabbasbf2027
2997,16866458,lalal2006,"2026-09-23 14:26:28",1292.5,2,lalal2006
2998,16924407,"Laxmi Khilnani","2026-09-30 18:26:00",1292.3,2,laxmikhilnani2004
2999,16866689,snehitha,"2026-09-30 17:47:05",1292.2,2,andapallysnehitha
3000,16657623,Restart:),"2026-09-19 16:26:31",1292.2,2,wayne127
3001,16661533,wangyuou,"2026-09-25 11:22:49",1291.8,2,wangyuou
3002,16623920,"Kazuta MIZUTA","2026-09-21 00:27:46",1291.7,2,kazutamizuta
3003,16682254,"Jeffery Jerome Harris","2026-09-28 07:41:58",1291.0,2,jefferyjeromeharris
3004,16897955,Diganta,"2026-09-18 15:58:46",1290.8,2,digantabhattacharya
3005,16622034,"Aryan Yadav","2026-09-19 05:51:25",1289.9,2,simplexcomplex
3006,16848394,Polaris,"2026-09-19 12:40:07",1289.5,2,zhanglei226
3007,16630740,"Ramazan Turan","2026-09-19 08:51:11",1289.0,2,ramazanturann
3008,16676321,"tao wu11","2026-09-27 07:17:27",1288.7,2,"taowu11,xujchill"
3009,16656382,Aevion-Labs,"2026-09-23 14:23:35",1288.7,2,aevionlabs
3010,16659415,PincheCabrón,"2026-09-30 17:38:46",1288.0,2,pinchecabrn
3011,16921850,"Leon Sakakibara","2026-09-21 02:05:50",1287.9,2,leonsakakibara
3012,16793478,noisyislands,"2026-09-30 15:31:28",1287.8,2,noisyislands
3013,16826999,donaldxu,"2026-09-28 13:31:45",1287.7,2,abc1705
3014,16769069,"HAL's Kaggle Farm","2026-09-30 21:53:23",1287.6,2,kafein
3015,16937658,xXx,"2026-09-30 23:34:34",1287.3,2,yishenxiao
3016,16941958,"Justin Anderson","2026-09-25 10:20:24",1287.1,2,justanderson
3017,16652451,JackGong,"2026-09-30 11:46:57",1287.0,2,jackgong
3018,16623263,ASHML,"2026-09-29 10:41:54",1286.9,2,ashml
3019,16655766,前衛,"2026-09-18 16:22:25",1286.6,2,"atharvranjan,shreyasgandhe,siddharth9077"
3020,16805906,FENGYESHAN,"2026-09-30 13:44:12",1286.3,2,fengyeshan
3021,16866014,htsbrer,"2026-09-20 00:09:51",1286.1,2,ht5brer
3022,16665596,chunhu666,"2026-09-26 08:12:26",1285.7,2,chunhu666
3023,16743846,"Hemanth Raja Guttikonda","2026-09-29 17:07:54",1284.8,2,"hemanthrajg,poojithakatta18"
3024,16917982,"Haitao56 ","2026-09-19 14:38:52",1284.8,2,haotao56
3025,16911021,spark328,"2026-09-19 10:30:15",1283.5,2,spark328
3026,16843522,clouds111,"2026-09-24 13:40:53",1283.2,2,clouds111
3027,16764868,y129besan,"2026-09-19 02:30:37",1282.8,2,y129besan
3028,16679144,つるげーねふ,"2026-09-29 03:13:10",1282.6,2,atom7666
3029,16770842,yatakeuc,"2026-09-29 14:37:36",1282.3,2,yatakeuc
3030,16870350,praneethb7,"2026-09-27 12:19:57",1282.3,2,praneethbudati
3031,16820988,人畜无害,"2026-09-29 00:57:46",1281.8,2,slowmo19
3032,16645431,Amin,"2026-09-30 14:18:52",1281.8,2,aminvafaei
3033,16882077,telep,"2026-09-30 23:43:11",1281.8,2,vitaliypyvovar1
3034,16907595,"Eric Zhang63","2026-09-18 18:15:50",1281.6,1,"ericzhang63,szqg666"
3035,16664506,"Jonatan Asketorp","2026-09-30 03:34:00",1281.1,2,weft169aston
3036,16926016,"[KGZ] Aruke Sulaimanova","2026-09-19 15:15:47",1280.5,2,arukesulaimanova1
3037,16740034,BSCode,"2026-09-29 16:28:27",1279.7,2,bscode
3038,16939866,"Big boom","2026-09-30 16:32:07",1279.6,2,cancinoespi
3039,16728996,autowin,"2026-09-20 06:57:56",1279.4,2,atharvjairath
3040,16677774,"Abdulatif Mahgoub","2026-09-30 21:30:27",1278.7,2,abdulatifmahgoub
3041,16658840,sanju25,"2026-09-30 13:23:07",1278.6,2,sanju25
3042,16635418,ocean240812,"2026-09-30 14:26:31",1278.0,2,ocean240812
3043,16759501,BaconT,"2026-09-22 15:56:11",1277.9,2,bacont
3044,16664751,"Cindy Meng90","2026-09-21 08:37:53",1276.7,2,cindymeng90
3045,16777138,"Anna Pakhaliuk","2026-09-27 16:29:48",1276.6,2,annapakhaliuk
3046,16700207,"S. Mujtaba Hussain","2026-09-23 08:49:23",1276.6,2,smujtabahussain
3047,16746275,LittleScottyy,"2026-09-19 11:11:39",1276.3,2,fongwaiyong
3048,16743427,Under遊具,"2026-09-18 06:00:32",1276.2,2,andayougui
3049,16897870,妮选择遗忘的,"2026-09-17 13:59:51",1276.1,2,yk120951
3050,16891588,Krtecek,"2026-09-20 11:16:13",1275.9,2,krtecek
3051,16751899,peggy,"2026-09-28 09:59:58",1275.4,2,refrigerator21
3052,16811920,"MINGXI LIU","2026-09-28 16:39:52",1274.9,2,wang5630900
3053,16946537,"Roustoum Abdel Moula","2026-09-30 23:50:49",1274.8,2,roustoumabdelmoula
3054,16733839,"Fabian Ruiz","2026-09-19 21:47:07",1274.3,2,fabianruiz3
3055,16870596,juicyorange,"2026-09-29 03:36:35",1274.1,2,billychau1
3056,16635280,"Narendra Sirvi","2026-09-24 04:12:37",1274.0,2,narendras78
3057,16909973,"Tri Tuc Cao","2026-09-17 09:59:28",1273.4,1,tricao
3058,16884417,"malcolm tan","2026-09-18 18:24:39",1273.3,2,malcolmtan
3059,16661509,JSON_Voorhees,"2026-09-30 18:04:04",1272.9,2,michaelgreenhut
3060,16875763,"芳村 愛支","2026-09-20 03:21:14",1272.9,2,shin1012
3061,16635055,chch,"2026-09-29 02:49:26",1272.6,2,chchentw
3062,16885430,zoujustkidding,"2026-09-18 08:42:04",1272.5,2,chenxianshen123
3063,16879879,wulawulacong,"2026-09-18 03:56:01",1271.6,2,wulawulacong
3064,16743639,Hanserong,"2026-09-18 06:20:56",1271.0,2,"ronghedragon,rufus666"
3065,16790091,"[Deleted] 0c90d8c7-6287-45e2-a53d-b800213ae7c3","2026-09-23 14:47:14",1270.6,2,del=09910093914da146
3066,16736202,杨雨灿,"2026-09-30 06:48:02",1270.3,2,yucanyang
3067,16623708,"Chekhlov Dmitrii","2026-09-18 13:45:33",1270.2,2,zoli800
3068,16927981,narihz,"2026-09-22 12:25:06",1269.1,2,xiaochaizhen
3069,16839580,"Søren Ravn Andersen","2026-09-16 13:57:31",1269.1,2,sorenravn
3070,16701697,Pelican,"2026-09-29 05:18:25",1269.0,2,chetanagrawall
3071,16621154,Zain96,"2026-09-30 11:35:18",1269.0,2,zain96
3072,16861256,lizh2025,"2026-09-27 15:04:10",1267.8,2,lizh2025
3073,16838589,iCO,"2026-09-26 17:00:02",1266.9,2,takashimaeda
3074,16669089,YujieXing10,"2026-09-29 13:40:34",1266.1,2,yujiexing10
3075,16636954,"Jeff Horon","2026-09-30 23:35:07",1266.0,2,jeffhoron
3076,16654027,shiv,"2026-09-30 23:34:06",1266.0,2,shivaurora
3077,16886174,还没想好冥,"2026-09-18 14:45:39",1265.4,2,"fufustory,hashak,linjunren1016,mushroom1763,yamaer"
3078,16652630,stars_w,"2026-09-18 06:57:00",1265.4,2,starsw
3079,16655372,abobakrosman87,"2026-09-30 22:55:28",1265.2,2,abobakrosman87
3080,16637919,NoOneAhead,"2026-09-19 03:24:29",1264.7,2,jerrlu
3081,16915888,"Steve T","2026-09-20 05:28:41",1264.5,2,jamesfitxroi
3082,16912371,Dorararra,"2026-09-23 03:37:28",1264.4,2,dorafairy661
3083,16888648,"MAOSEN ","2026-09-21 10:40:03",1264.3,2,maosen
3084,16659160,"Dmitry Bardonov","2026-09-18 18:20:26",1264.0,2,bdesim
3085,16824010,yuxingyizhou,"2026-09-29 00:08:06",1263.9,2,yuxingyizhou
3086,16859157,"David Mensah-Gbekor","2026-09-17 22:03:56",1263.5,2,ravdave
3087,16926797,aurnik,"2026-09-24 19:26:39",1263.3,2,aurnik
3088,16621610,NMarkS,"2026-09-21 12:03:36",1263.0,2,nmarks
3089,16875968,"Dias Bakhtiyarov","2026-09-16 19:41:15",1262.7,2,diasbakhtiyarov
3090,16796223,"Bohan Shao","2026-09-29 08:44:47",1262.1,2,bohanshao
3091,16899240,"Abel Mendez","2026-09-25 04:42:43",1262.0,2,abelmendez
3092,16888261,"Andreas meling","2026-09-30 00:03:28",1261.8,2,andreasmeling
3093,16721259,Qsj,"2026-09-24 01:31:34",1261.7,2,qiaoshiji
3094,16797457,Aamod06,"2026-09-30 14:01:04",1261.6,2,aamod06
3095,16806635,digimagi,"2026-09-22 08:18:35",1261.4,2,digimagi
3096,16930996,"ROGER REN","2026-09-29 17:14:12",1260.3,2,rogerrenruben
3097,16880975,"Shenyu Ma","2026-09-18 15:19:11",1260.1,2,shenyuma
3098,16697249,"Sudharsana Rajasekaran","2026-09-24 01:19:07",1258.8,2,sudhan03
3099,16635910,K3V1NM,"2026-09-18 13:33:33",1258.6,2,k3v1nm
3100,16777923,Sho,"2026-09-30 22:58:42",1258.5,2,shoito08190904
3101,16667346,Artwenty-six,"2026-09-27 04:57:22",1257.4,2,rezakautsarinsani
3102,16680144,AM,"2026-09-17 15:52:11",1257.4,2,adammekky
3103,16669711,"Anton Shaniuk","2026-09-18 18:08:55",1257.2,2,antonshaniuk
3104,16894457,kento2002,"2026-09-17 16:44:18",1257.0,2,kento2002
3105,16856629,Methematics,"2026-09-30 21:31:25",1257.0,2,pavelvasilevskiy
3106,16899300,"Yassine Chritt","2026-09-17 06:31:14",1256.8,2,yassinechritt
3107,16685014,"Vishal Kishore","2026-09-20 11:55:12",1256.8,2,kishorevishal
3108,16662318,"Bardia Bahadori","2026-09-18 15:21:53",1256.5,2,bardiabahadori
3109,16907222,"Harshith Kumar","2026-09-16 17:13:57",1255.7,2,harshith1212a
3110,16709304,"Aleksey SCHUKIN","2026-09-30 12:43:58",1255.3,2,alekseyschukin
3111,16632708,__Taichicchi__,"2026-09-27 22:30:30",1254.7,2,hutch1221
3112,16775010,"Alexey Kuznetsov","2026-09-19 14:26:40",1254.3,2,legtarrr
3113,16799769,manyuA,"2026-09-29 01:42:16",1253.9,2,"forheuristiclifeksh,manyua,realhonest"
3114,16840921,evolved,"2026-09-30 21:54:04",1253.3,2,algunion
3115,16830678,Voodoo_m88,"2026-09-26 05:18:05",1252.5,2,voodoom88
3116,16849125,"OBSTACLE DEVELOPER","2026-09-26 09:46:19",1252.4,2,obstacledeveloper
3117,16912052,"Nana Bast","2026-09-18 16:29:38",1252.1,2,"fontainedefurina,nanabast"
3118,16861544,"Hiroyuki Fujimaki","2026-09-30 23:57:43",1252.1,2,hiroyukifujimaki
3119,16743172,moonzfxs,"2026-09-23 15:34:29",1252.0,2,moonzfxs
3120,16936777,tagokoro,"2026-09-24 05:14:27",1251.6,2,tagokoro
3121,16653078,pk210495,"2026-09-21 12:11:20",1251.2,2,pk210495
3122,16662314,"Hanh Tran","2026-09-16 09:57:42",1251.2,2,honghanhhh
3123,16780062,Kousuke55,"2026-09-30 14:18:43",1250.4,2,kousuke555
3124,16896854,photonova,"2026-09-15 12:29:25",1250.4,2,photonova
3125,16876520,OpenModelMap,"2026-09-18 15:05:55",1250.0,2,openmodelmap
3126,16644452,Durlabh_Jha,"2026-09-30 19:43:42",1249.4,2,durlabhjha
3127,16821967,"Nakul Maurya","2026-09-29 16:56:08",1247.8,2,nakulmaurya
3128,16621628,pupen_o,"2026-09-23 17:16:53",1247.7,2,pupeno
3129,16781279,zhyphirus,"2026-09-16 11:08:51",1247.0,2,zhyphirus
3130,16688460,lllleeeo,"2026-09-16 17:38:13",1247.0,2,lllleeeo
3131,16730288,matsurih,"2026-09-30 23:57:55",1246.6,2,matsurihime
3132,16881660,Prateek,"2026-09-28 17:41:40",1246.3,2,prateekagnihotri
3133,16670659,saumyagupta12,"2026-09-26 18:07:30",1246.1,2,saumyagupta12
3134,16751267,Guojun1,"2026-09-28 17:25:04",1246.0,2,guojun1
3135,16830526,"Raghav Agrawal","2026-09-23 17:42:54",1245.9,2,raghagra
3136,16933118,wkdbskwsm,"2026-09-27 09:58:40",1245.4,2,wkdbskwsm
3137,16897719,"Muhammad Aashir Irshad","2026-09-21 14:44:03",1244.1,2,muhammadaashirirshad
3138,16765151,htnhtn,"2026-09-26 13:00:38",1243.7,2,htnhtn
3139,16672371,Loren-wen,"2026-09-27 04:40:08",1243.5,2,wofusituerte
3140,16773170,"yy li","2026-09-24 03:40:48",1243.1,2,yangyili11
3141,16826719,"Dennis HT","2026-09-18 09:43:32",1243.1,2,dennisht
3142,16681100,Chiranjith,"2026-09-17 11:37:34",1242.9,2,chiranjithdharma
3143,16764901,"Han Chen","2026-09-22 09:05:16",1242.7,2,puffohan
3144,16804859,DevashishSoni123,"2026-09-30 04:00:41",1242.7,2,devashishsoni123
3145,16730903,noynkmr,"2026-09-30 14:40:17",1242.5,2,noynkmr
3146,16888126,Iminabo,"2026-09-17 16:21:33",1242.5,2,iminabo
3147,16714134,"Raul Tinajero","2026-09-17 19:57:39",1241.7,2,raultinajeroo
3148,16852963,LingLingToshite,"2026-09-30 01:37:02",1241.5,2,lingtoshitehiroki
3149,16763551,"PRASHANT SHUKLA91","2026-09-29 14:31:57",1241.3,2,prashantshukla91
3150,16729488,"Bala vighnesh Reddy","2026-09-20 11:38:40",1241.3,2,balavighneshreddy
3151,16820607,PeriwinkleBlueOvO,"2026-09-30 23:27:01",1241.0,2,"PeriwinkleBlueOvO,wenqiangao1"
3152,16728135,sukirman,"2026-09-16 03:25:01",1240.8,2,rakbidb
3153,16662681,"Vernon Campbell","2026-09-18 01:51:57",1240.4,2,vernoncampbell
3154,16860811,XiaoXiaoJ,"2026-09-17 19:38:39",1239.5,2,xiaoxiaoj
3155,16692711,Deniz,"2026-09-16 14:51:14",1239.4,2,denizeryilmaz
3156,16924959,"Shun Liou","2026-09-30 20:45:16",1239.4,2,shunliou
3157,16673131,"Arfin Mustofa","2026-09-17 01:40:55",1239.1,2,arfinmustofa
3158,16910590,Hubillionaire,"2026-09-17 06:56:01",1239.0,2,hubillionaire
3159,16739019,quzhihang,"2026-09-23 08:28:40",1238.6,2,quzhihang
3160,16881600,"Yoshihiro Hatakeyama","2026-09-21 03:41:49",1238.6,2,yoshihiro1909
3161,16904747,미카엘,"2026-09-30 22:47:17",1238.3,2,madscientist097
3162,16716012,LaiCxm,"2026-09-24 11:50:02",1237.9,2,laicxm
3163,16849778,"Kim Minh","2026-09-22 03:21:00",1237.9,2,hanming14
3164,16726816,"Games Jadley","2026-09-24 22:02:50",1237.8,2,gamesjadley
3165,16898547,"[Deleted] 56e880dc-015c-4899-9c1b-85d9958ef4af","2026-09-15 18:25:34",1237.5,2,del=84798c2d77df7d9d
3166,16841799,珍珠,"2026-09-30 07:57:27",1237.3,2,luochen6
3167,16838625,kyohei2106,"2026-09-17 22:37:42",1237.2,2,kyohei2106
3168,16903970,qorlin,"2026-09-16 03:12:00",1237.2,2,qorlin
3169,16907699,"zhirong ye","2026-09-18 16:25:01",1237.0,2,zhirongye
3170,16886193,"Xiaoyong Zhu","2026-09-15 01:23:47",1236.7,2,xiaoyzhu
3171,16891040,"Nasri Siwar","2026-09-28 22:40:29",1236.3,2,sassounasri
3172,16820596,Karina,"2026-09-30 00:24:26",1236.2,2,karinajoey
3173,16740010,"[Deleted] 3d43f904-9731-4807-b835-0ae07351a8c7","2026-09-20 18:57:10",1236.1,2,del=230950f98ee5f235
3174,16685342,"Kanth Da","2026-09-21 04:15:12",1235.4,2,"kanthda,riteeshreddybysani"
3175,16853125,"BEIKE YAN","2026-09-21 02:10:30",1234.9,2,craigsid
3176,16761324,WLYYYo,"2026-09-22 14:15:28",1234.8,2,wlyyyo
3177,16664239,VK_Kaggriculture..StartCompet,"2026-09-29 05:16:05",1234.2,2,venkatkumar001
3178,16867924,PeaBrain,"2026-09-16 01:22:29",1233.9,2,abiruekanayaka1
3179,16793553,hoon0303,"2026-09-16 12:38:01",1233.6,2,hoon0303
3180,16626203,"Manish Kumar Maurya","2026-09-19 19:39:02",1233.5,2,manishkumarmaurya11
3181,16914244,Poemcourt,"2026-09-17 11:14:15",1232.5,1,poemcourt
3182,16707994,"Ayush Gupta #2","2026-09-17 22:21:54",1232.1,2,desmond6101
3183,16651257,PursueML,"2026-09-22 16:24:27",1231.8,2,"cuijohn,pursueml"
3184,16796544,"Xiaonan FU","2026-09-16 01:44:11",1231.4,2,xiaonanfu999
3185,16915374,"Muaz Husaini","2026-09-21 06:18:49",1231.2,2,muazhus
3186,16697139,Stocks152,"2026-09-20 04:10:05",1231.1,2,stocks152
3187,16701948,"Shaokai Zhang","2026-09-19 10:58:04",1230.7,1,shaokaizhang
3188,16798989,"Harvest Sun","2026-09-30 09:02:38",1230.7,2,zaoooo29
3189,16623749,Tejas,"2026-09-17 09:53:36",1230.4,2,tejuuss
3190,16768543,caas_sicca,"2026-09-19 07:56:21",1230.2,2,caassicca
3191,16732735,MMMMMMMMMMMM,"2026-09-16 14:57:27",1230.2,2,hyh273279
3192,16904006,vorlian,"2026-09-16 03:18:09",1229.6,2,vorlian
3193,16891562,"Weverton Guedes","2026-09-25 12:29:45",1229.3,2,owevertonguedes
3194,16729105,cc,"2026-09-29 09:24:09",1228.6,2,hqj66666
3195,16758954,shenjj02,"2026-09-17 02:30:08",1228.4,2,shenjj26
3196,16625082,真的懒,"2026-09-19 06:14:56",1228.0,2,gtccc9
3197,16915300,wanhty,"2026-09-18 13:43:54",1228.0,1,wanhty
3198,16865570,"Kedar Kale","2026-09-22 14:32:10",1227.9,2,kedarkale
3199,16644481,Liquidus,"2026-09-16 02:57:18",1227.8,2,liquidus
3200,16640540,QYQ1693,"2026-09-16 03:29:19",1227.4,2,qyq1693
3201,16747982,"Affriza Wildan Fauzan","2026-09-30 10:16:25",1227.1,2,affrizawildanfauzan
3202,16676034,"Songyot P","2026-09-18 06:33:06",1227.1,2,songyotpi
3203,16855477,SiriusStarRally,"2026-09-16 09:32:59",1226.9,2,siriusstarrally
3204,16797029,phospholipid,"2026-09-20 23:17:05",1226.4,2,phospholipid0614
3205,16661622,"Ergin Akın","2026-09-21 17:19:04",1225.9,2,erginakin
3206,16845382,Alpha_Ashwin007,"2026-09-23 20:31:55",1225.8,2,alphaashwin007
3207,16908832,"ranya marwan","2026-09-18 20:46:58",1225.5,2,ranymarwan286
3208,16690401,Skyspace,"2026-09-16 11:02:11",1225.3,2,empireblue
3209,16893208,hongan,"2026-09-15 21:49:30",1225.2,2,honganzhu
3210,16659771,DieByTheSword,"2026-09-16 08:53:03",1225.0,2,przemysawstroiws
3211,16746372,"Meerub Atiq","2026-09-18 13:00:49",1225.0,2,meerubatiq
3212,16774699,"Rio Nakamura","2026-09-16 09:25:16",1224.9,2,rionakamura10
3213,16799024,Becegatto,"2026-09-27 23:55:44",1224.9,2,viniciussignorelli
3214,16801797,Tv,"2026-09-27 15:45:59",1224.8,2,linyeah
3215,16862967,Unicorns,"2026-09-15 17:50:14",1224.6,2,"isaacjiang,ryokitano"
3216,16842246,montplusa,"2026-09-17 00:59:05",1224.5,2,montplusa
3217,16739181,yamu_duck,"2026-09-18 12:14:10",1224.1,2,crazyleg11
3218,16639844,MaxChen303,"2026-09-20 03:12:58",1224.1,2,maxchen303
3219,16849328,"Gaurav #2","2026-09-17 13:14:38",1223.9,2,genesis96839
3220,16915895,Shaylynn,"2026-09-17 15:58:29",1223.8,1,shittttttt
3221,16840576,kfsky,"2026-09-19 11:16:48",1223.7,2,kengofujii
3222,16897519,SShota-box,"2026-09-30 05:01:21",1223.7,2,sshotabox
3223,16640780,"drezna ultra","2026-09-18 14:14:35",1223.5,2,notakes
3224,16623199,"Jesse Ferguson","2026-09-25 22:32:37",1223.4,2,jesseferguson
3225,16681464,Amyel21,"2026-09-17 18:28:33",1222.9,2,amyel21
3226,16855268,"Jiayi Du","2026-09-26 21:17:21",1222.9,2,jahyee
3227,16761418,"Piggy Piggy","2026-09-14 23:37:49",1222.7,2,txgg123
3228,16807380,"D × MirAI","2026-09-29 00:16:04",1222.6,2,kmnkmn
3229,16908116,"Kabir Potdar","2026-09-16 18:40:56",1222.4,2,kabir01010
3230,16943936,"Wessel van Dijke","2026-09-27 23:22:56",1222.3,2,wesselvandijke
3231,16621355,Raiden.B,"2026-09-22 16:08:44",1222.1,2,raidenb
3232,16896886,"hemloock ","2026-09-15 12:35:43",1221.5,2,hemloock
3233,16791999,"Dashi Tsybikzhapov","2026-09-28 11:01:31",1220.9,2,dashitsybikzhapov
3234,16806541,hidenov,"2026-09-30 23:53:52",1220.7,2,hidenov
3235,16621683,Shivangoudaa,"2026-09-16 16:04:07",1218.7,2,ishivapatil
3236,16832231,lst1923,"2026-09-26 22:06:29",1218.5,2,lst1923
3237,16878308,Pjchauhan,"2026-09-25 04:59:56",1218.4,2,pjchauhan
3238,16827097,"Bình Trần Thanh","2026-09-16 03:47:00",1217.7,2,dsdadasda
3239,16864346,"Yanwei Lu","2026-09-30 05:23:30",1217.4,2,yanweilu
3240,16889004,SkOnTheRocks,"2026-09-15 11:43:43",1217.2,2,skontherocks
3241,16845023,zhtmgxr,"2026-09-17 04:53:03",1216.3,2,zhtmgxr
3242,16895927,logicorix,"2026-09-15 09:30:21",1215.9,2,logicorix
3243,16825340,xiaoBOSS97,"2026-09-21 15:18:33",1215.9,2,xiaoboss97
3244,16678930,"Just a moroccan","2026-09-26 12:14:44",1215.7,2,zbidaamine
3245,16635745,DataRockstar,"2026-09-30 04:45:26",1215.7,2,"amaropeter,jvlegend"
3246,16634952,"Igor Zharov","2026-09-30 16:58:13",1215.2,2,flexonafft
3247,16687479,kowalskii,"2026-09-17 08:52:42",1215.0,2,anirudhkumaraheer
3248,16887661,magic101,"2026-09-14 22:48:26",1214.9,2,magicbuttons
3249,16777137,Bernardus,"2026-09-25 08:18:07",1214.3,2,bernubritz
3250,16881248,Veerakrishna,"2026-09-17 16:30:12",1214.1,2,veerukhannan
3251,16634156,"Hiroyasu Okuno","2026-09-30 15:25:18",1214.0,2,hiroyasuokuno
3252,16847370,"Suleyman Yollyyev","2026-09-25 05:54:55",1213.8,2,suleyman71
3253,16877685,"Felipe Figueiredo","2026-09-24 02:47:56",1213.8,2,felipefigueiredo02
3254,16857987,fujia,"2026-09-29 07:27:12",1213.8,2,fujiasama
3255,16850078,"Safwan Amin","2026-09-16 16:53:04",1213.2,2,bracu23101281
3256,16862582,StephaneB7899,"2026-09-14 02:34:17",1212.4,2,stephaneb7899
3257,16864125,culture,"2026-09-15 12:50:09",1212.2,2,shkurak
3258,16748738,Shymohn,"2026-09-17 07:01:37",1212.1,2,shymohn
3259,16802442,"Rabia Eda Yılmaz","2026-09-15 19:10:02",1211.9,2,truthisneverlinear
3260,16742159,mimi！,"2026-09-16 05:57:58",1211.8,2,"morongzhu,we111135"
3261,16731983,Gracie,"2026-09-27 13:23:32",1211.3,2,gracie428
3262,16719771,"Oleg Papulov","2026-09-29 16:14:25",1210.8,2,olegpapulov
3263,16720316,"Hưng Trần","2026-09-16 10:27:05",1210.1,2,hungtrabiz
3264,16646970,juewang1p,"2026-09-21 13:00:11",1209.9,2,juewang1p
3265,16891791,judy12345.0316,"2026-09-15 05:38:38",1208.9,2,judy123450316
3266,16903902,wanghaozhi,"2026-09-20 02:00:08",1208.5,2,wanghaozhi
3267,16726616,"Ready for next RL Competition","2026-09-26 10:46:04",1208.4,2,hashimrazi
3268,16764546,Thirst,"2026-09-28 20:00:47",1208.1,2,wahidakram
3269,16637973,StephenNedumpally,"2026-09-15 07:50:55",1207.9,2,stephennedumpally
3270,16892796,FunLegendGaming,"2026-09-17 16:27:04",1207.5,2,funlegendgaming
3271,16854521,koumiyata,"2026-09-30 23:57:03",1206.9,2,koumiyata
3272,16763457,"Mohammad Essam","2026-09-30 21:26:17",1206.3,2,mohammedessam97
3273,16896033,omnifluxor,"2026-09-15 09:40:03",1206.1,2,omnifluxor
3274,16891432,porzlck,"2026-09-17 10:07:44",1205.7,2,orzlck
3275,16895926,Zengr1,"2026-09-17 09:58:50",1205.5,2,zengr1
3276,16767960,"Yuvraj Bhati","2026-09-14 23:24:32",1205.0,2,avioon
3277,16893291,"We Want... A Shrubbery!","2026-09-17 21:55:10",1204.8,2,timlongii
3278,16932705,tan014,"2026-09-30 22:28:46",1204.2,2,tan014
3279,16660020,"Gaddam Shiva Teja","2026-09-30 10:38:55",1204.0,2,shivateja005
3280,16755099,"Aleksandr Ulianin","2026-09-14 12:05:33",1203.2,2,aleksandrulianin
3281,16679810,"Patrick Joël MAIRLOT-MBEZELE","2026-09-30 07:08:57",1203.1,2,pigenesis75
3282,16707303,meTeam,"2026-09-24 18:14:20",1203.1,2,aaronzribi
3283,16667766,vasujain7,"2026-09-30 19:37:06",1203.0,2,vasujain7
3284,16863335,"Bright Choice AI","2026-09-30 11:07:06",1202.2,2,brightchoiceai
3285,16709504,U023,"2026-09-14 16:44:14",1201.6,2,ryutek
3286,16879578,"kabir Merakeb","2026-09-30 21:50:01",1201.5,2,kmerakeb
3287,16895014,trying_out,"2026-09-15 20:03:10",1201.4,2,"samiatisha,vickysynapsev"
3288,16633773,copasta,"2026-09-13 06:16:43",1201.3,2,copasta
3289,16654742,"Aastik Rajan15","2026-09-14 11:58:25",1201.1,2,aastikrajan15
3290,16630784,"🚜 Sub-Par Seedlings","2026-09-29 07:21:33",1201.0,2,"dwellement0baser,michaellist,oneupkiwi,wilhelmberghammer"
3291,16657347,"Hibiki M","2026-09-30 19:11:53",1200.7,2,hibikibrise
3292,16731799,"Ansh The Farmer 👩‍🌾","2026-09-15 19:05:59",1200.5,2,affection
3293,16904305,"YICHEN PAN","2026-09-16 18:39:53",1200.1,2,sakanamango
3294,16725947,SamarthRawat18,"2026-09-24 16:29:45",1200.0,2,samarthrawat18
3295,16697540,"Jared Floersch","2026-09-24 12:24:14",1199.6,2,jaredfloersch
3296,16828191,wanghongwei111,"2026-09-14 13:07:32",1199.3,2,wanghongwei111
3297,16697411,VynoDePal,"2026-09-20 23:47:47",1198.9,2,kvynodjo
3298,16918151,"Hidenori Sasaki","2026-09-25 16:49:57",1198.9,2,hidenorisasaki
3299,16676278,"Om Sangwan","2026-09-23 15:04:01",1198.6,2,omsangwan
3300,16847620,york1to,"2026-09-15 19:10:35",1198.4,2,yorkkang
3301,16730495,joinus,"2026-09-15 08:34:22",1198.2,2,joinus2003
3302,16653311,"Stanislav Tsepa","2026-09-28 17:36:27",1198.2,2,mrtsepa
3303,16655844,MAFIN,"2026-09-14 12:37:15",1197.5,2,moneyman91
3304,16706576,王一凡,"2026-09-23 01:33:57",1197.0,2,"liuziyang1016,mikakohinata68"
3305,16744914,"El Mehdi EL JAIR","2026-09-21 07:56:02",1196.8,2,elmehdieljair
3306,16622531,"musya lyusya team","2026-09-15 17:44:15",1196.0,2,vswz2nqp
3307,16845165,Tanuki_boosting,"2026-09-13 12:41:51",1195.4,2,miyamotodaiya
3308,16710499,sukeke,"2026-09-15 04:28:10",1195.3,2,sukeke
3309,16693439,"Ankit Hemant Lade","2026-09-30 04:10:15",1195.0,2,"ankitlade12,jsaikrishna"
3310,16764301,"Quýt đây đừng sợ","2026-09-20 15:19:28",1195.0,2,ponschannel
3311,16657276,"Пётр П","2026-09-29 08:31:15",1194.9,2,petrinvest
3312,16768016,JohnBlake,"2026-09-30 11:01:00",1194.6,2,jaybeeja
3313,16694346,ywwywww,"2026-09-14 07:52:56",1194.6,2,ywywww
3314,16872207,"Tèo Búng","2026-09-18 08:06:06",1194.2,2,teobung
3315,16670933,Pat,"2026-09-15 05:34:10",1194.1,2,junseia
3316,16896267,HendraDanuSaputraChauwito,"2026-09-16 12:37:41",1193.8,2,usilisme
3317,16673370,JeovaAnderson,"2026-09-24 15:45:12",1193.8,2,jeovaanderson
3318,16682032,"Satkar sarvankar","2026-09-25 14:17:58",1193.4,2,satkar003
3319,16674295,"Nguyễn Minh Hiếu","2026-09-19 07:44:18",1192.5,2,endermage
3320,16715828,samg,"2026-09-30 23:53:04",1192.3,2,samgreen2046
3321,16802410,"Aleksandr  Larko","2026-09-14 02:42:42",1192.2,2,alexxanderlarko
3322,16653127,"Talim Aushakhman","2026-09-15 17:29:46",1191.6,2,talimaushakhman
3323,16918530,lingsio,"2026-09-22 06:17:59",1191.4,2,shinshengchiou
3324,16639642,c-number,"2026-09-13 03:29:40",1191.1,2,cnumber
3325,16822395,"Vladimir Galatenko","2026-09-24 02:41:17",1191.0,2,vladimirgalatenko
3326,16924679,"Vandan Sharma","2026-09-20 09:50:10",1190.8,2,vanam56
3327,16728321,Rohitt_94,"2026-09-30 07:20:33",1190.0,2,rohitt94
3328,16796235,"Keside Onyeocha","2026-09-20 01:25:05",1188.9,2,kesideonyeocha
3329,16709950,"Ryan Myers","2026-09-25 05:52:17",1188.2,2,ryanmyers03
3330,16887142,backsider,"2026-09-16 09:34:44",1188.1,2,backsider
3331,16664609,Re2lawd,"2026-09-24 09:51:49",1187.2,2,re2lawd
3332,16630312,beijijun,"2026-09-14 12:04:11",1186.9,2,beijijun
3333,16862084,weiooocnnnnnn,"2026-09-30 23:35:01",1186.8,2,weiooocn
3334,16793755,"Juank Suarez","2026-09-20 02:45:18",1186.7,2,juanksuarez
3335,16723427,"Nikita Biryukov","2026-09-14 07:00:48",1186.5,2,bnikita
3336,16669441,"Chirag Desai","2026-09-18 15:03:16",1185.8,2,cid007
3337,16843303,inori315,"2026-09-14 13:31:27",1185.5,2,inori315
3338,16710466,"Charles Backman on LinkedIn","2026-09-14 14:14:42",1184.9,2,charlesbackman
3339,16679004,"Kevin Zhao","2026-09-22 07:36:22",1184.9,2,kevinzhao666
3340,16769435,"Nguyễn Mạnh","2026-09-21 04:23:56",1184.7,2,nguyenmanh97
3341,16806728,"Neural Knight","2026-09-24 16:39:55",1183.8,2,"chinmaymnaik,sivasainath06"
3342,16858207,"David Wang","2026-09-29 03:39:12",1183.6,2,renew66
3343,16780279,"N Divij","2026-09-12 18:30:06",1183.4,2,divijio
3344,16665746,Chiranjieev,"2026-09-30 15:35:06",1183.1,2,"abhirajhiwale,amitambhore27,himanshu2605"
3345,16741551,"Vedant Tiwari","2026-09-26 17:22:42",1182.7,2,vedant7312
3346,16875618,"Joel P. Joseph","2026-09-30 15:30:07",1182.4,2,joelpjoseph
3347,16881755,MudassarPAPI,"2026-09-14 08:59:06",1181.3,2,mudassarpapi
3348,16656312,"retiring to farm","2026-09-25 14:55:10",1181.2,2,"avnermlim,belati,hilariusjeremy,matthewpramana,nicholasarditirta"
3349,16835851,ruizhichen,"2026-09-22 16:59:50",1181.2,2,ruizhichen
3350,16691001,"Mahmoud Abdelshafy","2026-09-14 20:08:03",1181.1,2,mahmoudabdshafy
3351,16814637,random_numb,"2026-09-28 19:10:56",1180.8,2,randomnumb
3352,16727219,"Chukka Venugopalam","2026-09-29 16:11:45",1179.8,2,chukkavenugopalam
3353,16862912,"Nicolas Krusche","2026-09-15 00:03:10",1178.6,2,nicolaskrusche
3354,16893402,tedo,"2026-09-15 00:05:46",1178.3,2,takuroedo
3355,16758817,Ruwawa,"2026-09-15 14:26:15",1177.9,2,ruwawa
3356,16880953,IAMNAMNAM,"2026-09-30 06:14:25",1177.2,2,iamnamnam
3357,16870577,"Kenan Zhang9","2026-09-21 02:18:25",1176.9,2,kenanzhang9
3358,16668157,"vineet dairashri","2026-09-24 21:14:39",1176.7,2,vineetdairashri
3359,16793300,n470,"2026-09-30 23:41:13",1176.3,2,spacedebris634
3360,16865854,lancerhim,"2026-09-14 04:18:21",1176.2,2,lancerhim
3361,16698287,"Reinforcement Forgetting","2026-09-24 23:34:50",1176.1,2,ethanjschauder
3362,16796133,NoMoreThan20Words,"2026-09-15 00:19:25",1175.6,2,nomorethan20words
3363,16865554,"parker tan","2026-09-18 10:42:33",1175.5,2,parkertan
3364,16733298,"Damian Kuraś","2026-09-30 20:52:37",1175.4,2,damiankuras
3365,16753925,"Tyler Durden","2026-09-15 08:06:49",1175.3,2,jeedimetlacharan213
3366,16715216,Colin,"2026-09-15 12:36:41",1175.3,2,umcolin
3367,16918568,"Penn Lam","2026-09-24 09:56:43",1175.2,2,pennlam
3368,16738653,"Julien Trocmé","2026-09-29 14:50:45",1174.7,2,julientrocm
3369,16728774,あなまか,"2026-09-30 14:42:45",1174.0,2,arakish
3370,16806146,"Factual Explorer","2026-09-12 20:05:48",1173.9,2,factualexplorer
3371,16905027,"xiaomeng lin","2026-09-26 15:10:44",1173.8,2,xiaomenglin
3372,16630129,"Yi Lu","2026-09-16 01:54:33",1173.8,2,liqiu0224
3373,16937599,"Swasembada Pangan","2026-09-30 23:55:56",1173.7,2,fathurachmadhanafi
3374,16623326,"Tatiana Malygina","2026-09-27 11:00:08",1173.7,2,latticetower
3375,16679987,"Said Mohamed Omary","2026-09-21 11:31:47",1173.1,2,saidmohamedomary
3376,16881350,xwl_tree,"2026-09-18 10:40:29",1173.0,2,xwltree
3377,16732945,"Aru Ohta","2026-09-22 14:21:41",1172.8,2,aruohta
3378,16842187,"rongkai bao","2026-09-30 23:26:16",1172.7,2,rongkaibao
3379,16731501,"Shiv Satyam","2026-09-13 22:14:15",1172.1,2,shivsatyam
3380,16757320,Jingxiang,"2026-09-12 22:11:32",1171.9,2,jingxiango
3381,16674586,"Stanislav Ilin","2026-09-15 13:33:30",1171.7,2,stanislavilin2026ai
3382,16810141,"Sijie Ma","2026-09-13 14:22:49",1171.3,2,"dimashitong112,sijiema"
3383,16809200,v0m0v,"2026-09-13 12:09:18",1170.4,2,maguchiya
3384,16892272,"Leo #3","2026-09-14 15:44:18",1169.4,1,leo123321
3385,16713335,"Muhammad Imran","2026-09-14 09:42:21",1169.4,2,muhammadimranchitral
3386,16782564,"Chris Tu","2026-09-29 05:14:24",1169.1,2,christu831004
3387,16866968,HXS-CF13,"2026-09-30 17:32:54",1168.8,2,hxscf13
3388,16943817,Ranbeer06052009,"2026-09-27 08:23:55",1168.7,2,ranbeer06052009
3389,16707865,"bb aa","2026-09-20 09:47:41",1168.7,2,bbaa233
3390,16808829,"Shiyuan Wang","2026-09-30 14:48:06",1168.7,2,ricardoevolto
3391,16766796,panda__MB__maximus,"2026-09-27 05:24:45",1168.0,2,tanishmohokar09
3392,16797154,"Elvern Neylmav Tanny","2026-09-13 23:37:07",1167.7,2,elvernneylmavtanny
3393,16840588,Q.Ai,"2026-09-13 19:36:27",1167.3,2,"alperennbaran,hseyinemre134"
3394,16877958,"Igor Buinyi","2026-09-27 06:33:31",1167.1,2,buinyi
3395,16852383,"Ahmed Mostafa #2","2026-09-27 21:11:57",1166.1,2,republic966
3396,16725856,"Abhi Datta","2026-09-30 18:41:18",1165.4,2,abhidatta87
3397,16722295,"Yuya Shintani","2026-09-20 16:06:02",1164.8,2,uplus26e7
3398,16881882,Fl,"2026-09-14 21:42:24",1164.3,2,flagon
3399,16780995,"Silver Surfer","2026-09-25 09:29:46",1164.3,2,hausch11
3400,16623665,Giba,"2026-09-30 18:31:05",1164.2,2,titericz
3401,16878707,"Shiva Somasundaram Balaji","2026-09-13 05:58:09",1164.0,2,shivasomasundaramb
3402,16705907,Adrià,"2026-09-30 12:19:31",1162.3,2,adriamb3
3403,16868001,"Young MacDonald","2026-09-18 15:16:22",1162.2,2,natert
3404,16624109,"Nguyễn Thế Minh Đức","2026-09-15 01:01:29",1162.2,2,nguynthminhc
3405,16674744,"Burhan Ul Tayyab","2026-09-27 14:21:41",1162.0,2,babychick
3406,16741321,"S. B.","2026-09-25 06:01:56",1161.5,2,aughra
3407,16654715,"Aqib Raza","2026-09-30 06:34:51",1161.3,2,aqibrazadev
3408,16881237,"Chunlai Li","2026-09-26 12:30:35",1161.2,2,lichunlai123
3409,16635973,"Code by Nadiia","2026-09-24 11:05:35",1161.0,2,codebynadiia
3410,16854815,marching_zzz,"2026-09-30 23:53:09",1160.7,2,marchingzzz
3411,16916625,"Dhoni Theja007","2026-09-30 22:59:58",1160.6,2,dhonitheja007
3412,16845020,AGI,"2026-09-17 18:19:05",1160.2,2,"guusadema,tgroen3"
3413,16688808,"Niranjan Nakkala","2026-09-25 11:28:27",1160.1,2,niranjanmudhiraj
3414,16871327,"Anh Bui","2026-09-18 04:29:28",1159.7,2,bibanh
3415,16622820,"Sergey Nefedov","2026-09-13 18:00:39",1159.6,2,sergionefedov
3416,16630803,"Mirza Milan Farabi","2026-09-13 21:59:25",1159.6,2,mirzamilanfarabi
3417,16667500,jiannebab,"2026-09-30 23:11:37",1159.5,2,jiannebab
3418,16670504,Shirabe,"2026-09-17 03:00:23",1159.4,2,carlmakt
3419,16915222,FriedLoop,"2026-09-30 06:07:09",1159.3,1,friedloop
3420,16854439,"Yosef Zoabi","2026-09-13 21:05:15",1159.2,2,yosefzoabi
3421,16700510,"Shadow Recon","2026-09-30 05:01:24",1158.9,2,gaurav065
3422,16701612,Kiki,"2026-09-29 08:49:39",1158.7,2,rouiou
3423,16630315,janson,"2026-09-29 04:31:06",1158.4,2,johnjanson
3424,16833013,"Tariq Alyami","2026-09-30 11:42:09",1158.1,2,tariqalyami
3425,16802843,Dream,"2026-09-16 02:45:24",1158.1,2,"jamesl8,tzeweilim"
3426,16630418,butterchicken,"2026-09-25 08:17:33",1157.9,2,"ritanshuprasad,sriramlingavel01"
3427,16875464,tllswelp,"2026-09-13 11:07:16",1157.7,2,tllswelp
3428,16669604,"Abhijit Pise","2026-09-30 06:46:11",1157.5,2,abhijitpise
3429,16716867,"Kevin Gemilang","2026-09-19 04:52:17",1157.4,2,kevingemilang
3430,16838362,"Yixuan Yang","2026-09-29 18:19:26",1157.3,2,easoney
3431,16659395,HyperX,"2026-09-15 11:53:22",1157.3,2,"diversedharun,harishinkaggle"
3432,16859745,111,"2026-09-25 16:54:39",1157.3,2,guoz112
3433,16756965,gchauhan,"2026-09-15 06:57:02",1157.2,2,gchauhan
3434,16881783,novasync88,"2026-09-12 15:27:48",1157.0,2,novasync88
3435,16881631,"Arjun Sharma","2026-09-12 14:47:32",1156.3,2,arjundsharma
3436,16807802,嘴爷,"2026-09-29 03:07:21",1155.6,2,zui0711
3437,16884932,torvile,"2026-09-13 05:54:14",1155.5,2,torvile
3438,16702424,BHarisankar_07,"2026-09-30 03:26:05",1155.5,2,bharisankar07
3439,16884368,LaManbo,"2026-09-13 10:51:44",1155.3,2,encizhang
3440,16871483,carnivore,"2026-09-30 04:45:31",1154.5,2,prapproved
3441,16855071,Janvi_ch,"2026-09-13 18:22:18",1154.4,2,janvich
3442,16847763,MartinZiserman,"2026-09-11 23:53:37",1154.1,2,zarmii
3443,16805144,heliosli,"2026-09-29 06:29:19",1153.0,2,heliosli
3444,16942273,"Sravanthi Kovvuri","2026-09-23 12:14:18",1152.8,2,sravanthikovvuri
3445,16859409,wia'ma,"2026-09-26 00:45:31",1152.7,2,wangyiqicy
3446,16942588,Isabe11aM00re,"2026-09-25 19:37:41",1152.2,2,"dan1e1c1ark,henryy0ung,isabe11am00re,s0ph1amart1n"
3447,16875849,"Yaotong Niu","2026-09-15 13:37:34",1152.2,2,yaotongniu
3448,16881121,Annsatz,"2026-09-14 14:59:00",1152.1,2,ansatzkong
3449,16702674,"Varun S G","2026-09-18 05:49:16",1151.7,2,warun7
3450,16639731,williamrawling,"2026-09-30 00:37:09",1151.7,2,williamrawling
3451,16660041,"Hoàng Quốc Việt ","2026-09-13 04:56:59",1151.3,2,viethwang3i
3452,16657265,"Hemant Kumar","2026-09-18 13:53:47",1150.8,2,hemantrajputt
3453,16784992,Prasad.tgs,"2026-09-25 15:00:49",1150.6,2,sivaprasadnaidu
3454,16654322,"Debatreya Biswas","2026-09-24 14:55:19",1150.5,2,debatreyabiswas
3455,16657587,PxlPau,"2026-09-13 00:34:27",1150.3,2,studybeetutoring
3456,16855035,"rock paper scissors","2026-09-29 13:05:01",1150.0,2,downbythesallygarden
3457,16731577,RYnerv,"2026-09-14 11:33:32",1149.6,2,rynerv
3458,16879614,"Razvan Stancioiu","2026-09-22 20:24:54",1149.4,2,razvanstancioiu
3459,16629873,UncleWKTK,"2026-09-13 05:24:28",1149.3,2,unclewktk
3460,16885807,S3unburst,"2026-09-13 10:25:40",1149.1,2,s3unburst
3461,16658291,"Meenal Sinha","2026-09-30 10:16:39",1148.9,1,meenalsinha
3462,16660479,"Lakhindar Pal","2026-09-30 17:35:42",1148.6,2,lakhindarpal
3463,16867375,YUXUCH,"2026-09-27 13:45:23",1148.4,2,yuxuch
3464,16810030,fukumayo,"2026-09-30 14:20:02",1147.9,2,fukumayouta
3465,16722849,"Dhruv Bansal","2026-09-27 09:01:17",1147.7,2,dhruvb2028
3466,16885455,"Ali Azizi","2026-09-19 12:36:06",1147.6,2,aliazizi1
3467,16875733,Fronta,"2026-09-13 06:47:59",1147.0,2,mirichima
3468,16724976,Soham,"2026-09-30 12:29:51",1146.9,2,soham308
3469,16866868,mr_children_0617,"2026-09-14 13:01:56",1146.8,2,mrchildren0617
3470,16862390,huytngo,"2026-09-13 02:44:09",1146.5,2,huytngo
3471,16861637,薄荷喵呜,"2026-09-12 09:39:16",1146.5,2,bohemiao
3472,16881521,Juniperss,"2026-09-12 14:16:09",1146.4,2,juniperss
3473,16946333,KIT,"2026-09-23 09:13:30",1146.3,2,ray6767
3474,16798152,"A secretive person","2026-09-18 14:09:57",1146.1,2,asecretiveperson
3475,16734447,"Ali Bauyrzhan","2026-09-30 10:06:04",1145.7,2,alibauyrzhan
3476,16930280,greyhound,"2026-09-29 22:10:52",1145.5,2,tapaskd123
3477,16809721,siren2345,"2026-09-22 14:35:50",1145.4,2,siren2345
3478,16762494,西松大祐,"2026-09-30 08:53:36",1145.3,2,wep212
3479,16854939,nusrati,"2026-09-30 15:40:44",1145.0,2,nusrati
3480,16623213,zulfikar.khalwaniev,"2026-09-30 14:40:03",1144.6,2,khalwaniev
3481,16698726,加油,"2026-09-14 12:25:38",1144.5,2,honeeyl
3482,16863498,Jackmama-nolfwin,"2026-09-13 04:36:37",1144.3,2,nolfwin
3483,16942143,Simosc,"2026-09-27 10:58:32",1143.6,2,simosc
3484,16682557,"Soumalya Mandal","2026-09-30 19:17:20",1143.5,2,mrcyberhunter
3485,16947693,"Mohammad Rashid Pathan","2026-09-30 18:56:21",1143.3,2,pathanmohammadrashid
3486,16652272,"nadhir hasan","2026-09-13 14:07:09",1143.0,2,nadhirhasan
3487,16859690,Molood,"2026-09-10 20:30:43",1142.7,2,molooda
3488,16852377,"Zhong Lyu","2026-09-25 08:57:10",1142.6,2,zhonglyu
3489,16731911,"liu bo","2026-09-29 05:53:39",1142.3,2,liuboo45586
3490,16715912,"Hiroshi Sakiyama","2026-09-25 15:56:51",1142.1,2,hiroshisakiyama
3491,16845314,ryvhii,"2026-09-21 06:51:36",1142.1,2,ryvhii
3492,16949285,"Subham Sharma","2026-09-29 08:21:03",1141.3,2,subsh2004
3493,16782196,"jingyang tu","2026-09-28 08:59:23",1141.2,2,jingyangtu
3494,16882304,"Lokesh Prajapat","2026-09-12 18:20:47",1140.9,1,lokesh0252
3495,16920623,yeqinxin,"2026-09-27 23:55:38",1140.9,2,yqx123456
3496,16665841,"Mohit Rao","2026-09-14 05:22:15",1140.7,2,vmohitrao
3497,16839754,"Lauresowe 3D","2026-09-12 10:00:06",1140.6,2,lauresowe3d
3498,16842293,"WANG HONGXIANG","2026-09-20 15:33:21",1140.3,2,wanghongxiang
3499,16884861,Sky,"2026-09-13 07:20:40",1140.1,2,dhaksheshwarm
3500,16928266,"Arun Khatua","2026-09-24 05:25:15",1140.1,2,arunkhatua
3501,16855665,"Yash Yadav","2026-09-27 07:10:51",1139.9,2,yash2072005
3502,16654848,DovyDigital,"2026-09-25 00:28:21",1139.8,1,dovydigital
3503,16858523,"Taivanbat Bayarsaikhan","2026-09-24 08:03:28",1139.7,2,taivnaaiwnl
3504,16748559,GodofThunder2407,"2026-09-13 06:18:15",1139.1,2,godofthunder2407
3505,16671596,Sibato,"2026-09-22 00:41:44",1139.0,2,sibato
3506,16686155,梁圣的恩情还不完,"2026-09-14 14:08:46",1138.5,2,yyyyhhhhwww
3507,16802745,"Fuat Çakıcı","2026-09-28 00:14:50",1138.3,2,fuatcakiicii
3508,16839489,Q1du,"2026-09-12 10:12:02",1138.3,2,zjecust
3509,16832226,"DI27 RF","2026-09-13 02:34:01",1137.1,2,di27rf
3510,16869555,"Karthik Nambiar","2026-09-15 07:13:16",1137.0,2,karthiknambiar387239
3511,16669038,"Nabeel Shar","2026-09-13 09:17:32",1136.8,2,nabeelshar
3512,16748933,Lixrixy,"2026-09-30 11:24:41",1136.6,2,lixrixy
3513,16855088,Re:dorf,"2026-09-15 12:44:10",1136.5,2,reydorf
3514,16737041,presucc,"2026-09-13 04:13:37",1136.4,2,presucc
3515,16948046,"Jeroen Cottaar","2026-09-23 14:38:47",1136.1,2,jeroencottaar
3516,16657486,"Turhan TAS","2026-09-30 10:48:14",1136.1,2,turhantas
3517,16715066,akahane,"2026-09-16 21:06:58",1135.1,2,shuheiakahane
3518,16868685,"Kotaro Simizu","2026-09-11 20:39:54",1134.9,2,"kotarosimizu,mahiro1214"
3519,16942429,"yangjian zhu","2026-09-26 01:53:40",1134.8,2,yangjianzhu
3520,16669843,"hikaru kitagawa","2026-09-21 04:20:12",1134.8,2,hikarukitagawa
3521,16642846,"Leonid Zaporozhets","2026-09-26 09:30:34",1134.4,2,leonidzaporozhets
3522,16760509,"gnanadeepika karanam","2026-09-26 17:57:13",1134.0,2,gnanadeepikakaranam
3523,16708546,"Blue Rain","2026-09-12 04:15:32",1133.6,2,bluefeather386
3524,16949344,M1R0OFFICIAL,"2026-09-24 00:09:03",1133.5,1,m1r0official
3525,16881818,gradfield21,"2026-09-12 15:44:29",1133.3,2,gradfield21
3526,16885770,"Rahul Jangra","2026-09-13 10:13:19",1133.1,1,leonado10000
3527,16749352,"Ian Virchenko","2026-09-14 10:23:15",1133.0,2,yvainr
3528,16662984,"Mark Schatza","2026-09-17 18:27:19",1131.6,2,markschatza
3529,16858414,wantOchange,"2026-09-13 01:00:32",1131.3,2,wantochange
3530,16886066,latentb,"2026-09-13 11:55:55",1131.0,2,latentb
3531,16682892,"Alvaro Llamojha","2026-09-24 06:44:17",1130.6,2,alvarollamojha
3532,16783173,"Michael Shihong Zhang","2026-09-13 05:39:27",1130.5,2,"excelexx,festyve"
3533,16714365,meryol,"2026-09-30 22:12:10",1130.2,2,meryol
3534,16876040,hgh404,"2026-09-30 20:55:50",1129.5,2,"gamejoker,hgh1024"
3535,16881613,refluxor,"2026-09-12 14:44:46",1129.1,2,refluxor
3536,16756765,DharmParmar,"2026-09-23 01:19:56",1128.8,2,dharmparmar
3537,16864988,"jiangling wang","2026-09-13 10:59:00",1128.5,1,jianglingwang
3538,16677399,lyts,"2026-09-26 08:54:14",1128.4,2,lytsyyds
3539,16621612,"Makar Baderko","2026-09-30 21:41:13",1128.4,1,makarbaderko
3540,16905838,lin_,"2026-09-24 12:41:31",1127.0,2,linabohachuk
3541,16632266,"(ノ◡ <)","2026-09-30 21:04:34",1126.4,2,nawfeelrahman1124444
3542,16644702,cracker_1_war,"2026-09-30 17:43:05",1126.3,2,cracker1war
3543,16884148,mengxc410,"2026-09-29 08:08:40",1126.3,2,mengxc410
3544,16692725,"Zhen Li","2026-09-12 10:05:10",1125.7,2,zhenlisak
3545,16884902,yovrini,"2026-09-13 05:49:06",1125.7,2,yovrini
3546,16705318,arminhej96,"2026-09-22 05:17:55",1125.5,2,arminhej96
3547,16621402,Maxim,"2026-09-27 07:05:24",1124.9,2,ektarr
3548,16885509,HAL,"2026-09-14 07:58:55",1124.8,1,"asunalin,ljimmy2005007"
3549,16641309,klog,"2026-09-12 04:48:32",1124.5,2,mhrzmmhrzm
3550,16830984,lizhengui,"2026-09-13 06:34:44",1123.4,2,lizhengui
3551,16713281,SirShifu,"2026-09-10 22:19:52",1122.3,2,sirshifu
3552,16771703,"Moomin and his farm","2026-09-12 07:03:58",1121.9,2,ataraxyyeah
3553,16881585,Venqira,"2026-09-12 14:31:19",1121.6,2,venqira
3554,16641956,SixGODD,"2026-09-20 01:06:51",1121.5,2,sixgodd
3555,16860160,Kohei_,"2026-09-30 00:39:18",1121.2,2,confirm
3556,16635233,"Szymon Kłapiński","2026-09-12 10:11:30",1120.9,2,szymonkapiski
3557,16862806,kitsada,"2026-09-19 09:59:59",1120.8,2,wangwaen
3558,16696099,moss,"2026-09-13 09:31:52",1120.3,2,kenyashimizu
3559,16862944,Luchsus,"2026-09-14 23:29:16",1119.9,2,jansteindlstarlinger
3560,16775571,Gaurav06520,"2026-09-15 12:38:42",1119.4,2,gaurav06520
3561,16662735,"Kurian George","2026-09-11 17:16:25",1119.4,2,kuriangeorge
3562,16845112,"Robert Baburin","2026-09-20 18:23:29",1118.3,2,robertbaburin
3563,16661462,"Dania Amer","2026-09-30 12:50:04",1118.1,2,dania35
3564,16881267,"juu meng","2026-09-13 07:07:40",1118.0,2,juumeng
3565,16862840,"Ammar Aziz","2026-09-12 11:11:53",1116.9,2,cabtainamamr
3566,16628875,TakahiroHon,"2026-09-17 02:59:51",1115.8,2,takahirohon
3567,16719364,Yeh!AIGame,"2026-09-29 02:28:32",1115.7,2,"luluyeh,yehshibang"
3568,16858196,"Cường Dược Sĩ","2026-09-22 19:12:00",1114.7,2,cngdcs
3569,16712329,"Andrej Carpenter","2026-09-29 05:51:20",1114.1,2,andrejcarpenter
3570,16781506,un0o7,"2026-09-11 13:10:36",1113.7,2,hjhsdsdww
3571,16669461,"suzy su","2026-09-12 12:38:38",1112.8,2,suzysu997
3572,16843892,luxinyayaya,"2026-09-15 03:23:21",1112.5,2,luxinyayaya
3573,16844343,"Gotovtsev Artyom","2026-09-30 22:06:23",1112.1,2,artemgotovtsev
3574,16791254,player123,"2026-09-29 15:47:36",1112.1,2,prashantbhattarai093
3575,16630142,zawawannko,"2026-09-11 08:03:32",1110.4,2,zawawannko
3576,16660250,Moshel,"2026-09-12 23:06:43",1109.0,2,moshel
3577,16659957,LeFarmers,"2026-09-24 19:10:00",1108.3,2,"jaydonjp,kuantumknight"
3578,16746796,kaguramena,"2026-09-10 07:13:17",1108.1,2,kaguramena
3579,16688313,"Gnosys Labs","2026-09-18 00:56:10",1108.1,2,gnosyslabs
3580,16643554,"Arnie Jimenez","2026-09-16 16:50:18",1107.6,2,arniejimenez
3581,16791163,woldy,"2026-09-30 20:24:39",1107.6,2,woldywei
3582,16676085,"Giordano Dolenz","2026-09-11 17:20:50",1107.5,2,giordanodolenz
3583,16875671,"Nikolay Shaulsky","2026-09-28 06:23:56",1107.1,2,nikolayshaulsky
3584,16678609,quantcrypto3,"2026-09-19 01:51:13",1106.9,2,quantcrypto3
3585,16629699,radiant-allomancer,"2026-09-11 00:50:02",1106.9,2,radiantallomancer
3586,16811496,Marie,"2026-09-30 07:03:05",1106.7,2,mariashatrova
3587,16848765,XJHya233,"2026-09-13 11:56:26",1106.5,2,xjhya233
3588,16670715,i3,"2026-09-24 08:33:45",1105.1,2,ishijima
3589,16841595,Jaso1024,"2026-09-10 01:44:10",1104.9,2,jaso1024
3590,16770055,"san yin26","2026-09-15 08:14:39",1104.5,2,"amadeusan,sanyin26"
3591,16808020,"Pulkit Arora 🇮🇳","2026-09-11 09:15:58",1104.0,2,pulkittarora
3592,16663929,"Erman Man","2026-09-12 02:05:39",1103.4,2,ermanman
3593,16691084,"Ke Ma Ke","2026-09-13 09:01:36",1103.2,2,kemake
3594,16623385,yurunougyou!,"2026-09-10 12:25:26",1103.1,2,isakatsuyoshi
3595,16652764,hikahika,"2026-09-11 13:31:34",1102.8,2,naganohikaru
3596,16654109,"Mohamed Amine Aichaoui","2026-09-22 21:38:11",1102.6,2,mohamedamineaichaoui
3597,16664761,"Udit Jain #2","2026-09-12 00:14:14",1102.2,2,iamudit
3598,16698134,Hossein,"2026-09-11 02:29:53",1101.7,2,tomi85
3599,16682318,Bibek,"2026-09-13 20:49:12",1101.6,2,bibek777
3600,16843384,"Anatoly Lyutov","2026-09-11 11:54:44",1101.6,2,anatolylyutov
3601,16861723,"Landon Hershberger","2026-09-15 22:04:40",1100.5,2,landonhershberger
3602,16748487,Hiters,"2026-09-11 00:54:16",1100.3,2,mikehongsz
3603,16654669,"Jordi Corbilla","2026-09-30 18:26:01",1100.2,2,jordicorbilla
3604,16879360,"Neural Subscribed Operator","2026-09-12 06:55:46",1100.0,1,nacl3084
3605,16722888,GarrieD,"2026-09-12 14:53:50",1099.9,2,garried
3606,16641816,"Toshiki Honda","2026-09-29 00:00:50",1099.5,2,toshikihonda
3607,16850105,Pantheon,"2026-09-14 07:40:15",1098.9,2,skyenxt
3608,16699455,vijaikm,"2026-09-22 11:56:07",1098.4,2,vijaikm
3609,16670020,nanare,"2026-09-16 16:43:03",1098.2,2,nanaresudo
3610,16622835,"Max Manushin","2026-09-11 01:04:29",1098.1,2,innerf1re
3611,16772119,Workybara.ai,"2026-09-12 03:16:14",1097.8,2,workybaraai
3612,16885599,Suiban,"2026-09-27 12:44:09",1097.8,2,suiban410219
3613,16857624,flatton,"2026-09-16 23:02:27",1097.5,2,tomokifujihara
3614,16832866,bgaoi2,"2026-09-09 15:09:29",1096.9,2,bgaoi2
3615,16867327,Zorvella,"2026-09-11 03:16:36",1096.8,2,zorvella
3616,16833063,"Fidel Escalona","2026-09-30 23:25:36",1096.1,2,fbescalo
3617,16858157,osteo,"2026-09-11 01:33:23",1096.1,2,logstwo
3618,16657671,CyberRacoon,"2026-09-15 10:38:45",1095.9,2,racoontw
3619,16688587,yamashu,"2026-09-21 01:17:33",1095.6,2,yamashuuu
3620,16867005,cryptvector2,"2026-09-11 13:22:09",1095.6,2,cryptvector2
3621,16710469,Qimra1729,"2026-09-11 08:09:04",1095.1,2,qimra1729
3622,16741542,"let cats farm","2026-09-19 22:33:26",1094.6,2,amonkizawa
3623,16729765,"Caio Ruiz","2026-09-30 23:51:01",1094.5,2,chvruiz
3624,16799598,RameshG888,"2026-09-11 08:42:57",1094.1,2,ramesh888
3625,16880407,kimuraaa,"2026-09-21 07:58:10",1093.8,2,kimuraaa
3626,16857939,"Le Duy Dong","2026-09-10 16:11:23",1093.8,1,lduynglduyng
3627,16730236,加麻不加辣,"2026-09-27 14:04:46",1093.6,2,"shiyuanhe123,zihaokang"
3628,16658801,"Thuc Nguyen Dang 111","2026-09-13 05:21:36",1093.5,2,thucnguyendang111
3629,16627194,GzmCR632,"2026-09-11 07:01:14",1093.5,2,gzmcr632
3630,16924593,"Aarav Bajya","2026-09-30 11:05:46",1093.1,2,aaravbajya
3631,16939844,YH,"2026-09-28 13:04:36",1092.6,2,febyeji
3632,16722818,"Mukesh R","2026-09-14 09:13:30",1092.4,2,mukeshr06
3633,16849766,"Uncle Scooge","2026-09-11 13:27:24",1092.2,2,"guzzbr,pascalcoimbra"
3634,16893007,thegoatman7,"2026-09-30 22:27:00",1092.2,2,thegoatman7
3635,16772090,"SHIVAJI SHAIK","2026-09-20 07:13:54",1091.8,2,shivajishaik
3636,16691270,"Piyal Chowdhury","2026-09-21 18:53:53",1091.8,2,piyalchowdhury
3637,16814701,e0970145,"2026-09-10 11:43:21",1091.7,2,maxxtucker
3638,16670276,"Egor Trushin","2026-09-10 08:19:32",1091.2,2,egortrushin
3639,16665641,"Alexander Shahramanyan","2026-09-30 16:41:01",1091.2,2,alexshah
3640,16860566,黄旭伟aaaabbs,"2026-09-27 18:45:01",1091.1,2,aaaabbs
3641,16689488,"Ming Fong","2026-09-10 02:48:20",1091.0,2,evilpegasus
3642,16662066,"Yug Savalia","2026-09-30 11:21:48",1090.3,2,"priyankagarg19,yugsavalia"
3643,16854573,"这是 AI 的胜利","2026-09-10 09:15:16",1089.8,2,iaptainmy
3644,16784516,pejipej,"2026-09-29 17:25:04",1089.8,2,pejmaneghbali
3645,16697736,"Daniel Correa","2026-09-26 16:35:27",1089.6,2,dcorrea1
3646,16867407,Lanqira,"2026-09-11 03:08:56",1089.4,2,lanqira
3647,16627581,AidenSong123,"2026-09-12 14:15:30",1088.7,2,aidensong123
3648,16729186,Virtute,"2026-09-16 06:25:56",1087.7,2,nameless001
3649,16663808,"Fae Gaze","2026-09-10 20:30:29",1087.7,2,achievement
3650,16779254,MaxZhuCHN,"2026-09-30 07:36:47",1087.6,2,maxzhuchn
3651,16632527,"GIVE ME A JOB","2026-09-10 09:35:11",1087.3,2,tarokogawa
3652,16720797,"Vibe Farmer","2026-09-11 02:14:27",1087.2,2,pulakkantibhowmick
3653,16665230,"Jack Burley","2026-09-30 23:48:09",1087.1,2,jackburley
3654,16864072,"Matvey Skovordin","2026-09-10 04:24:07",1086.9,1,kickassnumberone
3655,16907576,"Dat Nguyen Viet","2026-09-30 11:05:00",1086.0,2,datnguyenviet
3656,16886357,"Sun Jaden","2026-09-13 21:34:56",1086.0,2,sunjaden
3657,16857932,"Ahmed Ansari","2026-09-16 11:57:46",1085.3,2,ahmed1ansari
3658,16740851,Zefirrr,"2026-09-28 16:38:53",1085.0,2,zefirrrr
3659,16867641,YK,"2026-09-10 17:17:04",1084.6,2,yukitashiro
3660,16655474,Focus,"2026-09-09 12:04:51",1084.3,2,overvalueawareness
3661,16844456,Touk00,"2026-09-13 04:20:04",1084.2,2,touk00
3662,16907406,herok0809,"2026-09-16 16:49:09",1084.2,2,herok0809
3663,16839821,"Stepan Pankratov","2026-09-09 14:47:50",1083.7,2,infam62
3664,16898290,"Ryan Jonathan Valencia","2026-09-17 17:33:18",1083.5,2,ryanjonathanvalencia
3665,16717549,"Adejumo Boluwatife","2026-09-11 19:09:23",1083.5,2,adejumoboluwatife
3666,16855868,PapaSoda,"2026-09-10 17:45:16",1083.3,2,papasoda
3667,16758232,mech_39,"2026-09-10 21:20:57",1083.3,2,mech39
3668,16769885,kurushun,"2026-09-10 02:10:21",1083.1,2,kurushun
3669,16916104,"Dayi Zhang","2026-09-30 14:10:12",1082.9,2,dayizhang
3670,16883478,Aggri_goon,"2026-09-16 10:48:29",1082.7,2,ryonagakubo
3671,16857861,Satua,"2026-09-11 06:36:26",1082.4,2,satyasrinivasanandh
3672,16908326,"Cristiano M Martins","2026-09-30 22:04:50",1082.2,2,cristianommartins
3673,16623298,Mikhail_Komkin,"2026-09-26 22:58:30",1082.1,2,mikhailkomkin
3674,16623309,zyvren,"2026-09-11 15:14:31",1081.9,2,"nusratahmmedmaisha,sharif485"
3675,16857766,OmerZalman,"2026-09-30 23:50:29",1081.4,2,omerzalman
3676,16860118,Hironobukawaguchi,"2026-09-09 11:53:30",1080.1,2,hironobukawaguchi
3677,16896283,"WENBO ZHANG","2026-09-24 00:48:40",1080.1,2,wenbozhang2026
3678,16870600,"Huayu Wen","2026-09-11 14:17:55",1079.7,2,huayuwen
3679,16661667,"Wufang Hong","2026-09-10 07:14:27",1079.6,2,wufanghong
3680,16764349,Solo,"2026-09-12 22:58:37",1079.0,2,solosolo
3681,16635062,DL,"2026-09-10 04:16:38",1078.5,2,distiller
3682,16859585,momo,"2026-09-10 03:06:37",1078.4,2,fyenneyenn
3683,16735238,DHKim0324,"2026-09-26 19:32:40",1078.2,2,dhkim0324
3684,16630833,"Savan Javia","2026-09-10 10:01:49",1077.8,2,savanjaviya
3685,16814378,"Jay Prrajapati","2026-09-09 13:53:13",1077.5,2,jayprrajapati
3686,16781550,Lumberjacks,"2026-09-19 16:21:59",1077.5,2,jamesmcgarryiv
3687,16661846,"Jeffrey Pike","2026-09-09 16:05:56",1076.2,2,jeffreypikeai
3688,16792013,"Alec Polansky","2026-09-10 01:58:49",1076.0,2,alecpolansky
3689,16640991,sometimeafter,"2026-09-09 17:35:05",1075.8,2,xinyeee
3690,16763418,overwhelmer,"2026-09-16 17:39:13",1075.5,2,overwhelmer
3691,16668622,"Michael McGrain","2026-09-10 10:38:27",1075.4,2,michaelmcgrain
3692,16792799,Kohecchi,"2026-09-15 16:17:53",1075.4,1,kohecchi
3693,16633793,adakoda,"2026-09-09 11:55:49",1074.7,2,adakoda
3694,16683488,"Ripudaman Parmar","2026-09-19 12:56:14",1074.7,2,"ktkgpt,ripudamanparmar"
3695,16865917,"Yihao Wei","2026-09-13 10:07:46",1074.4,2,yihaowei
3696,16866946,truxivan,"2026-09-10 13:46:58",1074.0,1,truxivan
3697,16734491,"WOOSUNG YOON","2026-09-30 23:36:40",1073.7,2,woosungyoon
3698,16866424,"gmmm mmod2","2026-09-11 07:38:54",1073.7,2,gmmmmmod2
3699,16759508,george-nigmatulin,"2026-09-29 22:56:45",1073.5,2,georgenigmatulin
3700,16860251,"Fabian Henning","2026-09-09 11:37:30",1073.1,1,crustacean
3701,16860708,"Nav N","2026-09-10 07:47:42",1072.7,2,navidata
3702,16743648,Hei_shao,"2026-09-28 18:48:15",1072.5,2,heishao
3703,16624303,seven,"2026-09-09 09:18:12",1072.4,2,morikawatakeshi
3704,16672997,"Francesco Montone","2026-09-11 10:56:31",1072.1,2,francescomontone
3705,16715729,Ajay_Rao_43,"2026-09-09 05:25:11",1071.7,2,ajayrao43
3706,16861998,bobodict,"2026-09-09 17:26:50",1071.1,2,bobodict
3707,16808822,-lingluo-,"2026-09-22 04:22:20",1071.1,2,lingluoo
3708,16634519,"Darshan Makwana","2026-09-10 10:17:03",1070.9,2,ellipticaloranges
3709,16715205,GCarnovale,"2026-09-24 01:40:57",1070.5,2,gcarno
3710,16732022,Mosamosa,"2026-09-30 22:44:41",1070.4,2,mosamosa
3711,16866567,Variiiiiii,"2026-09-11 10:09:24",1070.1,2,variiiiiii
3712,16652173,"Shardul Gharat","2026-09-22 03:52:12",1069.9,2,shardulgharat
3713,16862056,konchu2,"2026-09-10 11:32:13",1069.8,2,konchu2
3714,16806006,2,"2026-09-23 08:45:53",1069.5,2,smallvv
3715,16890052,Code4life,"2026-09-15 16:46:33",1069.5,2,"huylngcgia,taovietducofficial"
3716,16876071,NITISH5236GOEL,"2026-09-26 05:12:35",1069.1,2,nitish5236goel
3717,16858113,wli889661,"2026-09-09 13:38:01",1069.0,2,wli889661
3718,16851444,"Vũ Tuấn","2026-09-25 15:13:25",1068.6,2,vtunksdlvnj6
3719,16731194,"Neglected Turtle","2026-09-30 14:03:05",1068.5,2,pleaselike
3720,16730473,Kyohei,"2026-09-08 00:42:18",1068.0,2,kyohei3
3721,16688281,"Luke Stafford","2026-09-22 15:43:55",1067.1,2,luketstafford
3722,16661701,premjampuram,"2026-09-09 11:13:52",1066.3,2,"aasthasinha9,anji2705,premjampuram,sheetallodhi"
3723,16750843,jammings,"2026-09-09 13:11:04",1066.1,2,jammings
3724,16848686,"xiang156 xu","2026-09-08 03:23:16",1065.9,2,xiang156xu
3725,16789509,"Yang Wei Hao","2026-09-09 13:02:55",1065.3,2,aichangeworld
3726,16732352,ORiginators,"2026-09-09 10:47:23",1064.9,2,"sachinpandey721,sunritpal"
3727,16833052,"we lose some 🏆","2026-09-26 14:40:54",1064.8,2,sayangoswami
3728,16625798,grifth,"2026-09-23 06:10:26",1064.7,2,grifth
3729,16650824,Orsted_hitogmi,"2026-09-16 07:59:15",1064.7,2,orstedhitogmi
3730,16854090,"Kaichi Morimoto","2026-09-09 11:22:01",1064.4,2,kaichimorimoto
3731,16843047,liyuting,"2026-09-10 07:27:21",1064.3,2,lytqwq
3732,16863445,Mainies,"2026-09-27 23:24:23",1064.3,2,mainies7
3733,16862298,"Varadaraj Borkar","2026-09-13 13:12:11",1064.1,2,varadarajborkar
3734,16841097,"Arsonist Duck","2026-09-17 20:21:55",1063.9,2,herbertthebird
3735,16663498,"Braxton Dyer","2026-09-23 14:23:54",1063.7,2,braxtondyer
3736,16677596,Sere1n,"2026-09-11 15:08:02",1063.5,2,chacc0
3737,16659670,MeeMee,"2026-09-10 07:07:22",1063.4,2,yagi46
3738,16757123,"Sripad Modali","2026-09-16 14:48:11",1063.3,2,sripadmodali
3739,16870447,"louie lau","2026-09-11 08:22:30",1063.2,1,louielau
3740,16909962,"Peter Shu","2026-09-17 02:29:52",1062.9,2,petershuikun
3741,16630111,jannchie,"2026-09-23 09:27:46",1062.4,2,jannchie
3742,16731836,"Theo Venturian","2026-09-11 18:03:45",1062.0,2,theodorraulventurian
3743,16661648,"Vân Nguyễn","2026-09-15 14:45:09",1061.7,2,vunnguyen
3744,16811247,"Luca Mussino","2026-09-10 20:53:58",1061.7,2,lucamussino
3745,16778334,"Onkar Belure","2026-09-09 16:22:19",1061.4,2,onkarbelure
3746,16739578,"Pietro Valocchi","2026-09-15 06:34:30",1060.9,2,pietrovalocchi
3747,16640701,momoon,"2026-09-30 12:05:16",1060.7,2,nomuraryota
3748,16706265,questiondlmarks,"2026-09-10 06:09:35",1060.7,2,questiondlmarks
3749,16784485,betterme,"2026-09-09 15:54:54",1060.5,2,betterme12345
3750,16786158,"Yi-Chia Chen","2026-09-22 06:48:34",1059.5,2,threerabbits
3751,16861083,Shoto,"2026-09-09 15:14:42",1059.1,1,bloodymonday
3752,16809445,takusemba,"2026-09-09 14:50:14",1058.6,2,takusembba
3753,16689863,yukichi0403,"2026-09-30 21:47:09",1058.4,2,yukitake93
3754,16794758,wppepi,"2026-09-09 03:06:09",1058.1,2,"foxsuzuran,malossov,wppepi"
3755,16712007,"Dipin Kothavoor","2026-09-14 13:54:52",1057.9,2,dipinkothavoor
3756,16840536,"Philip Snyder","2026-09-08 05:18:07",1057.9,2,darkhorsecodes
3757,16765488,chenyinheng30,"2026-09-27 13:10:13",1057.7,2,chenyinheng30
3758,16763200,"Alexander Nord","2026-09-07 18:04:42",1057.6,2,"alexandernord123,pizza987"
3759,16771337,titako0000,"2026-09-10 09:00:19",1057.1,2,titako0000
3760,16758629,karinkaito,"2026-09-16 01:08:30",1056.3,2,karinkaito
3761,16695242,"Utkarsh Prakash Srivastava","2026-09-08 15:55:37",1056.3,2,utkarshps
3762,16732409,kawhi0.0,"2026-09-10 03:44:50",1056.1,2,kawhi00
3763,16623646,"Minal kharat123","2026-09-27 16:22:31",1055.7,2,minalkharat123
3764,16774941,Samvrcai,"2026-09-16 22:56:19",1055.0,2,samvrcai
3765,16669826,Jesse,"2026-09-12 07:51:27",1054.5,2,jesneuman
3766,16659465,AravindLochan,"2026-09-08 10:00:39",1054.4,2,aravindlochan
3767,16852605,VTH,"2026-09-08 06:35:01",1054.1,2,storm2501
3768,16806879,tetsuro731,"2026-09-09 11:46:20",1054.0,2,tetsuro731
3769,16709501,Galaxantic,"2026-09-09 06:02:29",1054.0,2,neel21yt
3770,16786139,Trezerg,"2026-09-09 03:22:46",1054.0,2,progtrollwarrior16
3771,16923006,"Nguyen Cat Luong","2026-09-19 21:12:51",1053.7,2,nguyencatluong
3772,16654403,"Skibidi Six Seven","2026-09-08 14:20:24",1053.6,2,iam4722202468
3773,16839343,"SAURABH VISHWAKARMA","2026-09-15 17:13:31",1053.1,2,surabhv21
3774,16728959,"no pain no gain","2026-09-11 09:19:44",1052.9,2,ilyayurov2000
3775,16671425,"Gajenddra Raj","2026-09-11 01:18:29",1052.8,2,gajenddra
3776,16857973,guochangZhang,"2026-09-09 04:24:41",1052.7,1,guochangzhang
3777,16854616,"Dd National","2026-09-12 13:29:04",1052.7,2,ddnational
3778,16672128,Cliffton,"2026-09-30 04:45:40",1052.6,2,rieltzx
3779,16841113,Andy,"2026-09-07 01:22:11",1052.5,2,andrewmedran0
3780,16688130,"Lujia Liang","2026-09-16 21:00:32",1052.2,2,lujialiang123
3781,16808840,Devansh3007,"2026-09-10 05:02:13",1051.9,2,devansh3007
3782,16634082,"Mikey Marszewski","2026-09-11 02:26:39",1051.8,2,mikeymarszewski
3783,16656806,"Arshad Shemil k","2026-09-09 08:33:09",1051.6,2,arshadshemilk
3784,16765484,smsxgz,"2026-09-08 19:09:03",1051.4,2,smsxgz
3785,16859804,seele,"2026-09-09 10:20:41",1051.2,1,seele1917
3786,16661970,"BOB'S ROOM","2026-09-30 12:05:20",1050.8,2,"bobpop123447,datasutudent"
3787,16721382,"Milan Leonard","2026-09-12 07:20:12",1050.4,2,milanleonard
3788,16660987,AdrianWang2003,"2026-09-09 09:32:53",1048.8,2,"adrianwang2003,benlou04"
3789,16668647,"THIRUPATHI KANNAN K","2026-09-07 14:59:51",1048.8,2,thirupathikannank
3790,16840819,clammpon,"2026-09-27 11:28:04",1048.1,2,clammpon
3791,16728109,"Sidharth Hulyalkar","2026-09-11 06:16:26",1047.7,2,sidharthhulyalkar21
3792,16810813,Scorn100,"2026-09-09 17:11:13",1047.7,2,scorn100
3793,16753710,tax_free,"2026-09-10 17:08:47",1047.3,2,taxfreepython
3794,16807786,St　YS,"2026-09-30 14:39:30",1047.0,2,yasunorisuzuki1182
3795,16633445,Wal8800,"2026-09-29 17:30:35",1046.9,2,wal8800
3796,16840862,HaoKwok,"2026-09-09 03:50:41",1046.7,2,haokwok2002
3797,16841960,WessonZ,"2026-09-10 02:11:20",1046.6,2,wessonz
3798,16842066,Atomo333,"2026-09-08 10:35:55",1046.4,2,atomo333
3799,16766171,Jonaid,"2026-09-10 22:22:27",1046.3,2,jonaidshianifar
3800,16639570,"Vishesh Banna","2026-09-08 13:07:51",1046.1,2,visheshbanna
3801,16795704,haodada001,"2026-09-10 01:49:03",1045.9,2,haodada001
3802,16843635,"Просто Человек","2026-09-08 18:03:16",1045.5,2,gomunkul
3803,16777107,Pipiripipap,"2026-09-09 10:03:38",1045.3,2,yohalf
3804,16672530,GUGUGAGA,"2026-09-30 01:12:35",1045.1,2,"ruiyangzhang23,taoguo079"
3805,16665191,JoJa,"2026-09-22 04:49:21",1044.6,2,"mojyou,noahzx"
3806,16655501,Savko,"2026-09-21 06:02:04",1044.6,2,savchenko
3807,16842645,zard599,"2026-09-26 08:29:40",1044.5,2,zard599
3808,16657341,raccoonForest,"2026-09-08 06:45:18",1044.4,2,gkanamoto
3809,16771010,42X,"2026-09-09 13:43:36",1043.7,2,infcyx
3810,16779007,nataloe,"2026-09-30 15:03:21",1043.3,2,"nathanael19,teohjiasheng"
3811,16718823,"Rafael Molina Castaño","2026-09-12 20:45:02",1043.0,2,rafaelmolinacastano
3812,16854416,"Artemiy Shirokov","2026-09-08 12:53:33",1042.9,1,tema7707
3813,16710546,"Russlan Ramdowar","2026-09-09 05:03:58",1042.6,2,russlan
3814,16724755,K.nosaka,"2026-09-10 12:07:13",1042.6,2,kenseinosaka
3815,16843173,"Hansen Zhong","2026-09-28 02:05:44",1042.4,2,onegameonedream
3816,16845083,"Restu Anggoro Kasih","2026-09-07 12:44:58",1042.0,1,restuanggorokasih
3817,16840564,starlovelmj,"2026-09-09 02:16:02",1041.9,2,starlovelmj
3818,16786496,"Lê Quang Cảnh","2026-09-12 05:44:25",1041.9,2,zhincez
3819,16688450,SpiralTip,"2026-09-14 04:11:41",1041.4,2,spiraltip
3820,16841313,"Daniel Harkin","2026-09-09 18:24:13",1041.1,2,danielharkin
3821,16668748,"Harrison Interactive","2026-09-24 12:07:26",1040.9,2,nosiru
3822,16842967,yoshiki116,"2026-09-11 05:05:19",1040.5,2,yoshiki116
3823,16656776,ShaoCharles,"2026-09-09 14:16:17",1040.3,2,shaocharles
3824,16849295,"Israa Saede","2026-09-07 17:30:03",1040.1,1,esraaalsaeede
3825,16672858,Lyesterday,"2026-09-07 10:14:39",1039.9,2,ilyas93
3826,16846391,"here we go","2026-09-09 05:28:41",1039.7,2,j1aliangx
3827,16672241,dupakdungking,"2026-09-15 13:32:04",1039.5,2,primarizki
3828,16794871,IMosia,"2026-09-21 08:03:49",1038.8,2,ivanmosiagin
3829,16808631,ALkkGame,"2026-09-14 15:16:47",1038.7,2,alkkgame
3830,16790472,"Manurupan M","2026-09-20 07:09:36",1038.1,2,manurupanm
3831,16679694,"Yaro Perventsev","2026-09-28 02:15:01",1037.7,2,yaroslavperventsev
3832,16736111,hexingwei33,"2026-09-30 23:35:50",1037.6,2,hexingwei33
3833,16699246,"Labh Khatke","2026-09-11 15:53:22",1037.2,2,labhkhatke
3834,16849883,"Rifa Tamanna","2026-09-07 22:07:04",1037.1,2,rifatamanna1109
3835,16898040,王ruizhe,"2026-09-19 07:56:03",1037.1,2,ruizhe28
3836,16841565,"dar Zaa","2026-09-08 18:04:18",1036.9,2,darzaa
3837,16758709,dk07dk,"2026-09-12 07:13:48",1036.5,2,dk07dk
3838,16856437,"Roshan S. Chauhan","2026-09-14 09:33:55",1036.4,2,vrosenta
3839,16653805,mohsen2050,"2026-09-14 18:25:43",1036.2,2,mohsen2050
3840,16854541,yangyiqing6,"2026-09-15 06:14:21",1035.9,2,yangyiqing6
3841,16848095,"Risha Apps","2026-09-08 15:41:31",1035.5,2,rishaapps
3842,16918095,Free-joint,"2026-09-25 07:40:00",1035.4,2,"huangzehua,percivallin"
3843,16741563,"Paul Pawletta","2026-09-15 09:16:16",1035.4,2,paulpawletta
3844,16715383,"Leo Lilley","2026-09-09 03:36:39",1035.3,2,leolilley
3845,16748527,Tsubasa_00,"2026-09-10 00:22:27",1035.0,2,tsubasa00
3846,16771080,"Ricky Shao","2026-09-07 17:16:14",1034.5,2,rickyshao
3847,16707562,Snipine,"2026-09-08 01:17:09",1034.3,2,boluosnow
3848,16842044,StackOverflowed512,"2026-09-07 17:53:32",1033.5,2,stackoverflowed512
3849,16687716,"Joshua Fernando","2026-09-16 12:51:45",1033.2,2,joshuafernandoj
3850,16734979,NiuLAI,"2026-09-29 07:24:41",1033.1,2,"chunsingyu,chunyinhui,jaminmei"
3851,16686444,"Syakirin Pahimi","2026-09-06 16:21:15",1032.9,2,syakirinpahimi
3852,16655109,"Tia He","2026-09-10 00:54:40",1032.2,2,altheahe
3853,16641713,"ronsen sun","2026-09-11 08:01:06",1032.1,2,ronsensun
3854,16680524,Nealdarkdarkdark,"2026-09-08 04:36:02",1032.0,2,wklyb1
3855,16675897,"KANG ZHIPENG","2026-09-16 01:26:34",1031.9,2,kangzhipeng
3856,16657290,lol-hiker,"2026-09-30 09:39:27",1031.7,2,lolhiker
3857,16680290,prospers,"2026-09-08 05:37:42",1031.6,2,prospers
3858,16791712,"xiang W","2026-09-08 14:24:56",1031.4,2,"dekonsu,xiangwaaaaa"
3859,16748997,wl4mb,"2026-09-27 18:02:20",1030.4,1,zhilongjaredliw
3860,16741997,hikarinosenshi,"2026-09-08 00:50:58",1030.3,2,hikarinosensh1
3861,16805940,Foxure,"2026-09-12 01:51:33",1029.9,2,foxure
3862,16623806,黒田彩人,"2026-09-07 21:37:20",1029.5,2,ayato0705
3863,16839834,nouvya,"2026-09-10 15:48:43",1028.4,2,nouvya
3864,16717253,Sybery_AI,"2026-09-13 19:51:41",1027.4,2,syberyai
3865,16809097,volumatic,"2026-09-10 11:00:51",1027.3,2,"kkeevviinn666,volumatic"
3866,16854744,"Rostislav Epifanov","2026-09-10 12:14:58",1027.1,2,rostepifanov
3867,16670879,"old macdonald","2026-09-07 16:11:15",1027.1,2,djschmit
3868,16634911,onlytimeknows,"2026-09-30 23:48:05",1026.7,2,onlytimeknows
3869,16797036,tksfjn,"2026-09-12 04:06:53",1026.1,2,tks3210
3870,16726559,william,"2026-09-05 02:03:48",1026.0,2,hiricodev
3871,16799362,"James Weatherhead","2026-09-06 21:45:45",1025.8,2,jamesweatherhead
3872,16845366,cdaden,"2026-09-08 06:00:19",1025.3,2,cdaden
3873,16740464,"Jorrawar Grewal","2026-09-08 00:43:17",1025.1,2,jorrawargrewal
3874,16797251,"Nguyễn Mạnh Niên","2026-09-06 11:29:31",1024.2,2,jacobrichard312
3875,16823782,yuyutech(Genuine),"2026-09-08 04:32:19",1024.2,2,yuyutechgenuine
3876,16815985,leemc95,"2026-09-08 21:31:33",1024.0,2,leemc95
3877,16893831,"Sasan Nazari","2026-09-16 00:07:26",1024.0,2,sasannazari
3878,16842273,2424,"2026-09-08 14:29:16",1023.6,2,takutonishi
3879,16838807,"tony boakye","2026-09-08 11:41:30",1023.5,2,tonyboakye
3880,16730247,DOM-VASCONCELOS,"2026-09-23 09:45:05",1023.4,2,domcreator
3881,16660444,"Сергей Мизин","2026-09-30 21:10:23",1023.2,2,seeergo
3882,16724993,Bonkoturyu,"2026-09-10 07:59:12",1023.0,2,bonkoturyu
3883,16884338,"Emmet Banker","2026-09-24 01:53:27",1022.9,2,emmetbanker
3884,16840452,pan6628,"2026-09-10 04:38:21",1022.7,2,pan6628
3885,16845510,bugkeeper,"2026-09-08 06:24:57",1022.3,2,bugkeeper
3886,16841542,Smmyth,"2026-09-06 22:18:52",1021.8,2,smmyth
3887,16725851,hetspookjee,"2026-09-07 21:54:39",1021.2,2,hetspookjee
3888,16708880,yotsutose,"2026-09-10 10:18:49",1021.0,2,yotsutose
3889,16866086,"Table Feng","2026-09-15 15:22:21",1020.8,2,tablefeng
3890,16664619,"Trupen Patel","2026-09-08 15:52:17",1020.8,2,trupenpatel
3891,16715358,wuy1hao,"2026-09-07 10:23:01",1020.3,2,wuy1hao
3892,16870585,ba,"2026-09-11 08:25:46",1019.9,2,yusukebaba
3893,16937692,"Sergio D","2026-09-25 20:58:22",1019.3,2,ser8147
3894,16832556,"Harshit Raj #2","2026-09-10 16:45:16",1019.2,2,harshitraj2123221
3895,16736404,¡olé!,"2026-09-08 04:30:34",1018.9,2,hjx1024
3896,16768043,"Cropy and Paste","2026-09-13 17:56:08",1018.5,2,tfriedel
3897,16842817,darcy132,"2026-09-06 13:16:34",1018.5,2,darcy132
3898,16736120,"Ricky #2","2026-09-08 02:47:36",1018.4,2,rickyds97
3899,16693272,ush,"2026-09-29 23:10:50",1018.2,2,kusuha
3900,16763001,Eb3lss,"2026-09-09 11:08:19",1018.0,2,eb3lss
3901,16758839,"Yusuf Murtaza","2026-09-06 10:23:21",1017.8,2,yusufmurtaza01
3902,16796014,keith70,"2026-09-08 07:18:36",1017.6,2,keith70
3903,16759913,"Peter Cnudde","2026-09-07 20:08:25",1017.5,2,petercnudde
3904,16660477,SeaGoat,"2026-09-30 18:26:26",1017.4,2,vbandaru
3905,16857923,Haruki.O,"2026-09-12 08:23:32",1017.2,2,ho0707
3906,16845280,"Samuel Watson","2026-09-11 07:06:59",1015.9,2,scwatson
3907,16719090,CHSTO,"2026-09-12 21:35:49",1015.8,2,haotianqi
3908,16885684,LiYiTingTom,"2026-09-21 15:53:41",1015.5,2,liyitingtom
3909,16806809,air,"2026-09-06 09:54:14",1015.5,2,air041001
3910,16754974,BurntPotato,"2026-09-09 00:06:54",1015.1,2,burntpotato
3911,16783328,AggriTrader,"2026-09-15 13:56:09",1015.0,2,leoluo
3912,16728229,twomoon,"2026-09-08 05:22:46",1014.9,2,twomoon036
3913,16689366,"Cuong Le","2026-09-06 15:24:57",1014.6,2,ad1999
3914,16783517,"dongdong zhang","2026-09-07 03:22:34",1014.0,2,mcdongdongzhang
3915,16700501,Konno,"2026-09-08 02:40:46",1012.8,2,nearfield1234
3916,16639800,"Yong Ming-Jia","2026-09-15 06:14:00",1012.4,2,ymingj
3917,16840338,"Shoma Arakawa","2026-09-12 08:55:21",1011.9,2,shomaarakawa
3918,16686424,"Thần Thoại","2026-09-08 16:58:05",1011.8,2,thanthoai
3919,16918646,MsMarch.7,"2026-09-18 09:12:24",1011.5,2,msmarch7
3920,16824564,"piu ATI","2026-09-06 10:02:27",1011.3,2,piuati
3921,16841077,melowdramtic,"2026-09-10 02:31:53",1011.3,2,melowdramtic
3922,16672549,"ReinFARMent Learning?","2026-09-11 03:38:53",1010.6,2,arksey
3923,16702430,"ZeLong Leo","2026-09-28 08:36:26",1010.4,2,zelongleo
3924,16838898,"Minh Trịnh","2026-09-06 13:38:05",1010.3,2,minhtrinh2002
3925,16765207,Cathy,"2026-09-10 01:48:38",1010.1,2,cathyyou
3926,16803592,"Bishal Lamichhane","2026-09-16 13:33:25",1010.0,2,bishallamichhane44
3927,16844769,phi,"2026-09-09 18:19:54",1009.9,2,fahisplr
3928,16764342,malone001,"2026-09-11 08:18:49",1009.7,2,malone001
3929,16704613,alexbstl,"2026-09-14 01:43:31",1009.5,2,alexbstl
3930,16667922,JungHwan,"2026-09-06 00:05:59",1009.4,2,najunghwan
3931,16661034,"Devesh Mehta","2026-09-28 19:27:28",1009.1,2,deveshmehtaaie
3932,16730375,Floth,"2026-09-07 15:14:58",1009.0,2,suwat513
3933,16839429,"Igor Aranovsky","2026-09-08 08:55:51",1008.3,2,igoraranovsky
3934,16631400,JZ,"2026-09-20 23:44:22",1008.0,2,zhoujiachen
3935,16749466,"The Wolf of Wheat Street","2026-09-30 18:32:49",1007.5,2,"lijuantang19,yuemengzheng01"
3936,16862895,"Quinn Brighton","2026-09-12 00:01:22",1007.0,2,quinnbrighton
3937,16731822,Senn88,"2026-09-08 13:54:19",1006.5,2,senn88
3938,16777406,"Toheeb Ogunade","2026-09-08 22:46:05",1005.8,2,toheebogunade
3939,16843986,"Young Jim","2026-09-07 00:05:04",1004.7,2,youngjim
3940,16806160,"Hamza Atique ","2026-09-30 14:14:17",1004.4,2,hamzaatique
3941,16745949,"Miaohua Zhang","2026-09-30 08:21:53",1003.9,2,miaohuazhang
3942,16634336,"Arko Bera","2026-09-08 19:08:41",1003.6,2,cartoonistbeard
3943,16727147,"Alan Smith","2026-09-09 11:26:14",1003.4,2,acorncupcake
3944,16764476,daviddnd,"2026-09-15 07:40:48",1003.1,2,daviddnd
3945,16726889,stnick,"2026-09-05 19:13:36",1002.5,2,stnick
3946,16792123,coder2403,"2026-09-12 17:08:38",1002.5,1,coder2403
3947,16803141,"Verdant Meridian","2026-09-08 14:13:17",1002.5,2,xinweizhang003
3948,16657637,"Ronnie Atuhaire","2026-09-26 06:27:08",1001.5,2,ronnieatuhaire
3949,16682386,"Charbel Nehme","2026-09-30 23:21:39",1000.6,2,charbelnehme
3950,16801995,"XD tsui","2026-09-03 20:41:03",1000.4,2,xdtsui
3951,16624979,"Mohamed abdelrazik","2026-09-25 20:36:52",1000.3,2,mohamed3abdelrazik
3952,16802719,uta_ccc,"2026-09-06 07:15:44",1000.2,2,utaccc
3953,16640878,"Krishna Yadu","2026-09-06 08:18:51",1000.0,1,krishnayadav456wrsty
3954,16853941,"Baha Enes Ören","2026-09-28 15:34:24",999.9,2,bahaenesren
3955,16637241,M4nd4l0r14n,"2026-09-07 21:50:19",998.8,2,thiagobcunha
3956,16669666,RhoenSprudel,"2026-09-11 19:08:43",998.8,2,rhoensprudel
3957,16796600,skyShenzi5822,"2026-09-08 08:06:25",998.7,2,skyshenzi
3958,16802630,takotakosan,"2026-09-09 03:10:10",998.6,2,takotakosan
3959,16667998,Speril,"2026-09-29 14:12:10",998.6,2,speril
3960,16806587,"Dear Shark","2026-09-17 07:12:32",998.5,2,dearshark
3961,16663681,Kometa,"2026-09-20 06:03:24",997.9,2,petarknezevic1
3962,16727536,lelelove1225,"2026-09-06 12:58:48",997.7,2,lelelove1225
3963,16641099,sieru-copan,"2026-09-25 12:03:44",997.4,2,sierucopan
3964,16790359,"laoma fighting","2026-09-07 05:30:45",996.4,2,laomafighting
3965,16790542,shiba-inu,"2026-09-21 14:06:32",996.3,2,npinpi
3966,16692350,"Emerson Suarez","2026-09-30 05:07:24",995.9,2,jericksystem32
3967,16734894,"MP Gamimg","2026-09-25 10:09:15",995.6,2,okadahiroshi
3968,16669715,housssaamos,"2026-09-27 16:02:39",995.5,2,housssaamos
3969,16805509,"Adel Zebiche","2026-09-06 17:28:28",994.6,2,adelzebiche
3970,16822414,Yassinovich,"2026-09-06 12:50:02",994.5,2,yassinovich
3971,16730484,Esperanza,"2026-09-10 00:42:17",994.5,2,deanpixton
3972,16738820,"Ying Li","2026-09-14 15:06:54",994.3,2,lyee919
3973,16732433,syuuuuu,"2026-09-06 12:53:05",994.2,2,syuuuuukun
3974,16659711,williams,"2026-09-06 23:23:25",994.0,2,williams
3975,16626979,"An - Claudex","2026-09-30 03:57:31",993.9,2,myotterspace
3976,16811433,"Bx LLLLLLLL","2026-09-05 21:54:10",993.9,2,bxllllllll
3977,16926532,"Akash Shah","2026-09-30 23:26:27",993.7,2,akashshah3
3978,16657904,xfhdh1,"2026-09-06 09:51:45",993.7,2,xfhdh1
3979,16654995,"Artem Voronov","2026-09-14 11:14:51",993.2,2,artemyvoronov
3980,16771397,its_mrz,"2026-09-07 17:48:52",993.1,2,itsmrz
3981,16818508,"Napster Y","2026-09-30 13:27:55",992.7,2,napstery
3982,16734290,CodeAMANSA,"2026-09-09 14:52:52",992.5,2,bcollazo
3983,16838305,"Zhiyan Chen","2026-09-05 09:20:32",992.5,2,zenosga
3984,16811890,Bobbbbbbbbx,"2026-09-03 15:25:01",992.2,2,bobbbbbbbbx
3985,16838588,"Nadeem Ishikawa","2026-09-08 23:04:10",992.2,2,nadeemishikawa
3986,16887947,"Blips and Chitz","2026-09-28 22:42:31",991.4,2,michaelriedl
3987,16858618,NaokaK,"2026-09-09 06:58:14",991.0,1,naokak
3988,16836457,Andrew9603,"2026-09-06 12:28:37",990.7,2,benxvyan
3989,16779321,HarryP12,"2026-09-11 16:45:35",990.3,2,harryp12
3990,16666296,A.P.R.I.L,"2026-09-12 16:42:30",990.1,2,puneeth333
3991,16737702,"kaneko takafumi","2026-09-28 13:15:47",990.1,2,kanekotakafumi
3992,16725081,ZhouYongqi,"2026-09-06 14:55:06",989.9,2,xy0v0zhang
3993,16623480,xmaster6y,"2026-09-08 18:26:54",989.5,2,xmaster6y
3994,16657887,"Yermak Petro","2026-09-30 22:09:15",989.4,2,yermakpetro
3995,16725195,易研学社,"2026-09-06 07:27:43",988.2,2,"chency17,fengwann,mingyingxin,sjojasdq,tbtbbb"
3996,16707702,"anton leyn","2026-09-08 16:30:11",988.1,2,antonleyn
3997,16738506,"Rok Sechs","2026-09-30 22:00:32",988.1,2,rokshimiz
3998,16639369,"Kyuhwan Cho","2026-09-18 23:24:42",988.1,2,octoarden
3999,16808352,Rheinmetall,"2026-09-25 16:34:55",988.1,2,rheinmetall
4000,16804549,Feidudu,"2026-09-04 15:51:54",987.8,2,zenanshao
4001,16765763,latter0206,"2026-09-06 07:00:54",987.7,2,shoheiyamanaka
4002,16745351,ChrisXie,"2026-09-08 02:14:19",987.6,2,chrisstan
4003,16630711,"Aleks Lviv","2026-09-30 16:40:43",987.2,2,alekslviv
4004,16822109,Meticulousss,"2026-09-10 16:32:31",986.5,2,meticulousss
4005,16830000,"Danilo Lapegna","2026-09-30 18:00:29",985.9,2,danilolapegna
4006,16896006,jrw208,"2026-09-22 21:27:28",985.1,2,jrw208
4007,16654463,Mark,"2026-09-04 19:38:01",985.0,2,robotmf
4008,16707639,Fujinawa,"2026-09-15 12:14:48",984.9,2,wasshoiwasshoi
4009,16697205,"Gould Research","2026-09-08 17:19:28",984.7,2,"georgeking1,gouldh,gradybos,shanemullahy"
4010,16661768,"Lợi Trần Bảo","2026-09-13 19:43:53",984.1,2,litrnbo
4011,16672040,"Tom Yim","2026-09-07 04:31:34",984.0,2,tomyim
4012,16659215,"Zhizhou Sha","2026-08-31 12:43:52",983.9,2,zhizhousha
4013,16677107,gagacrow,"2026-09-07 16:11:58",983.8,2,gagacrow
4014,16935054,"jae young ji","2026-09-28 08:01:50",983.6,2,sayul0102
4015,16654491,"Amedeo Biolatti","2026-09-30 23:46:03",983.5,2,abiolatti
4016,16816445,"Danila Lebedev","2026-09-08 13:54:33",982.4,2,danilalebedev
4017,16654266,古德拜吃,"2026-09-26 02:11:29",982.2,2,nosaewang
4018,16654791,"Dev Rath","2026-09-10 16:32:18",981.8,2,devbratrath
4019,16775506,"lin qiy","2026-09-05 13:32:19",981.7,2,linqiy
4020,16655311,"Plant City Planter","2026-09-02 19:03:12",981.5,2,michaellombard
4021,16721688,"Hi Im Ryo","2026-09-04 15:05:22",981.5,2,loto610
4022,16674720,"Prathmesh Lagdive","2026-09-27 07:25:26",981.4,2,"aglavevaibhav,prathmeshlagdive,shriyashkurud"
4023,16717756,Dominick,"2026-09-28 16:36:55",981.4,2,kcinimod
4024,16673250,Prashant,"2026-09-04 16:46:37",980.9,2,"kajalsinghrajpoot,prashantxo"
4025,16659430,"John Keith Weber","2026-09-06 16:32:54",980.7,2,johnkeithweber
4026,16722995,July,"2026-09-10 10:42:05",980.3,2,julyzseven
4027,16713540,Anruan,"2026-09-05 16:45:53",979.4,2,xiaowanshen
4028,16810859,"Michael Silverblatt","2026-09-06 12:39:49",979.3,2,msilverblatt
4029,16667731,"Agent 33","2026-09-24 19:53:19",978.8,2,agent33
4030,16756592,"Abdalrahman Eissa","2026-09-25 12:47:21",978.5,2,abdalrahmaneissa
4031,16730834,TomoyaM,"2026-09-10 00:00:39",978.0,2,tomoyamiyaake
4032,16773607,sky1,"2026-09-04 13:54:00",977.5,2,skyk1jn
4033,16778388,"straw hats","2026-09-20 14:26:24",977.5,2,rushikeshgaonkar
4034,16795982,Vordax,"2026-09-03 18:17:12",977.4,2,vordax
4035,16655693,DePie,"2026-09-29 18:12:47",977.2,2,phucthaiv02
4036,16654068,"Renoir Vieira","2026-09-05 17:42:47",976.9,2,renoirvieira0
4037,16729092,"ayman elamin","2026-09-27 17:35:45",976.8,2,aymanelamin
4038,16662568,RaghavMundhra1,"2026-09-23 22:44:35",976.8,2,raghavmundhra1
4039,16845063,"Gaston Zarate","2026-09-22 05:36:22",975.8,2,gastonz195
4040,16773039,zyiqun,"2026-09-04 06:12:36",975.7,2,zyiqun
4041,16659776,"Ben Hamilton","2026-09-08 23:36:18",975.4,2,kineticaxisstudio
4042,16820116,cotora2121,"2026-09-05 17:42:49",975.3,2,cotora2121
4043,16658287,ArturoSirvent,"2026-09-12 05:20:34",974.7,2,arturosirvent
4044,16847289,"Hengxiang Yu","2026-09-21 07:24:59",974.7,2,hengxiangyu
4045,16695931,"Kers Aoyagi","2026-09-05 19:24:41",974.6,2,kersaoyagi
4046,16644255,Rister,"2026-09-04 00:05:35",974.4,2,"rister101,stharundhatri"
4047,16634239,"Radhakrishnan Guhan","2026-09-29 19:38:03",974.0,2,rmsgrk
4048,16802039,"Anna Currie","2026-09-04 10:24:33",973.4,2,hcnfgxsghvbkhbty
4049,16848220,ggmljs,"2026-09-10 05:10:42",973.4,2,ggmljs
4050,16824069,"Phương Nguyễn Việt","2026-09-04 03:52:08",972.7,1,phngnguynvit
4051,16695229,X1a0Ch3n,"2026-09-04 16:14:07",972.6,2,xiaochen20236673
4052,16841330,sfsf,"2026-09-30 22:11:16",972.4,2,sfenu3
4053,16925327,danmleo,"2026-09-28 12:05:14",972.3,2,danmleo
4054,16795391,MECHINE,"2026-09-01 03:05:47",972.3,2,nainglinwai
4055,16892727,Pi,"2026-09-29 12:15:11",972.1,2,liemdt
4056,16756633,TheDanKing,"2026-08-31 05:49:23",972.0,2,thedanking
4057,16697877,"Sky kun","2026-09-13 22:36:13",971.8,2,skykun
4058,16825772,liujieyou,"2026-09-14 12:01:35",971.4,2,liujieyou
4059,16809677,"Phong Khổng Hoàng","2026-09-30 23:39:36",970.8,2,phongkhonghong
4060,16742470,AK,"2026-09-06 07:57:50",970.5,2,aman1391
4061,16838953,HHHyyds,"2026-09-05 12:31:34",970.4,2,hhhyyds
4062,16808178,qianyuatkaggle,"2026-09-08 00:37:32",970.4,2,qianyuatkaggle
4063,16639520,"Cary Jin","2026-09-05 22:54:44",970.3,2,strigiformes
4064,16806535,"zhangzhuang li","2026-09-03 18:31:12",970.2,2,zhangzhuangli
4065,16684947,Hoaquason,"2026-09-28 13:28:54",970.1,2,"datnguyen0102,mibombaclat"
4066,16899030,CardPilotLab,"2026-09-17 00:32:05",969.8,2,EldieEnfiel
4067,16719578,blueblue222,"2026-09-11 04:36:53",969.6,2,blueblue222
4068,16663166,Rey4Dan,"2026-09-30 23:41:42",969.5,2,rey4dan
4069,16728103,Immutable,"2026-09-06 21:33:16",969.4,1,dishcleaner
4070,16841276,EmmaL09,"2026-09-09 22:09:29",969.2,2,emmal09
4071,16734813,"Johan BONILLA MENDIETA","2026-09-05 15:23:38",968.9,2,johanbonillamendieta
4072,16738810,mararaa,"2026-09-04 10:21:18",968.7,2,mararaa
4073,16799554,dengddd,"2026-09-03 15:30:23",968.6,2,dengdgq
4074,16735253,银龙,"2026-09-07 07:00:02",968.1,2,boyanyanbo
4075,16678462,"Eric Han Wang","2026-09-22 22:39:00",968.0,2,ericwang03
4076,16927279,santa9150,"2026-09-30 22:38:14",967.9,2,santa9150
4077,16721237,phoenixai0,"2026-09-08 14:15:57",967.7,2,phoenixultra
4078,16768323,thuvuduy16,"2026-08-31 18:59:54",967.6,2,thuvuduy16
4079,16824101,"Bala Murugan AIML","2026-09-04 02:20:12",967.1,1,balamuruganaiml
4080,16730707,"James Michael","2026-09-04 14:12:29",967.0,2,ingenio
4081,16725793,Krilin,"2026-09-03 18:41:48",966.7,2,krilin
4082,16736050,SuperZero11,"2026-09-10 07:44:19",966.7,2,anandaverma
4083,16786255,OceFFFF,"2026-09-29 06:46:43",966.6,2,oceanfujimoto
4084,16780141,"One Zero001","2026-09-03 08:43:16",966.4,2,onezero001
4085,16814716,edder0798,"2026-09-29 09:38:40",966.1,2,"edder0798,wangxi608"
4086,16947253,"Chen Kuan-Chin","2026-09-30 23:48:10",966.0,2,chenkuanchin
4087,16659210,HASHP100D,"2026-09-05 11:23:41",965.8,2,hashp100d
4088,16811637,mohui666,"2026-09-03 09:21:41",965.8,2,mohui666
4089,16781110,yqz,"2026-09-04 17:57:19",965.8,2,yuqizheng
4090,16662204,SM_30,"2026-09-05 15:45:06",965.2,2,sagarmane104
4091,16695556,"Prajwal Dongre","2026-09-20 05:45:05",965.1,2,prajwaldongre
4092,16839209,yuuuu.T,"2026-09-06 02:01:37",964.9,2,yuuuut
4093,16702429,iamlonely,"2026-09-08 16:27:53",964.8,2,iamlonely
4094,16697923,"Vincent Debout","2026-09-12 22:24:00",964.8,2,vdebout
4095,16771361,"It's Ratcha","2026-09-07 18:59:25",964.2,2,itsratcha
4096,16936261,pigpig,"2026-09-29 12:24:40",964.0,2,"panyizhouhahaha,yanfeipu"
4097,16657395,"Uchechukwu Ajuzieogu","2026-09-03 14:10:11",963.8,2,uchechukwuajuzieogu
4098,16818589,"Rachmat S. Haryadi","2026-09-10 16:48:09",963.7,2,rachmatsharyadi
4099,16845426,"Erlik Khan","2026-09-13 23:03:03",963.5,2,erlikkhan
4100,16847311,WangYilin_henuAI,"2026-09-30 14:36:54",963.5,2,"hyhyyh,violin1,xiaoming1238952"
4101,16798174,"Jan Bartos","2026-09-07 22:28:55",963.4,2,janbartos
4102,16810060,galileo680,"2026-09-05 23:45:08",963.4,2,keter333
4103,16839548,"Александр Прохоров","2026-09-08 12:30:54",963.4,2,obbwd12
4104,16843617,Jenny124685,"2026-09-30 07:53:05",962.5,2,jenny124685
4105,16838821,小等等,"2026-09-16 07:41:23",962.5,2,atwelve
4106,16682195,celefefwefwe1,"2026-09-02 16:48:52",962.1,2,celefefwefwe1
4107,16677252,カワシギ,"2026-09-27 02:30:34",961.9,2,kawashigi
4108,16808433,thenokol,"2026-09-07 12:26:33",961.9,2,thenokol
4109,16662810,HarshitSama,"2026-09-19 10:23:32",961.8,2,harshitsama
4110,16790658,lxymmd,"2026-09-10 07:59:16",961.5,2,lxymmd
4111,16782954,"Team Dajiang","2026-09-19 13:02:19",961.4,2,"jihuaye,toolazyhhh123"
4112,16761167,"Tejasteju M P","2026-09-28 03:20:47",960.7,2,tejastejump
4113,16665700,张广麒,"2026-08-31 08:41:33",960.6,2,zzggqq
4114,16635065,T88,"2026-09-07 09:02:57",960.4,2,t88take
4115,16683199,"Filippo Gombac","2026-09-02 17:16:47",960.4,2,filippogombac
4116,16750273,"Nil Lic","2026-09-14 16:44:57",960.3,2,nillic
4117,16633850,Pascal,"2026-09-05 04:01:56",960.1,2,pascalledesma
4118,16628951,"Hiro Nomo","2026-09-30 18:51:56",960.0,2,morinokuma3
4119,16664293,"Adam Lloyd","2026-09-05 07:12:04",959.5,2,alloyd256
4120,16797393,lingmingzi,"2026-09-05 04:36:26",959.4,2,lingmingzi
4121,16747036,Illusion,"2026-09-04 13:34:36",959.3,2,briankimtaikab
4122,16632231,"Samrish B","2026-09-05 18:17:55",958.7,2,samrishb
4123,16844770,Richard,"2026-09-22 05:48:05",958.4,2,richardwg
4124,16927297,galaxy2025,"2026-09-20 01:15:33",957.7,1,galaxy2025
4125,16694186,souju00,"2026-09-14 10:52:51",957.6,2,souju00
4126,16741683,"Lance Wu","2026-09-05 02:17:10",957.3,2,lancewu722
4127,16838520,"Niu Yuanfang","2026-09-07 07:50:24",957.2,2,niuyuanfang
4128,16851959,Darren0724,"2026-09-11 12:15:26",956.9,2,darren0724
4129,16794841,thisArmin,"2026-08-31 04:29:30",956.7,1,thisarmin
4130,16779652,cheezyp,"2026-08-31 06:26:25",956.5,2,cheezyp
4131,16717186,"Roumak Das","2026-09-04 03:41:55",955.9,2,roumak77
4132,16777894,"Matthew Neba","2026-09-06 21:37:08",955.7,2,matthewneba
4133,16743788,"Emmanuel Lo","2026-09-04 13:07:50",955.4,2,emmanuello
4134,16783521,xiannaix,"2026-09-04 09:28:00",955.1,2,xiannaix
4135,16658898,"SRI shiva","2026-09-26 13:57:49",954.8,2,srishiva
4136,16667724,"Masashi Onda","2026-09-02 12:43:58",954.4,2,masashionda
4137,16756902,"Matt Palmer","2026-09-06 04:17:51",954.4,2,palmsey
4138,16686827,Kronki,"2026-09-05 12:24:58",953.5,2,kronki
4139,16651792,LX,"2026-09-02 10:29:49",953.5,2,sunnylx
4140,16747577,"Nolan BONHOMME","2026-09-03 13:22:05",953.4,2,nolanbonhomme
4141,16658409,AlexMasip,"2026-09-03 15:37:32",953.1,2,alexmasip
4142,16670527,"Balram Gupta","2026-09-18 05:06:28",952.8,2,"akankshaparab,bg28898"
4143,16841667,Zwxiang123,"2026-09-06 01:27:21",952.6,1,zwxiang123
4144,16664518,senxichong,"2026-09-18 08:01:00",952.2,2,senxichong
4145,16790931,100rabh,"2026-09-29 07:23:35",952.0,2,saurabhkumar234
4146,16626462,mango,"2026-09-04 01:11:13",951.5,2,mango789
4147,16794740,"Alexander R Luz","2026-09-11 16:15:45",950.8,2,alexanderrluz
4148,16742825,"Ritwik Raha","2026-09-05 00:03:10",950.7,2,ritzraha
4149,16748187,"Violet Notes","2026-09-09 13:20:38",950.4,2,dominicjamil
4150,16774727,"Dannya AbdulHadi","2026-09-04 11:48:50",950.1,2,dannyaabdulhadi
4151,16797063,Nianhua1,"2026-09-05 03:35:11",949.4,2,nianhua1
4152,16717113,"Dovydas Ruokis","2026-09-11 19:58:21",949.1,2,dovydasruokis
4153,16803930,"Farrukh Ismoilov","2026-09-02 11:30:29",948.6,2,fismoilo
4154,16639771,"DK Armada","2026-09-06 06:33:12",948.6,2,dkarmada
4155,16757704,Faustine,"2026-09-23 00:54:18",948.4,2,faustine649
4156,16753646,"[Deleted] 7d100524-25e6-4751-98db-b4fdce26a5ee","2026-09-02 14:22:45",948.2,2,del=effabded1aa6d176
4157,16869870,"Electric Weasle","2026-09-13 15:27:16",948.2,2,electricweasle
4158,16655381,"Varshith K","2026-09-30 06:29:25",948.0,2,var3604
4159,16761641,Diavolo,"2026-09-05 09:31:08",948.0,2,jeanmarcbah
4160,16764068,"Chika Komari","2026-09-02 11:18:48",947.9,2,gothamjocker
4161,16623890,"rapika rosalia","2026-09-01 17:40:24",947.7,2,rapikarosalia
4162,16665311,"huayang sun","2026-09-05 06:20:01",947.2,2,okami001
4163,16638823,YDDDDDD999,"2026-09-06 18:22:40",947.1,2,ydddddd999
4164,16871907,"Junya _318","2026-09-14 04:15:18",946.8,2,junya318
4165,16725410,LE4VES,"2026-09-08 09:27:15",946.7,2,le4ves
4166,16730049,"r2d2 Dasari","2026-09-20 20:15:24",946.3,2,r2d2dasari
4167,16771605,Psyrax,"2026-09-17 16:00:11",946.1,2,psyrax012
4168,16657594,"Wojciech Krasowski","2026-09-02 20:37:04",945.6,2,ci3l4k
4169,16657228,"Vladimir Babin","2026-09-30 06:04:47",945.5,2,vovababin
4170,16818689,Takashi,"2026-09-28 02:07:32",945.4,2,takashi1
4171,16688642,"Natalia Mawyin","2026-09-05 11:08:38",945.3,2,nmawyin
4172,16860587,"Mayo Mafia","2026-09-14 12:41:03",944.9,2,vasujain12344
4173,16798544,esprit,"2026-08-31 23:47:56",944.4,1,takuji
4174,16795041,"Denis Revenko","2026-09-01 13:02:36",944.2,2,denizzko
4175,16734225,"Vijay athithya ","2026-09-02 07:06:29",943.8,2,vijay09
4176,16779831,地里偷偷尿尿,"2026-09-06 14:21:55",943.6,2,jjsdfd22
4177,16848645,"Chee Keong Sim","2026-09-10 14:59:11",943.5,2,cheekeongsim
4178,16727544,"Mostafa H","2026-09-01 10:03:53",943.3,2,mostafahaghiri68
4179,16839975,AlexHan,"2026-09-05 13:16:50",943.3,1,gksgusrb1212
4180,16682932,"Iulian Curte","2026-09-13 10:07:59",942.9,2,iuliancurte
4181,16719083,"Justin Mai 16","2026-09-07 22:30:10",942.8,2,justinmai16
4182,16743191,"Ryoya Kochiyma","2026-09-05 13:28:19",942.8,2,"kazutotakekuma,ryoyakochiyma"
4183,16785924,Abhinav_26104,"2026-08-31 15:17:41",942.8,2,abhinav26104
4184,16791752,bayachay,"2026-09-13 02:26:18",942.0,2,bayachay
4185,16622919,Waffle,"2026-09-23 23:19:28",941.7,2,waffle3z
4186,16718956,hassan,"2026-09-01 16:14:25",941.4,2,hasankhhan
4187,16851712,VelloNChiru,"2026-09-25 02:30:27",941.2,2,janelawrence
4188,16737937,xamad,"2026-09-01 13:19:27",941.2,2,giannicerrato
4189,16655169,Musliadi,"2026-08-31 05:51:39",941.0,2,timscientia
4190,16621687,ropeadope,"2026-09-30 05:57:39",940.9,2,silkross
4191,16661393,"razab Bawa","2026-09-06 12:43:30",940.7,2,razabbawa
4192,16757418,Janus,"2026-09-20 02:21:48",940.5,2,khaled1alhasan
4193,16806048,duck_raccooon,"2026-09-02 15:03:04",940.5,2,duckraccooon
4194,16732813,Soomana1z,"2026-09-27 19:25:10",940.4,2,soshionodera
4195,16778019,Mr.Frundles,"2026-09-03 02:21:58",940.2,2,watehell
4196,16716613,Arvin,"2026-09-08 01:18:15",940.2,2,chesterx
4197,16738895,SangGold,"2026-09-13 09:18:56",940.2,2,sanggold
4198,16645705,wataru420,"2026-09-30 21:29:18",939.9,2,wataru420
4199,16675739,"Jithendra Maddala","2026-09-12 05:12:26",939.5,2,jithendramaddala
4200,16695521,"Chen Ken","2026-09-28 12:43:30",939.3,2,nutastray
4201,16893654,"Arhaan Aggarwal","2026-09-30 18:10:24",938.8,2,arhaanaggarwal2
4202,16706442,tipstar0125,"2026-09-05 11:50:46",937.8,2,dragonty
4203,16666147,"Khalid Bin Hethlain","2026-09-30 23:14:35",937.8,2,khalidbinhethlain
4204,16822745,Jetpack,"2026-09-28 16:25:34",937.5,2,"m1ngch1,victorye04"
4205,16756630,Shreyas,"2026-08-30 09:58:08",937.0,2,shreyasdongre25
4206,16693382,Sandrone,"2026-09-07 15:57:25",936.9,2,luvgoelo
4207,16621831,"Tsung-Yeh, Hsieh","2026-09-09 18:31:09",936.7,2,"tsungyehhsieh,xinyuloong"
4208,16758279,"GO HIROSHIMA 2","2026-08-29 02:51:47",936.7,2,gohiroshima2
4209,16661304,"Jonathan Roy","2026-09-14 17:05:57",936.0,2,jonathanroy7
4210,16639979,naphthalene,"2026-09-01 10:40:26",935.4,2,"aaa0342,leehyungjoon,minjek,trv449"
4211,16775443,NoName,"2026-09-04 23:49:43",934.6,2,thesonalsingh
4212,16860049,Himanshu,"2026-09-15 12:12:33",934.5,2,himanshuffbfujbf
4213,16810802,"Musa Khan","2026-09-03 16:40:12",934.4,1,lazer999
4214,16755949,NicoCh5,"2026-09-30 23:50:05",933.1,2,nicoch5
4215,16768676,Doit,"2026-08-25 02:09:47",931.7,1,aifccnb
4216,16686513,Vipul_Kumar75476,"2026-09-30 01:54:19",931.7,2,vipulkumar75476
4217,16657825,MilanJoshi,"2026-09-27 13:07:44",931.1,2,mlnjsh
4218,16806394,Flowers,"2026-09-02 04:03:16",930.7,1,"guyueyuan,oliver34,wu12138test"
4219,16655633,johnny,"2026-08-31 04:55:56",929.8,2,jonykarki
4220,16811502,"Avi Porath","2026-09-14 04:33:01",929.8,2,aviporath
4221,16790391,"Kevin Cao","2026-08-29 13:38:03",929.2,1,kevincao2
4222,16660121,10pi,"2026-09-30 08:30:09",928.4,2,meredith10pi
4223,16854250,"Jenil Emp","2026-09-21 13:06:46",928.1,2,jenilemp
4224,16668756,"Clark Kitchen","2026-09-09 00:54:50",928.0,2,clarkkitchen
4225,16845582,"Julio Cesar Filho","2026-09-08 06:10:03",927.8,2,juliocesarfilho
4226,16771457,"HK Fama","2026-09-05 17:51:47",927.7,2,kenho211
4227,16734199,Iliamna,"2026-09-06 20:44:33",927.1,2,decotoj
4228,16671033,"Alexandr Shustikov","2026-09-30 23:23:38",926.4,2,alexandrshustikov
4229,16663584,"Deployable LLMs","2026-09-27 15:20:39",925.6,2,"lucasveronese,planetoidleser,sinhakprat"
4230,16796980,ChenyuBaii,"2026-09-11 09:56:01",925.3,2,chenyubaii
4231,16765154,dreamcxy,"2026-08-31 03:54:16",925.0,2,dreamcxy
4232,16623856,aowhite,"2026-09-03 06:12:31",924.9,2,brandnewyork
4233,16626655,"Surya milenial","2026-08-30 08:21:22",924.5,2,suryamilenial
4234,16843970,dharana77,"2026-09-24 08:27:42",924.4,2,ylee4574
4235,16637458,OlivierS,"2026-09-09 03:41:58",924.4,2,oliviers
4236,16652912,"Kyle Ellard","2026-09-04 11:51:13",924.1,2,kyleellard
4237,16800775,SunSeeker染汐,"2026-09-01 16:47:33",924.1,2,sunseekerrx
4238,16770927,kaptaan45,"2026-08-28 08:06:32",924.1,2,kaptaan45
4239,16757384,straw_Yu,"2026-09-09 01:41:11",923.5,2,strawyu
4240,16662651,CoatiAI,"2026-09-16 11:06:40",923.4,2,gjhordan
4241,16732484,tanzaku,"2026-09-06 07:58:50",922.8,2,tanzaku
4242,16730179,anmadev,"2026-09-30 23:38:14",922.5,2,anmadev
4243,16766941,"S Kim","2026-09-10 22:16:57",922.2,2,sunnyk92
4244,16786603,"Shutong Hou","2026-09-27 02:19:48",922.2,2,praxel123
4245,16736579,rk777848,"2026-09-30 08:13:58",922.1,2,rk777848
4246,16675351,-Beterraba,"2026-09-05 18:45:27",921.5,2,"afonsoo,miguelottoni"
4247,16689266,"Oleksandr Dudnev","2026-09-09 06:14:10",921.4,2,dantist
4248,16745416,yamato035073,"2026-08-30 22:24:34",921.0,2,yamato035073
4249,16774129,"Chen Audrey","2026-09-04 13:38:19",921.0,2,chenaudrey
4250,16667147,"Daksh Bhalala","2026-08-26 06:41:04",920.5,2,dakshbhalala
4251,16853131,"Awesome Egg","2026-09-10 07:27:41",920.4,2,newegg
4252,16844154,シュークリーム,"2026-09-07 03:31:45",919.9,2,syucream
4253,16935983,"Anas Zewail","2026-09-27 16:07:44",919.8,2,anashanyzewail
4254,16902856,"Laura Vanegas Torres","2026-09-29 03:11:27",919.7,2,lauravanegastorres
4255,16662222,MinerUNLEASHED,"2026-08-24 16:28:40",919.2,2,minerunleashed
4256,16691247,"Aneesh Rao","2026-08-27 17:11:07",918.8,2,sidrao2006
4257,16764206,yanjixiang,"2026-08-25 11:37:34",918.4,2,yanjixiang
4258,16755244,SZU蓝心,"2026-09-01 11:50:45",917.7,2,jiazhanliu
4259,16677577,"Harsha Vardhan Konisa","2026-09-30 19:25:51",917.6,2,harshavardhankonisa
4260,16842071,buddyY26,"2026-09-07 13:06:08",917.4,2,buddyy26
4261,16729906,"Krzysztof Madziar","2026-08-28 05:05:13",917.2,2,krzysztofmadziar
4262,16669810,CREART,"2026-08-29 16:06:18",917.0,2,gustardust
4263,16793106,"Пал Лаич","2026-08-30 12:45:34",916.9,1,skypunkaudiowalker
4264,16805609,Gleb,"2026-09-01 22:11:48",916.5,1,korelin
4265,16753194,"Saicharan Ramineni","2026-08-26 19:33:02",916.5,2,godlydonuts
4266,16712432,hengck23,"2026-08-25 17:58:30",916.5,2,hengck23
4267,16741826,StackKnight,"2026-08-28 02:12:12",916.2,2,stackknight
4268,16894622,"Matthew B","2026-09-23 08:29:26",916.1,2,mcb68945
4269,16664537,"Lenin Goud","2026-08-27 01:07:37",916.1,2,leningoud
4270,16658280,"Hemanth Reddy Katta","2026-09-14 22:15:43",914.7,2,hemanthreddykatta
4271,16769028,"Rishabh Yadav","2026-09-17 01:59:59",914.4,2,riishabhhh
4272,16672202,HealthStone,"2026-08-29 21:04:07",913.5,2,healthstone
4273,16665753,"Mansour A. S. Ataa","2026-08-26 10:28:34",913.2,2,profmansoor
4274,16802775," SonSheungmin","2026-09-03 06:55:03",912.9,2,sonsheungmin
4275,16924409,Obsidian,"2026-09-30 21:51:08",912.8,2,edwardkhunt
4276,16727529,윤영일,"2026-09-22 10:15:57",912.7,2,iongil
4277,16770998,ket,"2026-08-31 22:14:53",912.3,2,kentken
4278,16654526,"Jin Niu","2026-08-26 18:25:33",912.1,2,gufanmingmie
4279,16852043,"pig da","2026-09-08 05:32:31",911.6,2,qijunjie
4280,16778808,"Candace Dudleson","2026-08-31 23:19:12",911.2,2,candacedudleson
4281,16856449,Sting,"2026-09-16 17:12:20",911.2,2,sarlnovax
4282,16780317,jrcjrcjrc,"2026-09-04 06:03:51",910.9,2,jrcjrcjrc
4283,16695695,"Siva Kumar","2026-09-30 08:26:40",910.8,2,sivapnlr80
4284,16666054,Ani,"2026-09-04 21:33:20",910.7,2,anirudhk333
4285,16730705,chris,"2026-09-30 20:17:39",910.6,2,chris62
4286,16738461,monnosuke,"2026-09-30 13:09:12",910.5,2,shiomi1012
4287,16762139,AltriaE,"2026-08-25 15:27:52",910.5,2,altriae
4288,16783630,"fan yanbing","2026-08-30 11:33:12",910.5,2,jackpudding
4289,16698340,"Yanxi Jiang","2026-08-26 03:24:55",910.3,2,yanxijiang
4290,16689274,Anyeson,"2026-09-18 12:04:00",910.2,2,anyeson
4291,16707590,KOBLIH,"2026-09-30 20:43:42",910.1,2,"kristosorestisbalil,liherexhmati"
4292,16762537,Controlvector,"2026-08-25 08:28:11",910.1,2,"controlvector,yxdu01"
4293,16730449,S.Y.,"2026-09-25 17:12:44",909.2,2,sysd00
4294,16699488,"Kelvin Lai","2026-09-30 19:47:53",909.2,2,kelvin84hk
4295,16807054,"JSU xiaopoche","2026-09-03 06:35:02",909.0,1,xhmuvw
4296,16782227,"chen yue li","2026-09-03 01:34:30",909.0,2,yueelc
4297,16775771,"Ewia Tng","2026-09-09 04:57:46",908.9,2,ewiatng
4298,16685450,Nadeem,"2026-08-25 09:21:14",908.8,2,nadeembinshajahan
4299,16634153,AnpAn_Men,"2026-08-29 19:47:31",908.3,2,anpanmen
4300,16744905,"Nator X","2026-08-26 22:15:29",907.8,2,natorx
4301,16778358,"Lê Nguyễn Việt Cường","2026-08-28 03:46:51",907.8,2,lengvietcuong
4302,16630516,"Seb (allegedly)","2026-09-09 09:22:48",907.5,2,sebmallia
4303,16938353,"Damilola Oladapo","2026-09-30 12:00:35",907.4,2,wizardskull
4304,16674310,"Ayaz Ahmed Kazi","2026-08-29 18:49:13",907.2,2,ayazahmedkazi
4305,16700298,tmgf,"2026-09-30 22:29:16",906.6,2,tiagomgfernandes
4306,16692744,"VAIBHAV RASTOGI 90","2026-09-03 23:43:33",906.2,2,vaibhavrastogi90
4307,16761788,"Corenthin Buffard","2026-08-26 13:16:28",906.1,2,cbuffard
4308,16740392,"Amey Thakur","2026-08-25 12:01:41",906.1,2,ameythakur20
4309,16709115,"PARK HYUNSIK","2026-08-26 01:51:31",906.0,2,hyunsikpark
4310,16745499,"lurs lurs","2026-09-30 07:44:01",905.8,2,lurslurs
4311,16764738,Lucasty,"2026-08-25 07:04:36",905.3,2,lucaswty
4312,16748907,EdwardHwang@123,"2026-08-24 15:32:00",904.9,2,edwardhwang123
4313,16722731,"E&M Pioneer","2026-08-30 11:18:55",904.9,2,hzq2004
4314,16689569,JovanaLab,"2026-08-27 22:43:51",904.0,2,"choonesenlu,joxitsai"
4315,16742232,"Prema Ananda","2026-09-18 15:40:40",903.8,2,premaananda108
4316,16764431,"William Diment","2026-09-14 07:50:42",903.7,2,williamdiment
4317,16727214,"Jaivardhan Raahi","2026-09-24 04:34:53",903.5,2,jaivardhanraahi
4318,16738279,zhangshuosc,"2026-08-26 05:11:57",903.4,2,zhangshuosc
4319,16623736,Garigariyong,"2026-09-01 04:31:17",903.1,2,garigariyong
4320,16770397,Ryu,"2026-09-03 20:15:16",903.0,2,bexultanashenov
4321,16748647,"Adar Cohen","2026-08-24 21:27:43",902.8,2,adarcohen
4322,16764545,ArX,"2026-08-24 09:44:45",902.8,2,arx1993
4323,16771843,"Surekha Ramireddy","2026-09-01 15:34:18",902.7,2,surekharamireddy
4324,16753125,"Rudransh Singh Rathore","2026-08-26 03:10:23",902.4,2,rudranshsinghrathore
4325,16630323,kaggricultureomnidimensionalut,"2026-08-28 10:51:28",901.8,2,kumarandatascientist
4326,16778489,dataWr3cker,"2026-08-28 20:40:52",901.7,2,gourabr0y555
4327,16739898,"solo levelling","2026-08-18 21:08:16",901.7,2,munibmemon
4328,16770299,"أحمد فهد الربيش","2026-08-25 09:55:13",901.0,2,ghr111
4329,16784611,sardarkhanyadav,"2026-08-28 16:45:33",900.6,2,sardarkhanyadav
4330,16692272,Ddere008,"2026-08-21 18:43:56",900.5,2,ddere008
4331,16732221,ringbearer,"2026-09-27 00:04:05",900.4,2,mehmetbarankrat
4332,16689697,Kmart0112,"2026-09-21 17:38:23",900.4,2,kmart0112
4333,16765313,Hosuke,"2026-09-01 04:19:31",900.2,1,hosuke
4334,16675610,"Srikar Medisetti","2026-08-30 12:06:25",899.8,2,deathaunter
4335,16879133,xiepengo,"2026-09-13 14:05:18",899.5,2,xiepengo
4336,16716549,notoverkil,"2026-08-28 08:16:38",899.4,2,notoverkil
4337,16675777,"Ml BOY","2026-09-07 18:15:38",899.4,2,mlboy1
4338,16767625,"Saurabh Yadav","2026-08-24 17:56:22",898.8,1,saurabhyadav1305
4339,16669403,mrgrishninsb,"2026-09-13 13:22:10",898.8,2,mrgrishninsb
4340,16627472,CloverFarm,"2026-09-08 13:23:55",898.7,2,ljs2546
4341,16740159,CY,"2026-09-05 09:33:08",898.7,2,aimeny
4342,16848720,嘎达嘎达,"2026-09-08 07:39:07",898.7,1,eggyeggygggy
4343,16666195,"Yihan Guo","2026-08-28 08:44:06",898.3,2,yihanguo
4344,16945082,"Colin's COK and Friends","2026-09-29 14:29:55",898.2,2,"emartinez22,genericcname,sammchargue"
4345,16752733,zjukop1,"2026-08-25 03:29:28",898.2,2,zjukop1
4346,16629403,Galza98,"2026-09-20 06:26:24",898.0,2,galza98
4347,16773320,kaka,"2026-09-17 08:53:18",897.5,2,kakawin
4348,16709203,Ayush_Patel,"2026-08-25 03:34:12",897.0,2,ayushpatel1305
4349,16791549,"Eugenio Schiavoni","2026-08-31 19:14:40",896.8,2,eugeniokukes
4350,16652750,"Bahadir Selim Bakla ","2026-09-27 18:52:35",896.4,2,bahadirselimbakla
4351,16665337,BHackers,"2026-08-26 17:13:11",895.8,2,clarencepagaduan
4352,16726994,bird,"2026-08-23 05:00:19",895.7,2,whitebird
4353,16724228,LSS0334,"2026-08-26 00:15:54",895.6,2,lss0334
4354,16771994,"Jaden Tang","2026-09-15 09:28:23",895.5,2,"aayanshah,jadentang17"
4355,16675831,"Thayaparan Kumarakuru","2026-09-24 17:34:36",895.5,2,"kavishkasubashana,mrkala,thayaparankumarakuru"
4356,16790233,"prateek chandra","2026-08-30 15:55:55",895.4,2,prateekchandra7005
4357,16941390,yukikotani,"2026-09-25 00:00:27",894.9,2,yukikotani2231
4358,16762940,"Davide Andreolli","2026-09-29 13:27:24",894.4,2,davideandreolli
4359,16751992,Coding4Fun07,"2026-09-30 20:03:46",893.7,2,coding4fun07
4360,16690308,"Fatima Sarhan","2026-09-29 14:20:44",893.2,2,fatimasarhan
4361,16733297,sohasoha42,"2026-08-18 17:50:51",893.2,2,sohasoha42
4362,16793261,Von_Feynman,"2026-08-30 13:35:43",893.2,1,terrenceluo1017
4363,16733932,"Jasper Turnidge","2026-08-24 06:36:23",893.1,2,jasperturnidge
4364,16707193,"radji kraim","2026-08-26 11:53:17",893.1,2,radjikraim
4365,16657553,graceyunliu,"2026-09-16 02:43:23",893.0,2,graceyunliu
4366,16794205,"kiwi apple","2026-09-01 18:56:25",893.0,2,kiwiapple
4367,16733708,RyanHo,"2026-08-29 03:59:12",892.9,2,ryanrx
4368,16769082,"Little Xi","2026-08-26 03:31:32",892.6,2,littlexi0
4369,16748000,"Rohit Raj Singh","2026-09-15 13:50:22",892.5,2,rohitrajsingh555
4370,16662696,"Cengizhan Tümer","2026-08-31 20:54:21",892.4,2,cengizhantmer
4371,16766320,vp_mass,"2026-08-25 20:19:08",892.3,2,vpmass
4372,16704603,Tmaxxer,"2026-08-28 14:45:38",892.3,2,tmaxxer
4373,16832186,"Noah Öksüz","2026-09-15 13:38:56",892.2,2,noahksz
4374,16760656,CharTFboy,"2026-08-24 09:19:37",892.2,2,chartfboy
4375,16664379,N_Matsumoto24,"2026-09-30 09:38:53",892.0,2,nmatsumoto24
4376,16660492,"Deven Bagul","2026-08-29 11:56:30",892.0,2,devenbagul
4377,16691154,UnknownRobi,"2026-08-31 22:50:27",891.7,2,canrobichaud
4378,16713007,"Jerry Hwa","2026-09-23 11:52:48",891.7,2,"jerryhwa,richarrdyu"
4379,16755091,Charlie,"2026-09-30 20:44:16",891.5,2,zephyrlennox
4380,16725304,"Alexandru A","2026-08-29 07:34:25",891.2,2,alexandrua01
4381,16774410,"Rishabh Roy","2026-08-26 09:01:38",890.9,1,rishabhr0y
4382,16933477,curlybaboon,"2026-09-21 12:52:19",890.4,2,curlybaboon
4383,16707749,Yuzu,"2026-09-04 10:22:41",889.5,2,yuzuoctopus
4384,16657817,"rohith sai midigudla","2026-09-30 19:52:37",889.5,2,rohithsaimidigudla
4385,16655718,eveyxy,"2026-09-05 08:58:28",889.5,2,eveyxy
4386,16758634,Ernnnn4u,"2026-08-24 17:00:46",889.3,2,ernnnn4u
4387,16772803,"Linneu Holanda","2026-09-25 02:25:46",889.3,2,linneuholanda
4388,16885658,Mio,"2026-09-30 14:40:20",889.2,2,mio114
4389,16638019,Randynho,"2026-09-15 16:13:30",888.7,2,randynho
4390,16635681,"Shubham Phapale","2026-09-05 12:46:36",888.7,2,shubhamphapale
4391,16663445,"ali dzaki","2026-09-13 14:59:25",888.6,2,alidzaki
4392,16857747,ru-shao,"2026-09-30 08:25:50",888.3,2,"shaoxw,souwaka"
4393,16870771,wangxt1,"2026-09-11 06:19:14",888.2,2,wangxt1
4394,16732381,Raphdraft,"2026-09-03 01:11:34",888.2,2,raphdraft
4395,16738721,"Luan Kunyu","2026-09-04 07:05:21",887.9,2,luankunyu
4396,16739363,kulukkuluu,"2026-09-29 14:51:31",887.5,2,kulukkuluu
4397,16755921,"Natnael Yerga","2026-08-24 16:43:22",887.4,2,natnaelyerga
4398,16779063,"Yendrew Y","2026-09-30 14:31:30",887.4,2,yendrewy
4399,16752121,adhsdrtjh,"2026-08-23 15:02:25",886.9,2,adhsdrtjh
4400,16925475,AdrianValerio,"2026-09-20 04:21:19",886.7,2,adrianvalerio
4401,16792329,"Kumkum Barot","2026-09-30 09:23:48",885.8,2,kumkumbarot02062003
4402,16734699,PangMinShih,"2026-08-28 08:39:27",885.6,2,shihbonbon
4403,16782984,crinoid,"2026-09-02 10:59:06",885.5,2,takemi
4404,16664566,"Lormann ","2026-08-23 06:24:29",885.5,2,lormann
4405,16759075,"Michael Day","2026-08-24 10:38:52",885.5,2,michaelday99
4406,16822583,"TA ME CHEM","2026-09-13 09:26:11",885.5,1,tamechem
4407,16699772,MrAnalyst,"2026-09-05 10:43:49",885.2,2,mranalyst
4408,16732586,Juniex,"2026-09-30 23:00:13",885.0,2,"juniex,shirleyshirleyye"
4409,16625339,kazusw,"2026-09-23 06:28:56",884.8,2,kazusw
4410,16729225,"Aayush Sigdel","2026-09-03 15:47:50",884.8,2,aayushsigdel
4411,16663569,XYZ,"2026-09-27 12:56:02",884.6,2,h249748fkv7lyhik897
4412,16664477,"The T-MAN","2026-08-26 18:51:40",884.5,2,otmaneelmahda
4413,16838843,"qiu ji123","2026-09-12 02:58:46",884.4,2,qiuji123
4414,16830753,"youyi li","2026-09-06 02:50:01",883.9,2,liyouyi
4415,16768955,Hunedjekdsfkd,"2026-08-25 03:56:30",883.1,1,hunedjekdsfkd
4416,16886319,novacryptic,"2026-09-13 12:37:51",882.8,2,novacryptic
4417,16841536,"Berkay Hasret","2026-09-07 00:29:45",882.7,2,berkayhasret
4418,16693663,"YoungCheol Son","2026-08-27 00:51:34",882.0,2,sonyc5720
4419,16742048,SuperGiantLam,"2026-08-25 02:08:17",882.0,2,zptpsz
4420,16742228,"bangqun ZHAO","2026-08-27 05:20:56",881.4,2,bangqunzhao
4421,16757417,otter_0714,"2026-09-29 14:15:51",881.0,2,otter0714
4422,16675704,reeemii,"2026-08-26 08:51:15",880.9,2,reeemii
4423,16672095,"Friaseus ","2026-09-30 20:41:20",880.9,2,friaseus
4424,16709824,pizzahut,"2026-09-19 20:23:22",880.9,2,csalazoltntams
4425,16838736,"kauan cassiano","2026-09-05 06:42:48",880.7,1,kauancassiano
4426,16665214,Epiphany_Thu,"2026-08-21 12:06:53",879.5,2,epiphanythu
4427,16712943,"Cesar Marcondes","2026-09-04 13:20:02",879.2,2,cmarcond
4428,16846297,"Zihan Ni","2026-09-07 08:06:53",879.2,2,lunangai
4429,16654021,"Swachhith B","2026-08-24 08:40:04",878.6,2,swachhithb
4430,16639796,rmizuta,"2026-08-28 15:07:43",878.4,2,rmizuta
4431,16746112,"Jonathan Martschinke","2026-08-24 08:52:51",877.7,2,jonathanmartschinke
4432,16823751,"Tyler Knecht","2026-09-29 06:50:29",877.7,2,tknecht
4433,16666165,ChrisLeiteScha,"2026-08-24 15:20:36",877.7,2,chrisleitescha
4434,16709295,"Isaac Owomugisha","2026-08-20 16:22:52",877.6,2,cmplxxyttmt
4435,16758791,"qw yi123","2026-09-22 13:41:44",877.6,2,qwyi123
4436,16698223,"Feng Jiahui","2026-08-18 08:35:04",877.5,2,junipersky
4437,16658983,"Titi Huang","2026-09-19 03:19:15",877.0,2,titihuang
4438,16685160,Yura,"2026-08-17 07:27:50",876.4,2,yuratrubitsyn
4439,16779780,SiVitr2fDrXS.2N,"2026-08-30 15:06:17",876.4,2,sivitr2fdrxs2n
4440,16861578,Markura,"2026-09-19 04:56:28",876.3,2,markura
4441,16651088,ych~sun,"2026-09-11 13:06:05",876.3,2,ychsun
4442,16732851,chenry2003,"2026-08-24 02:27:53",876.2,2,chenry2003
4443,16656394,"Pushkar K.G","2026-08-18 09:29:08",876.1,2,dejokz
4444,16875537,HeIIo.Darkness,"2026-09-13 23:22:12",875.5,2,heiiodarkness
4445,16754560,Kam,"2026-08-21 14:02:39",875.3,1,kamting
4446,16621741,"Andrey Naymushin","2026-08-24 09:46:41",875.3,2,andrewsokolovsky
4447,16743124,"Leo's Demiurge","2026-09-08 15:06:04",875.2,2,jelurge
4448,16709246,"Tariku Mehdi","2026-09-03 00:25:56",875.1,2,tarikumehdi
4449,16716081,"dunky su","2026-08-23 06:36:50",874.9,2,dunkysu
4450,16725432,Ezra,"2026-09-10 21:42:30",874.6,2,ezberch
4451,16769795,"Edi Marian","2026-08-25 11:01:09",874.3,2,edimarian
4452,16839557,Superspork,"2026-09-08 03:25:46",873.4,1,superspork
4453,16691506,Dipak_ISM,"2026-08-29 13:07:18",873.1,2,dipakism
4454,16743790,"yuji y","2026-08-28 10:53:06",872.8,2,yujiyyy
4455,16664002,"Guilherme Zanini de Sá","2026-09-30 21:17:16",872.7,2,guilhermezaninides
4456,16738899,Grayden_Lee,"2026-08-21 11:42:07",872.6,2,haozelii
4457,16763444,"crazy achiever","2026-08-28 18:51:13",872.5,2,crazyachiever
4458,16736138,Anand,"2026-08-21 06:00:12",872.4,2,gazzal
4459,16904612,"Naveen Reddie","2026-09-18 04:19:28",872.4,2,naveenreddie
4460,16744127,Faiz,"2026-08-21 20:33:33",872.2,2,souraditya26
4461,16732446,"Nuri DUDAK","2026-08-29 09:00:59",871.8,2,nuridudak
4462,16658500,"abhinav rai1","2026-09-26 21:08:47",871.6,2,abhinavrai1
4463,16715579,Uvais,"2026-08-24 00:58:56",871.5,2,joshuaedwinjacobv24f
4464,16693193,"Efrain Garay","2026-09-04 20:55:13",871.1,2,efraingaray7
4465,16663767,"Tommy Mancino","2026-08-31 23:03:57",870.9,2,tommymancino
4466,16709529,alhlbx5,"2026-09-03 22:48:54",870.9,2,alhlbx5
4467,16666468,"J Penman","2026-09-09 07:04:10",870.8,2,jpenman
4468,16840001,agheieff,"2026-09-05 13:16:29",870.7,1,agheieff
4469,16757903,"Om Singh","2026-08-27 07:05:06",870.6,1,spoilyfrog
4470,16759705,2nod,"2026-09-19 02:17:04",870.4,2,tsunoten
4471,16634093,gezi,"2026-09-09 08:07:03",870.4,2,goldenlock
4472,16662819,THeLAB,"2026-09-25 16:30:40",870.3,2,feuorme
4473,16670297,"Gebreab K. Zewdie","2026-08-26 00:22:15",870.2,2,gzewdie
4474,16685074,"Emir Can","2026-08-30 20:16:36",870.1,2,aerospacer
4475,16780130,与君作田,"2026-08-29 14:01:35",870.0,2,zhaoxi1244
4476,16758152,MiguelLFCG,"2026-08-30 11:20:49",869.8,2,miguellfcg
4477,16658245,ziliangCok,"2026-08-28 16:08:13",869.8,2,ziliangcok
4478,16756750,Charu,"2026-08-22 00:45:03",869.8,2,charu13a
4479,16753618,mushichou4,"2026-08-22 10:20:51",869.6,2,mushichou4
4480,16740399,"Lynn Pigott","2026-08-24 03:32:08",869.5,2,lynnpigott
4481,16655877,"Harish K","2026-08-25 19:09:49",869.3,2,harishk2209
4482,16714498,Zubekanov,"2026-08-18 01:14:49",869.2,2,zubekanov
4483,16707561,"Nick Rom111","2026-09-29 10:52:48",868.9,2,nickrom111
4484,16659763,clarkzhang1031,"2026-08-13 12:27:10",868.6,2,"clarkzhang1031,huafeihuang"
4485,16778410,"uriel villegas govea","2026-08-28 00:25:47",868.4,2,urielvillegasgovea
4486,16701633,"Jacob Davis","2026-08-23 15:06:50",868.3,2,jacobtdavis
4487,16653379,"Asakawa Ruriko","2026-08-30 00:31:08",868.3,2,asakawaruriko
4488,16769769,"Artur Shafiev","2026-08-29 05:29:31",868.1,2,arturshafiev
4489,16724452,Jay,"2026-08-20 00:34:34",868.0,2,jayshimada
4490,16729554,"JingSong Yang","2026-08-28 05:33:55",867.9,2,jingsongyang
4491,16753831,zhangjiaweii,"2026-09-04 07:26:21",867.8,2,zhangjiaweii
4492,16711928,Leraaaa,"2026-09-26 11:32:14",867.5,2,leraaaa
4493,16716697,"Habil Tobi","2026-08-28 20:57:52",867.1,2,habiltobi
4494,16636094,Hax2456,"2026-08-15 10:05:01",867.1,2,hax2456
4495,16744043,Take,"2026-08-23 14:17:27",866.9,2,takeuchidaisuke2001
4496,16661772,R3ddrag0n,"2026-09-02 19:43:09",866.8,2,r3ddrag0n
4497,16677592,keniii,"2026-08-25 00:29:31",866.7,2,kartheeswaran28
4498,16841296,Flesymevoli,"2026-09-06 08:49:58",866.7,2,flesymevoli
4499,16848207,vlad,"2026-09-15 11:56:09",866.6,2,khizanov
4500,16737843,"Muhammad Shoaib Memon","2026-08-23 19:52:52",866.3,2,muhammadshoaibmemon
4501,16665336,"maoyuan ma","2026-08-18 11:41:09",866.3,2,maoyuanma
4502,16763813,Sydney,"2026-09-26 01:39:40",866.2,2,n3yan7
4503,16722303,JohannPongratz,"2026-09-10 08:07:38",866.0,2,johannpongratz
4504,16736969,"york li13","2026-08-19 01:07:02",865.2,2,yorkli13
4505,16736250,Yizhi,"2026-08-31 06:03:48",865.1,2,yizhitao
4506,16732104,sizumita,"2026-09-12 01:21:14",864.9,2,sizumita
4507,16721070,LiuChen1350,"2026-08-26 05:30:30",863.9,2,liuchen1350
4508,16841344,"Abdoul Ahad Diop","2026-09-10 20:22:54",863.8,2,abdoulahaddiop
4509,16643125,"CARLOS CAADA ROSTRO","2026-08-21 19:23:34",863.8,2,carloscaadarostro
4510,16725441,lemon1219,"2026-08-21 15:37:35",863.7,2,lemon1219
4511,16663590,"Jakub Dolének","2026-08-13 13:08:32",863.6,2,dolenek
4512,16646679,tong00,"2026-08-17 12:02:11",863.5,2,tong00
4513,16743016,"MD Zeeshan","2026-08-20 18:13:32",863.5,2,makrovh
4514,16716930,"Direc M","2026-08-31 04:54:06",863.4,2,direcm
4515,16730320,Rosebuddychomp,"2026-09-12 07:54:11",863.4,2,rishabhshetye
4516,16638177,stpete_ishii,"2026-08-30 05:35:41",863.3,2,stpeteishii
4517,16665543,"Charan Manthena","2026-09-06 08:59:20",863.3,2,charanmanthena
4518,16786013,sakarush,"2026-09-02 13:17:42",863.3,2,sakarush
4519,16729054,"Shantanu Kesarkar","2026-08-27 05:50:23",863.1,2,shantanukesarkar
4520,16738657,Mactorr,"2026-09-02 22:44:15",863.0,2,mactorr
4521,16722319,"༺ANIS YT༻","2026-08-19 13:08:47",862.9,2,anisyt
4522,16661784,"XU XUXIANG","2026-08-27 12:57:06",862.6,2,"mikeaaaa14,xuxuxiang"
4523,16943744,"Quinn Cossette","2026-09-23 20:34:13",862.5,2,quinncossette
4524,16668721,"Efe Can Celiksoy","2026-08-13 22:00:41",862.1,2,efecnc
4525,16675503,"Jeff Marc E. Cadet","2026-08-30 17:56:07",862.0,2,jeffmarcecadet
4526,16743904,minamoto,"2026-08-25 16:53:16",861.4,2,usermina
4527,16726011,"Dawid Fleischer","2026-08-25 18:37:25",861.2,2,dawidfleischer
4528,16690612,"Mina Gayid","2026-08-16 12:59:16",861.0,2,minagayid
4529,16697458,"Lissandra Kruse Fuganti","2026-09-01 15:19:00",860.9,2,lissandrakruse
4530,16743216,xerkey,"2026-09-08 13:52:41",860.7,2,xerkey
4531,16876214,Yunfei_Z,"2026-09-17 16:32:21",860.7,1,zhaoyunfei
4532,16724233,"Rafal Porwol","2026-09-24 22:02:55",860.5,2,rafalporwol
4533,16732792,amaotone,"2026-08-20 14:27:36",860.4,2,amaotone
4534,16759813,tyf_scu,"2026-08-23 17:11:18",860.2,2,tyfscu
4535,16690970,"Raoul Biagioni","2026-08-22 06:37:40",860.2,2,raoulbiagioni
4536,16761019,"yiwen hou","2026-08-25 14:48:43",860.2,2,hevenhina
4537,16672003,carlscamt,"2026-08-14 17:19:42",860.1,2,carlscamt
4538,16698930,MrKiwi,"2026-08-19 09:34:31",859.6,2,mrkiwi
4539,16739488,Restodecoca,"2026-08-19 16:42:34",859.4,2,restodecoca
4540,16732654,Goated_Farmers,"2026-08-23 17:09:50",859.3,2,"mugundhjb,srinathduvvuri"
4541,16675807,cubreto,"2026-08-26 15:00:34",859.0,2,cubreto
4542,16708965,"Witold Dziurdz","2026-09-30 14:47:48",858.9,2,witolddziurdz
4543,16779275,XuetingWang,"2026-09-01 08:50:53",858.6,2,snoopy262
4544,16726281,rperez04,"2026-08-22 23:15:13",858.3,2,rperez04
4545,16661352,"Porch Goose","2026-08-21 02:52:24",858.3,2,jaclyndeem
4546,16793229,"Waseem Mushtaq","2026-08-30 13:38:14",858.1,1,waseemmushtaq045
4547,16731432,sieradni,"2026-09-01 06:12:00",857.7,2,sieradni
4548,16683813,WangQrkkk,"2026-09-23 15:58:31",857.7,2,wangqrkkk
4549,16675905,HydFarms,"2026-08-30 11:22:11",857.6,2,"kumaramar,ronithjaju,shiveshcgatech,vidhishah115"
4550,16805870,"Ngo Trung","2026-09-12 17:12:53",857.5,2,trungngotdt
4551,16765215,"arlenjim ","2026-08-24 19:32:48",857.4,2,arlenjim
4552,16692639,"Bharat Kumar0925","2026-09-04 19:52:25",857.3,2,bharatkumar0925
4553,16698214,Juandix,"2026-08-18 03:35:51",857.3,2,juandix
4554,16784133,"HASNAIN HAIDER","2026-09-01 17:02:27",857.3,2,techzero
4555,16716991,XristosFilip,"2026-08-18 16:43:34",856.9,2,xristosfilip
4556,16660233,ko9ma,"2026-09-08 08:42:33",856.9,2,kohojung
4557,16698576,monnu,"2026-08-19 05:55:01",856.7,1,fuumin621
4558,16668700,"Pranshu Ghori","2026-08-17 22:02:35",856.7,2,pranshughori
4559,16625856,takai380,"2026-09-01 02:34:05",856.6,2,takai380
4560,16664120,SaiDuttaAbhishekDash,"2026-08-21 20:30:01",855.9,2,saiduttaabhishekdash
4561,16728067,"Chenzhao Li","2026-08-18 08:04:21",855.7,2,heartquest
4562,16735075,"Ronchen Luo","2026-08-18 04:29:47",855.4,2,ronchenluo
4563,16755071,"Varun Rao","2026-08-26 18:46:59",855.1,2,varunraosfanlkan
4564,16765953,"Muhammad Ahmed","2026-08-26 13:46:48",855.0,2,muhammad4hmed
4565,16729691,YinuoChen271,"2026-08-17 15:42:51",854.9,2,yinuochen271
4566,16644145,"Mehdi Azouz","2026-09-07 11:22:07",854.5,2,mehdiazouz
4567,16677945,"Quân Trần","2026-08-25 06:43:39",854.5,2,wuntrn
4568,16790548,"Francesco Del Sesto","2026-08-31 10:47:27",854.2,2,francescodelsesto
4569,16680065,Vishodhan,"2026-08-14 23:46:15",853.9,2,vishodhan
4570,16745312,"Alexie Huynh","2026-08-22 08:27:27",853.8,1,alexiehuynh
4571,16696098,Valmorlee,"2026-08-23 19:40:07",853.8,2,valmorlee
4572,16770884,VegetabledogNeo,"2026-08-31 01:23:25",853.8,2,vegetabledogneo
4573,16715506,"Moo Point","2026-08-17 21:44:26",853.5,2,"gnarlycow,tianmeiwang"
4574,16722330,"Jean-Louis Roy","2026-08-31 07:44:08",853.5,2,jeanjean111
4575,16756925,"Dread Development","2026-09-05 11:38:51",853.1,2,"dreaddevelopment,seanornberg"
4576,16665927,"bhavya shah","2026-08-17 11:06:22",853.1,2,bhavyashah007
4577,16844277,"Akash Chanran","2026-09-09 16:48:32",853.0,2,"akashchanran,shruti9345"
4578,16733576,"Ojas Aklecha","2026-08-17 18:34:02",852.9,2,ojasaklecha
4579,16636079,"Pawan Rama Mali","2026-09-30 15:44:53",852.8,2,pawanmali
4580,16712535,"Benjamin Beaujard","2026-08-18 11:03:03",852.8,2,benjaminbeaujard
4581,16689601,"Prathmesh Adsod","2026-08-18 03:55:13",852.7,2,prathmeshadsod
4582,16724351,"Luxshan Thavarasa","2026-08-24 09:58:38",852.6,2,luxluxshan
4583,16667843,"durgesh dere","2026-08-21 16:10:13",852.5,2,durgeshdere08
4584,16683193,Paami,"2026-08-24 01:21:00",852.4,2,coldpaami
4585,16632164,"Tim Shini","2026-08-30 18:04:29",852.3,2,timshini
4586,16697922,TingyuanLi277,"2026-08-21 03:39:03",852.2,2,tingyuanli277
4587,16655195,Pirhosseinlou,"2026-08-24 18:17:43",852.2,2,pirhosseinlou
4588,16639732,"Junbeom Lee23","2026-08-15 02:45:23",852.1,2,junbeomlee23
4589,16684075,"Tianfang Li","2026-09-25 02:41:25",851.2,2,tianfangli1
4590,16630839,steubk,"2026-09-25 05:24:44",850.3,2,steubk
4591,16719414,SahilKumarTolani,"2026-09-10 16:16:07",850.0,2,sahilkumartolani
4592,16653129,"Prashanth Reddy Biyyani","2026-08-20 13:53:37",850.0,2,"prashanthbiyyani,shivagurrala,sumu1526"
4593,16718572,MLarpers,"2026-08-22 14:06:48",849.9,2,"koteikachannel,mrhornetik"
4594,16662338,jaepyeocho,"2026-09-30 14:31:05",849.9,2,jaepyeocho
4595,16828844,"SHOUHEI IKEDA","2026-09-06 23:29:56",849.8,2,shouheiikeda
4596,16712459,松原琉喜,"2026-08-14 14:54:47",849.8,2,ryuki12kyo
4597,16737561,"Raj Aryan Singh","2026-08-18 11:50:54",849.8,2,kratos14raj
4598,16724584,"Jinx JK","2026-09-30 22:32:03",849.8,2,jinxjk
4599,16664128,"Michael Todd Overdorf","2026-08-17 00:32:51",849.6,2,michaeltoddoverdorf
4600,16710141,htatsumi,"2026-08-15 01:07:11",849.4,1,tatsumihasebe
4601,16666057,StopPlantingStartGameTheorying,"2026-09-08 07:53:27",849.4,2,mymelodyenjoyer
4602,16725342,little_d1d1,"2026-08-16 04:24:39",849.4,2,littled1d1
4603,16729273,"Munib Ur Rehman Memon","2026-08-24 20:48:08",849.4,2,muniburrehmanmemon
4604,16671694,evananann,"2026-08-19 07:46:36",849.4,2,evananann
4605,16726660,"Prime Leo","2026-08-23 14:21:53",849.3,2,primeleo
4606,16634166,Yuki.O,"2026-08-19 01:38:42",849.2,2,yukiohkawa
4607,16726071,"PDF ULTRA","2026-08-20 19:36:33",848.9,2,"alengevorgyan,gab0yan"
4608,16735582,"Tumaini Makena","2026-08-18 06:01:09",848.7,1,tumainimakena
4609,16712185,"Vishal Khomane","2026-09-02 15:32:38",848.6,2,vishal567
4610,16664683,"Halapeño Farms","2026-09-14 00:35:12",848.6,2,haladaj
4611,16870431,"Adam Brink","2026-09-11 11:09:17",848.6,2,adambrink
4612,16725335,"Chris #2","2026-08-29 15:32:47",848.3,2,kagglecompetechris
4613,16721383,"Emon xu","2026-08-21 16:14:05",848.1,2,emon0xuyym
4614,16705328,"Ester Arias","2026-09-29 15:26:07",848.1,2,esterarias
4615,16623226,"Hafida Belayd","2026-09-05 17:12:33",847.7,2,hafidabelayd
4616,16890232,"Yihan Guo #2","2026-09-18 02:40:07",847.7,2,kagglebushswill
4617,16687068,digiliwigili,"2026-08-22 12:49:07",847.4,2,kukchyievervin
4618,16631595,CuteClaw,"2026-08-14 01:25:52",847.3,2,bloodmoonwq
4619,16722120,nekoha,"2026-08-15 15:01:16",846.7,2,nekoha
4620,16760295,"Luke Hurt","2026-08-24 01:03:42",846.7,2,lukehurt
4621,16638375,"Tran H Hoang","2026-08-14 17:01:27",846.4,2,tranhhoang
4622,16708185,XiaoYan12,"2026-09-13 17:57:28",846.3,2,xiaoyan12
4623,16714902,HunterBlue,"2026-08-13 18:54:47",846.2,2,marianacodebase
4624,16710421,SZ_00_zyz,"2026-08-20 02:54:53",845.3,2,sz00zyz
4625,16718947,"Dani Ortega","2026-08-25 07:07:35",845.3,2,daniortega99
4626,16672653,Cultuurstelsel,"2026-08-13 16:59:47",845.2,2,ryuorlandotamin
4627,16728914,d0gied,"2026-08-17 15:12:08",845.2,2,d0gied
4628,16674684,next-best-agent,"2026-08-17 15:28:53",844.9,2,"minhduy13ly,tdtu981"
4629,16659614,"Heikki Leskelä","2026-08-22 16:35:42",844.8,2,heikkileskela
4630,16750457,"Adrian Ricardo da Silva","2026-08-25 11:21:43",844.8,2,adrianricardodasilva
4631,16669897,"Tahsan Ferdous","2026-08-14 19:30:09",844.8,2,tahsanferdous
4632,16639250,"Hamed Seyed-allaei","2026-08-21 19:11:09",844.2,2,pinocchio
4633,16670118,"Álvaro Benítez","2026-08-29 15:46:04",844.2,2,lvarobentezlvarez
4634,16738745,"Anh Quân","2026-08-24 13:41:30",844.0,2,qunanh
4635,16729640,"Наталья Скляр","2026-08-21 18:11:07",843.8,2,natsklyar
4636,16709214,"Ariel Suntasig","2026-08-17 19:46:09",843.8,2,arielsuntasig2001
4637,16720720,道海孤舟,"2026-08-21 06:59:41",843.7,2,unseenanch
4638,16752018,三浦桂基,"2026-08-30 04:00:30",843.7,2,keikipc
4639,16771677,"hedy huangyuheng","2026-08-27 02:13:28",843.2,2,hedyhuangyuheng
4640,16633222,maxingkong733,"2026-08-18 23:32:58",843.1,2,maxingkong733
4641,16725346,sokoranohimazin,"2026-08-18 19:39:07",842.9,2,sokoranohimazin
4642,16693934,evnchn,"2026-08-23 15:41:50",842.8,2,evnchn
4643,16673234,MACvengers,"2026-08-19 16:34:04",842.2,2,"astrojaswanthkumar,ikpikp"
4644,16661423,"Rishavendra Sharma","2026-09-30 13:04:06",841.9,2,rishavendrasharma
4645,16668069,jackhsia,"2026-08-23 15:56:13",841.9,2,jackhsia
4646,16663240,"Rilen T. L.","2026-08-18 13:45:46",841.8,2,"jairosilvabastos,rilentl"
4647,16655368,"Mohammed Maqsood L","2026-08-19 10:40:17",841.7,2,mohammedmaqsoodl
4648,16719536,"Mandy Lin","2026-08-14 03:18:29",841.6,2,ydnamlin
4649,16679560,LEET,"2026-08-15 00:45:52",841.5,2,soufianelasfar
4650,16658097,Sujay,"2026-09-17 06:08:01",841.4,2,sujayprodduturi
4651,16666665,Team-Veraxion,"2026-08-31 08:24:24",841.2,2,"anuragvelekat,ayushiitomar,faizmemon,hariharigandikota"
4652,16727842,"Iadh Jarray","2026-08-17 13:45:11",841.1,2,iadhjarray
4653,16809168,"Shaun the Sheep ","2026-09-26 11:43:12",840.9,2,badlandsram
4654,16682471,Soumya2003,"2026-09-17 09:22:26",840.9,2,soumya2003uyvv755
4655,16771277,zhaowenyi7,"2026-08-31 09:18:04",840.7,2,zhaowenyi7
4656,16694091,"Nan Leng","2026-08-23 07:41:41",840.5,2,nleng66ca
4657,16637329,Rucbic,"2026-08-19 17:32:21",840.5,2,rucbic
4658,16660268,"Sébastien Mametz (Pixs)","2026-08-14 09:08:39",840.3,2,sbastienmametzpixs
4659,16632777,"Alexandrine Cakpo","2026-08-20 10:20:22",840.3,2,alexandrinecakpo
4660,16653890,YUKRUB,"2026-09-11 08:55:14",840.2,2,yukrub
4661,16727191,"Alexander Kokshenin","2026-08-20 02:08:15",839.9,2,kokshenin
4662,16670791,Hugelidus,"2026-08-25 03:43:18",839.9,2,hugelidus
4663,16756557,"Marius Heuser","2026-08-24 21:41:31",839.8,2,mariusheuser
4664,16710128,"KeHao Liu","2026-08-14 01:52:29",839.4,2,kehaoliu
4665,16625241,"Mutoy Choi","2026-09-01 07:42:20",839.3,2,mutoy1
4666,16701362,"Papa Annan","2026-08-20 21:26:39",839.2,2,papaannan
4667,16759652,Fnoa,"2026-08-23 12:26:39",839.0,2,trasibulo
4668,16734803,guoziyi123456,"2026-09-30 23:51:47",838.9,2,"ax1lec,guoziyi123456,linhexlu,xuanzhechen"
4669,16764422,"ong bee","2026-09-09 02:25:57",838.6,2,ongbee
4670,16710094,winwinwin,"2026-09-03 13:22:51",838.4,2,"ouyangruize,teecemackenieo"
4671,16691830,"Nikita Lugovoy","2026-08-15 03:39:17",838.3,2,nikital7
4672,16738825,RishabhSpark,"2026-08-28 05:11:27",838.0,2,rishabhspark
4673,16697936,"Sami Cakiral","2026-08-15 19:43:40",837.9,2,samicakiral
4674,16754086,Beenvvv,"2026-08-25 05:57:29",837.9,2,beenvvv
4675,16724060,"Mạnh Linh Hoàng","2026-08-15 15:54:52",837.9,2,manhlinh1501
4676,16739298,"ricardo assaad","2026-08-18 19:03:22",837.7,2,ricardoassaad
4677,16666939,20237208_黄奕恺,"2026-08-22 12:53:27",837.7,2,mrhuangyy
4678,16759625,gkg223,"2026-09-03 19:17:02",837.6,2,gkg223
4679,16660840,"An Garcia","2026-09-25 14:11:29",837.6,2,angarcia
4680,16743741,Arooran,"2026-08-24 13:37:47",837.1,2,arooransivakarunai
4681,16633240,Igor,"2026-09-30 13:48:32",836.7,2,igor14497
4682,16803602,ihiratch,"2026-09-06 15:57:56",836.5,2,ihiratch
4683,16722986,"Abhiram 9803","2026-08-15 18:43:09",836.5,2,abhiram9803
4684,16729372,"Gaspard Plt","2026-08-17 21:58:55",836.5,2,gaspardplt
4685,16768022,"Miles Oberting","2026-08-31 23:48:39",836.3,2,milesoberting
4686,16738278,yansf677,"2026-09-01 12:24:29",836.2,2,yansf677
4687,16719262,sadjeen00,"2026-08-14 02:15:50",836.2,1,sadjeen00
4688,16634172,"Mario Cicala","2026-09-05 03:06:37",836.2,2,mariocicala
4689,16774237,"Dennis SH Lai","2026-08-30 17:21:31",836.1,2,dshihlai
4690,16662940,"The Coder Geek Squad Leader","2026-08-17 09:23:58",835.5,2,soulemaneisissifou
4691,16669191,"Mohammed Nomaan","2026-09-19 19:48:47",835.5,2,nomaanz
4692,16623445,"Hasin Raihan Dhrubo","2026-08-16 09:28:12",835.4,1,hasinraihandhrubo
4693,16622367,mg,"2026-08-23 17:49:21",835.2,2,"egorkashpar,sashaboriskin,smooky"
4694,16728901,dqvide,"2026-08-17 19:53:39",835.2,2,dqvide
4695,16667324,"Muhammed selim Bilic","2026-08-26 17:02:17",835.0,2,muhammedselimbilic
4696,16621219,"Inna Campo","2026-08-15 09:08:23",834.7,2,innacampo
4697,16667787,"Daryl Brach","2026-08-17 09:41:51",834.6,2,dbrach
4698,16719006,bouiboui,"2026-08-20 18:55:02",834.4,2,bouiboui
4699,16656584,Spintronic,"2026-08-19 15:24:17",834.3,2,spintronic
4700,16634650,UnfriendlyAI,"2026-08-24 11:44:47",834.2,2,unfriendlyai
4701,16664334,"Satishvaran Ragu","2026-08-28 03:07:19",834.2,2,satishvaranragu
4702,16707598,Kamazarashi,"2026-08-18 05:40:15",834.2,2,kamazarashi
4703,16680967,Tyooughtul,"2026-08-16 00:58:06",833.8,2,yooughtul
4704,16713267,"yq l68135","2026-08-21 21:35:52",833.8,2,yql68135
4705,16724109,"small fry in the underworld","2026-09-11 05:51:16",833.5,2,wwwwhitley
4706,16724353,PrathamGupta,"2026-08-17 02:04:38",833.5,2,prathamguptaaaaaaa
4707,16672199,Vachan,"2026-08-20 07:33:48",833.4,2,vachanpadival
4708,16678872,ibrahim,"2026-08-17 19:30:32",833.1,2,skyfish77
4709,16666578,STRAF,"2026-08-23 23:07:25",833.1,2,nikosstraf
4710,16727090,"Deep Blue Pasture","2026-08-17 02:28:34",832.7,2,shamanah
4711,16719238,"Rômulo Siqueira","2026-08-20 00:15:16",832.6,2,romulosiqueira
4712,16841647,patitod,"2026-09-06 01:22:09",832.2,2,anasofaescobar
4713,16623470,rurumi,"2026-09-02 05:21:15",832.2,2,rurururumi
4714,16658081,ando,"2026-08-20 01:52:23",832.1,2,andoshunsuke
4715,16892971,BeachedRobot,"2026-09-30 22:20:19",831.9,2,beachedrobot
4716,16654381,"Dmitry Belan","2026-08-30 17:16:29",831.9,2,dimong4
4717,16662023,"Vikas Kumar","2026-09-08 17:17:57",831.8,2,vikshit104
4718,16715244,uri_kkyhr,"2026-08-15 04:53:37",831.7,2,urikkyhr
4719,16732685,Tanmay,"2026-08-23 18:16:07",831.6,2,blankkz
4720,16664762,"John Marinton","2026-09-22 13:52:40",831.4,2,marintonjohn
4721,16657610,"H Bharath","2026-08-31 18:54:57",831.2,2,hbharath
4722,16675161,iVl44d,"2026-09-24 11:18:03",831.2,2,ivl44d
4723,16708226,asi1024,"2026-08-16 13:14:53",831.0,2,asi1024
4724,16695615,Celinao,"2026-08-14 08:02:47",830.9,2,celinao
4725,16622627,"Erik van de Ven","2026-09-23 14:18:28",830.6,2,erikvdven
4726,16767164,"yuhan wu","2026-08-26 09:37:53",830.4,2,yuhanwu487
4727,16722112,nyori,"2026-09-30 23:36:49",830.3,2,nyoriworks
4728,16738235,tenfish,"2026-09-22 15:26:05",830.1,2,"oygdri,takatoyoshikawa"
4729,16727379,"Nicholas Chua","2026-08-20 16:28:44",830.1,2,nickckb
4730,16697689,"Pavel Pakhmutov","2026-08-12 23:11:23",830.1,2,pavelpakhmutov
4731,16708624,"Aboubacar HEMA","2026-08-19 14:24:02",830.1,2,"aboubacarhema,marcmare,wilfredkouadjo"
4732,16710389,GuerillaMoon,"2026-08-19 22:33:46",830.0,2,guerillamoon
4733,16715024,"Ömer Özbek","2026-08-22 13:50:34",830.0,2,omerozb
4734,16687596,AjPrem,"2026-09-14 02:49:09",829.5,2,"ajprem,jefferysingh,neelcasula"
4735,16685850,K,"2026-08-14 06:37:41",829.2,2,kolci017
4736,16726115,helloworld311,"2026-08-17 05:52:20",829.1,2,helloworld311
4737,16699745,"Norbert Szolnoki","2026-08-18 11:39:55",828.9,2,norbertszolnoki
4738,16705176,"Ruslan Raupov","2026-08-20 09:10:24",828.9,2,ruslanraupoff
4739,16725242,chinchilla,"2026-08-19 10:53:07",828.8,2,tgwstr
4740,16724262,"Obu obu","2026-08-15 10:48:05",828.8,2,obuobu
4741,16651672,"Xiaolei Lian","2026-08-19 03:18:04",828.7,2,xiaoleilian
4742,16717792,han10086,"2026-08-13 15:05:21",828.5,2,han10086
4743,16655335,Justus,"2026-08-19 14:18:38",828.5,2,justus0
4744,16695093,"Ryota Murai","2026-08-27 15:28:04",828.5,2,rmuraix
4745,16726232,"sayed rafi","2026-08-18 21:13:00",828.2,2,sayedrafi
4746,16723132,Bridgeport,"2026-08-21 20:25:32",828.1,2,bridgeport
4747,16656931,pns,"2026-08-15 09:45:46",828.1,2,"nikhilkasyap07,premsivasai,saranboddu"
4748,16664759,OrGanAIc,"2026-08-14 22:58:18",827.8,2,arghyaranjandas
4749,16698884,VVVoyager,"2026-08-14 03:55:10",827.8,2,"haoxuanshan,hengnui"
4750,16649313,"Jiajun HAN","2026-08-14 07:13:57",827.8,2,jiajun1
4751,16750477,"Tapabrata Biswas","2026-08-25 13:11:13",827.6,2,"dumbakaash,ishanhira"
4752,16936191,WDK777,"2026-09-23 16:12:36",827.5,2,wdk777
4753,16761849,viber3221,"2026-08-24 13:38:59",827.3,2,viber3221
4754,16756415,"Mihai Balan","2026-08-31 06:39:25",827.0,2,mihaibalan
4755,16691946,"Hassan Algizani","2026-08-13 20:20:09",826.9,2,hassanalgizani
4756,16678346,"Farhan Abid","2026-09-30 18:11:21",826.4,2,farhanabidtech786
4757,16764850,"cy zhang","2026-09-29 12:29:24",825.9,2,zcy20051117
4758,16651833,"Hồ Khánh Duy","2026-08-14 17:52:23",825.9,2,hkhnhduy
4759,16721947,groots,"2026-08-16 06:32:40",825.3,2,muhammadismail433
4760,16691702,kss,"2026-08-13 19:30:20",825.3,2,l0glikelihood
4761,16654548,DataSluts,"2026-08-28 07:00:12",825.1,2,"rahulmedida,siddarthnayak50,sivasu07"
4762,16675088,"Andrei Chulkov","2026-08-15 19:43:12",825.0,2,andreichulkov
4763,16772450,"Muneeba Badar","2026-08-25 21:19:13",824.7,2,muneebabadar
4764,16765065,"Rohith T R","2026-08-26 13:28:38",824.5,2,rohithtrgod
4765,16675655,TrebolNoir_,"2026-09-01 12:59:42",824.5,2,trebolnoir
4766,16629292,"Syed Saad Hasan Emad","2026-08-17 06:14:38",824.4,1,syedsaadhasanemad
4767,16745294,"Ahmed Ehab Fathi","2026-09-05 01:27:13",824.1,2,ahmedehabfathi
4768,16802892,YUYA,"2026-09-06 08:34:05",824.1,2,yuyaizumikawa
4769,16744355,"Sameera T","2026-08-22 10:13:47",823.9,2,sameeramaq
4770,16821267,1417,"2026-09-11 13:14:32",823.5,2,"dongyuhao,liuyihang026,yejialin"
4771,16698439,"Pournami Prakash","2026-09-12 20:17:14",823.3,2,pprakas
4772,16925900,"Marco Papotti","2026-09-26 14:48:26",823.0,2,marcopapotti
4773,16927988,"Ravi Ramakrishnan","2026-09-20 05:22:13",822.7,1,ravi20076
4774,16666033,"Shota Takano","2026-09-30 12:58:43",822.6,2,shotatakano
4775,16724795,yangqi1234,"2026-08-23 08:26:23",822.6,2,yangqi1234
4776,16623791,rakumo,"2026-08-19 23:46:04",822.6,2,sirakumo
4777,16696983,"JKM Ventures","2026-08-17 22:58:03",822.5,2,jeffreydrew
4778,16842806,"Yan Tao Tang","2026-09-07 10:41:41",822.5,2,yantaotang
4779,16667734,SuroRitch,"2026-08-15 16:23:52",822.5,2,suroritch
4780,16740700,"Vyas Senthilkumar","2026-08-19 04:26:42",822.5,2,vyassenthilkumar
4781,16678172,"Eishkaran Singh","2026-08-19 19:12:02",822.4,2,eishkaran
4782,16656934,"Aleks Kolesnik","2026-09-30 22:34:35",822.4,2,aleksandrkolesnik
4783,16756399,"old Ryne Mac had a farm","2026-08-21 19:44:11",822.3,1,rynemac
4784,16711910,"Artem Zapara","2026-08-18 16:48:51",821.8,2,artemzapara
4785,16710587,durgasai,"2026-09-01 13:14:36",821.7,2,dsainvg
4786,16748246,"Eric S","2026-08-26 12:50:54",821.6,2,ericsangberg
4787,16670755,"Amine zeDDouk","2026-08-18 09:37:41",821.5,2,aminezeddouk
4788,16704589,"Lobato MBA IA Big Data","2026-09-30 23:08:56",821.4,2,lobatombaiabigdata
4789,16633096,anvai_agents,"2026-08-20 05:50:45",821.3,2,"anandgaikwad7781,vaidehidhamnikar"
4790,16640368,"Nkosi Ndwandwe","2026-09-06 05:03:26",821.3,2,nkosindwandwe
4791,16689447,"Ivan Berrutto","2026-08-13 04:14:38",821.2,2,ivanberrutto
4792,16770648,"Yoshitaka Nozaki","2026-08-26 00:38:06",821.1,1,yoshitakanozaki
4793,16734578,"Pascal Andreas","2026-08-26 17:42:14",820.8,2,pascalandreas
4794,16803651,gyujinst,"2026-09-05 01:44:38",820.6,2,gyujinst
4795,16692851,ichnixhelle,"2026-08-12 22:20:24",820.5,2,ichnixhelle
4796,16729421,Oblivix,"2026-09-02 04:16:25",820.4,2,"aradhyatiwariii,oblivix"
4797,16768647,vaultguard,"2026-09-14 21:08:32",820.1,2,vaultguard
4798,16715628,Dian,"2026-08-17 01:57:33",820.1,2,clas233
4799,16840694,"cory cozy","2026-09-06 11:48:38",819.8,2,corycozy
4800,16763120,"Shivam Singh #2","2026-08-23 16:56:35",819.6,1,shivamsingh17072001
4801,16709462,"KK #2","2026-08-14 09:06:37",819.4,2,kk2909
4802,16809122,"federico battello","2026-09-10 15:05:02",819.2,2,federicobattello
4803,16662615,"Anurag irawit","2026-09-01 14:16:49",819.1,2,anuragirawit
4804,16674479,"Alan Rosston","2026-08-14 08:20:49",819.0,2,alanrosston
4805,16701868,AJ,"2026-09-09 20:53:34",818.8,2,abduljabbarcalica
4806,16679443,albu,"2026-08-15 19:22:12",818.7,2,albuslaev
4807,16697223,"Azizii Gill","2026-09-09 21:27:12",818.6,2,aziziigill
4808,16635317,"KAKA Minishijie","2026-08-26 04:36:55",818.4,2,kakaminishijie
4809,16663352,"Avnish Sharma","2026-08-31 14:42:23",818.3,2,kewlaz
4810,16657803,"Arya Mazloomi","2026-08-14 00:17:11",818.1,2,aryamazloomi
4811,16735102,"Zhiqi Liu","2026-08-31 02:57:12",817.9,2,crazyqiqi
4812,16723941,teraSurfer40141,"2026-08-16 01:16:49",817.9,2,r00tt00r
4813,16713178,Funno,"2026-08-19 17:32:54",817.8,2,yes711
4814,16633580,Vinymo,"2026-08-23 15:32:23",817.7,2,vinymo
4815,16719002,Astraeus,"2026-09-14 15:53:57",817.7,2,astraeusdotdev
4816,16641288,nakagawaren0805,"2026-09-12 10:35:10",817.5,2,nakagawaren0805
4817,16889392,Prit_44421,"2026-09-14 11:29:09",817.2,2,prit44421
4818,16724947,teacherli0,"2026-08-16 03:09:09",817.1,2,teacherli0
4819,16688368,"Lam Vo","2026-08-15 16:39:23",817.1,2,nhatlam
4820,16765526,"Kotala Kishan Reddy","2026-08-24 08:56:22",816.9,1,kotalakishanreddy
4821,16698256,Mint,"2026-08-17 18:39:08",816.7,2,rorandangerous
4822,16839110,0x3f,"2026-09-26 03:43:58",816.5,2,zhangbowen1005
4823,16750344,Vaasu0501,"2026-08-28 16:49:39",816.4,2,vaasu0501
4824,16727019,uitsnf,"2026-08-23 15:45:22",816.2,2,uitsnf
4825,16728460,oh-Artistburger-AHA-TastyMeat!,"2026-08-16 11:54:46",816.1,1,akikukeo1
4826,16632444,"Issac “Izreal” Davis","2026-08-13 20:42:03",815.4,2,issacizrealdavis
4827,16664860,ANUJPUROHIT18,"2026-09-01 05:03:07",815.3,2,anujpurohit05
4828,16636909,"wking edewd","2026-08-21 11:21:57",815.2,1,wkingedewd
4829,16691987,0xalgos,"2026-08-17 09:35:28",815.1,2,anandvashishtha5362
4830,16740320,NguyenAn27,"2026-08-20 00:46:32",814.8,2,nguyenan27
4831,16713155,AdarshAleti,"2026-08-18 05:39:57",814.7,2,adarsh1077
4832,16732462,"Aji Samudra","2026-08-24 09:05:21",814.5,2,ajisamudra
4833,16738705,"Atilla Y","2026-09-12 06:51:34",814.4,2,atillay
4834,16659314,Sandeep063,"2026-08-25 12:44:22",814.4,2,sandeep063
4835,16691976,"Harini Panigrahi","2026-08-14 16:57:32",814.4,1,harinipanigrahi
4836,16750726,prince22466,"2026-09-30 21:14:43",814.1,2,prince22466
4837,16856021,PSI,"2026-09-08 19:26:40",814.0,1,vinayak121
4838,16712888,Vux,"2026-08-20 14:32:16",813.7,2,weiyu85
4839,16729828,spunkrock,"2026-08-16 20:08:06",813.3,1,spunkrock
4840,16666884,"Antonio Stanciu","2026-08-15 14:33:52",813.2,2,stanciuantonio
4841,16713771,bndang,"2026-09-19 21:22:11",813.2,2,bndang
4842,16748717,mt,"2026-08-20 13:09:12",813.2,1,mtanakaslgfreak
4843,16625611,"Karl Smile","2026-08-28 16:42:46",812.8,2,karlsmile
4844,16659123,sd,"2026-08-18 17:46:56",812.5,2,siddharthadevkota
4845,16656990,"NALLA SUMANG","2026-08-30 03:15:46",812.3,2,sumangnalla
4846,16719100,"Abhiraj Singh","2026-08-14 12:02:33",812.3,2,cyberdrago
4847,16665125,"David Schindler15","2026-08-14 04:58:39",812.3,2,"davidschindler15,mz3207"
4848,16663313,onlysmrtsumx,"2026-08-12 01:29:30",812.2,2,onlysmrtsumx
4849,16628295,qwertykeypadapple,"2026-08-13 19:05:04",812.0,2,qwertykeypadapple
4850,16805763,"Masaya Kawamata","2026-09-04 03:39:48",812.0,2,masayakawamata
4851,16651623,"Sarvesh Talele","2026-08-28 05:18:58",812.0,2,sarveshtalele
4852,16656519,"Chris Laska","2026-08-25 19:45:39",811.6,2,chrislaska
4853,16785505,"Rishiraj Acharya","2026-09-08 04:26:42",811.5,2,rishirajacharya
4854,16720088,"Oiti Roy","2026-08-14 06:26:04",811.3,1,oitiroy
4855,16734450,"Ian Teigen","2026-08-18 00:04:38",811.3,2,ianteigen
4856,16634143,"manual player","2026-08-14 00:41:13",811.2,2,prospal
4857,16781516,"Hongbin Guokaggle","2026-08-29 04:16:00",810.7,2,hongbinguokaggle
4858,16671821,donglee,"2026-08-13 09:13:09",810.7,1,dongleeovo
4859,16634824,yuki16,"2026-08-27 02:55:04",810.5,2,yuki16
4860,16789587,"José Luis","2026-09-30 20:14:52",810.3,2,joseluissz
4861,16691714,"Wesley Juraschek","2026-08-19 06:07:37",810.2,2,wesleyjuraschek1
4862,16717630,Amer,"2026-08-13 21:23:41",810.2,2,amerhu
4863,16655179,"I Need an Internship","2026-08-15 02:39:23",810.1,2,dimasibnumuthi
4864,16715319,ocha_heaven,"2026-08-19 13:10:14",810.0,2,ochaheaven
4865,16734492,Orynx,"2026-08-19 08:01:33",810.0,2,"inderj1,jayveersingh6"
4866,16714980,Chenaters,"2026-08-16 08:41:10",809.9,2,chenaters
4867,16726512,shash,"2026-08-15 19:41:18",809.7,1,zshashz
4868,16672243,"Fazil Putra","2026-08-14 01:24:17",809.6,2,fazilputra
4869,16701969,旧楚狂人,"2026-08-15 14:20:59",809.4,2,jiuchukuangren
4870,16695691,neural-canvas,"2026-08-12 20:46:37",809.2,2,mrsanap
4871,16650372,Greed,"2026-08-12 17:18:47",809.1,2,greedshen
4872,16639230,Rylan,"2026-08-15 13:15:45",809.1,2,"liuruihan333,wangxiaodundun"
4873,16757566,"Ankit Kumar","2026-08-23 12:03:53",809.0,2,imankit57
4874,16692548,"Rockstar Farmer","2026-08-19 05:15:37",809.0,2,yuhaili
4875,16898760,"Berat Erol ÇELİK","2026-09-27 15:44:39",809.0,2,beraterolelk
4876,16766905,Antigone_duckduck,"2026-08-24 16:38:37",808.9,2,antigonexzh
4877,16623444,"sary sary","2026-09-22 20:50:21",808.4,2,sarysary
4878,16714058,"Ahmet Erdem Pamuk","2026-08-12 18:59:18",808.4,2,ahmeterdempamuk
4879,16743737,"Joanna C.","2026-08-20 23:07:09",808.3,2,joannaciesielski
4880,16696561,"Ali Ramazanov","2026-09-22 07:46:58",808.2,2,aliramazanov
4881,16699610,"Sneha ","2026-08-17 01:00:34",808.1,2,kharya3
4882,16685626,"Livingstone Selassie","2026-08-16 00:26:50",807.8,2,"hackerx019,livingstoneselassie"
4883,16748524,TongY26,"2026-08-21 08:33:16",807.7,2,tongy26
4884,16680931,"Rattan Singh","2026-08-16 04:23:37",807.5,2,rattans
4885,16700995,"Maram Ali","2026-08-15 09:13:15",807.4,2,msama01
4886,16749347,Shibungi,"2026-09-01 06:52:21",807.4,2,shibungi
4887,16691012,"Sanzhar Almasuly","2026-08-29 07:28:34",807.2,2,sanzharalmasuly
4888,16701759,xycai,"2026-08-14 17:23:35",807.1,2,xycaipku
4889,16651052,lty,"2026-08-18 02:33:01",807.0,2,linwei9
4890,16729484,"Sankalp Nagineni","2026-08-16 17:35:31",806.9,2,sankalpnagineni
4891,16715187,maker2026,"2026-09-09 00:38:59",806.7,2,maker2026
4892,16748421,lulzx,"2026-08-20 17:52:11",806.5,2,lulzxy
4893,16725354,"Swaroop piduguralla","2026-08-19 14:23:28",806.4,2,pnsaimanitejaswaroop
4894,16729874,"Shane Schisler","2026-09-26 19:33:37",806.4,2,seschis
4895,16731243,"[Deleted] dab36be1-9992-4710-95f4-39a9f7a2cd3c","2026-08-24 15:13:27",806.3,2,del=fd92954ed0c92f1a
4896,16778206,yuanlao153,"2026-08-28 15:00:04",806.3,2,yuanlao153
4897,16735125,mtskggle,"2026-08-22 04:50:43",806.0,2,matsusakaggle
4898,16696631,"saya akan lawan!","2026-08-21 18:42:23",805.9,2,nurhadibudhy
4899,16726064,"sana slama","2026-08-15 17:01:13",805.8,1,sanaslamamm
4900,16656948,"alexander kern","2026-08-24 18:02:17",805.7,2,alexanderkern
4901,16763978,"Swayam Gode","2026-09-07 16:15:33",805.3,2,swayamgode2
4902,16674683,"Ali Esam","2026-09-11 17:00:03",805.2,2,zyxsu0
4903,16697024,"Jiri Prudky","2026-09-06 06:00:57",805.1,2,jiprud
4904,16773559,"Abhishek Mahto","2026-08-26 06:40:07",804.9,1,abhishek3115
4905,16623753,HZM,"2026-09-11 04:34:07",804.8,2,leehann
4906,16691524,"Martim Nascimento","2026-09-05 15:54:47",804.0,2,martimnascimento
4907,16753985,"Narenthira Balaji","2026-08-21 10:54:17",803.9,1,narenthirabalaji
4908,16657494,Trex,"2026-08-12 14:00:14",803.7,2,trexzone
4909,16622251,"Moroz Roman","2026-08-20 06:22:05",803.6,2,crissyro
4910,16634691,bot-farmer,"2026-08-19 06:16:19",803.5,2,shauryam25
4911,16775412,"moo moo","2026-09-08 15:54:28",803.5,2,"amrof122,yassinamr11"
4912,16749618,Fon1as,"2026-08-21 09:36:42",803.2,2,fon1as
4913,16655305,"Junior Sohou","2026-08-14 00:15:42",802.8,2,juniorsohou
4914,16770952,"Satyajeet Kumar","2026-08-25 20:42:40",802.4,2,m4rcuseryx
4915,16623020,Muhandro,"2026-08-20 16:29:57",802.3,2,muhandro
4916,16722902,"Grigorii IU","2026-08-22 01:54:09",802.1,2,grigorii220
4917,16927276,"julian andres viejo garrido","2026-09-30 00:40:11",802.0,2,salmaviejo
4918,16674447,"Nathan Thor","2026-09-30 05:43:14",801.9,2,devofpie
4919,16831372,"Hazel caviar","2026-09-05 08:07:40",801.9,2,hazelcaviar
4920,16668788,ConnieCodes,"2026-08-17 13:40:25",801.8,2,conniecodes
4921,16728723,"Ronith Rashmikara","2026-08-18 03:28:52",801.6,2,ronithrr
4922,16668049,"Masayoshi Kurihara","2026-08-14 06:20:21",801.6,2,masayoshikurihara
4923,16663241,"Kris Adamatzky","2026-08-13 09:49:19",801.6,2,krisadamatzky
4924,16667839,Viet-Tien,"2026-08-22 19:46:21",801.3,2,tiena2cva
4925,16665838,wenbodai,"2026-09-01 12:41:51",801.1,2,wenbodai
4926,16724533,"Yusei Ito","2026-08-22 19:18:19",801.0,2,yuseiito
4927,16655559,"Fajri Yanuar Shiddiq Juanda","2026-08-13 01:40:20",801.0,2,fajriyanuar
4928,16689952,"Lazarus Ogero","2026-08-11 16:44:08",800.6,2,lazarusogero
4929,16649108,"Steve AVOMO","2026-08-17 03:12:41",800.3,2,aurelsteve77
4930,16658803,"Rahul Jiwane","2026-08-21 06:19:57",800.1,2,rahuljiwane
4931,16871894,sx2154,"2026-09-30 23:44:08",800.0,2,sx2154
4932,16663694,"Dimitri ZABRE","2026-09-18 22:22:32",800.0,2,dimitrizabre
4933,16774228,"Anggit Maulana Abdi","2026-08-28 14:37:01",800.0,2,anggitmaulanaabdi
4934,16653955,"tanmay singhal","2026-08-29 12:00:53",799.9,2,anexperiencedidiot
4935,16733547,"Mark Grayson","2026-08-17 18:53:21",799.7,2,flyingsinclair
4936,16632788,"Bright O.H.","2026-08-23 03:45:36",799.5,2,brightoh
4937,16830837,"Damilare Olayemi","2026-09-08 08:35:23",799.3,2,damilareolayemi
4938,16697021,Vaishnavi22052006,"2026-08-11 18:43:08",799.2,2,vaishnavi22052006
4939,16682936,"Latifa Riziki","2026-08-12 09:38:13",799.0,2,latifariziki
4940,16688153,"Panchajanya Banerjee (Pancham)","2026-08-16 20:28:27",799.0,2,delayedkarma
4941,16666853,"Bisola Olasehinde","2026-08-31 13:08:21",798.6,1,bizzyvinci
4942,16624896,"Akmal Azzam o'g'li","2026-08-18 06:03:51",798.4,1,akmalmir
4943,16690567,"Falih Kaleel","2026-09-29 12:47:31",798.3,2,alphajet185
4944,16633709,"kitory Yeah やきとり","2026-08-15 22:30:08",797.7,2,kitoryyeah
4945,16729227,Marjao,"2026-08-16 16:49:12",797.3,2,muniburrehman2020
4946,16773266,newbyy,"2026-08-26 05:21:47",797.2,1,newbyy
4947,16726870,"Svanik Kolli","2026-08-16 00:11:14",797.1,1,svanikkolli
4948,16775386,kaggler,"2026-08-31 09:29:41",797.1,1,deepkim
4949,16772993,"dirty farmers","2026-08-26 06:33:12",796.8,2,jamesgui2007
4950,16879958,Sash.a,"2026-09-30 08:32:11",796.3,2,smashaza
4951,16710661,"Pengyi Peng1","2026-09-28 09:10:07",796.0,2,pengyipeng1
4952,16766982,"Sir Dona ","2026-08-25 15:54:46",796.0,2,sirdona
4953,16692138,"Bishwa Thakur","2026-09-05 09:15:47",795.9,2,bishwathakur
4954,16767431,Nine1Eight,"2026-08-24 16:51:12",795.8,1,wethepeople918
4955,16679767,Salut!,"2026-08-12 21:56:55",795.6,2,denismekhanikov
4956,16709793,"Victor Hotz","2026-08-13 18:48:06",795.4,2,victorhotz
4957,16725642,"Arav Sharma","2026-08-17 03:51:14",795.4,2,aravsharma26
4958,16690020,shantaitichu,"2026-08-17 09:40:30",795.2,2,shantaitichu
4959,16759864,exaucedossou,"2026-08-22 17:56:40",794.9,2,exaucdossou
4960,16763383,"Alexandru Sitaru","2026-08-25 07:05:06",794.9,2,sitaru
4961,16677832,"Maryam Tahir","2026-08-25 15:07:42",794.8,2,maryamtahir09
4962,16693058,"Yuvraj singh","2026-09-18 11:41:37",794.6,2,yuvrajsingh789
4963,16655952,"Tianfu Wang (王天夫)","2026-08-12 15:08:12",794.1,2,wangtf96
4964,16684163,MohamedFD,"2026-08-13 12:32:47",793.7,2,mohamedfd
4965,16672374,"kelly waldeck","2026-08-11 21:07:30",793.5,2,kellywaldeck
4966,16808914,slfmmm,"2026-09-02 11:50:26",793.5,1,slfmmm
4967,16658150,Gravity-x73d,"2026-08-17 09:16:29",793.3,2,gravityx73d
4968,16767528,"Umut Toygar Göz","2026-08-30 13:01:54",793.1,2,umuttoygargoz
4969,16663992,小陈同学,"2026-08-18 07:26:54",793.1,1,czastu
4970,16728272,"Daris Dzakwan Hoesien","2026-08-16 10:48:22",793.0,1,darisdzakwanhoesien2
4971,16841176,"Bruce Cole","2026-09-09 00:39:28",793.0,2,brucecole
4972,16770302,stardxx,"2026-08-26 02:21:35",792.9,2,stardxx
4973,16634654,unknown,"2026-08-13 02:11:22",792.9,2,abdullahshafi2021
4974,16667994,"Zhian Wei","2026-09-11 06:57:54",792.7,2,zh1anwe1
4975,16662653,"Jordan Schaeffer","2026-09-09 01:49:11",792.6,2,jordanmschaeffer
4976,16740103,Adjakou,"2026-08-24 07:31:02",792.4,2,adjakou
4977,16732428,"Darren Amadeus Martin","2026-08-19 00:48:02",792.3,2,darrenamadeusmartin
4978,16696887,kt-Kitayama,"2026-09-01 13:23:49",792.3,2,ktkitayama
4979,16645712,"Changye Li","2026-08-24 06:23:33",792.3,2,antoinegg1
4980,16687594,"Andrew Markley","2026-08-13 01:19:04",791.8,2,andrewmarkley1
4981,16761728,"Vybhav Nath C A","2026-08-30 12:19:48",791.6,2,shadowfax2000
4982,16695501,brocade,"2026-08-15 00:01:12",791.5,2,brocade
4983,16656807,Yoganjaneyulu,"2026-08-13 09:20:17",791.1,2,yoganjaneyulu
4984,16652904,TonightIsOver,"2026-09-26 13:02:54",790.9,2,tonightisover
4985,16652849,Hejunhui,"2026-08-16 14:15:29",790.5,2,website98
4986,16688436,Zuu3scode,"2026-08-12 15:19:16",789.8,2,zuu3scode
4987,16738467,EnriFermi,"2026-08-26 23:51:18",789.6,2,enrifermi
4988,16695964,"JiMing Feng","2026-08-17 10:56:45",789.6,2,jimingfeng
4989,16665050,"Praneeth Palugula","2026-08-14 06:28:56",789.5,2,praneethpalugula
4990,16709744,"Emre Bayram","2026-08-14 09:04:57",789.4,2,emrebayram
4991,16732754,ikeuchy,"2026-08-29 04:10:41",789.1,2,ikeuchy
4992,16700737,HechtJP,"2026-08-13 11:12:06",788.9,2,hechtjp
4993,16669494,"Abdullah Razi","2026-09-03 18:39:36",788.7,2,abdullahroninrazi
4994,16663820,taka,"2026-09-16 22:06:10",788.7,2,takaakiishi
4995,16667729,"Daniel Wu","2026-08-15 14:35:27",788.4,2,danielwuu
4996,16673110,"Sri Jayavel K","2026-08-20 08:18:31",787.9,2,srijayavelk
4997,16714059,Yentür,"2026-08-12 18:47:44",787.8,1,meryentr
4998,16806886,dreamtear,"2026-09-02 05:55:56",787.4,1,mohanzeng
4999,16681275,"CUG HeQiao","2026-08-12 09:06:14",786.7,2,cugheqiao
5000,16729650,"Tapiwa Makandigona - Zimbabwe21","2026-08-31 11:36:48",786.1,2,mukanya1994
5001,16889423,ShinChua,"2026-09-14 12:50:22",786.1,1,shinchua
5002,16785100,5386,"2026-09-10 11:08:04",786.0,2,"ismktkaggle,rairai314,satosis"
5003,16658931,"somewhere after","2026-08-19 08:16:29",786.0,2,amaterasuuuuu
5004,16624682,FrederikZ,"2026-09-02 10:17:51",785.7,1,zkirederf
5005,16729863,Monkeyzl,"2026-08-22 20:02:21",785.7,2,monkeyzl
5006,16660333,"Deanos Crew","2026-08-11 13:10:19",785.5,2,jamescole0101
5007,16624088,Pomiro,"2026-08-11 04:41:24",785.3,2,pomiro
5008,16663284,"Aman Prakash","2026-08-12 20:58:28",784.7,2,amanprakash777
5009,16823144,"AARAV JADAV","2026-09-30 11:32:05",784.6,2,aaravjadav
5010,16926195,koutwiring,"2026-09-29 23:05:23",784.2,2,koutwiring
5011,16749153,"Arnav Mishra","2026-09-12 05:10:43",784.2,2,arnavmishra02
5012,16693159,"Zonglin Han","2026-08-13 17:10:08",784.1,2,zonglinhan
5013,16699659,"Dimas Pasha Akrilian","2026-09-01 01:59:59",784.0,2,dimaspashaakrilian
5014,16621735,VN-Orion,"2026-08-21 11:42:27",784.0,2,fastthanh78
5015,16708573,Benser,"2026-08-15 14:41:24",783.9,2,benser
5016,16659890,"Cu Spoon","2026-08-25 22:02:11",783.5,2,cuspoon
5017,16681749,"rohith vinice","2026-08-11 23:55:16",782.9,2,rohithvinice
5018,16703099,GansPiro,"2026-08-13 18:34:26",782.8,2,ganspiro
5019,16666242,"Lalwani Palash","2026-09-28 16:27:06",782.5,2,lalwanipalash
5020,16660653,kanchana's,"2026-09-21 17:23:31",782.4,2,"saikanchana,yuvarajkanchana"
5021,16724779,"Gavin Cao","2026-08-16 09:00:53",781.7,2,gavinxgcao
5022,16940838,"Dean Wuu","2026-09-23 02:06:11",780.9,2,deanwuu
5023,16744658,Shree85,"2026-09-22 21:05:43",780.4,2,shree85
5024,16894541,"Deepak Mahajan","2026-09-17 05:27:59",780.4,2,xdipzz
5025,16656181,Vishwa,"2026-08-11 05:46:58",780.0,2,rv1922
5026,16706825,"Niranjana Vincent ","2026-09-23 01:06:38",779.5,2,nj54425
5027,16769866,"Suzuki Riki","2026-08-25 12:11:09",779.4,2,suzukiriki
5028,16663919,hnhyhj,"2026-08-13 04:05:56",779.0,2,hnhyhj
5029,16708333,"Phạm Vương","2026-08-11 16:17:10",779.0,2,vuongphamqq
5030,16748330,Okan,"2026-08-21 11:15:17",779.0,2,okanzkaya
5031,16701573,"Haggai Musoda","2026-08-17 20:04:00",778.9,2,haggismusoda
5032,16716468,"Sakhawat Hossen","2026-08-15 03:28:07",778.8,2,sakhawathossen
5033,16658746,marinxbt,"2026-09-11 14:18:24",778.2,2,marinxbt
5034,16770777,"Oscar Legoupil","2026-09-09 15:43:18",778.2,2,oscarlegoupil
5035,16875777,YinboLiu,"2026-09-17 11:11:46",778.1,2,yinboliu
5036,16625615,"Mobeen Fatima","2026-09-24 10:19:55",778.0,2,mobeenfatimah
5037,16661132,"Jia Chen","2026-09-28 17:05:12",778.0,2,jiachenjasper
5038,16705584,"Adil Munawar","2026-08-29 21:18:33",778.0,2,adilmunawar
5039,16755807,PokeTrader,"2026-09-30 18:33:39",777.5,2,poketrader
5040,16678638,Loshtradz,"2026-08-26 18:40:35",777.1,2,loshtradz
5041,16656691,"Sahaj Deep Singh","2026-08-12 01:39:36",777.0,2,sahajdeepsingh9877
5042,16670433,"Mohammad Osamah Atif","2026-08-19 08:46:32",776.8,2,osamatif
5043,16636004,"Ragunath Ravi","2026-08-11 10:59:07",776.8,2,ragunathravi
5044,16693886,spellstriker,"2026-08-12 22:03:20",776.3,2,spellstriker
5045,16709300,炫酷的小克里斯,"2026-08-19 15:54:28",776.2,2,tinfufans
5046,16700630,apoyusiken,"2026-08-12 06:10:52",775.7,2,umutarpay
5047,16803913,"SUJIB BARMAN","2026-09-01 16:42:07",775.6,1,cardata
5048,16700116,Goldian,"2026-08-21 16:13:40",775.1,2,goldian
5049,16705192,"John Ogah","2026-08-16 03:54:21",775.1,2,johnogah
5050,16692090,sans,"2026-08-12 03:14:55",775.0,2,sans6262q
5051,16695176,"Zakaria Settar","2026-08-16 21:52:31",775.0,2,zakariasettar
5052,16697675,"Isaac Grossman","2026-08-30 23:21:35",774.8,2,kingisaac
5053,16687724,Yijue1,"2026-08-11 02:15:05",774.5,2,yijue1
5054,16632579,ZZfancy,"2026-08-11 12:04:42",774.5,2,zzfancy
5055,16700876,"Oyegoke Emmanuel","2026-09-28 04:13:08",774.1,2,oyegokeemmanuel
5056,16660371,"José Luis Gómez","2026-08-13 01:37:42",774.0,2,josluisgmezz
5057,16709069,"James Mcquay","2026-08-14 18:05:40",774.0,2,jamesmcquay
5058,16701221,"Othman Istaiteh","2026-08-10 13:25:38",773.6,2,istatieh
5059,16627400,"Krasnov Daniil","2026-08-11 06:04:48",773.5,2,daniilkrasnovvv
5060,16707993,"Sangita Bannore","2026-08-11 14:33:47",773.5,1,sangitabannore
5061,16702774,FilipJ,"2026-08-16 18:34:05",773.3,2,filipjarmua
5062,16857894,"Ludwig Agurto Contador","2026-09-12 22:35:55",772.2,2,ludwigagurtocontador
5063,16786082,"Noberto Frota","2026-09-30 21:48:53",771.9,2,nobertofrota
5064,16632675,"Baran Kucuk","2026-08-11 15:09:58",771.9,2,barankucuk
5065,16682303,"Kapadiya Nirav Kumar","2026-08-18 06:24:30",771.6,2,kapadiyaniravkumar
5066,16656731,"Muhammad Ali","2026-08-14 06:47:06",771.6,2,sardaralimaqsood
5067,16804961,explise,"2026-09-02 08:13:03",771.3,2,explise
5068,16775781,"I am GroOth","2026-09-30 22:53:56",771.2,2,gideonoba
5069,16771780,Trichoderma,"2026-09-06 04:58:38",771.0,2,brunoescalhao
5070,16745264,wpang,"2026-09-25 00:08:24",771.0,2,wangshu
5071,16784719,"Ayush Shekhar","2026-09-26 06:32:29",770.7,2,ayushshekhar56
5072,16633886,mudesteven,"2026-08-16 02:54:25",770.1,2,fastlight2007
5073,16671666,showtree,"2026-09-02 01:53:55",770.1,2,showtree
5074,16766840,"Andrey ","2026-08-24 14:27:38",770.0,1,anti1111
5075,16807134,"Chaowei Liang","2026-09-09 01:53:25",769.6,2,chaoweiliang
5076,16696769,"maximo lorenzo y losada","2026-08-12 13:07:35",768.9,2,maximolorenzoylosada
5077,16698942,"PRADHAN RS","2026-08-13 18:06:58",768.6,2,pradhanrs
5078,16689770,"Abdillah Sagif","2026-08-11 10:11:23",768.3,2,abdillahsagif
5079,16811576,Zi,"2026-09-03 01:52:15",768.2,1,kaigaokaigao
5080,16632113,"Any Things","2026-09-29 21:21:09",768.0,2,anythingsj3fare767
5081,16662213,"Yang Zong-Yu phD","2026-09-30 13:20:32",768.0,2,yangzongyuphd
5082,16633006,Kaiser,"2026-09-01 06:36:38",768.0,1,kaiserm
5083,16733121,saturnliu,"2026-09-10 17:20:24",767.9,2,saturnliu
5084,16692490,"Enes Coşkun","2026-08-11 05:37:38",767.9,2,enscskn
5085,16840641,"Yukar Fu","2026-09-30 12:36:18",767.7,2,yukarfu
5086,16659803,nRuaif,"2026-08-22 02:47:10",767.7,2,phngdoan
5087,16659692,"Hùng Nguyễn Huy (Hiirooo)","2026-08-11 03:47:45",767.6,2,hngnguynhuy
5088,16640869,taijunhao,"2026-08-12 10:26:30",767.6,2,taijunhao
5089,16660711,ricardo,"2026-08-15 22:34:26",767.6,2,magania
5090,16655210,Amon,"2026-08-16 06:09:04",767.5,2,kingaemon
5091,16709473,"Selahattin Günter","2026-08-23 14:07:42",767.1,2,selahattingnter
5092,16657857,hust_xll,"2026-08-12 05:38:12",766.9,2,hustxll
5093,16633414,"sagar tripathy","2026-08-13 15:57:56",766.8,2,sagar8trip
5094,16780558,hxrdxk,"2026-08-29 18:36:48",766.5,2,hxrdxk
5095,16644378,"hicham bedrani","2026-09-29 23:22:46",766.5,2,hichambedrani
5096,16665702,"Aman Gupta","2026-09-08 16:26:19",766.4,2,amangupta0014
5097,16696608,beanbamboozled,"2026-08-10 10:45:19",766.2,2,beanbamboozled
5098,16925552,JacobQIQI,"2026-09-22 13:58:21",765.9,1,jacobqiqi
5099,16668334,Suavemango,"2026-08-12 05:18:03",765.7,2,suavemango
5100,16793134,sawasawasawa,"2026-09-07 09:06:57",765.6,2,yukisawamura
5101,16710672,"Yasemin Koç","2026-08-14 05:52:52",765.5,2,yaseminmkoc
5102,16669778,UknesIruka,"2026-09-18 18:30:56",765.4,2,uknesiruka
5103,16662166,duy,"2026-08-31 08:50:51",765.4,2,hduynguyen
5104,16793275,"Biao Cao","2026-08-30 13:44:48",765.4,1,biaocao398
5105,16692457,t2better,"2026-08-12 11:56:41",765.1,2,t2better
5106,16700314,Giallar,"2026-08-14 16:45:53",764.9,2,andreykrotkikh
5107,16706315,"Desert Fox88","2026-08-11 12:02:03",764.7,2,desertfox88
5108,16691275,"Muhiminul Islam   Mahim","2026-08-12 10:04:35",764.3,2,muhiminulislammahim
5109,16660594,XIAODOUZI,"2026-08-17 12:06:50",764.3,2,xiaodouzi666
5110,16635238,"Tai Tien Ta","2026-09-03 03:25:55",763.9,2,tittin
5111,16724556,"Yixiang Wu","2026-09-27 22:08:39",763.9,2,yixiang964
5112,16697142,Kujaomega,"2026-08-10 22:13:02",763.8,1,kujaomega
5113,16862705,karlmorg37,"2026-09-30 23:52:45",763.7,2,karlmorg37
5114,16762837,Nagamatsur,"2026-09-17 12:24:55",763.5,2,rihitonagamatsu
5115,16707584,sadatch,"2026-08-13 05:18:28",763.0,2,sadatch
5116,16658487,radozaprazny,"2026-09-12 14:09:06",762.6,2,radozaprazny
5117,16631777,KiKi,"2026-09-03 04:27:02",762.6,2,kingkiller2164
5118,16659662,MOHSIN525,"2026-09-01 15:43:49",762.5,2,mohsin525
5119,16808116,WWAWW,"2026-09-15 03:47:37",762.5,2,masatowaragai
5120,16666733,"Alberto MV","2026-08-10 23:06:33",762.0,2,albertomv
5121,16828106,AG,"2026-09-20 00:12:01",761.9,2,lacroix7771
5122,16691591,"Dheeraj Kumar #3","2026-08-12 04:05:32",761.6,2,kdheeraz
5123,16761975,lixiuqixiaoke,"2026-08-26 09:59:11",761.4,2,lixiuqixiaoke
5124,16806003,"Hazqeel Afyq","2026-09-20 08:53:15",761.1,2,hazqeelafyqathaillah
5125,16660911,"Animesh Ratna","2026-08-23 22:01:35",760.9,2,animeshratna
5126,16669643,"Athenix Kaggriculture","2026-08-24 18:23:54",760.8,2,sdafdsfsdfgdsg
5127,16650485,nasu726,"2026-08-13 13:51:20",760.8,2,nasu726
5128,16728955,"Chris Murphy","2026-09-07 23:33:26",760.7,2,mur418
5129,16823204,"Adilson Eduardo Tostes Carmo","2026-09-29 23:16:59",760.6,2,eduardotostess
5130,16666410,"Binil George","2026-08-12 10:40:43",760.6,2,binilg
5131,16683441,Eura73,"2026-08-21 08:07:47",760.1,2,eura73
5132,16624824,GoofyGenius,"2026-09-09 16:05:59",759.9,2,goofygenius
5133,16672579,"Udbhaw Anand","2026-08-22 13:15:18",759.9,2,udbhawanand
5134,16666282,"Bang sion","2026-08-22 10:06:06",759.6,2,bangsioni
5135,16706523,"Aussie lover","2026-09-30 11:13:26",759.1,2,aussielover
5136,16890654,"Niloofar Y.","2026-09-24 17:12:56",758.8,2,niloofaryoonesi
5137,16705370,TS2333,"2026-08-11 03:40:40",758.5,2,ts2333
5138,16688265,"Kyle #2","2026-08-11 01:51:35",758.5,2,georgeturbo
5139,16719551,JamesYip7,"2026-08-20 10:24:50",758.4,2,jamesyip7
5140,16657429,"xiao cat q","2026-08-12 01:41:13",758.4,2,xiaocatq
5141,16660037,shehai.lrs,"2026-08-11 13:37:32",758.3,2,shehailrs
5142,16701466,"HELIOS reasonning","2026-08-11 22:38:55",757.9,2,heliosreasonning
5143,16823736,"Logan Seitz","2026-09-09 15:07:29",757.7,2,loganseitz26
5144,16656316,"Richard Tang","2026-08-11 01:09:34",757.6,2,richardgtang
5145,16723262,"Tiago OliveiraLL","2026-09-30 23:19:47",757.1,2,tiagooliveirall
5146,16695376,Garv88,"2026-08-13 12:19:20",757.0,2,garv88
5147,16684012,ceh,"2026-08-16 04:58:18",756.9,2,emilhessman
5148,16706283,haogood666,"2026-08-11 08:25:40",756.2,1,haogood666
5149,16664481,"Siddhu Jaykay","2026-08-12 14:02:29",756.2,2,siddhujaykay
5150,16679371,ΛYMΞNRH,"2026-08-11 06:43:55",756.0,2,aymnrh
5151,16696644,"Franklin T","2026-09-13 07:17:43",755.6,2,franklin0410
5152,16676043,"Tejash Rai","2026-08-14 07:16:01",755.6,2,tejashrai
5153,16661093,"INDRAJIT SWAIN","2026-08-15 13:23:37",755.6,2,indrajitswain
5154,16702482,"Carlos Navarro","2026-08-14 05:26:26",755.5,2,navarr0
5155,16624253,DTrieu,"2026-09-25 13:46:55",755.1,2,hodinhtrieu
5156,16704622,ray,"2026-08-11 16:30:13",755.0,2,rayenezanned
5157,16695137,"Samantha Nicole Bracamonte","2026-09-27 09:13:45",754.9,2,snrbracamonte
5158,16677723,"Trip Meiners","2026-09-22 14:40:41",754.9,2,tripmeiners
5159,16676356,"Wander waal","2026-08-11 02:48:56",754.7,2,wanderwaal
5160,16711204,"harden james","2026-08-12 08:00:14",754.6,1,ffusername
5161,16679519,"Петьо Лазаров","2026-08-10 22:30:35",754.4,2,pesosz
5162,16660331,A.K.NITHIN,"2026-08-12 12:07:32",754.4,2,aknithin
5163,16688136,"Armanzhan Ayan","2026-08-11 16:49:36",754.1,2,armanzhanayan
5164,16661983,"Victor's Team","2026-08-12 12:05:19",754.1,2,"dlordsjustified,jezrealmomoh,joludare,victorokpe"
5165,16675582,DavidX,"2026-08-11 06:05:18",753.9,2,davidasx
5166,16731924,CuddleYokai,"2026-08-19 10:57:11",753.8,2,cuddleyokai
5167,16704027,"Alan Cai","2026-08-10 22:36:40",753.7,1,alancai27
5168,16681620,wanwanuil,"2026-08-13 12:43:19",753.4,2,wanwanuil
5169,16672075,"Kameron Green","2026-08-11 05:49:32",752.9,2,hgenix20
5170,16627995,"Fire Bird","2026-08-11 20:36:45",752.7,2,xuanleekaggle
5171,16732140,Miaa1526,"2026-08-24 08:58:42",752.6,2,miaa1526
5172,16695608,"Elie Elias","2026-09-12 11:11:33",752.3,2,elieelias
5173,16684852,後藤将斗,"2026-08-24 14:51:20",752.0,2,masato09
5174,16830784,栀蓝thy,"2026-09-15 10:03:44",751.9,2,tianhaoyuan86
5175,16705441,CooperJiang,"2026-08-13 06:57:44",750.9,2,gingersna
5176,16672247,"Movie Watch2022","2026-08-18 19:48:12",750.8,2,moviewatch2022
5177,16817309,"TeddyDog Lovely","2026-09-03 10:44:15",750.7,2,teddydoglovely
5178,16666632,to1_10i,"2026-08-19 20:27:42",750.4,2,to110i
5179,16904681,yzhaolabs,"2026-09-20 10:26:40",750.3,2,zhaoyuanzhen
5180,16712651,riicon,"2026-09-29 14:35:48",750.2,2,risakashiwabara
5181,16790115,Starumi,"2026-08-31 00:39:22",750.1,2,starumi
5182,16656347,OctahedronBB,"2026-08-07 00:52:27",749.7,2,octahedronbb
5183,16760101,"Big Moo","2026-08-25 00:52:06",749.4,2,abdullahramadan1
5184,16760247,kriskur123,"2026-09-15 14:23:38",749.3,2,kriskur123
5185,16639236,"Dhavan Shah","2026-08-12 18:20:38",749.1,2,dhavanshah99
5186,16676154,"Tuan Tran","2026-08-10 16:29:40",749.0,2,thtuan
5187,16659958,brainpick,"2026-08-24 21:54:50",749.0,2,prathvirajpalekar
5188,16667052,"Dandan Li","2026-08-15 18:07:17",748.8,2,clcll532x
5189,16725680,henri66,"2026-08-15 21:09:47",748.8,2,henri665
5190,16639476,耶✌,"2026-08-30 19:52:36",748.7,1,qifeihhh666
5191,16941176,"Jesse #2","2026-09-29 15:01:42",748.1,2,atjesse
5192,16692110,"Ahmed Khudair","2026-08-11 22:33:06",747.8,1,ahmedkhudair121
5193,16768644,Momoko,"2026-08-25 03:22:50",747.7,1,yangmengyuanmomoko
5194,16673097,"Sonu Kushwaha","2026-09-01 11:10:15",747.6,2,sonukushwaha124
5195,16745092,zakihiro,"2026-08-21 07:59:39",747.1,2,zakihiro
5196,16641535,Tutti,"2026-09-06 15:16:23",747.1,2,malk271828
5197,16694065,zhangwei02,"2026-08-30 09:29:12",746.9,2,zhangwei02
5198,16848998,yiweigan,"2026-09-22 13:17:52",746.5,2,yiweigan
5199,16880045,"Underground Farmers","2026-09-13 13:04:19",746.3,2,xavierwi
5200,16809277,"Shuntaro Tanaka","2026-09-11 01:01:20",746.2,2,shuntarotanaka
5201,16643193,"Shoroogh Ahmadi","2026-08-13 10:36:43",746.0,2,shorooghahmadi
5202,16659618,"Jeevan Jolly","2026-08-13 13:51:52",745.8,2,jeevanjolly
5203,16780967,"black hole sun","2026-09-01 02:25:21",745.5,2,danielefiorino
5204,16683852,"Abhiram Anil","2026-08-08 06:26:11",745.4,2,abhiramanil
5205,16659585,"Anas Riaz","2026-08-08 20:20:23",745.1,2,anasriaz
5206,16784731,Alfred,"2026-09-20 21:54:16",745.1,2,holleyalfred
5207,16692103,HaniJezo,"2026-08-11 20:32:40",744.8,1,hanijezo
5208,16652741,"Sergi Bas","2026-09-23 16:29:27",743.9,2,sergibas
5209,16653153,Gbining,"2026-09-23 15:25:35",743.5,2,gbining
5210,16692164,Abdulrahman.su10,"2026-08-11 20:35:39",743.2,1,abdulrahmansu10
5211,16736816,LLE,"2026-08-22 16:50:40",743.2,2,"rajaditya01,saiash"
5212,16655715,Chin,"2026-08-12 06:20:32",743.1,2,qinyukun
5213,16655323,roma,"2026-08-09 19:49:51",742.9,2,mnroma
5214,16661249,Yaohui,"2026-08-26 14:59:02",742.8,2,yaohui85
5215,16698735,Larfii,"2026-08-21 18:01:02",742.7,2,larfii
5216,16773964,trung,"2026-09-30 10:53:21",742.6,2,trung2006
5217,16682182,"himanshu chauhan2406","2026-09-26 11:54:31",742.4,2,himanshuchauhan2406
5218,16662712,"Roman Stupin","2026-08-27 23:52:01",741.6,2,rcnegby
5219,16692883,coolguy,"2026-08-08 20:56:21",741.6,1,vihangpagare334
5220,16624485,"Nishant Dahal","2026-08-10 02:24:42",741.3,2,nishantdahal
5221,16676911,"Michał Ścibak","2026-09-29 16:35:23",741.1,2,michacibak
5222,16656118,Mutte1904,"2026-08-07 05:03:56",740.6,2,mutte1904
5223,16699784,nianyu,"2026-08-10 09:46:32",739.8,2,nianyuc
5224,16693374,"Henfry De Los Santos","2026-08-12 11:43:51",739.6,2,henfrydelossantos
5225,16720913,Candidates,"2026-09-28 12:41:35",739.6,2,"ulyanovmmm,vladimirarchipov"
5226,16643233,"Marco DG","2026-08-11 06:20:14",739.0,2,marcodg
5227,16881964,"Vipeen Kumar","2026-09-21 06:20:46",738.7,2,vipeen
5228,16695903,cerensukaramese,"2026-08-14 09:18:05",738.7,2,cerensukaramese
5229,16696208,"kazwzn S","2026-09-22 12:06:22",738.4,2,kazwzns
5230,16624625,"Harsha Vardhan","2026-08-10 07:33:35",738.3,2,harshacode101
5231,16644891,yankang_XZK,"2026-09-02 18:29:53",738.0,2,yankang233
5232,16631101,"Muneeb ul Hassan","2026-08-10 09:56:41",737.7,2,muneeb2405
5233,16726422,"Praveen Kumar","2026-08-29 11:25:55",737.4,2,pankajrepswal
5234,16935826,Ayush,"2026-09-27 10:52:22",737.3,2,"aniketchonu,ayush20081303"
5235,16654122,"Peter Thompson","2026-08-10 17:59:36",737.2,2,mightytreefolk
5236,16689471,wenjinyang,"2026-08-11 13:32:09",737.0,2,wenjinyang
5237,16688898,"Sanskar Omar","2026-08-09 11:10:44",737.0,2,sanskaromar7
5238,16665058,"Llin Ding","2026-09-28 03:25:00",736.5,2,"greatneuro,llinding"
5239,16630372,Q.qlmmm,"2026-08-24 18:25:02",735.9,2,qlammi
5240,16638998,"khalid harouach","2026-09-17 13:32:02",735.9,2,khalidharouach
5241,16671837,"Ronald K Wilson ","2026-09-21 14:14:14",735.7,2,ronaldkwilson
5242,16683036,"Ritesh Thawkar","2026-08-14 08:34:08",735.7,2,riteshthawkar
5243,16678506,SireeshLimbu,"2026-08-08 08:39:43",735.6,2,sireesh
5244,16640332,"ning gu","2026-08-21 00:01:22",735.3,2,morninggu
5245,16639496,"Sai Teja Bandaru","2026-08-11 14:51:49",735.0,2,saitejabandaruin
5246,16635330,tekatoncat,"2026-08-16 23:42:10",734.9,2,tekatoncat
5247,16670406,"jessica jennifer","2026-08-20 15:55:41",734.7,2,jessicajennifer
5248,16841445,Challo,"2026-09-26 02:28:49",734.5,2,germantardioperez
5249,16665976,"Daksh Goyal","2026-08-08 20:36:06",733.8,2,dakshgoyal387
5250,16676275,Scorpi,"2026-08-12 01:34:25",733.7,2,scorpi
5251,16675981,"Luca R","2026-09-29 00:05:47",733.7,2,luck058
5252,16690829,JeremyH43,"2026-08-16 00:06:30",733.7,2,jeremyh43
5253,16652827,"Rob C","2026-08-14 03:04:30",733.6,2,robertcheah
5254,16660101,Zarathustra,"2026-08-12 02:48:18",733.6,2,rezkyadytama
5255,16664242,"Alex Lee","2026-08-11 03:43:12",733.3,2,aiexanderr
5256,16670361,"Saud Saudesen","2026-08-15 22:16:42",733.3,2,saudsaudesen
5257,16660537,Furina,"2026-08-08 13:52:01",733.2,2,cjlcjlcjl
5258,16658670,EveryJust,"2026-08-07 08:33:35",733.2,2,"everyjust,zfc666wsnd"
5259,16685828,Ztr0,"2026-08-09 05:53:10",732.9,2,y1amadeus
5260,16830531,"Nikos Chatzinikolaou","2026-09-24 14:53:07",732.8,2,nikoschatzinikolaou
5261,16680646,Naym0425,"2026-08-14 04:20:36",732.1,2,naym0425
5262,16660385,"Jose Santiago Echevarria","2026-08-25 12:02:45",732.1,2,jmsechevarria
5263,16923114,Pruthvij08#,"2026-09-19 06:44:33",731.9,2,pruthvij08
5264,16749776,DataLover,"2026-08-20 16:34:37",731.4,1,paulknidler
5265,16692970,LakoMoor,"2026-08-09 17:43:25",731.3,2,lakomoor
5266,16672980,"Thomas Prinz","2026-08-09 13:57:51",731.2,2,xardiphotography
5267,16622487,"Sam kramer_1028","2026-08-18 09:40:58",731.0,2,samkramer1028
5268,16789865,AgroByte-dev,"2026-09-02 14:39:25",730.8,2,ylyasyylkybayev
5269,16660430,"Hassaan Ibrahim","2026-08-10 12:45:55",730.6,2,hassaanibrahim
5270,16668758,"Aman Vishwakarma","2026-08-09 17:33:00",730.6,2,amanvishwakarma01
5271,16665500,"Madan kumar","2026-08-13 17:31:57",730.4,2,winklemad
5272,16912040,YUYAN457,"2026-09-18 08:13:27",730.3,2,yuyan457
5273,16720234,Aditya109,"2026-09-08 05:20:00",730.2,2,"aditya109,tathagattyger"
5274,16713031,"Nahid Hossain Redom","2026-08-13 15:38:30",730.1,2,nahidhossainredom
5275,16845420,"Terrance Luangrath","2026-09-08 05:41:53",730.1,2,tksluangrath
5276,16661707,"Rudolf HOUNLETE","2026-08-09 11:41:08",729.9,2,queystanle
5277,16664409,"Kathi Munishwar","2026-08-09 03:37:05",729.8,1,kathimunishwar
5278,16684639,Bru3ll,"2026-08-09 15:50:45",729.6,2,bru3ll
5279,16658173,Tamizharuvi,"2026-09-19 08:42:47",729.5,2,tamizh1
5280,16830079,"Quan Vu","2026-09-04 11:35:57",729.1,2,quan0095
5281,16698467,"Ra'uf Fauzan Rambe","2026-08-10 04:29:13",728.7,2,rauffauzanrambe
5282,16671372,"Meet Sabhaya","2026-08-08 06:02:13",728.7,2,meetsabhaya
5283,16692677,"Ashish Dubey","2026-08-10 06:17:34",728.5,2,ashish124536
5284,16693925,"Francisco Corredor","2026-09-30 12:33:06",728.5,2,franciscocorredor
5285,16663369,csteeve,"2026-09-26 18:25:26",728.4,2,csteeve
5286,16653262,"tianwen zhang1","2026-08-08 16:21:18",728.4,2,tianwenzhang1
5287,16847300,"Lam PayGi","2026-09-08 02:02:17",728.2,2,lampaygi
5288,16675305,"Justin Sabu Sebastian","2026-08-22 23:19:57",727.8,2,justinsabusebastian
5289,16667479,"Leon Christians","2026-09-13 17:12:37",727.6,2,leonchristians
5290,16658278,"Malcolm Durosaye","2026-09-17 12:31:05",727.4,2,malcolm95
5291,16670545,"Mouad AIT HA","2026-08-18 20:03:55",727.3,2,mo0103
5292,16670117,"Raj Aryan","2026-08-07 18:15:04",727.2,2,rajaryan2503
5293,16682336,"Çınar Efe Yetişen (Student)","2026-08-19 08:29:20",727.2,2,narefeyetienstudent
5294,16694744,XiaoZhiren,"2026-08-10 13:03:56",727.1,2,"ruikangan,xiaozhiren"
5295,16645078,"A Aswanth Raj","2026-08-09 08:57:36",727.0,2,aaswanthraj
5296,16676025,"Csaba József","2026-08-31 19:31:00",726.9,2,"jcsaba,peterkiss4"
5297,16667245,"KAIWALYA RAUT","2026-08-09 09:04:25",726.3,2,kaiwalyaatulraut
5298,16698071,nixotrix,"2026-09-07 21:16:50",726.2,2,nixotrix
5299,16672660,"Straw Hat","2026-08-11 06:14:47",726.2,2,"anuragugargol,tanishafagare114"
5300,16664179,animelonerboy,"2026-08-09 15:52:55",726.0,2,adambasa5
5301,16676038,"Adyanth M","2026-08-09 05:12:40",725.9,2,adyanthm
5302,16726173,"Aman Bihari","2026-08-23 12:51:05",725.9,2,amanbihari
5303,16670065,"Artyom Sayapin","2026-09-22 16:26:22",725.8,2,spielmeister
5304,16732679,argon,"2026-08-19 08:32:47",725.7,2,argonlabs
5305,16724895,russ,"2026-08-19 08:55:30",725.6,2,mdevian
5306,16665353,Sakshamm2587,"2026-08-17 16:50:43",725.6,2,sakshamm2587
5307,16675240,Leifson1337,"2026-09-25 12:17:00",725.5,2,leifson1337
5308,16634174,phibkro,"2026-08-07 03:10:52",725.1,2,phibkro
5309,16683909,"Krzysztof ""Chris"" Karaszewski","2026-08-14 08:41:11",724.9,2,futureofworkchannel
5310,16736429,Rudra278,"2026-08-18 12:07:42",724.4,1,rudra278
5311,16644150,"J.M.Mubasshir Rahman","2026-08-09 17:15:01",724.4,2,jmmubasshirrahman
5312,16661100,"Muhammad Junaid","2026-09-06 21:24:50",724.3,2,junaid512
5313,16936771,"Elvis Diniz","2026-09-22 10:49:26",724.3,2,elvisdiniz
5314,16702909,SG4265,"2026-09-07 21:14:54",724.2,2,sg4265
5315,16655497,cszf_first,"2026-08-09 02:06:46",723.9,2,cszffirst
5316,16907268,"Ilya Fedorov","2026-09-19 16:29:53",723.6,2,sorrow321
5317,16869317,Pikachuexeallen,"2026-09-12 19:46:36",723.5,2,pikachuexeallen
5318,16623932,"Axel Ahmer","2026-09-19 16:55:30",723.4,2,blondie1
5319,16667124,"Chaotic Era","2026-08-12 01:26:13",723.3,2,sani84
5320,16657957,"Mounika Kommireddy","2026-08-08 07:57:32",723.2,2,mounikakommireddy
5321,16742442,"Anton Dugin","2026-08-21 09:51:07",722.6,2,antondugin
5322,16669518,Galagala,"2026-08-07 18:35:59",722.4,2,b12705059
5323,16657598,"Arun Mallikarjuna","2026-08-10 04:29:14",722.2,2,arunmallikarjuna
5324,16675752,"Simon Rüba","2026-08-10 14:23:16",722.1,2,simonrba
5325,16940857,"Melon Man","2026-09-26 11:58:55",722.0,2,alvinandrada
5326,16623461,MightyK,"2026-08-09 05:36:23",721.9,2,anhhkhoi
5327,16681480,"Kevin Nguyen","2026-08-14 18:16:29",721.9,2,haidangnguyen1802
5328,16624003,weedfarmer,"2026-08-08 05:34:16",721.8,2,aleksanderhan
5329,16669273,Parag,"2026-09-28 05:24:58",721.5,2,paragkale
5330,16670202,"Elizabeth Park","2026-08-09 20:33:17",721.3,2,elizabethpark
5331,16662592,"Vladislav Yushkevich","2026-08-09 14:54:24",721.2,2,"crazyflyingsheep,vladislavyushkevich"
5332,16659529,"Sanchit Jain","2026-09-27 12:46:58",721.1,2,sanchit1609
5333,16681226,"tingting shen","2026-08-10 09:24:23",721.1,2,tingtingshen99
5334,16910408,Yuumi080911,"2026-09-20 09:42:09",721.1,2,"haiyunzhang,yuumi080911"
5335,16683982,Kenny,"2026-08-16 19:43:13",721.0,2,kmonar
5336,16694317,"PRITIKA SA","2026-08-09 07:17:19",720.9,2,pritikasa
5337,16631665,"jatan sanghvi","2026-09-07 14:03:17",720.9,2,jatansanghvi
5338,16684762,X-xuhui,"2026-08-08 10:07:58",720.6,2,xxuhui
5339,16663678,"Fabiano Adelino","2026-09-25 14:48:28",720.6,2,fabianoadelino
5340,16746592,Harvester,"2026-08-21 13:57:05",720.6,2,yudhis16
5341,16670671,"TAUIL Abd Elilah","2026-08-11 01:17:39",720.1,2,tauilabdelilah
5342,16848841,Spacejam,"2026-09-07 16:15:52",719.9,1,spacejam1221
5343,16680075,I_luv_magick,"2026-08-07 09:50:30",719.8,2,iluvmagick
5344,16711725,meatori-nu,"2026-09-05 13:40:48",719.8,2,meatorinu
5345,16764419,"Leo #2","2026-08-30 08:17:12",719.7,1,nanlihao
5346,16644508,"Vandana Pathania","2026-09-30 17:56:21",719.7,2,vandanapathania
5347,16663899,"Abdelrahman Aboegela","2026-08-05 13:54:26",719.6,2,abdelrahmanaboegela
5348,16660259,Marcus,"2026-08-08 17:23:34",719.6,2,marcuseno
5349,16662730,Operator-X,"2026-08-08 10:06:04",719.4,2,"jpexee,lavlinjaisonme23b250"
5350,16744809,"Ruben Romero Fernández-Monge","2026-08-25 18:00:39",719.3,2,salieri7
5351,16630249,"Aymar Avohoueme","2026-08-20 10:22:33",719.3,2,aymaravohoueme
5352,16666358,"GAYATHRI SALINI","2026-08-07 07:55:26",719.2,2,gayathrisalini09
5353,16634468,"Kun Zhang","2026-09-01 11:38:47",719.2,2,beicicc
5354,16905921,关注塔菲喵,"2026-09-16 16:11:46",719.0,2,zuberi05
5355,16623485,XtraLearning,"2026-08-09 17:10:36",719.0,2,xcessivesmash
5356,16825767,f7e6n5g4,"2026-09-25 09:15:53",718.9,2,f7e6n5g4
5357,16663928,Auxileon,"2026-08-09 16:20:13",718.6,2,auxileon
5358,16665169,"Rahul Barakoti ITM","2026-08-07 10:58:30",718.6,2,rahulbarakotiitm
5359,16728633,draven,"2026-09-12 07:35:01",718.2,2,ustchx
5360,16671174,Alexandre008,"2026-08-09 12:29:49",718.2,2,alexandre008
5361,16690897,"Ashok Kumar Garain","2026-08-08 13:26:11",718.1,1,ashokkumargarain
5362,16661739,"Spandan Mhapsekar","2026-08-08 10:39:41",718.1,2,spandanmhapsekar
5363,16705242,"Chonghao Peng","2026-09-04 21:45:52",717.6,2,chonghaopeng
5364,16679683,Aberrchan,"2026-08-08 17:44:32",717.4,2,aberrchan
5365,16671622,"Isaac Diaz Lopez","2026-09-28 02:49:35",717.2,2,isaacdiazlopez
5366,16783131,Hawkeye,"2026-09-03 07:15:17",716.6,2,pragneshbagary
5367,16656515,"Rushal Manandhar","2026-09-26 05:41:31",716.6,2,rushalmanandhar
5368,16679347,"Youssef EL MSIYAH","2026-08-09 12:07:55",716.3,2,youssefelmsiyah
5369,16654042,B.Pushpanjali,"2026-09-29 13:59:35",716.3,2,"bpushpanjali,vinithwade"
5370,16666826,"Simone di costanzo","2026-08-07 19:38:11",716.2,2,simonedicostanzo
5371,16640582,Attension_Seeker,"2026-08-10 06:57:51",715.9,2,aisipu
5372,16683439,Goober,"2026-08-10 19:46:41",715.9,2,kongzhisyuen
5373,16732667,Doug,"2026-08-26 23:26:49",715.9,2,dougsgrott
5374,16676677,"Clark Stéphane","2026-08-07 18:58:45",715.9,2,clarkstphane
5375,16659000,xjlgg123,"2026-08-08 12:35:10",715.8,2,xjlgg123
5376,16669542,Agzam,"2026-08-06 05:09:43",715.8,2,mazgag
5377,16655763,"Diogo Sena","2026-08-22 17:08:45",715.4,2,diogodmsena
5378,16664666,"Rheal Thomas","2026-08-21 19:29:44",715.4,2,rhealthomas
5379,16695182,"Ali Haydar Özdağ","2026-08-10 14:29:59",715.3,2,ahoirg
5380,16815105,"Saurav Chaudhari","2026-09-03 08:46:53",715.3,2,saur3x
5381,16684568,"[ODS] waniz","2026-08-08 11:04:42",715.3,1,wanizz
5382,16795676,cold_star,"2026-09-04 03:54:22",715.2,1,a406161167
5383,16926026,"Michael Pamurahardjo","2026-09-29 23:59:02",715.2,2,michaelpamurahardjo
5384,16660613,今日洗澡明日香,"2026-08-07 09:58:49",715.1,2,"jasperkag,ryjiang,timmengzh,yningc"
5385,16665561,LuoXingda,"2026-08-07 08:22:42",714.8,2,luoxingda
5386,16838800,"LEE Dailun","2026-09-09 13:59:27",714.6,2,peterccll
5387,16673002,xubenzheng,"2026-08-07 15:40:31",714.6,2,xubenzheng
5388,16731259,"Manvik singh rathore","2026-08-30 17:18:55",714.4,2,manviksinghrathore
5389,16655156,"Pranjal Ranjan","2026-08-06 23:58:43",714.4,2,pranjalranjan299
5390,16664283,"Nguyễn Hữu Công","2026-08-07 05:24:48",714.4,2,nguynhucng
5391,16835621,"Atharv Santosh","2026-09-05 02:49:27",714.2,1,atharvsantosh
5392,16742806,"Oğuz Karabulut","2026-09-11 07:47:41",713.9,2,ouzkarabulut
5393,16889300,"Chris McCarthy","2026-09-23 08:20:29",713.9,1,chrismccarthy
5394,16659610,gareeb,"2026-08-10 15:46:50",713.7,2,"arjund29,saqlainsqx,yashawl194"
5395,16672629,"Alex Boyd","2026-09-06 15:37:19",713.6,2,alexrayboyd
5396,16936773,"shahab shahsavar","2026-09-26 03:17:27",713.5,2,shahabshahsavar
5397,16668034,ggggalaxy,"2026-08-28 04:56:40",713.4,2,ggggalaxy
5398,16663780,"Hamza Kanice","2026-08-09 00:08:11",713.4,2,hamzakanice
5399,16670807,mannogun,"2026-09-04 23:15:49",713.4,2,arcanejumper
5400,16644552,Keanan,"2026-08-08 11:35:17",713.3,2,citerne
5401,16633043,"Ryan Adams","2026-09-08 23:48:54",713.2,2,ryanadamsai
5402,16736559,"Team Rot-Weiß","2026-08-19 13:22:35",713.2,2,moritzpaal
5403,16923138,"Davi Santos","2026-09-26 17:31:44",712.8,2,davissantos1
5404,16662718,xlnt,"2026-08-22 12:37:49",712.8,2,"princebisht,xlnt404"
5405,16653984,"Howard Lyu","2026-08-08 18:35:00",712.7,2,howardlyu
5406,16658789,Zhanpeng.W,"2026-08-08 10:05:26",712.7,2,zhanpengw
5407,16694751,im_justmatthew,"2026-08-10 11:27:00",712.7,2,imjustmatthew
5408,16713291,Lperalt,"2026-09-20 02:20:12",712.7,2,lucianobastidas
5409,16654623,"Asher Goldstein","2026-08-09 17:54:27",712.5,2,ashergoldsteincd21
5410,16679848,Nikola010,"2026-08-13 16:29:19",712.1,2,nikola010
5411,16676283,jnurik,"2026-08-07 17:24:01",712.0,2,nurdauletmoldik
5412,16658875,"Noah Bishop","2026-08-10 09:56:34",711.8,2,noahbishop1
5413,16734490,Tomeiser,"2026-09-24 11:23:16",711.2,2,tomeiser
5414,16760841,KIsXcl,"2026-08-24 14:34:11",710.9,2,kisxcl
5415,16654726,"James Mancillas","2026-08-07 15:46:12",710.9,2,jamesmancillas
5416,16725147,"Salah Ibrahiemu","2026-09-28 03:36:08",710.8,2,salahibrahiemu
5417,16934428,shib,"2026-09-24 18:37:26",710.4,2,shibendum
5418,16660120,gktdgktdgktd,"2026-08-07 07:50:45",710.3,2,gktdgktdgktd
5419,16635781,wacata,"2026-08-19 14:53:05",710.1,2,wacata
5420,16671314,"Robot Farm","2026-08-29 16:54:23",710.1,2,codearranger
5421,16661899,AAI,"2026-08-09 14:23:08",710.0,2,aiolapo
5422,16653117,"li jiaqi77","2026-08-07 05:32:06",709.9,2,lijiaqi77
5423,16802695,"Taras Sam","2026-09-07 17:36:00",709.8,2,tarassam
5424,16654832,mohit,"2026-08-07 00:01:08",709.7,2,mohitvarred
5425,16658717,"Aditya Kapadia","2026-08-06 14:32:16",709.5,2,adityakapadia2003
5426,16665935,eternitywinner,"2026-08-08 14:41:53",709.4,2,eternitywinner
5427,16623189,"Aditya Mishra","2026-08-09 03:42:06",709.1,2,adityamishranika
5428,16669930,"Ilya Klimanov","2026-08-25 13:30:13",708.8,2,ilyaklimanov
5429,16659820,Accayo14,"2026-08-06 14:20:30",708.8,2,accayo14
5430,16782792,"[Deleted] bdc3c175-811b-438f-9c3a-c2d9c80c106a","2026-08-29 07:16:45",708.4,2,del=e8b93c44cf962f9e
5431,16713590,"Александр Арутюнян","2026-08-13 05:20:18",708.2,2,alexarut17
5432,16668029,Timbo615,"2026-08-07 11:56:21",708.1,2,timbo615
5433,16729800,"Alchemical Retard.","2026-08-20 07:28:07",708.0,2,alchemicalretard
5434,16635518,"ROFIQUL ALAM SHEHAB","2026-08-09 11:49:00",708.0,2,rofiqulalamshehab
5435,16670058,"Dahoui Alex Armel ","2026-08-07 01:02:07",708.0,2,dahouialexarmel
5436,16690889,"B A S E L #","2026-08-08 14:47:22",707.9,2,basselll
5437,16670378,"Ari Carter","2026-08-08 23:18:02",707.7,2,aricarter
5438,16688579,"Long Hu","2026-08-09 09:41:04",707.3,1,longhul
5439,16662161,"Touhidul Alam Seyam","2026-08-10 12:39:51",707.2,2,seyamalam
5440,16687463,"Manolo Chow","2026-08-09 22:56:20",706.9,2,manolochow
5441,16665015,"laiba razzaq10","2026-08-07 14:21:49",706.8,2,laibarazzaq10
5442,16689084,Tam1m,"2026-08-29 09:56:39",706.7,2,booleanwolf
5443,16666625,"Nguyen Ngoc Thien","2026-08-07 16:12:04",706.7,2,ngocthienai
5444,16685990,VictorAndrew,"2026-09-05 22:20:04",706.7,2,vicktvr
5445,16669491,"Parakh Sharma","2026-08-06 10:59:33",706.6,2,parakh20
5446,16847456,waHAHA,"2026-09-07 09:53:07",706.5,1,wangshen1994
5447,16866155,gomamonaka,"2026-09-12 10:10:10",706.3,2,gomamonaka
5448,16663591,"Joseph Franck","2026-08-25 10:07:56",706.2,2,josephfranck
5449,16734312,truebelief,"2026-09-09 00:11:41",706.0,2,truebelief
5450,16696852,MYGEMER,"2026-08-09 15:43:13",706.0,1,mygemer
5451,16632426,Santhana,"2026-09-26 23:27:23",705.9,2,santhanalekshmic
5452,16675753,Khafidin,"2026-08-12 05:16:26",705.7,2,khafidin
5453,16678288,"Speedrun retirement","2026-08-30 18:59:23",705.4,2,"josephkimanikamau,nanducode"
5454,16658384,UwU,"2026-08-10 04:20:44",705.4,2,claudesewitz
5455,16639125,"Caio Coelho","2026-08-09 15:38:12",705.2,2,caio41
5456,16667606,Manifolds1,"2026-08-06 16:36:46",705.2,2,ptrakuldit
5457,16654626,bgsszsa,"2026-08-07 12:01:33",704.9,2,bgsszsa
5458,16732008,"Phoebe Lin","2026-09-05 01:05:06",704.9,2,phoebe0511
5459,16625472,"luna is free！","2026-08-29 16:39:51",704.5,2,simingtan
5460,16635890,Poojan,"2026-08-06 09:44:47",704.5,2,poojankumartandel
5461,16664827,"Jose Miguel Diez de la Lastra","2026-08-07 16:08:49",704.1,2,josemigueldiez
5462,16669608,"Jesy Lu","2026-08-13 16:21:53",704.1,2,jesylu
5463,16676280,agniii,"2026-08-06 17:05:08",703.9,2,agniii
5464,16671403,"Alex Karpowicz","2026-08-08 18:36:52",703.9,2,alexkarpowicz
5465,16753826,"Jai Mata Di","2026-08-31 10:09:11",703.8,2,mrigshira
5466,16630758,"Keshav Joshi","2026-08-20 18:53:37",703.7,2,keshavjoshi22
5467,16630441,"yjhv buddies","2026-08-07 09:50:05",703.6,2,bender1123123
5468,16625013,sash,"2026-08-05 01:00:10",703.0,2,sash2104
5469,16658213,"Ahmet Abdullah Gültekin","2026-09-30 21:20:05",702.9,2,abdullahgultekin
5470,16639645,RamenBoy,"2026-09-08 14:38:35",702.8,2,ramenboyjapan
5471,16681065,SYC,"2026-08-07 03:22:25",702.4,1,yichengs
5472,16657989,"vishnu gopal P","2026-08-08 12:27:56",702.2,2,vishnugp
5473,16664368,"Ujjwal Reddy","2026-08-10 19:43:26",702.0,2,ujjwalreddyks
5474,16671407,JBro13,"2026-08-07 02:29:02",701.9,2,jbro13
5475,16669971,"Luka Philip","2026-08-08 16:09:32",701.9,2,lukaphilip
5476,16722341,"Pham Huu Bao Chung","2026-09-16 08:57:18",701.8,2,phamhuubaochung
5477,16930968,"Harvey Zheng","2026-09-24 04:34:49",701.7,2,harveyzheng07
5478,16639606,Peach2587,"2026-08-12 03:19:13",701.4,2,momokayoshioka
5479,16796509,"Taha Alselwi","2026-09-27 19:52:40",701.4,2,tahaalselwii
5480,16666301,"James Felipe","2026-09-03 05:42:24",701.1,2,jamesfelipe
5481,16632446,"Abdul Wahab Khan","2026-08-06 04:53:37",701.0,1,abdulwahab2321
5482,16653208,FabienDaniel,"2026-08-07 10:17:38",700.8,2,fabiendaniel
5483,16663052,gh,"2026-09-13 21:30:08",700.2,2,grzegorz
5484,16624506,zhongtian,"2026-09-30 23:57:17",700.1,2,kmtbang
5485,16673179,"Muhammad Faraz Aftab","2026-08-09 10:18:58",699.9,2,muhammadfarazaftab
5486,16679155,jeziorop,"2026-08-06 20:34:53",699.9,1,jeziorop
5487,16633276,"Nolan Liang","2026-08-09 03:26:47",699.9,2,iamlkn
5488,16729472,"Boris Pletenev","2026-08-16 17:23:56",699.9,1,borispletenev
5489,16665256,zhoujqi,"2026-08-06 18:31:31",699.8,2,zhoujqi
5490,16792989,ALKRIS,"2026-08-31 14:35:26",699.7,2,wasimjbuh
5491,16634078,"yoho kumedayo","2026-08-15 12:48:29",699.5,2,dorachinyastyle
5492,16893333,Chista,"2026-09-17 23:10:55",699.4,2,"amirelite,asimir"
5493,16718916,"ROBERT SSEBAMBULIDDE","2026-08-14 19:21:24",699.4,2,robertssebambulidde
5494,16659045,Rai1,"2026-08-08 11:53:28",699.3,2,rai2003
5495,16658265,kraken,"2026-09-05 15:23:26",699.0,2,krn0209
5496,16665898,chengsongtao,"2026-08-23 00:12:59",698.7,2,cheng618
5497,16770724,Louras,"2026-08-26 09:49:05",698.6,2,louras
5498,16635612,Julian,"2026-09-27 07:55:19",698.4,2,mob404
5499,16719793,dhuruvapriyan,"2026-08-14 16:06:42",698.3,2,dhuruvapriyan
5500,16655076,"Tita Kongolo","2026-08-08 09:08:57",698.3,2,titakongolo
5501,16660555,"Nguyễn Nhật Thanh","2026-08-07 03:45:29",698.2,2,nguynnhtthanhhhhh
5502,16667714,ZhexinJiang,"2026-08-06 11:26:30",698.2,1,zhexinjiang
5503,16758431,"Mathews Jere","2026-08-26 18:10:25",697.9,2,mathewjere
5504,16670040,galaxyhunter,"2026-08-17 19:22:06",697.4,2,pkharkwal
5505,16762722,"Bruno Romero García","2026-08-31 20:24:32",697.3,2,brunoromerogarca
5506,16842527,ko_fusion_JPN,"2026-09-30 23:55:12",697.1,2,kofusionjpn
5507,16668039,NotEnoughTokens,"2026-08-06 13:04:52",696.8,2,"adofai,jonghyun7777,taglink"
5508,16753850,"Ahmad Ali","2026-09-09 17:58:10",696.7,2,ahmadali1243534
5509,16656503,"Thiago Munhoz da Nóbrega","2026-08-04 20:47:37",696.4,2,thiagommtmn
5510,16854347,"Arul Gandhi","2026-09-12 10:19:13",696.4,2,arulgandhi
5511,16896810,Xcution,"2026-09-16 18:23:35",696.4,2,gghhjjkk
5512,16661410,tmxdlr,"2026-08-05 12:40:54",696.3,2,tmxdlr
5513,16621802,fgwiebfaoish,"2026-08-13 12:21:54",695.9,2,fgwiebfaoish
5514,16652986,"Justin Kimlim","2026-08-26 03:12:37",695.9,2,justinkimlim
5515,16807575,Rf28,"2026-09-03 10:29:55",695.7,2,rehyyy
5516,16657942,"Gokul Prasath","2026-08-04 23:38:18",695.2,2,beastgokul
5517,16664775,DoubleZs,"2026-08-06 02:55:02",695.1,2,zhang051018
5518,16797134,Yooho0,"2026-09-07 16:25:05",695.0,2,yooho0
5519,16680408,mochogo,"2026-08-07 05:42:33",695.0,1,mochogo
5520,16853733,Eugene,"2026-09-27 14:29:46",694.9,2,eugenejyuan
5521,16623798,RuiKimura4,"2026-08-27 00:30:45",694.8,2,ruikimura4
5522,16687135,"Kavya Bhandari","2026-08-22 17:20:43",694.6,2,kavyabhandari1998
5523,16924499,Matterhorn3838,"2026-09-30 07:45:23",693.9,2,matterhorn3838
5524,16679237,"Danilo Sepúlveda","2026-08-06 21:26:28",693.6,1,daniloseplveda
5525,16635679,WUHAOZHE618,"2026-08-15 04:08:45",693.5,2,wuhaozhe618
5526,16631016,木下陽平,"2026-08-06 14:52:20",693.5,2,yoheikaggle
5527,16624977,Avikumar93801,"2026-08-11 05:55:19",693.4,2,avikumar93801
5528,16692469,neoistheone,"2026-08-08 18:38:13",693.4,1,neoistheone
5529,16659525,"Dang Khoa Nguyen","2026-08-17 09:51:16",693.1,2,khoadangnguye
5530,16712577,"nattapon nakakong","2026-09-22 02:49:39",692.8,2,nattaponnakakhong
5531,16665529,Venneth,"2026-08-08 12:32:20",692.8,2,venneth
5532,16668329,HakimTaoufik,"2026-08-18 13:06:18",692.4,2,hakimtaoufik
5533,16666686,yolo,"2026-09-30 10:12:33",692.2,2,avin55
5534,16762021,Dhananjai1729,"2026-09-26 12:19:33",691.9,2,dhananjai1729
5535,16876448,"Max Harvestappen","2026-09-23 05:18:56",691.9,2,ryosukefujita
5536,16735488,"arhaan rai","2026-09-01 19:18:46",691.7,2,arhaanrai
5537,16637898,"Marek Nurzynski","2026-09-26 19:39:58",691.7,2,marek3000
5538,16706993,Celibistrial,"2026-09-03 20:28:20",691.3,2,celibistrial
5539,16866097,"Pradeep Kumar Mahato","2026-09-16 14:21:29",691.1,2,pradeepkr12
5540,16660091,bcTiann,"2026-08-06 05:55:54",690.9,2,bctiann
5541,16663407,Denis,"2026-08-11 17:42:21",690.4,2,matsiusheuski
5542,16935335,"Joshua Attridge","2026-09-22 07:07:14",690.3,2,joshuaattridge
5543,16939419,goat,"2026-09-30 18:28:35",690.3,2,vinhdang2006
5544,16764081,"Demir Durbakayım","2026-08-29 21:21:56",690.2,2,sixcode
5545,16675027,namanbnsl,"2026-08-06 13:02:52",690.0,2,namanbnsl
5546,16677188,Nicooni,"2026-08-06 16:35:01",690.0,1,nicooni
5547,16659761,cheng-han,"2026-08-06 08:16:10",689.9,2,neoshie
5548,16644390,"Manan Gupta","2026-08-05 17:08:32",689.9,2,obirdy
5549,16796145,Qian,"2026-09-01 15:04:00",689.9,2,"aurelianz,qianyuchaoni"
5550,16639280,"Faruk Çiftler","2026-08-09 11:27:46",689.8,2,abdullahfaruk
5551,16757741,"Malte Bories","2026-08-25 20:08:35",689.6,2,maltebories
5552,16667205,"Andrew Lee","2026-08-06 11:16:52",689.6,1,andrewlee23023
5553,16660824,"Stitch Clarity","2026-08-04 15:27:53",689.1,2,stevenanctil
5554,16670765,"tensor choko","2026-08-05 23:03:23",688.8,1,tensorchoko
5555,16667091,"Nico Feiler","2026-08-07 14:27:47",688.6,2,nicofeiler
5556,16668995,"MD.Firoj Khondokar","2026-08-06 11:05:13",688.6,2,mdfirojkhondokar
5557,16656296,Fususu,"2026-09-05 04:32:44",688.4,2,phuongncn
5558,16663178,Sm00thiecodes,"2026-08-07 11:00:29",688.4,2,sm00thiecodes
5559,16659727,shuaiqiyang,"2026-09-16 01:16:36",688.3,2,shuaiqiyang
5560,16683764,bf01,"2026-08-21 21:19:05",688.1,2,jalperov
5561,16702796,Yavuz.YILMAZ,"2026-09-30 21:54:39",687.8,2,yvztpe
5562,16654743,"Jaume Batlle i Ferrer","2026-09-25 06:18:38",687.8,2,jaumebatlleiferrer
5563,16632250,"Mesut Gözdemir","2026-08-05 17:54:14",687.7,2,gfkfu123
5564,16943185,VarchaswaV,"2026-09-22 21:48:07",687.7,2,varchaswav
5565,16668668,"George Byne","2026-08-25 10:10:36",687.4,2,georgebyne
5566,16930368,sillaby,"2026-09-30 19:19:33",687.4,2,sillaby
5567,16658723,"Waleed Alkhateeb","2026-08-05 13:31:44",687.4,2,waleedalkhateeb
5568,16656393,"Faris Abqari","2026-08-07 00:15:25",687.4,2,farisabqari11
5569,16677675,"Roman Mironov","2026-08-06 17:30:28",687.3,1,helloromiro
5570,16942806,rosefinch555,"2026-09-27 10:14:55",687.1,1,rosefinch555
5571,16875632,HexTex,"2026-09-12 04:34:49",687.1,2,hexlab
5572,16633808,mmath2,"2026-08-07 10:52:38",686.9,2,mmath2
5573,16665399,"Shivam Shrivastava","2026-08-13 15:32:37",686.5,2,shivamshrivastava180
5574,16661362,BEETRiX🦋,"2026-09-30 19:40:07",686.3,2,johannaleighdeley
5575,16766274,"Satwato Dey","2026-09-24 20:50:22",686.2,2,satwato
5576,16744640,"Marcin Skalski","2026-09-01 18:25:08",686.0,2,marcinskalski
5577,16666609,"visit palja.co","2026-08-15 03:34:49",686.0,2,sselrats
5578,16698822,JJN8825,"2026-09-26 16:38:20",685.9,2,jjn8825
5579,16666245,"Cagatay Morcicek","2026-08-13 06:53:40",685.6,2,thisismylabs
5580,16669400,"Martin Konôpka","2026-08-06 12:16:13",685.5,2,rumburakk
5581,16639043,"saroj bono","2026-08-28 18:42:55",685.4,2,sarojbono197
5582,16728345,ron,"2026-09-19 21:49:15",685.2,2,romart
5583,16866109,AAA-建材批发旭哥,"2026-09-12 03:44:40",685.1,2,aaawenxu
5584,16894603,"Riyan Ahasan Araf","2026-09-16 02:11:59",685.0,2,riyanahasanaraf
5585,16670304,"Daniel Tomaro1","2026-08-09 03:03:06",684.8,2,danieltomaro1
5586,16703300,"Fahd EL ANSARI","2026-09-30 11:50:41",684.8,2,fahdelansari
5587,16664170,SpookyHippo,"2026-08-06 02:44:29",684.6,2,spookyhippo
5588,16654271,"Sophie and Yanna","2026-08-19 17:08:47",684.5,2,"morty3500,sophanie"
5589,16790145,"Casper du Jardin Kejser","2026-09-04 09:12:34",684.5,2,casperdujardinkejser
5590,16925283,"Carlos Gallego Menor","2026-09-19 19:19:37",684.3,2,carlosgallegomenor
5591,16858849,"Mark Diamond","2026-09-13 22:11:38",684.3,2,ponkle
5592,16644861,"kanzaler ensemble","2026-08-11 14:30:36",683.9,2,kanzalerensemble
5593,16642579,"Desyat IO","2026-08-09 17:31:59",683.9,2,desyatio
5594,16886420,infoproje,"2026-09-13 12:58:25",683.9,2,infoproje
5595,16811628,"Roger Yang","2026-09-08 03:12:08",683.7,2,rogerjyang
5596,16668060,"Spiros Skarmoutsos","2026-08-08 12:48:07",683.7,2,spirosskarmoutsos
5597,16672520,"Nah I'd win","2026-08-07 08:09:12",683.6,2,asutriy
5598,16641093,"Satish ","2026-08-20 04:18:42",683.3,2,satishkommanaboina
5599,16621557,"Vijay Krishna Lanka","2026-09-27 05:51:08",683.2,2,vijaykrishnalanka
5600,16729165,コーラ,"2026-08-23 07:30:40",683.0,2,cola0912
5601,16711556,"Avvy Lavoienne","2026-08-18 04:44:16",682.6,2,avvylavoienne
5602,16650396,RaymondZhao0304,"2026-08-04 00:39:30",682.5,2,raymondzhao0304
5603,16805598,"I'm just trying out here QQ","2026-09-02 22:31:17",682.4,2,zadatt
5604,16726025,"Yanrun Chen","2026-09-07 12:15:23",682.3,2,yrchen98
5605,16678965,MrGS,"2026-08-09 01:18:09",682.2,2,gabrielsderhll
5606,16674977,BarbateP,"2026-09-30 19:22:26",682.1,2,barbatep
5607,16659217,Dynamic_fire07,"2026-08-05 18:51:51",682.0,2,"dynamicfire07,tryingmybest123"
5608,16881685,"Vladislav Mlechko","2026-09-12 16:41:48",681.9,1,vladislavmlechko
5609,16691310,"Ganesh ","2026-09-28 22:03:09",681.9,2,hotshot1798
5610,16624600,ariacat,"2026-08-06 07:16:44",681.5,2,ariacat
5611,16765310,"Aria Muse","2026-09-30 05:23:00",681.5,2,ariamuse
5612,16664300,"swajay nandanwade","2026-08-05 04:57:10",681.5,2,swajaynandanwade
5613,16668357,"B.Pardha Manoj Reddy","2026-08-24 16:57:25",681.4,2,pardhamanojreddy
5614,16623969,"Akira Imae","2026-09-21 07:19:19",681.3,2,imaeakira
5615,16653855,"Klgv Klgv","2026-08-06 11:54:38",681.1,2,klgvklgv
5616,16659033,"Farzana Shaju","2026-08-05 07:18:29",681.0,2,"farzanashaju,shaikhharisjamal"
5617,16916213,"Arjun Hans","2026-09-18 02:13:40",680.8,2,arjunhans
5618,16664890,ideal_m99,"2026-09-19 19:12:14",680.7,2,idealm99
5619,16655353,"Pablo Montenegro","2026-08-09 02:13:47",680.6,2,pablomontalb
5620,16644221,"Guzha Panashe H","2026-08-22 15:34:41",680.4,2,guzhapanasheh
5621,16661019,lmq,"2026-08-04 14:47:23",680.3,2,lmminhquang
5622,16662872,"Artem Garbart","2026-08-05 09:41:29",680.2,2,artyomgarbart
5623,16887820,"Radosław Czajkowski","2026-09-30 11:50:23",680.0,2,radoslaw
5624,16729515,"Emmanuel Tolani","2026-08-29 15:03:36",679.8,2,emmanueltolani
5625,16636148,SanggeunParrk,"2026-08-05 04:04:32",679.5,2,sanggeunparrk
5626,16695555,S4K50M,"2026-08-12 14:39:41",679.5,2,setiasaksham
5627,16660470,"Oğuz Kaan Mavice","2026-08-28 09:39:58",679.5,2,oguzkaanmavice
5628,16819277,"Enshi Zhang","2026-09-05 16:26:29",679.5,2,enshizhang31
5629,16658562,mashBrian254,"2026-08-04 10:48:33",679.3,2,mash1990
5630,16662496,KhalidKhan,"2026-08-05 05:31:07",679.2,2,feedfeed
5631,16652900,cjen07,"2026-08-07 23:33:05",679.1,2,cjen07
5632,16685879,"Jack Chen lalala","2026-09-30 23:03:55",679.0,2,jackchenlalala
5633,16684470,"Soumi Ghosh","2026-08-11 10:59:07",679.0,2,soumighosh911
5634,16758174,REBEL_K,"2026-08-27 18:30:45",678.9,2,rebelk
5635,16655828,ack07,"2026-08-06 04:52:07",678.8,2,its07amit10
5636,16656304,"Gururaj Athani","2026-09-12 02:26:55",678.8,2,gururajathani
5637,16664565,"Wayne Chou","2026-08-05 12:30:14",678.6,2,ambientz
5638,16623236,"Yonatan Nemtsov","2026-08-06 00:28:01",678.4,2,yonatannemtsov
5639,16770912,IsonaEi,"2026-08-26 12:48:48",678.3,1,isonaei
5640,16666163,"Muthuraman Raman 7","2026-08-06 05:25:09",678.2,2,muthuramanraman7
5641,16659883,"Ahmad Hfdx5","2026-08-05 03:33:48",678.2,2,ahmadhfdx5
5642,16672264,iiTz_AK,"2026-08-15 12:18:44",678.2,2,iitzak
5643,16627023,Farrmer,"2026-08-05 08:02:35",678.1,2,noahfarr
5644,16699080,"Karthikeya Thatipamula","2026-09-12 04:52:19",678.1,2,karthikeya18
5645,16758889,bomboclat,"2026-08-30 08:52:08",678.1,2,sstprk
5646,16674550,"Jebastin Nadar","2026-08-06 10:09:16",677.6,2,samfc10
5647,16694399,"Sujith Kumar Sashikanth","2026-08-10 00:01:32",677.5,2,sujithsashi
5648,16625663,sota1111,"2026-09-03 01:43:41",677.4,2,sota1111
5649,16825081,huohuaya,"2026-09-09 06:09:50",677.2,2,huohuaya
5650,16666900,sooflee,"2026-08-12 14:19:50",677.1,2,sooflee
5651,16643095,ckyasb,"2026-08-05 14:39:42",677.0,2,ckyasb
5652,16672672,Koiiiiiopen,"2026-08-08 06:25:21",676.9,2,koiiiiiopen
5653,16656345,sunchang71,"2026-08-05 14:05:13",676.9,2,sunchang71
5654,16898029,"Leonid Kononenko","2026-09-18 04:47:05",676.8,1,"aleksandraavetisova,leonidkononenko"
5655,16668545,Ronty00,"2026-08-06 08:24:07",676.7,2,ronty00
5656,16654081,"Aleksei Ponomarev","2026-08-06 00:43:57",676.6,2,alekseiponomarev
5657,16637519,Temprao,"2026-08-03 12:16:43",676.0,1,maruimono928
5658,16660819,nya654nya,"2026-09-14 08:30:21",675.9,2,nya654nya
5659,16770454,"Nawaf Almutairi","2026-09-12 19:23:12",675.8,2,nawafbalmutairi
5660,16665431,"Monojit Nandy","2026-08-06 11:50:38",675.6,2,vedarthmn
5661,16673155,"Babar Khilji","2026-08-06 15:55:26",675.5,2,babarkhilji
5662,16664291,"William Dennis","2026-08-11 07:57:27",675.5,2,williamdennis
5663,16734511,"Marcin Salaterski","2026-09-16 23:18:31",675.4,2,marcinsalaterski
5664,16660376,"Ahmed Sedky 0100","2026-08-06 20:56:37",675.4,1,ahmedsedky0100
5665,16639241,"Alissa King","2026-08-04 05:05:30",674.8,2,alissaking
5666,16786115,"Andy Phan","2026-09-07 01:10:28",674.6,2,andyphan
5667,16698538,"Haozhe Wang 2022","2026-08-24 00:50:02",674.6,2,haozhewang2022
5668,16784599,"Engineer Lisa","2026-09-30 22:27:15",674.6,2,lisamhines
5669,16650018,EiMengLove,"2026-08-05 10:27:31",674.4,2,konicty
5670,16667101,SundharSteyn,"2026-09-23 16:27:30",674.4,2,sundharsteyn
5671,16655534,"Charles Mills","2026-08-06 16:40:27",674.3,2,charlesqmills
5672,16742239,"Benny Joseph","2026-09-17 13:06:06",674.2,2,pbennyjoseph
5673,16675203,HK,"2026-08-06 11:38:05",674.2,1,hizurukonishi
5674,16656009,"Steven Liu","2026-08-31 06:25:02",673.9,2,thornkey
5675,16641326,IY,"2026-08-05 19:27:31",673.9,2,irotrader
5676,16929792,"Ganesh K","2026-09-22 19:25:02",673.8,2,ganeshk2846
5677,16792155,abc,"2026-09-03 06:45:13",673.8,2,"datqg0,quangnguyn132"
5678,16693164,nuggettttt,"2026-08-09 02:14:22",673.3,2,nuggettttt
5679,16631261,Monster,"2026-08-04 15:46:32",673.3,2,tmtngtrng
5680,16667730,"Surya Vijjeswarapu","2026-09-03 18:49:07",673.3,2,suryavijjeswarapu
5681,16802341,"Yousef Turk","2026-09-08 04:00:16",673.3,2,yousefturk
5682,16748741,"pt ptao","2026-08-26 12:50:45",673.1,2,ptptao
5683,16657077,_LT_zyc,"2026-08-05 01:01:42",672.8,1,zyczyc
5684,16688884,"As Wasti","2026-08-14 01:34:26",672.8,2,aswasti
5685,16835371,"Eli Ziv","2026-09-06 00:11:52",672.7,2,eliziv027
5686,16794125,"Xero Scythe","2026-09-02 18:57:39",672.7,2,xeroscythe
5687,16654235,"Mwanza Wambua","2026-08-06 10:16:13",672.6,2,mwanzawambua
5688,16832844,aliREZA,"2026-09-17 23:55:15",672.5,2,afazlik1
5689,16732722,Kusanagi,"2026-08-24 21:52:54",672.5,1,kusanagiap
5690,16676054,"Vladislav Konstantinov","2026-08-08 09:33:35",672.5,2,vladkonstantinov
5691,16642154,Burkina_team_mate,"2026-08-06 15:30:54",672.4,2,"belemkalilou,tedjosegregorybere"
5692,16673682,MJ.LIU.T,"2026-08-06 08:14:05",672.4,1,mjliut
5693,16745450,GusNicho,"2026-08-24 03:30:55",672.4,2,pineapplepencil
5694,16651180,yangyefd,"2026-08-03 08:42:57",672.2,1,yangyefd
5695,16655712,"Smart Manoj","2026-08-04 01:55:13",672.0,2,smartmanoj
5696,16698045,"Vikhas S G","2026-09-07 06:12:25",672.0,2,vikhassg
5697,16727696,Milkman,"2026-08-19 15:05:17",671.8,2,talhasahi
5698,16652560,"Ahmed Samir","2026-08-03 12:15:01",671.8,2,ahmedsamir1598
5699,16661532,"Fedor Baart","2026-08-05 12:34:21",671.7,1,fedorbaart
5700,16628727,dominyellow,"2026-08-04 11:44:21",671.5,2,dominyellow
5701,16823948,"Alexey Stepanov","2026-09-04 21:57:25",671.3,2,alexey0508
5702,16732048,jiangletian,"2026-09-29 23:16:00",671.3,2,jiangletian
5703,16721639,"Ankit Sain","2026-08-25 01:14:02",671.3,2,thisankitsain
5704,16659676,Light,"2026-08-05 03:07:39",671.2,2,aadarshashrestha007
5705,16875907,"Yash Mathur","2026-09-18 16:13:00",671.1,2,yashmathur03102001
5706,16652896,"R^2 negative","2026-08-04 23:14:38",671.1,2,rktqwe
5707,16655493,TheDigitalCK,"2026-08-07 12:31:58",671.1,2,thedigitalck
5708,16623448,HoJoonYun,"2026-08-09 13:43:43",671.0,2,hojoonyun
5709,16677965,felipe9695,"2026-08-12 21:23:05",670.9,1,felipe9695
5710,16656171,ishu,"2026-08-04 03:27:45",670.9,2,ishhverma
5711,16663273,"Mason Frias","2026-08-06 22:57:08",670.8,2,masonfrias
5712,16806251,"Seok Jun Kim","2026-09-08 07:51:16",670.6,2,sjk1225
5713,16632055,Bugra0,"2026-08-03 22:44:42",670.5,2,bugra0
5714,16731990,Karl0106,"2026-09-18 08:35:18",670.4,2,karl0106
5715,16797785,"Vivek Verma","2026-08-31 20:36:45",670.3,2,cosmicescape
5716,16654209,"Nirav Mehta 1612","2026-08-10 15:41:47",670.2,2,niravmehta1612
5717,16762634,"Clement Ling","2026-09-11 08:49:26",670.1,2,clementling
5718,16717448,getalife();,"2026-09-20 08:55:13",669.9,2,"byteknight28,dhairyapandya24,rounakagrwl"
5719,16918433,"Mingkang He","2026-09-29 03:31:49",669.8,2,mingkanghe
5720,16644774,lungjyuanz,"2026-08-07 01:03:20",669.6,2,lungjyuanz
5721,16807281,sansh0u0,"2026-09-27 15:50:16",669.4,2,sansh0u0
5722,16661010,"Dante Dyches-Chandler","2026-08-05 04:36:09",668.8,2,dantedycheschandler
5723,16919251,"Eric Fan","2026-09-19 19:04:44",668.6,2,ericfan1110
5724,16775250,Junrong,"2026-08-30 00:00:13",668.6,2,fjhgjf
5725,16677240,"Jeevan Malla","2026-08-07 07:37:46",668.3,2,jeevanmalla
5726,16653958,seowoohyeon,"2026-08-06 11:48:06",668.1,2,seowoohyeon
5727,16739551,arao,"2026-08-28 21:24:55",668.0,2,anjanarao
5728,16665293,"ADITYA BEECHA","2026-08-10 05:16:38",667.8,2,bechaaditya
5729,16740633,zhangtingyu11,"2026-08-20 04:34:32",667.6,2,zhangtingyu11
5730,16658048,"Joel jaison 391","2026-08-05 02:31:57",667.3,2,joeljaison391
5731,16798334,"Gabriel othávio","2026-09-02 22:08:55",667.2,2,gabrielothvio
5732,16642207,"Nerijus Areska","2026-08-04 00:01:32",666.5,2,nerijusareska
5733,16660853,"lxh unbound","2026-08-05 00:02:02",666.3,2,lxhunbound
5734,16765743,page0526,"2026-08-26 02:08:11",666.1,2,page0526
5735,16654946,AliLucky,"2026-08-05 15:07:59",666.1,2,alilucky
5736,16664400,Boruiyang21,"2026-08-05 14:56:03",666.0,2,boruiyang21
5737,16659874,"ding yumeng","2026-08-26 11:59:06",666.0,2,dingyumeng
5738,16846320,"hao zhang","2026-09-29 04:19:20",665.5,2,zhanghao913
5739,16659565,Tekin24,"2026-08-13 21:25:21",665.4,2,tekin24
5740,16658261,"Manan Khanna","2026-08-04 07:41:27",665.3,1,manankhanna0
5741,16729564,"Eirik Tveiten","2026-08-19 13:04:02",665.3,2,eiriktveiten
5742,16656420,"Aditya Raj #2","2026-08-18 16:37:49",665.3,2,optimus2005
5743,16629983,Amundsen,"2026-08-05 06:51:46",665.2,2,amundsen
5744,16668361,NinhNguyen,"2026-09-12 12:55:39",665.1,2,ninhnt110695
5745,16702509,KošičanSVK,"2026-08-17 18:04:22",665.0,2,ryanstoner
5746,16772626,"Dr. Mikholae Hutchinson","2026-09-05 19:48:53",665.0,2,drmikholaehutchinson
5747,16637797,"Xiangchen Li","2026-08-04 09:47:59",664.7,2,xiangchenli07
5748,16655530,AlivRick,"2026-08-05 16:18:54",664.6,2,alivrick
5749,16669227,"Tom Dufresne","2026-08-07 11:17:39",664.3,2,tadufre
5750,16949731,"Engel Ai Labs","2026-09-24 00:56:37",664.3,2,joshuaziese
5751,16764445,sukesuke012,"2026-09-03 01:40:16",664.2,2,sukesuke012
5752,16716522,"Lavanya Bacche","2026-08-17 08:43:40",664.1,1,lavanyabacche
5753,16658616,"Amitesh Chaudhary","2026-08-11 10:04:02",664.1,2,amiteshchaudhary
5754,16699699,rudykane,"2026-08-11 16:06:34",664.0,2,rudykane
5755,16659446,zhaozy233,"2026-09-30 09:03:10",663.9,2,zhaozy233
5756,16669282,sky233,"2026-08-06 17:06:04",663.9,2,sky233
5757,16715255,"xiaocai liu","2026-09-13 19:19:43",663.8,2,xiaocailiu
5758,16655294,Mobzya,"2026-08-26 23:11:15",663.6,2,mobzya
5759,16847548,"Abhinav Sai Podugu","2026-09-10 06:59:09",663.4,2,abhinavsaipodugu
5760,16734672,"Artom  Wade","2026-09-30 22:18:15",663.4,2,artomwade
5761,16656709,"Anh-Vu Mai-Nguyen","2026-09-30 13:21:45",663.1,2,mainguyenanhvu
5762,16632686,strike,"2026-08-06 06:21:38",663.0,2,nicolia
5763,16640811,cyberia,"2026-08-02 09:12:23",662.9,1,cyberia
5764,16634213,kkunizaw,"2026-08-03 20:47:58",662.6,2,kkunizaw
5765,16775353,"YK Pan","2026-09-29 11:16:13",662.5,2,vansher
5766,16736314,"wuret henr","2026-08-20 09:10:48",662.4,2,wurethenr
5767,16632694,8ct10nz,"2026-08-04 12:02:49",662.3,2,act10nz
5768,16658569,"Danu A.","2026-08-05 13:12:09",662.1,2,eu1234
5769,16655339,harmo-miu,"2026-08-23 05:57:37",661.8,2,harmomiu
5770,16664221,Anish,"2026-08-14 00:53:48",661.7,2,anishmunje
5771,16665994,Rakhansyah,"2026-08-25 13:08:20",661.5,2,rakhansyah
5772,16652339,"Mohamed Amine Rebhi","2026-08-03 16:03:07",661.5,2,mohamedaminerebhi
5773,16925442,"Stef Sempels","2026-09-22 08:29:38",661.4,2,stefsempels
5774,16634752,"Praise the SHOVEL","2026-08-03 16:16:28",661.1,2,barnobarno
5775,16643922,Konstantin03,"2026-09-07 17:03:30",661.1,2,konstantin03
5776,16659435,Zerabyte_X,"2026-08-04 09:52:16",661.1,1,zerabytex
5777,16622312,"Malak Reda","2026-08-03 09:02:41",660.9,2,malak457
5778,16659749,"Kavsik YVS","2026-08-22 19:30:45",660.8,2,kavsiku0512
5779,16839782,"mou chen111","2026-09-05 15:00:04",660.7,2,mouchen111
5780,16680239,"Marinto Richee J","2026-08-12 08:21:02",660.7,2,marintoricheej
5781,16657294,"Ragul M","2026-08-04 07:08:51",660.7,2,ragul7002
5782,16661229,Gena,"2026-08-04 15:18:42",660.7,2,gdonchyts
5783,16663096,Agola_dasacic,"2026-08-04 20:07:50",660.6,2,mnu303
5784,16872090,DanielAarhus,"2026-09-17 07:10:37",660.5,1,danielaarhus
5785,16654006,"Harish Dhanarajan","2026-08-03 17:23:50",660.3,1,harishdhanarajan
5786,16639473,"Jeff Borschowa","2026-08-02 00:39:11",660.2,2,jeffborschowa
5787,16657419,"Saivedant Hava","2026-08-05 06:36:39",660.1,2,saivedanthava
5788,16691938,"PRASHANT SUTHAR11","2026-09-25 12:12:57",660.0,2,prashantsuthar11
5789,16655588,"The Devil's World 678","2026-08-07 10:39:23",660.0,2,thedevilsworld678
5790,16774787,wpk1122,"2026-08-29 01:54:49",659.9,2,wpk1122
5791,16767453,IterumVici,"2026-09-06 19:28:10",659.8,2,iterumvici
5792,16658684,"Takayuki Michishita","2026-09-13 11:00:03",659.6,2,takayukimichishita
5793,16656308,"Srishanth Sriramula","2026-08-08 09:02:13",659.6,2,srishanthsriramula
5794,16663099,"Md. Abdullah Al Mamun","2026-08-05 02:16:43",659.5,2,mamun18
5795,16658571,"Yusuke Sato","2026-08-27 03:06:42",659.5,2,wanko123
5796,16809515,"Александр Трифонов","2026-09-12 20:13:15",659.4,2,cybrvibe
5797,16661353,mithi,"2026-08-11 20:04:07",659.2,2,singhaleo
5798,16678250,"RMS Danaraj","2026-09-08 19:52:43",659.1,2,salorajan
5799,16655603,"Veeranuch Leelalai","2026-08-11 12:55:29",658.9,2,veeranuchleelalai
5800,16659996,Schwifty,"2026-08-12 20:01:01",658.5,2,schwiftyc137
5801,16942421,"Raj Tharun","2026-09-30 17:32:12",658.5,2,tharunraj1122
5802,16664439,"Tony T","2026-09-10 12:16:04",658.3,2,thekke
5803,16630760,dkzmn,"2026-09-04 08:59:03",658.3,2,dmkzmn
5804,16818086,wwewwt,"2026-09-08 05:44:07",658.2,2,wwewwt
5805,16669052,"Md. Asif Hossain","2026-09-18 05:29:41",658.2,2,sabuktagin
5806,16669164,コノウイ,"2026-09-23 16:51:48",658.1,2,nickhu0414
5807,16667503,Yuzuki,"2026-08-05 12:19:45",658.0,1,yuzukiohya
5808,16663515,HamsterSashka,"2026-08-20 14:40:55",657.9,2,hamstersashka
5809,16738239,"Yaseen Shah7897","2026-09-08 05:57:15",657.7,2,yaseenshah7897
5810,16656170,"Chakrabhuana V  Deva","2026-08-05 06:54:50",657.6,2,chakrabhuanavdeva
5811,16651613,"Devin Zhou","2026-08-05 02:27:36",657.5,2,devinzhou
5812,16713463,"Dillen Perumal","2026-08-29 16:39:37",657.2,2,dxllen
5813,16640877,Yorix.um,"2026-08-02 13:31:28",657.0,1,yorixum
5814,16658645,"Alan T Hall","2026-09-30 23:54:10",656.9,2,alanthall
5815,16657861,"Liao Zixu","2026-08-25 04:28:34",656.8,2,liaozixu
5816,16660939,"Quenux Studio","2026-09-03 17:07:26",656.6,2,dieguis1976
5817,16876275,"JOP OK","2026-09-18 18:09:43",656.6,2,fuveo24
5818,16677752,"Senya Ka","2026-08-08 19:16:00",656.5,2,m1greatcool
5819,16661376,"YERMES AMINE","2026-08-04 14:13:45",656.4,1,yermes
5820,16639567,YassY_The_AlchemYst,"2026-08-11 15:07:03",656.2,2,yassineelhallaoui
5821,16923258,nono00,"2026-09-20 16:43:09",656.0,2,nono00
5822,16665764,"izh yng","2026-08-21 06:16:21",655.9,2,izhyng
5823,16714335,"Jake Mordan","2026-09-30 23:35:08",655.9,2,jakemordan
5824,16653122,Wei_Chance,"2026-08-23 10:25:14",655.7,2,bystanderq
5825,16637489,"Gopal Krishna Gundumalla","2026-08-02 12:39:17",655.7,2,gopalkrishnag
5826,16622760,yunus_bayram_kagle,"2026-08-04 07:49:00",655.7,2,yunusbayramkagle
5827,16654419,kreiack,"2026-08-09 23:47:00",655.6,2,kreiack
5828,16730199,kawanot,"2026-08-24 09:15:18",655.4,2,kawano
5829,16914081,"Ashmit Janjirkar","2026-09-25 07:33:21",655.4,2,ashmitjanjirkar
5830,16802675,manishcs076,"2026-09-16 21:13:06",655.4,2,manishcs076
5831,16658264,XiweiZhou,"2026-09-06 23:35:58",655.1,2,xiweizhou
5832,16655596,Bela,"2026-08-04 01:18:06",654.6,1,istribaik
5833,16667058,"Lê Quốc Duy","2026-08-08 01:03:08",654.2,2,lqucduy
5834,16658852,"Chhaya Awasthi","2026-08-04 09:37:05",654.0,2,chhayaawasthi
5835,16640619,"Sơn Nguyễn","2026-08-28 08:19:19",653.8,2,sonnguyen10
5836,16632536,"Aleksander Sachuk","2026-08-02 21:33:27",653.7,2,alexsssachuk
5837,16682353,"counter puncher","2026-09-16 13:38:14",653.4,2,ahmadabdoumalickdiop
5838,16655396,Tesla1AC,"2026-08-08 08:18:09",653.0,2,mathornton
5839,16927400,HaY0801,"2026-09-30 03:24:05",652.9,2,hay0801
5840,16636105,"Md. Mehedi Hasan","2026-08-01 14:03:03",652.7,2,mehedi052
5841,16923772,"Aidan Edward Lawson","2026-09-21 05:55:34",652.5,2,modalpathethics
5842,16662904,Bharathms1902,"2026-08-08 11:41:54",652.5,2,bharathms1902
5843,16667547,"miaoqing long","2026-08-06 03:31:43",652.3,2,miaoqinglong
5844,16733195,"Zukas F.","2026-09-29 14:10:55",652.2,2,zukasf
5845,16679861,Pandabueno,"2026-08-12 15:51:48",652.1,2,ronaldomonzn
5846,16641068,"Rahul Ray","2026-08-05 14:27:07",652.1,2,rahulray5
5847,16667516,Rosastella,"2026-08-05 16:00:48",652.1,2,rosastella
5848,16644185,"Mimic Mohsin","2026-08-02 18:38:46",652.0,1,mimicmohsin
5849,16940668,"Lars Gade","2026-09-30 19:27:40",651.6,2,larsgade
5850,16626217,"Stanislav Chistyakov","2026-08-05 18:52:47",651.5,2,chistyakov
5851,16823252,"FARZANA ALI","2026-09-30 07:11:31",651.3,2,farzanaali
5852,16661670,sansm1,"2026-08-04 16:54:59",651.2,2,sansm1
5853,16894008,"Marcus Jamieson","2026-09-25 10:34:42",651.1,2,marcusjamieson
5854,16883264,"João Felipe Aguiar","2026-09-13 15:32:14",651.0,2,joofelipeaguiar
5855,16724269,lava,"2026-09-25 13:51:26",650.8,2,fanxiaozhen
5856,16724522,"stathis maurog","2026-08-26 07:01:48",650.3,2,stathismaurog
5857,16709136,ryanocm,"2026-08-13 15:08:49",650.2,2,ryanong
5858,16659444,"ANKIT AGARWAL","2026-09-27 17:29:55",649.9,2,ankwall223
5859,16643692,Samsay24,"2026-08-02 17:22:45",649.5,1,samsay23
5860,16654153,"Mateus Cruz, Msc.","2026-08-03 17:44:02",649.3,1,matteuscruz
5861,16925125,Chirag&Sanika,"2026-09-30 03:26:24",649.1,2,chiragdeshmukh1
5862,16774682,"Tatsuhito Yoshikawa","2026-09-04 02:14:45",649.1,2,tatsuhitoyoshikawa
5863,16622940,"Enrico Ambrosio","2026-08-06 19:56:30",648.8,2,enricoambrosio
5864,16635680,starclan,"2026-08-14 17:50:55",648.8,2,starclan
5865,16633083,bsenst,"2026-08-07 12:38:47",648.8,2,bnzn261029
5866,16655217,"Jiawei Zhao","2026-09-26 21:57:57",648.5,2,c789a123
5867,16670365,"Konstantin Alekseev","2026-08-10 10:58:09",648.4,2,alekskst
5868,16815488,"crothety liu","2026-09-05 06:27:35",648.4,2,crothetyliu
5869,16718579,"Nazariy Karpov","2026-08-18 07:28:29",648.0,2,nazariykarpov
5870,16646360,"Asrith Singampalli","2026-08-03 08:46:59",647.8,2,asrithsingampalli
5871,16697694,"Adithya Thiruvalluvan","2026-09-30 22:38:26",647.7,2,forestfire7
5872,16661685,"Lê Ngọc Lâm","2026-08-13 15:29:40",647.5,2,lengoclam
5873,16634036,"Emanuel Lázaro","2026-08-02 14:55:30",647.4,2,emanuellcs
5874,16798268,KAEOS,"2026-09-30 09:09:01",646.7,2,hitesh221
5875,16916717,Rubén,"2026-09-18 18:44:49",646.7,2,rucamaba
5876,16682908,"Masha Mashallah","2026-09-12 09:32:09",646.5,2,mashamashallah
5877,16941830,"Yasin Baykal","2026-09-23 09:27:10",646.4,2,godmethium
5878,16850098,"Bob Gerry","2026-09-09 05:35:31",646.2,2,bobgerry
5879,16862913,MLEDV,"2026-09-11 18:13:10",646.1,2,edwardvaines
5880,16693903,"Alief Randiansyah","2026-08-09 09:37:39",645.9,1,"aliefrandiansyah,salsaaghnia"
5881,16854339,"ML Underdogs","2026-09-22 06:19:48",645.9,2,mdjubairhasan
5882,16758383,"Tong Jing Yen","2026-09-03 20:42:50",645.9,2,tongjingyen
5883,16747163,"Sarthak Patel","2026-09-27 13:17:54",645.9,2,sarthakpatel2028
5884,16693949,"Eric Worrall","2026-09-30 22:54:17",645.9,2,ericworrall
5885,16632571,"nishchal jain","2026-08-03 07:27:14",645.6,2,nishchaljainds
5886,16849443,"Abhishek Kumar Gupta","2026-09-08 17:27:49",645.3,2,guptabhishekumar
5887,16724364,Sh4ron,"2026-09-30 03:41:14",645.3,2,sh4ron
5888,16882001,"Satyam Pote","2026-09-13 00:00:04",645.3,2,satyampote
5889,16644415,Ztrk,"2026-09-03 17:04:24",645.3,2,ztrk123
5890,16641489,suminshim,"2026-08-03 06:24:39",644.7,2,suminshim
5891,16656444,"christopher athans crow","2026-08-05 00:08:13",644.6,2,cchrisaa
5892,16690050,PersistentLife,"2026-08-08 17:16:17",644.5,2,persistentlife
5893,16654705,"Abu Saleh","2026-09-09 17:01:47",644.3,2,salehjunior
5894,16734321,SubratP85,"2026-08-25 21:03:35",643.7,2,subratp85
5895,16898276,SergioMoras,"2026-09-18 10:49:37",643.7,2,sergiomoras
5896,16804027,ceir-ceir,"2026-09-03 19:11:09",643.7,2,ceirceir
5897,16650701,"Oliver Wang","2026-08-03 16:17:36",643.6,2,oliverwang15
5898,16707034,"Muhammed Ali Kul","2026-09-30 11:22:28",643.6,2,muhammedalikul
5899,16670099,"Jon Snyder","2026-08-06 00:27:21",643.6,2,snyderj1515
5900,16675452,Vladislav,"2026-08-12 13:58:35",643.5,2,simmeringoverstep
5901,16634022,"Cihan Atak","2026-08-02 16:00:43",643.5,2,cihanatak
5902,16855147,Kao0207,"2026-09-12 12:32:12",643.4,2,kao0207
5903,16775210,"Daniel LPD","2026-09-10 14:44:52",643.1,2,daniellpd
5904,16678044,BJFC,"2026-09-20 16:07:06",642.8,2,"harshithharithsa,svsumanth"
5905,16945354,"Aakriti Rao","2026-09-23 06:57:11",642.6,2,aakriti0110
5906,16639719,JASONSLIMWONG,"2026-08-02 08:11:22",642.5,2,jasonslimwong
5907,16858944,Ashish_G_A,"2026-09-30 23:09:25",642.4,2,ashishga
5908,16720331,Meghana,"2026-09-30 17:25:48",642.1,2,meghaaira
5909,16668923,"duy tran","2026-08-10 18:38:49",641.9,2,duytran23
5910,16772394,TNWL,"2026-09-27 07:43:54",641.8,2,vuminh
5911,16798401,"Hunter Mimaroglu","2026-09-02 22:00:37",641.3,2,huntermimaroglu
5912,16644566,"Guangjian Dong","2026-08-02 23:59:18",641.2,1,guangjiandong
5913,16840735,"Heavy Drivers 2.0","2026-09-16 22:40:25",641.2,2,"cranjuice,pgggggggggggg,sudhanvaed25b055"
5914,16726617,"Chase Lebarv","2026-08-19 01:07:58",641.2,2,chaselebarv
5915,16639973,akky,"2026-08-03 15:39:41",641.1,2,tellxxx
5916,16818110,Kactus,"2026-09-16 00:15:43",641.0,2,kactus
5917,16762719,"Ahmet Bilginoglu","2026-09-02 20:34:49",640.9,2,ahmetbilginoglu
5918,16664653,Adir,"2026-08-26 00:49:46",640.8,2,adiradam
5919,16623732,A.S.TENSHU,"2026-08-17 16:25:35",640.8,2,kirvk013
5920,16665654,"Anurag H H","2026-09-10 15:05:26",640.8,2,anur4ghh
5921,16669330,"Panagiotis Charalabopoulos","2026-08-26 18:49:46",640.8,2,panagiotischaral
5922,16663343,"Abdullah M. Haque","2026-09-13 18:41:14",640.6,2,abdullahmhaque
5923,16656379,"Jay Gautam","2026-08-12 12:19:40",640.6,2,jaygautam007
5924,16758204,kkKaan,"2026-08-24 07:56:58",640.4,2,kkkaan
5925,16662138,"Luan He","2026-09-05 21:53:24",640.2,2,luanhe
5926,16664249,"Rohan Jain","2026-08-17 20:26:14",639.8,2,rohanjain2312
5927,16663187,"Teddy McBride","2026-08-07 03:59:53",639.5,2,tedcr100
5928,16773966,"Ronel Abraham Mathew","2026-08-26 16:05:26",639.5,2,ronelm
5929,16639471,CaminoLSY,"2026-08-05 01:22:09",639.3,2,lsy37521
5930,16894273,Darcy-KAYOKO,"2026-09-30 08:28:18",639.1,2,darcykayoko
5931,16635177,Zacchaeus,"2026-08-07 07:04:15",638.9,2,zacchaeus
5932,16784056,"anh nông dân may mắn","2026-09-30 23:31:16",638.9,2,nguyen1tri
5933,16846490,MazharShaikh,"2026-09-12 04:53:27",638.7,2,mazharshaikh
5934,16663444,Thomas,"2026-08-11 04:21:42",638.3,2,tartieret
5935,16661943,"Cow Wizard","2026-08-14 02:14:58",638.2,2,cowwizard321
5936,16677514,mayoristaNLP,"2026-08-09 16:33:23",638.2,2,mayoristanlp
5937,16692569,"Mark Kirwan","2026-08-26 08:05:16",638.0,2,markkirwan1990
5938,16700265,Reesav,"2026-08-10 14:15:06",637.9,2,reez08
5939,16662633,"Shekhar Suman","2026-08-15 19:17:49",637.6,2,shekharvc
5940,16637340,the_vinci_coder,"2026-08-03 16:27:16",637.5,2,lokijt
5941,16691481,"Aditi Salvi","2026-08-18 15:24:53",637.5,2,aditisalvi04
5942,16714166,"Naman Malik","2026-09-30 19:57:26",637.5,2,"adenijielijah,anapau11,marydata,namanmalik81714"
5943,16672035,diet1236364,"2026-08-09 23:37:45",637.4,2,kosuke123
5944,16658252,"Krishnan CS","2026-08-20 05:28:14",637.3,2,krishnanchathadi
5945,16853417,"Aditya Prasetyo Budiarso","2026-09-11 11:59:34",637.2,2,artsodeva
5946,16884753,God111,"2026-09-30 12:21:44",637.1,2,god111
5947,16822111,hikarimaru,"2026-09-10 14:07:36",637.1,2,hikarimaru
5948,16863492,"Andrew Kalita","2026-09-10 03:32:25",637.1,2,andrewkalita
5949,16622015,"Ioannis M","2026-08-06 08:12:21",637.0,2,imeintanis
5950,16657095,"Prashant Kumar","2026-08-20 12:59:11",637.0,2,praskr
5951,16755398,takataok_42,"2026-09-28 13:42:33",636.7,2,takataok42
5952,16675997,"Rintaro Moriwaki","2026-09-16 16:03:10",636.6,2,rintaromoriwaki
5953,16809371,"Aashir Noman","2026-09-18 10:03:45",636.5,2,aashirnoman
5954,16716089,wuzixiao,"2026-09-08 03:36:02",636.5,2,wuzixiao
5955,16939742,"Shivang Modi","2026-09-28 17:29:13",636.3,2,shivang22
5956,16666341,"Ege Güvener","2026-09-27 07:08:31",636.2,2,egegvener
5957,16664103,izack2666,"2026-08-07 14:41:10",636.2,2,izack2666
5958,16859900,ZZZ234234234,"2026-09-25 10:49:35",636.1,2,zzz234234234
5959,16728069,Taisei7,"2026-09-09 06:27:49",636.0,2,taisei7
5960,16730180,zshandy,"2026-09-08 04:57:54",635.9,2,zshandy
5961,16860088,Lockers,"2026-09-09 11:32:59",635.9,1,lockers123
5962,16728204,Meshwa,"2026-09-04 11:17:12",635.8,2,meshwapatel4287
5963,16669466,"vuppuluri sriramsubhash","2026-08-06 08:42:50",635.4,2,vuppulurisriram
5964,16884517,"Fizie Fulumaka","2026-09-14 07:46:31",635.3,2,fiziefulumaka
5965,16718039,Uman_n3l,"2026-08-31 14:40:32",635.3,2,umann3l
5966,16883641,"Benedek Brandschott","2026-09-30 23:42:29",635.2,2,benedekbrandschott
5967,16759229,"Samuel Kurabachew","2026-08-28 22:17:20",635.1,2,samuelkurabachew
5968,16674543,"Sujal Agarwal2301","2026-08-09 13:37:43",634.9,2,sujalagarwal2301
5969,16634876,MakiMakiAi,"2026-08-02 07:52:40",634.8,2,makimakiai
5970,16882072,"Ahmed Isa Zaweel","2026-09-13 09:57:29",634.6,2,ahmedisazaweel
5971,16763977,"Jong Park","2026-08-26 09:21:40",634.6,2,papercat318
5972,16658050,"changwei shi","2026-08-18 02:45:47",634.4,2,changweishi
5973,16699578,kakanekoka,"2026-09-04 17:45:15",634.3,2,kakanekoka
5974,16726093,CocoTeam,"2026-08-18 14:22:45",634.0,2,"albaasca,ceemeese"
5975,16670424,"Josep Audenis","2026-08-11 17:52:07",633.9,2,josepaudenis
5976,16926305,"Ιωάννης Μπερτολης","2026-09-23 16:15:30",633.9,2,"absor97,bertolis"
5977,16660548,"Viraj Bakshi","2026-08-08 18:50:11",633.8,2,virajbakshi
5978,16623389,"Mominul Islam Hemal","2026-08-02 11:23:03",633.7,2,mominulislamhemal
5979,16793895,"Moh Notif","2026-09-30 15:24:10",633.7,2,mohnotif
5980,16934906,"sou yamaguchi","2026-09-21 09:59:04",633.4,2,souyamaguchi
5981,16763865,SydneyC666,"2026-08-26 08:50:40",633.3,2,sydneyc666
5982,16668633,peien5,"2026-08-06 14:44:47",633.2,2,peien5
5983,16686645,Ornaat,"2026-09-30 21:46:47",633.0,2,ornaat
5984,16636725,shichi,"2026-08-11 12:47:35",633.0,2,shichi
5985,16633923,JackyFan123,"2026-08-01 15:22:04",633.0,2,jackyfan123
5986,16712321,"Elias Schecke","2026-09-11 15:00:14",632.4,2,eliasschecke
5987,16685412,Praveen8775,"2026-09-22 15:48:40",632.3,2,praveen8775
5988,16639810,gytdrop,"2026-08-14 12:47:28",632.1,2,"kartikeyrajbhar,shaikaktharali"
5989,16663659,"Omer Rehman","2026-09-02 11:05:02",631.6,2,omerrehman97
5990,16793626,"KO LIH HAN","2026-09-11 01:29:18",631.4,2,kolihhan
5991,16640461,"Shigeru Kondou","2026-09-17 19:12:22",631.0,2,shigerukondou
5992,16639330,"Dead Signal Works","2026-08-02 12:40:32",631.0,2,brooklynhalmstad
5993,16749524,zzholo,"2026-09-06 00:16:17",630.8,1,zzholo
5994,16692954,"Adam Nhan","2026-08-16 19:10:48",630.5,2,asnhan
5995,16822523,bvgr,"2026-09-15 19:17:50",630.3,2,vbeeram
5996,16663933,AnshV1,"2026-08-06 03:03:35",630.3,2,anshv1
5997,16947217,"Chikkam Sandeep Munna","2026-09-25 20:26:45",630.2,2,chikkamsandeepmunna
5998,16759162,sgsuh,"2026-09-23 14:41:49",630.1,2,seukgyo
5999,16923101,Kimodii,"2026-09-20 05:30:33",629.9,2,kimodii
6000,16747914,"Token's Expired","2026-08-22 16:25:39",629.7,2,"adeebshekh,akratisingh0101,shaankapoor21"
6001,16699415,"Dohwan Kwak","2026-08-31 01:05:28",629.7,2,dohwankwak
6002,16714894,"Mitsuaki Inoue","2026-09-30 22:51:32",629.6,2,mitsuakiinoue
6003,16671980,601918_กิตติพงศ์,"2026-08-08 08:28:12",629.6,2,bluexg5502
6004,16634582,"Tarun Chaudhary","2026-08-12 06:36:33",629.5,2,tarunchdev
6005,16797025,"Jonathan Glinton","2026-09-11 17:11:01",629.3,2,jonathanglinton
6006,16849153,"Zackary Loevseth","2026-09-08 06:14:48",629.1,2,zackaryloevseth
6007,16708369,JairSanchez151270,"2026-08-11 16:30:55",629.0,2,jairsanchez151270
6008,16688868,AlbanMaurel7,"2026-08-14 01:34:07",629.0,2,albanmaurel7
6009,16659174,Soulwood,"2026-09-06 04:56:32",628.5,2,soulwood
6010,16856888,"Md Mehrab Hossain Opi","2026-09-10 07:16:45",628.5,2,iamopi
6011,16770972,"Victoria Makarskaia","2026-08-27 12:28:53",628.4,2,victoriamakarskaia
6012,16674532,"shoaib khan","2026-08-08 01:57:11",628.3,2,manifoldinfo
6013,16750175,"Quentin Pr","2026-08-27 18:08:14",627.9,2,quentinpr
6014,16891184,rbjp557,"2026-09-30 03:35:55",627.9,2,rbjp557
6015,16804094,faheem,"2026-09-22 15:33:10",627.9,2,faheemkhaskheli9
6016,16838855,"Sze Yu Sim","2026-09-09 01:37:05",627.7,2,szeyusim
6017,16924892,"cheng chen","2026-09-26 02:32:48",627.7,2,icebruce
6018,16635159,Abdulsamad,"2026-08-06 11:48:04",627.6,2,abdulsamadjod1234
6019,16694575,"Aloise Mutune","2026-09-17 13:48:22",627.6,2,aloisemutune
6020,16944040,guarva,"2026-09-25 10:27:00",627.6,2,guarva
6021,16811547,Merlin,"2026-09-30 05:54:20",627.6,2,huntergrey
6022,16772673,"Alejandro Rendon B.","2026-09-27 14:01:39",627.6,2,alejandrorendonblan
6023,16662050,HandsOffMyBigMelons,"2026-08-13 22:00:12",627.4,2,scrattle
6024,16675780,susutem,"2026-09-30 23:45:31",627.0,2,susutem
6025,16705345,"DEMON JI","2026-08-14 15:02:11",626.8,2,demonji04
6026,16893361,lemonjuice2312,"2026-09-19 07:36:26",626.8,2,lemonjuice2312
6027,16671217,"Akshay V","2026-08-21 04:01:22",626.6,2,akshayv1001
6028,16652984,hxaxd,"2026-08-05 15:09:49",626.4,2,hxaxdcs
6029,16717414,"Akshit Sivaraman","2026-08-13 14:43:40",626.4,2,akshitsivaraman
6030,16725150,"Nicolae Drabcinski","2026-09-01 11:45:51",626.3,2,nickdrabcinski
6031,16747390,SawadaTsurumai,"2026-08-24 09:48:07",626.2,2,sawadatsurumai
6032,16792512,ckd999,"2026-09-27 13:27:28",626.1,2,ckd999
6033,16881453,"fahim magsi","2026-09-13 15:18:43",625.9,2,fahimmagsi
6034,16851573,NaNomin,"2026-09-08 01:55:42",625.8,1,nanomin
6035,16881370,"xianhao Lin6077","2026-09-15 12:39:40",625.7,2,xianhaolin6077
6036,16654579,"anagha kv","2026-09-23 06:30:22",625.7,1,anaghakv6801
6037,16672687,Liz,"2026-09-25 23:08:33",625.6,2,lizgarcia3
6038,16623555,yindujuxi,"2026-08-01 10:11:35",625.5,2,yindujuxi123
6039,16717483,Caerno,"2026-09-29 07:56:08",625.2,2,caerno
6040,16678666,"Rudranarayan Pradhan","2026-08-09 12:28:32",625.0,2,itzrnp
6041,16696267,"yu lesui","2026-08-10 05:41:40",624.8,2,yulesui
6042,16703203,"Hamza Shafik ","2026-08-17 23:48:06",624.6,2,hamzashafik12
6043,16675475,"Andrey Aristov","2026-08-10 22:02:24",624.5,2,andreyaristov
6044,16635049,rooklift,"2026-08-16 06:27:36",624.5,2,rooklift
6045,16739640,TeamBanzaiSL,"2026-08-27 17:13:26",624.4,2,teambanzaisl
6046,16844092,Johana01,"2026-09-15 08:10:42",624.2,2,johana01
6047,16760087,Slizzle,"2026-08-30 04:37:40",624.1,2,sloan98
6048,16658430,b._.q,"2026-09-23 08:33:16",624.1,2,bruyantq
6049,16662486,"KOTHAPALLI DILEEP","2026-08-10 12:06:14",623.9,2,kothapallidileep
6050,16770154,Florian,"2026-09-11 07:52:00",623.7,2,ftusek
6051,16670842,Cole,"2026-08-15 19:50:43",623.6,2,colechristensen
6052,16638667,"Sarvesh Nikas","2026-09-23 11:44:21",623.6,2,sarveshnikas
6053,16661585,"Fully Liquidated","2026-09-01 01:57:16",623.1,2,kriskilgroe
6054,16758298,"Jack p","2026-08-30 07:36:22",623.0,2,jtv199
6055,16655187,cmxu,"2026-08-05 05:31:07",622.6,2,cmxu77
6056,16891179,feng222666888,"2026-09-24 10:49:47",622.5,2,feng222666888
6057,16710621,(´･_･`),"2026-08-16 07:14:53",622.2,2,tanakh
6058,16845284,KD0G22,"2026-09-07 20:07:47",622.0,2,kd0g22
6059,16659125,"Meet Parekh","2026-08-19 10:31:09",621.9,2,meetparekh1
6060,16860086,MTD-hAs,"2026-09-29 02:08:09",621.9,2,mtdhas
6061,16670759,"Lemmes Yad","2026-08-09 04:37:37",621.9,2,"austinsemmel,jonallday"
6062,16713877,FunnyBishop,"2026-08-16 03:19:24",621.8,2,funnybishop
6063,16924397,ngzeonwang,"2026-09-24 08:57:26",621.7,2,ngzeonwang
6064,16673477,ArtFix,"2026-08-11 00:51:09",621.6,2,artfix
6065,16632887,"Santhana Krishnan","2026-09-29 03:20:43",621.5,2,santa2710
6066,16652334,"Aldibek [dsmlkz]","2026-08-27 19:33:18",621.5,2,aldibek
6067,16709800,nubx,"2026-08-20 17:12:04",621.4,2,manrajjitsidhu
6068,16656167,"Minh Quang Do","2026-09-11 04:05:53",621.4,2,mrfreddy0209
6069,16656274,googunmo,"2026-08-08 01:13:58",621.4,2,googunmo
6070,16635848,KartoplyanePure,"2026-08-31 20:43:34",621.3,2,"danylotovp,wizardmp"
6071,16926064,"amit shulstein","2026-09-28 12:21:29",621.0,2,amitshulstein
6072,16670214,"Louis @ tradeInsight.ai","2026-08-21 15:18:11",620.6,2,louisquart
6073,16665301,EricYang03,"2026-08-13 15:49:11",620.3,2,ericyang03
6074,16688929,"Kangqiao LIU","2026-08-18 07:44:55",620.3,2,kangqiaoliu
6075,16631573,uesi,"2026-08-01 12:04:04",620.2,1,uemura687
6076,16743617,Dancing_Chaos,"2026-08-31 15:42:35",620.2,2,"bailynlove4ever,ripplecddc"
6077,16675661,June_mk,"2026-09-06 00:08:47",619.6,2,jungoto
6078,16702932,kyconf,"2026-09-12 14:10:46",619.4,2,kyconf
6079,16767802,"Luis Fernando Faria","2026-08-31 20:57:29",619.3,2,luisfernandofaria
6080,16664219,JosephGuhlin,"2026-08-10 08:46:16",619.0,2,jguhlin
6081,16750864,Ymori,"2026-09-27 03:41:35",618.8,2,yasunorim
6082,16660955,"Nihal l.suvarna","2026-09-30 03:19:37",618.7,2,nihallsuvarna
6083,16694779,JacobKooi,"2026-08-10 09:16:35",618.7,2,jacobkooi
6084,16662375,"Yunusa Hussein Adeiza","2026-08-14 22:12:49",618.5,2,yunusahusseinadeiza
6085,16754845,"LG Music","2026-09-28 15:12:21",618.4,2,lgmusic
6086,16661467,sh_sub97,"2026-08-12 15:20:25",618.3,2,shsub97
6087,16664149,"Bushel Seed","2026-08-12 17:10:56",618.2,2,"dmyung,nicholasmschwartz"
6088,16795802,Kk,"2026-09-21 10:03:04",618.1,2,cudamax
6089,16709481,"Gerbilles Saucières","2026-08-22 10:38:44",618.1,2,"benjaminhrt30,volbox1902"
6090,16888546,"Skskj Sskm","2026-09-16 03:06:12",617.9,2,skskjsskm
6091,16819872,"Shi Van","2026-09-03 16:50:46",617.8,1,shivanufo
6092,16665816,Vikas1306,"2026-08-10 05:53:19",617.7,2,vikas1306
6093,16841397,"Petro Tarnavskyi","2026-09-06 12:36:05",617.6,2,petrotarnavskyi
6094,16688429,"Omrani Rabah","2026-08-11 22:19:21",617.5,2,omranirabah
6095,16687330,"Mehmet Ensar Çetin","2026-09-30 23:51:17",617.5,2,mehmetensaretin
6096,16633934,Alexy,"2026-09-30 20:10:12",617.2,2,alexycactus
6097,16756176,"Unsh Rawal","2026-09-06 20:29:16",617.1,2,unshrawal
6098,16663361,protoLabs.studio,"2026-08-06 18:39:50",617.1,2,protolabsstudio
6099,16738538,ZHANG_WuHua,"2026-08-18 16:21:19",617.1,2,zhangwuhua
6100,16936578,kissadolce,"2026-09-30 15:03:36",616.9,2,kissadolce
6101,16786485,"Sam Jenkins","2026-09-01 03:50:16",616.9,2,samjenkinsuk
6102,16880938,nousername22,"2026-09-30 23:54:00",616.7,2,nousername22
6103,16759381,"Subhan Hussain","2026-09-20 09:00:54",616.7,2,subhanhussain0205
6104,16655062,KKS,"2026-08-08 07:36:03",616.6,2,sachisgod
6105,16654193,fvong,"2026-09-04 07:15:22",616.6,2,fvong35963
6106,16694269,Aftxb,"2026-08-11 14:58:08",616.6,2,aftxb07
6107,16845664,fabio5050,"2026-09-16 04:04:27",616.5,2,fabio5050
6108,16685069,derek_kuang0213,"2026-08-22 10:33:21",616.4,2,derekkuang0213
6109,16690988,"Aditya Bharadwaj","2026-08-20 10:02:32",616.2,2,adityabharadwaj26
6110,16715251,SoraGinko,"2026-08-28 18:52:17",616.2,2,terrywuu
6111,16670420,"Mihir Argulkar","2026-08-07 20:03:15",616.1,2,mihirargulkar
6112,16708189,Facouse,"2026-08-11 16:09:17",616.0,2,facouse
6113,16666452,"victor souza","2026-08-09 17:07:51",615.9,2,victorcaio
6114,16673346,gabrielep09,"2026-08-11 01:52:41",615.8,2,gabrielep09
6115,16755568,KHuShIMaHajan,"2026-08-21 18:55:05",615.4,2,bymista4578
6116,16659294,"Muhammad Rafzan","2026-09-05 18:30:44",615.4,2,revianalfariz
6117,16759443,"Ayman machhidan","2026-09-25 08:22:39",615.1,2,aymanmachhidan
6118,16635796,MugaBros,"2026-08-04 05:27:02",615.1,2,"drrocktotpalkonwarh,monjyotid"
6119,16735298,Watary0927,"2026-08-22 23:25:11",615.1,2,watary0927
6120,16656912,"Sami Ali","2026-08-07 00:48:33",614.9,2,mrsamiali
6121,16698007,"Juanma Serrano","2026-08-23 15:49:31",614.8,2,juanmaserrano
6122,16865982,"Orest Myth","2026-09-23 13:26:01",614.7,2,orestmyth
6123,16888646,tinaztepec,"2026-09-19 16:21:38",614.7,2,tinaztepec
6124,16655744,"Ademola Arigbabuwo","2026-09-03 21:44:49",614.0,2,princedemo
6125,16905608,ChrisVas123,"2026-09-16 09:44:56",614.0,2,chrisvas123
6126,16757447,soyukke,"2026-09-13 17:38:12",613.9,2,soyukke
6127,16719081,数学の山田,"2026-09-15 10:28:05",613.7,2,b612sum1
6128,16654267,maniginam,"2026-09-30 03:00:04",613.7,2,maniginam
6129,16737986,"Edris Yawar #2","2026-09-05 09:32:08",613.7,2,edrisyawar
6130,16669561,"Nikunj Pahwa","2026-08-15 20:04:36",613.6,2,nikunjpahwa
6131,16667762,KucingGanteng,"2026-09-12 20:04:37",613.6,2,dhiyaussalam
6132,16715399,"Julia Chien","2026-09-05 08:21:06",613.3,2,juliachien
6133,16668868,tawashi,"2026-08-13 06:51:45",613.2,2,tawashi
6134,16755681,nic001,"2026-08-28 08:06:19",613.0,2,mimamura
6135,16623645,"ayutin tin","2026-08-14 07:48:31",612.9,2,ayutintin
6136,16660310,KOLONEX.NET,"2026-08-10 12:40:46",612.9,2,danielandresmiranda
6137,16875690,jwboost,"2026-09-16 04:31:31",612.8,2,kiritocui
6138,16712567,PatWid,"2026-08-18 17:17:20",612.7,2,patwid
6139,16649344,BeyondAnalytics,"2026-08-28 12:00:36",612.6,2,radumarinion
6140,16942760,"V Manmohan","2026-09-30 11:14:52",612.5,2,vmanmohan
6141,16740404,BarrelAged,"2026-09-13 11:27:04",612.5,2,johnhosack
6142,16809762,"Ryan Wong","2026-09-30 16:45:25",612.4,2,taggatle
6143,16670834,romin_123,"2026-08-14 01:25:19",612.4,2,romin123
6144,16741892,astro,"2026-08-20 20:49:49",612.2,2,mayursamrutwar
6145,16663736,"Life Is Roblox","2026-08-17 18:58:37",612.2,2,alexlisenko
6146,16676308,DC,"2026-08-19 17:34:02",612.1,2,choudahchiun
6147,16701036,"Tiandong Wang","2026-08-19 11:45:32",611.9,1,condone
6148,16658702,sherlockwatson007,"2026-09-28 16:50:09",611.7,2,sherlockwatson007
6149,16736856,misaki,"2026-09-30 23:10:14",611.6,2,"dicenull,iroharyo,jinnsou0219,misakima"
6150,16721960,"Lê Khang","2026-08-18 19:42:43",611.2,1,kobtdatten
6151,16664024,"Juan David Bolanos","2026-08-13 17:06:00",611.1,2,juandavidbolanos
6152,16664241,payoon,"2026-08-07 08:24:05",611.1,2,payoon1234
6153,16630741,mrk,"2026-08-05 09:49:44",610.7,2,matsubaratakuji
6154,16656013,Asuran,"2026-09-04 04:43:56",610.6,2,zkasuran
6155,16666391,"Harshpreet Singh","2026-08-06 10:32:51",610.4,2,harshpreet931
6156,16658272,"Yash Katiyar","2026-08-08 20:17:05",610.4,2,yashkatiyar409
6157,16810807,Cordiz,"2026-09-03 22:42:51",610.3,2,cordiz
6158,16666833,DenisKoronchik,"2026-09-14 21:19:27",610.3,2,deniskoronchik
6159,16719065,"Aldo Rizona","2026-08-17 15:32:26",610.2,2,aldorizona
6160,16656072,Vespidae,"2026-08-14 03:30:03",610.2,2,ianapis
6161,16757135,Agrihand,"2026-09-30 18:19:14",610.1,2,mayur756
6162,16912690,"Tegh Bindra","2026-09-20 04:55:09",609.9,2,teghbindra
6163,16697844,Noobykiller16,"2026-08-15 06:08:27",609.9,2,noobykiller16
6164,16678773,"Steve Probst","2026-09-09 01:51:39",609.9,2,steveprobst
6165,16663356,Farm-ops,"2026-08-06 23:27:37",609.7,2,"dakotavannauker,tsho01"
6166,16639970,Gowtham2962s,"2026-09-27 16:57:56",609.7,2,gowtham2962s
6167,16780969,"Ewa Suknarowska","2026-08-30 15:53:25",609.3,2,ewasuknarowska
6168,16658602,aldoktvns,"2026-08-04 15:51:08",609.3,2,alrette
6169,16719745,"Masih Pemula Beneran","2026-08-31 02:14:53",609.0,2,mikhaeldhika
6170,16645297,Mark_RowSet,"2026-08-09 05:25:39",608.8,2,markrowset
6171,16640816,pawaraman,"2026-08-02 19:46:52",608.7,2,pawaraman
6172,16668720,"etienne duplessix","2026-08-10 22:48:53",608.6,2,etienneduplessix
6173,16655142,"Stanislav Kuznetsov","2026-09-03 12:58:20",608.5,2,drtduck
6174,16718539,"Divyansh Agrawal","2026-08-14 06:58:46",608.5,2,spartan1925
6175,16663200,BONES,"2026-09-26 18:37:23",608.4,2,tusharkumar23321032
6176,16639223,"SIDHAARTH SHREE","2026-08-19 15:03:55",608.3,2,sidhaarthshree
6177,16675952,bazinga,"2026-09-22 23:21:10",608.3,2,stephanhahn16
6178,16659817,"Viet Anh Ngo ","2026-08-31 09:41:08",608.1,2,vietngogm
6179,16693137,"Ich Benavides","2026-09-06 18:24:52",608.0,2,jabeichbenavides123
6180,16784960,i-yuki23,"2026-08-30 01:13:11",607.9,2,iyuki23
6181,16696724,arkmid,"2026-09-09 13:11:46",607.8,2,arkmid
6182,16658083,"Gunjan Solanki","2026-09-03 10:39:28",607.7,2,blackhatv1
6183,16656501,"Thái Phạm Công","2026-08-05 03:59:47",607.5,2,thaipc
6184,16698596,ymok,"2026-09-12 02:00:52",607.1,2,iromao
6185,16666204,"David Nana Kofi Ofosu-Arko","2026-08-05 11:04:42",606.7,2,davidnanak
6186,16738994,"Hem Viramgama","2026-08-21 00:34:48",606.7,2,hemviramgama
6187,16876021,"Jeff Law #2","2026-09-17 23:31:28",606.1,2,jlaw99
6188,16808956,"Denis Zerov","2026-09-03 10:59:46",606.1,2,dinoden
6189,16924484,"Sadiq Ali","2026-09-20 07:51:11",606.0,2,sadiqali55
6190,16668089,Goller,"2026-08-26 15:05:53",606.0,2,goller
6191,16699292,"Siddharth Kumar Gopal","2026-08-14 16:35:03",605.3,2,siddharthkumargopal
6192,16664828,Leon,"2026-08-09 09:00:09",605.2,2,leonmyl
6193,16796445,"Md Aminul Islam","2026-09-30 23:15:27",605.0,2,aminulabir
6194,16677402,"Hıdır Demir","2026-09-10 22:35:54",604.7,2,hdrdmr
6195,16667258,"Firman Imam","2026-08-09 02:36:56",604.7,2,piririp
6196,16746151,"Nicolas Gomasjaya","2026-08-26 16:57:08",604.1,2,nicolasgomasjaya
6197,16947496,"lit tlemiaos","2026-09-29 00:48:14",604.1,2,littlemiaos
6198,16741188,"Adarsh Samanu","2026-08-20 00:01:33",604.0,2,adarshsamanu
6199,16718202,"Abhi Kumar Agrawal","2026-08-18 09:52:24",604.0,2,abhikumaragrawal
6200,16780019,"hamza khokhar890","2026-09-20 16:35:58",603.9,2,hamzakhokhar890
6201,16759351,"Shinsaku Haruta","2026-09-21 12:22:17",603.9,2,shinsakuharuta
6202,16748955,micchy,"2026-09-23 22:17:27",603.6,2,micchy326
6203,16667874,Vidushiii,"2026-08-10 12:25:42",603.6,2,vidushianand09
6204,16795923,KaluzaKlein,"2026-09-14 10:50:35",603.4,2,kaluzaklein
6205,16669856,StrugglerK,"2026-09-22 17:10:09",603.4,2,muhammedkaanlker
6206,16899024,Whooriiiaaaaa,"2026-09-24 23:24:57",603.4,2,"nickazaria,woupyie"
6207,16759623,"zhenglu wen","2026-08-26 06:24:09",603.2,2,zhengluwen
6208,16944372,bonvoyage-sugar,"2026-09-30 03:46:58",603.1,2,bonvoyagesugar
6209,16832474,"Isaac D. Hérnandez G.","2026-09-15 23:52:34",603.1,2,isaacdhrnandezg
6210,16664154,dwdwdwsdedwd,"2026-08-11 06:29:24",602.9,2,dwdwdwsdedwd
6211,16665120,nobody,"2026-08-13 14:48:45",602.8,2,rajesh1729
6212,16669489,"Yichi Zhang","2026-08-28 19:31:07",602.6,2,yichizhang12
6213,16799014,"Vaibhav singh kaira","2026-09-12 04:49:54",602.2,2,vaibhavsinghkaira
6214,16716402,"Shashvat Singham","2026-09-26 22:53:59",602.1,2,shashvatsingham
6215,16687808,GorillaGhost,"2026-08-13 23:23:10",601.9,2,gorillaghost
6216,16734712,"Jamshid Ganiev","2026-08-19 06:03:31",601.9,2,jamshidganiev
6217,16633175,"Umut Kıvanç Sipahioğlu","2026-09-30 09:35:29",601.7,2,umutkvansipahiolu
6218,16679887,ScriptRed,"2026-08-09 00:36:30",601.7,2,scriptred
6219,16653222,StevenYuan7788,"2026-08-17 17:38:44",601.7,2,stevenyuan7788
6220,16664003,"Nakul Rajpal","2026-08-05 06:29:24",601.6,2,nakulrajpal
6221,16766888,"Alex #4","2026-08-24 14:42:19",601.6,1,alxndrvara
6222,16713061,Yuk!,"2026-09-30 15:21:19",601.5,2,mitsuyukiokamura
6223,16702713,"Rob Sartin","2026-09-24 21:59:26",601.5,2,robsartin
6224,16633269,op_star_platinum,"2026-08-09 17:52:52",601.4,2,opstarplatinum
6225,16741660,Dhruv_Goyal990,"2026-09-03 16:20:31",601.3,2,"dhruvgoyal990,prathameshbelavagi"
6226,16716300,"Julian Kerignard","2026-09-07 10:12:31",601.3,2,juliankerignard
6227,16635004,"jacob OKOTH O","2026-08-02 05:57:05",601.2,1,jacobokotho
6228,16679079,"cedric stephan ","2026-08-25 20:39:15",601.0,2,cedricstephan
6229,16929645,"GeneralShizha ","2026-09-20 10:27:45",601.0,2,generalshizha
6230,16738805,"Sergey Panasenko","2026-08-31 23:14:50",601.0,2,spanasenko
6231,16630559,khan,"2026-08-02 12:18:56",600.8,2,khansolov
6232,16665942,"Satvik R Shetty","2026-08-09 03:59:52",600.7,2,satvikrshetty
6233,16792816,rrandiak,"2026-09-30 23:44:04",600.5,2,rrandiak
6234,16692857,AbeLincoln1865,"2026-08-11 00:10:16",600.5,2,abelincoln1865
6235,16739128,"Praneeth Paikray","2026-09-07 11:18:26",600.5,2,paiky1995
6236,16624277,"D S S Kumar","2026-08-10 03:22:55",600.3,2,satrusskumar
6237,16769767,bruhbruh,"2026-08-28 08:51:26",600.2,2,nguyendinhbach69
6238,16781447,"Cody Schrank","2026-08-31 04:38:57",600.2,2,codyschrank
6239,16888900,"Koh Endru","2026-09-19 12:08:24",599.7,2,kohendru
6240,16640933,"Bhanu prasad","2026-09-30 23:47:56",599.6,2,restlesseagle
6241,16648215,"Terrence Chuwe","2026-08-03 13:32:15",599.5,2,terrencechuwe
6242,16636454,epigene,"2026-08-02 10:14:52",599.4,2,nadhu59648
6243,16655897,"Huanchen Jia","2026-09-28 00:30:21",599.3,2,huanchenjia123
6244,16663784,Aniketh2k7,"2026-08-10 06:02:02",599.1,2,aniketh2k7
6245,16811210,"Matt Dowis","2026-09-04 14:41:36",599.0,2,mattdowis
6246,16687883,CherylStoned,"2026-08-11 22:53:28",599.0,2,cherylstoned
6247,16914138,"Amritesh Anand","2026-09-28 10:16:01",598.9,2,amriteshananad
6248,16927491,Adilkhan1275,"2026-09-30 16:35:11",598.8,2,adilkhan1275
6249,16672103,"fred mahinay","2026-08-24 23:34:48",598.5,2,fredmahinay
6250,16623886,onepunch999,"2026-08-01 07:30:37",598.3,2,onepunch999
6251,16895824,"Dhruv lele","2026-09-20 05:41:57",598.3,2,dhruvlele
6252,16663238,"Francesco Zaccaria","2026-08-21 07:28:57",598.2,2,francescozaccaria
6253,16632994,primal,"2026-08-12 16:02:29",598.0,2,primalhost
6254,16633772,ayuma,"2026-08-03 06:01:01",597.9,2,onthoze
6255,16724002,Yahia717,"2026-08-20 20:48:31",597.9,2,yahia717
6256,16660270,Ziel_Lux,"2026-09-30 14:46:04",597.9,2,nahbilafaith
6257,16657570,"Guruprasad Parasnis","2026-08-10 12:04:57",597.8,2,guruprasadparasnis
6258,16677105,"Chaitanya Yadav","2026-08-16 10:36:07",597.6,2,xhaitanya
6259,16657654,TemperaryT,"2026-09-20 00:21:54",597.5,2,temperaryt
6260,16679295,Mk26,"2026-09-04 13:52:05",597.5,2,"manishk26,mans31"
6261,16776928,aiexpert1120,"2026-09-01 16:48:18",597.4,2,aiexpert1120
6262,16657332,"Amit Malakar","2026-09-29 14:00:49",597.4,2,amitmalakarjoy
6263,16808242,keowpwpwkeo,"2026-09-07 18:23:50",597.1,2,keowpwpwkeo
6264,16879477,liuzewen123,"2026-09-29 08:57:26",597.0,2,liuzewen123
6265,16918826,NOTSUREKITTY,"2026-09-19 03:56:04",596.9,2,notsurekitty
6266,16777222,"José Daniel Ara","2026-08-27 00:12:53",596.9,2,josdanielara
6267,16669392,cobrapigeon,"2026-08-20 18:43:25",596.9,2,cobrapigeon
6268,16658224,"Daniel Gallardo Gómez","2026-08-07 08:17:24",596.7,2,danielgallardogmez
6269,16650160,nori8774,"2026-08-10 06:26:21",596.7,2,norimasayamamoto
6270,16665517,"RUEI-HSIANG. CHANG","2026-08-17 15:23:55",596.6,2,rueihsiangchang
6271,16869617,"Denis Chernyshov","2026-09-18 22:32:19",596.5,2,denischernyshov
6272,16668298,"Riki Garcia","2026-08-26 15:36:14",596.2,2,rikigarcia
6273,16727059,ksankeerth1,"2026-09-03 02:28:22",596.2,2,ksankeerth1
6274,16672493,ChloeeeeY,"2026-08-23 06:17:03",596.2,2,chloeeeey
6275,16660805,"Ramon van Dijk","2026-08-05 05:48:21",595.8,2,ramonvandijk
6276,16688108,Special_octo20,"2026-09-14 19:16:13",595.8,2,specialocto20
6277,16687788,"Me and the Geese","2026-08-26 15:57:41",595.2,2,skalermo
6278,16854414,handsomeHBS,"2026-09-28 14:38:27",594.9,2,handsomehbs
6279,16654456,"Tristan Peng","2026-08-09 17:00:48",594.9,2,tristanpeng
6280,16857130,"Joao Araujo","2026-09-09 01:11:50",594.8,2,jhcaextra
6281,16810490,katlun,"2026-09-28 22:01:28",594.8,2,"hoyin1212,katlun"
6282,16907151,"Susana Horias","2026-09-30 13:37:01",594.5,2,"diegobarriosalonso,noelcalvoortega,robertocanrubio,rubnvalcarcelvarez"
6283,16714208,TirumalaMarri,"2026-08-29 00:04:15",594.5,2,mtreddy
6284,16724202,"Sooriya Senthilkumar","2026-08-23 05:25:47",594.5,2,sooriyasenthilkumar
6285,16684710,"Pratik Singh","2026-08-11 11:34:48",594.4,2,pratikks11
6286,16655578,"Ahmed Merie","2026-08-13 00:11:40",594.1,2,aa7767
6287,16698164,"Ruizhang Zhi","2026-09-29 04:37:43",594.0,2,ruizhangzhi
6288,16668354,"ashraf saiyed","2026-08-13 13:44:31",594.0,2,ashrafsaiyed58
6289,16876642,Gruberx,"2026-09-25 17:53:44",594.0,2,gruberx
6290,16686715,"Adrien Secondaire","2026-08-08 15:54:58",593.9,2,adriensecondaire
6291,16755344,"Alizen James","2026-08-23 18:34:30",593.4,2,alizenjames
6292,16665342,Prothos,"2026-08-23 13:44:29",593.3,2,vjuenemann
6293,16674324,"luca fregona","2026-08-08 13:37:49",593.1,2,lucafregona
6294,16655340,LGarcia10,"2026-08-17 13:17:31",593.1,2,leonardogarcia10
6295,16657397,"QSS Technosoft AI Team","2026-08-05 07:47:00",593.1,2,"kunalthedev,nishantkumarabes,prathamydvv,prishagdev,shreyakchakraborty"
6296,16658043,"Tran Huy Hoang1312","2026-08-05 01:58:39",593.0,2,tranhuyhoang1312
6297,16683383,Boardgamers,"2026-09-30 23:53:31",593.0,2,"cgchirag,hitishagoyal,nandneepriya,navneetprabhat"
6298,16911847,LGC,"2026-09-17 08:21:20",592.9,1,victorlingc
6299,16797969,probability,"2026-09-07 09:44:49",592.8,2,probabilitywavepeak
6300,16668021,"bali rasem","2026-08-07 16:15:13",592.6,2,balirasem
6301,16764149,"Manish Rai","2026-09-30 00:03:13",592.4,2,magiuscain
6302,16695822,"Ahmad Elawady","2026-08-18 20:06:59",592.3,2,aielawady
6303,16665984,hepialidae,"2026-08-10 16:05:19",592.3,2,hepialidae
6304,16684957,"Lucas Ferreira","2026-08-11 18:20:43",592.2,2,lucasdeoferreira
6305,16787200,"HayDay Protestors","2026-09-23 16:59:25",591.9,2,"aaronjoshuaemmanuel,anjulasankalpa,chamathjayashanka,ghostd,prabhashanmadurawala"
6306,16658660,"Leo Lai","2026-08-13 08:14:45",591.8,2,junweilai
6307,16885575,"Kotaro Imamura","2026-09-18 00:47:04",591.7,2,kotaroimamura
6308,16685938,"Gautier Fauchart","2026-08-12 05:57:21",591.6,2,gautierfauchart
6309,16705348,"Howard lin","2026-08-20 23:01:36",591.6,2,howardlin007
6310,16655013,"Adrian Martinez 1111","2026-08-12 00:52:14",591.4,2,adrianmartinez1111
6311,16784154,JoshJML,"2026-09-03 05:39:26",591.2,2,joshjml
6312,16791960,Boladi,"2026-09-10 00:53:38",591.0,2,boladi
6313,16706192,rustlers42,"2026-09-02 15:24:05",590.8,2,"lkshrsch,powerofcreation"
6314,16699091,Umkaaa,"2026-09-15 14:04:55",590.5,2,umkaaa
6315,16884815,"Idrees Asghar","2026-09-29 02:37:18",590.5,2,adiladil1275
6316,16911383,PurpleNightmare,"2026-09-30 23:31:16",590.4,2,purplenightmare
6317,16926169,LeoBode,"2026-09-28 19:23:14",590.3,2,lebo124
6318,16655140,Efthimios,"2026-09-28 06:41:13",590.3,2,efthimiosfousekis
6319,16661898,Farfadet,"2026-08-12 06:04:18",590.3,2,farfadet
6320,16809158,"Kaito Sada","2026-09-30 03:27:09",590.1,2,kaitosada
6321,16676254,"Lazy Lagoon","2026-09-17 16:26:05",590.1,2,"mokshoswal137,taniyasankhe"
6322,16756113,"George Megre","2026-09-16 07:04:00",589.9,2,georgemegre
6323,16745972,yamy893,"2026-08-22 02:14:20",589.6,2,yamy893
6324,16695662,"Ollie Lowe2","2026-08-16 16:47:01",589.6,2,ollielowe2
6325,16803726,Yaromir_Ko,"2026-09-08 13:25:00",589.5,2,ronanndex
6326,16725010,jenninglim,"2026-08-23 08:38:47",589.4,2,jenningl
6327,16664709,kai,"2026-08-18 23:29:11",589.4,2,sungwo101
6328,16664116,"Bogdan Sburlea","2026-09-29 12:28:30",589.3,2,bogdan1405
6329,16675832,"Dean Shalev","2026-08-09 04:12:47",589.3,2,deanshalev
6330,16678246,"Mark Holloway","2026-09-05 22:23:35",589.3,2,markholloway
6331,16798478,"Vinicius Pupin","2026-09-02 21:29:51",589.2,2,viniciuspupin
6332,16699838,"Harry Taylor","2026-08-21 10:38:18",589.2,2,harryphysics
6333,16656884,"Jaime García","2026-09-30 19:44:35",589.2,1,jgarcia12
6334,16760439,XLX,"2026-09-06 03:20:58",589.2,2,lonelygleaner
6335,16664112,"Ethan Hung","2026-08-08 21:44:57",589.0,2,chinesegorilla99
6336,16780484,"Edmond Kirsch","2026-09-01 17:30:28",588.7,2,edmondkirsch
6337,16665932,"Fabian Birringer","2026-08-21 18:31:41",588.4,2,fabianbirringer
6338,16630501,"Haris Ahmed","2026-08-14 10:08:51",588.4,2,harisahmedgenai
6339,16757614,"Eduardo Molina","2026-09-06 04:04:22",588.3,2,eduardomolinaai
6340,16659828,"Lebansty Valan","2026-08-21 14:14:56",588.3,2,lebanstyvalan
6341,16668269,"Rashi Jain07","2026-08-05 17:46:37",588.1,1,rashijain07
6342,16669298,"Dinesh Naveen Kumar Samudrala","2026-09-30 11:45:59",588.0,2,dnkumars
6343,16763886,"Jackson Sauls","2026-09-04 22:59:51",588.0,2,jacksonsauls
6344,16638031,vlad101,"2026-08-21 15:10:27",587.9,2,vlad101
6345,16659974,"anthony sinchi","2026-08-18 00:01:08",587.7,2,anthonysinchi
6346,16719696,"Spencer Farrand","2026-08-17 18:40:28",587.4,2,spencerfarrand
6347,16777746,"Daniel Bandy","2026-08-29 02:04:01",587.4,2,goddangitboby
6348,16691580,"Toni Blanco","2026-08-11 13:10:45",587.4,2,toniblanco
6349,16656107,Aotokitsuruya,"2026-09-02 14:35:20",587.3,2,elct9620
6350,16844262,"S Aishvarya","2026-09-25 19:23:59",587.3,2,saishvarya
6351,16663884,DevilQ,"2026-08-23 22:08:52",587.3,2,"parhamesm,samuelescarfone12"
6352,16677597,InformaBook2,"2026-09-10 05:38:23",587.3,2,informabook2
6353,16664457,yaohongfu,"2026-08-10 12:30:43",587.2,2,yhfwww
6354,16766732,"Maziyar Abyari","2026-09-19 08:14:10",587.2,2,maziyarabyari
6355,16658377,Masaya,"2026-09-04 15:10:14",587.2,2,irrohas
6356,16880672,"Bennett Hellman","2026-09-18 12:59:02",586.8,2,bennetthellman
6357,16662128,BenPalmer59,"2026-08-11 19:16:24",586.8,2,benpalmer59
6358,16636808,"Kaito Ichikawa","2026-09-18 10:15:37",586.8,2,kaitoichikawa
6359,16805340,"Md. Rafiul Islam","2026-09-25 16:04:37",586.7,2,rafiulislamrafi
6360,16724355,hansama.qht,"2026-09-19 15:23:36",586.7,2,hansamaqht
6361,16660345,"Aadhithya Ramesh","2026-08-06 08:49:10",586.6,2,aadhithyaramesh
6362,16664159,"james nazareth","2026-08-19 02:13:23",586.5,2,jamesnazareth
6363,16668819,"ahmedou sidi med","2026-08-19 00:05:55",586.4,2,ahmedousidimed
6364,16622993,"Yaroslav Tanko","2026-08-18 04:34:12",586.4,2,yaroslavtanko
6365,16695633,"Kiran Kumar","2026-09-12 16:57:52",586.0,2,iamrkk
6366,16814805,Muzhi11,"2026-09-21 02:41:31",586.0,2,muzhi11
6367,16665476,"Zhanghao Chen69","2026-08-19 12:42:33",585.8,2,zhanghaochen69
6368,16664072,"victor aguilera","2026-09-24 23:34:18",585.8,2,viaguilera
6369,16750036,"Kiệt Lưu","2026-09-05 03:41:19",585.8,2,jaxyss
6370,16806165,"Kaige Wei","2026-09-21 03:07:06",585.7,2,kaigewei0403
6371,16654746,"Michael Mullen","2026-08-06 11:08:31",585.2,2,mmullen200
6372,16790257,"Shivam Kushwaha","2026-08-30 11:55:08",585.1,2,shivamk21
6373,16668711,"David Leati","2026-08-28 00:47:39",584.9,2,davidleati
6374,16757211,dacho,"2026-09-30 00:18:15",584.7,2,slothcafe
6375,16731260,"Jeel Gajera","2026-08-18 07:44:44",584.6,2,jeelog
6376,16950015,"Jacob Stultz1","2026-09-23 22:49:13",584.5,1,jacobstultz1
6377,16777228,"Zach Locke","2026-09-18 10:25:06",584.5,2,zachlocke
6378,16763838,"L. Barriga","2026-09-09 10:57:18",584.5,2,lbarriga
6379,16731516,Sumit0694,"2026-09-15 21:17:01",584.2,2,sumit0694
6380,16775652,"Dat Dinh","2026-09-14 02:48:43",584.1,2,dathbdinh
6381,16684436,Simon-the-sorcerer,"2026-09-30 21:22:31",584.1,2,simonwiller
6382,16712410,aysfshn,"2026-09-09 15:09:08",583.7,2,aysfshn
6383,16664804,ryanovovo,"2026-08-05 18:02:38",583.5,2,ryanovovo
6384,16654855,"Pedro Rezende Gomes","2026-08-06 00:41:30",583.3,2,pedrorzgomes
6385,16856708,"Joseph Bruneau","2026-09-30 23:06:12",583.3,2,josephbruneau
6386,16686716,"menna hassanM","2026-09-30 19:11:56",583.2,2,mennahassanm
6387,16660491,"Ryan Hancock","2026-08-08 09:56:54",583.0,2,rychanfox
6388,16692401,"Abdurehman Iqbal","2026-08-14 09:13:08",583.0,2,abdurehmaniqbal
6389,16757806,Richardwe,"2026-09-30 08:25:18",582.9,2,richardwe
6390,16718838,"josh mathers","2026-08-14 09:26:33",582.8,2,joshmathers
6391,16846408,"Arpit Gole","2026-09-16 02:21:23",582.6,2,connecttoarpitgole
6392,16855646,Seshu,"2026-09-09 14:49:33",582.3,2,seshuthota
6393,16680342,Game_khó_vkl,"2026-09-27 17:19:13",582.2,2,maruusha
6394,16702270,"Jonas Jaku","2026-09-09 06:37:15",582.2,2,jonasjaku
6395,16664884,Abhijeetgg,"2026-08-12 08:53:50",581.9,2,abhijeetgg
6396,16826098,Nomushin,"2026-09-11 13:22:26",581.9,2,nomushin
6397,16665042,Neo_0x3f,"2026-08-10 21:36:56",581.9,2,neo0x3f
6398,16749236,"Michael Müller","2026-09-29 05:25:09",581.4,2,michaelmller
6399,16781377,AgriMind,"2026-09-30 21:28:16",581.3,2,slimaneguermat
6400,16666099,"Marcben James Samuel","2026-09-17 05:52:20",581.2,2,marcbenjamessamuel
6401,16947797,"Chris Croft","2026-09-25 12:42:53",581.1,2,chriscroft
6402,16665759,"Shawn Zhang","2026-08-21 10:18:20",581.0,2,shawnzhang0318
6403,16675888,"Rob Gonzalez","2026-08-08 14:58:43",580.9,2,robg475
6404,16639679,"Felix Allistar","2026-09-30 01:21:42",580.7,2,felixallistar
6405,16927697,Mikiyaas,"2026-09-29 07:58:57",580.7,2,mikiyaas
6406,16713249,"vedant patnala","2026-08-27 22:38:03",580.6,2,vedantpatnala
6407,16774890,SkoopSkoop,"2026-08-31 16:08:04",580.6,2,skoopskoop
6408,16639492,"Vishnu R Mohan","2026-08-08 20:36:19",580.5,2,vishnurmohan
6409,16741121,"Vignesh Nehru","2026-09-22 07:58:54",580.2,2,vigneshnehru
6410,16661225,"Monibee Fudgekins","2026-09-16 18:18:38",580.1,2,monibeefudgekins
6411,16726941,CJ103CJ,"2026-08-23 12:52:07",580.0,2,cj103cj
6412,16675457,"Ramana Prabhu Sana","2026-09-27 23:58:05",580.0,2,ramanaprabhusana
6413,16665395,"bachi idriss","2026-08-10 15:23:30",579.8,2,bachiidriss
6414,16866712,Ddm_demo,"2026-09-20 14:16:05",579.7,2,ddmdemo
6415,16671646,Luche,"2026-08-08 04:23:32",579.2,2,henrylucky
6416,16686787,"Lars Kammeijer","2026-08-07 21:31:11",579.1,2,larskammeijer
6417,16692896,"Guy Lev","2026-08-20 19:18:52",579.0,2,sarthobi
6418,16738336,"Guo Xuehan","2026-09-02 05:44:05",578.9,2,zmllls
6419,16761579,인간지능농장,"2026-09-30 05:37:50",578.8,2,"hagyeong22,pincheguapo"
6420,16768058,"Ibrahim Anaz","2026-09-27 19:44:28",578.8,2,ibrahimanaz
6421,16883048,"Amit Gunjan","2026-09-29 00:10:43",578.6,2,daydreamerthinks
6422,16661318,"Zeel Kadvani","2026-08-25 11:17:53",578.5,2,zeelkadvani
6423,16689398,Reesh,"2026-08-11 08:55:10",578.5,2,rishileung
6424,16724747,"Md.Mahfujul Karim","2026-09-30 02:01:55",578.4,2,mdmahfujulkarim
6425,16658655,HbjaHbja,"2026-08-12 12:18:51",578.3,2,hbjahbja
6426,16777065,"dani yemane","2026-09-17 20:43:13",578.3,2,daniyemane
6427,16654328,"QQ Farm","2026-08-28 12:59:12",578.2,2,"huiiyu,titirmt"
6428,16633928,ghostiee11,"2026-08-01 01:33:25",578.0,1,ghostiee11
6429,16855755,"Jack Yap","2026-09-10 19:43:36",577.9,2,jackyap
6430,16823681,Yielder,"2026-09-10 16:59:40",577.6,2,georgepapasideris
6431,16793802,"Andrew Lam","2026-09-01 09:07:56",577.5,2,andrewlam23
6432,16756564,"Nicolas Defossé","2026-08-25 21:10:58",577.4,2,nicolasdefoss
6433,16689033,arman1o1,"2026-09-01 05:01:27",577.4,2,arman1o1
6434,16854582,BlackWizard00,"2026-09-08 15:32:36",577.3,2,blackwizard00
6435,16733763,Gaurav,"2026-09-04 00:54:37",577.2,2,gauravahlawat
6436,16631353,"Shivam Shinde","2026-08-01 15:29:24",576.8,2,shindeshivam
6437,16925564,"shikigami yao","2026-09-25 13:52:11",576.8,2,shikigamiyao
6438,16666648,"Sriram Reddy19","2026-08-06 08:40:07",576.7,2,sriramreddy19
6439,16823853,Zerbytheboss,"2026-09-30 08:39:55",576.5,2,zerbytheboss
6440,16745109,deflexor,"2026-08-27 21:35:07",576.4,2,deflexor050
6441,16739167,Yeyuqing0913,"2026-09-07 00:36:15",576.4,2,yeyuqing0913
6442,16727241,Yogesh2850,"2026-08-17 09:55:08",576.2,2,yogesh2850
6443,16655629,Mai_Konare,"2026-08-17 06:20:49",576.2,2,maikonare
6444,16677701,"Coşkun Bağrıaçık","2026-08-10 00:02:25",576.1,2,cbagriacik
6445,16799391,"Mehdi El M.","2026-09-07 14:08:22",575.8,2,mehdielm
6446,16629844,IsaacJinyu,"2026-08-01 15:39:55",575.5,2,isaacjinyu
6447,16752362,"Shashank Jangid (G25AIT2100)","2026-09-29 06:26:47",575.4,2,shashankjangid
6448,16659939,"Mouafak Dakhlaoui","2026-09-21 02:34:52",575.3,2,sharmoul
6449,16656460,dlutwzh,"2026-08-08 06:48:33",575.2,2,dlutwzh
6450,16711567,"Finn Brooks","2026-08-15 04:40:11",575.2,2,finnbr
6451,16663922,MoongladeAI,"2026-09-14 03:49:11",575.1,2,moongladeai
6452,16810497,Garuda,"2026-09-07 06:32:01",574.9,2,santhoshreddypasnoor
6453,16789898,"Trung Phạm Đức","2026-09-23 03:12:41",574.8,2,arscil
6454,16655044,"Darius Kolycius","2026-08-04 09:49:01",574.2,2,dariuskolycius
6455,16786043,Palimpsesto,"2026-09-08 23:44:50",574.2,2,denzelfuentes
6456,16691518,"Sander Ee","2026-08-09 12:03:09",574.2,2,sanderee
6457,16677366,Gmmastermind,"2026-08-07 01:19:13",574.0,2,gmmastermind
6458,16655521,"Hemadri Rajyaguru","2026-08-04 02:12:55",573.8,2,hemadrirajyaguru
6459,16767934,"taha berk","2026-08-26 15:21:51",573.8,2,tahaberkterekli
6460,16768466,BenJung,"2026-09-16 09:44:23",573.7,2,"benjung2512,hyeonglvl,hyeonho028,limjoonsoo"
6461,16670356,"Dziriyin wa9il","2026-08-25 19:56:56",573.6,2,"akumanomu,alioualaeddine"
6462,16752324,"yunchuan liu","2026-09-06 22:21:06",573.2,2,hoteye
6463,16837934,"Osman ILICA","2026-09-09 02:30:19",573.1,2,osmanilica
6464,16786140,valgrinderror,"2026-09-26 15:35:01",573.0,2,valgrinderror
6465,16667514,"Kakarott 10","2026-08-06 09:05:43",572.8,2,kakarott10
6466,16635021,RiLi,"2026-09-30 22:30:22",572.7,2,hisatosenda
6467,16797395,"LCNN JJ","2026-09-17 16:38:59",572.6,2,supremebeast08
6468,16705401,"Nguyen Hong","2026-09-30 14:34:38",572.5,2,nguyenhongbubu
6469,16651593,"huanxian chen","2026-08-11 11:13:05",572.5,2,huanxiachen
6470,16658019,ไอติวบ้านปังมาเอาแช้มมมม,"2026-08-08 18:43:05",572.4,2,tewnabhat
6471,16760025,DEBI,"2026-09-30 22:54:58",572.3,2,"mayarabdelfattah,omarelmaghraby03"
6472,16712870,"Jose Gibson","2026-08-13 20:09:11",572.2,2,josegibson
6473,16623644,Accer_sz,"2026-08-02 00:27:32",572.2,2,accersz
6474,16658051,SethuMadhavan004,"2026-09-30 03:58:56",572.0,2,sethumadhavan004
6475,16791701,"Tired Dad Data","2026-09-12 21:37:23",571.9,2,alexmaggard
6476,16923821,饕餮(๑´ڡ`๑),"2026-09-30 23:39:56",571.9,2,o4d47ii
6477,16661529,"AL Najafi","2026-08-08 03:39:39",571.9,2,alnajafi
6478,16679018,"Kushpreet Singh","2026-09-03 23:23:41",571.7,2,kush639
6479,16624888,okome_niigata,"2026-08-06 06:47:17",571.5,2,okomeniigata
6480,16755111,ingemarieke,"2026-08-21 15:04:53",571.4,1,ingemarieke
6481,16796625,Nepsirhc,"2026-09-12 11:15:35",571.3,2,nepsirhc
6482,16694610,Kshitiz2002,"2026-08-11 15:44:41",571.1,2,kshitiz2002
6483,16706456,"Michael van Mill","2026-08-12 09:58:40",571.1,2,michaelvanmill
6484,16694064,RRK0123,"2026-08-17 05:30:52",571.0,2,rrk0123
6485,16926090,"Amr Fadhilah Abiyyu Alif Basysyar","2026-09-21 00:35:25",570.9,2,amrfadhilah
6486,16781242,"Bobby Clare","2026-09-03 17:04:16",570.7,2,bobbyclare
6487,16728195,"6 GOD","2026-08-21 15:50:28",570.7,2,tertospacko
6488,16670708,"Mohammad Usman Sajid","2026-09-03 18:26:11",570.7,2,mohammadusmansajid
6489,16697261,nbauerle,"2026-08-14 15:10:38",570.6,2,nbauerle
6490,16686222,"Nika Chaduneli","2026-08-10 01:21:09",570.6,2,nikachaduneli
6491,16928702,UnkaiNene,"2026-09-24 18:17:23",570.6,2,unkainene
6492,16916743,"Low Aik Khoon","2026-09-30 21:08:59",570.5,2,izuneliu
6493,16702411,"Aryuemaan Chowdhury","2026-08-21 07:05:31",570.4,1,aryuemaanchowdhury
6494,16939496,"Haotian Niu","2026-09-26 06:35:52",570.0,2,haotianniu
6495,16655595,ashsah,"2026-08-31 08:37:35",569.8,2,ashsah
6496,16657016,"MD. AS-AID RAHMAN","2026-08-26 15:57:49",569.8,2,mdasaidrahman
6497,16623745,chunluran,"2026-09-27 11:17:09",569.8,2,chunluran
6498,16886077,"Rajan Aggarwal","2026-09-17 15:19:02",569.7,2,rajanaggarwal11
6499,16714100,SuperMercat,"2026-09-09 15:13:08",569.7,2,supermercat
6500,16715473,cmrfrd,"2026-08-14 04:58:15",569.7,2,thecmrfrd
6501,16699140,St.Valentine,"2026-08-18 09:49:04",569.5,2,stvalentin3
6502,16687714,nabilux,"2026-08-09 13:27:11",569.4,2,eminesnabil
6503,16693233,"Noah Wheeler","2026-09-22 23:13:00",568.9,2,nwheeler806
6504,16730231,chandler14362,"2026-08-29 03:04:49",568.9,2,chandler14362
6505,16663210,"Marco Nasuelli","2026-09-13 15:58:07",568.8,2,marconasuelli
6506,16730028,"Ken Qian","2026-08-17 03:10:15",568.7,2,kenqian
6507,16825667,"Lê Minh Dương","2026-09-08 05:45:07",568.6,2,minhduonq
6508,16707037,"Cedoque BAGBONON","2026-09-20 10:27:32",568.6,2,cedbag
6509,16682815,"Saiyam Bharara","2026-08-19 15:03:06",568.5,2,saiyambharara
6510,16657172,Honkazu,"2026-08-28 16:55:46",568.3,2,janposlusny
6511,16633466,"Aarush pandey","2026-08-25 19:17:14",568.3,2,aarushpandey
6512,16672370,"Yash Barhanpurkar","2026-09-10 17:36:18",568.0,2,yashbarhanpurkar
6513,16623128,AdamJonesJohnson,"2026-09-30 17:15:31",568.0,2,adamjonesjohnson
6514,16687548,"Shubham Tibrewal","2026-09-22 07:13:23",567.8,2,researchai2026
6515,16717850,"HeeGwan Lee","2026-09-06 11:51:49",567.8,2,heegwanlee
6516,16748979,"Venkata Madhu Sai D ","2026-08-21 19:49:08",567.7,1,venkatamadhusaid
6517,16663656,"Andrii Kavetskyi","2026-08-20 21:48:20",567.4,2,andriykavetsky
6518,16738261,"Samuel Moreira","2026-08-24 14:11:40",567.2,2,samuelmoreira420
6519,16692994,turneja,"2026-08-08 23:50:13",567.0,2,turneja
6520,16674950,Davide,"2026-09-03 09:22:38",567.0,2,quanttony
6521,16665990,daffaharil,"2026-08-11 07:56:55",566.8,2,"daffaharil,farhansiddiq"
6522,16711868,"Mark Cooper","2026-08-16 13:09:02",566.8,2,markjcooper
6523,16722502,Abyss,"2026-08-27 11:26:49",566.7,2,sahiltks
6524,16718133,KaranjeetSingh1110,"2026-09-16 15:31:45",566.5,2,karanjeetsingh1110
6525,16888433,SINKO1,"2026-09-25 20:49:06",566.3,2,sinko1
6526,16793489,hendracos,"2026-09-02 03:10:03",566.1,2,hendracos
6527,16731616,"Mohamed Aashik 24","2026-09-14 19:24:28",566.1,2,mohamedaashik24
6528,16735476,"Matthew Liew","2026-08-18 08:02:11",566.0,2,matthewliew
6529,16684886,HTHub,"2026-08-08 00:12:47",565.6,2,adegokesaidi
6530,16665154,"Omkar Pawar","2026-08-23 12:22:56",565.5,2,omkarrr7
6531,16664041,"an Expired Engineer","2026-08-17 12:02:21",565.5,2,sanggusti
6532,16717614,Dhanyashree1028,"2026-08-16 15:00:37",565.3,2,dhanyashree1028
6533,16661650,"Docker container","2026-08-15 18:52:39",565.3,2,yossefaymanzedan
6534,16750447,Morpheus0303003,"2026-08-24 16:58:42",565.2,2,morpheus0303003
6535,16725913,StarStone_233,"2026-08-16 07:22:12",565.2,2,starstone233
6536,16713236,kingofeverything,"2026-09-30 23:27:10",565.0,2,"kingofeverything,skyyyang"
6537,16892008,#FeedThePuffer,"2026-09-21 02:24:32",565.0,2,"andrdalbosco,gabmaury"
6538,16867608,"Paul M","2026-09-25 21:16:56",564.8,1,pillow5
6539,16678157,"Ayush Kumawat","2026-08-14 13:10:02",564.7,2,ayushkumawat21
6540,16660600,"Beria Kalpelbe","2026-08-07 13:46:47",564.5,2,beriakalpelbe
6541,16862124,"Lei Yang23","2026-09-16 18:09:55",564.5,2,leiyang23
6542,16649339,"华东 朱","2026-09-30 00:33:10",564.4,2,mgdbzny
6543,16658905,"Anjaneya Tripathi","2026-09-30 18:14:11",564.4,2,anjaneyatripathi
6544,16668817,"Sean ODonnell","2026-08-08 03:27:47",564.4,2,sjean11
6545,16708824,"Tanaka Chiromo","2026-08-20 11:12:22",564.4,2,tanakachiromo
6546,16703310,"israel ntumba","2026-09-14 17:42:47",564.3,2,israelntumba
6547,16713366,BANKAI,"2026-09-21 18:36:08",564.3,2,igors97
6548,16742073,"nguyễn huệ anh","2026-09-15 15:55:00",564.3,2,akapatu
6549,16673359,hasshi7965,"2026-09-23 04:34:47",564.2,2,hasshi7965
6550,16947950,"William Caetano Hilário","2026-09-30 23:27:22",564.2,2,williamcaetanohilrio
6551,16655039,"Andrew Yip","2026-08-06 20:14:49",564.1,2,yipcma
6552,16833040,"Vadim Demchuk","2026-09-05 06:07:54",563.9,2,vadimdemchuk
6553,16671421,"Gryffin Wang","2026-08-08 23:08:40",563.9,2,gryffindoraf
6554,16757280,"manos papagiannidis","2026-09-09 08:30:46",563.8,2,manospapagiannidis
6555,16730461,"Mubin Shaikh","2026-08-19 06:09:17",563.8,2,shaikhmubin
6556,16658042,"Giampietro Pregnolato","2026-08-13 09:17:36",563.8,2,giampietropregnolato
6557,16662094,"moncef elm","2026-09-23 09:09:03",563.8,2,moncefelm
6558,16775770,"Ashish Kumar","2026-08-27 17:18:58",563.4,1,whoashish115
6559,16665133,"Abhishek Dubey","2026-08-10 13:28:57",563.3,2,abhishekdubey911
6560,16662015,"ryan panda","2026-09-23 20:03:28",563.0,2,hollowpurple
6561,16665894,"Pedro Wu","2026-09-03 03:40:31",563.0,2,pedropei
6562,16654454,"Haoxiang Li","2026-09-06 09:24:47",562.9,2,haoxiangli789
6563,16725871,"Patrice Santiago","2026-09-03 22:19:56",562.4,2,patricesantiago
6564,16696916,Sundar,"2026-08-11 13:04:59",562.2,2,vsundar17697
6565,16735408,"Evan S","2026-08-18 20:06:05",562.1,2,evansc123
6566,16687925,BillDoser,"2026-09-11 21:54:35",562.0,2,billdoser
6567,16669597,农业农村部,"2026-08-10 19:11:08",562.0,2,"bingzhenghan,hrwan1,krasuszl"
6568,16792449,SKYisSKYisSKY,"2026-08-31 04:16:07",561.9,2,skyisskyissky
6569,16632510,shi_koyo,"2026-08-04 08:58:56",561.5,2,shikoyo
6570,16793189,"Akash Mohan Chaudhary","2026-09-01 18:29:57",561.5,2,akashmohanchaudhary
6571,16673151,skyblue01,"2026-08-27 07:56:10",561.5,2,skyblue01
6572,16698034,Anatoliy_Fomin,"2026-08-12 12:57:18",561.4,2,anatoliyfomin
6573,16700546,"Nightshade Family","2026-09-07 13:24:48",561.4,2,"gihanchamod17,vishmithasamarakoon"
6574,16916387,Nathan,"2026-09-18 14:01:04",560.9,2,nathanpradostapia
6575,16683282,ayushk_empire,"2026-08-14 11:50:15",560.7,2,ayushkempire
6576,16685785,KSAI,"2026-09-07 14:42:54",560.7,2,kishan2112004
6577,16655449,tcvieira,"2026-08-06 18:20:34",560.7,2,tcvieira
6578,16858529,TUdo,"2026-09-30 23:45:06",560.6,2,ericjianfengzhang
6579,16663708,"Imran Ahamed","2026-09-23 19:36:27",560.6,2,immu4989
6580,16702993,PLM,"2026-08-30 13:58:34",560.5,2,"ileabogdan,popu23,razvaniga,rvaurs"
6581,16753353,"Aayush Kumar","2026-09-30 20:55:49",560.5,2,devaayushkumar
6582,16668648,"Mason R. Brito","2026-09-10 16:58:25",560.5,2,masonrbrito
6583,16660138,"Sanchit Handa","2026-09-12 18:45:23",560.5,2,"harmanjotsingh8,sanchithanda182006"
6584,16666084,"Andaç Demirdelen","2026-08-09 19:18:08",560.4,2,andacdemirdelen
6585,16654761,"Mohammed Mukthar","2026-08-05 02:06:15",560.4,2,mohammedmukthar9
6586,16786437,"Kiran Narayana K","2026-08-30 06:45:20",560.4,2,kirannarayanak
6587,16676928,"Bernardo Carvalho","2026-09-30 14:26:51",560.3,1,bernarcarv1975
6588,16848416,"Mayank Bhatia","2026-09-07 15:09:19",560.3,2,mikemayankb
6589,16917921,xxxx333,"2026-09-29 13:36:20",560.1,2,xxxx333
6590,16635377,het2554,"2026-09-13 07:55:05",560.1,2,crazy2554
6591,16654640,"Halil Akbas","2026-08-28 00:32:12",559.9,2,halilbrahimakbas
6592,16767932,"Mark #3","2026-09-24 12:07:36",559.8,2,markdjadchenko
6593,16809800,XYZ-Siddhartha,"2026-09-19 15:57:03",559.8,2,siddharthaganguly26
6594,16732504,"porsche zheng","2026-08-18 08:19:41",559.7,2,porschezheng
6595,16904550,ukiyois,"2026-09-16 19:54:20",559.5,1,ukiyois
6596,16663998,"Harith Al-Ani","2026-08-24 00:09:54",559.4,2,abo3losh
6597,16667818,AjayVarma555,"2026-08-09 15:14:45",559.3,2,ajayvarma555
6598,16811603,hundun,"2026-09-04 09:48:18",559.3,2,zhongh4oyang
6599,16777740,hoangnnh67,"2026-08-28 22:12:22",559.3,2,hoangnnh67
6600,16664790,"soumic 1088","2026-08-19 08:34:34",559.0,2,soumic1088
6601,16667565,BeeDeeR,"2026-09-23 01:13:42",558.9,2,beedeer
6602,16881624,RetrainMap,"2026-09-12 20:08:45",558.7,2,retrainmap
6603,16925954,"Ibrahim Emir Tosun","2026-09-20 10:48:22",558.7,2,tosunn
6604,16853993,"Christie Lam","2026-09-16 03:13:27",558.6,2,christielam
6605,16759427,Dhruv,"2026-08-23 12:20:16",558.5,2,dtalati1
6606,16689919,"Koren Ben Ezra","2026-08-08 17:49:55",558.3,2,korenbenezra
6607,16844527,"Suyog Gund","2026-09-12 18:30:05",558.3,2,suyoggund
6608,16796164,harsh,"2026-09-30 09:35:37",558.2,2,harshdeshwar
6609,16882160,"John Doe #2","2026-09-12 18:04:56",558.1,1,realgrape
6610,16864562,otaniyu,"2026-09-15 00:53:18",558.0,2,otaniyu
6611,16706455,"John Andrei Martinez","2026-08-18 18:55:04",557.9,2,johnandreimartinez
6612,16862542,"Mitchelle's Team","2026-09-30 21:54:05",557.9,2,mitchellluciana
6613,16745571,"Yifan Xie","2026-09-03 13:55:15",557.9,2,yifanxie
6614,16747180,KaiKogure,"2026-09-03 12:46:04",557.6,1,kaikogure
6615,16892496,"Alif Mahmud 1993","2026-09-15 16:35:27",557.4,2,alifmahmud1993
6616,16668211,"Alejandro Hernández Mairal","2026-09-03 13:28:29",557.4,2,alherma7
6617,16665692,Straw_hats,"2026-09-01 07:40:19",557.4,2,"charanno,tvigneshreddy"
6618,16660005,DreamX5678,"2026-08-06 07:55:06",557.3,2,dreamx5678
6619,16651661,"Quyền Thịnh","2026-08-07 06:27:45",557.2,2,quynthnh
6620,16694134,"Sophia Leng","2026-08-24 20:04:10",556.9,1,sophialeng9
6621,16662421,"Aparna Mantha","2026-08-06 17:23:34",556.8,2,aparnam91
6622,16735624,"Marc Rippee","2026-08-24 05:03:34",556.7,2,marcrippee
6623,16728799,JulianHahn28,"2026-08-17 21:26:57",556.6,2,julianhahn28
6624,16677178,"YOUSSEF FAID","2026-08-11 21:10:38",556.6,2,yousseffaid
6625,16733131,Rad&Nhu,"2026-09-30 23:50:34",556.5,2,vnt174
6626,16793892,cjc0013,"2026-08-31 18:27:50",556.2,2,cjc0013
6627,16659367,"Tayyab Aamir","2026-08-06 10:59:49",556.1,2,duketi
6628,16657105,"Mathijs Deelen","2026-08-05 01:16:34",556.1,2,mathijsdeelen
6629,16731173,AynRmio,"2026-09-17 08:48:38",556.1,2,aynrmio
6630,16707767,"Lai Eu Wen","2026-08-16 16:47:50",556.0,2,laieuwen
6631,16654099,"Bhupin Thapa magar","2026-08-10 09:22:06",556.0,2,vupeenthapamagar
6632,16676360,"Chris Kang","2026-08-17 10:07:49",555.9,2,rukawa917
6633,16625047,BOBQWERA,"2026-08-02 06:34:18",555.9,2,bobqwera
6634,16847801,"Joachim Oliver Mampouya","2026-09-08 14:54:14",555.9,2,olivermam
6635,16755548,"Manuel Ramos","2026-08-27 19:06:26",555.9,2,aizpask13
6636,16634204,"m-toshi desu","2026-08-01 06:20:37",555.8,2,mtoshidesu
6637,16655663,"Farmland Destroyer","2026-08-19 13:43:22",555.6,2,minghaopang
6638,16690869,"Yudai Hayashi","2026-08-23 09:14:30",555.6,2,yuhaya9
6639,16755529,"Rafea Almejrab2025","2026-08-29 16:06:34",555.6,2,rafeaalmejrab2025
6640,16770674,"Arpit Jain","2026-09-02 11:44:36",555.5,2,arpitjain5
6641,16918629,humblegod,"2026-09-30 23:53:05",555.5,2,sophatodom
6642,16869733,narwhal,"2026-09-30 23:53:27",555.3,2,justinye0
6643,16664731,UT,"2026-08-21 15:24:42",555.1,2,"sabapunch,wasshan"
6644,16717952,Aydar,"2026-08-29 21:28:35",555.0,2,aydara
6645,16726080,"Arda Yasar","2026-08-19 06:02:10",554.9,2,ardayasar
6646,16763113,sowhatwillwelearn,"2026-09-01 11:03:47",554.9,2,sowhatwillwelearn
6647,16739449,SelvapriyankaRam,"2026-08-24 18:44:21",554.9,2,selvapriyankaram
6648,16658937,SebastianQbiak,"2026-08-05 06:20:18",554.8,2,sebastianqbiak
6649,16668439,Lugas024,"2026-08-08 05:33:51",554.8,2,lugas024
6650,16863952,"Kuei-Hsien Chu","2026-09-10 06:14:39",554.3,2,formosa21
6651,16684674,"Ch Muhammad Umer ","2026-08-11 08:11:36",554.2,2,chmuhammadumer
6652,16673981,"Aarya Jadhav","2026-09-22 15:24:49",554.2,2,aaryajadhav0310
6653,16709318,"Jana Hagen","2026-08-26 18:00:16",553.8,2,janahagen
6654,16642994,"Danila Galkin","2026-08-13 19:22:17",553.4,2,danilagalkin
6655,16639867,vibecoder,"2026-08-08 05:34:55",553.3,2,kunal808
6656,16717671,Jeremy,"2026-09-22 22:01:27",553.3,2,lukeenness
6657,16700785,"VIVEK JAMI","2026-08-19 13:57:57",553.3,2,vivekjami
6658,16797356,"Thalía Cantero","2026-09-15 15:41:27",553.2,2,thalicantero
6659,16704437,babybuffalo,"2026-08-25 16:11:16",553.2,2,babybuffalo
6660,16669393,"ÖMER FARUK YILMAZ","2026-08-07 19:54:59",553.1,2,ofyzero
6661,16880022,Abdulbosid,"2026-09-26 21:40:56",553.0,2,abdulbosid
6662,16655027,"Artem Zenkevich","2026-08-16 13:09:58",553.0,2,artemzen
6663,16670615,Ahornsirup,"2026-09-06 21:03:14",553.0,2,ahornsirup
6664,16657798,"Ian Kim","2026-08-06 05:07:10",552.9,2,ianpkim
6665,16689391,"Tejas Rajput","2026-08-08 17:21:18",552.9,2,tejasrajput123
6666,16848263,Xenongas,"2026-09-08 14:23:14",552.8,2,xenongas1
6667,16621811,"Shaun Andrade","2026-08-01 00:44:42",552.8,2,shaunandrade
6668,16671256,"Navid Zaman","2026-09-08 13:58:31",552.8,2,navidzaman01
6669,16732609,"Filippo Paninforni","2026-08-19 18:30:22",552.5,2,filippopaninforni
6670,16763088,mason.jr,"2026-08-25 04:29:36",552.3,2,haophanzx
6671,16695799,Vaycheslav,"2026-09-22 08:05:40",552.1,2,vaycheslav
6672,16670313,HamzZZzzZZa,"2026-08-06 22:01:28",552.1,2,memesalot
6673,16897403,"Abel Markose","2026-09-18 03:08:38",552.1,2,"abelmarkose,sreehari3301"
6674,16941519,Dr.Hazbulla,"2026-09-24 14:05:45",552.0,2,drhazbulla
6675,16789550,foundtion,"2026-08-30 13:19:22",551.9,2,foundtion
6676,16697941,"Raphael Coelho","2026-08-16 15:24:28",551.8,2,raphaelrrcoelho
6677,16671779,"Syed Jawad","2026-09-06 12:12:28",551.5,2,syedjawad11
6678,16811935,"Bhargavaram Gajula","2026-09-05 18:08:56",551.4,2,bhargavaramgajula007
6679,16716365,Murphy,"2026-08-21 14:00:29",551.4,2,taeyounglimdt
6680,16670651,Echare,"2026-09-28 15:49:21",551.3,2,echare
6681,16891689,"Jiawei Xi","2026-09-14 19:46:39",551.1,2,jiaweixi56
6682,16635746,"jeon hyeon woo","2026-08-13 15:32:43",550.9,2,jeonhyeonwoo
6683,16662120,"Harpal Gujral","2026-08-25 18:07:07",550.7,2,harpalgujral
6684,16661210,vizyourdata,"2026-08-07 11:05:08",550.5,2,vizyourdata
6685,16671942,"JIVRAJ SINGH","2026-09-05 02:33:23",550.4,2,jivrajsingh
6686,16664313,CompilingCoder,"2026-08-06 09:38:17",550.4,2,compilingcoder
6687,16675074,ahiokk,"2026-08-07 07:58:44",549.8,2,ahiokk
6688,16843393,"Rizki Syawaldi","2026-09-27 15:28:38",549.7,2,rizkisyawaldi
6689,16734595,"Abhimanyu Singh","2026-08-20 12:52:38",549.7,2,abhimanyusingh170702
6690,16659663,Chintakrinda_Naveen,"2026-09-22 04:04:37",549.3,2,naveen998
6691,16667630,Sparsh389,"2026-08-06 15:46:09",549.2,2,sparsh389
6692,16738777,"Balwinder Singh1235","2026-08-20 10:21:34",549.2,2,balwindersingh1235
6693,16809136,"Xander Lee","2026-09-04 13:56:48",549.1,2,xndlee
6694,16796810,JosephErikRibeiro,"2026-09-21 21:23:50",549.0,2,josepherikribeiro
6695,16845593,matsudaatom,"2026-09-07 14:44:59",549.0,2,matsudaatom
6696,16891652,Cristian034,"2026-09-30 23:57:12",548.9,2,cristian034
6697,16658106,"Devam juthani","2026-08-05 08:18:14",548.8,2,devamjuthani
6698,16674504,"Arunabh Gupta","2026-08-18 11:10:33",548.5,2,"arunabhsgupt4,eggsysy"
6699,16858948,"Nizar Fathurohman","2026-09-26 10:17:47",548.5,1,nizarfathurohman
6700,16701034,notnorm,"2026-08-11 10:31:23",548.3,1,notnorm
6701,16674841,"Syna Bedi","2026-08-15 09:57:28",548.3,2,synabedi
6702,16664267,"Alan T. Andrea","2026-08-09 03:22:40",548.2,2,alantandrea
6703,16730104,BartHeart,"2026-08-20 18:58:23",548.0,2,bartheart
6704,16762994,AdvancedRising,"2026-09-13 14:54:28",547.8,2,advancedrising
6705,16943628,"Michael Liu","2026-09-23 04:19:13",547.8,2,mliu1204
6706,16825999,"Atsushi Yoshikawa","2026-09-07 02:06:13",547.8,2,atsushiyoshikawa
6707,16671940,LJazya,"2026-09-05 02:54:37",547.7,2,jihanelek
6708,16808696,마짱MAZZANG,"2026-09-04 09:41:16",547.5,2,mazzang
6709,16885124,"LABHESH YAWALKAR","2026-09-30 12:05:02",547.5,2,labheshyawalkar
6710,16840365,"Pranjal Morwal","2026-09-30 21:55:03",547.2,2,pranjalmorwal
6711,16767632,"robin baldeo","2026-09-24 22:26:00",547.2,2,robinbaldeo
6712,16851079,"Nathaniel Marshall","2026-09-08 02:04:22",546.9,2,nm4rshall
6713,16774524,ShinYingChua,"2026-09-13 15:35:15",546.8,2,shinyingchua
6714,16789914,AkikJana,"2026-09-07 16:37:53",546.7,2,firewaterair
6715,16795256,"N Nelson","2026-09-05 14:29:25",546.7,2,napoliyannelson
6716,16756677,"Pyzh Vladislav","2026-08-24 10:19:44",546.7,2,pyzhvladislav
6717,16840445,"Danko Schroeder","2026-09-30 20:58:03",546.7,2,dankoschroeder
6718,16922524,"Aleksandar Belic","2026-09-30 09:54:30",546.7,2,aleksandarbelic
6719,16770096,Program,"2026-09-30 23:36:13",546.6,2,panagiotapanora
6720,16723729,"Lucas Cimiano","2026-08-29 17:21:55",546.5,2,lucascimiano
6721,16671438,"Aot Chanthorn","2026-08-15 16:16:25",546.5,2,aotchanthorn
6722,16670070,"Kirill Molostov","2026-08-31 12:18:26",546.4,2,kirillmolostov
6723,16716941,林木子吖,"2026-08-24 09:28:59",546.4,2,linmuzi0108
6724,16760604,"Thananut Phiboonbanakit","2026-08-25 14:04:44",546.1,2,tphiboonbanakit
6725,16765031,"Allen JL Li","2026-08-27 06:12:23",546.0,2,allenjlli
6726,16759265,AI老爸,"2026-09-06 15:42:27",545.9,2,tsengchienchih
6727,16929796,"Emre Balsar","2026-09-20 11:03:09",545.8,2,emrebalasar
6728,16913155,DT,"2026-09-20 14:19:20",545.8,2,"bhd233,vatlegend"
6729,16743382,"Pavan Rangisetti","2026-09-15 03:42:00",545.6,2,pavanrangisetti
6730,16681660,"Parham Ghazanfari","2026-08-07 20:18:18",545.4,1,parhamghazanfari
6731,16660295,Pentos,"2026-08-10 00:06:56",545.4,2,nishiumi
6732,16866643,"Yan Slabodich","2026-09-15 08:02:34",545.3,2,yanskij
6733,16733873,"Shirish Chinchanikar","2026-08-30 15:53:12",545.3,2,"codemastersj,shirishchinchanikar"
6734,16733046,Afordancja,"2026-08-24 18:22:42",545.2,2,afordancja
6735,16773779,"Daichi Tanaka","2026-08-31 03:38:48",545.0,2,daichit64
6736,16682915,"igeo kK","2026-09-12 23:10:17",544.9,2,igeokk
6737,16877886,"Mohamed el.harery","2026-09-16 00:51:49",544.9,2,mohamedelharery
6738,16682876,"Kartik Garg","2026-08-09 05:21:34",544.8,2,kartikgarg97
6739,16726873,@F,"2026-08-16 01:43:22",544.6,1,atefbouzid
6740,16664134,"Pelayo Fernández","2026-08-07 10:36:48",544.6,2,pelayofdez
6741,16841559,dal7,"2026-09-09 04:32:12",544.5,2,purelyconceptual
6742,16724819,Dwij12,"2026-08-20 18:28:01",544.4,2,dwij12
6743,16671420,"Chengchen Duan","2026-08-17 15:25:09",544.4,2,chengchenduan
6744,16654943,"Alexis Selorm Gbeckor - Kove","2026-08-10 11:44:58",544.3,2,advancedbeginner
6745,16669595,evanca,"2026-08-08 12:27:56",544.3,2,evanca
6746,16663677,"Aghazie David","2026-08-07 00:32:14",544.3,2,aghaziedavid
6747,16844385,"Michael Leo Tan","2026-09-08 02:56:03",544.2,2,michaelleotan
6748,16731447,"Rúben Martins","2026-08-19 20:55:42",544.0,2,rubenmartins10
6749,16632504,"[Deleted] c2f6c5d5-ecb1-4f92-95d7-7c9f0fd3474f","2026-07-31 16:04:32",544.0,1,ryota517
6750,16670698,"Tamerlan Dadashov","2026-08-09 10:36:12",544.0,2,tamerlandadashov
6751,16845009,"Nyasha Gandah","2026-09-15 06:20:21",543.8,2,nyashagandah
6752,16890342,Bin.Han,"2026-09-21 05:17:00",543.7,2,binhan0514
6753,16771001,"0x1369 T-Farm","2026-08-31 04:38:04",543.7,2,xcryst
6754,16669165,"IT Neko","2026-08-14 13:17:33",543.6,2,"nirvaanaa,zhexuanyecust"
6755,16881665,Nikki,"2026-09-30 23:57:57",543.5,2,negarhassantabar
6756,16946099,"CupidCloris Zeus","2026-09-29 13:21:58",543.5,2,cupidcloriszeus
6757,16786297,isxinhe,"2026-09-19 16:25:26",543.1,2,isxinhe
6758,16688175,aarav221w,"2026-08-25 23:40:16",543.0,2,aarav221w
6759,16934151,"Aayu wadhwani","2026-09-30 22:59:58",542.9,2,"aayuwadhwani,keshavbhatnager"
6760,16853582,"Qiao Ke","2026-09-09 09:44:44",542.8,1,bridgekk
6761,16681149,Lee14k,"2026-08-19 17:00:35",542.8,2,lee14k
6762,16652635,panacea9320,"2026-08-05 10:45:06",542.7,2,panacea9320
6763,16665060,Pipeweed,"2026-08-27 18:14:40",542.5,2,pipeweed56
6764,16728220,Naki,"2026-09-08 11:50:44",542.4,2,nanakiohashi
6765,16770891,"Oleg Shatov","2026-09-05 16:34:56",542.4,2,bishkek
6766,16783367,hezhiqian,"2026-09-17 00:06:34",542.3,2,hezhiqian
6767,16663909,HDPark,"2026-08-17 04:48:41",542.2,2,hdpark
6768,16926574,"walid waccub","2026-09-19 22:12:00",542.0,2,walidwaccub
6769,16671237,"Jose Alejandro Rivera Jaramillo","2026-08-07 18:13:13",542.0,2,alejandroriveraj
6770,16699689,"David Sedláček","2026-08-10 08:38:38",541.9,2,sibicek
6771,16743815,"Asanka Pradeep","2026-08-23 14:32:46",541.7,2,asanakapr
6772,16654351,"Manish Kumar","2026-08-04 07:45:22",541.7,2,manishkumarphd2000
6773,16732529,"lixinglong ye","2026-09-09 07:46:16",541.7,2,lixinglongye
6774,16665471,"Dennis Navamani","2026-08-25 11:10:08",541.5,2,dennisnavamani
6775,16890221,"Kalebu Makombe","2026-09-14 10:07:31",541.5,2,kalebuomakombe
6776,16633379,"Artem Prokhorov","2026-07-31 20:53:32",541.5,1,catfield123
6777,16937434,iit24m1520,"2026-09-23 06:17:13",541.3,2,iit24m1520
6778,16655571,yuken,"2026-08-07 13:27:53",541.3,2,yukenai
6779,16734822,Zcy,"2026-09-20 12:04:41",541.2,2,laura831
6780,16697526,"Jurgen Sinjari","2026-08-10 21:21:26",541.0,2,jurgensinjari
6781,16634316,"Cao Tùng Lâm","2026-09-01 07:16:08",540.9,2,liamislazy
6782,16777056,"Seb boulba","2026-08-27 21:03:26",540.8,2,sebboulba
6783,16650930,"Govind Sharma","2026-08-24 09:25:23",540.6,2,govindsarswat
6784,16899050,SerenaLsr,"2026-09-16 03:35:02",540.5,2,serenalsr
6785,16875479,"Debasish Gorai","2026-09-30 15:22:42",540.0,2,debasishgorai
6786,16691552,"Koshtubh Singh Parihar","2026-08-09 03:19:39",539.9,2,koshtubhsinghparihar
6787,16691398,"Time to Win","2026-09-03 04:36:52",539.8,2,yatharthdurgapal
6788,16937197,men-of-culture,"2026-09-24 06:52:33",539.7,2,leejianrong
6789,16844670,"Zheng haoling","2026-09-07 04:22:40",539.6,2,zhenghaoling
6790,16659418,"Fonge Bertin","2026-08-06 09:26:33",539.6,2,fongebertin
6791,16793680,prajval_p,"2026-09-01 01:03:39",539.5,2,prajvalp
6792,16826099,"Aykut Çağlar","2026-09-15 16:08:32",539.5,2,aykutcaglar
6793,16928039,"Hideki Fujiwara","2026-09-27 22:06:38",539.5,2,hidekifujiwara
6794,16731009,"Joseph Paris","2026-08-24 05:32:21",539.4,2,josephkparis
6795,16793913,"Vrushal Patil","2026-09-06 11:13:36",539.4,2,vrushalpatil
6796,16676155,"Adam Carnaffan","2026-08-07 16:48:03",539.4,2,adamcarnaffan
6797,16692680,"Marc-Luca ","2026-08-11 12:02:15",539.4,2,marcluca
6798,16658686,"Alpesh Kumar","2026-08-08 06:12:31",539.2,2,alpeshkumar
6799,16831074,BiNar,"2026-09-27 09:04:57",539.2,2,durbinar
6800,16697800,DR_Mkelvo,"2026-08-09 20:42:15",539.1,1,drmkelvo
6801,16839030,minedmap,"2026-09-07 20:19:52",538.8,2,minedmap
6802,16659598,kudston,"2026-09-15 18:38:11",538.8,2,kudston
6803,16707078,"Loïc & Zach","2026-08-24 20:25:24",538.7,2,"locmmeteau,zachariedubus"
6804,16851330,umar,"2026-09-16 03:04:16",538.7,2,umar4md
6805,16935929,"Bhavesh Kolhe","2026-09-23 08:47:28",538.6,2,bhaveshkolhe
6806,16662313,"Maximus Sambucetti","2026-08-09 15:36:46",538.5,2,maximussambucetti
6807,16723037,"Red Cat","2026-09-10 19:23:50",538.4,2,severl
6808,16743438,嘎嘎滴辣晒,"2026-08-24 09:30:32",538.4,2,yuhangzhang0621
6809,16732003,"HAO jia liu","2026-08-18 09:58:05",538.2,2,haojialiu
6810,16660670,"Chirag Bhatnagar","2026-08-31 09:21:45",538.1,2,chiragbhatn
6811,16732357,"Thales Augusto Leite de Souza","2026-08-23 23:43:38",538.1,2,thalestals
6812,16686743,charmander,"2026-09-11 15:44:15",538.0,2,rahuladhi
6813,16883042,"Stefan Berger","2026-09-20 21:06:25",537.7,2,stefanberger1111
6814,16779539,"Dmitri Bugakov","2026-08-27 16:34:42",537.7,2,dmitrybugakov
6815,16686613,Zubatch,"2026-08-15 20:11:39",537.5,2,zubatch
6816,16659341,Aryan88097,"2026-08-05 17:26:57",537.0,2,aryan88097
6817,16663437,inversion,"2026-08-04 20:44:41",536.9,1,inversion
6818,16668175,el_dedalus,"2026-08-06 14:48:01",536.8,2,eldedalus
6819,16785687,"AP SEM F STUDENTS","2026-08-31 03:52:37",536.5,2,"advaithn0518,rohanjeyavel,shrivatsamurugan,stitchsages"
6820,16655651,"Kevin Cho","2026-09-14 16:40:58",536.5,2,chokevinjs
6821,16897043,"Suyog Dahal","2026-09-26 15:45:17",536.3,2,uzumakidahal
6822,16655426,engin_zhou,"2026-08-05 15:21:18",535.9,2,enginzhou
6823,16660540,Minikotey,"2026-08-16 15:34:40",535.8,2,juliapatarishina
6824,16744239,"Diogo Gomes ","2026-08-25 09:39:28",535.8,2,diogogomes
6825,16865454,"Zhihuan Xue","2026-09-16 11:16:53",535.7,2,xuantianfengwu
6826,16664119,FSzekut,"2026-08-07 00:03:04",535.6,2,fszekut
6827,16677303,"Chase Martyn","2026-08-19 02:05:12",535.6,2,chasemartyn
6828,16657104,"Bashar Gamal","2026-09-15 05:51:30",535.5,2,bashargamal
6829,16736636,torch,"2026-08-18 10:35:29",535.4,2,rhtsingh
6830,16692995,RafaMartinaitis,"2026-08-22 11:50:10",535.3,2,rafaelmartinaitis
6831,16718445,"Hamza Elmorjani","2026-08-15 12:16:55",535.1,2,hamzaelmorjani03
6832,16795609,2023314806_이승민,"2026-09-04 10:21:31",535.0,2,sminleeee
6833,16726684,"William Lee","2026-08-19 15:35:28",534.8,2,notyouravgwilly
6834,16686655,"Emir Baki Demirci","2026-09-26 00:48:25",534.7,2,emirbakidemirci
6835,16640504,"Recep Öztürk","2026-08-26 11:19:31",534.7,2,rcpztrrk1
6836,16885464,"Javier Hernáez","2026-09-19 18:09:39",534.7,2,javierhernaez
6837,16947326,"Sachin Sachdeva","2026-09-23 12:55:56",534.4,2,sachinsachdeva
6838,16658009,"Lando Wang","2026-08-05 02:18:17",534.4,2,landowang
6839,16731996,Chloe,"2026-08-18 02:58:05",534.4,2,chenchloehaimo
6840,16654723,"Trajko Todosov","2026-09-30 23:53:54",534.3,2,trajkotodosov
6841,16659181,Hongjie04,"2026-08-05 04:07:04",534.3,2,hongjie04
6842,16715225,"Someswararao Tellakula","2026-08-17 01:15:37",534.3,2,someshtellakula
6843,16661564,yang20251228,"2026-09-02 03:40:29",534.2,2,yang20251228
6844,16674106,Nanga_rendu_peru,"2026-09-27 02:12:33",534.1,2,"dineshak07,jaikrishna007"
6845,16887280,"ronger zhu","2026-09-17 04:03:22",534.0,2,rongerzhu
6846,16660850,"Khoa Le","2026-08-05 13:23:55",534.0,2,bryanle2025
6847,16726839,syunsuke,"2026-08-21 23:12:13",533.9,2,syunsuke1024
6848,16667794,knadithyavr,"2026-08-13 12:24:05",533.9,2,knadithyavr
6849,16673333,"Dimas Renggana","2026-08-06 23:40:39",533.8,2,dimasrenggana
6850,16749104,danielx119,"2026-08-20 16:36:00",533.7,2,danielx119
6851,16732725,MackTen,"2026-08-19 08:14:01",533.6,2,mackten
6852,16717245,bernard558,"2026-08-24 22:18:16",533.6,2,bernard558
6853,16721877,SuzukiTakumi,"2026-09-28 18:46:15",533.6,2,suzukitakumi
6854,16708907,"[Deleted] 84526ff4-3aed-4b4b-a45f-a4486f01cb7b","2026-08-13 20:01:55",533.3,2,del=34c747d6ee8d2bd7
6855,16639408,Invictus,"2026-08-11 22:44:04",533.2,2,nicho256
6856,16782993,hayashida,"2026-09-07 14:01:36",533.0,2,daichihayashi
6857,16667143,"Noct-Tech zombie","2026-08-06 13:46:51",532.8,2,jo3thaboss
6858,16778145,TW_益民_li,"2026-09-03 12:28:49",532.7,2,liyimintw
6859,16655527,"Saurabh Kumar","2026-08-06 08:14:52",532.7,2,sk25oct
6860,16697681,"Mahfujur Rahman Rakib","2026-08-10 05:14:21",532.3,2,mahfujurrahmanrakib
6861,16666597,Ramkumar4240,"2026-08-10 12:19:20",531.9,2,ramkumar4240
6862,16924174,"Brijesh Sankhavara","2026-09-19 07:12:58",531.6,1,brijeshsankhavara1
6863,16749764,Aquaflame,"2026-09-11 16:41:58",531.3,2,aquaflame
6864,16674612,"Muhammad Dhiaz Rafilianza","2026-09-25 12:28:11",531.3,2,dhiazr
6865,16675066,Opticulture,"2026-08-16 12:19:48",531.2,2,"bajibaburowthu,ponnuripavankumar,radhakrishnadoredla,veereshkumar1219"
6866,16640888,"Dhe Yeong","2026-09-30 20:50:02",531.1,2,dheyeong
6867,16662293,"Alejandro Fonda","2026-09-25 00:56:43",531.0,2,alejandrofonda
6868,16653534,"Mohamed Amine Ettaki","2026-09-14 20:52:45",531.0,2,amine159
6869,16690152,"The Ceris","2026-08-16 11:49:31",530.9,2,amedeopachera
6870,16750666,"Mitali Yadav","2026-09-29 00:52:08",530.9,2,mitaliyadav18
6871,16621407,Kh0a,"2026-09-15 06:55:26",530.6,2,llkh0a
6872,16727376,"Roko Torbarina","2026-08-18 18:31:57",530.6,2,rokotorbarina
6873,16712902,"Ethan Benjamin Cole","2026-08-13 12:19:26",530.3,2,ethanbenjamincole
6874,16763287,Sathishkumartheta,"2026-08-25 18:53:26",530.3,2,sathishkumartheta
6875,16855052,pk954061458,"2026-09-14 10:37:54",530.2,2,pk954061458
6876,16748603,有本事出来单挑,"2026-09-28 08:54:18",530.0,2,qianzhonhao
6877,16673923,"Gabriele Giacometti","2026-09-10 12:15:50",530.0,2,gabrielegiacometti
6878,16794491,"Sushant Pargaonkar","2026-09-02 02:59:45",530.0,2,sushantpargaonkar
6879,16662103,"Saravana Thiagarajan K","2026-08-05 21:43:42",530.0,2,saravanatk1984
6880,16752899,"Nicolò Alberti","2026-08-23 09:16:36",530.0,2,nicolalberti
6881,16728743,Miki_Nuummiu,"2026-09-16 20:54:12",530.0,2,mikinuummiu
6882,16718363,"Jarbas Camurça","2026-08-28 11:15:44",529.9,2,pjarbas
6883,16690352,"Aled von Oppell","2026-09-24 16:04:36",529.8,2,aledgvonoppell
6884,16744752,"Dean Johnson","2026-08-27 10:26:20",529.4,2,deanjohnson202
6885,16699711,"maxscender ","2026-08-13 14:03:35",529.4,2,maxscender
6886,16729202,Sven,"2026-08-27 21:55:40",529.3,2,sventleman
6887,16732307,"Shobha Vashishtha","2026-08-17 12:32:07",529.3,1,shobhavashishtha
6888,16762206,"mohammad khanjani2026","2026-09-06 05:17:52",529.3,2,mohammadkhanjani2026
6889,16854535,Dragon,"2026-09-09 16:48:11",529.1,2,dragon116rus
6890,16700885,"Malala Ramaha","2026-09-19 17:11:00",529.0,2,malalaramaha
6891,16702359,"Ethan Pl","2026-08-11 19:43:21",528.9,2,ethanpl
6892,16699756,"zhang xin","2026-09-23 02:00:57",528.9,2,zhangxin300
6893,16743823,"Zeyu Huang_summer","2026-09-14 15:40:41",528.7,2,zeyuhuangsummer
6894,16690736,omarkami007,"2026-08-11 18:40:45",528.7,2,omarkami007
6895,16702118,"cemal özdeniz","2026-08-10 20:27:17",528.7,2,cemalzdeniz
6896,16676259,Th_Gbay,"2026-08-19 20:42:35",528.5,2,thgbay
6897,16827864,"Tùng Dương Bùi","2026-09-04 14:31:54",528.4,2,tdbui1209
6898,16706413,"Song Research","2026-08-18 00:39:36",528.4,2,sangbong91
6899,16691164,"Krishna Saathwik","2026-08-13 13:50:40",528.4,2,krishnasaathwik
6900,16669396,Fleo98,"2026-08-10 15:43:34",528.1,2,fleo98
6901,16800950,"Mani Kanta Kalluru","2026-09-09 17:17:20",528.0,2,manikantakalluru
6902,16658116,Emmy,"2026-09-30 12:52:23",528.0,2,emmyone
6903,16750614,"Shivansh Chaudhary","2026-09-05 06:17:27",527.8,2,shivanshchoo
6904,16741766,lrik00,"2026-09-15 13:27:32",527.6,2,lrik00
6905,16883182,xvzfbr0,"2026-09-29 02:32:20",527.5,2,xvzfbr0
6906,16664348,"Rocket Zech","2026-08-29 08:23:04",527.5,2,isaactunglaw
6907,16733910,davidsmith42,"2026-08-19 23:59:03",527.4,2,ananthvydianath42
6908,16840437,nick.ai007,"2026-09-10 06:36:01",527.4,2,nickai007
6909,16712380,Rdjarbeng,"2026-09-30 21:21:51",527.3,2,rdjarbeng
6910,16915490,"Rounak Mukherjee","2026-09-30 19:27:58",527.2,2,zade799
6911,16717817,"Nick Stoddart","2026-08-14 05:15:23",527.2,2,nickstoddart
6912,16819076,"Keyur Gohel","2026-09-29 00:41:10",527.0,2,venuzdonoa
6913,16771283,taroyan-vamos,"2026-09-08 15:31:54",526.9,2,taroyanvamos
6914,16860559,"Sara Lark","2026-09-30 01:13:05",526.9,2,saralark
6915,16700484,白井孝太郎,"2026-08-15 01:08:02",526.8,2,kotaroshirai
6916,16808750,ssssying,"2026-09-30 01:53:24",526.6,2,ssssying
6917,16730030,"Jared Wilder","2026-08-17 14:23:15",526.6,2,jaredwilder
6918,16853288,ypl0lpy,"2026-09-09 07:56:50",526.5,2,ypl0lpy
6919,16736261,"Saptanshu Samal","2026-08-22 12:02:42",526.5,2,saptanshusamal
6920,16724904,"Carlos Eduardo De Paula Arantes","2026-08-15 15:48:43",526.3,2,carloseduardo1753
6921,16841858,"Aadit Agrawal","2026-09-08 07:23:56",526.3,2,aaditagrawal
6922,16715495,Yashi003,"2026-08-24 04:44:40",526.2,2,yashi003
6923,16904690,"yuya #2","2026-09-17 07:21:26",526.2,2,pineandtree
6924,16805275,"Women or something","2026-09-30 18:11:37",526.1,2,"appalachianmounta1n,reneeschmidt"
6925,16622938,"Farmville Redux","2026-08-03 18:58:04",526.0,2,daveconnor
6926,16671680,"Joe Hall","2026-08-10 19:02:30",525.6,2,halljr
6927,16658151,"Nguyễn Phúc Gia Bảo","2026-08-06 15:15:07",525.5,2,kevincrazy678
6928,16731887,"hoo aam","2026-08-21 05:37:16",525.5,2,hooaam
6929,16664415,"Imerson Krysthio","2026-08-12 05:37:03",525.4,2,imersonk
6930,16680297,"Ajay Singh","2026-08-08 04:33:24",525.3,2,ajaysinghg
6931,16666249,Kawa_pt,"2026-09-08 22:24:25",525.2,2,kawapt
6932,16896490,"Yiman Gao","2026-09-21 08:15:16",525.2,2,yimangao
6933,16654098,"Mohd Zaki","2026-09-30 15:08:29",525.1,2,mdzaki08
6934,16660360,"Joey Gonzales","2026-08-05 00:00:47",525.1,2,joeygonzales
6935,16794797,zzzyan10,"2026-09-21 02:45:51",524.8,2,zzzyan10
6936,16730740,"claude opus5🏆","2026-08-19 09:58:24",524.7,2,yinpinggao
6937,16697704,"Leonid Matetskiy","2026-08-09 21:39:06",524.7,2,leonidmatetskiy
6938,16663766,"Anup Gautam","2026-08-08 01:29:10",524.4,2,anupanda
6939,16665622,one,"2026-08-11 04:10:11",524.3,2,richardsplayground
6940,16671364,"Mike Riggs","2026-08-09 03:22:55",524.2,2,riggsasi
6941,16670544,"William Rients","2026-08-06 00:01:02",524.2,2,williamrients
6942,16687390,"Mark Calvert","2026-08-08 09:51:55",524.1,2,markycalvert
6943,16658779,"Richard G Atkinson","2026-08-05 00:29:59",524.0,2,richardgatkinson
6944,16657871,Lucienne,"2026-08-05 03:13:59",523.7,2,yangnianan
6945,16658477,"chathura prasadh9817","2026-08-06 07:18:04",523.7,2,chathuraprasadh9817
6946,16844334,lsnm,"2026-09-07 15:02:17",523.6,2,eliasnema
6947,16727961,"Ebenezer Olumeyan","2026-08-22 15:54:00",523.6,2,eolumeyan
6948,16702481,"Scott G","2026-08-13 15:19:02",523.5,2,verifiedscott
6949,16637776,MarvelousXun,"2026-08-03 09:33:38",523.5,2,marvelousxun
6950,16621657,"Nikita Batuev","2026-09-22 23:14:25",523.5,2,batuevnikita
6951,16880707,Joy_22@1,"2026-09-25 18:15:40",523.5,2,joy221
6952,16727009,B05801037,"2026-08-18 02:28:48",523.3,2,peteropop
6953,16660035,NoNamedeo,"2026-08-27 14:20:15",523.3,1,nonamedeo
6954,16744898,"Tore Erdmann","2026-09-19 16:19:24",523.2,2,toreerdmann
6955,16704569,"Lorenzo Grattarola","2026-08-16 22:24:15",523.2,2,lorenzograttarola
6956,16762010,"Ivan Piaternev","2026-09-29 14:40:21",523.1,2,iamvanya
6957,16728017,"medkhalil hawachi","2026-09-29 11:33:25",523.0,2,medkhalilhawachi
6958,16791027,"Ryan Cheung","2026-09-07 04:46:47",523.0,2,doggychip
6959,16669545,"Rishabh Gupta","2026-08-06 18:19:04",522.9,2,rishabhguptajs
6960,16850246,"Makarand Gokhale","2026-09-24 01:08:26",522.7,2,makarandgokhale
6961,16926556,Fufig,"2026-09-20 17:31:56",522.7,2,yafufig
6962,16635145,"Isaac Menard","2026-08-05 21:11:36",522.7,2,isaacmenard
6963,16664142,"The Studio 1","2026-08-16 23:04:06",522.6,2,landonsheatsley
6964,16748774,"hakan ulucan","2026-08-25 19:19:11",522.4,2,hakanulucan
6965,16761451,gulag,"2026-08-24 03:39:54",522.3,2,moglin
6966,16865918,yh00722,"2026-09-14 04:52:38",522.3,2,yh00722
6967,16930840,machineabao,"2026-09-22 19:18:24",522.2,2,machineabao
6968,16711760,"Shubham Penkar","2026-09-30 09:07:08",522.2,2,shubhampenkar
6969,16692637,"Blox Amaze","2026-08-09 09:47:42",522.2,2,bloxamaze
6970,16729531,alfphafarm,"2026-08-19 19:09:48",522.1,2,vudattumaniteja
6971,16726052,"Peter Mugoya","2026-09-28 04:50:06",521.8,2,petermugoya
6972,16660319,fahimMK,"2026-09-19 16:43:05",521.8,2,fahimmk
6973,16811259,"Aaryan Agarwal","2026-09-03 20:21:00",521.7,1,aaryanagarwal
6974,16764600,"Tanmay Shingavi","2026-09-03 05:43:57",521.7,2,decodingafterlife
6975,16712746,itsraininnnn,"2026-08-12 16:38:56",521.6,1,itsraininnnn
6976,16677231,"Ahmed Bootaan","2026-08-06 18:08:52",521.5,2,ahmedbootaan
6977,16662875,Jimmy,"2026-09-21 04:29:42",521.4,2,jiyo4476
6978,16742172,"Felisitas Mellania","2026-09-11 06:39:04",521.2,2,felisitasmellania
6979,16716632,shini47,"2026-08-22 20:30:17",521.1,2,shini47
6980,16656690,"Sushant Kumar (xWF)","2026-08-06 04:44:38",521.1,2,sushantkumarxwf
6981,16914880,"Mohammed Afreed Pasha","2026-09-30 13:33:43",521.0,2,mohammedafreedpasha
6982,16679671,Ash0666,"2026-08-09 19:28:52",520.7,2,ash0666
6983,16775001,"Maarij Aqeel","2026-08-26 14:48:03",520.7,2,maarijaqeel
6984,16747345,"Alex #3","2026-09-17 08:59:07",520.7,2,alexb99
6985,16661432,"Ange Adantchede","2026-09-28 09:00:05",520.4,2,angeadantchede
6986,16895374,JerryWang19,"2026-09-15 08:09:57",520.4,1,jerrywang19
6987,16692450,duckypants,"2026-08-23 20:36:59",520.4,2,duckypants
6988,16740709,"Abimael Firstana #2","2026-09-11 07:19:13",520.4,2,abimaelfirstana99
6989,16659951,"CHRISTOPHER CRILLY","2026-09-11 12:23:20",520.3,2,christophercrilly
6990,16665462,ZSZ,"2026-08-12 13:55:00",520.0,2,zsuzsanna2
6991,16637894,"Leonardo Domingues","2026-09-25 17:28:07",519.5,2,leonardodomingues
6992,16631772,yuki,"2026-08-03 17:39:58",519.5,2,yururoi
6993,16730105,"Leonardo Palis","2026-08-17 03:35:05",519.2,2,leonardopalis
6994,16714592,"Carey Casile","2026-08-14 18:34:16",519.1,2,ccasile
6995,16630837,"Vishal Sharma","2026-08-05 18:24:44",519.0,2,vishal40182
6996,16775237,"Haruki Iwase","2026-09-12 14:38:17",519.0,2,harukiiwase
6997,16806260,"Kotaro Furuno","2026-09-03 14:36:00",518.9,2,kotarofuruno
6998,16718042,"Muddassir Shah","2026-09-02 21:49:44",518.9,2,wisemanseed
6999,16688366,yokoikazumasa,"2026-08-08 19:25:58",518.7,1,yokoikazumasa
7000,16679364,VicD,"2026-08-14 20:16:52",518.6,2,durandv
7001,16652899,Isha,"2026-09-29 15:47:40",518.4,2,aarohi20
7002,16872064,"Jimmy Erickson","2026-09-13 19:43:54",518.3,2,jimmyerickson
7003,16697346,"sayyid mogaka","2026-08-10 21:37:36",518.2,2,sayyidmogaka
7004,16693988,"Pranav Gupta","2026-08-18 03:51:41",518.2,2,kumbhakarann
7005,16710521,"Natpaphon Nukhunthod","2026-08-17 03:37:15",518.1,2,natpaphonnukhunthod
7006,16723125,"Shubham Dhapola","2026-08-16 13:35:23",517.9,2,shubhamdhapola24
7007,16623112,Tians12,"2026-08-09 19:10:24",517.9,2,tiansang12
7008,16673191,juliye,"2026-08-10 03:49:13",517.5,2,juliye
7009,16786461,"Caleb Bredlow","2026-09-07 04:17:50",517.3,2,calebbredlow
7010,16710512,FishWotou,"2026-08-19 04:45:40",517.3,2,fishwotou
7011,16659309,irisV11,"2026-08-18 05:23:01",517.1,2,irisv11
7012,16841589,加藤正樹,"2026-09-06 01:59:11",517.1,2,masaki9920
7013,16661832,"Roberto Garcia","2026-08-08 15:09:39",517.0,2,robertogarciada
7014,16780513,"Hugo JOBÉ","2026-08-27 20:51:09",516.8,2,hugojob
7015,16740894,BetOnMe,"2026-08-19 14:40:02",516.7,2,betonme
7016,16700441,"Houssem RIAHI","2026-08-27 14:54:09",516.5,2,houssemriahi
7017,16678602,"hassan manour","2026-08-07 12:52:23",516.5,1,hassanmanour
7018,16654085,"Bill Xu","2026-09-30 19:44:46",516.4,2,billll
7019,16709494,"Aditya Dushara","2026-09-10 22:24:55",516.3,2,adityadushara
7020,16640077,larry54321zhao,"2026-09-09 08:48:32",516.3,2,larry54321zhao
7021,16676534,AlphaBound,"2026-08-25 05:26:32",515.9,2,somsubhrometya
7022,16667011,"Chung Yu Jin","2026-09-21 05:44:32",515.7,1,chungyujin24
7023,16904318,"wofi poria","2026-09-18 01:33:18",515.5,2,wofiporia
7024,16946591,zahid11177700,"2026-09-25 05:38:44",515.4,1,zahid11177700
7025,16890133,Adsterr,"2026-09-19 07:58:59",515.3,2,adsterr
7026,16927406,wmar,"2026-09-28 04:19:34",515.3,2,wmar38334
7027,16926699,"Juliano Batistim","2026-09-30 05:04:58",515.2,2,julianobatistim
7028,16774333,"Nazim Shoikot","2026-09-03 11:20:20",515.0,2,nazimshoikot71
7029,16787010,"Samir Patel","2026-09-04 02:59:28",514.8,2,mesamirpatel
7030,16841827,"pohang milk collector","2026-09-20 14:27:51",514.8,2,"duckhun,idearendil"
7031,16659138,allenbcy,"2026-09-10 14:41:18",514.6,2,allenbcy
7032,16730649,Mink,"2026-09-20 22:14:02",514.5,2,"mahendransaeyohnn,mysterious5577"
7033,16849108,raypratik,"2026-09-25 10:19:40",514.4,2,raypratik
7034,16656871,"Pedro Henrique","2026-08-07 03:37:29",514.3,2,pedrohets
7035,16783050,"Charles Chen","2026-09-29 16:02:31",514.1,2,charles2580
7036,16662057,DeokJin,"2026-08-05 04:01:38",514.1,2,deokjin
7037,16750751,AarizKh,"2026-09-09 16:28:15",514.1,2,aarizkh
7038,16660119,"Dhruva Das","2026-08-05 17:05:52",513.8,2,dhruva77
7039,16863015,"Carlos Jaime","2026-09-24 03:14:47",513.7,2,cjaime708
7040,16660419,"Kai-Shih Chiu","2026-08-06 12:54:22",513.6,2,kaishihchiu
7041,16656792,"Gnanaprakash R","2026-08-28 15:05:38",513.6,2,gnanaprakashr
7042,16697730,JCN2365,"2026-08-13 18:06:35",513.6,2,jcn2365
7043,16664143,"Lucas Henrique Mateo","2026-08-21 19:10:52",513.5,2,lucashmateo
7044,16696526,"Reda HEDDAD","2026-09-05 21:17:22",513.5,2,redaheddad
7045,16793150,Comet19,"2026-08-31 10:53:04",513.5,2,comet19
7046,16632253,nasuuuuun,"2026-08-04 13:30:11",513.0,2,hikarumatsuzaki
7047,16877016,"Jasper Wessing","2026-09-18 14:08:07",513.0,2,jasperwessing
7048,16906705,"Gaurav Vyas","2026-09-30 17:13:49",512.9,2,ctogaurav
7049,16857823,"Hà Công Nga ","2026-09-10 02:49:42",512.8,2,hcngnga
7050,16623316,"Ondrew Zudin","2026-08-06 23:08:41",512.7,2,ondrewzudin
7051,16664750,"shubham kumar","2026-09-13 16:24:23",512.7,2,shubzk17
7052,16749038,Seuz,"2026-09-28 17:04:55",512.7,2,kohdawei
7053,16720788,Anson,"2026-09-05 19:45:48",512.3,2,anson0496
7054,16884997,"Le Huy Tuong","2026-09-17 12:55:49",512.3,2,lehuytuong
7055,16679771,Coolgolf,"2026-09-02 13:56:54",512.2,2,coolgolf
7056,16658627,"Osman Can ÇETLENBİK","2026-08-05 15:25:30",512.0,2,osmancancet
7057,16915731,INF2_josallo4_anpego3,"2026-09-20 16:30:53",511.9,2,josepsalvador
7058,16690940,NKryst,"2026-08-29 10:57:18",511.9,2,nkryst
7059,16658775,"Vincent Pan","2026-08-29 12:55:20",511.8,2,"judithhong,vincentpan2005"
7060,16663551,"Germinator G-1000","2026-09-18 19:25:47",511.8,2,sinkingpoint
7061,16756858,"Rushi A.","2026-08-23 18:54:03",511.8,2,rushia
7062,16744534,"Leonardo Custode","2026-09-11 09:16:04",511.8,2,leocus
7063,16660173,"PAULO HENRIQUE DE LIMA","2026-08-06 02:42:20",511.3,1,paulohenriquedelima
7064,16752665,"Dominik Toric","2026-09-14 17:20:14",511.2,2,dominiktoric
7065,16717716,"Диас Издибаев","2026-08-15 05:32:14",511.1,2,diasiz1
7066,16756987,"Joseph Paggeot","2026-08-24 04:32:57",511.0,2,josephpaggeot
7067,16762831,026,"2026-09-07 00:58:19",510.9,2,thahaarsh
7068,16854398,"VALERIY MIKHALEV","2026-09-08 16:27:24",510.9,2,valeriymikhalev
7069,16907148,Blooriculture,"2026-09-30 13:11:31",510.8,2,"aarnsantosgonzlez,danireyna08,fernandopardoalonso,marcobarrancomoreno"
7070,16675585,"Jacob Joy","2026-08-11 12:13:06",510.8,2,jac0b1
7071,16731013,"Abimael Firstana","2026-09-11 06:55:02",510.7,2,abimaelfirstana
7072,16703129,"Pratik Vadher","2026-08-10 21:08:27",510.7,1,pratikvadher
7073,16756131,"Emre Atilgan","2026-08-24 20:20:06",510.5,2,emreatilgan
7074,16670274,"dankwa wadie","2026-09-01 08:45:40",510.1,2,dankwawadie
7075,16659645,Drakus_Julia,"2026-08-09 02:15:20",510.1,2,drakus74
7076,16764330,"Koral Kulacoglu","2026-08-26 04:51:33",509.8,2,koralkulacoglu
7077,16661099,TheSven,"2026-08-06 17:05:25",509.7,2,thesven
7078,16664370,"Joel Arias","2026-08-06 17:29:01",509.6,1,j4rias
7079,16702820,"Plorek ","2026-08-28 11:28:11",509.4,2,plorek
7080,16795997,"Boyu Wan","2026-09-04 04:58:57",509.3,2,pupudan
7081,16756388,"Sam Scott","2026-08-22 22:04:06",509.2,2,shepard5
7082,16738923,Quantum,"2026-08-29 01:40:45",509.2,2,jawadxhassan
7083,16759246,wangfeifei_si,"2026-08-26 14:27:19",509.0,2,wangfeifeisi
7084,16885591,Orange,"2026-09-13 11:30:58",509.0,2,orangecoppers
7085,16681509,"Kethan Sai","2026-09-18 09:53:32",508.9,2,kethansaikoneru
7086,16762881,Yuki0x80,"2026-09-22 14:30:53",508.9,2,saiyuki1919
7087,16720143,"AMAN PANDEY","2026-08-16 13:57:00",508.8,2,amanapofficial
7088,16685652,LeonDuue,"2026-09-01 06:55:54",508.7,2,leonduue
7089,16669479,"Shifa Salsabiila","2026-08-09 02:56:11",508.7,1,shifasalsabiila
7090,16761751,KrishnaKumar_AIML,"2026-09-02 14:38:24",508.5,2,krishnakumarcsr
7091,16658718,"Duong Bao Duy","2026-09-15 13:31:45",508.5,2,duongbaoduy
7092,16663232,"Marco Mangan","2026-09-06 21:20:24",508.3,2,masmangan
7093,16678633,"Tanishq Tayade","2026-09-14 21:39:04",508.3,2,tanishqtayade
7094,16738456,"Pritul Raut","2026-08-21 08:45:04",508.0,2,pritulraut
7095,16808641,papajams,"2026-09-28 07:06:23",508.0,2,papajams
7096,16656883,KK,"2026-08-05 10:27:15",508.0,2,kkonzyb
7097,16669397,"Abed Kibbe","2026-09-13 06:09:10",507.9,2,abedkibbe
7098,16795284,"Kostas Tsolis","2026-09-14 09:14:56",507.8,2,tkostas
7099,16674540,"Pratik Priyanshu","2026-08-07 18:28:12",507.7,2,pratikpriyanshu5
7100,16671648,"[Deleted] 05e6ae2c-c72f-4044-b02f-dc74277e34ab","2026-08-09 07:21:22",507.7,2,del=871ca06d8c734ede
7101,16670596,prabalsingh_23,"2026-08-26 02:33:14",507.6,2,prabalsingh23
7102,16757407,"Dylan Bailes","2026-08-26 07:11:56",507.6,2,dylanbailes
7103,16871854,"Tanvi Parsam","2026-09-13 16:07:41",507.6,2,tanviparsam
7104,16666483,"Salih Erdem Kaymak","2026-08-08 17:32:38",507.6,2,saliherdemkaymak
7105,16687604,Harrislrobinson,"2026-08-11 00:25:10",507.5,2,harrislrobinson
7106,16846845,Shunsuke,"2026-09-07 15:25:38",507.4,2,shunsukeisono
7107,16698103,JJ,"2026-09-02 09:46:15",507.4,2,jianjinchen
7108,16693738,"Sonu Jha","2026-08-14 20:32:37",507.4,2,sonujha090
7109,16673712,"Alejandro Betato","2026-08-16 10:48:24",507.4,2,alejandrobetato
7110,16666328,"Dornus !","2026-08-05 21:53:19",507.2,2,dornus
7111,16760226,"Erich Hofstötter","2026-08-24 15:49:06",507.2,2,erichhofsttter
7112,16735517,"Philipp k-s","2026-09-13 19:12:05",507.2,2,philippkeussenstrau
7113,16658820,"Jonathan Ashenaf1","2026-08-11 16:59:20",507.1,2,jonathanashenaf1
7114,16621354,pengshy,"2026-08-06 04:54:01",507.1,2,dm15336142
7115,16857013,Dote,"2026-09-29 01:38:46",507.0,2,"shriramgunasekar,valid22"
7116,16675461,mins0_0,"2026-08-30 07:50:53",506.8,2,mins00
7117,16718366,RATriculture,"2026-08-28 19:15:28",506.6,2,tarasshchur
7118,16937883,Philip,"2026-09-21 21:27:47",506.5,2,timmi22194
7119,16887274,Shakeel,"2026-09-14 09:55:20",506.3,2,shakeel787
7120,16768178,Scarttish,"2026-08-26 22:44:26",506.3,2,scarttish
7121,16868576,DarkhanShakhan,"2026-09-15 20:17:01",506.2,2,darkhan1991
7122,16840480,jignesh13,"2026-09-16 19:33:04",506.2,2,jignesh13
7123,16657401,korpo,"2026-08-25 20:18:13",506.1,2,krisko
7124,16638645,ChrisDavis,"2026-08-03 23:29:34",506.1,2,alpacas
7125,16722366,"Aki Lit","2026-08-14 23:24:20",506.0,2,akilit
7126,16655272,"Artur Sakhiullin","2026-08-09 14:27:52",505.9,2,artursakhiullin
7127,16738640,"Tjay Burger","2026-08-18 17:35:39",505.7,2,tjayburger
7128,16664605,"Nathaniel Shou","2026-08-05 17:51:47",505.6,2,nathanielshou
7129,16777150,Eduardo2c,"2026-09-06 14:23:04",505.6,2,eduardo2c
7130,16682076,"Igor Riegel","2026-09-02 14:49:12",505.5,2,igormriegel
7131,16832891,"Kana Kuroyanagi","2026-09-23 05:10:12",505.4,2,kanakuroyanagi
7132,16740272,"Ashley Vance","2026-09-28 19:10:19",505.4,1,ashleyvance
7133,16845696,Huskkky,"2026-09-07 03:47:13",505.3,2,huskkky
7134,16760190,"Florian Tigoulet","2026-08-24 12:37:14",505.3,2,floriantigoulet
7135,16662643,Mohit_Singh,"2026-09-26 06:30:36",505.0,2,mohitsingh955
7136,16686150,"Aek KunKub","2026-08-14 05:21:43",504.7,2,aekkunkub
7137,16862188,KJ007123,"2026-09-10 07:02:20",504.7,2,kj007123
7138,16784966,oouiaa,"2026-09-03 21:53:59",504.5,2,tomofumihata
7139,16668562,"Anthony LOISEAU","2026-08-06 16:07:52",504.4,2,anthonyloiseau
7140,16767800,awee,"2026-09-07 19:34:52",504.1,2,aweertw
7141,16833476,"Richard Pagan","2026-09-05 03:01:54",503.9,1,richardpagan
7142,16701795,Proshian,"2026-08-11 00:01:04",503.8,2,proshian
7143,16669470,"ASDM HUB","2026-08-12 20:13:20",503.8,2,jesushechavarria
7144,16740662,宣城市机械电子职业技术学院,"2026-09-15 02:05:22",503.7,2,chenzhengy
7145,16677360,"Jatin Chawla","2026-08-08 13:45:06",503.7,2,jatin221
7146,16895340,Prakhareshwar,"2026-09-22 15:22:36",503.4,2,prakharpathak12
7147,16735702,opflare,"2026-09-04 23:47:49",503.2,2,opflare1144user
7148,16659025,"Mohammed Naseef","2026-08-05 09:01:20",502.9,2,mohammednaseef
7149,16685582,Wasaanyi,"2026-08-18 09:21:30",502.8,2,"cnakakeeto,wasaanyi"
7150,16658074,"Qui Ngx","2026-08-05 05:57:15",502.8,2,quingx
7151,16773361,"tom yi","2026-09-24 08:56:59",502.7,1,tomyi1547
7152,16660462,"Vishwanath N Iyer","2026-08-07 07:22:17",502.6,2,vishwanathniyer
7153,16717742,"Ghawwjsb Vsjsjsbs","2026-08-13 22:32:49",502.4,2,ghawwjsbvsjsjsbs
7154,16661928,"Nikhil raman K","2026-09-30 15:05:46",502.0,2,nikhilramank
7155,16665046,"Srish Jana","2026-08-06 18:12:59",501.8,2,srishjana
7156,16932020,Syedxd,"2026-09-24 12:53:04",501.7,2,syedxd
7157,16663864,RamónLópez,"2026-09-25 21:45:37",501.6,2,lopeznomar
7158,16790206,"bogdan chirkov","2026-09-15 13:46:30",501.6,2,bogdannchirkovv
7159,16719172,"Victor Carriço","2026-08-24 03:35:14",501.5,2,kronossaurus
7160,16722028,"Aw Ming Xuan","2026-08-16 09:24:48",501.5,2,awmingxuan
7161,16740534,"Gao Wenjiang","2026-09-02 09:48:37",501.4,2,gaowenjiang
7162,16892437,chukbert,"2026-09-26 06:29:07",501.2,2,chukbert
7163,16774134,kokdonbaq,"2026-08-30 14:07:52",501.1,2,darkhan14
7164,16674076,rigsutra,"2026-09-12 16:57:45",500.9,2,rigsutra
7165,16729157,HahaTaco,"2026-09-12 17:33:16",500.9,2,hahataco
7166,16708625,"Lê Văn Pháp","2026-08-29 03:15:56",500.8,2,"linhsarah,lvnphp"
7167,16706985,Valmrnch,"2026-08-24 07:57:56",500.6,2,valmrnch
7168,16664841,vohi01,"2026-09-26 06:42:32",500.6,2,vohi01
7169,16735251,AlviH47,"2026-08-19 14:25:48",500.5,2,alvih47
7170,16666614,"Arjun Annamalai","2026-08-18 09:23:28",500.5,2,arjunannamalai
7171,16786450,fujii,"2026-09-15 14:01:51",500.4,2,kojisoemi
7172,16763351,shutong114,"2026-09-20 18:38:08",500.3,2,shutong114
7173,16655424,Fayche,"2026-08-10 16:50:28",500.3,2,fayche
7174,16729914,Christina,"2026-09-14 11:16:46",500.1,2,geekycb
7175,16658031,BSam79,"2026-09-12 09:12:39",500.1,2,bsam79
7176,16845161,"Abate etienne","2026-09-08 00:28:04",500.0,2,abateetienne
7177,16630438,"Aayush Bansal","2026-09-27 17:00:31",499.7,2,aayushbansal0330
7178,16645446,gogo98415,"2026-08-29 06:04:15",499.6,2,gogo98415
7179,16668022,"Lady and tech","2026-08-19 04:08:50",499.5,2,ladyandtech
7180,16661066,"André Kuster","2026-08-06 00:54:20",499.5,2,andrkuster
7181,16855185,ArdiaNova,"2026-09-30 16:09:22",499.2,2,ardianova
7182,16731729,"Sumit Bopche","2026-08-21 15:53:56",499.2,2,sumitbopche
7183,16740646,"Darren Chung","2026-08-25 18:00:27",499.0,2,chungdarren
7184,16720714,"Lithole Munangiwa","2026-08-19 11:23:49",499.0,2,litholemunangiwa
7185,16725938,"Ben Cheng","2026-09-05 16:03:36",498.9,2,benczb
7186,16659507,"Lokesh Lalan","2026-08-26 08:51:50",498.9,2,lokeshlalan
7187,16857732,bzczz123,"2026-09-17 09:52:43",498.6,2,bzczz123
7188,16655899,"Dominic Tedrow","2026-08-17 20:37:28",498.6,2,dominictedrow
7189,16685618,"Krupa Vardhan","2026-08-28 09:24:21",498.6,2,krupavardhan
7190,16843633,"Arbnor Grubi","2026-09-13 02:32:30",498.4,2,protocool
7191,16888000,Akhilesh,"2026-09-19 00:03:29",498.3,2,akhilkas
7192,16687448,"Israel Burns","2026-08-12 08:41:38",498.0,2,israelburns
7193,16659681,"Aditya Seth","2026-09-04 13:12:36",498.0,2,adityaseth777
7194,16725847,"Shel Horta","2026-08-18 04:29:55",497.8,2,shelhorta
7195,16743282,"Srivishnu Charan","2026-09-03 14:06:54",497.7,2,srivishnucharan
7196,16696163,"Romain Durand","2026-08-17 19:00:46",497.7,2,romaindurand1607
7197,16630903,"Hrushikesh Pawar","2026-08-09 14:44:37",497.5,2,hrushikeshpawar
7198,16705183,"Tong Jiakai","2026-08-14 08:23:26",497.5,2,tongjiakai
7199,16621523,"Victor Orihuel","2026-08-18 05:40:18",497.4,2,victororihuel
7200,16669028,"Atishay Kasliwal","2026-08-11 17:54:59",497.4,2,atishaykasliwal
7201,16658014,Bharath,"2026-09-30 23:51:47",497.4,2,pes2ug23cs121
7202,16688220,Aadi,"2026-08-24 23:10:37",497.3,2,aadicv
7203,16693207,"Vamshi Guntupalli","2026-08-11 22:40:36",497.1,2,vamshiguntupalli
7204,16666988,"Sarthak Vedant Mohanty","2026-08-08 00:10:11",497.1,2,sarthakvedantmohanty
7205,16666371,jiten_topiwala,"2026-08-08 16:51:13",497.0,2,jitentopiwala
7206,16872190,"Zephyr Pong","2026-09-11 11:07:15",496.9,2,zephyrpong
7207,16657400,indrapurnama,"2026-08-08 05:42:05",496.8,2,indr0008
7208,16905582,Movilly,"2026-09-25 15:11:36",496.8,1,movilly
7209,16673266,Preet,"2026-08-14 05:57:17",496.7,2,hpkaur34
7210,16782187,"Margo Kim","2026-08-28 19:15:18",496.4,2,margokim
7211,16663093,"Akul Sareen","2026-08-21 23:49:50",496.4,2,akulsareen
7212,16718565,Frankyface,"2026-08-13 18:54:37",496.3,1,frankyface
7213,16661397,"T. Scharf","2026-08-05 02:54:36",496.2,2,scharf
7214,16892255,"Jegors Čemisovs","2026-09-23 21:02:44",496.2,2,fortemate
7215,16675900,"Pranav Advani","2026-09-29 16:35:07",496.2,2,pranavadvani
7216,16752153,zhao569,"2026-09-17 08:34:24",496.1,2,zhao569
7217,16623302,"Raffi Ardhi Naufal","2026-07-31 18:31:57",496.1,1,raffiardhi
7218,16730749,"Đông Hà","2026-09-23 10:43:32",496.0,2,phapsucongu
7219,16769793,"Shivam Batra","2026-08-26 14:21:49",496.0,2,shivam744
7220,16675264,"Alon Bar Koter","2026-08-06 16:16:43",496.0,2,alonbarkoter
7221,16925216,krigga,"2026-09-21 09:35:00",495.8,2,krigga
7222,16715711,"Shawon Biswas","2026-08-19 10:42:24",495.7,2,shawonbiswas11
7223,16674714,"Kaaleedass Manoharan","2026-09-30 12:07:29",495.7,2,kaaleedassmanoharan
7224,16683918,Thuytien,"2026-08-07 17:20:33",495.5,2,thuytien200529
7225,16767754,"Dr. T","2026-09-23 06:55:54",495.5,2,davinor
7226,16660214,ytddsyt1214,"2026-08-09 12:32:06",495.5,2,ytddsyt1214
7227,16674599,"Luka Duvanov","2026-08-19 22:03:46",495.4,2,nekkon
7228,16668509,HarryZ,"2026-09-13 04:29:04",495.2,2,mzhumzhu
7229,16920613,"vietnam vo dich","2026-09-18 13:38:00",495.2,2,ctun12
7230,16939706,"Priyanshu Patel","2026-09-22 17:54:24",495.2,2,"abuzarkhan99,priyanshupatel007"
7231,16712921,"Come Back","2026-08-20 00:45:45",495.2,2,amirhosseinltf
7232,16799485,"Bartholomew Jordan","2026-09-19 09:48:21",495.1,2,bartholomewjordan
7233,16648589,"Yilan Zhu","2026-08-05 11:23:23",495.0,2,yilanzhu
7234,16669408,"Josaphat Adjele","2026-08-31 17:26:56",495.0,2,josaphatadjele
7235,16662751,ZeD,"2026-08-06 10:11:24",494.9,2,hussamcheema
7236,16654970,"Maycon Coutinho","2026-08-27 21:28:32",494.8,2,coutinhomaycon
7237,16676320,"Khôi Trần","2026-08-29 14:14:57",494.7,2,khoitrn
7238,16661858,"Lukas Lee e","2026-08-18 00:58:12",494.6,2,lukasleee
7239,16661596,t@got@go,"2026-08-10 06:24:24",494.5,2,kamdaanahessod
7240,16720760,ysteh05,"2026-08-15 05:14:53",494.5,2,ysteh05
7241,16749371,"Renisa Assyifa Putri","2026-08-21 05:24:07",494.4,1,renisaassyifaputri
7242,16907592,may2223,"2026-09-21 06:31:05",494.2,2,may2223
7243,16693522,shadycoderalltime,"2026-09-21 00:01:59",494.2,2,shadycoderalltime
7244,16810343,"Aleksandr Borodin","2026-09-02 20:29:06",494.1,2,aleksandrbor
7245,16658738,Aman,"2026-08-05 11:12:10",494.1,2,amank95amank95
7246,16696460,"Enzo 7mlk","2026-09-16 15:19:51",493.9,2,enzo7mlk
7247,16774317,A_yuki,"2026-09-21 16:26:27",493.8,2,yukiys
7248,16688134,"Marc Dakuginow","2026-08-13 01:40:44",493.8,2,marcdakuginow
7249,16657807,"Ragav Rida","2026-08-07 16:22:34",493.4,2,ragavrida
7250,16889005,Dino,"2026-09-23 08:43:11",493.2,2,ngohongthai
7251,16654890,"Josh Hipps","2026-08-06 14:16:49",493.2,2,joshuahipps
7252,16655075,"Félix Rodríguez Roble","2026-08-04 09:16:25",493.2,2,flixrodrguezroble
7253,16709885,"Manuel Pérez","2026-08-14 01:54:02",493.0,2,manuelperezzz
7254,16632118,nk,"2026-09-11 09:55:01",492.9,2,nagatakengo
7255,16915853,popwenman,"2026-09-19 08:21:09",492.9,2,popwenman
7256,16794309,"Sanyam Jain","2026-09-25 22:15:39",492.9,2,sjain03
7257,16652952,lackmind,"2026-09-04 18:46:11",492.8,2,lackmind
7258,16677585,Pan,"2026-08-07 13:54:22",492.7,2,mehdiacho
7259,16657981,"Arijit Kar","2026-08-18 11:05:52",492.6,2,demonicak
7260,16667025,"Anjitha Mekkayil Anand ","2026-08-28 05:59:46",492.6,2,anjithamekkayilanand
7261,16848498,KeiroS,"2026-09-11 07:59:01",492.3,2,keiros
7262,16666055,Axit,"2026-08-06 10:16:15",492.2,2,axitslab
7263,16680108,dentalsoup,"2026-08-07 09:03:47",492.2,2,afinemonkey
7264,16630773,"An Hoang Vo","2026-09-05 14:49:25",492.2,2,anhoangvo
7265,16661550,SeriouS_K,"2026-09-24 08:28:49",492.0,2,serious101
7266,16661507,Siddharth1984,"2026-08-06 13:39:22",492.0,2,siddharth1984
7267,16673324,Amaranta,"2026-09-21 18:08:18",491.9,2,ulyanovantonamaranta
7268,16672463,"Muzammil Baloch","2026-08-07 12:45:39",491.6,2,muzammilbaloch
7269,16699585,"Invisible Hand","2026-09-30 23:41:21",491.4,2,jimwong
7270,16651167,ArmanVardanyan07,"2026-08-03 22:43:13",491.2,2,armanvardanyan07
7271,16889017,Bigwh3el,"2026-09-23 20:52:54",491.1,2,bigwh3el
7272,16661443,"STEPHEN ASANTE OPOKU","2026-08-04 16:45:41",491.1,1,stephenasanteopoku
7273,16814952,"Ngọc Huyền","2026-09-29 12:05:44",491.0,2,ngchuynss
7274,16623006,"Aaradhy Singhvi","2026-09-08 12:48:10",491.0,2,aaradhysinghvi
7275,16692246,"Pamod Jayaneth","2026-09-08 05:13:09",490.9,2,pamodjayaneth
7276,16745655,巴啦啦能量,"2026-09-08 01:30:14",490.9,2,wsh10086
7277,16715897,shettynaisha,"2026-09-06 17:28:58",490.8,2,shettynaisha
7278,16740248,KK_nut,"2026-08-25 03:26:52",490.8,2,k0k0nut
7279,16639244,"Romone Dunlop","2026-08-11 10:19:49",490.4,2,romonedunlop
7280,16660364,dadandsats,"2026-08-14 11:41:04",490.4,2,continuingdev
7281,16660361,"Abhishek Sharma","2026-09-26 16:41:40",490.3,2,abhisheksharma425
7282,16768100,"[Deleted] 2fceeac8-47e6-4861-9adc-c9ec6bbd9188","2026-09-30 00:43:53",490.2,2,del=919b17c867060ff3
7283,16771972,"Vansh Ahlawat","2026-09-22 15:35:39",490.1,2,vansh5126
7284,16667042,"Adarsh Mukundan","2026-09-20 14:16:32",490.1,2,aadarshmukundan
7285,16680562,devsloppy,"2026-08-10 20:02:19",489.9,2,twu1738
7286,16713033,Contact-Nade,"2026-09-10 07:44:18",489.8,2,"masanammedha,rayofc"
7287,16664652,QuasarHeart,"2026-09-04 14:00:05",489.5,2,quasarheart
7288,16658973,"not today","2026-08-05 05:57:14",489.4,2,cemhan44
7289,16861492,Adi_271,"2026-09-10 09:47:25",489.3,2,adi271
7290,16696020,"Hugo Voisin","2026-08-11 16:08:06",489.2,2,hugovoisin
7291,16691271,"Ashler Herrick","2026-08-09 14:54:33",489.0,1,ashlerjohnherrick
7292,16685349,Onelux,"2026-08-13 12:58:31",488.9,2,leehomhuang
7293,16656913,"Inna Davidov","2026-08-20 04:43:47",488.9,2,innadav
7294,16669118,"yunus yavuz","2026-08-05 21:51:21",488.8,2,yunusyvz
7295,16664502,"Alejandro Morales","2026-08-10 01:05:59",488.4,2,langley96
7296,16655072,Sonuaswar1,"2026-08-04 07:33:47",488.4,2,sonuaswar1
7297,16926609,SunriseL,"2026-09-20 07:56:01",488.3,2,sunrisel
7298,16698292,"Dallas Manning","2026-08-17 14:29:53",488.3,2,dallasmanning
7299,16740840,"Huchen Jiang","2026-09-02 09:18:47",488.3,2,huchenjiang
7300,16684024,"Work From Home 3.0","2026-08-14 12:33:30",488.2,2,"direct1,gongyiqian,jovansee,maxtankialok,n00bcak"
7301,16922976,kotemendo,"2026-09-20 00:43:54",488.0,2,kotemendo
7302,16753887,"Hong Tang","2026-08-24 21:41:20",488.0,1,hongtang15
7303,16687538,aefinityaiinc,"2026-08-27 20:59:35",488.0,2,aefinityaiinc
7304,16743001,Nikhilasree,"2026-09-03 11:33:45",487.7,2,nikhilasree2003
7305,16920641,"Tailee Kim_7","2026-09-19 11:52:02",487.6,2,emilykim01
7306,16798918,"Toan Nguyen Mau","2026-09-07 08:39:35",487.6,2,toannguyenmau
7307,16666709,JSQL,"2026-09-02 18:52:37",486.9,2,jeffreyschott
7308,16705149,"Allen Chun","2026-08-15 04:59:05",486.8,2,allenchun
7309,16781545,"Jake Lin","2026-09-23 01:14:34",486.8,2,jakelinai
7310,16726913,"T T‗Worker","2026-08-22 11:08:14",486.8,2,ttworker
7311,16875818,Mateollqw,"2026-09-12 22:08:38",486.6,2,mateollqw
7312,16773402,齐乐,"2026-09-27 12:56:09",486.4,2,qile200107
7313,16686149,"Luc Mantoux","2026-08-09 20:25:33",486.3,2,lucmantoux
7314,16705480,Mint120,"2026-08-19 05:49:10",486.2,2,mint120
7315,16641622,datajanko,"2026-08-22 07:40:54",486.2,2,jankoch
7316,16723737,HaruhiroKazami,"2026-08-21 16:12:04",486.1,2,haruhirokazami
7317,16806084,"DSDgsdgs SDgsdfgs","2026-09-03 05:19:11",486.1,1,dsdgsdgssdgsdfgs
7318,16654596,"khusham sheth","2026-08-13 05:28:55",485.9,2,khushamsheth
7319,16725757,AchyutKishore123,"2026-09-29 09:14:40",485.9,2,achyutkishore123
7320,16876700,"Omar Mukhtar","2026-09-18 10:05:32",485.8,2,omarmukhtar3
7321,16663777,"Mortis Beans","2026-08-24 05:27:44",485.8,2,mortisbeans
7322,16656317,"Manu Rahi","2026-08-06 16:43:55",485.7,2,manurathi
7323,16730922,"Shengyuan Yin","2026-09-24 10:49:46",485.7,2,flaming0
7324,16823519,GarciasN,"2026-09-07 18:43:18",485.7,2,garciasn
7325,16846143,germanyum,"2026-09-13 14:32:05",485.7,2,germanyum
7326,16899234,vimes1984,"2026-09-17 01:19:19",485.6,2,vimes1984
7327,16744610,"Safiullah Baig","2026-08-20 13:16:58",485.5,1,safm1rza
7328,16692750,"Hoya need job","2026-09-30 22:28:11",485.5,2,pranavwankhade
7329,16634790,"Steven Lui","2026-08-03 12:22:08",485.3,2,stevenlui
7330,16906032,Volkan,"2026-09-22 08:59:20",485.2,2,volkan97
7331,16867305,Prikat,"2026-09-30 19:24:36",484.8,2,prikat
7332,16778703,kamaras,"2026-08-30 11:58:07",484.7,2,kamaras
7333,16896566,Bleriot11,"2026-09-15 15:08:27",484.7,2,bleriot11
7334,16773942,"Malhar Shah","2026-09-30 11:01:31",484.5,2,"malharshah2511,veervohra123"
7335,16685800,"Sumit Ridhal","2026-09-05 11:44:15",484.3,2,sumitridhal
7336,16700661,"Aakash Kavuru","2026-08-12 05:13:05",484.3,2,aakashkavuru
7337,16885999,"Vansh #2","2026-09-20 14:22:18",484.2,1,vanshnavi
7338,16914539,Kou111111,"2026-09-18 10:32:09",484.1,2,kou111111
7339,16809985,"ADOLE Edache","2026-09-25 11:47:46",484.0,2,adoleedache
7340,16676663,"This cat is called Fumi","2026-08-11 18:21:43",483.9,2,qwer556617123
7341,16661402,"Abin Biju","2026-08-11 18:00:35",483.7,2,abinbiju1
7342,16692644,"Achille Gohin","2026-08-10 00:26:26",483.7,2,achillegohin
7343,16694171,"guanran wang","2026-08-11 05:57:12",483.4,2,guanranwang
7344,16662201,"Saumitra Verma","2026-08-04 18:28:36",483.3,2,saumitraverma
7345,16723070,"Michael Fotopoulos","2026-09-30 14:48:40",483.2,1,michaelfotopoulos
7346,16679958,Bum_Fy_Mz,"2026-08-13 20:31:44",483.2,2,bumfymz
7347,16630163,"SEREENA JERRY","2026-08-06 08:59:17",483.0,2,serenajerry
7348,16802663,ipefix,"2026-09-01 17:34:35",483.0,2,nmsis91
7349,16633577,Boxy,"2026-08-15 18:55:40",482.9,2,boxyml
7350,16784417,"Dallas Odem","2026-08-29 13:14:30",482.8,2,dallasodem
7351,16675060,"Xinger Gao","2026-08-31 08:52:07",482.7,2,xingergao
7352,16718295,doinggyu,"2026-08-18 12:56:58",482.6,2,doinggyu
7353,16818158,Noza,"2026-09-16 04:36:09",482.5,2,harukanozato
7354,16722252,pwdh2026,"2026-08-14 22:16:22",482.5,2,pwdh2026
7355,16692480,"Khalis Murfid","2026-08-24 07:03:02",482.4,2,khalismurfid
7356,16735475,SunjaeLee02,"2026-08-19 08:12:41",482.4,2,sunjaelee02
7357,16692168,"Kinshuk Aggarwal","2026-08-09 04:23:32",482.1,1,kinshukaggarwal
7358,16886012,smartkdy7,"2026-09-13 11:37:51",482.1,1,smartkdy7
7359,16810019,M&S,"2026-09-02 17:19:11",481.9,2,"martinhma,yishusheng"
7360,16763271,crwmble,"2026-09-30 23:20:32",481.8,2,crwmble
7361,16793889,zhzz,"2026-09-01 11:28:52",481.8,2,ucsdzhengzeng
7362,16845148,"nasa Furiy","2026-09-07 08:24:40",481.7,2,nasafuriy
7363,16663188,"Ethan Feng","2026-08-05 22:09:38",481.6,2,xenon111231
7364,16665364,"Shien Zhang","2026-08-06 06:50:46",481.4,1,shienzhang
7365,16630335,"Solve Langseth","2026-08-05 06:48:57",481.4,2,solvelangseth
7366,16678083,"Abdeljalil Idalahaj","2026-09-05 04:28:08",481.4,2,abdeljalilidalahaj
7367,16668678,"Madhur Sabherwal","2026-08-14 02:47:14",481.3,2,madhur321
7368,16726854,"Tâm La Thành","2026-08-27 08:55:02",481.2,2,tmlathnh
7369,16868761,TboneBrown,"2026-09-11 17:14:42",481.2,2,tbonebrown
7370,16829729,NoobMaster69,"2026-09-06 09:12:58",481.2,2,thelegend007
7371,16760352,"Romain Bomba","2026-08-24 01:27:23",481.2,2,romainbomba
7372,16631919,"Ghinwa Allaoui","2026-08-04 16:27:17",481.1,1,ghinwaallaoui
7373,16798775,Lissabon,"2026-09-07 03:36:41",480.8,2,lissabon
7374,16670779,"Aditya Dube","2026-08-06 01:41:24",480.5,2,dubeaditya
7375,16641009,"Marius Kirschner","2026-08-03 08:41:47",480.1,2,mariuskirschner
7376,16678644,"Kanik Aggarwal","2026-08-13 19:01:16",480.0,2,roronoazoro200
7377,16656689,"Vansh Gupta","2026-08-11 08:56:56",480.0,2,vanshrl9ine
7378,16795624,"Shashwat Khare","2026-09-02 01:46:54",479.9,2,shshwtkhr
7379,16878695,"Yang Lv","2026-09-25 05:41:36",479.9,2,lvyang199888
7380,16726445,"James Patounas","2026-08-19 08:37:06",479.8,2,jamespatounas
7381,16659813,"Uday Kumar R","2026-08-13 09:47:39",479.8,2,udaykumarramineni
7382,16682984,"Rishikesh Bharat Koli","2026-08-08 04:18:06",479.7,2,rishikeshbharatkoli
7383,16845760,Alyosha85,"2026-09-07 05:42:01",479.4,2,alyosha85
7384,16670218,"What is Coding?","2026-08-07 01:47:17",479.4,2,matthewshvarts
7385,16689372,"Kiran Yerpude","2026-08-12 05:39:43",479.2,2,kiranyerpude
7386,16769648,"Alok Kumar","2026-08-28 18:04:50",479.1,2,shadowserpent
7387,16731635,懒惰的金枪鱼,"2026-09-23 06:45:21",479.0,2,jiaclv
7388,16765380,jslee_homeofson,"2026-08-25 13:10:22",479.0,2,jsleehomeofson
7389,16818405,MickyDot,"2026-09-08 08:16:06",478.9,2,mickydot
7390,16742059,dafei2025,"2026-09-03 09:19:34",478.7,2,dafei2025
7391,16706277,"ratat Zheng","2026-08-12 10:25:38",478.7,2,ratatzheng
7392,16914771,"Moritz Schobesberger","2026-09-17 15:21:34",478.6,2,moritzschobesberger
7393,16657601,Simon,"2026-08-05 15:59:44",478.5,2,benten10
7394,16662741,"Abhiraj Govind","2026-08-04 18:01:16",478.4,1,abhirajgovind
7395,16669699,nikesh23,"2026-08-08 01:52:56",478.3,2,nikesh23
7396,16665257,"Ken Li","2026-08-09 12:59:32",478.2,2,kenliwt
7397,16886765,LZWang,"2026-09-13 22:00:47",478.1,2,wlzwlz
7398,16687293,"Aurelie Jodelle Kemme","2026-08-20 00:25:43",477.9,2,"audreydemafo,aureliejodellekemme"
7399,16778947,mart3104,"2026-09-05 15:31:43",477.9,2,mart3104
7400,16708230,"jose manuel Tinajero","2026-08-25 15:02:46",477.8,2,josemanueltinajero
7401,16887642,"Dimitrios Giannoulis","2026-09-14 12:38:24",477.7,2,plagiagia
7402,16890884,"Michael Swartz","2026-09-14 17:50:04",477.7,2,michaelbruwerswartz
7403,16947220,"Wincent Zhang","2026-09-27 16:01:09",477.7,2,wincentzhang
7404,16628487,"Koichi HIRAOKA","2026-08-01 08:42:40",477.6,2,koichihiraoka
7405,16632100,"Mohit Shirke","2026-08-07 17:55:11",477.4,2,orcivion
7406,16662715,"Great Okwuma","2026-08-17 00:10:46",477.4,2,greatokwuma2
7407,16947207,"Ayush Khandwe","2026-09-24 07:37:55",477.2,2,ayushkhandwe
7408,16631981,"Karen Letir","2026-08-10 09:21:51",477.2,2,karenletir
7409,16656470,Glimmeron,"2026-08-12 02:01:48",477.2,2,rishabhraushan
7410,16691007,"Nhật Khoa Phạm","2026-08-14 16:15:43",477.0,2,pnk123456
7411,16755101,"Thomas van der Meer","2026-08-26 11:19:19",476.7,2,tvdermeer
7412,16672078,vietlinhh02,"2026-08-08 07:46:53",476.4,2,vietlinhh02
7413,16761589,"Eren -","2026-08-27 08:48:44",476.3,2,erenozyurek
7414,16886832,"Ayush Patel","2026-09-13 16:25:18",476.3,2,ayushpatel02
7415,16707159,"Toua Innocent TIA","2026-08-17 16:28:36",476.2,2,centino
7416,16733745,sokilya,"2026-09-30 05:49:38",476.1,2,sokilya
7417,16779813,zitihc,"2026-08-29 14:18:49",476.1,2,zitihc
7418,16867745,"Carlos Uño Magne","2026-09-13 15:09:49",476.0,2,carlosuomagne
7419,16664913,"ABHISHEK KUMAR","2026-08-17 04:20:56",475.9,2,abhishek6545
7420,16880843,"Triều Đinh Hải","2026-09-12 19:41:11",475.9,2,triuinhhi
7421,16683309,"Zealous Sebastian","2026-08-09 12:45:32",475.8,2,zealoussebastian
7422,16691466,"Jeeta Nandi ","2026-09-04 09:23:34",475.7,2,jeetanandi
7423,16662043,"Hengcong Zhu","2026-08-05 14:46:24",475.6,2,hengcongzhu
7424,16782747,goodgreen,"2026-09-30 08:05:10",475.2,2,goodgreen
7425,16686972,"Ankit Maurya","2026-08-23 07:05:44",475.2,2,"ankitmaurya16,rudraprasadsah"
7426,16891695,yuruihito,"2026-09-16 14:04:22",475.1,2,yuruihito
7427,16659896,TedT,"2026-08-11 19:36:14",474.9,2,fdsaur
7428,16733961,"Julia Fredo","2026-09-30 23:07:23",474.7,2,juliafredo
7429,16709880,"Javier Pérez Robles","2026-08-15 02:21:07",474.7,2,javierprezrobles
7430,16631480,"Kumar Abhijeet","2026-07-31 13:29:40",474.5,1,krabhijeet
7431,16657929,Robert-zwr,"2026-08-05 11:15:48",474.3,1,robertzwr
7432,16701250,T00bii,"2026-08-11 16:11:06",474.3,1,t00bii
7433,16689908,Hyun777,"2026-08-14 01:11:17",474.1,2,hyun777
7434,16809898,wodDAOdun,"2026-09-14 07:14:35",474.0,2,kylaucode
7435,16674943,feyZERO,"2026-08-16 10:48:50",473.9,2,faezamora
7436,16724470,"Mahdi Rafati","2026-08-24 15:32:51",473.8,2,mahdirafati
7437,16668154,JuanEspana,"2026-08-09 11:38:32",473.7,2,juanespana
7438,16733644,Gavilán,"2026-08-23 19:41:22",473.5,2,gaviln
7439,16728014,Alpha223,"2026-09-05 15:51:24",473.4,2,alpha223
7440,16726211,RepeatAfterMe,"2026-08-17 08:21:41",473.3,2,bekirsciftler
7441,16688873,cancel,"2026-08-18 06:50:33",473.3,1,rugaru
7442,16941927,想想偶像怎么做,"2026-09-24 08:47:33",473.1,2,fjt12138
7443,16823067,Francisco,"2026-09-10 18:00:57",473.1,2,cheneblanc
7444,16825996,"Alex Li","2026-09-04 08:02:19",473.0,2,alexli1998
7445,16705363,"Matt Hall","2026-08-16 01:44:32",472.9,2,matthall0
7446,16752191,"Wenxuan Ye","2026-09-04 07:10:28",472.8,2,akomwins
7447,16715126,준환,"2026-09-10 11:28:25",472.6,2,paulguilbert
7448,16929820,sdssJ0,"2026-09-23 09:57:21",472.6,2,sdssj0
7449,16764751,"Abhishek Parmar","2026-08-26 04:06:39",472.5,2,abhisheknparmar
7450,16674308,"Ayush Roy","2026-08-06 20:28:57",472.4,2,ayushroy39
7451,16748554,"victor lucas","2026-09-29 09:42:15",472.3,2,lucsxd
7452,16661154,"gronky goobers","2026-08-15 14:39:05",472.2,2,"viktoriusontop,yoshisurjuise"
7453,16663618,Anthaus,"2026-08-09 17:06:35",472.2,2,anthaus
7454,16675477,"Joanne Yun","2026-08-07 13:40:53",472.0,2,joannejyun
7455,16668589,"Gleb Naumkin","2026-08-05 22:46:26",471.8,1,glebnaumkin
7456,16635481,Jamaisvu,"2026-08-20 15:39:29",471.6,2,jamaisvu
7457,16722109,Navneet,"2026-08-14 14:02:35",471.5,2,zxcdfg
7458,16733785,"Stuart Gilbert","2026-08-30 01:52:41",471.4,2,stuartgilbert
7459,16627324,"Attack on Kaggle","2026-08-06 13:27:22",471.3,2,user19394494
7460,16685570,"Micah Fernando","2026-08-07 19:46:31",471.2,2,micahfernando
7461,16733948,novodude,"2026-09-06 18:41:26",471.1,2,novomont
7462,16668612,"raffael prem","2026-08-06 08:02:13",471.0,2,raffaelprem
7463,16714363,guohaowen,"2026-08-13 14:25:48",471.0,2,guohaowen1910
7464,16640845,"tang yangzhou","2026-08-04 21:36:09",470.9,1,tangyangzhou
7465,16683837,"Blessed Ngorima","2026-08-18 09:40:53",470.6,2,blessedngorima
7466,16629002,Alpro,"2026-09-08 23:32:24",470.5,2,"dogaakal,egekemalkaraca"
7467,16665080,"RAVI KUMAR696996","2026-08-05 06:14:29",470.5,2,ravikumar696996
7468,16701761,BalaVignesh,"2026-08-11 17:04:37",470.4,2,balavignesh
7469,16771171,Manfucci,"2026-09-12 14:08:47",470.4,2,manfucci
7470,16659183,"Leonard Yaw Mensah","2026-08-05 02:22:25",470.2,2,leonardyawmensah
7471,16664140,Sxwat,"2026-08-23 01:13:13",470.0,2,aybatov
7472,16726155,miyawakiayaka,"2026-08-15 18:50:10",469.9,2,kanatakon
7473,16774958,"Charles Wuytack","2026-08-27 14:58:07",469.8,2,charleswuytack
7474,16659505,"Duleeka Mevan","2026-08-06 09:32:46",469.8,2,duleekamevan
7475,16761521,"Artificial Silicon","2026-09-30 19:12:24",469.5,2,artificialsilicon
7476,16632105,"shreyas sangalad","2026-08-02 12:01:08",469.3,2,spoortisangalad
7477,16661927,JHCodeQuest,"2026-08-25 11:36:46",469.3,2,josephkhassan
7478,16783713,Gale,"2026-09-05 02:29:43",469.2,2,na1vel
7479,16683934,"Teja Madala","2026-08-10 14:46:07",469.1,2,tejamadala
7480,16688646,lakranitesh,"2026-08-08 12:49:18",469.1,2,lakranitesh
7481,16656410,Sam,"2026-08-14 01:58:04",469.0,2,beartrader
7482,16672473,goldfish,"2026-08-13 03:34:21",468.7,2,dolgfish
7483,16686109,"Triple Tensor","2026-08-17 08:24:26",468.7,2,"adinathjagtap777,pds178,prajwalzolage05"
7484,16729081,"Venkata Y","2026-08-19 00:45:13",468.6,2,venkatayerrapothu
7485,16724395,"Hampton Yeh","2026-08-22 04:07:32",468.4,2,hamptonyeh
7486,16656745,"BHARATH KOWSHIK ULLANGULA","2026-09-25 10:30:21",468.3,2,"bharathkowshik25,honeyharshith,kesanibhargavaram"
7487,16725483,PQ_Marz,"2026-08-15 16:25:50",468.0,2,pqmarz
7488,16688383,plong2101,"2026-08-18 06:21:34",467.9,2,plong2101
7489,16672657,"Lochan Naik","2026-08-07 08:41:44",467.8,2,lochannaik
7490,16715942,_@HimShukla23,"2026-09-19 18:14:05",467.7,2,himshukla23
7491,16778579,"Jiajia Zhang","2026-08-29 18:19:12",467.7,2,jiajiazhang01
7492,16745065,MrEvidentYew,"2026-08-24 18:36:02",467.6,2,mrevidentyew
7493,16673214,Boiga7,"2026-08-06 14:03:53",467.5,2,lewiselliot
7494,16885828,U-Bex,"2026-09-28 14:55:58",467.4,2,shuichiurabe
7495,16890155,GSD,"2026-09-26 14:24:03",467.2,2,gsdeepakkumar
7496,16682707,"AJAY KUMAR","2026-08-07 19:13:08",467.2,2,worldsslayer
7497,16718338,"Oladimeji Adeyemi","2026-08-17 15:33:50",467.2,2,adeyemioladimeji
7498,16685028,"serene ng","2026-08-13 14:53:37",467.1,2,sereneng
7499,16655069,"Jason Harrison","2026-08-05 20:56:59",467.1,2,jasonharrisonco
7500,16687942,"Arya Arun","2026-08-16 08:52:26",467.1,2,aryaarun07
7501,16664706,olivbhxf,"2026-08-06 07:10:34",466.9,2,olivbhxf
7502,16719857,"Howey do it","2026-08-14 23:06:06",466.9,2,ronincoppins
7503,16755781,NaveenManwani,"2026-08-28 05:37:31",466.8,2,naveenmanwani
7504,16637649,cameronezrajones579,"2026-08-15 15:49:12",466.7,2,cameronezrajones579
7505,16737532,lsystudyhard,"2026-08-22 12:16:47",466.7,2,lsystudyhard
7506,16736951,giacomovin,"2026-08-25 20:14:52",466.7,2,giacomovin
7507,16662722,"Ajeet Jain","2026-08-07 06:32:10",466.6,2,jainajeet29
7508,16826447,"Absara viswanathan","2026-09-07 06:16:20",466.6,2,viswanathanabsara
7509,16665865,"Agrippa Beaulieu","2026-08-08 19:09:28",466.4,2,agrippabeaulieu
7510,16645870,"Barathan Aslan","2026-08-03 08:21:55",466.4,2,barathanaslan
7511,16925815,"[Deleted] c3923c6e-1011-4da1-9c40-584a2fcbcc36","2026-09-20 01:04:14",466.3,1,del=0e85502e1e45d7da
7512,16658344,SOONHANKWON,"2026-08-28 02:00:59",466.3,2,soonabletv
7513,16775131,"Re Son","2026-08-27 14:29:31",466.3,2,lemelson
7514,16695400,"Karam Khasawneh","2026-08-10 20:29:16",466.1,2,karamkhasawneh
7515,16780592,sergey,"2026-08-27 19:09:25",465.9,2,sadsdfsdf
7516,16654485,"Mahbub Alam","2026-08-04 02:08:23",465.9,2,mahbubalam214
7517,16665511,phoenix_merk,"2026-08-05 09:46:25",465.5,2,phoenixmerk
7518,16658327,pocari1,"2026-08-19 07:17:28",465.2,2,pocari1
7519,16660089,ChristosGrigoras,"2026-08-07 22:41:49",465.0,2,cgrigoras
7520,16771340,pang,"2026-09-05 16:41:51",464.9,2,pangwenfeng
7521,16762168,Lewbei,"2026-09-10 04:58:43",464.8,2,lewbei
7522,16657674,Warriors,"2026-08-29 14:12:29",464.7,2,"karthikreddykarri,kovvurisaimohanreddy,vikramadityaabhiram"
7523,16676613,LCZ1996,"2026-08-29 02:02:59",464.6,2,lcz1996
7524,16715769,Ethereallll1,"2026-08-14 15:21:12",464.5,2,ethereallll1
7525,16721814,"DOAMBA Jean Edouard Odilon","2026-08-24 14:48:43",464.4,2,doamba
7526,16914972,cdwswb,"2026-09-19 02:25:22",464.2,2,cdwswb
7527,16705415,"Mauro Najera","2026-08-11 05:30:13",464.1,2,mauronajera
7528,16640399,Hubbahub,"2026-08-04 20:40:39",464.0,2,hubbahub
7529,16667517,"Recep Barkın Topcu","2026-08-31 05:30:02",464.0,2,recepbarkntopcu
7530,16709487,Kohei,"2026-08-19 20:54:42",464.0,2,kshintani
7531,16947257,"Hassan Bazzoun-dev","2026-09-30 21:28:58",463.6,2,hassanbazzoundev
7532,16645841,Lucien,"2026-09-24 07:55:19",463.6,2,lucienhu6775765
7533,16903680,"marwan na","2026-09-28 13:11:13",463.5,2,marwanna
7534,16843921,Ruijiehe1213,"2026-09-13 03:40:30",463.4,2,ruijiehe1213
7535,16793465,"Farming Sols","2026-09-03 23:40:36",463.3,2,rishitreddypalle
7536,16722561,Asia214,"2026-08-30 02:26:16",463.2,2,asia214
7537,16705661,"Toshiki Touda","2026-08-13 06:51:05",463.1,2,toshikitouda
7538,16658160,yunquer,"2026-08-17 07:18:53",463.0,2,yunquer
7539,16743494,"ROHAN Exploit","2026-09-08 11:13:08",462.9,2,rohanexploit
7540,16769170,"Hardik Savaliya211","2026-08-25 11:07:10",462.6,2,hardiksavaliya211
7541,16666637,"Uttam Limbani","2026-08-07 13:41:14",462.6,2,uttamlimbani
7542,16717601,"Mariem Fersi","2026-08-24 23:22:14",462.6,2,"mariemfersi,yassinebrahem2"
7543,16842936,"Sreejit Pradhan","2026-09-12 19:11:37",462.6,2,sreejitpradhan
7544,16670719,SimoImane,"2026-08-05 23:36:09",462.6,2,simoimane
7545,16644410,"Swaroop Kallakuri","2026-08-04 15:40:29",462.5,2,ksjpswaroop
7546,16661934,"Viacheslav Kasatkin","2026-08-10 10:48:25",462.4,2,viacheslavkasatkin
7547,16657681,"Prince Raj","2026-08-11 22:49:02",462.4,2,princerajmdb
7548,16768456,清水一希,"2026-09-30 23:54:35",462.3,2,kazukishimizu0427
7549,16663368,"Laurence Dale","2026-08-12 18:00:07",462.1,2,laurencedale
7550,16840130,tkm_ktn,"2026-09-05 15:48:40",462.1,2,takumikotani
7551,16799797,"Zimin Zhong","2026-09-23 15:17:43",462.0,2,"dracfy,lyylyy2,zhongzinmin"
7552,16725955,"Aditya Pandey","2026-08-17 00:10:10",462.0,2,adipandey777
7553,16693033,AgriBot,"2026-08-13 23:53:10",461.9,2,prcieuxcomlan
7554,16843316,"Felipe Chiarini","2026-09-12 12:03:15",461.7,2,felipechiarini
7555,16654174,"Dharmeswar Basumatary","2026-09-09 11:09:15",461.7,2,dharmeswarbasumatary
7556,16883234,Cpleasance,"2026-09-14 00:24:24",461.6,2,cpleasance
7557,16729152,Antoine,"2026-08-17 10:12:04",461.6,2,a11t01n3
7558,16728137,mchicen,"2026-08-20 16:48:10",461.5,2,"iyaiji,mchicen"
7559,16658925,CYBWithFlourish,"2026-08-06 15:56:28",461.5,2,cybwithflourish
7560,16665436,Aeternum,"2026-08-15 18:31:32",461.0,2,"donbinoy2004,surajkumarks"
7561,16655630,askBillyWhatMamaDid,"2026-08-28 02:06:18",460.8,2,askbillywhatmamadid
7562,16893233,"Garrick Lai","2026-09-15 08:44:07",460.8,2,garricklai
7563,16831839,404_Brains_Not_Found,"2026-09-20 12:36:19",460.8,2,"manavtejani,rohangadhiya1911,sakshamdubeynew,trushankvaghasiya"
7564,16880689,yasmine0809,"2026-09-12 16:19:37",460.8,2,yasmine0809
7565,16895121,Timmmmmmmy,"2026-09-17 05:51:31",460.7,2,"molic1,timmmmmmmy"
7566,16701454,"André-Marie BEHANZIN","2026-09-15 11:42:17",460.6,2,andremariebehanzin
7567,16691807,lbs-vadar,"2026-08-26 18:29:57",460.3,2,lbsvadar
7568,16725123,"Pham Quang Nghia","2026-08-22 15:00:51",460.1,2,phamquangnghia
7569,16777132,"Soham Dave","2026-08-27 14:51:01",459.8,2,sohamdave19
7570,16658115,SantaClaws,"2026-08-10 14:50:31",459.8,2,vovikdrg
7571,16658476,"goksel yesiller","2026-08-04 11:07:53",459.8,2,gokselyesiller
7572,16664608,sid,"2026-08-07 18:18:04",459.7,2,sidshastri04
7573,16724842,"Mikaela Gkolemi","2026-08-21 19:04:38",459.7,2,mikaelagkolemi
7574,16646286,"C Aravindhan","2026-08-04 05:03:22",459.6,2,caravindhan
7575,16737362,"moushun chen","2026-08-20 06:45:46",459.2,2,moushunchen
7576,16649077,"Yifan Yang 135","2026-08-11 06:22:40",459.2,2,yifanyang135
7577,16888050,"Ayoub Fliless","2026-09-14 17:56:12",459.1,2,ayoubfliless
7578,16730099,KaminAster003,"2026-09-30 17:40:26",459.0,1,kaminaster003
7579,16785010,"Victor Wangles","2026-09-30 21:21:46",458.8,2,victorwangles
7580,16789996,"Chen Jiaqi","2026-09-02 15:48:25",458.8,2,elaemchen
7581,16679096,WilliamXylean,"2026-09-28 18:03:32",458.7,2,williamxylean
7582,16871538,freesoso,"2026-09-30 02:19:58",458.6,2,freesoso
7583,16668813,zhaowang,"2026-08-06 05:19:52",458.6,2,zhaowangwang
7584,16883108,"Jaon Voller","2026-09-30 22:59:21",458.5,2,jaonvoller
7585,16680799,zixma13,"2026-08-25 13:12:44",458.4,2,zixma13
7586,16638883,LeiYang,"2026-08-03 15:04:07",458.4,2,leiyangcq
7587,16819549,APEX101,"2026-09-06 06:16:51",458.2,2,"akshitasrivastava1,irongm"
7588,16794052,"Sarthak Mishra","2026-09-24 18:06:07",458.1,2,"aarushverma04,pg541425,sarthak25b15310182,yadavup50"
7589,16665281,"[Deleted] 899172b8-e148-4564-ba8c-c46356105ab8","2026-08-05 09:55:11",457.9,2,del=cd7e9a4014b872ef
7590,16701046,"Thanakorn Kaewwiang","2026-08-14 17:13:39",457.8,2,deweytng
7591,16767147,"Hacker Trinity","2026-09-09 12:20:12",457.6,2,hackertrinity
7592,16662938,CarlitrosParra,"2026-08-05 21:34:52",457.2,2,carlitrosparra
7593,16936198,"Greedy Acres","2026-09-30 23:56:55",457.1,2,axelmd
7594,16707986,Pones_kaggle,"2026-09-01 22:08:32",457.0,2,pyd966
7595,16931219,AzureYu,"2026-09-21 10:44:17",457.0,2,azureyu
7596,16654885,"Jason Kong","2026-08-04 06:52:19",456.9,2,jasonkongie
7597,16763898,"Tarık Sarıcı","2026-08-24 09:54:31",456.8,2,ssarici
7598,16681778,kzeus@003,"2026-08-12 05:12:15",456.8,2,kzeus003
7599,16661460,Lucky,"2026-09-03 07:49:58",456.8,2,tmiya0107
7600,16663327,Gnr8tr,"2026-08-13 14:16:44",456.8,2,wilburjpereira
7601,16660081,fakyyy,"2026-08-09 11:19:15",456.5,2,manideepreddyakula
7602,16662060,"Richard Valino","2026-08-06 16:03:36",456.1,2,richardvalino
7603,16871722,agenlu,"2026-09-30 19:20:54",455.9,2,agenlu
7604,16847224,Kfarmer,"2026-09-19 12:51:27",455.7,2,"cwy0904,jasonchao89,jaspersooks,makomek,peiyingtok"
7605,16726044,"Lena Traczuk","2026-08-22 12:03:58",455.7,2,lenatraczuk
7606,16627463,dnish,"2026-08-05 07:37:16",455.5,2,dnishio
7607,16661930,zzangsunghyeon,"2026-08-08 16:22:21",455.4,2,zzangsunghyeon
7608,16694146,"JIlong Zhou","2026-08-26 15:04:38",455.3,2,acemaker
7609,16672798,yaphanqiii,"2026-08-27 07:55:23",455.2,2,yaphanqiii
7610,16779152,"taijiu int","2026-09-04 22:22:20",455.1,2,taijiuint
7611,16656797,"رحيم محمد","2026-08-04 20:05:45",455.1,2,darkmaxedwe
7612,16664211,"Ben Wilson","2026-08-06 23:57:29",455.0,2,crispyryse
7613,16653118,"Elmira Yekani","2026-08-18 17:05:20",454.9,2,elmirayekani
7614,16797002,ZhixinLuo,"2026-09-01 14:16:09",454.9,2,zhixinluo
7615,16783677,"Đặng Anh Thịnh","2026-08-28 08:31:12",454.9,1,nganhthnh
7616,16717018,"Urvashi Bansal","2026-08-17 09:12:29",454.8,2,urvashibansal123
7617,16851860,"Senih Bayankulu","2026-09-08 03:13:24",454.6,2,senihbayankulu
7618,16752081,"Ahmad Dehaini","2026-08-30 06:04:54",454.5,2,ahmaddehaini
7619,16657664,"Nguyễn Anh Kiệt 28","2026-08-06 04:17:40",454.5,2,nguynanhkit28
7620,16719257,"Alexander Morozov","2026-08-14 23:53:53",454.4,2,scanhex
7621,16718828,"Tejas Nisar","2026-08-23 17:04:45",454.4,2,tejasnisar
7622,16654974,"ACd Rooy","2026-08-11 06:35:28",454.4,2,acdrooy
7623,16654347,"aarav maheshwari1","2026-08-26 05:57:03",454.3,2,aaravmaheshwari1
7624,16786351,"Pradeep P","2026-09-14 16:39:50",454.2,2,pradeeppuranam
7625,16693797,"Riyaz Ur Rehman","2026-08-17 02:21:15",454.1,2,riyazurrehman
7626,16838619,HeroGod,"2026-09-05 12:25:27",453.9,2,herogod
7627,16630520,dimitris_x94,"2026-09-30 18:32:56",453.6,2,dimitrisx94
7628,16692263,"ADITYA CHAVAN","2026-08-09 17:44:15",453.4,2,adityasnr7
7629,16685722,"Jiahan Cao","2026-08-12 09:01:22",453.3,2,jiahancao
7630,16672105,"Natural Stupidity","2026-08-10 19:39:53",453.2,2,"parthb21,sujaygolla"
7631,16756561,"Eren Tekin","2026-09-14 23:41:50",453.2,2,erennntkn
7632,16699707,"Afana Khalit putra","2026-08-11 08:57:25",453.2,2,afanakhalitputra
7633,16631547,"Chong Xuan Ng","2026-08-08 15:38:52",453.2,2,chongxuanng
7634,16858250,"ayush kumar","2026-09-14 10:35:32",453.1,2,ayushkumar1610
7635,16884418,xuechengzou,"2026-09-13 12:22:43",453.1,2,xuechengzouinkaggle
7636,16659261,PromptEngineer48,"2026-08-04 16:44:46",453.0,2,promptengineer48
7637,16666716,"Fanis Alexakis","2026-08-17 11:59:15",452.8,2,fanisalexakis
7638,16768939,"Pratham Sonawane","2026-08-30 17:37:23",452.7,2,prathamsonawane1
7639,16870372,ALİHAKANÜNAL,"2026-09-23 14:59:55",452.6,1,needdata123456
7640,16772455,dextrecity,"2026-08-30 11:37:56",452.6,2,"dextrecity,leo0pa"
7641,16940818,Laiba,"2026-09-28 11:36:01",452.5,2,laibasm01
7642,16659558,Ayuroshbo,"2026-09-23 09:28:54",452.5,2,ayuroshbo
7643,16644577,"Arthur Merritt","2026-08-04 07:11:11",452.1,2,jarthuph
7644,16627009,c0sm1c,"2026-08-01 11:06:14",452.0,1,tanghao111
7645,16731636,関西人,"2026-08-24 06:23:14",451.8,2,m1333666888
7646,16792069,"Yen Hung1021","2026-09-03 16:09:33",451.8,2,yenhung1021
7647,16889078,"Md Waquar Ahmad","2026-09-16 02:52:56",451.8,2,mohdwaquarahmad
7648,16701847,"Xi Li","2026-09-30 22:56:43",451.6,2,bruhuh
7649,16757204,hhcjj,"2026-08-22 06:42:32",451.6,2,hhcjjkk
7650,16765688,jihunai,"2026-08-26 23:15:54",451.2,2,jihunai
7651,16693003,ShirrleyChen,"2026-08-15 12:54:58",451.2,2,shirrleychen
7652,16670387,"Oracle69 AI","2026-09-28 13:52:43",451.1,2,princeadewaleadewumi
7653,16760480,yat0i811,"2026-09-13 14:13:59",451.0,2,yat0i811
7654,16861019,CloriTeam,"2026-09-09 15:34:28",451.0,2,lorenzocomis
7655,16668461,SobanAli,"2026-08-19 15:49:03",450.7,2,soban256
7656,16758526,"sudo give_me_the_prize","2026-08-24 16:34:02",450.6,2,ibrahimab2
7657,16796273,"Kiplangat Vincent","2026-09-22 13:52:17",450.6,2,balvins
7658,16668606,"Hasith Kulathilaka","2026-08-31 19:09:39",450.4,2,hasithkulathilaka
7659,16867680,Asuka,"2026-09-11 05:45:46",450.4,2,asuka0langley0soryu
7660,16745574,"Yadunandan Raman","2026-08-22 12:20:06",450.3,2,yadunandanraman
7661,16709522,"Sanjay Dilip","2026-09-23 23:11:27",450.3,2,sanjaydilip
7662,16799023,"Alkava Ind","2026-09-28 10:43:31",450.2,2,alkavaind
7663,16711823,Abi_e,"2026-09-07 09:47:37",450.2,2,abidjacquelineanadi
7664,16661382,CBenaventte,"2026-09-02 13:35:27",450.2,2,cbenaventte
7665,16661287,"Jacob Hanlon","2026-08-11 13:59:58",450.1,2,jacobhanlon
7666,16761979,"Chaitany Patel","2026-09-17 14:59:29",450.0,2,chaitanypatel
7667,16641948,JustForFun,"2026-08-18 08:00:36",449.9,2,thangphung215
7668,16702281,"Dhruv Patel #2","2026-08-10 21:25:08",449.9,2,dhruvpatel1972
7669,16711812,"zhan renyi","2026-08-31 05:24:39",449.8,2,zhanrenyi
7670,16893255,"Amal Raj Singh","2026-09-19 08:37:00",449.7,2,amalrajsingh
7671,16744572,DivyanshAgg,"2026-08-31 19:30:49",449.7,2,divyanshagg
7672,16632368,"Yuelin Bai","2026-08-03 08:15:12",449.6,2,paralym
7673,16636973,"Ali Ali G","2026-08-03 18:36:40",449.4,2,alialig
7674,16883859,"Carlos Daniel Polanco","2026-09-19 18:45:16",449.4,2,carlospolanco00
7675,16700080,Kaushik,"2026-08-10 11:11:18",449.3,2,kgarumugam
7676,16655600,"VYSHAKH G NAIR","2026-08-04 21:31:24",448.9,2,vyshakhgnair
7677,16773194,NgNhan3110,"2026-08-27 09:36:17",448.9,2,ngnhan3110
7678,16636719,"Naman Durve","2026-09-12 16:14:56",448.9,2,namancdurve
7679,16666652,"Mohamed Fanni","2026-08-17 00:51:38",448.8,2,"arachid,mohamedfanni,soukaynamokhtari"
7680,16667722,Radhouen911,"2026-08-06 21:37:37",448.7,2,radhouen911
7681,16888067,Van,"2026-09-21 01:29:39",448.6,2,lanxirye
7682,16923171,TTaoGaming,"2026-09-29 07:21:21",448.5,1,ttaogaming
7683,16933345,"Sourin Rakshit","2026-09-21 09:32:28",448.4,2,sourinrakshit01
7684,16693795,kurt,"2026-08-30 15:22:47",448.4,2,syarht
7685,16875460,"Safa Nasrin","2026-09-24 07:30:11",448.4,2,safanasri
7686,16794499,smileMAN13912339850,"2026-09-07 10:01:07",448.3,2,smileman13912339850
7687,16785352,"joão Vitor","2026-09-05 20:19:12",448.3,2,jaov30718
7688,16892006,"Leul Hailemichael","2026-09-16 21:00:15",448.2,2,leulhailemichael
7689,16798512,"Yuichiro Kinoshita","2026-09-30 14:32:36",448.1,2,yuichirokinoshita
7690,16656641,AndrewEly8,"2026-08-05 00:56:32",447.9,2,andrewely8
7691,16690698,posty_melek,"2026-08-15 05:06:40",447.9,2,srisaraswati
7692,16623712,Dapp,"2026-08-03 23:09:19",447.9,2,lgloria
7693,16920464,reddishregent,"2026-09-18 11:40:22",447.9,1,reddishregent
7694,16915747,xiao,"2026-09-17 17:03:40",447.8,2,xiao789
7695,16639814,"Nikhil Krishna A","2026-09-07 07:37:56",447.8,2,techmasternikhil
7696,16729510,ARM,"2026-09-08 13:01:17",447.8,2,"midhun4126,mrohithjohn"
7697,16658149,X,"2026-09-21 13:42:54",447.5,2,lohithhb
7698,16661950,moonmelonpizza,"2026-08-09 12:25:23",447.5,2,moonmelonpizza
7699,16664252,"Huy Hoang","2026-08-15 03:59:40",447.4,2,themeend
7700,16765194,henry,"2026-08-24 13:39:29",447.2,2,zchenry
7701,16668137,"Thomas De Sousa","2026-08-06 06:34:48",447.1,2,thomasdesousa
7702,16775214,"Sambhav R","2026-08-27 15:34:44",447.0,2,sambhavr
7703,16691628,"Gavin Walsh (N1DGE11)","2026-08-08 16:07:24",446.9,2,gavinwalshn1dge11
7704,16707951,K_ChanHo,"2026-09-17 11:40:29",446.8,2,kchanho
7705,16758970,"Jason Wong","2026-09-16 16:00:15",446.6,2,jsin27
7706,16791550,Team21,"2026-09-08 12:53:38",446.5,2,"fchen121,muktharam"
7707,16662995,"carlos mario de oro aguado","2026-08-06 21:08:28",446.5,2,cdeoroaguado
7708,16908418,Ayush_1319,"2026-09-17 11:59:04",446.3,2,ayush1319
7709,16697568,"Sergey Fedorov","2026-08-20 21:25:34",446.1,1,bd01ar
7710,16687959,"Destin Nedjou","2026-08-27 05:45:33",445.9,2,destinnedjou
7711,16862497,DefiAudit,"2026-09-30 00:13:00",445.8,2,defiaudit
7712,16663258,sawe,"2026-09-16 09:10:13",445.7,2,boiihhh
7713,16663822,BhavyaSaini001,"2026-08-29 23:10:34",445.7,2,bhavyasaini001
7714,16677166,Spectrobot,"2026-08-08 11:11:46",445.5,2,spectrobot
7715,16756812,"Alex Amirkhanyan","2026-08-24 05:51:16",445.5,2,aleksamirkhanyan
7716,16678613,iBooNDK,"2026-08-09 19:03:37",445.4,2,iboondk
7717,16739711,SBC,"2026-08-20 10:16:10",445.2,2,"anusasaha2406,harshkumar3014,rahulmaity"
7718,16695692,Saadii2279,"2026-08-11 16:44:39",445.2,2,saadii2279
7719,16694314,"Ali Abbas Baig","2026-08-28 19:55:16",445.1,2,aliabbasbaig
7720,16663267,"Sravya Isukapatla","2026-08-11 10:14:54",444.9,2,sravyaisukapatla
7721,16897899,templar7245,"2026-09-27 09:45:16",444.6,2,templar7245
7722,16662690,"Pablo Gomez Perez","2026-09-04 16:45:32",444.0,2,pablogp
7723,16654401,ChronoForensics,"2026-08-08 17:26:11",444.0,2,ryanwollmuth
7724,16838460,"Yash Vardhan","2026-09-08 07:39:50",444.0,2,poruskapil1
7725,16675000,"Carl Bell","2026-09-16 20:55:33",443.8,2,allegedcarlbell
7726,16773195,"Pham Nguyen Thanh Huy","2026-08-27 05:25:55",443.8,2,huyphmnguyenthanh
7727,16847947,"Phongwit Sri","2026-09-22 04:30:08",443.8,2,phongwitsri
7728,16728318,T3jas06,"2026-08-22 19:45:13",443.6,2,t3jas06
7729,16804924,"Kevin L.","2026-09-09 07:04:46",443.6,2,zorgis
7730,16645302,LuCcc,"2026-08-03 09:45:35",443.4,2,luuuuccccc
7731,16728414,"Pedro Caycho","2026-08-16 12:40:26",443.4,1,pjcc1123
7732,16774035,"Shengfeng Wang","2026-08-26 07:28:46",443.3,1,shengfengwang
7733,16775236,hohohoZzZ,"2026-09-16 16:14:37",443.3,2,hohohozzz
7734,16723490,"Panashe Arthur Mhonde","2026-08-22 11:41:19",443.2,2,panashearthurmhonde
7735,16668324,"Alden Jenish S","2026-08-06 14:02:09",443.2,2,aldenjenishs
7736,16774849,RiyadhLakadimu123,"2026-08-31 19:51:17",443.2,2,riyadhlakadimu123
7737,16909602,jack1e32,"2026-09-18 02:32:58",443.1,2,jack1e32
7738,16889822,CornReform,"2026-09-29 01:03:29",442.8,2,cornreform
7739,16838929,Charlesm85,"2026-09-06 05:56:26",442.8,2,charlesm85
7740,16661449,"Samarjeet Singh","2026-08-23 04:32:19",442.8,2,samarjeet010
7741,16625808,"Etsushi Yamamoto","2026-08-09 16:50:41",442.7,2,etsushiyamamoto
7742,16762427,Raj_craj,"2026-08-30 20:27:00",442.6,2,rajcraj
7743,16655080,"Mohamed Judi","2026-09-07 19:18:31",442.5,2,mhjudi
7744,16840624,Deepakexplores,"2026-09-11 17:51:43",442.3,2,deepakexplores
7745,16636333,xiaoyang66,"2026-08-17 13:35:28",442.2,2,kennethhao8
7746,16681637,nasu01,"2026-08-07 10:14:10",442.2,2,nasu01
7747,16666071,"Arda Yıldız","2026-08-20 09:33:54",442.1,2,xreina8
7748,16687237,Khalibryler,"2026-08-11 09:17:03",442.1,2,khalibryler
7749,16809022,CheeseFunction,"2026-09-05 06:58:36",442.0,2,cheesefunction
7750,16660060,AnkitGoyal,"2026-08-05 15:33:29",442.0,2,goyalankit
7751,16720049,"aditya emmadishetty","2026-08-14 13:20:54",441.9,2,adityaemmadishetty
7752,16664251,zzy123123,"2026-08-08 09:22:51",441.9,2,zzy123123
7753,16741053,"Bui Minh Thanh","2026-09-07 18:50:23",441.8,2,buiminhthanh
7754,16825489,"Monishwar S","2026-09-30 19:23:35",441.7,2,monishwar2718
7755,16625216,"Emre Can","2026-08-01 17:05:51",441.7,2,seicatsu
7756,16623198,"Chris D'Mello (ineligible)","2026-07-31 17:32:46",441.6,1,cdmello
7757,16847740,FarmAre,"2026-09-07 17:31:01",441.5,2,abishekak
7758,16663622,sammuq1,"2026-08-10 23:56:19",441.4,2,sammuq1
7759,16628268,toxic_2499,"2026-09-14 13:39:02",441.4,2,toxic2499
7760,16915448,asdfghjklbelinda,"2026-09-26 11:59:24",441.0,2,"asdfghjklbelinda,yyyemin,zhouqingwen"
7761,16904320,"Flying Duck","2026-09-30 01:18:46",440.9,2,dreame1
7762,16805196,"Sebastian Griesbach","2026-09-22 11:47:22",440.3,2,sebastiangriesbach
7763,16931407,"Marcel S","2026-09-30 21:57:34",440.2,2,marcel78
7764,16924763,mimigerbachof,"2026-09-30 23:53:08",440.1,2,mimigerbachof
7765,16699207,"Bipin Rimal","2026-08-10 07:45:21",440.1,2,bipinrimal314
7766,16668108,"Suresh Chandra Mangena","2026-08-11 09:32:31",439.9,2,sureshchandramangena
7767,16695102,whitelok,"2026-08-11 12:54:41",439.9,2,whitelok
7768,16764151,Jpadilla987@gmail.com,"2026-08-25 21:00:27",439.8,2,jpadilla987gmailcom
7769,16719742,"Varun Dave","2026-08-31 22:56:07",439.7,2,"pranavtrivedi02,varundave95"
7770,16692618,"Ali Zakaee","2026-08-09 10:13:02",439.2,1,itheequalizer
7771,16802949,Han2551,"2026-09-30 22:43:40",439.2,1,han2551
7772,16843511,"JiaHui Ni ","2026-09-13 14:59:35",438.8,2,jiahuini
7773,16653809,acbabc123,"2026-08-04 13:53:53",438.6,2,acbabc123
7774,16688662,"Faz Forward","2026-08-08 09:03:10",438.6,2,fazforward
7775,16728933,dOvOb,"2026-09-08 14:51:10",438.6,2,waytosleep
7776,16793145,KarlNUrban,"2026-09-05 12:19:50",438.5,2,karlnurban
7777,16916293,Hun731r,"2026-09-17 20:49:12",438.3,2,hun731rkooki
7778,16786280,Shambhavi21,"2026-09-30 15:46:37",438.3,2,shambhavi21
7779,16771725,"Rijusmit Biswas","2026-09-18 10:55:33",438.2,2,rijusmitbiswas
7780,16667078,dprinzensteiner,"2026-08-05 14:06:26",438.2,2,dprinzensteiner
7781,16657528,"Symekah Shadrack Basweti","2026-08-05 10:17:09",438.1,2,symekah99
7782,16738218,kiyo,"2026-09-10 13:01:37",437.8,2,kiyohiro
7783,16767585,Hyena,"2026-08-25 22:17:26",437.8,1,hemant0
7784,16662790,"Derek Earnhart","2026-08-04 18:04:01",437.7,1,derekearnhart
7785,16639577,Haitaks,"2026-08-16 09:42:16",437.6,2,haitaks
7786,16623271,"William Morley","2026-07-31 10:09:16",437.4,2,williamkmorley
7787,16786101,Cai0Emanuel,"2026-08-29 01:11:51",437.4,1,cai0emanuel
7788,16936983,"hanlin zhu","2026-09-22 13:06:50",437.2,2,dhanlinzhud
7789,16656431,"Venetta Smithen","2026-08-20 02:19:45",437.1,2,venettasmithen
7790,16751058,"Henrique Loyola ","2026-08-21 05:29:59",437.0,2,henriqueloyola
7791,16766803,"Kanishk Sharma","2026-09-01 23:52:42",436.9,2,kan1shq198
7792,16676482,GitLyf,"2026-08-16 12:47:59",436.8,2,"jaideva30,rohithkrishnaak"
7793,16661233,"Uriel Johnson","2026-08-05 08:45:24",436.7,2,urieljohnson
7794,16675686,"PRERIT MAURYA","2026-08-14 06:37:51",436.6,2,preritmaurya
7795,16656573,"Ashiq Firoz","2026-08-17 18:20:11",436.4,2,ashiqfiroz
7796,16654984,"Guseinov Elvin","2026-08-08 21:44:00",435.8,2,guseinovelvin
7797,16716636,"Mahamane Lawaly","2026-08-13 10:22:51",435.8,1,mahamanelawaly
7798,16621367,Numari,"2026-07-31 16:30:01",435.6,2,numaritaisei
7799,16768079,Sohee087,"2026-08-24 20:21:01",435.3,1,sohee087
7800,16675468,"atakan akgün","2026-08-13 15:32:32",435.1,2,atakanakg
7801,16841679,Chafuuu,"2026-09-09 16:26:02",435.0,2,chafuuu
7802,16798074,"Akkapop Prasompon","2026-09-09 12:17:36",434.9,2,akkapopprasompon
7803,16697448,"Mykola Mazniuk","2026-08-15 17:57:39",434.8,1,mykolamazniuk
7804,16723072,Arthurt1,"2026-09-23 22:09:27",434.7,1,arthurt1
7805,16661682,"Rishi Gupta","2026-08-05 07:46:38",434.6,2,rishigupta07
7806,16658521,"Vishal Dhariwal","2026-08-08 11:43:36",434.5,2,user412
7807,16688296,"Michael Pollind","2026-08-28 13:30:32",434.3,2,mpollind
7808,16870864,"Overfitting Is All You Need","2026-09-18 09:25:23",433.9,2,ryylll
7809,16941095,"P. Sewmuthu Abewickrama Singhe","2026-09-30 05:01:28",433.8,2,psewmuthu
7810,16691761,"Evie Barker","2026-08-15 13:40:05",433.7,2,eviebarker
7811,16675916,Lorenzo176ITA,"2026-08-14 11:02:15",433.6,2,"alessiopap,lorenzo176ita"
7812,16626105,sasaki,"2026-08-24 02:34:55",433.6,2,rsasaki
7813,16676497,"Non-veg plants","2026-08-07 09:54:00",433.5,2,mohammadshadabshaikh
7814,16659919,"SILVISTON EMMANUEL","2026-08-06 06:51:55",433.5,2,silvistonemmanuel
7815,16757366,"Sean Connolly","2026-09-05 04:10:21",433.5,2,seanconnolly
7816,16663040,"BARBARA GASKINS","2026-08-12 01:08:47",433.4,2,barbaragaskins
7817,16661576,"Yash Jumde","2026-08-15 20:09:59",433.3,2,yashjumde
7818,16674605,Versilogic,"2026-08-16 07:54:48",433.2,2,versilogic
7819,16686093,"Muhammad Usman Butt","2026-08-07 22:00:04",433.1,2,debugdemon
7820,16704597,"Wallace Switzer","2026-08-12 01:09:49",432.9,2,wallaceswitzer
7821,16879532,kiwamizamurai,"2026-09-14 20:27:53",432.7,2,kiwamizamurai
7822,16694330,"Jack Way","2026-08-10 11:48:42",432.6,2,jackway05
7823,16687602,"jithin manoj","2026-08-12 13:00:23",432.6,2,jithingmanoj
7824,16623824,zhangende02,"2026-08-01 01:15:21",432.1,2,zhangende02
7825,16657502,Jasmeen,"2026-08-16 08:59:05",432.0,2,jasmeen0207
7826,16776824,"Manuel Santiago Atencio","2026-09-27 13:35:09",431.9,2,manuelsatencio
7827,16749271,"Shoki Suzuki","2026-09-30 23:43:42",431.8,2,shokisuzuki
7828,16719521,xarquin,"2026-08-25 03:16:23",431.8,2,xarquin
7829,16640516,"Alfandi Hassan","2026-08-08 03:41:33",431.7,2,alfandihassan
7830,16791617,"Neil Li","2026-08-30 00:10:32",431.7,1,neilliroub
7831,16802580,WarlockCode,"2026-09-03 14:07:58",431.7,2,maktub83
7832,16722793,Murphyzz,"2026-09-27 21:10:36",431.6,2,theophileperez
7833,16678154,"Hashim Far","2026-08-08 04:20:32",431.6,2,hashimfar
7834,16731790,"A random farmer","2026-08-18 02:19:53",431.6,1,hinatatokuda
7835,16661323,mzyktkhs,"2026-08-10 13:21:59",431.4,2,mzyktkhs
7836,16747670,"Luis Molina","2026-09-21 14:34:46",431.3,2,micuentadecasa
7837,16665949,Rbda,"2026-08-06 14:18:03",431.1,2,brazvan
7838,16938142,"Pavel Krotkov","2026-09-23 20:23:34",431.0,2,pashkal
7839,16887058,"Michael Eberhard","2026-09-15 20:29:09",430.9,2,michaebe
7840,16713179,"Enise Zengin","2026-09-15 02:53:02",430.9,2,enisezengin
7841,16876859,Broncat,"2026-09-15 02:27:28",430.8,2,broncat
7842,16658219,"Deepesh Pankaj","2026-09-28 07:15:16",430.8,2,deepeshpankaj
7843,16653049,"Umut Doruk Öztürk","2026-09-02 09:52:16",430.7,2,umutdorukztrk
7844,16661105,"Vignesh Murugan","2026-08-04 19:57:46",430.6,2,vigneshv1cky
7845,16664004,"Me, Myself, and I","2026-08-11 03:57:46",430.6,2,notlunarxd
7846,16721940,DarkLayer,"2026-08-22 02:07:13",430.5,2,nnpaopao
7847,16745980,"Arif Amijoyo","2026-08-30 07:54:40",430.4,2,arifamijoyo
7848,16649421,Eltormtace,"2026-08-14 04:35:15",430.2,2,eltormtace
7849,16681924,WEcoS,"2026-08-10 04:32:03",429.9,2,aungkhainghtun
7850,16708348,"Edilaine Arceno","2026-09-28 14:02:29",429.8,2,edilainearceno
7851,16683316,moonriver0922,"2026-08-11 07:04:11",429.7,2,moonriver0922
7852,16668068,"Neural Harvest","2026-08-27 19:23:44",429.6,2,meghashyampawar
7853,16671602,"Nithin Nambi","2026-08-07 00:09:31",429.6,2,nitthewit
7854,16657312,"baolood herid","2026-08-06 13:13:48",429.2,2,baoloodherid
7855,16645936,"Abhy Rejikumar","2026-08-22 19:26:23",429.2,1,abhyrejikumar
7856,16725957,"Ayman Tarig Mohammedosman Elgadi","2026-08-24 02:57:16",429.1,2,aymantarig17
7857,16657794,"Aromal vK","2026-09-30 06:22:48",428.9,2,aromalvk
7858,16665374,UmangDobhal03,"2026-08-06 03:46:29",428.7,2,umangdobhal03
7859,16651872,Evgen21,"2026-08-05 14:03:50",428.6,2,evgen21
7860,16714488,"HusseinNadem Nadem","2026-08-26 01:53:13",428.5,2,husseinnademnadem
7861,16706143,Adityaupadhyay0805,"2026-08-20 04:28:06",428.3,1,adityaupadhyay0805
7862,16756900,Kome_Sh,"2026-08-30 13:40:56",428.3,2,komeshun
7863,16656568,"FARIATHTHEEN F","2026-08-04 11:44:49",428.1,2,fariaththeenf
7864,16773020,HyperNeonByte,"2026-09-23 00:23:03",427.9,2,hyperneonbyte
7865,16667601,"Audrius Molis","2026-08-27 19:30:39",427.8,2,vienas
7866,16700596,"Markel Iru","2026-08-13 15:52:53",427.8,2,markeliru
7867,16892719,"Sandeep Guttavalli","2026-09-21 11:33:21",427.6,2,sandeepguttavalli
7868,16679872,"Kirby Won","2026-09-22 22:10:05",427.5,2,kirbywon
7869,16732200,"Louis WhoEat","2026-08-24 12:02:40",427.3,2,louiswhoeat
7870,16707437,"Ivan Plekhanov","2026-08-11 12:03:11",427.3,1,nnob0dy
7871,16804902,"aitahmed amina","2026-09-08 16:15:15",427.3,2,aitahmedamina
7872,16679904,"Joshua Bensemann","2026-09-30 06:01:01",427.3,2,qazcat
7873,16696061,Mingyuan2002,"2026-09-22 04:17:12",427.1,2,mingyuan2002
7874,16621572,"Abdulazeez AbdulMumeen","2026-08-05 10:59:27",427.1,2,ayobeen
7875,16663707,DotBix,"2026-08-12 21:45:54",427.1,2,dotbix
7876,16669117,"Shrikant Lambe","2026-08-10 23:31:50",427.0,2,shrikantlambe
7877,16661434,AgriNova,"2026-09-30 15:23:14",427.0,2,"harshadsanjaydesai,sahilhasure"
7878,16657383,"Shih Hua Chou","2026-08-18 03:51:08",427.0,2,shihhuachou
7879,16651042,Mira_332,"2026-08-27 04:58:29",427.0,2,ichiiohno
7880,16897961,"AIZOYA FarmBrain","2026-09-28 19:05:56",426.9,2,aizoya
7881,16658520,drownedsnake,"2026-08-05 01:03:22",426.9,2,makerplay
7882,16785555,"Jardel Araújo","2026-09-30 23:49:47",426.8,1,araujojardell
7883,16659520,"Play Code","2026-08-05 14:28:00",426.7,2,codenya
7884,16920156,RoboSAL,"2026-09-28 19:55:40",426.7,2,salouaouarhlent
7885,16844010,"Nori Miya","2026-09-06 15:17:38",426.5,2,norimiya
7886,16722819,Anna,"2026-08-21 15:01:26",426.4,2,annatmp
7887,16702200,"ANGAD JANGIR","2026-08-11 02:01:38",426.3,2,angadjangir
7888,16690221,"HISOKY DEV","2026-08-10 09:42:03",426.0,2,omarfahid
7889,16773264,LA28,"2026-09-03 19:44:02",425.9,2,saisreelasyaappali
7890,16792392,pansya,"2026-09-20 10:00:15",425.8,2,pansya
7891,16717051,"Chirag Hosdurga","2026-08-13 13:38:41",425.7,2,chiraghosdurga
7892,16728821,"Alen Maria Nirmal","2026-08-17 21:51:03",425.7,1,alenmarianirmal
7893,16663594,"NGU BLACK SANTA","2026-08-05 15:23:10",425.7,2,ngublacksanta
7894,16888455,Erin,"2026-09-14 02:55:17",425.6,2,eringobyte
7895,16761148,Deku,"2026-08-23 13:36:57",425.5,1,piyushsharma5654
7896,16729522,all-coder,"2026-08-16 17:55:08",425.5,2,allcoder
7897,16664512,oggyiu,"2026-09-01 07:46:10",425.4,1,oggyiu
7898,16715456,"wilson LUNG","2026-08-17 23:54:10",425.4,2,wilsonlung
7899,16668698,Addie,"2026-08-08 05:21:08",425.3,1,addie999
7900,16831819,"Roy Lampe","2026-09-24 11:46:45",425.2,2,roylampe
7901,16701367,CryptoQuant1992,"2026-08-11 13:04:12",425.1,2,cryptoquant1992
7902,16854332,kotaross,"2026-09-09 15:18:06",425.0,2,kotaross
7903,16786264,"THISHA S","2026-09-06 06:53:09",425.0,2,thishas
7904,16734096,"Cem Ali Görmez","2026-09-06 10:48:37",424.9,2,cemaligrmez
7905,16662985,DanTheDataScienceMan,"2026-08-05 17:40:06",424.9,1,danthedatascienceman
7906,16730041,cracksbot,"2026-09-29 04:55:08",424.8,2,cracksbot
7907,16684031,"Phillip Kamundia","2026-08-14 20:35:15",424.8,2,phillipkamundia
7908,16701871,"Raj Nandan","2026-08-10 15:13:30",424.7,1,imrajnandan
7909,16707331,"Simon Ziegs","2026-08-23 22:54:11",424.7,2,simonziegs
7910,16705510,"Palak Choudhary","2026-08-11 07:12:44",424.3,2,palak2564
7911,16802750,"[Deleted] fafa60dd-8026-43cc-b656-34ca4625ef7d","2026-09-01 12:22:13",424.2,1,del=e2a734cecd171934
7912,16917703,"Tommy Mac Bird","2026-09-29 09:46:33",424.2,2,tommymacbird
7913,16664352,"Shreyash Asati","2026-08-06 10:40:56",424.2,1,shreyashasati
7914,16668267,Saran,"2026-08-27 14:18:05",424.0,2,saran2
7915,16721942,"Daniel Rodriguez Bothe","2026-08-18 16:57:00",423.7,2,danielrodriguezbothe
7916,16732513,Taogege,"2026-09-22 09:17:12",423.7,2,"liyiyiyi6,taogege520"
7917,16829367,"quant park","2026-09-15 10:29:07",423.7,2,quantpark
7918,16778886,"Sandeep Das","2026-08-31 09:48:37",423.6,2,sandypos
7919,16659080,VENKY,"2026-08-07 17:22:03",423.6,2,venkateshthatha
7920,16706790,"Stas Chereshkevich","2026-08-19 12:23:33",423.5,2,staschereshkevich
7921,16665184,woorym,"2026-08-10 03:04:12",423.5,2,woorym
7922,16665424,taaaaanq,"2026-08-17 14:23:35",423.5,1,"chuayaplong,flashtigro,huayu05,taaaaanq"
7923,16670634,"Narayan Sharan","2026-09-12 06:55:27",423.5,2,narayansharan
7924,16627313,"Zafer Liu","2026-08-03 05:13:39",423.5,2,zaferliu
7925,16718517,"Jessica Yin","2026-08-17 00:10:31",423.4,2,jeqyin
7926,16726441,Enrique.rfm,"2026-09-14 16:40:46",423.0,2,enriquerfm
7927,16671670,"Karla Ziegler","2026-09-24 00:26:42",422.9,2,karlaziegler
7928,16664205,"shr Wei","2026-09-03 06:00:47",422.8,2,shrwei
7929,16638967,"Jenny Luo","2026-08-01 23:55:07",422.6,2,"jennyluo96,kyeoh92"
7930,16858543,"Fakhar Mustafa","2026-09-10 05:07:39",422.6,2,fakhar90
7931,16674266,HamYad,"2026-08-06 18:19:46",422.4,2,hamyadlab
7932,16719460,"Amon #2","2026-08-15 12:40:41",422.4,2,ezjameng
7933,16660990,"Bunny Tang","2026-09-10 14:33:23",422.3,2,tanghung64
7934,16762154,lli,"2026-09-07 19:04:26",422.3,2,colesuoseue
7935,16664327,"Maged Hegazy","2026-08-06 13:13:28",422.2,2,magedhegazy
7936,16760191,"Kushal Shiva1","2026-08-26 20:19:36",422.2,1,kushalshiva1
7937,16632855,Shreyash_Automation,"2026-08-21 00:06:49",422.1,2,shreyashautomation
7938,16630396,nancykibe11,"2026-09-30 22:57:20",422.1,2,nancykibe11
7939,16654458,"Likith Narakala","2026-09-10 20:27:03",421.9,2,likith17052004
7940,16641501,Sonal,"2026-08-08 22:07:46",421.9,2,sonalm13
7941,16668331,"Maitreya Mohapatra","2026-09-23 22:26:09",421.4,2,maitreyamohapatra
7942,16656627,"Soykot Podder","2026-08-14 05:39:06",421.2,2,diptopodder
7943,16661786,Nagaraju,"2026-08-10 01:53:04",421.0,2,orugantn
7944,16728845,"Mohamed Kaleel","2026-08-22 16:12:58",421.0,2,mdkaleel
7945,16882021,"lucas honoratodesouza","2026-09-14 05:21:58",420.6,2,lucashonoratodesouza
7946,16815817,haiy_qq,"2026-09-04 01:41:26",420.3,2,haiyqq
7947,16760377,"Yuxuan Qian","2026-08-29 23:45:28",420.3,2,yuxuanqian
7948,16689256,"Pavan Pusapati","2026-09-17 11:26:52",420.2,1,pavanpusapati
7949,16859368,"Emmanuel King Christopher","2026-09-09 23:31:24",420.2,1,emmanuelkingchris
7950,16885547,L0k1xd,"2026-09-13 10:04:10",420.2,2,l0k1xd
7951,16729155,WangZihao5649,"2026-08-24 02:32:08",419.9,2,wangzihao5649
7952,16713723,"Jyot Buch","2026-08-12 23:09:41",419.8,2,jyotbuch
7953,16723075,"Cauã Freitas","2026-09-30 11:40:08",419.4,2,cauafreitas
7954,16709512,Rustamdurdyyev,"2026-08-31 19:59:56",419.4,2,rustamdurdyyev
7955,16811454,"Zakaria Taouil","2026-09-07 16:11:13",419.3,2,ztaouil
7956,16660899,"Clarence Trinidad","2026-09-16 18:28:20",419.3,2,claree007
7957,16881765,"aakriti & tanya","2026-09-18 11:53:42",419.3,2,"aakritiinchaos,tanyac1"
7958,16770440,"Tegar Putrayas Dentatama","2026-09-27 06:32:14",419.1,2,tegarputrayasd
7959,16654394,sserges,"2026-08-08 20:46:14",418.9,2,sserges
7960,16664129,"Mr M 8641","2026-08-06 18:57:45",418.8,2,mrm8641
7961,16713218,"Julien Baumgartner","2026-08-14 08:36:27",418.8,2,julienbaumgartner
7962,16662167,"Tara Singh Kharwad","2026-08-05 17:13:10",418.8,2,tarasi7261
7963,16705276,layr0,"2026-08-14 00:53:11",418.0,2,layr0dotdev
7964,16666066,Khush3e,"2026-09-16 23:20:51",418.0,2,khush3e
7965,16925447,"Peter Tinashe Mundowa","2026-09-20 09:37:57",417.9,2,petermundowa
7966,16759112,songxin,"2026-09-30 16:53:45",417.9,2,likewaterandwind
7967,16755394,"Ruben Lucas","2026-08-21 21:50:16",417.9,2,rubenlucas
7968,16660330,wangyikai,"2026-08-09 07:59:45",417.9,2,wangyik
7969,16660484,"Waiswa Geoffrey","2026-08-31 08:29:58",417.7,2,waiswageoffrey
7970,16675340,"SHAURYA SHARMA","2026-09-03 00:57:48",417.7,2,shauryas555
7971,16633097,"Matheus Bonjour Laviola da Silva","2026-08-02 11:08:21",417.4,2,matheusbonjour
7972,16845679,"Wenhai Tang (raisin)","2026-09-07 03:33:14",417.4,1,wenhaitangraisin
7973,16661360,"Jasper Jiss","2026-08-13 18:45:37",417.2,2,jasperjiss
7974,16655881,"Zhuoran Zhao","2026-08-07 16:50:04",417.0,2,yearcakes
7975,16926614,"Mike Codispoti","2026-09-19 18:17:10",416.6,1,mikecodispoti
7976,16651939,"Yogesh Jadhav","2026-09-17 06:54:06",416.6,2,dynamo14324
7977,16641513,"Sameer Chakravedi","2026-08-15 16:06:11",416.5,2,sameerchakravedi
7978,16786281,"Saumya Prasad","2026-09-24 19:16:29",416.2,2,saumyaprasad2004
7979,16677524,"Phúc Phạm","2026-08-07 20:16:24",416.1,2,phucpham77
7980,16713557,kaggri-kal-chal,"2026-09-16 18:53:51",416.1,2,"nainikaanish,shrivastavaaryan"
7981,16621437,AdamBelniak,"2026-08-03 18:15:21",416.0,2,adamos581
7982,16661628,PradipBanerjee,"2026-08-05 21:03:11",416.0,2,pradipbanerjee
7983,16892976,"Tony He","2026-09-19 17:41:31",415.9,2,tonyyang0504
7984,16670986,"Anas Erami","2026-08-08 01:38:43",415.9,2,anaserami
7985,16640965,jidaoluckey,"2026-08-08 07:10:45",415.8,2,jidaoluckey
7986,16659269,"Bedirhan Dinçer","2026-08-10 20:26:46",415.6,2,bedirhandiner
7987,16655415,"Ivan Jarp","2026-08-29 17:07:03",415.6,2,ivanjarp
7988,16773032,fecrescencio22,"2026-09-02 21:07:10",415.5,2,fecrescencio22
7989,16918251,modolu,"2026-09-29 21:10:29",415.5,1,modolu
7990,16809931,"john crick","2026-09-16 02:07:20",415.1,2,johncrick
7991,16683761,"Chiefmen749 Aris","2026-08-10 07:42:42",415.0,2,saysplayz
7992,16692373,"Ornevis Montero","2026-08-20 01:59:43",414.9,2,ornevisbolaosmontero
7993,16670155,Kiznaiver,"2026-08-23 14:27:19",414.9,2,kiznaiver
7994,16734431,"Maxwell Herron","2026-08-19 02:06:34",414.7,2,maxwellherron
7995,16668810,ZZZZGOD,"2026-08-07 19:11:09",414.3,2,zzzzgod
7996,16662133,"Ding Lifeng","2026-08-29 08:20:49",414.1,2,dinglifeng
7997,16729086,samanyu,"2026-08-23 10:13:11",414.1,2,samanyu1808
7998,16637342,SupremeWarrior108,"2026-09-20 19:21:39",413.9,2,supremewarrior108
7999,16809943,"A Rook","2026-09-03 19:06:08",413.9,2,rookcastle
8000,16655820,"Cory Tortorici","2026-08-08 15:20:42",413.8,2,corytortorici
8001,16774878,Pierre,"2026-09-30 19:27:15",413.7,2,dhiamechi
8002,16634060,"Chí Thành Đỗ","2026-08-02 05:11:58",413.6,2,chithanhdeptrai
8003,16735012,"Shuvam Swapnil Dash","2026-08-28 19:56:48",413.6,2,"shashwatmandal,shuvamswapnildash"
8004,16657201,ShayML,"2026-08-08 09:02:05",413.5,2,shayml
8005,16856112,"Thomas White","2026-09-08 19:39:13",413.4,1,leopardguy
8006,16668095,Menna_Allah_Samy12,"2026-08-15 15:04:56",413.4,2,mennaallahsamy12
8007,16658391,"Jack #2","2026-09-30 14:31:45",413.1,2,jack1233
8008,16785568,"Sneha Bhargava4","2026-09-16 17:56:17",413.1,2,snehabhargava4
8009,16662095,"Buzz shocker","2026-09-13 20:28:48",413.0,2,buzzshocker
8010,16792630,Vipluv1,"2026-09-04 20:32:56",412.8,2,vipluv1
8011,16652661,"Petru-Mihai Craciun","2026-08-05 14:55:07",412.8,2,petrumihaicraciun
8012,16755677,"Rutwik Kumar M","2026-08-26 16:31:00",412.6,2,rutwikkumarm
8013,16625434,"Chirapathleo Saelim","2026-09-08 08:40:06",412.6,2,chirapathleosaelim
8014,16689017,"Mounica Challa","2026-09-17 19:39:39",412.5,2,mounicachalla
8015,16698141,Zippo,"2026-08-16 05:44:18",412.4,2,gagemerrick
8016,16755159,"Kay Gijzen","2026-08-23 11:51:31",412.3,2,kaygijzen
8017,16658678,"Manav Aghera","2026-09-06 18:16:28",412.2,2,manavaghera
8018,16659658,"Tim Wong","2026-08-06 02:02:30",412.1,2,wai0186
8019,16691704,"Rahman Aliyev","2026-09-10 17:59:57",412.0,2,rahman4li
8020,16716002,"Preethi Gnanaprakasam","2026-08-14 09:10:46",412.0,2,preethignanaprakasam
8021,16690793,"MOHAMMAD ALRASHED","2026-08-08 18:33:34",411.8,2,mohammadalrashed
8022,16669168,"Kingsley Jide","2026-08-31 21:30:18",411.8,2,kingsleyjide
8023,16853895,sailohith07,"2026-09-08 10:49:11",411.6,2,sailohith07
8024,16657574,harikrishnacs,"2026-08-04 12:28:53",411.5,2,harikrishnacs
8025,16677047,LINOXYR,"2026-08-15 13:13:58",411.5,2,linoxyr
8026,16773043,"Petani Baik","2026-09-03 00:56:35",411.0,2,durrahandri
8027,16885565,"Shiva Rupan S","2026-09-30 23:57:48",410.8,2,shivarupan20me
8028,16669170,AsadUsmanFAST,"2026-08-05 22:37:33",410.8,2,asadusmanfast
8029,16891504,"Taha N Kaya","2026-09-14 14:03:21",410.7,1,tahankaya
8030,16872182,yxxchh,"2026-09-11 13:18:38",410.6,1,yxxchh
8031,16662111,"Mood Vikram","2026-09-05 23:15:35",410.2,2,"moodvikram,sidhantchauhan"
8032,16724984,anish711,"2026-08-22 17:54:18",410.1,2,anish711
8033,16676803,"Josue Villao","2026-08-14 05:20:13",410.0,2,josuevillao
8034,16930490,freesunp,"2026-09-21 02:48:31",410.0,2,freesunp
8035,16840668,"Aratrika Ruhal","2026-09-13 23:35:13",410.0,2,aratrikaruhal
8036,16681655,"Tae seong Gim","2026-08-14 14:14:10",409.8,2,taeseonggim
8037,16785932,"Thomas Yi","2026-09-04 00:33:06",409.8,2,tyyslashd
8038,16664558,"Praneeth Annapureddy","2026-08-05 04:52:45",409.6,2,praneethannapureddy
8039,16653429,mktdev,"2026-08-10 12:19:54",409.5,2,mktdev
8040,16706184,"Lingaraju Saikumar","2026-08-16 11:51:34",409.5,2,lingarajusaikumar
8041,16883188,gunnarrrr,"2026-09-30 13:05:25",409.4,2,gunnarrrr
8042,16699633,Nafmo,"2026-08-11 17:10:53",409.2,2,nafmo2
8043,16743032,"Sabarishvar S S","2026-09-03 17:49:08",409.2,1,sabarishvarss
8044,16644765,MoeCode,"2026-09-12 16:46:28",409.1,2,syrianeagle
8045,16735934,"Uday Kiran003","2026-08-18 06:23:18",409.0,1,udaykiran003
8046,16768174,lambdap,"2026-09-06 13:25:29",408.8,2,lambdap
8047,16796474,"Chaitanya Mundhe ","2026-09-13 12:27:10",408.6,2,chaitanyamundhe
8048,16725065,"Maxim Smirnov","2026-08-15 13:21:05",408.6,2,smirnoffmg
8049,16880437,doublek,"2026-09-30 22:30:20",408.5,2,doublek
8050,16848309,"Angela Wu","2026-09-09 03:56:03",408.4,1,angelawurx
8051,16666447,"Shuaib ayad Jasim Jasim","2026-08-06 20:51:47",408.1,2,shuaibayadjasimjasim
8052,16660455,"Alex Kapend","2026-08-05 08:42:26",408.0,2,alexkapend
8053,16798347,"Mr Michael Chung","2026-09-14 19:39:17",407.8,2,mrmichaelchung
8054,16695095,"Jayanth Chowdary","2026-08-22 17:50:39",407.5,2,jayanthchowdary24
8055,16793391,"Muhammad Ussman","2026-09-24 20:18:29",407.5,2,muhammadussman
8056,16729214,kisamaki0815,"2026-08-28 01:21:57",407.3,2,kisamaki0815
8057,16926757,MengXun326,"2026-09-20 21:55:59",407.2,2,mengxun326
8058,16768578,"Patrick Lzz","2026-08-25 02:56:30",407.2,2,patricklzz
8059,16912864,zhzhang,"2026-09-19 12:54:48",407.2,2,lililizh11
8060,16730870,"Jiang Ryan","2026-09-03 03:37:12",407.2,2,jiangryan
8061,16745485,"Thamires dos Santos ","2026-09-25 01:42:25",407.2,2,thasantos
8062,16686796,"Harinath Reddy A","2026-08-23 21:23:45",407.0,2,harynath
8063,16657520,"Joel De la Cruz Fuertes","2026-08-12 16:33:48",406.9,2,joeldcf
8064,16692782,"Andres Regino","2026-08-23 20:26:03",406.8,2,andresregino
8065,16644053,Rafiozoo,"2026-08-03 19:26:40",406.7,2,rafiozoo
8066,16883044,"Muhammad Olamide","2026-09-16 10:59:44",406.6,2,muhammadolamide
8067,16714240,"The Shovel","2026-08-26 03:21:18",406.5,2,"astapasta0,qotqat"
8068,16776990,"Yash Kumar #2","2026-09-26 12:43:51",406.3,2,yashkumargunnersshot
8069,16726285,Dhananjay,"2026-08-15 18:48:20",406.2,2,dhananjaylakkawar
8070,16660515,"pooja sandali","2026-08-08 05:51:03",406.2,2,poojasandali
8071,16778127,Nimmokumar,"2026-09-20 18:45:50",406.2,2,nimmokumar
8072,16665647,hr15de,"2026-09-25 08:52:49",406.1,2,hr15de
8073,16675232,"Rafif Ariq Rabbani","2026-08-27 19:37:32",406.0,2,rafifariqrabbani
8074,16657054,"ömer umut güngör","2026-08-05 06:10:22",406.0,2,merumutgngr
8075,16712488,"Vansh Bhura","2026-08-12 14:23:18",405.7,2,vanshbhura
8076,16640814,"Kritika Adhikari","2026-08-07 09:25:26",405.5,2,kritikaadhikari
8077,16663871,"Iyed Djebbi","2026-08-07 09:25:07",405.5,2,iyeddjebbi
8078,16735177,shilpa.rpns,"2026-08-22 04:57:10",405.4,2,shilparpns
8079,16763714,"shiv #2","2026-09-29 21:55:26",405.4,2,shivkumarr
8080,16654312,Xmeeeee,"2026-08-05 00:11:29",405.1,2,xmeeeee
8081,16744018,"ZK Adam","2026-08-27 17:40:04",404.9,2,zkadam
8082,16670090,"Gianpaolo Nettis","2026-08-24 08:42:07",404.7,2,rakes7
8083,16734601,sweetlesson,"2026-08-18 00:40:55",404.3,2,sweetlesson
8084,16668093,Sai_Dattu,"2026-08-07 07:35:01",403.9,2,saidattu2003
8085,16661966,Rocket,"2026-08-29 18:05:35",403.9,2,"aarchie4,nick16541,siddharthdongardive"
8086,16932760,"Ian Hsu I guess","2026-09-23 01:09:40",403.7,2,ianhsuiguess
8087,16670464,halfpintcider,"2026-09-16 08:50:31",403.7,2,"amoghdeshpande2021,visspric7"
8088,16795330,"Alejandro Villacampa","2026-09-02 17:32:11",403.5,2,avillacampa
8089,16938771,"Daniel Peng","2026-09-22 03:53:05",403.4,2,codewithdaniel1
8090,16925537,pballurkar,"2026-09-19 13:08:26",403.3,1,pballurkar
8091,16719679,ZhiruiLuo,"2026-08-25 15:52:57",403.2,1,zhirluo
8092,16660531,greySnow,"2026-09-10 23:39:09",403.1,2,shlomoron
8093,16751796,"Leo Pallorina","2026-08-23 14:06:17",403.1,2,lelelsp
8094,16799224,"Tian Yan666","2026-09-03 14:48:42",403.0,2,tianyan666
8095,16623054,"Max Bond ABE","2026-08-15 22:43:34",403.0,1,maxbondabe
8096,16926880,KarthikeyaAnna,"2026-09-20 13:40:19",402.7,2,karthikeyaanna
8097,16759239,SunYaoXi,"2026-08-27 09:32:42",402.6,2,sunyaoxi
8098,16660343,"Mert Olgun899","2026-08-05 13:05:07",402.5,2,mertolgun899
8099,16660923,naganikshith,"2026-08-06 08:01:09",402.2,2,naganikshith
8100,16890098,"Binief Ta","2026-09-14 14:08:36",402.1,2,biniefta
8101,16663804,"Fredy Meyer","2026-08-05 20:19:51",402.0,2,alexmeyerm
8102,16659414,TTGP_TEAM,"2026-08-06 15:33:09",402.0,2,phttrntrnggia
8103,16658535,khanna.rohit5,"2026-08-10 05:00:31",401.8,2,khannarohit5
8104,16853371,JIAWEILI0001,"2026-09-23 15:42:25",401.8,2,jiaweili0001
8105,16723614,"James Atteh","2026-09-12 06:28:17",401.8,2,jamesatteh
8106,16664044,IntentionalSayshara,"2026-09-27 17:50:47",401.7,2,jaelle
8107,16880350,喜欢逢坂大河,"2026-09-16 08:36:54",401.5,2,yhsno69
8108,16807636,"Liu Panfeng","2026-09-05 00:30:20",401.5,2,liupanfeng
8109,16669346,"Jalpesh Vasa","2026-09-30 17:58:49",401.2,2,"deep1812,jalpeshvasa"
8110,16683390,Christopher34,"2026-08-08 00:20:59",401.1,2,christopher34
8111,16668185,"Swayam Chavan","2026-08-09 01:12:23",401.0,2,swamboy
8112,16702980,GCSudarshanReddy,"2026-08-15 17:32:06",400.9,2,gcsudarshanreddy
8113,16666596,"Daumas Benjamin","2026-09-03 10:05:38",400.9,2,daumasbenjamin
8114,16726765,"Ali Al-Killidar","2026-08-16 09:47:37",400.8,1,alialkillidar
8115,16665356,No1,"2026-09-30 06:38:11",400.8,2,prajyotr
8116,16621518,jaccobian,"2026-08-29 08:11:50",400.8,2,harshraj22
8117,16780783,pri,"2026-09-30 20:18:13",400.7,2,priscilamaria5363
8118,16661751,"Shailaja J","2026-08-12 14:51:15",400.4,1,shailajaj
8119,16712259,geqiulin,"2026-08-13 04:46:11",400.4,2,geqiulin
8120,16892644,ElKnilcho,"2026-09-14 19:01:37",400.4,2,elknilcho
8121,16692128,gibocx,"2026-08-10 18:10:34",400.4,2,gibocx
8122,16698029,"Meet Vachhani","2026-08-10 18:34:55",400.4,2,meetvachhani7
8123,16630020,"Piotr Gabrys","2026-08-09 16:53:59",400.3,2,piotrekga
8124,16661194,"Sandeep Vanapalli","2026-08-04 15:37:06",400.0,2,mrleaf
8125,16925224,Raosaheb,"2026-09-20 08:17:04",399.7,2,raosahebmore
8126,16774592,"Oliad Dandana","2026-08-27 09:28:20",399.7,2,olidan
8127,16748500,stimmie,"2026-08-30 16:11:56",399.4,2,stimmie
8128,16852845,quantumgeek,"2026-09-12 06:54:58",399.1,2,yk1598
8129,16775069,JWlKIM,"2026-08-26 23:22:43",398.9,2,jwlkim
8130,16666132,andres555,"2026-08-28 14:36:21",398.9,2,"andres555,violalin"
8131,16663976,"wangyang denis","2026-08-12 06:26:08",398.9,2,wangyangdenis
8132,16805176,"Hritvika Tawde","2026-09-13 11:22:46",398.7,2,hritvikatawde
8133,16717679,mureee,"2026-09-28 13:05:07",398.7,2,"hosyan3279,mureee54"
8134,16934824,Ken,"2026-09-21 09:28:50",398.6,2,kensuke77
8135,16729996,"Michael Roust","2026-08-18 16:09:56",398.6,2,michaelroust
8136,16696271,"Neeta Sanjay Gajabi","2026-08-09 14:48:42",398.5,2,neeta2574
8137,16639764,CortexExplorer,"2026-09-20 15:15:59",398.3,2,cortexexplorer
8138,16796102,yiliang,"2026-08-31 12:55:20",398.2,2,yilianglv
8139,16723068,Kaggricultors,"2026-09-28 22:09:46",398.2,2,"claralimasilva,roberthdouglasufc"
8140,16684776,"D Rithika","2026-08-10 18:36:30",398.2,2,drithika
8141,16682906,Masiki,"2026-09-05 13:55:54",398.1,2,blackseed
8142,16804803,"01000110 01010101 01000011 01001011 00100000 01011001 01001111 01010101 00100001","2026-09-14 16:38:59",397.8,1,f01010101
8143,16660420,tipofyzik,"2026-09-05 14:34:30",397.8,2,tipofyzik
8144,16705640,"Dongre Laxman","2026-08-12 12:36:29",397.8,2,dongrelaxman
8145,16855836,"Srinivasan Raghavan","2026-09-08 18:07:38",397.7,1,srinivasan1812
8146,16761319,Yuvraj,"2026-08-23 07:29:44",397.7,1,yuvrajkr01
8147,16715033,"Colton Byers","2026-08-17 10:41:50",397.5,2,coltonbyers
8148,16693255,"Carlos Hideo Yamaguchi","2026-08-10 00:59:12",397.5,2,carloshy
8149,16698570,MurphyIIVan,"2026-08-10 03:35:41",397.4,2,murphyiivan
8150,16654175,abhiv142,"2026-08-11 13:22:03",397.3,2,abhiv142
8151,16668522,"Moatez Litaiem","2026-08-06 16:57:54",396.8,2,moatezlitaiem04
8152,16669434,"Saugat Kannojia","2026-08-07 11:45:47",396.8,2,saugatkannojia
8153,16927170,"çağrı okan","2026-09-19 23:33:54",396.7,2,cagrokan
8154,16759765,"Ososanwo Idris Olaitan","2026-09-11 18:38:06",396.5,2,ososanwoidrisolaitan
8155,16709918,GUI666,"2026-08-26 16:17:40",396.4,2,gui666
8156,16854266,もふもふ神,"2026-09-12 16:26:42",396.3,2,mohumohukami
8157,16676256,"Kotaro Nakamura","2026-08-11 22:18:41",396.2,2,kotaroma
8158,16632503,"Wei Hsiang Lin111","2026-08-01 07:42:33",396.1,2,weihsianglin111
8159,16696993,healer2408,"2026-08-15 07:10:57",395.9,2,healer2408
8160,16735206,"Shiyal Kishan","2026-08-20 04:01:28",395.9,2,shiyalkishan01
8161,16671665,"Kobata Sota","2026-08-06 07:17:03",395.8,1,kobatasota
8162,16908873,KelOliHar,"2026-09-18 20:02:58",395.7,2,kelolihar
8163,16655997,tanatet8,"2026-09-05 11:00:05",395.6,2,tanatet8
8164,16655783,KonaKonaz,"2026-08-04 09:36:57",395.6,2,konakonaz
8165,16721530,revv0o,"2026-08-15 13:58:34",395.5,2,revv0o
8166,16656579,"Riad Rayhan","2026-08-15 06:40:35",395.4,2,riadrayhan
8167,16633984,"Mongkhon Hatit","2026-08-04 11:58:56",395.3,2,mongkolhatit
8168,16738441,"Moritz Huber","2026-08-30 21:00:10",395.3,2,moritzhuber
8169,16625149,Rubylicious,"2026-07-31 07:53:00",395.3,2,labibahalya
8170,16629201,"GUILLERMO REY PANIAGUA","2026-08-01 16:41:58",395.2,2,guillermoreypaniagua
8171,16795877,"Marco Polo","2026-09-16 00:02:55",395.2,2,zhesong1
8172,16751979,"Sasha Sam","2026-08-27 20:02:46",395.1,2,sashasam
8173,16911283,"Apratim Bajpai","2026-09-18 17:19:51",395.0,2,apratimbajpai
8174,16668368,"Waleed Hasan","2026-08-12 01:42:22",394.8,2,whasan
8175,16716589,"Shaik Adilazeez","2026-08-13 09:29:44",394.7,1,shaikadilazeez
8176,16777612,"zebra G","2026-08-27 15:46:59",394.7,1,zebrag
8177,16633786,tuannm3812,"2026-08-28 08:00:42",394.7,2,tuannm3812
8178,16675631,"Aswini Gowda","2026-08-10 05:37:33",394.6,2,aswinigowda
8179,16699436,"Oluwaseun O Adeya","2026-08-23 01:22:24",394.5,2,oluwaseunoadeya
8180,16890511,"Alex Solonsky","2026-09-14 08:57:30",394.4,1,alexsolonsky
8181,16630896,OpenBuilder,"2026-08-08 12:09:06",394.3,2,weijunguo
8182,16784400,K_DHEERAJ_11,"2026-08-31 02:58:38",394.2,2,kdheeraj11
8183,16897148,"Ikrame Ibn Hayoun","2026-09-15 14:26:06",394.1,2,ikrameibnhayoun
8184,16726882,"Albert Yu","2026-08-17 00:01:53",394.1,2,yukinying
8185,16723411,CaZen,"2026-08-15 10:48:16",393.5,2,cathzwah
8186,16669945,"Turab Zaidi","2026-08-07 13:27:44",393.4,2,turabzaidi
8187,16671913,res67,"2026-08-07 16:22:30",393.3,2,junyeanyap
8188,16746562,"The Learning loop","2026-09-24 10:32:16",393.2,2,"jananikasenthilkumar,ssjaswanth"
8189,16768262,"Brayan Miranda G","2026-08-26 19:40:15",393.2,2,brayanmirandag
8190,16834632,casua132,"2026-09-05 07:56:17",393.0,1,casua132
8191,16706054,"ErrorX Info","2026-08-20 11:30:03",393.0,2,"errorxinfo,shyampatel47"
8192,16811013,"Sara Vahidestakhri","2026-09-03 00:32:07",392.9,1,saravahidestakhri
8193,16723779,Matheubern,"2026-09-07 02:24:32",392.7,2,matheubern
8194,16665470,KanakoS,"2026-08-18 13:13:58",392.5,2,kanakos
8195,16667759,"Nafis Fuad Shahid","2026-08-05 19:21:39",392.5,2,nafisfuadshahidd
8196,16719603,"sravan Tirumala","2026-08-14 03:05:43",392.1,1,sravantirumala
8197,16728839,Mharfe,"2026-09-06 23:26:08",392.1,2,mharfe
8198,16665228,Jason_Qian,"2026-08-05 16:00:43",392.1,2,jasonqia
8199,16639916,BloomBerry,"2026-08-12 12:38:31",391.9,2,kagglepalandata
8200,16685904,KavYaHD,"2026-08-10 13:02:45",391.9,2,kavyahd
8201,16666873,"linli duan","2026-08-12 15:06:42",391.8,2,linliduan
8202,16623582,yunsuxiaozi,"2026-08-01 13:59:57",391.5,2,yunsuxiaozi
8203,16765863,MADUPU.SRINIDHI,"2026-09-05 10:31:08",391.4,2,madupusrinidhi
8204,16706843,"yh z","2026-08-11 09:32:56",391.4,1,yhz123456
8205,16662896,"Adrian Dubois","2026-09-21 03:33:43",391.3,2,adriandubois
8206,16666878,aaronykchen,"2026-08-17 15:06:13",391.3,2,aaronyukuchen
8207,16827781,c1626343198,"2026-09-04 14:50:37",391.3,2,c1626343198
8208,16631609,dlougen,"2026-08-04 16:40:03",391.1,2,dlougen
8209,16676327,shu10038,"2026-09-14 12:07:16",391.1,2,shu10038
8210,16715404,"karthik reddy","2026-09-04 01:34:50",391.0,2,karthikreddyp
8211,16742009,"Mutyam kavyanjali","2026-08-19 10:25:06",390.9,1,mutyamkavyanjali
8212,16845067,"Vineet Gupta","2026-09-14 09:08:20",390.8,1,"graceydugar,vineetgupta2023"
8213,16690197,"Ankit Kushwaha_06","2026-08-18 08:10:12",390.7,2,ankitkushwaha06
8214,16857871,SHP123SHP,"2026-09-10 03:20:57",390.7,2,shp123shp
8215,16918087,Kenyo8,"2026-09-21 07:47:02",390.7,2,kenyo8
8216,16623503,"D Mohith","2026-08-01 01:06:22",390.5,2,dmohith
8217,16708409,toshiconner,"2026-08-12 06:30:06",390.3,2,toshiconner
8218,16930439,wessa0,"2026-09-22 13:42:39",390.3,2,wessa0
8219,16644023,"Yiğit Efe Albaş","2026-08-02 18:34:39",390.1,1,yiitefealba
8220,16717912,"Anu Kumari","2026-08-13 18:03:07",389.8,1,anuk16020
8221,16885346,"Michael Handal","2026-09-13 16:23:03",389.8,1,michaelhandal
8222,16693307,"Vlad Gavrilov","2026-08-09 04:00:29",389.8,2,vladgavrilov
8223,16661990,"Olaoluwa Abiodun","2026-08-05 14:57:07",389.7,2,laoluwaa
8224,16796572,"Phan Van Hieu ","2026-08-31 14:23:03",389.7,2,phnvnh
8225,16919693,Maham1199,"2026-09-30 12:17:53",389.6,2,maham1199
8226,16732395,"Nikita Antonov","2026-08-23 08:33:03",389.6,2,nantonov
8227,16675043,malibu_orange,"2026-09-05 13:27:13",389.6,2,malibuorange
8228,16685609,Abella,"2026-09-30 21:29:34",389.4,2,unnatibansal990
8229,16659588,"Priya J","2026-09-30 13:58:50",389.4,2,priyaj21
8230,16675462,bkcoban,"2026-08-07 18:22:48",389.3,2,bkcoban
8231,16668241,"Shreyansh Kanotra","2026-08-08 19:56:15",389.3,2,shreyanshkanotra
8232,16656156,"Kshitij aucharmal","2026-08-06 04:35:27",389.2,2,narutoaucharmal
8233,16809998,chzCharbs,"2026-09-15 08:14:49",389.2,2,chzcharbel
8234,16675215,"Viljen Apalset Vassbø","2026-08-06 22:24:44",388.7,2,viljenapalsetvassb
8235,16658498,cheesama,"2026-08-04 23:36:18",388.6,2,cheesama
8236,16665152,"Ahmed Karim","2026-08-17 11:32:15",388.5,2,versusic
8237,16941853,"Prem Raga1809","2026-09-23 18:27:49",388.4,2,premraga1809
8238,16623631,SeaEag1e,"2026-07-31 06:26:17",388.4,1,seaeag1e
8239,16681638,aadi_065_,"2026-09-27 03:50:16",388.3,2,aadi065
8240,16681441,"Lamiaa Al-bdrani","2026-08-07 04:25:50",388.3,1,lamiaaalbdrani
8241,16660697,"Dannis Wong11","2026-09-09 10:07:46",388.1,2,danniswong11
8242,16656989,Crunchex,"2026-08-29 10:52:11",387.9,2,"asmo04,chinmaysoni48,codencry"
8243,16778939,"Stepan Antonov","2026-08-27 07:59:30",387.9,1,stepanantonov
8244,16944547,アライグマ,"2026-09-23 12:54:39",387.9,1,alaiguma
8245,16907577,"Дмитрий Витальевич","2026-09-17 07:59:28",387.8,2,mtkrqt
8246,16623528,"Faijur Rahaman","2026-08-20 09:40:07",387.7,2,faijurrahaman
8247,16919106,Jocelyn--JY03,"2026-09-23 05:45:05",387.5,2,jocelynjy03
8248,16669703,AnubhavBhadani142,"2026-08-15 06:32:19",387.4,2,anubhavbhadani142
8249,16798529,JimHan123,"2026-09-29 00:25:58",387.3,1,jimhan123
8250,16662726,"Juan Carlos González Aguilar","2026-08-14 19:54:48",387.2,2,juancg
8251,16659459,"Akandé Philippe ABIODOUN","2026-08-06 11:58:09",387.0,2,vrmelo
8252,16728394,"Aisultan Davletkan","2026-08-16 13:01:38",387.0,1,aisdav
8253,16871705,Bertholdt,"2026-09-30 08:50:04",387.0,2,bertholdt
8254,16896794,Cidoai,"2026-09-18 08:45:45",386.9,2,cidoai
8255,16623135,mohduwaishchaudhary,"2026-07-30 22:05:45",386.9,2,muwaish5
8256,16776777,cerceanit,"2026-08-29 14:51:48",386.8,1,uaisamangeldi
8257,16660317,esgranja,"2026-08-04 18:58:48",386.6,1,esgranja
8258,16656951,"[Deleted] 6015b650-8e16-4705-8036-db40bdd2d353","2026-08-04 09:08:05",386.5,1,del=084ea76838ad756b
8259,16805621,"DIVYANSH KUMAR SINGH CHAUHAN","2026-09-02 04:04:53",386.4,2,capdiv
8260,16661014,manu,"2026-08-16 04:45:12",386.3,2,manupandit
8261,16675801,"Neeraj Jha","2026-09-27 07:38:16",386.3,2,neerajjha1996
8262,16757336,Stevejustin,"2026-08-31 04:18:31",386.2,2,stevejustin
8263,16696959,"Joe Filfli","2026-08-11 10:47:03",385.8,2,joefilfli
8264,16784030,"Pooja Gera","2026-09-02 15:10:47",385.5,2,poojagera00
8265,16700627,"Benedict Ebito Boyubie","2026-08-10 11:03:38",385.4,1,bboyubie
8266,16790718,"Carlos Alves","2026-09-02 04:29:42",385.0,2,carlosone
8267,16665040,"Arnav Yashlaha","2026-08-05 05:44:26",384.9,2,arnavyashlaha
8268,16676397,Rohan_Joshi6404,"2026-08-13 13:58:56",384.9,2,rohanjoshi6404
8269,16697396,"Collective Win","2026-08-18 05:10:12",384.9,2,collectivewin
8270,16662089,"Alonso Gallego Pacho","2026-08-27 13:27:36",384.9,2,alonsogallegopacho
8271,16750435,"Oleksandr Zalievskyi","2026-08-23 18:34:59",384.9,2,sashaworker
8272,16786328,"DanishGW School","2026-09-02 03:50:19",384.8,2,danishgwschool
8273,16678819,"Digant Kathiriya","2026-08-07 02:07:51",384.6,2,digantkathiriya
8274,16728945,"Suryansh Kulshreshtha","2026-09-28 11:01:16",384.4,2,"busyfellow,suryanshkulshreshtha"
8275,16733343,"Ayam Dhotekar","2026-09-27 10:42:18",384.0,2,ayamdhotekar
8276,16794302,bettta11,"2026-09-04 23:25:27",383.8,1,bettta11
8277,16658366,kuroneko,"2026-08-04 10:43:29",383.6,2,kurorosuke
8278,16715416,"Md. Adnan","2026-09-20 08:53:58",383.5,2,mdadnan96
8279,16624414,"Chaitanya Jamble","2026-07-31 05:42:10",383.4,1,chaitanyajamble
8280,16898808,katoue,"2026-09-16 21:47:46",383.0,2,katoue
8281,16774921,"conor lowth","2026-08-28 10:46:42",382.9,2,conorlowth
8282,16877297,"Aaryan Gole","2026-09-15 09:37:08",382.6,2,aaryangole
8283,16690299,"EL GORRIM MOHAMED","2026-09-01 10:59:10",382.6,2,elgorrimmohamed
8284,16695627,"Xu Lou","2026-08-09 13:01:23",382.6,2,xuxiaozhou666
8285,16897491,"Santipab Tongchan","2026-09-15 14:39:58",382.5,1,santipabtongchan
8286,16881479,GG,"2026-09-13 11:27:34",382.4,2,ggroth
8287,16839457,HugoLee_dreamer,"2026-09-14 01:18:31",382.3,2,hugoleedreamer
8288,16666944,"Meghnath S","2026-08-11 01:56:22",382.3,2,meghnaths
8289,16689877,Amr_Said1233,"2026-08-08 08:48:28",382.2,1,amrsaid1233
8290,16792685,李明,"2026-09-22 08:03:47",382.2,2,liming2026good
8291,16694497,Kawai,"2026-09-25 17:21:01",382.0,2,"lavendermoon19,sumitwod"
8292,16657545,"Deepak Singh","2026-08-11 13:50:31",381.8,2,vihaannegi
8293,16736432,"Sarthak #2","2026-08-18 12:33:53",381.8,2,srthkdixit
8294,16757351,SaiVenkatesh,"2026-09-05 10:30:00",381.7,2,nothingnew
8295,16759916,"Jeevith G","2026-08-23 06:58:50",381.5,2,jeevithg090
8296,16672292,"KARTIKEY PANWAR","2026-08-06 05:46:16",381.4,2,kartikeypanwar
8297,16656023,JD_Mello,"2026-09-06 01:41:52",381.4,2,jdmello
8298,16663104,Sohan,"2026-08-23 14:42:40",381.2,2,sohansinghrawat
8299,16747782,"Muhammad Agam Febryan","2026-08-29 18:22:04",381.1,2,muhammadagamfebryan
8300,16690812,zhangkai_0121,"2026-08-09 01:40:21",381.0,2,zhangkai0121
8301,16657712,"samuel job Adeola ","2026-09-20 22:25:10",381.0,2,samueljobadeola
8302,16763523,"Nam Khánh Lê","2026-09-02 06:28:44",381.0,2,"khanhss,khimbodoi"
8303,16660287,BhatNasir,"2026-08-04 16:29:18",380.9,2,nasir94
8304,16662646,"Jay Parsana","2026-08-09 18:07:10",380.8,2,jay051
8305,16624879,indira,"2026-07-31 06:52:02",380.8,2,inansia
8306,16662081,Ayush_Bhaskar_25323010,"2026-08-08 19:49:56",380.8,2,ayushbhaskar25323010
8307,16758987,"Irtaza Ahmed Khan","2026-09-08 06:38:25",380.7,2,yrrebeere
8308,16700685,"Preeti Dhotmal","2026-08-27 11:25:29",380.7,2,preetidhotmal
8309,16732041,"Vallapu Nandini","2026-08-17 10:22:47",380.7,1,nandinivallapu
8310,16653006,"anthony mbadiwe ikeme","2026-08-18 09:08:02",380.3,2,anthonymbadiweikeme
8311,16695828,rihiRule,"2026-08-11 13:40:24",380.2,2,rihirule
8312,16691891,"Gagan Thakur","2026-08-16 04:36:51",380.0,2,gaganthakur2006
8313,16931682,"Vijay kumar Gandem","2026-09-20 18:04:40",380.0,2,vijaykumargandem
8314,16671773,"Sawyer Lundberg","2026-08-07 03:33:23",380.0,2,sawyerlundberg
8315,16763400,"Parth Sarnobat","2026-09-24 18:54:48",379.7,2,parthsarnobat
8316,16890562,Names231,"2026-09-14 16:08:48",379.6,2,names231
8317,16716657,"Jasti Phani","2026-08-19 08:38:00",379.6,1,jastiphani
8318,16666479,"Prajwal Nivangune","2026-08-09 18:33:51",379.5,2,prajwalnivangune
8319,16662964,"Tim Ogilvie","2026-08-13 13:18:59",379.3,2,timogilvie
8320,16671911,"Dwi Eflatino","2026-08-16 10:44:17",379.3,2,eflatino
8321,16660073,"Mahad Kakooza","2026-09-06 20:30:18",379.3,2,mahadkakooza
8322,16739939,crescent_star,"2026-09-09 04:42:10",379.3,2,cenzop
8323,16765643,canwind,"2026-09-30 00:52:04",379.1,2,canwind
8324,16673583,"Priyanshu Jha","2026-08-16 08:10:08",379.0,2,codewithjha
8325,16864670,"Takahiro Cho","2026-09-10 04:55:10",378.8,1,takahirocho
8326,16808646,"Yimeng Wang","2026-09-27 15:09:20",378.7,2,yimengwang0814
8327,16664064,lookapmaka,"2026-08-10 17:19:05",378.7,2,lookapmaka
8328,16717420,"Muhammad Yasir Sarwar","2026-08-13 14:40:09",378.6,2,muhammadyasirsarwar
8329,16689970,"Константин Паращук","2026-08-08 09:15:08",378.4,1,kangchenxi
8330,16665400,FieldOps,"2026-09-30 06:45:03",378.3,2,sycpr1me
8331,16888334,"Ohene A","2026-09-14 17:36:00",378.1,2,pamo12
8332,16700294,"SWAPNEEL BANERJEE","2026-09-24 15:53:50",377.9,2,swapneelbanerjee
8333,16661453,"Disleve Kanku","2026-08-14 15:32:51",377.8,2,dislevekanku
8334,16913940,"Mustafa Rehman","2026-09-21 09:33:59",377.7,2,mustafar34
8335,16664514,"Henry Adjanor tetteh","2026-08-12 00:43:41",377.6,2,henryadjanortetteh
8336,16670257,RonitKhanna333,"2026-08-12 12:22:11",377.5,2,ronitkhanna333
8337,16658202,"SNAEHATH P","2026-08-06 13:51:15",377.4,2,snaehath
8338,16676205,"Alhassan Fedawy","2026-08-14 17:15:07",377.2,2,alhassanfedawy
8339,16768884,z y f 007,"2026-08-31 05:39:35",377.1,2,zyf007
8340,16663286,"Fan Wang","2026-08-10 21:12:40",377.0,2,wangfan420
8341,16790603,xinbao,"2026-09-22 05:21:16",377.0,2,zww123456
8342,16716299,Biwaaa67,"2026-08-13 19:57:06",376.9,1,biwaaa67
8343,16691790,"Akshay Sawant","2026-08-08 19:33:14",376.9,2,akshaysawant8983
8344,16759225,"Andrea Jordan Paro","2026-08-24 11:24:14",376.8,2,andreajordanparo
8345,16851939,"Naoya Mieno","2026-09-11 06:19:02",376.8,2,naoyamieno
8346,16657438,"Udit Aggarwal1","2026-08-08 19:09:27",376.4,2,uditaggarwal1
8347,16708896,"Alberto Scinetti","2026-08-13 19:18:11",376.3,2,albertoscinetti
8348,16906688,"Qiao Ruicheng","2026-09-17 11:47:47",376.2,2,qiaoruicheng
8349,16658304,"KETHAVATH Aadarsh","2026-08-05 21:00:45",376.2,2,kethavathaadarsh
8350,16673009,CruelShow,"2026-09-13 10:36:40",376.2,2,cruelshow
8351,16661717,"Yaswanth Ippili","2026-08-06 11:32:13",376.2,2,yaswanthippili
8352,16790615,"Suryansh Vashisth","2026-08-31 10:38:54",376.0,2,songoku2005
8353,16701064,KMishra011,"2026-08-20 20:30:34",376.0,2,kmishra011
8354,16664406,"MURDER GOOSE","2026-08-05 09:45:33",375.9,2,ujjwalar
8355,16709179,"SATENDRA SINGH","2026-09-17 03:39:22",375.2,2,satendrasingh9876
8356,16663815,"Tetsuya Sasaki","2026-09-05 00:00:30",375.2,2,sasakitetsuya
8357,16701885,"Mehdi L.","2026-08-13 13:41:14",375.2,2,lmehdi
8358,16793657,Xin_T,"2026-08-30 16:48:11",375.1,1,xint666
8359,16757017,"William Green","2026-09-05 01:33:23",375.1,1,dskswu
8360,16726569,"Andrey Balvaneda","2026-08-17 20:59:45",375.1,2,andreybalvaneda
8361,16659247,cindrella_18,"2026-09-22 09:10:52",375.1,2,"ankithraj30,neharaj1518"
8362,16656902,"Ram Chandra Gupta","2026-08-05 10:18:41",374.8,2,ramchandra142
8363,16711374,Jascha,"2026-08-13 11:22:30",374.7,2,lippja
8364,16671532,"Yuri Nakayama","2026-08-13 11:34:55",374.5,2,yurinakayama
8365,16655891,"Yukihito Ikoma","2026-08-27 03:55:41",374.5,2,yikoma
8366,16664450,"Fritz Adelbertus","2026-08-10 01:13:44",374.4,1,fritzadelbertus
8367,16839419,"Gunratna borkar","2026-09-05 23:32:33",374.2,2,gunratnaborkar
8368,16681209,AgenticBuilder,"2026-08-13 18:44:29",374.1,2,gau2112
8369,16666958,TinkerBotics,"2026-08-05 20:29:19",373.7,2,salosojaedwin
8370,16892509,"Konko M","2026-09-14 18:52:34",373.7,2,konkomaji
8371,16712633,"Andy Andy","2026-08-13 08:11:38",373.7,2,andy3373
8372,16659659,"michael J king","2026-09-30 20:42:07",373.5,2,michaeljking
8373,16738335,"Xuzhou Dong","2026-08-20 14:39:16",373.2,2,xuzhoudong
8374,16661659,"Ivan Zagorulko","2026-08-05 10:53:13",373.1,2,normaldaki278
8375,16725349,"Saj Patel","2026-08-15 21:55:42",373.1,2,sajpatel15
8376,16738351,"Haidar Faruqi","2026-08-25 05:00:00",373.1,2,haidarfaruqi
8377,16723947,"Ariel GNANSOUNOU","2026-09-30 23:55:10",373.0,2,arielgnansounou
8378,16733318,"Anuj Bolewar","2026-08-18 11:11:01",372.9,2,anujbolewar
8379,16808705,Danielaijdkx,"2026-09-03 11:29:34",372.8,1,danielaijdkx
8380,16894573,VISHWAPRIYAI,"2026-09-26 05:20:43",372.8,2,vishwapriyai
8381,16658227,Gugu888,"2026-08-14 04:27:57",372.6,2,gugu888
8382,16727920,"Youssef Yacoup","2026-09-27 02:17:18",372.5,2,youssefyacoup
8383,16802028,Dong,"2026-09-11 03:53:23",372.4,2,protostar
8384,16674278,"Niels de Gier","2026-08-07 15:57:04",372.3,2,nielsdegier
8385,16632841,AGG,"2026-09-05 18:33:20",372.3,2,aleixgim
8386,16660852,"K VISHALINI","2026-08-13 06:59:27",372.2,2,kvishalini
8387,16675385,Apex🦾,"2026-08-14 18:00:17",372.2,2,"raghadabdullara,renadahmadalamri,zzainh"
8388,16664818,"B M Dimpu Shree","2026-08-21 10:51:22",372.0,2,bmdimpushree
8389,16804231,illegalplumbing,"2026-09-16 02:55:22",371.7,2,illegalplumbing
8390,16726168,"Shrey Modi","2026-08-15 19:42:14",371.5,2,shreymodi2
8391,16696939,"Keaton Zang","2026-08-10 21:24:20",371.4,1,keatonzang
8392,16716702,"majjati khalid ","2026-08-19 14:12:32",371.4,2,khalidma
8393,16716488,"Will Henderson290","2026-09-21 13:11:11",371.1,2,willhenderson290
8394,16753895,Andrew98,"2026-08-22 13:10:58",371.0,2,vitem98
8395,16856809,"Mateusz Kuzniar","2026-09-08 22:14:50",370.7,2,mateuszkuzniar
8396,16654947,"Ömer Hüseynov","2026-08-08 22:06:03",370.6,2,omarhuseynov
8397,16735580,"Dhiya Nachimuthu","2026-08-30 06:13:38",370.5,2,dhiyanachimuthu
8398,16654290,"Srinivasa Ranga","2026-09-23 20:38:38",370.4,2,srinivasaranga
8399,16719296,Mr.TtT_Games,"2026-08-14 04:58:39",370.4,2,mrtttgames
8400,16670475,Adib,"2026-08-06 02:02:27",370.2,2,adibemohamed
8401,16919222,"Lakshmi Sayyapureddy","2026-09-20 12:41:09",370.1,2,lakshmisayyapureddy
8402,16660929,ttkk,"2026-08-12 16:39:58",370.1,1,optimavia
8403,16893490,"Thales Galuchi","2026-09-30 21:19:33",369.9,2,thalesgaluchi
8404,16794266,"Celestine Preetham Lawrence","2026-09-30 13:23:30",369.8,2,celestiallylvd1
8405,16931956,Aari101,"2026-09-20 19:23:51",369.6,2,aari101
8406,16663981,"Steven Pun","2026-08-07 01:59:52",369.6,2,stevenpunn
8407,16707987,"Big Balls Entertainment","2026-08-12 10:18:24",369.6,2,"pavivin,semenkolesnikov"
8408,16761784,"Ghaith Kammoun","2026-08-24 21:19:54",369.5,2,ghaithkammoun
8409,16750743,"Nagimov Timur","2026-08-20 21:10:30",369.1,2,nagimovtimur
8410,16791546,fatimakhlid,"2026-09-10 21:00:33",369.0,2,fatimakhlid
8411,16663055,jainish_d24ce180,"2026-08-10 13:54:40",368.8,2,jainishshah35
8412,16669102,Ritik,"2026-08-07 18:11:13",368.8,2,xritikx
8413,16729351,vlad.shorodok,"2026-08-16 18:05:09",368.7,2,vladshorodok
8414,16662589,"Arunagirinadan Sudharshan","2026-09-27 18:51:57",368.7,2,sudhanaruna
8415,16706257,dlv,"2026-08-13 11:11:14",368.6,2,ducott1
8416,16888733,"Sébastien Callegari","2026-09-14 03:49:42",368.5,1,sbastiencallegari
8417,16780057,"Njabulo Hope Makana","2026-09-30 19:37:02",368.4,2,njabulohopemakana
8418,16778908,"PATIL ADITYA PANDURANG","2026-09-29 13:22:04",368.4,2,"jagdalepranavsagar,patiladityapandurang,pavankadam7005"
8419,16640810,まさやん,"2026-08-12 15:22:53",368.4,2,masayam1234
8420,16666334,UnderBlade,"2026-08-05 09:56:11",368.3,2,"athillazaidan,kurtmikhael"
8421,16758093,_student,"2026-08-23 22:21:25",368.3,2,drvtalan
8422,16712906,"Sharad Garg","2026-08-13 14:54:43",368.3,2,sharadgarg
8423,16701713,"Максим Хованский","2026-08-10 14:35:38",368.2,1,yeezynaizi
8424,16802866,"Antonio Di Cecco","2026-09-01 18:37:02",368.0,1,antdic
8425,16693098,broken_gpu,"2026-08-30 10:07:27",367.9,2,brokengpu
8426,16808233,"Yash Hingane","2026-09-04 12:53:43",367.8,2,yashhingane
8427,16749503,ally,"2026-08-23 11:48:49",367.8,2,phamngoclinh
8428,16625418,"Hariprasanth Paranjothy","2026-08-01 05:52:19",367.7,2,hariprasanth8
8429,16669516,GorgeousCookie,"2026-08-06 09:17:13",367.3,2,axellindqvist
8430,16678298,"RITIK CHAUDHRY","2026-08-10 13:34:35",367.3,2,ritikchaudhry13
8431,16653998,www1727,"2026-09-15 16:45:05",366.9,2,www1727
8432,16906242,ooobreak,"2026-09-30 23:29:51",366.6,1,ooobreak
8433,16920572,"Mahalakshmi boga","2026-09-26 12:26:50",366.4,2,mahalakshmiboga
8434,16780101,jjjhoon,"2026-08-28 04:04:26",365.9,2,jjjhoon
8435,16729669,HYPEREUCLIDEAN,"2026-08-19 07:47:48",365.9,2,hypereuclidean
8436,16685615,Spectra,"2026-08-07 16:14:32",365.9,2,thomaskressig
8437,16693087,osprey2k,"2026-09-09 02:34:27",365.8,2,osprey2k
8438,16686954,"Davie Mdumuka","2026-08-09 19:40:56",365.7,1,daviemdumuka
8439,16717797,"patan hashmi","2026-08-13 15:02:52",365.5,1,patanhashmi
8440,16668523,Bumblerrr,"2026-08-06 19:46:02",365.3,2,bumblerrr
8441,16665959,"Lourenz Baliber","2026-08-18 00:34:06",365.3,1,lourenz
8442,16695479,Anandhasabesan,"2026-08-09 13:50:37",365.1,1,anandhasabesan
8443,16758192,"Dev Monk","2026-08-29 14:03:22",364.9,2,devmonk63
8444,16638938,Light&Thunder,"2026-08-09 06:39:19",364.8,2,yerne39
8445,16691753,"Jan Moilanen","2026-08-09 12:02:17",364.8,2,janmoilanen
8446,16682869,"Sepideh Rahmati","2026-09-14 09:43:57",364.8,2,sepidehrahmati
8447,16709337,"Chris Turnbull","2026-08-11 22:15:57",364.8,2,christurnbull
8448,16630662,Akshatjhawar777,"2026-08-05 12:18:30",364.5,2,akshatjhawar777
8449,16763938,"joel paul","2026-08-26 02:05:07",364.4,2,joelpaulf
8450,16668268,"Kunal Rout","2026-08-06 05:48:25",364.2,2,charlotte26
8451,16850232,"Kharchenko Bogdan","2026-09-09 18:57:16",364.2,2,kharchenkobogdan
8452,16697627,abinandhan03,"2026-09-01 10:38:15",364.1,2,abinandhan03
8453,16710244,Bytemindd,"2026-08-26 10:20:45",364.1,2,"daisy023,sruthikanv,thasneemj,uthayanandhini,vajraparameswari"
8454,16867501,aueurm,"2026-09-11 05:07:13",364.1,2,aueurm
8455,16689286,"Telman Yusifov","2026-08-09 07:08:46",363.9,2,yusifovtelman
8456,16622943,"Erwin Huizenga","2026-09-06 15:04:57",363.9,2,erwinh
8457,16662079,"Farrukh Hussain","2026-09-08 11:36:07",363.6,2,farrukhhussai
8458,16772511,"Max Gläser","2026-08-26 23:39:34",363.5,1,maxglser
8459,16657687,"Siddardha Shayini","2026-09-15 12:52:57",363.5,2,siddardhashayini3
8460,16666257,"Shijian Wen","2026-08-06 09:40:44",363.3,2,shijianwen
8461,16664401,"Pranav Premchand","2026-08-05 03:07:24",363.1,1,pranavpremchand
8462,16727022,Saharkh99,"2026-09-01 00:18:26",363.1,2,saharkh99
8463,16638704,"Lee Yen Fei","2026-09-01 03:31:45",363.1,2,leeyenfei
8464,16855738,"Anuj Gupta","2026-09-09 07:38:48",363.1,2,anuj6540
8465,16818498,"AARYAN VISHAL","2026-09-07 11:53:23",362.9,2,aaryanvishal
8466,16794088,"Felipe Colombarolli","2026-08-31 00:46:32",362.5,2,felipecolombarolli
8467,16891519,SongShijieCC305,"2026-09-14 16:03:59",362.3,2,songshijiecc305
8468,16658960,"Amit Kumar","2026-08-06 05:44:30",362.1,2,anmitkumar
8469,16690029,Nitesh_Prajapati2569,"2026-09-15 07:04:17",362.1,2,niteshprajapati2569
8470,16686411,NeoCodes.Dev,"2026-08-23 23:53:10",362.1,2,neocodesdev
8471,16730589,山谷知輝,"2026-09-02 02:03:05",362.0,2,tomokiyamaya
8472,16876529,"Νικόλαος Μπριάκος","2026-09-17 09:06:24",361.8,2,bnikos
8473,16666216,missss,"2026-08-06 06:49:00",361.6,2,missssb
8474,16714425,sileza,"2026-08-13 12:57:35",361.4,1,azelis
8475,16663674,"Mason Mahar","2026-08-30 04:00:17",361.2,2,masonmahar
8476,16667987,"Kunj Kansara","2026-08-05 13:41:26",360.9,1,kunjkansara
8477,16686726,"Skander Neffati","2026-09-19 12:40:23",360.8,1,skanderneffati007
8478,16696384,Sisu16,"2026-08-13 20:13:27",360.8,2,sisu16
8479,16662162,"THE predict","2026-08-13 21:18:25",360.8,2,vikaspal505
8480,16662197,"Zehra Basaral","2026-08-07 10:42:57",360.6,2,zehrabaaral
8481,16692825,"Saad Arain","2026-08-09 12:27:08",360.1,2,saad451
8482,16661824,"Maksymilian Dec","2026-09-29 11:36:37",360.0,1,maxdec
8483,16659018,"Ramziddin Toxirov","2026-08-11 04:58:03",360.0,2,ramziddintoxirov
8484,16660228,"Ochuwa Pearl Isa","2026-08-06 09:29:36",359.8,2,pearlisa
8485,16667615,"Zayd Mulani","2026-08-08 23:05:57",359.7,2,zaydmulani
8486,16782192,"Marcelo Correa","2026-09-25 11:24:09",359.6,2,mvcorrea
8487,16668286,"Sabari V","2026-08-15 14:38:41",359.4,2,sabari112005
8488,16669229,"Kayvan Sinha","2026-08-11 15:23:35",359.2,2,kayvansinha
8489,16723046,"Pedro Joás","2026-09-30 21:52:47",359.2,2,pedrojos
8490,16860003,"Aatif Sayyad","2026-09-10 21:31:13",358.8,2,aatifsayyad
8491,16904593,"VARADRAJ CHANDRAKANT PATIL","2026-09-29 08:32:16",358.7,2,varadraj06
8492,16770085,AllenCheng329,"2026-08-25 10:05:43",358.6,1,allencheng329
8493,16722757,"Sebastian Adamatzky","2026-08-14 19:10:23",358.4,2,sebastianadamatzky
8494,16906238,Naaz,"2026-09-17 06:33:26",358.1,2,naaz03
8495,16662791,"Shiva Neshan yuva","2026-08-15 18:39:16",358.0,2,shivaneshanyuva
8496,16757338,Dewakaran,"2026-08-22 05:34:35",358.0,1,dewakaran
8497,16840626,"Christopher Márquez","2026-09-12 22:23:02",357.9,2,christophermrqz1174
8498,16662319,ethan.ai,"2026-08-13 18:16:35",357.5,2,ethanai
8499,16659720,Project_Kurukshetra,"2026-08-16 05:01:34",357.4,2,"chaitanyaterli05,lavanyayandapalli"
8500,16673310,dffzno1,"2026-08-14 01:44:55",357.3,2,joyzip
8501,16794431,"Yash Apps","2026-09-08 04:12:52",357.2,2,yashwanthgajji
8502,16943467,"Goose Gang","2026-09-27 12:52:06",357.1,2,"itzpk16,mohamedfarih,radeshl"
8503,16780915,"Aravind S","2026-09-22 14:16:59",357.0,2,aravind20061981
8504,16668431,"Harshpreet Singh #2","2026-08-06 01:06:28",356.7,1,harshpreetsingh45
8505,16875657,"Валерия Захарова","2026-09-12 23:53:56",356.7,2,melomanpanda
8506,16661095,"AAYUSHMAAN PATEL","2026-08-09 08:16:53",356.3,2,aayushmaanpatel
8507,16706516,"Mohit Khade13","2026-08-26 16:03:22",356.0,2,mohitkhade13
8508,16676726,"Manaswi Bansal","2026-08-16 06:28:05",355.8,2,manaswibansal
8509,16779805,"Ákos Blaschek","2026-09-01 17:21:44",355.7,2,kosblaschek
8510,16691027,"Jelle Maas","2026-08-08 14:58:19",355.6,2,jellemaas
8511,16628521,arai9953,"2026-08-24 22:46:57",355.4,2,arai9953
8512,16801437,"Koh Saito","2026-09-05 06:01:20",355.4,1,kohsaito
8513,16770522,honsomewakebera,"2026-09-30 15:31:26",355.3,2,honsomewakebera
8514,16624935,"Anjana mohan","2026-08-01 06:06:39",355.3,2,anjanamohan13
8515,16690947,"Veiled Star","2026-08-10 13:36:49",354.9,2,veiledstar
8516,16658367,"Prachii Sonii","2026-08-31 17:28:45",354.9,2,prachiisonii
8517,16702935,"Defne Demir","2026-08-11 18:27:36",354.6,2,defnedemir
8518,16729708,msmsuman,"2026-09-06 11:11:45",354.5,2,msmsumanmuskan
8519,16660318,"Aiman Al-Shalfi","2026-09-14 12:39:08",354.2,2,aimanalshalfi
8520,16758681,"Sahil suman","2026-08-26 16:26:13",353.9,2,gruntingtorch
8521,16705696,"TS Farmer","2026-08-13 11:22:09",353.9,2,"shivangkainth,tusharsekhri27"
8522,16628404,theken,"2026-08-09 12:19:19",353.7,2,theken
8523,16625770,"Đức Trung Trần","2026-08-24 11:01:33",353.7,2,ctrungtrn
8524,16660489,"Luca Lullo","2026-09-24 06:56:17",353.7,2,lucalullo
8525,16849620,rgbweston,"2026-09-07 18:00:17",353.6,1,rgbweston
8526,16662267,"Fahim Montasir","2026-08-10 16:15:10",353.5,2,fahimmontasir
8527,16779823,"Jean Dem","2026-08-31 12:38:41",353.4,2,jeandem
8528,16732355,"Nagesh gite","2026-09-06 07:44:05",353.3,2,"kuberb,nageshgite,vasugupta1121"
8529,16663990,"OURNO PAPA SALIF","2026-08-07 23:18:43",353.3,2,belfiremine
8530,16747683,"Jianyu Lin","2026-08-27 13:05:05",353.3,1,jianyulin1999
8531,16927163,1234321,"2026-09-23 18:14:38",353.3,1,sakamoto1234
8532,16679392,Dickie,"2026-08-09 09:05:10",353.1,2,dickieho
8533,16773370,"Nishant #1","2026-08-26 06:11:42",353.0,1,nishanttomar110
8534,16670724,"Neel Patel","2026-08-14 19:33:43",352.9,2,n33lpat3l
8535,16660294,"Mohamed Amadu Bangura","2026-08-04 16:14:07",352.8,1,mohamedamadubangura
8536,16727326,AhmedMousaHassan2510,"2026-08-17 12:56:01",352.8,2,ahmedmousahassan2510
8537,16658512,fatariq,"2026-08-10 21:18:35",352.7,2,fatariq
8538,16794285,Penelope.pnlp,"2026-09-01 15:38:43",352.6,2,penelopepnlp
8539,16757236,"Erlanda Miko P","2026-08-23 07:02:01",352.5,2,snneva
8540,16637762,"Greek olive oil","2026-08-09 19:56:48",352.4,2,alexanderchar
8541,16709299,"Divyanshu Choudhary","2026-09-04 13:13:32",352.4,2,divyanshuchoudhary25
8542,16670565,"Grant Biellak","2026-08-05 22:52:01",352.4,2,grantbiellak
8543,16643278,"Giovani Moresco","2026-08-06 05:30:45",352.4,2,giovanimoresco
8544,16796834,"Harsh Gupta #2","2026-09-09 19:20:48",352.0,2,harshgupta0415
8545,16790076,Jessewudao,"2026-09-04 16:54:58",351.9,1,"jessewudao,zongruixie"
8546,16721615,"Dai Dai","2026-09-08 07:59:14",351.5,2,jumpingdaidai
8547,16639727,"Andres Mohali","2026-08-13 23:03:25",351.3,2,mohax3
8548,16741746,"Ahmed Harfoush","2026-08-19 09:47:45",351.2,1,ahmed1harfoush
8549,16943142,"ravi AK","2026-09-27 11:50:08",350.8,2,raviak
8550,16740197,Winssk,"2026-08-27 01:55:06",350.8,2,winssk
8551,16764608,messibeatgravity,"2026-08-24 05:34:05",350.7,1,messibeatgravity
8552,16793944,"Grupo 808","2026-08-30 22:36:59",350.6,1,grupo808
8553,16770270,"salthiel nishimwe","2026-08-25 10:45:23",350.5,2,salthielnishimwe
8554,16723065,"Kaio Castro","2026-09-30 13:33:53",350.5,2,kaiocastro
8555,16895317,MrUserm,"2026-09-25 18:18:10",350.4,2,mruserm
8556,16817520,shreyansh0103,"2026-09-15 09:18:38",350.3,2,shreyansh0103
8557,16747544,OliverYip,"2026-08-25 06:01:07",350.2,2,oliveryip
8558,16689344,"Shalini Gangrade","2026-08-09 13:17:30",350.2,2,shalinig1
8559,16655737,Dharshini,"2026-08-08 15:00:05",350.1,2,dharshini1812
8560,16722122,Abhas20,"2026-08-19 10:02:51",349.9,2,abhas20
8561,16661633,"Joseph Garcia","2026-08-19 16:28:08",349.8,2,josephpgar
8562,16671714,"Donnell Layne","2026-08-07 15:40:35",349.6,2,jupiter1127
8563,16698188,"Smartex Dan","2026-09-29 22:38:41",349.4,2,smartexdan
8564,16665988,"Ronel maamoc","2026-08-31 09:37:13",349.3,2,ronelmaamoc
8565,16641330,"Takuya Yoshimi","2026-08-04 05:16:22",349.1,2,tkyysm
8566,16809202,amano,"2026-09-03 13:44:49",348.9,2,amanoshotaro
8567,16677747,"Yuvraj Bhatt","2026-08-10 08:38:11",348.7,2,bhattyuvraj22
8568,16785821,"Naresh Meena","2026-08-28 21:24:31",348.5,1,nareshmeena12
8569,16803129,hdttnk,"2026-09-02 14:13:00",348.4,2,hdttnk
8570,16940601,ShreyanshK099,"2026-09-23 07:57:43",348.4,2,shreyanshk099
8571,16667177,"Raunak Phull","2026-08-10 11:14:44",348.4,2,raunakphull4
8572,16690077,"GOMATHI PRIYA","2026-08-13 06:38:45",348.3,2,gomathipriyaraj22
8573,16738563,"Amrutha H","2026-09-28 12:44:44",348.2,2,amr13utha
8574,16670188,orivael,"2026-08-05 21:20:17",348.1,2,orivael
8575,16881853,Sleepyman,"2026-09-15 09:22:24",348.0,2,alishakeri1
8576,16918421,"Joseph Kosednar","2026-09-29 04:00:19",348.0,2,josephkosednar
8577,16656946,"Sambit Padhan","2026-08-05 10:10:10",348.0,2,sambitpadhan
8578,16634720,Thiyo,"2026-08-18 11:51:04",347.9,2,thimirajayasekara
8579,16687699,jegazhu,"2026-08-13 22:25:15",347.8,2,jegazhu
8580,16660397,Divyansh82Raj,"2026-08-04 15:01:28",347.8,2,divyansh82raj
8581,16684225,"Aum Savaliya","2026-08-10 20:10:02",347.6,2,aumsavaliya
8582,16630772,"Mitsuhiro Iizuka","2026-08-04 10:31:00",347.6,2,mitsuhiroiizuka
8583,16629742,yun,"2026-08-15 09:10:21",347.4,2,yuyumarupython
8584,16907754,Shenghan,"2026-09-22 16:17:41",347.3,2,shenghanxie
8585,16704985,"Ethan Marchisano","2026-08-24 21:36:54",347.1,2,ethanmarchisano
8586,16757615,"Muhammad Umer Khan","2026-09-28 09:50:06",347.0,2,mehmedumer0028
8587,16664454,"Naga Vinay Avvaru","2026-08-05 07:04:44",347.0,2,anagavinay
8588,16733007,"Not Found","2026-08-17 16:32:16",346.9,4,"ammarkhan05,zainabirfanansari"
8589,16661891,BALLEN1337,"2026-08-04 19:22:30",346.9,2,ballen1337
8590,16683087,qiuchenglong,"2026-08-07 09:25:48",346.8,2,qiuchenglong
8591,16671512,"Darren Grendi","2026-08-10 00:38:51",346.6,1,darrengrendi
8592,16674012,ahankesumah,"2026-08-16 07:34:05",346.4,2,ahankesumah
8593,16654758,f--n,"2026-09-06 13:37:43",346.3,1,a17442473
8594,16666997,"Krishnamurthy Venkatasubramanian","2026-08-05 15:09:46",346.2,2,krishnamurthyvenkat
8595,16715097,"Yusuf Yavuz","2026-08-13 00:25:40",346.2,1,yusufyavuzz
8596,16705300,T3485D5T,"2026-09-03 08:20:18",346.1,2,"danijelbilalli,t3485d5t"
8597,16732340,"BJ Kim","2026-08-19 15:17:16",346.0,2,doitdoit80
8598,16758663,"Light In","2026-08-22 19:18:51",345.8,2,lightin45
8599,16779505,"Prasad Ovhal","2026-09-24 13:31:06",345.8,2,prasadovhal
8600,16727480,MSAM,"2026-09-07 13:43:02",345.7,2,arashdeepsinghmaan
8601,16685164,cleanledger,"2026-08-07 13:38:23",345.3,2,cleanledger
8602,16685625,"silvan ion","2026-08-08 13:05:39",345.2,2,john1one
8603,16667105,"Vikram Tiwari","2026-08-10 11:12:26",345.0,2,vikramtiwari
8604,16867163,"Harikesh Shukla","2026-09-29 15:17:19",345.0,2,harikeshshukla
8605,16779769,"Pravin jeyavel","2026-09-14 05:39:48",344.9,2,pravinjeyavel
8606,16677470,"Saish Walavalkar02","2026-08-09 12:44:51",344.7,2,"harichaudhari1,kaiserjayin,meetramjiyani,nirbhaygajabi30,saishwalavalkar02"
8607,16941652,里奥梅东,"2026-09-25 10:55:28",344.6,2,lionalmedong
8608,16658882,"toukali samir","2026-08-07 13:43:05",344.6,2,toukalisamir
8609,16656860,SamReiswig,"2026-09-02 04:04:09",344.5,1,sreiswig
8610,16658286,"Jatin Gujarathi","2026-09-20 08:36:06",344.4,2,jatingujarathi
8611,16695177,"Ajith Bagali","2026-08-15 12:23:37",344.1,2,ajithbagali
8612,16668673,"kyran sinha","2026-08-14 14:21:34",344.1,2,kyransinha
8613,16702771,n_samii,"2026-08-14 01:20:08",344.0,2,nsamii
8614,16795677,"Carol bright","2026-08-31 09:30:28",343.8,2,carolbright
8615,16670988,"Pavle Skoric","2026-09-24 21:18:17",343.8,2,pavleskoric
8616,16655689,花朝,"2026-08-05 04:10:02",343.7,2,xhxyyds
8617,16662854,"NISCHAY SANJAY JIWANKAR 23115098","2026-08-13 05:38:18",343.7,2,nischay2908
8618,16896549,"Nived P A","2026-09-15 16:39:35",343.5,2,nivedpa
8619,16668479,"Muneera Mahjabeen","2026-09-30 15:42:35",343.5,2,muneeramahjabeen
8620,16933048,"Anusuya Gurusamy","2026-09-23 04:45:03",343.3,2,anusuyagurusamy
8621,16638383,"Yunus Emre Sarıduman","2026-08-12 12:57:08",343.2,2,emresariduman
8622,16685207,"Koushik Thummu","2026-08-07 18:15:47",343.0,2,koushikthummu
8623,16661331,"John Wessel","2026-09-30 14:19:39",342.9,2,johnwessel
8624,16898498,"Prakash Bandi","2026-09-21 01:59:35",342.9,2,prakashbandi
8625,16641665,huangjunjia,"2026-08-04 14:12:26",342.8,2,huangjunjia777
8626,16891781,"mohamed saafan","2026-09-14 14:54:04",342.7,2,mohamedsaafan
8627,16659621,Ananya,"2026-09-27 17:41:15",342.7,1,ananya230106
8628,16641606,"Tanisha Sahu","2026-08-02 14:39:27",342.7,2,tanisha3
8629,16890029,"Siqing Jing","2026-09-15 02:53:04",342.6,2,siqingjing
8630,16739447,"Jacob Stambaugh","2026-08-19 17:53:29",342.4,2,jacobstambaugh
8631,16715988,"Hsyn Kskn","2026-09-03 12:08:15",342.4,2,hsynkskn
8632,16656932,"Thivvin Raj","2026-08-13 03:53:35",342.0,2,thivvinraj
8633,16673201,"Sanjay Varma Malladi","2026-09-30 18:52:11",341.9,2,sanjayvarmamalladi
8634,16659410,TTH,"2026-08-07 08:21:16",341.9,2,tthungdz
8635,16677761,"Rithuraj Nambiar","2026-08-06 18:11:41",341.8,2,rithurajnambiar
8636,16684677,"Sean Southwick","2026-08-27 14:45:32",341.8,2,seansouthwick
8637,16710417,"Aryant Jadhav","2026-08-15 18:57:18",341.7,2,aryantjadhav
8638,16730745,"Aymerou Yaya Koné","2026-09-30 01:26:52",341.5,2,aymerouyayakon
8639,16924761,"Chang Loukas","2026-09-24 06:22:27",341.1,2,changloukas
8640,16735593,"timur tytrin","2026-08-18 07:37:46",340.7,2,timurtiutrin
8641,16654258,"Ashray Bagde","2026-08-13 08:13:00",340.6,2,ashrayaaaaa
8642,16701060,"Paula Jimenez","2026-08-22 16:18:37",340.6,2,paulajimenez
8643,16668159,ABDELGHANY,"2026-08-12 11:04:36",340.5,2,abdelghanyrageh
8644,16716670,"Aremanda Yasaswini","2026-08-13 09:27:46",340.5,1,aremandayasaswini
8645,16630007,"Yuankun Liu","2026-07-31 15:48:13",340.4,2,lyk1652
8646,16662577,"Shreyash Suryawanshi","2026-09-02 19:42:31",340.3,2,shreyashsuryawanshi
8647,16799743,"Luc Tellier","2026-09-05 08:31:17",340.2,1,luctellier
8648,16656480,"Dip Biswas","2026-08-07 04:35:56",340.1,2,dipjacobiswas
8649,16862308,"Furkan CAT","2026-09-10 15:07:24",339.8,2,furkancat
8650,16777515,Abhimanyu21,"2026-08-27 13:33:38",339.7,2,abhimanyu21
8651,16664617,BarkeviousBingo,"2026-08-19 04:34:59",339.7,2,barkeviousbingo
8652,16661191,"Yudha Eka Saputra","2026-09-30 01:03:45",339.6,2,yudhaekasaputra
8653,16745497,"Handsome Heretic","2026-08-21 19:14:30",339.6,2,handsomeheretic
8654,16658817,"Andrew Glez","2026-08-04 12:10:17",339.6,1,andgos
8655,16905792,"Omar Tarek Fahmy","2026-09-16 10:59:04",339.5,1,omartarekfahmy
8656,16668141,"Soichiro Mochizuki","2026-08-07 22:13:36",339.4,2,soichiromochizuki
8657,16688381,"Teresa Fitzgerald","2026-09-13 21:02:07",339.1,2,teresafitzgerald
8658,16691565,"Blu cky","2026-08-09 19:13:27",339.0,2,llmdablucky
8659,16689349,"Adunola Abdulrahman","2026-08-10 17:38:47",339.0,2,adunolaabdulrahman
8660,16831875,"Hamza Mughrabi","2026-09-06 19:10:53",338.9,2,hamzamughrabi
8661,16633475,betagammashtrit,"2026-08-29 16:24:03",338.8,2,betagammashtrit
8662,16679850,AryaGarg23,"2026-08-09 03:33:14",338.6,2,aryagarg23
8663,16657063,"those how","2026-08-04 07:50:57",338.4,2,thosehow
8664,16710564,"Clarice Harijanto","2026-08-14 04:28:13",338.3,2,clariceting
8665,16735966,kyone,"2026-08-18 08:09:32",338.1,1,xtraky
8666,16898258,"Eugene Blackman","2026-09-22 22:46:05",338.0,2,eugeneblackman
8667,16940854,AmbujSingh11294,"2026-09-30 13:08:36",337.8,2,ambujsingh11294
8668,16657883,jps,"2026-08-06 08:36:04",337.8,2,jahaziel
8669,16717447,zhiyue666,"2026-09-10 09:01:07",337.8,2,zhiyue666
8670,16759115,chabinhwang,"2026-08-22 14:33:59",337.5,1,chabinhwang
8671,16716322,zhaimh,"2026-08-14 02:43:21",337.3,2,zhaimh
8672,16870360,"Tedi Septiana","2026-09-14 06:57:54",337.3,2,tediseptiana
8673,16669218,"Shaik Sabiya","2026-08-12 09:15:22",337.2,2,shaiksabiya55
8674,16934966,"Sai Sagar M.S","2026-09-28 10:35:16",336.8,1,saisagarms
8675,16691153,"Hafsa Rouchdi","2026-09-26 12:25:36",336.8,2,hafsarouchdi
8676,16659688,Daniel,"2026-08-05 12:21:37",336.8,2,danielyazgi
8677,16716649,"Meghana Busse","2026-08-13 09:33:08",336.7,1,meghanabusse
8678,16716585,"tejaswini kakollu","2026-08-13 09:12:37",336.7,1,tejaswinikakollu
8679,16655555,Bharath2411,"2026-09-03 07:14:26",336.6,2,bharath2411
8680,16657056,"Jacob Ross Piedad","2026-08-06 12:15:14",336.6,1,jacobrosspiedad
8681,16656472,angusdddsa,"2026-08-04 06:04:22",336.5,2,angusdddsa
8682,16708723,zaltark,"2026-09-25 12:29:49",336.4,1,zaltark
8683,16622097,"Garrick C.P.","2026-08-10 18:12:06",336.3,2,garrickchinnis
8684,16752067,neuroxaker,"2026-08-22 14:50:32",336.3,2,neuroxaker
8685,16794153,"harshita harshita","2026-08-31 17:47:11",336.2,2,harshitaharshitaaaa
8686,16770758,"Maor talker","2026-08-26 20:18:59",335.8,2,maortalker20
8687,16866482,"Sunday Ibidapo","2026-09-10 21:46:49",335.5,1,sundayibidapo
8688,16848262,Philedo,"2026-09-12 14:33:59",335.5,2,philedo
8689,16755029,"Jashan Bajwa","2026-08-22 12:56:30",335.4,2,jashanbajwa
8690,16675093,"Nikhil Srivastava","2026-08-15 08:47:12",335.3,2,nikhilsrivastavark
8691,16657142,"Vishisht Gupta","2026-08-16 16:16:54",335.2,2,vishishtgupta
8692,16696419,detectivseb,"2026-08-12 10:34:45",335.2,2,detectivseb
8693,16682108,"Shadow Monarch","2026-08-17 06:45:10",335.1,2,avinashk01
8694,16778526,starkhushi,"2026-08-27 07:01:28",335.1,2,starkhushi
8695,16771187,FernandoRB,"2026-08-26 15:53:49",335.0,2,fernandorb
8696,16747403,"Kanchan Chavan","2026-09-12 17:46:56",334.7,2,momovedant
8697,16723273,"Bradley ZODOME","2026-08-19 07:06:18",334.7,2,bradleyzodome
8698,16876354,A_Mose,"2026-09-12 08:57:15",334.6,2,mmameh
8699,16681188,"Tresor Mufalme.","2026-08-08 09:29:05",334.6,2,tresormufalme
8700,16668091,Solidscripts.io,"2026-09-24 02:14:47",334.4,2,juancamera1
8701,16792567,"Karan Rai","2026-09-30 22:50:17",334.3,2,karanrai248
8702,16669176,"Karakam Sridevi","2026-08-11 07:44:48",334.3,2,karakamsridevi
8703,16933436,"Shi Chen","2026-09-22 07:39:57",334.2,2,hjhhhk
8704,16755264,wsdsby,"2026-08-21 15:16:42",334.2,2,wsdsby
8705,16677804,"Pravin Takpire","2026-08-11 08:17:51",334.1,2,pravintakpire
8706,16784379,超级陆战队,"2026-08-29 14:43:33",333.9,2,luyi61227
8707,16785676,Bilal11122,"2026-08-29 08:15:46",333.5,1,bilal11122
8708,16726381,"Adriana Redondo","2026-08-15 19:39:41",333.3,1,adrianaredondo
8709,16671519,"Mandhati Sai ganesh","2026-08-06 06:36:45",333.2,2,mandhatisaiganesh
8710,16659394,"יוסף בש","2026-08-09 15:11:23",333.0,2,josiii123212
8711,16693147,"Oliver Curtis1","2026-08-09 14:51:57",333.0,2,olivercurtis1
8712,16655250,"Juan Pablo Ponce","2026-08-08 03:34:18",332.9,2,juanpabloponce28
8713,16894517,kuchinwei,"2026-09-17 14:52:52",332.8,2,kuchinwei
8714,16681397,"Vishal Dubey","2026-08-11 08:51:13",332.7,2,visha1dubey
8715,16828390,Yuhuping,"2026-09-04 11:22:14",332.3,1,yuhuping
8716,16937616,"ZIYU NI","2026-09-21 17:26:32",332.2,1,jacsonpercy
8717,16696439,VaraPrabha,"2026-08-10 04:36:00",332.2,2,galiveetipoornima
8718,16623540,TheDuck,"2026-09-30 19:25:29",332.0,2,jaxroth
8719,16695592,"André Luiz Pedroso","2026-08-09 11:59:19",331.6,1,andreluizpedroso
8720,16668696,Fabian,"2026-09-03 15:52:06",330.9,1,fabiantoh98
8721,16639624,"Nishanth Rajan","2026-08-02 03:25:35",330.9,2,nishanthrajandev
8722,16728881,Ch.Manvita,"2026-08-16 16:33:52",330.9,2,chmanvita
8723,16638343,"Phong Khoi","2026-08-04 12:20:52",330.9,2,phongkhoi
8724,16653001,"Alexey Kuleshov","2026-08-04 12:07:51",330.7,2,alexkulll
8725,16666218,"sugan Chandrasekar","2026-08-16 11:02:09",330.4,2,suganchandrasekar
8726,16721948,ziszim,"2026-08-26 14:38:30",330.4,2,ziszim
8727,16772089,"Ana Riquele","2026-09-29 18:37:30",330.3,2,anariquele
8728,16652422,Kite,"2026-08-17 16:26:55",330.1,1,kiteyinlong
8729,16793536,yukko08,"2026-09-25 12:09:25",330.1,2,yukko08
8730,16721529,"Danny De Bree","2026-08-20 09:46:36",329.6,1,dannydebree
8731,16649794,"Wanzhu Zhao","2026-08-04 13:04:05",329.5,2,wanzhuzhaora
8732,16895685,yuyiduo,"2026-09-28 08:56:01",329.5,1,yuyiduo
8733,16716713,"T Vamsi Krishna","2026-08-13 09:37:43",329.1,1,vamsee3763
8734,16735307,"Ayush Dhabsa_real","2026-09-10 09:13:50",329.0,1,ayushdhabsareal
8735,16852606,Hallucinators,"2026-09-27 15:33:45",328.9,2,samikshakamdi
8736,16673825,h_jun,"2026-08-10 06:21:12",328.8,1,lhjoon77
8737,16675324,"Attempt Seven","2026-08-10 10:13:50",328.7,2,attemptseven
8738,16677950,"Rounak Laddha","2026-08-15 01:47:41",328.6,1,rounakladdha
8739,16653105,James,"2026-08-17 16:52:18",328.5,2,jamesquirk
8740,16702742,"Kavyanshu Singh","2026-08-11 10:47:02",328.0,2,kavyanshusingh
8741,16656190,"Akshaj Shandilya","2026-08-06 03:14:36",327.9,2,akshajshandilya
8742,16700360,"Thanush Soma","2026-08-10 09:49:02",327.9,2,thanushsoma
8743,16771216,"Hugo Ponce","2026-08-25 17:54:30",327.8,2,hugoskn
8744,16731108,"Vipparla Nandini","2026-08-17 06:29:48",327.7,1,vipparlanandini
8745,16717522,kyunyoung,"2026-08-14 07:16:00",327.5,2,kyunyoung
8746,16668592,"Ashutosh jatav","2026-08-09 13:34:45",327.4,2,ghost1412
8747,16635130,Pongsaky,"2026-08-01 12:56:02",327.4,2,gantanch
8748,16664671,Acteus,"2026-08-06 00:01:12",327.2,2,acteus
8749,16654213,"Hojin Jang","2026-08-20 09:59:20",327.1,2,hojinjang
8750,16770039,"Yevhen Tsyba","2026-09-23 06:25:44",327.0,2,yevtsy
8751,16665449,AgroVisionAI,"2026-08-11 19:52:49",326.9,2,"aishwaryvarshney,bhuppisharma,kirtisharmaphd,pragyasingh59,priyasingh0590"
8752,16634219,"Michael J Hammel","2026-08-01 11:37:10",326.8,2,michaeljhammel
8753,16661002,"Eliyas sk","2026-09-02 12:32:51",326.8,2,eliyassk
8754,16844410,ナポレオン,"2026-09-07 15:46:40",326.7,2,naporeondesu
8755,16662874,"Dev Shah","2026-08-08 01:52:52",326.7,2,imdevshah11
8756,16711573,"Sushmitha Vasantha","2026-08-13 09:08:29",326.6,1,sushmithavasantha
8757,16656608,"Jeffrey Dilley","2026-08-04 15:40:08",326.6,1,jeffreydilley
8758,16721675,stork8i,"2026-08-14 13:16:26",326.6,1,stork8i
8759,16831106,asd1984,"2026-09-05 17:40:01",326.4,2,asd1984
8760,16879281,"Monesh M","2026-09-25 19:41:47",326.1,2,moneshm908
8761,16654788,bumbum,"2026-08-14 12:59:51",326.1,2,krzysztoff1
8762,16661476,slowpoke,"2026-08-29 16:33:07",325.7,2,banboyechristains
8763,16927652,"Mukilan A.R.","2026-09-27 03:40:27",325.6,2,mukilanar
8764,16730191,rRTZZZ,"2026-08-17 02:43:14",325.3,2,rrtzzz
8765,16658519,"David kinyanjui","2026-08-31 07:10:00",325.2,2,davidkinyanjui
8766,16655257,"Afia Animah Fosu","2026-08-04 18:21:50",325.2,2,afiaanimahfosu
8767,16656135,"JAYASURYA R","2026-08-05 15:43:01",325.0,2,suryar261
8768,16780268,"SAI ESHWAR S","2026-08-29 06:26:11",324.7,1,saieshwars
8769,16659260,hitesh,"2026-08-05 19:29:28",324.5,2,shahhs
8770,16634352,"sovit karki","2026-08-12 17:21:13",324.3,2,sovitkarki
8771,16666590,"Hoàng Anh Tú","2026-08-12 23:59:58",324.2,2,anhtu9999
8772,16716497,xpxg,"2026-08-16 17:04:22",324.2,2,deepxchat
8773,16710241,"Julien Serbanescu","2026-08-12 14:32:50",324.0,2,julienserbanescu
8774,16624235,appu2431,"2026-08-11 15:56:41",323.8,2,appu2431
8775,16654330,"Perumalla Pujitha","2026-08-12 18:09:24",323.6,2,perumallapoojitha
8776,16683178,soulasin,"2026-08-07 14:32:26",323.6,2,soulasin
8777,16795399,"Diksha Phartyal","2026-09-30 05:46:40",323.5,1,dikshaphartyal
8778,16937995,"Aleksandr Rybin","2026-09-21 22:21:56",323.5,2,aleksandrrybin
8779,16882081,Aabualella,"2026-09-13 00:58:37",323.4,1,aabualella
8780,16783322,kentaro,"2026-08-29 03:55:45",323.4,2,kentarokujo
8781,16913989,Sanatan21,"2026-09-18 11:41:17",323.4,2,sanatan21
8782,16662967,"Amalio Gomez","2026-08-04 22:07:16",323.3,1,amaliogomez
8783,16716594,"U Anand Williams","2026-08-13 09:19:09",323.1,1,uanandwilliams
8784,16723569,"Trishanth Mellimi","2026-08-15 07:09:55",323.1,2,trishanthmellimi
8785,16686332,毛治钦,"2026-09-01 05:05:37",323.0,2,maozhiqinf
8786,16841549,"Ayush Kumar #4","2026-09-06 03:30:02",322.9,2,akyushumar
8787,16759407,"Giovanni Colpani","2026-08-22 17:02:37",322.8,2,giovannicolpani
8788,16624029,"Miguel Angel Rodriguez Fonseca","2026-08-07 03:55:38",322.6,2,miguelangelrodriguez
8789,16659312,qwertyDmitry,"2026-08-05 13:44:24",322.6,2,qwertydmitry
8790,16662647,"Ruben Maya","2026-09-23 22:06:52",322.3,2,rubenmaya
8791,16690098,"Akshay Kashyap","2026-08-10 17:10:28",322.1,2,akshaykashyapakku
8792,16778327,WangYingChen,"2026-08-28 03:11:28",322.1,1,wangyingchen
8793,16666275,HeatS33ker,"2026-08-15 14:37:36",321.9,2,byronokou
8794,16670812,"Brian Toman","2026-08-09 15:56:22",321.9,2,briantoman
8795,16738581,"mr moradi1","2026-08-18 14:31:26",321.8,1,mrmoradi1
8796,16763255,"I P Tharun Gowda","2026-09-16 17:24:11",321.7,2,iptharungowda
8797,16896350,"Abdelghani M'BAREK","2026-09-20 11:26:09",321.6,1,abdelghanimbarek
8798,16689718,HumsAuraTech,"2026-08-21 17:11:42",321.6,2,humaima03
8799,16665907,"Jonathan Saina","2026-09-15 23:12:31",321.5,2,jonathansaina
8800,16622809,"German Vdovin","2026-08-03 00:38:01",321.3,2,ertrerhtytmnbdsefdw
8801,16668340,"Sibi Vishnu","2026-08-08 10:35:33",321.2,2,sibivi
8802,16947575,Rekh_Sharath_Chandra,"2026-09-26 07:37:12",321.1,2,rekhsharathchandra
8803,16658733,luoqiuy,"2026-08-04 10:46:04",321.0,2,luo912
8804,16652230,BorisSpider,"2026-08-13 11:34:46",321.0,2,borisspider
8805,16927761,"M Asghar Shakir","2026-09-21 04:04:32",320.9,2,masgharshakir
8806,16659533,"Pavan Desai","2026-08-10 16:29:20",320.9,2,pavancdesai
8807,16652805,"Rodrigo Batista da Silva","2026-08-13 13:35:19",320.9,2,eurodrigobatista
8808,16718662,Safin,"2026-08-22 17:50:27",320.8,2,safinlynx
8809,16666577,"Jatin khandelwal112","2026-08-05 11:26:41",320.8,2,jatinkhandelwal112
8810,16640901,"[Deleted] bd667f15-dba3-41fc-af8c-337dda60f018","2026-08-20 23:01:51",320.7,2,kizmodo
8811,16903827,"joy lul","2026-09-24 06:52:11",320.5,1,joylul
8812,16831170,"None #2","2026-09-05 04:16:51",320.5,2,mdmorshalinemojumder
8813,16870467,wentingyun,"2026-09-11 10:21:01",320.5,1,wentingyun
8814,16628409,"yann sadowski","2026-07-31 09:39:25",320.2,1,yannsadowski
8815,16735393,Dai_Research,"2026-08-18 10:40:17",320.1,2,dairesearch
8816,16654808,Vishwajeet-maker,"2026-08-17 21:17:02",320.1,1,vishwajeetmaker
8817,16663738,"Handre Bezuidenhout","2026-08-04 23:27:08",320.0,2,handrebezuidenhout
8818,16851029,john01234,"2026-09-08 04:57:12",319.8,2,john01234
8819,16735751,"Hasan Taşkın","2026-08-24 19:36:02",319.8,2,hasantaskin
8820,16660980,"João Marcelo Curi","2026-08-05 18:31:19",319.7,2,joomarcelocuri
8821,16673152,"Arijit Raj","2026-08-06 08:23:14",319.7,2,arijitraj02
8822,16659428,"koneti Anusharani","2026-09-28 12:50:49",319.6,1,anusha1103
8823,16730060,"Enzo Pio","2026-08-21 16:44:03",319.6,2,enzopio
8824,16690166,"Niteshwar Mishra","2026-08-08 10:02:22",319.2,2,niteshwarmishra
8825,16859646,Andy2009,"2026-09-09 12:12:02",318.4,2,andy2009
8826,16928286,sofonias201012,"2026-09-20 09:33:20",318.2,1,sofonias201012
8827,16658319,"Huỳnh Nguyễn Trọng Tín","2026-08-06 06:23:40",318.0,2,tnhunhnguyntrng
8828,16660099,Desireog71,"2026-08-08 15:01:19",317.9,2,desireog71
8829,16844246,"CS Abhinay","2026-09-17 08:56:32",317.9,2,csabhinay
8830,16916821,"Amjath S","2026-09-19 18:03:15",317.8,2,amjaths
8831,16665460,"Shubham kumar jha","2026-08-23 07:36:36",317.8,2,shubhamjhakr
8832,16802128,"vaman soni","2026-09-02 10:08:49",317.6,1,vamansoni
8833,16711383,"Monika Kocianova","2026-08-14 11:01:11",317.3,2,monikakocianova
8834,16711497,"Korvi sai kumar","2026-08-13 08:02:21",317.3,1,korvisaikumar
8835,16682342,"Jebez Oswald","2026-08-10 05:38:15",317.1,2,jebezoswald
8836,16682632,Sebastiaan,"2026-08-27 18:24:40",317.1,2,sebastiaanreinders
8837,16896207,"Bùi Cao Trí","2026-09-15 16:17:43",317.1,1,bicaotr
8838,16854519,nmw,"2026-09-09 15:23:56",316.9,2,rubikkaggle
8839,16665996,AVATAR3905,"2026-08-06 18:14:01",316.9,2,avatar3905
8840,16706181,"Juvenal Pedro Baptista","2026-08-16 14:58:40",316.6,2,juvenalpedrobaptista
8841,16792188,anisotropies,"2026-09-12 05:25:04",316.6,2,achan31
8842,16664819,"SUBHASRI  S","2026-09-30 14:23:45",316.5,2,subhasri2007
8843,16662428,"Sonu kumar","2026-08-24 05:18:49",316.5,2,sonukumar9142
8844,16633737,nrg,"2026-08-04 20:19:50",316.4,1,nargizaskarbekkyzy
8845,16688364,"Om Raval08","2026-08-21 02:57:23",316.2,2,omraval08
8846,16674725,"rajan jha","2026-08-13 12:05:42",316.2,2,rajan1673
8847,16665980,cshara,"2026-08-06 08:41:16",316.0,2,cshara
8848,16673167,Karam96,"2026-08-08 11:40:36",315.8,2,karam96
8849,16656919,Sumaiya,"2026-09-09 18:09:44",315.6,2,ayeshasummaiyya
8850,16796468,suin7328,"2026-09-05 02:05:08",315.4,2,suin7328
8851,16732296,"duong nguyen","2026-08-20 14:51:38",315.3,1,duongnguyen161
8852,16848598,"Work 3","2026-09-12 09:26:57",315.3,2,nanisriram
8853,16657616,"Manikumar Kundena","2026-09-20 17:25:19",315.1,1,manikumarkundena
8854,16728261,"Smit Deshaval","2026-08-24 17:44:12",315.1,2,smitdeshaval11
8855,16715791,CustardApple47,"2026-09-06 11:34:26",314.8,2,custardapple47
8856,16731458,"Arthur Baygildin","2026-08-17 10:06:55",314.5,1,arthurbaygildin
8857,16883375,"Sam Robin Singh E","2026-09-14 22:42:51",314.2,2,samrobinsinghe
8858,16641140,NITISH_GOYAL1,"2026-08-27 06:42:29",314.1,2,nitishgoyal1
8859,16762854,J8young,"2026-08-26 13:52:54",313.7,1,j8young
8860,16926528,"Badri Vishal","2026-09-19 18:42:19",313.4,2,badrivishal90
8861,16688859,"Muhammad Fayaz Khan","2026-08-08 06:36:02",313.3,2,mfayazkhan
8862,16912504,"Zongyi Zhou/ Joe","2026-09-22 15:24:35",313.1,1,zongyizhoujoe
8863,16669188,Sebastián,"2026-09-25 21:30:33",313.0,1,sebatl
8864,16682229,"mayuri sarangi","2026-08-29 14:03:36",312.6,2,mayurisarangi
8865,16629476,NOOBS,"2026-08-09 19:58:48",312.5,2,"patelkrishna8,sakshamranawade,shravanideshpande25"
8866,16661390,"Raúl García Gómez","2026-08-04 17:04:39",312.1,2,corso138
8867,16894000,"Vivek Silimkhan","2026-09-15 11:11:29",312.0,2,viveksilimkhan
8868,16712958,"Chicken Little","2026-09-27 09:39:49",312.0,1,bcookie11
8869,16666171,"JD Crew","2026-08-06 12:52:58",311.8,2,"abhijnanpodder,ahsafabid"
8870,16639067,"ToMY F.","2026-08-11 11:34:31",311.7,1,tomyfdev
8871,16641294,YogeshG22,"2026-08-03 17:58:51",311.7,2,yogeshg22
8872,16723047,"Matheus Finger","2026-09-11 19:15:11",311.5,2,matheusfinger
8873,16739702,"Vasantha Kumar552","2026-08-19 07:22:10",311.1,2,vasanthakumar552
8874,16676974,"Deveshwar U","2026-08-31 01:10:42",311.1,2,deveshwaru
8875,16691667,jeremyllll,"2026-08-12 03:30:26",310.9,2,jeremyllll
8876,16710906,Krunal.ix,"2026-08-12 07:06:58",310.8,1,krunalix
8877,16709754,"Simon Preuss","2026-08-12 16:39:55",310.5,2,simonpreuss01
8878,16868034,"Vivek Teja","2026-09-14 19:25:09",310.4,1,vivektejaraju
8879,16733886,LuisMV8,"2026-09-19 16:51:14",310.4,2,luismv8
8880,16675048,Wizard_King,"2026-08-06 19:35:41",310.3,2,anshumanrayy
8881,16677312,"Kavuri Sravya","2026-08-19 02:33:01",310.3,2,kavurisravya
8882,16646644,BeyondBirthday,"2026-08-09 06:39:01",310.2,2,near07
8883,16667033,"Geethika Sandireddy","2026-08-15 07:04:31",309.9,2,geethikasandireddy
8884,16678653,Wzjj98,"2026-08-06 19:31:39",309.9,1,wzjj98
8885,16692710,"Baran Haydar","2026-08-12 06:56:50",309.8,2,baranhaydar
8886,16876167,"kjl jkl","2026-09-17 15:51:01",309.8,2,kjljkl
8887,16709165,"Yooraj Gole","2026-08-13 18:10:17",309.7,1,yoorajgole
8888,16683400,"wo zhe yi sheng ru lu bo bing","2026-08-10 16:53:48",309.6,2,"ivanlo103,panckck,waijai"
8889,16705798,"orhun uygun","2026-09-24 08:48:21",309.6,2,orhunuygun
8890,16624990,"Tanjim Ahmed Kingshu","2026-08-02 07:05:52",309.2,2,tanjimahmedkingshu
8891,16792703,yuvansh,"2026-09-28 00:29:31",309.2,2,yuvansh
8892,16669725,chosunghwan,"2026-08-06 03:52:24",309.1,1,chosunghwan
8893,16676416,"Abhishek Mishra","2026-08-10 10:09:30",308.5,2,abhishekmishra23
8894,16658011,"Arooba Hanif","2026-08-05 07:24:53",308.3,2,aroobahanif
8895,16628296,NoxMetenis,"2026-08-15 17:54:03",308.2,1,avasgaire
8896,16706591,"Poorvi Shetty","2026-09-25 14:34:13",308.1,2,poorvishetty1
8897,16663969,"Aarush Kute","2026-09-21 17:06:14",307.9,2,aarushkute
8898,16725769,NikunjMakhija_,"2026-08-19 13:01:57",307.9,2,nikunjmak
8899,16632620,"[Deleted] d9d74cbb-c76e-4fbb-a4bf-35e25b48627d","2026-08-08 16:00:16",307.8,2,del=c21e6a8a03ad3b3c
8900,16636643,"Babul Kumar","2026-08-02 07:46:50",307.7,2,babulkumar07
8901,16661351,"Adekojo Adeyemi","2026-08-04 15:25:52",307.7,1,adekojoadeyemi
8902,16769110,tianlululing,"2026-08-26 13:09:45",307.6,2,tianlululing
8903,16668471,Broomva,"2026-08-05 14:57:35",307.4,1,broomva
8904,16732873,"Yash Rana","2026-08-18 04:57:04",307.3,2,yashrana24
8905,16661157,Shenlai,"2026-09-17 14:02:50",307.3,2,shenlai
8906,16755126,"Goosing around","2026-09-30 19:36:13",307.2,2,"annood,davidterkuile"
8907,16941648,ITibe88,"2026-09-22 19:04:58",307.2,2,itibe88
8908,16767037,"Yubraj Sigdel","2026-08-24 15:45:56",307.1,1,yubraj11
8909,16671613,Tyler_026,"2026-09-26 09:44:50",307.1,2,tyler026
8910,16663351,MiguelS,"2026-08-07 15:25:29",306.9,2,lordm758
8911,16936809,"Caleb Ibeh","2026-09-22 08:34:43",306.9,2,calebibeh
8912,16668271,"Shashank Raj","2026-08-06 14:27:00",306.9,2,ssr6156
8913,16845081,"Sera Ria Gomes","2026-09-10 12:28:43",306.8,2,serariagomes
8914,16674394,"Ishant Mittal","2026-08-08 09:24:57",306.7,2,ishantmittal95
8915,16732936,"Kateryna Dudko","2026-08-25 12:15:40",306.6,2,dudkiina
8916,16909521,"Rabs Cats","2026-09-17 02:10:02",306.6,1,rabscats
8917,16692427,"Infy ","2026-08-09 20:48:09",306.6,2,infydes
8918,16758426,"Attique Ansari","2026-08-22 11:50:42",306.5,2,attiqueansari
8919,16680015,"Khôi Trương","2026-08-10 01:11:55",305.8,1,kiykhoi
8920,16865101,"Hanlinh ","2026-09-11 03:58:09",305.6,2,hanlinh227
8921,16659234,"MARY RAISA P","2026-08-27 07:06:43",305.4,2,"harinimala21,maryraisap,saha0102"
8922,16706276,MitulbhBhatia,"2026-08-18 04:02:38",305.2,2,mitulbhbhatia
8923,16666115,"Iam Intolerable","2026-08-06 07:48:28",305.2,2,iamintolerable
8924,16757689,YanXiaohan666,"2026-09-14 03:29:51",304.7,2,yanxiaohan666
8925,16631989,"VIDIT SHRIMALI","2026-07-31 17:13:46",304.5,1,viditshrimali
8926,16654688,"Terrell Millz","2026-08-10 16:08:33",304.5,2,terrellmillz
8927,16658897,"Teja Pattem","2026-08-07 10:42:44",304.3,2,tejapattem
8928,16660369,"Dev MCP","2026-08-04 12:59:09",304.2,1,nishant2905
8929,16657729,"Kandregula V S S V P Krishna Murthy","2026-08-08 15:29:35",304.1,2,kkandregula
8930,16624102,Khadersha.sk,"2026-08-03 02:45:03",304.1,2,khadershask
8931,16657658,"Esther Usman","2026-08-25 23:45:50",303.3,2,estherusman
8932,16768551,"AAYUSHMAAN SINHA","2026-08-25 02:43:00",303.2,2,aayushmaansinha
8933,16894314,curious007hi9387983,"2026-09-17 07:41:07",302.9,1,curious007hi9387983
8934,16682345,Gordy,"2026-08-31 07:39:13",302.6,2,gordyii
8935,16623739,SarsaShen,"2026-08-05 07:12:00",302.3,2,sarsashen
8936,16754141,SicilyTing,"2026-09-08 14:53:25",302.1,2,sicilyting
8937,16658450,"Krish Singh","2026-08-05 16:11:00",302.0,2,krishsingh2283
8938,16655919,"Tạ Minh Lễ","2026-08-04 06:46:45",301.9,2,tminhl
8939,16679389,"JOMIN URK21CS1077","2026-09-27 05:49:23",301.9,2,jominurk21cs1077
8940,16632558,RUI,"2026-09-18 11:34:17",301.8,2,zaiwubian
8941,16698591,FestusKipkoech,"2026-08-28 18:58:28",301.7,2,festuskipkoech
8942,16700187,"adrian purnama","2026-08-10 10:50:45",301.6,1,adrianpurnama
8943,16855181,Komal_Rani,"2026-09-08 16:39:15",301.3,2,komalvinayak
8944,16696800,"VEER GOMA","2026-08-14 15:42:47",301.2,2,novaxoxo
8945,16656732,"Shivam Kashyap","2026-08-04 05:28:03",301.1,1,shiyan0090
8946,16741512,Offenders,"2026-08-30 15:08:39",301.0,2,"karthicchockalingams,shakil2411,shehnaaz01"
8947,16633330,"danielle Ange","2026-08-12 16:26:03",301.0,2,danielleange
8948,16765805,"sayyad karimun","2026-08-25 10:14:26",300.9,1,sayyadkarimun
8949,16795163,"Nguyễn Đỉnh","2026-09-14 05:05:43",300.9,2,nguyendinh1507
8950,16757233,"Tet Toe Wai","2026-08-24 07:51:45",300.7,1,tettoewai
8951,16668012,"Aleksander Iżemski","2026-08-05 20:52:54",300.5,2,aizemski
8952,16915613,MDM,"2026-09-17 16:03:54",300.1,2,themdm
8953,16668453,"Kawish Hassan","2026-08-05 16:51:03",300.0,2,kawishhassan
8954,16877927,"EFE ULKER","2026-09-12 00:13:05",299.8,2,efeulker
8955,16858795,"Радик Владимирович Хорошев","2026-09-10 07:59:02",299.7,2,rodionkh
8956,16712257,Banarto,"2026-08-13 07:49:16",299.7,1,banarto
8957,16917267,"jean-thomas Dauchel","2026-09-18 21:41:23",299.7,1,jeanthomasdauchel
8958,16660568,Fascetta,"2026-08-07 20:48:53",299.6,2,fascetta
8959,16662856,"Pranjal Arya","2026-09-11 09:30:08",299.5,2,pranjalaryaa
8960,16661690,codefusiondu,"2026-08-06 04:53:25",299.4,2,codefusiondu
8961,16912620,"Mitul Khemani","2026-09-17 09:25:17",299.1,2,mitulkhemani
8962,16727044,"Kai Leisten","2026-08-16 10:19:42",299.0,2,kaileisten
8963,16664147,JordanM10,"2026-08-05 19:54:08",298.9,1,jordanm10
8964,16655729,"Arnab Mallick","2026-08-04 02:41:48",298.9,2,arnabmallick24
8965,16672689,"Yusuf Yemez","2026-08-06 06:51:07",298.8,1,yusufyemez
8966,16660246,taqnik,"2026-08-08 11:54:39",298.6,2,taqnik
8967,16823858,"James Mills","2026-09-23 17:08:00",298.6,2,jamesmills1975
8968,16735080,"SARTHAK PATIL","2026-09-02 19:23:03",298.5,2,sarthakpatil23
8969,16690775,"Prasanna Raut","2026-08-08 20:41:38",298.4,2,prasannaraut
8970,16761977,Dripi71,"2026-09-30 21:52:26",298.2,2,dripi71
8971,16743604,KeswaniRohit,"2026-08-22 17:19:18",298.1,2,keswanirohit
8972,16677732,"Alessandro Mermali","2026-08-06 20:52:35",297.9,2,alessandromermali
8973,16729572,"Aswin Ramanathan","2026-08-17 16:17:38",297.1,1,aswinramanathan
8974,16739356,Renuka,"2026-09-22 11:47:53",297.1,1,alphy1603
8975,16840168,"gratefully dumb","2026-09-30 21:59:21",297.1,2,gratefullydumb
8976,16949156,"shamaev dimon PR-3-1","2026-09-23 19:16:32",296.9,1,shamaevdimonpr31
8977,16635243,MlMlDev34,"2026-08-01 11:26:52",296.9,2,mlmldev34
8978,16660341,"Nefise Aybar","2026-08-04 12:37:29",296.4,2,nefiseaybar
8979,16662495,Earth,"2026-08-15 10:54:03",296.3,2,earthearth
8980,16655446,"Ismael Omar Leonidas Hurtado Vargas","2026-08-04 00:07:01",296.2,1,ihurtadov
8981,16715576,bhavnachavda21,"2026-09-29 18:39:58",296.2,2,bhavnachavda21
8982,16664469,"Thorlapati Nikhil","2026-08-11 19:11:09",296.0,2,thorlapatinikhil
8983,16713082,"Siyam Molla","2026-09-06 08:06:43",295.9,2,siyammolla
8984,16774954,Ye_xz233,"2026-08-26 15:35:23",295.9,2,yexz233
8985,16660658,Shlok_Sharma0001,"2026-08-19 09:31:48",295.9,2,shloksharma0001
8986,16719709,Rishiii360,"2026-08-18 03:46:23",295.6,2,rishiii360
8987,16666056,"sarthak gupta1303","2026-08-05 11:01:04",295.5,2,"sarthakgupta1303,sathviktummalapenta"
8988,16654407,"Serendeep Rudraraju","2026-09-04 03:17:43",295.5,2,serendeeprudraraju
8989,16658320,"Justin Eight","2026-08-27 07:29:52",295.5,2,justineight
8990,16686941,vishu,"2026-09-24 12:47:08",295.3,1,vedanthshetty
8991,16694264,"Vansh Visariya","2026-08-10 09:00:11",295.2,2,vanshvisariya
8992,16691813,Hyezir4,"2026-08-10 08:36:47",295.1,2,hyezir4
8993,16659523,"Ahmad Khidir","2026-08-27 22:33:31",295.1,1,ahmadkhidir
8994,16777607,"je nap","2026-08-30 01:56:28",295.0,2,johnenapoles
8995,16654348,rkeshwani,"2026-08-07 16:17:49",294.8,2,rkeshwani
8996,16698739,"Sahrul Adicandra","2026-08-11 04:06:08",294.7,2,sahruladicandra
8997,16672020,"Arum Puri ","2026-08-18 14:03:33",294.5,2,arumpuri
8998,16683136,"Stefano Ciaci","2026-08-16 14:47:29",294.3,2,stefanovcciaci
8999,16660996,"Thịnh Nguyễn Chí Tiến","2026-08-08 01:49:40",294.3,2,thnhnguynchtin
9000,16855459,"Shune Lae lae Khaing","2026-09-11 17:55:19",294.1,2,shunfloryn
9001,16898267,Tannybro,"2026-09-20 09:31:41",293.6,2,tannybro
9002,16690183,ankit8924praj,"2026-08-14 15:43:56",293.0,2,ankit8924praj
9003,16686700,"Hakkı selim Ak","2026-08-07 17:06:03",293.0,1,hakkselimak
9004,16625011,"Heng Yu","2026-08-18 06:30:56",292.8,1,megalobox1
9005,16866140,Mantis,"2026-09-22 16:59:18",292.7,2,orchidmantis
9006,16783863,"Vivek Vardhan Reddy","2026-08-31 06:14:34",292.6,2,vivekvardhanreddy77
9007,16741982,barry_Paddi,"2026-08-27 07:10:52",292.0,2,barrypaddi
9008,16670881,"Amir Y. Sajjadi","2026-08-05 23:56:26",291.6,1,amirysajjadi
9009,16839939,Lemonabc,"2026-09-05 12:56:42",291.4,1,lemonabc
9010,16730679,"Hoàng Trọng Hiếu","2026-09-13 08:32:32",291.3,2,hongtrnghiu
9011,16752152,abpp,"2026-09-30 19:15:02",291.3,2,abppyo
9012,16714418,AdriMonFer,"2026-09-01 12:15:21",291.2,2,adrimonfer
9013,16692906,CodeZee,"2026-08-09 19:50:49",291.0,2,codewithzaeem
9014,16726021,"The Farm Game","2026-09-02 13:23:00",291.0,2,"tacostew,thomasbower6"
9015,16660436,turkenm,"2026-08-06 13:03:36",290.9,2,turkenm
9016,16749568,"Nana Hung","2026-08-23 02:17:34",290.9,2,nanahung
9017,16655811,"Duy Trần","2026-08-04 08:23:27",290.6,1,duyqtrn
9018,16701902,"Matthew Souza Chong","2026-08-11 05:58:50",290.3,2,matthewsouzachong
9019,16769212,"jason vetter","2026-08-25 05:48:22",290.3,1,jasonvetter
9020,16778585,Deepa,"2026-09-27 10:42:27",290.2,2,deepa42639
9021,16623730,"Ethan Higgins","2026-07-31 02:25:21",290.2,2,ethanhigginz
9022,16844194,小林周人,"2026-09-17 14:57:34",290.1,2,kobashu
9023,16728465,"Abdurrahman Assegaf","2026-08-16 12:13:15",290.1,2,amanshop
9024,16926905,"George Quadros","2026-09-21 21:56:55",290.0,2,georgequadros
9025,16755632,"Adarsh Yadav","2026-08-21 16:34:37",289.4,1,adarsh12yadav
9026,16689841,Pavani2325,"2026-08-08 10:00:56",289.3,2,pavani2325
9027,16693821,"DARSHAN A","2026-08-11 18:02:26",289.0,2,ad12345kag
9028,16669535,sakshitantak,"2026-08-08 05:16:32",288.9,2,sakshitantak
9029,16942208,"Artem Liahushchenko","2026-09-30 19:18:02",288.5,1,"artemliahushchenko,dmytromishchenko,ihorlubskyi"
9030,16662659,"Chiziterem Eze","2026-08-11 12:20:48",288.5,2,chiziteremeze
9031,16657145,"Shudipto Trafder","2026-08-04 19:25:24",287.9,1,iamsdt
9032,16882689,Soodari,"2026-09-12 21:56:31",287.7,2,soodari
9033,16681177,"Ivan Kevin Garcia Hernandez","2026-08-17 19:25:34",287.6,2,jedilgh
9034,16784538,"mou1234568 fdsfds","2026-08-28 18:05:29",287.5,2,mou1234568fdsfds
9035,16667773,ShashankJha,"2026-09-25 17:08:01",287.3,2,shankinfy
9036,16681801,majj,"2026-08-11 03:07:46",287.2,2,m313786372
9037,16665360,"Ayush Bhadauria","2026-08-19 11:11:51",287.1,2,ayushbhadauria50
9038,16936355,"Subinoy Hatai","2026-09-30 15:20:02",287.0,1,subinoyhatai
9039,16797284,Alice7371,"2026-08-31 17:58:22",286.9,1,alice7371
9040,16740191,"Arjun Dhillon","2026-08-19 15:15:57",286.4,2,arjundhillon07
9041,16662491,Rudra070311,"2026-08-11 17:06:39",286.3,2,rudra070311
9042,16687403,"Raja Sai Vardhan","2026-08-09 08:19:22",286.0,2,rajasaivardhan
9043,16774471,"Seymour Schmidt","2026-09-16 10:56:11",286.0,2,angrybread
9044,16763916,"Mohamed Nchourupouo","2026-08-24 09:28:47",286.0,2,mohamednchourupouo
9045,16628190,Horizonx30,"2026-08-09 18:06:56",285.8,2,horizonx30
9046,16665252,"Harsh Katara","2026-08-05 06:51:14",285.8,1,harshkatara
9047,16683421,"Ruchita Yadav","2026-08-13 18:09:54",285.8,2,ruchitayadav20
9048,16684308,Itsside_jay,"2026-08-07 11:46:48",285.6,1,itssidejay
9049,16742209,"melih Bektaş","2026-09-26 19:31:08",285.4,2,melihbekta
9050,16689943,"NAM NGUYỄN CÔNG","2026-09-24 12:41:05",284.9,2,namnguyenhcmut
9051,16858496,"Aziz Alqwm","2026-09-28 06:36:01",284.9,2,azizalqwm
9052,16711348,ticoraph,"2026-08-21 18:55:56",284.8,2,ticoraph
9053,16661551,SimonAx,"2026-08-10 09:41:59",284.2,2,simonaxel
9054,16691936,"Adhar Chaudhari 07","2026-08-09 08:13:35",284.0,2,adharchaudhari07
9055,16661212,AnkitRaj4004,"2026-08-23 13:17:37",283.8,2,ankitraj4004
9056,16677034,gollapallysaikiraan2,"2026-09-18 21:45:24",283.4,2,gollapallysaikiraan2
9057,16762045,ADV,"2026-08-23 13:28:56",282.8,1,shuntianjiang
9058,16765997,"Diya Sharma","2026-09-13 18:08:07",282.8,2,diyasharmanexa
9059,16713319,"David Tilman","2026-08-12 18:56:13",282.8,2,davidtilman
9060,16682559,"Punit Pritam Mohanty","2026-08-11 06:21:03",282.6,2,punitpritammohanty
9061,16785111,"JEFFREY KIRUBA J ","2026-08-28 18:07:41",282.4,1,jeffreykirubaj
9062,16732315,"Filip Chladek","2026-08-17 13:37:38",282.3,2,filipchladek
9063,16734670,Sparsh,"2026-08-22 01:48:51",281.9,2,sparshsinha24
9064,16757557,BitxWolf,"2026-08-22 19:06:48",281.8,2,bitxwolf
9065,16661012,"Tesfahun Feleke","2026-09-24 09:04:19",281.5,2,tesfahunfeleke
9066,16659865,Rithikaaaaah,"2026-08-17 07:09:08",281.4,2,rithikaaaah
9067,16676305,JTHEFROG,"2026-08-08 12:09:45",281.3,2,joshyuasa
9068,16770232,MinhTran2346,"2026-09-07 14:12:04",281.1,2,minhtran2346
9069,16707179,"Achintya Rai","2026-08-12 11:15:16",281.1,2,achintyarai
9070,16845556,"li Insomenia","2026-09-07 04:07:10",280.5,2,liinsomenia
9071,16682454," Vandanaa R","2026-09-02 09:48:24",280.5,2,vandanaar
9072,16655652,Emergence,"2026-08-10 03:21:04",280.5,2,daylighth
9073,16694673,"B T Chinmayi","2026-08-27 19:47:10",280.4,2,btchinmayi
9074,16666353,"Pal Savani","2026-09-14 19:01:01",280.2,2,palsavani
9075,16810051,Reddi_twelve,"2026-09-03 23:26:30",280.2,1,redditwelve
9076,16660992,"Vishnu Vardhan Dumpala","2026-08-05 18:17:30",280.1,1,vishnuvardhandumpala
9077,16729246,"Ayodeji Akinola","2026-08-29 19:45:30",279.9,2,ayodejiakinola
9078,16882182,":T Eh?","2026-09-13 09:16:32",279.9,1,goulustis
9079,16665661,Ikhbar,"2026-08-05 09:50:57",279.9,2,ikhbar
9080,16623161,"Charles Kalaba","2026-08-08 13:06:02",279.8,2,charleskalaba
9081,16791680,"Surja Sarker","2026-09-04 12:12:24",279.6,2,surjasarker
9082,16882973,"Omar Tarek Abdelkader Ahmed El Belbeisy","2026-09-12 22:59:07",279.5,2,patmux
9083,16785050,"MITHIL J URK26CS7067","2026-08-28 18:29:14",279.2,1,mithiljurk26cs7067
9084,16667406,"Abdulrahman AlAsali","2026-08-05 13:20:41",279.1,1,abdulrahmanalasali
9085,16707092,"Asharani Sahu","2026-08-11 11:19:08",278.4,1,asharanisahu
9086,16932204,"Doğuş Özel","2026-09-20 22:27:23",278.0,2,dozel7
9087,16838913,LunaT2,"2026-09-05 09:10:21",277.9,1,lunat2
9088,16656351,"Triet Ho","2026-08-07 07:27:33",277.9,2,trietho247
9089,16668559,Goups,"2026-08-22 09:11:46",277.9,2,hervrenard
9090,16686789,Hay-gent,"2026-09-07 05:37:52",277.6,2,"alagusuriyas,gayathrisrimai"
9091,16807668,kilariHemalatha,"2026-09-05 04:33:19",277.5,1,kilarihemalatha
9092,16794729,Copperford,"2026-09-08 00:41:27",277.2,2,copperford
9093,16672168,"Justin Rutkowski","2026-09-13 08:13:41",277.1,2,justinrutkowski
9094,16660473,"Owen M Kelley","2026-08-10 00:53:11",277.0,2,owenmkelley
9095,16665758,"Oladipo Bashir","2026-08-31 10:23:51",276.9,1,oladipobashir
9096,16658725,"syed jawad","2026-08-17 08:49:32",276.8,1,syedjawad663
9097,16751311,JoangHZ,"2026-08-21 09:18:57",276.7,2,joanghz
9098,16792780,"Sreekar Reddy","2026-09-01 15:33:38",276.6,2,eshured
9099,16800468,Vaishnavi,"2026-09-01 11:13:30",276.5,1,vaishnavisri09
9100,16784712,SIDDpat,"2026-08-30 08:13:50",276.4,2,siddpat
9101,16661639,"Jayanth Kumar D","2026-08-06 13:36:46",276.3,2,jayanthkumard
9102,16633982,Nikunj1375,"2026-08-07 08:40:29",276.2,2,nikunj1375
9103,16721849,ayushai8714,"2026-08-28 09:36:41",276.0,2,ayushai8714
9104,16658941,Matts6591,"2026-08-17 07:59:36",275.9,1,mathwithmatt
9105,16672138,mostafa69ca,"2026-08-06 05:03:43",275.7,1,mostafa69ca
9106,16830884,"Khalil hafni","2026-09-14 23:51:56",274.9,1,hafnix
9107,16652970,"Abhay sarkar","2026-08-05 14:40:05",274.3,1,abhaysarkarai
9108,16716476,lnssan,"2026-08-20 13:05:18",274.3,2,lukanilssandmayr
9109,16689923,Dhinesh,"2026-08-09 08:39:37",274.2,2,dhineshwarrs
9110,16655621,xia0910,"2026-08-08 11:03:21",274.1,2,xia0910
9111,16904216,ACCCC114514,"2026-09-28 02:54:43",273.9,1,acccc114514
9112,16690055,"Prem Kumar","2026-09-02 05:56:28",273.4,2,premkumar099
9113,16748410,Lemons,"2026-08-21 19:44:07",273.1,1,takahiromatoba
9114,16929788,"Yusuf Sanusi","2026-09-21 00:50:47",273.0,2,mindbender7
9115,16659453,"Ishwar Rathod","2026-08-06 03:29:27",272.9,2,ishwarrathodofficial
9116,16664718,Vedika_,"2026-08-11 18:28:09",272.8,1,lighjt
9117,16732280,"Akarsh kumar shukla","2026-08-18 20:38:35",272.8,1,akarshkumarshukla
9118,16681783,"Next billionaire ","2026-09-30 22:43:51",272.7,2,nextbillionaire
9119,16723045,"Albert Einstein F Muritiba","2026-09-27 17:33:52",272.6,2,spideryzarc
9120,16624553,"Abiram Bharathi S.A","2026-09-08 11:40:32",272.4,2,abirambharathisa
9121,16705294,"zhenf Liu","2026-08-11 07:51:06",272.4,2,zhenfliu
9122,16791786,BladeOffline,"2026-08-30 03:42:42",272.2,1,bladeoffline
9123,16656506,"Piyush Harde","2026-08-04 12:54:26",272.0,2,piyushharde
9124,16712089,"yui seya","2026-08-12 12:17:02",271.7,2,yuiseya
9125,16725135,"clement cg","2026-08-19 07:54:00",271.4,2,clementcg
9126,16663600,"Adrián Flores","2026-08-05 00:38:36",271.2,2,foward2892
9127,16789486,TanjiahaoXX,"2026-08-29 07:47:37",271.1,1,tanjiahaoxx
9128,16660308,zhangzhenman,"2026-08-25 06:14:26",271.0,1,zhangzhenman
9129,16668166,Pikachu,"2026-08-05 14:52:15",271.0,2,"arpankumarsinha,phantomboy69,subhojitpaul2006"
9130,16662403,"ulaş özen","2026-08-05 19:49:16",270.7,2,ulazen
9131,16655875,PLLZ,"2026-08-17 01:11:41",270.4,2,pllzzz
9132,16701924,"Uma maheshwari T","2026-09-23 15:36:09",270.3,1,umamaheshwarit
9133,16777489,"Yousef Elbaz","2026-08-27 11:18:54",270.3,1,yousefelbaz
9134,16650070,"jakub slavíček","2026-08-04 12:58:40",270.2,2,jakubslavicek
9135,16682623,"Aditya Paul","2026-08-14 12:44:45",270.1,2,adityapaul634
9136,16847927,"Laiba Hameed","2026-09-12 09:00:51",270.0,2,laibahameed08
9137,16654430,"Rishoban Y","2026-08-07 13:46:37",269.8,1,rishoban
9138,16842088,"Hrithik Reddy","2026-09-07 09:46:01",269.8,1,hrithik22122
9139,16716592,"Poma Mikhail","2026-09-10 09:08:04",269.6,2,ambisinistra
9140,16658452,Hillclimber,"2026-09-13 01:50:22",269.2,2,driessmit1
9141,16723487,RoboDavo,"2026-08-19 00:36:17",269.1,2,robertdavidson1911
9142,16698920,"Rishabh Bhartiya","2026-08-12 13:48:26",269.0,2,rishabhbhartiya
9143,16657891,"Joshua Kinnah","2026-08-07 23:00:45",269.0,2,joshuakinnah
9144,16671959,"Sintu Verma","2026-08-09 05:44:56",268.9,2,sintuverma
9145,16659696,"Lakshyaraj Singh Rathore","2026-09-05 18:47:32",268.8,2,lakshyarajrtm
9146,16682262,"Pardeep Singh","2026-09-01 11:01:27",268.7,2,pardeep06
9147,16623405,nbarlow,"2026-08-12 20:01:08",268.6,2,nickbarlow
9148,16720606,Williamtime,"2026-08-17 03:11:34",268.5,2,williamtime
9149,16690514,"Aditya #3","2026-08-09 06:29:48",268.4,1,a0x1ab
9150,16758856,"Ali Zaib","2026-08-27 20:12:02",268.0,2,alizaib001
9151,16919058,"Bethany Stringer","2026-09-19 10:18:38",267.9,1,bethanystringer
9152,16666639,"Dheeraj Pranav","2026-08-24 19:38:42",267.7,1,dheerajpranav
9153,16634016,"Adrien Thomas","2026-09-21 17:32:37",267.6,2,adrienthomas
9154,16662054,"phantom of shubh","2026-08-11 07:54:46",267.5,1,shubhamkumar123490
9155,16707372,"zidu cheng","2026-08-11 13:30:40",267.5,1,ziducheng
9156,16652397,"Aniket Kumar","2026-08-06 13:29:50",267.5,2,kalkiavatar3
9157,16673753,hmmmSure,"2026-09-15 18:13:47",267.5,2,gerardnitt
9158,16692084,"Kaggri Farmers","2026-08-29 19:47:29",267.4,2,"jayant99acharya,satvikkolluru"
9159,16746121,Nononoi,"2026-08-21 07:18:02",267.3,1,nononoi
9160,16678362,"Mitiku Yohannes","2026-08-07 00:00:37",267.3,2,mitiku
9161,16691354,"Vedika Gupta","2026-08-08 14:20:25",267.1,1,vedikagupta0
9162,16840506,"Jayanth Earla","2026-09-10 16:46:21",267.0,2,jayanthearla
9163,16643303,sigireddyBalasai,"2026-09-12 11:40:23",266.9,2,sigireddybalasai
9164,16634769,Fivingone,"2026-08-03 03:47:43",266.6,2,fivingone
9165,16818690,"Arionchen TitanTeam","2026-09-04 08:52:16",266.2,2,arionchentitanteam
9166,16652276,Phare111,"2026-08-04 15:09:55",266.1,1,phare111
9167,16773545,faithk7u,"2026-08-31 21:57:43",265.9,2,faithk7u
9168,16942701,"Tasmin Ara Chowdhury","2026-09-29 19:08:41",265.8,2,tasminarachowdhury
9169,16690163,"Abhay Upadhyay","2026-08-08 18:05:54",265.6,2,abhay18s
9170,16773858,"Kundan Kumar","2026-09-29 05:28:02",265.4,2,edkundan
9171,16706312,"shabbar taj","2026-08-11 16:35:57",265.4,2,shabbartaj
9172,16823229,aper,"2026-09-05 08:42:58",265.3,2,todaya
9173,16838645,"Deepak #2","2026-09-06 10:20:54",265.1,2,deepakup85
9174,16653903,Manav2805,"2026-08-04 09:25:08",265.0,2,manav2805
9175,16670600,"Leon Lum","2026-08-20 14:58:27",264.9,2,leonlum
9176,16674678,"Tinotenda Garikayi","2026-09-28 06:00:34",264.9,2,tinotendagarikayi
9177,16796258,"Lanzhi Jiao","2026-09-03 08:31:13",264.8,1,lanzhijiao
9178,16814858,"Sankalp Patidar","2026-09-15 08:57:20",264.5,2,sankalppatidar
9179,16756768,"Sayeed Ibrahim","2026-08-22 01:32:12",264.5,2,sayeedibrahim
9180,16925237,"Abdullah Ahmed saeed","2026-09-22 09:42:28",264.3,2,abdullahahmedsaeed
9181,16657159,"Amey Malpurkar","2026-08-11 07:35:27",264.3,2,"ameymalpurkar,siddheshsadarao"
9182,16728948,L3MG,"2026-08-16 21:17:06",264.0,2,lemgyy
9183,16761681,"Ming Myung","2026-08-24 05:12:56",263.9,2,vanhaminhquan
9184,16794647,"Michael Cahill","2026-09-01 07:46:28",263.2,2,michael1232
9185,16893131,"Jenny Dinh","2026-09-30 16:25:49",262.8,2,"jeanguo000,jenny125,keytran8850"
9186,16762084,"Krishna Lokhande","2026-08-23 14:08:48",262.7,1,krishnalokhande8080
9187,16659493,"Ori Glisko","2026-08-09 14:27:44",262.7,2,origlisko
9188,16765570,"Akhand Soni","2026-08-24 12:47:42",262.3,1,akhandsoni
9189,16659975,"Rahul Sain","2026-08-05 18:54:58",262.2,2,rahulsain2001
9190,16655315,SL,"2026-08-13 01:50:18",262.1,2,xndr007
9191,16676302,Arnav,"2026-08-08 06:10:01",261.8,2,arnav03101
9192,16685996,"Universal Entropy","2026-08-07 16:22:28",261.5,1,fennerjw
9193,16690882,"Meet P. Shah","2026-09-05 04:32:03",261.1,2,meet47
9194,16669576,"zarnab waheed","2026-08-17 19:20:34",261.0,2,zarnabwaheed
9195,16684168,"Roaya Saed","2026-08-10 14:36:20",260.9,1,roayasaed
9196,16707118,"DEVEN BAGADE","2026-08-11 11:24:10",260.6,2,devenbagade
9197,16654253,"Gaius K Biju","2026-08-03 18:51:18",260.0,2,gaiuskbiju
9198,16665371,"Kevoh Mutwiri","2026-09-20 20:33:29",259.8,2,kevohmutwiri
9199,16658065,"Parul Mittal","2026-08-06 13:55:51",259.5,1,pisces83
9200,16784225,sulala,"2026-08-29 08:51:26",259.4,2,sulala
9201,16748206,ArtlexYang,"2026-08-25 08:43:28",259.3,1,artlexyang
9202,16624246,"xu j1ayang","2026-08-11 05:12:47",259.1,2,xuj1ayang
9203,16646076,"Ajeet Krishnasamy","2026-08-04 19:52:27",258.9,2,ajeetkrish
9204,16683284,"Haha Farming","2026-08-07 14:38:04",258.9,1,"akshitharamesh,harinir1423"
9205,16718890,"Andy Symonds","2026-08-19 23:04:11",258.6,2,andyivanhoe
9206,16771870,"kumi cho","2026-09-22 14:52:46",258.5,2,kumicho
9207,16862268,"Vishal Harry","2026-09-12 21:26:48",258.4,2,vshr777
9208,16664218,"Nguyen Vu Tue Khang","2026-08-24 03:32:10",258.4,2,nguyenvutuekhang
9209,16741555,"Rushikesh Shirwalkar","2026-08-19 11:02:46",258.3,2,rushikeshshirwalkar
9210,16659203,"Praful Nayak","2026-08-05 08:17:06",258.3,2,prafulnayak2003
9211,16697373,"Sumit Bhattacharjee","2026-08-29 18:29:11",258.2,2,sumitbhattacharjee
9212,16668464,Mauro,"2026-08-05 15:57:27",258.1,2,ilmaurino
9213,16665114,"Francesco Benincasa","2026-08-05 09:56:52",257.2,2,francescobenincasa
9214,16885028,"wen yimeng","2026-09-13 09:26:04",257.0,1,wenyimeng
9215,16658357,heetmehta18,"2026-08-07 13:30:40",256.7,2,heetmehta0000
9216,16672670,RonTroy,"2026-08-13 04:46:15",256.7,2,rontroy
9217,16698562,Kyoko004,"2026-08-11 04:38:18",256.6,1,kyoko004
9218,16675218,데미안과마루,"2026-08-18 14:16:13",256.4,2,siver3
9219,16684191,"Patel Aryan D","2026-08-10 07:36:13",256.2,2,patelaryand
9220,16660543,"BUTUH DUIT","2026-08-06 07:39:16",256.1,2,abulkahfi
9221,16805109,"иван астахов","2026-09-10 21:30:35",256.0,2,iastakhov
9222,16655734,dworld,"2026-08-05 04:13:18",255.9,2,jagdishhalde
9223,16659060,Pratham3gewg,"2026-08-06 18:26:51",255.7,2,pratham3gewg
9224,16858604,"Ye Naing","2026-09-10 02:42:59",255.6,2,yenaing
9225,16690187,"Amrita Singh","2026-08-08 10:34:51",255.6,2,amrita004
9226,16676007,"Lao KENAO","2026-08-15 01:15:48",255.4,2,laokenao
9227,16641866,"Prem Gandhi","2026-08-06 19:48:18",255.3,2,gprem352
9228,16684223,"Aayush Shah","2026-08-13 17:57:28",255.2,2,aayushshah265
9229,16746682,"julio cesar valencia","2026-09-24 04:19:19",255.1,2,juliocesarvalencia
9230,16721533,"Lakshya Sharma","2026-08-16 06:01:34",255.0,2,lakshyasharma007
9231,16661955,Bingos,"2026-08-05 11:43:07",254.9,2,bingos
9232,16948168,"Анна Кондратенко","2026-09-23 16:03:20",254.4,2,"anetka2006,serhiibarsul"
9233,16749514,"M Harini","2026-09-21 14:52:15",254.3,2,rvmharini
9234,16670185,"Odilon Yehouenou","2026-08-13 20:23:58",254.0,2,odilonyehouenou
9235,16712086,"Zubair Shafi","2026-08-16 23:23:04",254.0,2,zubairshafi5050
9236,16747086,Karma_350234,"2026-08-20 09:56:52",253.9,1,karma350234
9237,16868524,"Chutayu Adhittayawong","2026-09-11 03:30:13",253.8,2,arteezy009
9238,16784605,"Iniyan M D R","2026-08-28 13:53:22",253.7,1,iniyanmdr
9239,16711610,cc_z_kaggle,"2026-08-12 09:33:23",253.6,1,cczkaggle
9240,16660144,"Léandre ELISHA","2026-08-09 12:25:44",253.2,2,landreelisha
9241,16677565,"Avish Sinha","2026-09-28 19:50:31",253.0,2,avish006
9242,16810780,prachi.icy,"2026-09-27 15:56:31",252.9,2,prachinikalje
9243,16740795,Yanshaoo2026,"2026-08-19 08:40:17",252.6,1,yanshaoo2026
9244,16661290,"Kelian Esteve","2026-08-04 14:33:13",252.3,1,kelianesteve
9245,16730086,HanaGhanem,"2026-09-20 22:15:11",252.0,2,hanaghanem
9246,16663945,anyasri,"2026-09-22 18:19:28",252.0,2,anyasri
9247,16661469,"Qiqi Xie","2026-08-06 20:53:32",251.9,2,qiqixie123
9248,16659581,"isah ridwan","2026-08-07 09:02:00",251.3,2,isahridwan
9249,16922932,Anteee231,"2026-09-21 04:19:19",251.3,2,anteee231
9250,16923722,Coders,"2026-09-26 16:02:31",251.1,1,"dhanalakshmi33,sruthi007,subbanbeeepanagandla"
9251,16668333,VishalVivek,"2026-08-07 09:46:17",250.7,1,vishal14332
9252,16733752,Abhi,"2026-08-17 19:34:16",250.7,1,zeroday19
9253,16649074,nanato,"2026-08-28 04:27:29",250.5,1,nanato
9254,16654568,Samiksha_Chan1022,"2026-09-20 14:26:32",250.3,2,samikshachan1022
9255,16682422,"SABBIR HOSSAIN 2029","2026-08-16 14:23:24",250.1,2,sabbirhossain2029
9256,16790545,Adnane,"2026-09-01 02:18:09",250.0,2,adnaneel
9257,16918745,Xstella,"2026-09-30 13:34:04",249.9,2,xstella
9258,16658795,"Case Seller","2026-08-30 06:46:45",249.9,2,caseseller
9259,16697283,Puranjay02,"2026-09-10 07:09:06",249.9,2,puranjay02
9260,16675037,"Stanislav Pashkov","2026-08-08 20:50:16",249.7,2,stanislavpashkov
9261,16724743,"Dr. James Gambrah","2026-08-17 08:48:47",249.6,2,jamesgambrah
9262,16655003,"Paramjeet Kaur","2026-08-04 21:09:02",249.5,1,kauxp26
9263,16662913,"IYAMPAYE ribert","2026-08-04 19:01:38",249.4,1,iyampayeribert
9264,16813582,Soham_7391,"2026-09-16 09:59:13",249.2,2,soham7391
9265,16739918,POLAROID_86,"2026-08-18 21:56:04",249.1,2,polaroid86
9266,16687648,"RSJ CorneR","2026-09-23 19:07:08",248.8,2,rsjcorner
9267,16643821,"arnav chaturvedi123","2026-08-02 22:16:08",248.7,2,arnavchaturvedi123
9268,16766823,suikkee,"2026-09-02 05:05:50",248.7,1,suikkee
9269,16651668,Haiku,"2026-08-05 06:28:54",248.6,2,yangjiefu
9270,16632319,Valentin,"2026-07-31 21:14:24",248.3,1,vaha94
9271,16702052,"Beny Pratama Putra","2026-08-12 16:18:20",248.3,2,benypratamaputra
9272,16911725,"casey blanche","2026-09-18 23:50:00",248.2,2,caseyblanche
9273,16865663,GauravPramodJain,"2026-09-10 09:44:04",248.1,1,gauravpramodjain
9274,16680521,"Luis Enrique Dalmau","2026-09-30 21:09:37",247.9,2,luisenriquedalmau
9275,16809426,"The Nafl","2026-09-10 11:20:55",247.8,2,nafalrust
9276,16723583,"varun chindage","2026-09-25 01:13:18",246.7,2,stormy420
9277,16677629,"XIE Jintao","2026-08-06 18:47:28",246.4,2,xiejintao
9278,16653054,Khongor2424,"2026-08-03 15:32:17",246.1,2,khongorkikaik21
9279,16637025,kodalien,"2026-08-10 15:21:00",246.1,2,kodalien
9280,16730653,"Daham Dissanayake","2026-08-21 03:17:15",246.0,1,"dahamdissanayake,dinuginimnara"
9281,16938753,"Kedar K0","2026-09-22 03:42:53",245.7,1,kedark0
9282,16772388,XiaozhenWu2002,"2026-08-29 16:21:55",245.7,2,xiaozhenwu2002
9283,16922872,EricWang,"2026-09-18 23:56:44",245.6,1,ericwang915
9284,16659804,"Gashahun Demise","2026-08-04 13:23:20",245.4,2,gashahundemiset
9285,16862181,"M chetin","2026-09-12 18:51:14",245.3,2,cetin95
9286,16662861,"Chirag Tutlani","2026-08-04 19:13:05",244.8,1,chiragtutlani
9287,16661213,"Daniel Siersleben","2026-08-05 12:53:41",244.3,1,danielsiersleben
9288,16839430,EliaSav,"2026-09-06 15:33:34",244.3,2,eliasav
9289,16748712,"Amit Kumar Gupta","2026-08-21 13:33:00",244.2,2,eramitg
9290,16661879,"Pham Truc","2026-08-07 07:21:46",244.1,1,genti1206
9291,16666316,adityakr1001,"2026-08-05 09:33:41",244.0,1,adityakr1001
9292,16657426,"M.Mukunda Reddy","2026-08-17 06:18:11",244.0,2,mmukundareddy
9293,16850036,Sumzali083,"2026-09-07 19:23:11",243.9,1,sumzali083
9294,16658620,"Dina Chettouh","2026-08-04 09:13:27",243.4,2,dinachettouh
9295,16658990,"Muhammad Burhan SE-45-02","2026-08-07 04:26:18",242.9,2,muhammadburhanse4502
9296,16929949,"mohamed seddik sakai","2026-09-22 13:32:24",242.8,2,mohamedseddiksakai
9297,16684535,Moonlight,"2026-09-07 14:16:17",242.8,2,rajesh1joc
9298,16743603,tanmoypal11,"2026-08-19 15:19:36",242.4,1,tanmoypal11
9299,16656881,"Eugene Nyondo","2026-08-30 22:33:50",242.4,2,eugenenyondo
9300,16750033,davidw001,"2026-08-20 17:13:07",242.3,1,davidw001
9301,16677517,justnyoike,"2026-08-10 01:12:56",241.7,2,justnyoike
9302,16659698,"Duy Anh Nguyễn","2026-08-07 10:23:27",241.5,1,duyanhnguyn
9303,16939560,"Zhi Quan","2026-09-22 05:35:09",240.6,1,zhiquannn
9304,16924232,Heshwa,"2026-09-19 08:08:28",240.2,2,heshwa
9305,16676991,"Jack Hopkins","2026-08-19 19:11:37",239.9,2,jackhopkins
9306,16663253,"Albert Benjamin Asare","2026-08-06 19:29:05",239.8,2,albertbenjaminasare
9307,16932531,"Ankur Agarwal","2026-09-20 22:56:55",239.7,1,ankur98
9308,16625775,liubingxin205,"2026-08-15 06:29:40",239.5,2,"hongjuw,liubingxin205"
9309,16676501,"[Deleted] cf820879-5b51-45ff-9f0a-1d88833299b5","2026-08-08 08:32:10",239.2,2,kamraanmulani
9310,16687151,harshi101,"2026-08-08 06:32:37",239.2,2,harshi101
9311,16686950,"Kittikhun Pachana","2026-08-08 00:16:11",239.1,2,kittikhunpachana
9312,16849173,"Sarvajith Adyanthaya","2026-09-07 16:51:17",238.9,1,sarvajithadyanthaya
9313,16760903,"Derrick Lace","2026-08-23 04:23:40",238.8,2,derricklace
9314,16729884,"Chaimaa Matrag","2026-09-05 19:51:34",238.3,2,chaimaamatrag
9315,16755377,"Rishi Sutar","2026-09-29 17:34:44",238.2,2,rishisutar
9316,16765329,"Bart Woz","2026-08-31 14:18:24",238.2,2,bartwoz
9317,16658676,"Abdul Roheem Abdul Warith","2026-08-04 18:59:04",237.6,1,albasoliyy
9318,16713204,Mohamedg,"2026-08-24 23:15:06",237.5,2,mohamedgcroesus
9319,16668032,pat999,"2026-08-08 08:30:58",237.4,2,pat999
9320,16713601,"Omar spok","2026-08-19 13:27:13",236.8,2,omarspok
9321,16756174,"Mateo Coelho","2026-09-02 19:10:01",236.4,2,mathsco
9322,16712844,"ray hengbo","2026-09-01 03:35:31",236.3,1,rayhengbo
9323,16769754,daguniang,"2026-08-26 00:44:59",236.3,2,daguniang
9324,16654853,"Saketh Rao","2026-08-03 21:43:14",236.0,1,sakethrao
9325,16942668,"Levreau Camille ","2026-09-28 12:35:00",235.9,2,"dechant,levreaucamille"
9326,16889340,aryansaini1612,"2026-09-15 04:04:12",235.8,1,aryansaini1612
9327,16740950,Shaw,"2026-08-23 10:07:14",235.7,2,shaw06
9328,16676084,"Abir Majdi","2026-08-24 00:24:35",235.6,2,abirmajdi
9329,16761994,"Talha Sayyad faim","2026-08-23 11:32:37",235.6,1,talhasayyadfaim
9330,16780106,"Mirangga Jakti","2026-09-09 20:05:22",235.1,2,miranggajakti
9331,16679467,"Ahmed Zedan","2026-08-18 00:28:27",234.7,2,ahmedzedan11
9332,16660529,Imaanga,"2026-08-10 11:41:21",234.7,2,imaangababy
9333,16761731,"James Hu","2026-08-23 17:50:28",234.4,1,cnjameshu
9334,16654306,Shubham,"2026-08-03 19:09:40",234.4,2,sanjayshubham24
9335,16790483,"ivo nahuel jasinskas","2026-08-29 14:08:28",234.3,1,ivonahueljasinskas
9336,16707228,"Milind Bansal","2026-08-11 11:45:00",234.1,1,milindbansal18
9337,16701143,macneil,"2026-08-14 14:53:54",234.0,2,macneil
9338,16669314,"Editor Jugnu AI","2026-09-06 08:31:32",233.8,2,editorjugnuai
9339,16656198,N9uy3nPham,"2026-08-06 10:56:04",233.7,2,n9uy3npham
9340,16667700,"Omar Mohammad","2026-08-05 15:52:54",233.2,2,omarmohammadw
9341,16920837,"Borys Koza","2026-09-18 13:00:28",232.7,1,boryskoza
9342,16880785,"CHIDANANDA G L","2026-09-12 11:18:48",232.6,2,chidanandagl
9343,16809584,"Kinnal Rutu","2026-09-02 15:01:01",232.4,2,kinnalrutu
9344,16690161,"Sudipto Event","2026-08-11 09:25:00",232.4,2,sudiptoevent
9345,16915237,"Greg Spitz","2026-09-29 23:25:11",232.0,2,gregspitz
9346,16755664,"Shivam Rajdev","2026-09-04 19:28:36",231.1,2,shivamrajdev
9347,16811014,"Overfit and Chill","2026-09-18 12:41:38",230.9,2,toyeshchakravorty
9348,16661587,"Debashis Mohapatra","2026-08-05 09:05:50",230.9,2,debashismohapatra
9349,16678355,"Tanuj Saxena","2026-08-07 10:10:24",230.3,2,tanujsaxena
9350,16695733,"Imad Zaanine","2026-08-11 02:11:15",230.2,2,imadzaanine
9351,16667691,alexanderctrl,"2026-08-18 10:10:51",230.2,2,alexanderctrl
9352,16659001,"Tim Wanjohi","2026-08-12 11:43:16",230.2,2,timwanjohi
9353,16708814,"James #2","2026-09-30 19:12:28",230.1,2,jamesripoll
9354,16703295,Yuting,"2026-08-13 20:42:16",230.0,2,yutinghanuxd
9355,16701041,"Meet Babariya","2026-08-10 14:21:06",229.4,1,meetbabariya
9356,16758007,stoicsatvik,"2026-08-22 12:37:48",229.1,1,stoicsatvik
9357,16623099,"Bovard Doerschuk-Tiberi","2026-07-30 21:04:23",228.8,1,bovard
9358,16672982,"Enes Aytaç","2026-08-14 12:12:24",228.8,2,enesayta
9359,16841277,"Luis Garza Gonzalez","2026-09-08 05:07:26",228.5,2,luisgarzagonzalez
9360,16639684,Rubel,"2026-08-05 18:49:11",228.4,2,rubel01
9361,16759726,Phoenix,"2026-08-22 19:43:10",228.3,1,seanht1
9362,16660957,CREVATEC,"2026-08-11 09:30:33",228.1,2,"olakunleolalekan,samueloladeji"
9363,16821068,"Danila Goncharenko","2026-09-03 15:22:12",228.1,2,danilegovich
9364,16654318,"Aryan Raj Ayush","2026-08-23 08:34:14",227.9,1,aryanrajayush
9365,16724204,chestnut,"2026-08-21 02:15:17",227.6,2,yskkrbysh
9366,16867865,"ADITYA RAJ","2026-09-29 17:48:25",227.5,2,adityaraj2026yp
9367,16942732,Hogwarts,"2026-09-30 13:11:57",227.3,1,"janakiramdavuluri,zoro86"
9368,16666553,DevChheda26,"2026-08-05 09:53:22",227.2,1,devchheda26
9369,16655508,bigsea,"2026-08-04 01:31:58",227.1,2,sakamakihiromi
9370,16665243,"Harshit Jha","2026-08-05 13:40:16",227.1,2,harshitjha28
9371,16658489,小出和見,"2026-08-13 23:23:04",226.9,2,kzmk8d
9372,16733204,"Sompalli Akhil Kumar","2026-08-18 10:14:08",226.8,2,sompalliakhilkumar
9373,16708246,StudyForUse01,"2026-08-11 16:58:19",226.8,1,studyforuse01
9374,16936360,nicapotato,"2026-09-21 13:51:51",226.8,1,nicapotato
9375,16660471,"Obsessed Beings","2026-08-24 16:44:48",226.7,2,"meur99,muhammedsaeed315,obsessedbeing,studentwork01"
9376,16798369,"Olabode James","2026-09-01 20:40:53",226.7,1,olabodejames
9377,16809620,"Mohamed Alaa Elboraay","2026-09-02 19:11:42",226.4,2,mohamedalaa10
9378,16811524,PeiyuQian,"2026-09-11 16:00:55",225.9,2,peiyuqian
9379,16659387,dharssshiniii,"2026-08-04 09:48:15",225.7,1,dharssshiniii
9380,16675956,"Hassan Alghamoudi","2026-08-10 02:36:36",225.7,2,hassanabdulhafid
9381,16739908,"Asfam Parvez Kawser","2026-09-10 09:42:54",225.6,2,asfamparvezkawser
9382,16795353,BlurreA,"2026-08-31 06:42:30",225.4,1,blurrea
9383,16725104,ManasviVarma,"2026-08-23 10:20:35",225.2,1,manasvivarma
9384,16688231,"Antoine Matemane Mahirwe","2026-08-10 19:40:15",225.2,2,antoinemah
9385,16748092,Luckshith,"2026-08-20 12:59:43",225.0,2,luckshith
9386,16669411,"Atta Ullah","2026-08-10 13:28:30",225.0,2,attaullahqau
9387,16658783,"Devesh Choudhury","2026-08-07 17:08:33",224.9,2,deveshchoudhury
9388,16921430,"Vaibhav Nhayade","2026-09-20 06:49:01",224.8,1,nhayadevaibhav
9389,16736084,"Kaishang Zhang","2026-09-02 13:41:28",224.7,2,kaishangzhang
9390,16805585,"Hrishikesh Dhuri","2026-09-28 05:44:45",224.7,2,hrishikeshdhuri19
9391,16660508,GSanthiago,"2026-09-30 10:12:15",224.6,1,gsanthiago
9392,16663191,"Arnav Anand","2026-08-04 19:53:08",224.5,1,arnavair27
9393,16819370,"István Csik","2026-09-03 13:39:36",224.4,2,istvncsik
9394,16657378,doteeee,"2026-08-14 11:43:40",224.2,2,narendra
9395,16657440,Lz7_129,"2026-08-04 15:26:01",224.2,1,lz7129
9396,16790992,"Matthew Knyazev","2026-08-29 17:53:40",224.1,1,matthewknyazev
9397,16937822,"Ehab Ibrahim Khalil Mohamed","2026-09-21 17:58:38",224.0,1,ehabkhalil0
9398,16672767,"FasterYouChase FasterIRun","2026-08-09 13:15:12",223.9,2,icoguser
9399,16762081,VKAUL3,"2026-08-23 12:09:08",223.8,1,vkaul3
9400,16841154,Kinjal,"2026-09-05 22:13:51",223.6,2,kinjalparmar5009
9401,16665461,"Krishna Golwala","2026-08-24 18:39:08",223.6,2,krishnagolwala
9402,16670004,Zinc-Eater,"2026-08-19 22:50:41",223.3,2,zans7331
9403,16761134,mash3gt,"2026-08-23 06:10:12",222.9,1,shiroguitar
9404,16645300,szyulian,"2026-08-04 04:42:36",222.8,1,szyulian
9405,16894802,"phus sea","2026-09-15 16:23:01",222.7,2,phussea
9406,16624000,Leneen,"2026-08-31 16:02:47",222.6,1,leneen
9407,16683998,"Mahoraga save me","2026-08-07 22:09:22",222.6,2,yqngyv
9408,16785789,"Mateus Sousa do Carmo","2026-08-28 21:23:10",222.6,2,mateaadsaf
9409,16664863,zzzhhcc,"2026-08-13 06:15:42",222.6,2,zzzhhcc
9410,16649650,"Ashish Barnawal","2026-08-11 04:08:04",222.5,1,klein4
9411,16669523,Jackson55171,"2026-08-05 18:21:00",222.3,2,jackson55171
9412,16656679,"Sadiqa Bibi","2026-08-27 09:52:29",221.9,2,sadiqabibidata
9413,16755517,"NEHA SHARMA","2026-09-29 16:07:45",221.6,2,nehash0123gmailcom
9414,16771048,"Aditya Pawar","2026-08-25 16:55:04",221.5,1,aditya22102001
9415,16817626,"Jaya Singh","2026-09-15 13:30:37",221.4,2,jayasingh12
9416,16658457,"Uchiha Eren","2026-09-26 14:33:34",221.3,2,lucsanjay
9417,16668654,"Zharkyn Makhanbet","2026-08-10 18:28:08",221.3,1,imadparadoxi
9418,16737009,"Alexandre Pedrosa","2026-09-03 07:42:20",221.3,1,alexandrepedrosai
9419,16673369,Frame,"2026-08-06 07:59:47",221.3,1,rainorwang
9420,16658888,NovaBytes,"2026-08-06 07:06:34",221.2,2,"drashtisingh14,kjjkjjk3107"
9421,16633833,"mohammad javad Kamali","2026-08-19 05:13:42",221.2,1,mohammadjavadkamali
9422,16658761,!Aman212,"2026-08-04 12:10:28",221.1,2,aman9142424
9423,16738539,"Sharath S","2026-08-21 05:19:45",221.1,2,akicodes
9424,16677788,DorianCo,"2026-08-06 18:10:06",221.1,2,dorianco
9425,16731278,"hayim lusthaus","2026-09-25 20:20:52",221.0,2,haimlust
9426,16920587,"Agnieszka Jabłońska","2026-09-18 14:17:48",220.9,1,agnieszkajaboska
9427,16744954,charley8,"2026-08-22 06:23:36",220.9,2,charley8
9428,16719618,Javierrcs,"2026-08-14 13:16:05",220.7,1,javierrcs
9429,16753817,Karmers,"2026-09-24 08:52:46",220.6,2,"prasenjittadake,swapnilpatil2737"
9430,16889111,"Abel Garza-Ramírez","2026-09-19 01:12:05",220.5,1,abelgarzaramrez
9431,16666512,RexHuang936,"2026-08-07 08:51:41",220.5,2,rexhuang936
9432,16623823,"Julieta Rubis","2026-07-31 04:45:53",220.2,2,julietarubis
9433,16660321,syafanidwina,"2026-08-05 00:41:33",220.1,1,syafanidwina
9434,16683428,"Darsh Jilka","2026-08-19 09:03:08",220.0,2,darshjilka
9435,16929898,"Senadie Damsini Fernando","2026-09-20 10:49:49",220.0,1,senadiefernando
9436,16897297,益田幸太,"2026-09-30 15:25:08",219.8,2,kotamasuda1010
9437,16660450,"prashant prakash","2026-08-08 09:45:36",219.6,2,prashantprakash28
9438,16948529,"Daria Liubarets","2026-09-23 16:33:49",219.3,1,dariisss
9439,16768507,"Dhanush Ballanki","2026-08-25 00:33:27",219.1,1,dhanushballanki
9440,16659572,"ABHILASH PRAHARAJ","2026-08-04 11:24:21",219.0,1,abhilashpraharaj
9441,16635098,"Charvi Upreti","2026-08-15 05:43:59",219.0,1,charviupreti
9442,16887893,"Sridhar C","2026-09-13 20:12:56",218.9,2,sridharchinnasamy
9443,16725615,carside,"2026-08-29 04:49:31",218.6,1,carside118
9444,16728152,"Kenji Tai","2026-08-16 18:27:33",218.5,2,kenjitai
9445,16779857,0x74,"2026-09-03 14:03:17",218.5,1,i0x74i
9446,16849556,"Peter Bull","2026-09-08 12:41:45",218.3,2,peterbull
9447,16654067,DataForge,"2026-08-05 10:19:25",218.2,2,"chanduchandini,goriparthiramatulasi,srilakshmipanitini,suryachakradhar"
9448,16740800,"Shiva Sai","2026-08-19 03:54:27",218.0,1,shivasai846
9449,16663459,"Cristian Yeanpaul Palomino Calderon","2026-08-06 04:14:17",218.0,2,dawo0t
9450,16654293,"Jatin N. Soni","2026-08-18 09:59:05",217.9,2,jatinsoni111
9451,16658383,"SIVA S","2026-09-30 06:40:14",217.9,2,codingmaster24
9452,16822994,"Peter Danilov","2026-09-03 18:16:23",217.6,1,pndanilov
9453,16661831,vinit,"2026-09-30 15:09:23",217.5,1,vinitkp
9454,16665701,ManuelWick-Eckl,"2026-08-27 16:01:18",217.4,2,manuelw
9455,16667365,"leul dereje","2026-08-08 06:54:54",217.3,2,leuldereje
9456,16662039,"Ajat Rosadi","2026-08-04 16:58:10",217.1,2,ajatrosadi
9457,16665719,"[Armenia] Narek Petrosyan1","2026-08-05 07:49:34",217.0,1,narekpetrosyan1
9458,16698399,liuzhangzhen,"2026-08-10 09:49:23",216.8,1,liuzhangzhen
9459,16716407,"Ibrahim Adamu Anka","2026-08-13 09:01:38",216.7,2,ibrahimadamuanka
9460,16661231,"R Ajay Kumar12","2026-08-04 14:12:11",216.6,1,rajaykumar12
9461,16727383,"Minchul Shin","2026-08-20 07:50:37",216.6,1,nashory
9462,16751488,Klixel,"2026-08-21 03:35:28",216.5,1,klixel
9463,16663003,devzohaib,"2026-08-04 21:27:30",216.5,1,devzohaib
9464,16830761,Skarmory,"2026-09-04 13:05:56",216.4,1,syarnorke
9465,16784952,"Adria Barreto","2026-08-28 16:06:57",216.4,1,adriabarreto
9466,16683970,"Zakhar Homyakov","2026-08-07 11:14:41",216.0,2,zakharhomyakov
9467,16728249,"Ahmet Kiraz","2026-08-17 07:23:30",215.7,1,ahmetqiraz
9468,16699790,Aryanpal07,"2026-08-16 12:28:53",215.7,1,aryanpal07
9469,16659374,"[Deleted] 8f7327b9-2576-439b-bd6e-3f5fde366ebe","2026-08-04 10:12:44",215.1,1,del=8b215115eb53cbc1
9470,16680789,Marouane,"2026-08-15 02:41:18",215.1,2,marouanealahyane
9471,16922345,"MESK WADHAH ABDULQADER ABDULQADER","2026-09-29 11:50:06",215.0,2,meskelemin
9472,16667063,"Amiksha S","2026-08-09 15:16:49",214.8,1,amikshas
9473,16756743,"Ismail Alli Adekunle","2026-08-21 22:59:18",214.6,1,ismailalliadekunle
9474,16862356,Fitalabs,"2026-09-30 23:22:49",214.3,2,aleffita
9475,16708091,"Dipak Kumar Samanta","2026-08-11 15:17:04",214.2,1,dipak889
9476,16882350,akacome,"2026-09-12 18:32:37",214.0,1,akacome
9477,16687891,qklent,"2026-08-09 19:44:12",213.8,1,qklent
9478,16670506,"Juan Andres Bravo Mejia","2026-08-05 21:40:17",213.5,1,juanandresbravomejia
9479,16716386,"Dev Marya","2026-08-13 09:26:18",213.3,1,devmarya
9480,16637845,"Hadjmohamd Seif","2026-08-08 21:47:53",212.9,2,hadjmohamdseif
9481,16760920,"Román Eliezer Pérez Ríos","2026-08-31 18:07:43",212.9,2,perezrios
9482,16662105,PunnatatJAY,"2026-08-04 16:22:50",212.8,1,punnatatjay
9483,16725288,mustafasadiqi,"2026-08-15 12:26:35",212.7,1,mustafasadiqi
9484,16653997,"Alekya Valapushetty","2026-08-05 13:52:08",212.5,2,alekyavalapushetty
9485,16856961,"Victor Egbo","2026-09-10 08:38:48",212.4,2,victoregbo
9486,16691322,"Anita rai98765","2026-08-16 19:05:43",211.8,2,anitarai98765
9487,16632881,"Brisa Marina","2026-08-07 16:13:15",211.8,1,brisamarina
9488,16665614,MesonLabs,"2026-08-11 06:17:27",211.7,1,mesonlabs
9489,16690494,StevenBeyen,"2026-08-13 07:55:32",211.4,2,beyensteven
9490,16689903,wangbohuan,"2026-08-08 09:35:12",211.3,2,wangbohuan
9491,16665264,Andyxie2050,"2026-09-25 00:58:20",211.3,2,andyxie2050
9492,16656633,N25H03A1028,"2026-08-05 05:18:45",211.2,1,pardhusadhu
9493,16774202,Wrs,"2026-08-26 09:21:40",211.1,1,wrsarch
9494,16708480,"Omar M.Moustafa","2026-08-11 18:55:58",211.0,2,omarmmoustafa
9495,16669756,AlgSaid,"2026-08-05 18:54:07",210.9,1,imabdallah
9496,16762167,"Arkoday Roychowdhury","2026-08-24 01:29:19",210.9,2,arkodayroychowdhury
9497,16657777,"sandeep kumar","2026-08-04 11:41:21",210.7,2,sandeep088
9498,16790137,sinchir0,"2026-08-30 12:52:05",210.6,1,sinchir0
9499,16806577,ShinYAM1002,"2026-09-06 17:33:20",210.6,1,shinyam1002
9500,16676003,franck,"2026-08-06 14:59:55",210.5,2,bakura
9501,16728350,fajarnadeem808,"2026-08-16 13:07:59",210.4,2,fajarnadeem808
9502,16681959,"shun takinami","2026-08-07 05:43:47",210.2,1,shuntakinami
9503,16633483,"benkerrouche abdelbasset","2026-08-07 16:11:50",210.0,1,bassetkerouche
9504,16822259,"Craig Goldswain","2026-09-07 14:52:01",210.0,2,craiggoldswain
9505,16687574,"Yash Raghuvanshi","2026-08-07 22:09:38",209.7,2,yashraghuvanshi25
9506,16885883,"Stepan Kobaidze","2026-09-16 18:12:28",209.7,2,stepankobaidze
9507,16750526,"Marcel Biezunski","2026-09-05 16:44:52",209.6,1,marcelbiezunski
9508,16707519,"Pradnya Khanse","2026-08-11 12:52:07",209.6,1,pradnyakhanse
9509,16695937,Ryckiii,"2026-08-09 13:03:24",209.5,1,ryckiii
9510,16658152,MingSUN007,"2026-08-04 13:46:29",209.5,2,mingsun007
9511,16632145,kazuki_kazukazu,"2026-07-31 14:53:13",209.5,1,kazukikazukazu
9512,16778813,ShotDownInMay,"2026-09-27 07:37:25",209.4,1,shotdowninmay
9513,16627717,da_pond,"2026-07-31 08:33:57",209.1,1,dapond
9514,16949878,ZaitsevOleksandr,"2026-09-24 13:31:25",209.1,1,zaitsevoleksandr
9515,16757098,"Tharun kumar Jaya kumar","2026-08-30 02:29:39",209.0,1,tharunkumarjayakumar
9516,16671302,"Pratish Chaudhary","2026-08-10 00:35:01",208.9,1,pratishchaudhary
9517,16710929,"Pooja Divekar","2026-08-16 08:22:48",208.8,1,poojadivekar123
9518,16635610,JeffFosterUK,"2026-08-01 17:16:52",208.7,2,jefffosteruk
9519,16641331,ushi,"2026-08-05 13:33:18",208.2,1,yuki508
9520,16712990,shreyaaaaa9,"2026-08-12 16:17:06",208.1,1,shreyaaaaa9
9521,16712979,"Yusuke Tsukuda","2026-08-12 14:58:39",207.9,1,yusuketsukuda
9522,16941661,Parthasaradhy,"2026-09-22 16:02:49",207.9,2,parthasaradhy
9523,16686316,"Ali mohon","2026-08-07 16:16:43",207.9,2,alimohon
9524,16767173,AgriNexus,"2026-09-12 12:58:54",207.6,2,rashmirajput0102
9525,16724512,"Diw Gupta","2026-08-21 13:45:51",207.2,1,diwgupta
9526,16864283,"Nguyễn Cường","2026-09-20 11:41:20",207.1,2,nguyncngo
9527,16655159,"Marcel Relaford","2026-08-13 01:26:26",206.9,1,marcelrelaford
9528,16675104,"khwaja Moula'Ali","2026-08-06 11:30:49",206.9,1,khwajamoulaali
9529,16660579,mayank,"2026-08-06 14:41:12",206.5,2,mayank921
9530,16785175,SonOfNike,"2026-08-28 17:20:58",206.2,1,sonofnike
9531,16666574,"hrishit prakash","2026-08-05 13:26:37",206.2,2,hrishitprakash
9532,16689933,"Anjali Shah","2026-08-17 09:30:28",206.2,2,anjalishah0306
9533,16711673,losingself,"2026-08-12 09:07:45",206.1,1,level14taken
9534,16632795,"vishwottam kudekar","2026-08-05 18:19:02",206.0,1,vishwottamkudekar
9535,16678647,"Zorawar Singh","2026-08-06 19:55:53",205.8,2,zorawarsingh677
9536,16670674,"Foodle Jang","2026-08-19 22:14:34",205.8,2,foodlejang
9537,16684875,"Amitrakshar Mukherjee","2026-08-07 13:21:32",205.6,2,amitraksharmukherjee
9538,16831820,"Raihan Saladin","2026-09-12 17:21:34",205.6,2,raihansaladin
9539,16796678,ka,"2026-08-31 16:16:03",205.5,1,kandruszek
9540,16663869,CYBER_TECH99,"2026-08-05 01:40:15",205.4,2,cybertech99
9541,16696266,"Pandarasamy Arjunan (Samy)","2026-08-09 14:16:03",205.2,1,samy101
9542,16656595,"Sithija Amarathunga","2026-08-04 10:09:50",204.8,2,sithijaamarathunga
9543,16698987,"Shree Ashok L","2026-09-01 05:16:16",204.6,2,"praneelbaskar,rishivarathan,santhoshkumarp24,shreeashok72"
9544,16667684,"Tim Neale","2026-08-06 13:01:12",204.6,1,timothyjneale
9545,16785434,"[Deleted] 044034de-be4c-465c-ad6d-a40fcc0bf77c","2026-08-28 18:05:21",204.5,1,del=78dbd787081be305
9546,16913778,"Ugwushi Chijioke","2026-09-17 12:30:36",204.3,2,ugwushichijioke
9547,16659280,"yahaya zayyan","2026-08-04 10:51:16",204.1,1,yahayazayyan
9548,16700832,Blitz,"2026-08-10 11:37:18",203.3,1,premshinde
9549,16758090,"JOYMIE TALICUAD","2026-08-22 10:07:40",203.2,1,joymietalicuad
9550,16668024,"Igor Burkov","2026-08-07 04:35:37",203.0,2,igorburkov
9551,16663066,"Mithun Kore","2026-08-29 19:18:28",202.6,1,mithunkore
9552,16665704,"Sreesanth M S","2026-08-05 07:12:05",202.3,1,sreesanthms
9553,16690286,imunderthetree,"2026-08-08 12:25:51",202.2,2,imunderthetree
9554,16892144,"Ruichen Yin","2026-09-17 16:10:38",202.1,2,superaier
9555,16818924,"super penguin king","2026-09-03 12:35:44",202.1,1,superpenguinking
9556,16891082,"surya prakash Nayak2","2026-09-14 10:56:23",201.6,1,suryaprakashnayak2
9557,16655762,"Idrisse Moundhir","2026-09-05 08:21:45",201.2,1,idrissemoundhir
9558,16653941,"Sachin Kumar Kushwaha","2026-08-11 08:45:11",201.1,2,sachinkumarkushwaha
9559,16662603,"Shem Gikunda","2026-08-06 17:24:48",200.7,1,shemgikunda
9560,16655813,minerppdy,"2026-08-04 06:06:58",200.4,1,minerppdy
9561,16723467,"Vladas Verkelis","2026-08-15 14:23:42",199.8,1,vlaveris
9562,16655292,"Ingrid Fellah","2026-08-04 06:31:35",199.6,2,ingvor
9563,16662048,"Deekshitha Prabhakar","2026-08-06 18:15:45",199.0,2,deekshithaprabhakar
9564,16659900,"Abu Bakr","2026-08-04 18:30:29",198.9,2,mohamed32010
9565,16684908,"Nidal Saleh","2026-08-08 14:08:20",198.6,2,nidalsaleh
9566,16759675,TianKitty,"2026-08-27 04:43:06",198.3,1,tiankitty
9567,16669060,Twansss,"2026-08-15 04:37:59",198.2,2,twansss
9568,16658644,"Hitarth Pandey","2026-08-09 03:04:42",198.2,1,hitarthpandey
9569,16644398,Nurkan123,"2026-08-16 21:20:24",198.1,2,nurkan123
9570,16707941,ニイエチカイン,"2026-08-14 15:28:42",197.6,2,j4ck99
9571,16659703,"Ananya #2","2026-08-04 12:00:26",197.6,1,ananyax8
9572,16691583,Caleb,"2026-08-09 14:32:52",197.2,2,collev
9573,16654314,Mahamudul_Hassan_8012,"2026-08-03 18:33:07",197.0,2,mahamudulhassan8012
9574,16762162,"Shota Hirao","2026-08-23 12:34:05",196.9,1,shotahirao
9575,16784360,"Suraj Kumar","2026-09-08 10:20:42",196.7,2,suraj99km
9576,16751141,DeadJed,"2026-08-26 11:10:40",196.6,2,deadjed
9577,16654329,"Aby K Prakash","2026-09-17 17:04:51",196.4,1,abykprakash
9578,16745293,Harvey,"2026-08-22 04:20:10",196.1,2,celestia0113
9579,16811774,"Eduardo Hoffmann","2026-09-23 22:33:16",195.9,1,hoffmanna
9580,16723726,"Erika Worrall","2026-08-15 23:09:17",195.7,1,erikaworrall
9581,16644210,"حسنين ساجد","2026-08-07 22:08:44",195.6,2,kutghngf98687er
9582,16682051,"Noorjahan Siddiqui","2026-08-10 09:33:35",195.4,2,noorjahansiddiqui
9583,16845903,"Tsubasa Hizono","2026-09-07 05:47:46",194.9,2,tsubasahizono
9584,16656692,"kinza aftab 714","2026-08-04 05:43:51",194.7,2,kinzaaftab714
9585,16675428,"Farhan Khairullah","2026-08-09 16:22:00",194.4,2,farhankhairullah06
9586,16684891,SARTHAK,"2026-08-14 19:07:26",194.3,1,s4rth4k01
9587,16782525,"Ashish Mittal","2026-08-28 05:27:46",194.0,2,ashish1502g
9588,16918569,"Ashee Softworks","2026-09-18 05:59:35",193.9,1,asheesoftworks
9589,16725537,"Ayan Bashir Sheikh","2026-08-15 18:02:07",193.7,2,ayanbashirsheikh
9590,16656771,"thushara bandara","2026-08-07 04:13:43",193.2,2,dushyanthibandara
9591,16623846,"masatoshi hiraki","2026-07-31 07:52:39",192.2,2,masatoshihiraki
9592,16948546,MostatabiZahra,"2026-09-25 11:30:56",192.2,1,mostatabizahra
9593,16762459,GNR_network,"2026-08-23 13:59:19",192.0,1,gnrnetwork
9594,16783872,"Soupau Lev","2026-09-01 09:50:33",191.6,1,olivierauffret
9595,16654256,"KONGARA PRASANTH","2026-08-04 03:40:27",191.3,2,prasanth2008
9596,16895191,"Oluwatobi Ojekanmi","2026-09-16 12:53:27",191.1,2,oluwatobiojekanmi
9597,16809006,Ilya,"2026-09-02 13:23:05",190.7,1,zhukov
9598,16915627,"Yash Pratap Singh","2026-09-17 14:59:02",190.5,1,yashpratapsingh10
9599,16660291,"Abhijit Rajkumar","2026-08-04 13:27:44",190.5,2,abhijitrajkumar
9600,16861601,aliksey,"2026-09-11 17:22:46",189.1,2,aliksey
9601,16667550,"Oseni Sakariyau Oluwadamilare ","2026-08-23 10:05:56",188.6,2,sakabambam
9602,16685128,"Rohan Hake","2026-08-10 12:48:36",188.5,2,rohanhake
9603,16717555,"Mariem GLIOUEZ","2026-09-10 15:21:07",188.5,1,mariemgliouez
9604,16859770,"Praful Tiwari1","2026-09-14 10:37:58",188.4,1,prafultiwari1
9605,16661810,AGNES33,"2026-08-16 19:09:18",187.8,2,agnes33
9606,16697020,"Hossam elden Mohamed","2026-08-15 01:13:51",187.8,2,hossameldenmohamed
9607,16928100,babakara,"2026-09-24 08:37:28",187.1,2,babakara
9608,16668048,"Gazi Sayem Uddin Samir","2026-08-05 14:29:51",187.0,2,gazisayemuddinsamir
9609,16663658,oriolgalceran,"2026-09-16 05:10:58",186.4,2,oriolgalceran
9610,16662353,"LAYAL ALNASHMI","2026-09-12 11:37:55",186.4,2,waitups
9611,16633133,Holeneckles,"2026-09-30 20:38:23",186.2,2,holeneckles
9612,16708194,"Amulya Kypa","2026-09-26 17:46:28",186.1,2,"aakankshakota,amulyakypa,gvvinaykrishna"
9613,16706134,NK11FC,"2026-08-25 11:30:00",186.0,2,nk11fc
9614,16748882,gsv,"2026-08-20 16:13:45",185.8,1,ram1o1
9615,16942073,nagissan,"2026-09-22 14:10:52",185.7,2,nagissan
9616,16701138,superpig,"2026-08-19 09:43:31",185.7,1,geniussuperpig
9617,16711840,OverfitMilkCake,"2026-08-13 06:36:21",185.2,1,overfitmilkcake
9618,16684237,Zen_0910,"2026-08-07 17:07:02",185.2,1,zendeptrai
9619,16714263,Lmfm24,"2026-08-12 20:38:01",185.1,2,lmfm24
9620,16658567,"Sharif Mohamed (1)","2026-08-04 13:16:47",184.8,1,sharifmohamed1
9621,16731838,"zhexun Liu","2026-09-20 01:03:46",184.4,2,zhexunliu
9622,16639465,"Gabriel Aguiar Leao","2026-08-02 00:23:49",184.3,1,"gabrielaguiarleao,marcositta"
9623,16898240,jimmy5566,"2026-09-15 17:41:24",183.7,1,jimmy5566
9624,16744221,Dizzy1829,"2026-08-29 04:15:48",183.2,1,dizzy1829
9625,16658311,zkskhurram,"2026-08-05 07:59:40",183.0,2,zkskhurram
9626,16768453,phicis8911,"2026-09-16 00:41:21",183.0,2,phicis8911
9627,16668506,"Louie Tang","2026-08-08 06:56:52",182.7,2,louietang
9628,16903922,"Lim Ba Su","2026-09-20 04:22:33",182.6,2,limbasu
9629,16656900,Hxrsh09,"2026-08-10 14:39:46",182.5,2,hxrsh09
9630,16769470,HaHHYbYY,"2026-08-26 07:52:33",182.1,1,hahhybyy
9631,16709957,"Lei Gao","2026-08-12 04:03:42",182.1,1,leigao31
9632,16655634,Anjali,"2026-09-30 00:45:39",180.9,1,anjalinmali
9633,16636540,"Burkova Nastia","2026-08-01 13:34:02",180.6,2,"burkovanastia,ellvalerie"
9634,16660930,"Chung Ching Yeh","2026-08-04 14:44:34",180.2,2,chungchingyeh
9635,16838890,"Yisher Xia","2026-09-05 16:09:13",179.9,1,yisherxia
9636,16889278,"Ari Kurniawan92","2026-09-14 08:32:53",179.9,1,arikurniawan92
9637,16654827,"ADITYA KUMAR MISHRA","2026-08-03 20:07:22",179.5,1,aditya1kumarmishra
9638,16798447,"Sage Harley","2026-09-29 05:41:32",179.1,2,sageharley
9639,16666383,"Sindhi Vishal","2026-08-14 10:46:32",178.7,2,sindhivishal
9640,16655786,leavts,"2026-08-04 02:35:50",178.7,1,leavts
9641,16687514,Dark_1926,"2026-08-07 20:30:33",178.6,1,dark1926
9642,16639692,"Nirmal Patel","2026-08-06 03:05:27",178.5,2,nirmalpatel02
9643,16633342,farm75,"2026-08-03 14:03:14",178.4,2,sakthi75
9644,16654482,SarahShams,"2026-08-14 16:36:06",178.4,2,sarahshams
9645,16906790,"Jean-Luc Hayes","2026-09-21 10:21:36",178.3,1,kingjuc
9646,16659283,"DILEEP POTHULA","2026-08-08 06:43:15",178.2,2,dileeppothula
9647,16639615,rickzai,"2026-09-01 05:37:21",177.8,2,rickzai
9648,16773557,"Rudra kalyan","2026-08-26 09:08:54",177.8,2,rk1144
9649,16697628,"Yash Sharma","2026-08-17 15:33:32",177.8,2,yashsharma42
9650,16712395,"Zuohong Pan","2026-08-12 12:15:40",177.6,1,pshuaibi
9651,16794720,"paola hernandez55","2026-08-31 04:19:31",177.5,1,paolahernandez55
9652,16666027,CropBOTS,"2026-08-13 16:12:42",177.0,2,"anshultickoo,itsmepooja,manuakumar,sapnajain115"
9653,16672284,"Dhruv | AI/ML Engineer in Progress","2026-08-07 06:55:13",176.9,1,dhruvdipakchudasama
9654,16656287,sandip_shaw123,"2026-08-05 10:02:07",176.7,1,sandipshaw123
9655,16778545,Mizunooo,"2026-09-10 10:16:12",176.5,2,mizunooo
9656,16659910,"Shraddha Kumbhar","2026-08-07 09:55:58",176.2,2,raj113
9657,16623274,Mhmda81,"2026-08-03 00:10:04",175.5,2,mhmda81
9658,16689364,"Udbhav Purwar","2026-08-11 10:12:00",175.5,1,udbhavpurwar
9659,16760392,Владимир,"2026-08-23 00:19:23",175.4,1,vgkuvshinov
9660,16687337,"sravani kamjula","2026-08-07 19:38:39",175.2,2,sravanikamjula
9661,16653906,swaroop41,"2026-08-04 05:53:29",175.2,2,swaroop41
9662,16777986,小雨姑娘,"2026-08-27 21:51:19",174.3,2,skewcy
9663,16660749,"PavanK Saketh","2026-08-04 13:38:48",174.1,2,pavanksaketh
9664,16723404,"Mahdi Al Hajji","2026-08-20 02:13:12",173.6,2,mhh1430hacker
9665,16661252,"Andrzej Walczak","2026-08-05 09:46:19",173.6,2,andrzej1983
9666,16860921,jayjayfff,"2026-09-10 01:25:36",173.4,2,jayjayfff
9667,16877079,"Saptak Banerjee","2026-09-11 19:09:58",173.4,1,saptakbanerjee123
9668,16780411,K.Satwik,"2026-08-27 16:23:04",173.2,2,ksatwik3220
9669,16660309,"Hazem Mahmoud Elsayd","2026-08-04 16:34:31",172.8,2,hazemmahmoudelsaid
9670,16826118,shishuyang11,"2026-09-04 06:50:04",172.3,1,shishuyang11
9671,16724325,Melancholian,"2026-08-15 06:43:12",172.1,1,kasaneru
9672,16700992,Abhishek_1355,"2026-08-25 09:17:08",172.1,1,abhishek1355
9673,16698886,pied_piper,"2026-08-10 14:11:15",172.1,2,ahanhalder
9674,16743329,"Daniel Obioma emenike","2026-09-11 12:32:22",172.0,2,danielobiomaemenike
9675,16741650,"LEGBA Adia Kpèchehoue Pierre Alex ","2026-09-27 12:19:34",171.6,2,alex609b
9676,16663910,"Shivram Nekkanti","2026-08-07 14:38:04",171.4,1,shivramnekkanti
9677,16661494,"Arulmaniyan Rajavel","2026-08-22 13:46:58",170.9,2,arulmaniyanrajavel
9678,16915181,snesne123,"2026-09-25 07:14:21",170.9,1,snesne123
9679,16663525,"Eric Hilary Smith","2026-09-22 16:36:18",170.8,2,erichilarysmith
9680,16749225,"Hisyam Prasetyo","2026-08-27 11:26:07",170.8,2,hisyamprasetyo
9681,16841294,"Annu Rana1","2026-09-09 18:12:34",170.8,1,annurana1
9682,16948144,"Muhammad Ali Amir","2026-09-23 15:36:25",170.6,1,malialice
9683,16663333,"Iago Moura e Moreira","2026-08-04 20:05:06",170.6,1,iagomouraemoreira
9684,16693318,meow3301,"2026-08-09 02:33:34",170.2,2,meow3301
9685,16674093,"Hoàng Trần Đặng Minh","2026-08-06 08:54:38",170.1,1,hongtrnngminh
9686,16696952,tronxz8,"2026-09-09 13:51:31",170.0,1,tronxz8
9687,16871895,"Sahil Raval","2026-09-15 10:57:48",169.8,1,sahilraval1311
9688,16702060,Mcusac,"2026-08-13 19:42:54",169.4,1,mcusac
9689,16890196,hello518123,"2026-09-14 08:51:52",169.2,1,hello518123
9690,16654244,"Saad Nanawala","2026-08-03 18:17:33",169.1,1,saadnanawala
9691,16889817,"Om Patelxyz","2026-09-14 07:04:40",168.9,2,ompatelxyz
9692,16692652,"Harsith R","2026-08-08 20:26:56",168.4,1,chiefofpredicitions
9693,16668438,"Sahil Suman","2026-08-16 17:09:20",168.1,1,sahilmanavraunak
9694,16866478,aktk,"2026-09-10 16:43:56",168.0,2,aniltk
9695,16807557,coolz,"2026-09-09 06:35:51",168.0,2,cooolz
9696,16663913,"Aanaa Kaliil","2026-08-05 15:15:31",168.0,2,aanaakaliil
9697,16685568,Secertive,"2026-08-08 17:59:52",167.7,1,secretiveplotter1863
9698,16652159,Boson328,"2026-08-04 10:06:13",167.6,1,boson328
9699,16869551,"Adrien ple","2026-09-11 12:48:34",167.4,2,adrienple
9700,16657628,Hamo,"2026-08-07 12:00:21",167.2,2,mohamed2223
9701,16891711,"Michael Odoemelam1","2026-09-21 21:38:22",167.2,1,michaelodoemelam1
9702,16671342,"Danh Nguyen 1303","2026-08-09 14:47:52",166.5,1,danhnguyen1303
9703,16858512,lkjmo123,"2026-09-09 06:45:18",166.4,1,lkjmo123
9704,16676992,NIDHIHEER01,"2026-08-16 17:09:00",165.8,1,nidhiheer01
9705,16732342,"Viktor Antonov","2026-08-18 10:22:32",165.6,1,viktorantonov
9706,16665463,Seendon,"2026-08-06 19:19:25",165.1,2,informationminer
9707,16706557,"Nurullah Gundogdu","2026-08-11 17:52:07",164.8,2,nurullahgundogdu
9708,16688190,"Win M","2026-08-08 00:28:18",164.7,1,winmet
9709,16632724,"Sayan Dutta","2026-08-04 07:47:42",164.3,1,sayan1507
9710,16669473,"William Bickelmann","2026-08-05 17:47:13",164.3,1,williambickelmann
9711,16922154,"Olaoluwa Osho","2026-09-20 21:35:07",164.0,2,olaoluwaosho
9712,16867344,"shayan yadegaridehkordi","2026-09-12 17:05:44",163.8,1,shayanyadegari32
9713,16657525,"Alae Lakhdar","2026-08-05 08:10:49",163.3,1,alaelakhdar
9714,16644360,Mathous,"2026-08-02 20:28:00",163.1,1,mathisdac
9715,16715896,新木,"2026-08-18 05:25:46",162.9,1,sunchief
9716,16621290,"Muhammad Ahsan","2026-07-30 17:35:00",162.4,2,ahsanneural
9717,16656196,"Vishwash Golakiya","2026-08-27 01:07:00",162.2,1,vishwashgolakiya
9718,16681610,"team maccy","2026-08-07 20:27:06",162.1,1,robertgama
9719,16915882,BandaruLakshmi1234,"2026-09-17 16:50:15",162.0,1,bandarulakshmi1234
9720,16664315,happy_boy_2007,"2026-08-12 09:04:40",161.9,1,happyboy2007
9721,16667238,"Srija ganguluri","2026-08-07 10:14:48",161.8,1,srijaganguluri
9722,16653319,"Md. Rasel Meya","2026-08-06 14:42:18",161.8,2,raselmeya
9723,16660146,4Solver,"2026-08-08 02:06:19",161.8,2,msfbiolinhares
9724,16744545,"Aditya Kumar Singh 013","2026-08-19 18:45:42",161.5,1,adityakumarsingh013
9725,16744461,"Adiratna Kamble","2026-08-21 22:05:13",160.5,1,adiratnakamble
9726,16889852,"Abdikaliq osman","2026-09-16 00:48:05",160.0,2,abdikaliqosman
9727,16655482,Apoorv007,"2026-08-04 01:55:41",159.1,1,apoorv007
9728,16831130,"Khushar Pal","2026-09-06 15:21:15",158.8,2,khusharpal
9729,16670747,"Aryan Kumar Chaudhary","2026-08-11 22:46:05",158.8,2,"aryankumarchaudhary,rakshitmundra"
9730,16640914,inconnu,"2026-09-17 12:01:07",158.7,2,kajarnaklokossou
9731,16768568,Nour102006,"2026-08-27 04:46:00",158.5,2,nour102006
9732,16671617,"Bennett Lien","2026-09-30 05:27:14",158.3,2,"bennettlien,liamspaulding"
9733,16795043,"SONU RAUT","2026-09-05 11:51:59",158.2,2,sonuraut
9734,16727681,JanV123,"2026-09-06 05:37:07",158.1,2,janv123
9735,16717586,wangjialu2333,"2026-08-15 09:29:36",158.0,1,wangjialu2333
9736,16682689,HenryRichardson1,"2026-08-07 10:00:12",157.9,1,henryrichardson1
9737,16668379,dccgps,"2026-08-08 05:44:36",157.8,1,dccgps
9738,16823341,"Agnieszka Sobala","2026-09-03 20:15:55",157.7,1,agnieszkasobala
9739,16671985,"vishal waghchaure","2026-08-07 09:25:36",157.3,2,vishalwaghchaure
9740,16881244,"Atharva Govind Salunke","2026-09-18 17:50:01",157.1,2,atharvagovindsalunke
9741,16663448,"Adel I.","2026-08-07 12:55:44",157.0,2,adelid
9742,16851731,"Amar 5454","2026-09-14 10:28:42",157.0,2,amar5454
9743,16912044,"[Deleted] 0b2c3d58-9494-483e-ad4c-1465b66166ca","2026-09-17 08:46:46",156.8,2,del=2e39a6893da554dc
9744,16677786,"[Deleted] aec7dc1f-59cb-486f-998a-d2407e297536","2026-08-26 13:39:08",156.8,2,del=0fde9ba2630fee3c
9745,16651507,jappanini,"2026-08-03 09:14:04",156.2,1,jappanini
9746,16750285,LeEmperor,"2026-08-22 04:36:18",156.1,2,leemperor
9747,16679470,"GamaL Mahmoud","2026-08-08 13:33:52",155.9,2,gamalmahmoudtaha
9748,16666037,"Matheus Marques","2026-08-06 06:03:28",155.8,2,mathmarquesbr
9749,16936959,"Anthony Moorehead","2026-09-21 14:56:40",154.1,1,anthonymoorehead
9750,16679713,"John william Vicente 🇧🇷","2026-08-07 00:38:57",153.8,1,chrollo079
9751,16623131,"Liam Carrig Newsam","2026-08-04 00:00:03",153.7,1,liamcarrignewsam
9752,16735735,Rishabh@1304,"2026-09-12 10:08:51",153.4,2,rishabh1304
9753,16891769,Kurapapa,"2026-09-29 12:07:57",152.9,1,kurapapa52
9754,16769114,angayoung,"2026-08-25 07:22:00",152.9,1,joaga0603
9755,16887039,"Angella Semu","2026-09-21 15:26:56",152.5,2,angellasemu
9756,16677328,"Eng. Husnain","2026-08-08 13:13:23",152.5,2,enghusnain
9757,16736759,"Lavesh Kadam","2026-08-18 10:55:05",152.0,1,laveshk314
9758,16741239,"fjf 1asd","2026-08-19 08:46:31",151.6,1,fjf1asd
9759,16663438,"Varun Prajapati","2026-08-08 21:54:54",150.9,2,"krunalasari,varun2206"
9760,16756264,query_stop,"2026-08-27 00:24:14",150.0,2,jaared
9761,16792786,"Fusion Flux","2026-09-20 13:49:10",149.8,2,mithilleshkumar
9762,16756887,"Rushika S","2026-09-13 12:26:14",149.3,1,rushikas
9763,16625043,"Ivan Litvak","2026-09-16 16:36:06",148.9,2,trydotatwo
9764,16666414,salyamq,"2026-08-05 16:41:38",147.7,1,salyamq
9765,16863892,brunoarpa,"2026-09-10 02:43:09",147.6,1,brunoarpa
9766,16661689,"David Rao","2026-08-04 18:27:01",147.5,1,davidrao63
9767,16653462,"Ruchi Scott","2026-08-12 12:19:19",147.0,2,ruchiscott
9768,16662108,nhkien,"2026-08-05 06:52:18",146.3,2,nhkien
9769,16759205,MartinaF95,"2026-09-22 12:55:32",146.1,1,martinaf95
9770,16945034,divinesouljoy,"2026-09-23 04:59:46",145.4,1,divinesouljoy
9771,16773358,yogeshgoudapatil,"2026-08-27 14:59:13",145.3,2,yogeshgoudapatil
9772,16725990,"Parth Tomar","2026-08-24 12:35:45",144.8,2,parthtomar193
9773,16875898,"Sai Krishna Pakkir","2026-09-11 17:30:49",142.5,2,saikrishnapakkir
9774,16705360,Elahi,"2026-08-18 05:49:00",140.9,2,mmelahi
9775,16750391,"Batuhan Yerebasmaz","2026-08-20 18:34:21",140.1,2,batuhanyerebasmaz
9776,16658362,MHaurel,"2026-08-09 15:32:45",138.6,1,hetax17
9777,16841612,"Jordan #2","2026-09-10 16:51:25",138.5,2,jordantay
9778,16718139,"shah jatin","2026-09-27 12:21:21",138.5,2,shahjatin
9779,16659929,"MAMADOU LY (LY BOUSSO 45)","2026-08-13 11:43:25",137.9,2,mamadoulylybousso45
9780,16671827,"Shourya Gupta","2026-09-25 16:16:36",137.8,2,siriuspotter
9781,16658522,"Amna khanii23","2026-08-07 05:15:47",136.3,2,amnakhanii23
9782,16770924,rohit,"2026-09-12 05:08:35",135.6,2,rohitsrinivasan31
9783,16663334,"sameer mughal","2026-08-29 20:12:57",135.6,2,sameermughal109
9784,16656954,"Marwan Elmetwally","2026-08-04 05:56:29",135.4,2,marwanelmetwally
9785,16904992,abdulkader1,"2026-09-27 06:44:06",134.6,2,abdulkader1
9786,16752120,"Görkem Tuğ","2026-08-24 10:45:35",134.3,2,grkemtu
9787,16655573,"Probablyaphilosopher ","2026-08-16 00:01:40",134.3,2,probablyaphilosopher
9788,16624973,"Mrunmayee Kulkarni","2026-07-31 06:16:46",134.2,1,kulmrun
9789,16743630,TRP,"2026-09-01 17:06:48",134.1,2,tejratanpaulrocky
9790,16793648,Sarda___,"2026-08-30 16:51:21",134.0,2,brainnotfound3
9791,16698307,AnasAl7,"2026-08-10 13:08:08",134.0,2,anasal7
9792,16677081,"Brandon Gaston","2026-08-12 23:49:58",133.5,1,mushmon
9793,16722089,"Saidjon Ramazonov","2026-08-16 05:51:50",133.2,2,saidjonramazonov
9794,16631135,"Fernando Liazar Luemba Salvador","2026-09-28 04:49:06",133.0,2,fernandollsalvador
9795,16777666,Lithops1112,"2026-09-05 08:20:21",132.5,2,lithops1112
9796,16734896,pattikamo,"2026-08-27 10:52:28",132.4,2,pattikamo
9797,16780986,Azizbek,"2026-09-01 14:26:45",132.3,2,miracle88
9798,16654384,"Alladi Sai Kalyan Raman 24BCE1509","2026-08-30 09:33:11",131.8,2,alladisaikalyanraman
9799,16756868,"Anisha Maurya","2026-09-05 19:29:41",131.6,2,anishamaurya
9800,16667886,"Ubaid ur rehman 0345","2026-08-05 15:23:12",131.2,2,ubaidurrehman0345
9801,16683577,"Ankush Kumar M","2026-08-07 13:19:05",130.9,2,ankushkumarm
9802,16660285,"Sawan Kohli","2026-08-06 13:11:44",130.9,2,sawankohli
9803,16688165,"David @ Koantek","2026-08-25 23:53:17",130.7,2,artificialbrilliance
9804,16664586,"Owen Lim","2026-08-05 05:42:25",130.5,2,owenlim45
9805,16802348,Shergill_17,"2026-09-01 11:17:15",130.5,2,shergill17
9806,16662269,"KAMLESH KUMAR POKHARNA","2026-08-06 17:25:51",130.4,2,kamleshkumarpokharna
9807,16861721,"SJ Gamsyy","2026-09-11 09:40:23",130.1,2,sjgamsyy
9808,16686834,Kaabbil,"2026-08-09 16:14:49",130.0,2,"dr3aking,kaabbil"
9809,16886819,"Rebecca Shirievo","2026-09-16 17:29:07",129.6,2,rebeccashirievo
9810,16662630,"M.mohamed Muhasir","2026-08-05 18:25:39",129.4,2,mmohamedmuhasir
9811,16730380,"FOKRUL ISLAM LECTURER","2026-08-19 01:56:28",129.3,2,fokrulislamlecturer
9812,16934489,Anushahs2026,"2026-09-21 08:28:06",129.3,2,anushahs2026
9813,16723289,"Caio Saboia","2026-08-28 18:24:29",129.2,1,caiosaboia
9814,16670662,"Gina Lee","2026-08-11 22:45:21",129.2,2,ginaleegdm
9815,16697339,"Muhammad Safwan Ahmad Saffi","2026-08-15 00:28:21",129.2,2,safwanahmadsaffi
9816,16666018,"H vv sathwik","2026-09-24 09:27:00",129.1,2,hvvsathwik
9817,16907555,"Pandidurai E","2026-09-17 16:08:13",128.9,2,pandiduraie
9818,16864193,"[Deleted] b3063c6b-024a-4ece-902e-6edde232fe9f","2026-09-10 06:27:50",128.9,2,del=d26e59586a26ce18
9819,16855448,MaryKEREN,"2026-09-25 16:00:05",128.8,1,marykeren
9820,16668495,Herisitraka,"2026-08-05 17:16:28",128.7,2,herisitraka
9821,16690195,"Manshi Shukla","2026-08-08 10:12:24",128.5,2,manshishukla
9822,16773333,"Abdullah javed Javed","2026-09-05 03:13:57",128.4,2,abdullahjavedjaved
9823,16686902,"Aaditya Jain","2026-09-14 06:22:21",128.3,2,aadityajain2312
9824,16633003,"K Mukhiya ","2026-08-01 12:09:51",128.2,2,kmukhiya
9825,16700771,"Disuru Coba Ama Jaki","2026-09-20 16:44:11",127.8,2,reiiihel
9826,16674774,"Dine ALASSANE","2026-08-07 05:53:28",127.8,2,dinealassane
9827,16633551,"Subarno Sen","2026-08-25 04:42:35",127.4,2,lordfiftyfive
9828,16794292,"Taylor Clark","2026-09-29 05:10:48",127.4,2,taylorclark637
9829,16657306,"Krunal Chavda","2026-08-07 21:38:11",127.2,2,krunalchavda21
9830,16713002,"Adithya M","2026-08-13 15:42:17",127.1,2,adithya3907
9831,16881320,allen17179869184,"2026-09-19 13:17:49",127.1,2,allen17179869184
9832,16680419,"Tech Changer","2026-08-17 12:31:58",127.1,1,johnbibin
9833,16635248,eosphor,"2026-08-01 09:46:59",127.0,2,eosphor
9834,16793392,"reda elkrouchni","2026-09-02 16:16:05",127.0,2,redaelkrouchni2
9835,16634761,"CHARHBILI Moad","2026-08-07 13:44:23",126.8,1,charhbilimoad
9836,16740144,Salmon,"2026-08-21 12:55:13",126.6,2,shin3110
9837,16729148,"Marco M","2026-08-16 22:51:36",126.5,1,marcoms1000
9838,16715354,"Alyssa Clark","2026-08-14 02:52:26",126.4,2,a1yssaclark
9839,16670777,"Aman Yitbark","2026-08-13 05:43:27",126.4,1,amanyitbark
9840,16707062,"G DOLANARASIMHA","2026-08-11 12:18:02",126.3,2,gdolanarasimha
9841,16657227,"Anusha Marla","2026-08-04 07:05:53",126.2,2,anushamarla
9842,16789570,wyananwyanan,"2026-09-16 03:05:19",126.1,2,wyananwyanan
9843,16658189,"Zale John","2026-08-26 00:48:24",125.8,2,zalejohn
9844,16657462,"CROP CODERS","2026-08-10 18:00:28",125.7,2,"dhanvanthraj,raghavan9944,shanmugam666,sitha2345,sumaiyahibrahim"
9845,16629426,"Abdullah Qureshi","2026-07-31 10:00:44",125.7,2,abdullahqureshi120
9846,16688288,"Ojo Oluwadamilare","2026-08-08 01:43:30",125.6,2,ojooluwadamilare
9847,16662557,"Naman Sudershan","2026-08-05 13:21:08",125.6,2,namansudershan
9848,16851038,"Ivan Danut","2026-09-30 20:34:15",125.6,2,ivandanut
9849,16661500,"yagnit sutariya","2026-08-04 15:34:39",125.6,1,yagnitsutariya
9850,16690112,"Ayush Tripathi","2026-08-17 09:03:03",125.5,2,ayushtripathi112
9851,16811685,benhur0905,"2026-09-25 23:59:07",125.3,2,benhur0905
9852,16658969,"Yuri Maslov","2026-08-04 10:11:45",125.3,1,yurimaslov
9853,16657322,"Ashwani Mahajan","2026-09-26 04:50:35",125.2,1,ashwanimahajan
9854,16913466,abc1zzz,"2026-09-26 13:58:53",124.8,2,abc1zzz
9855,16668018,"DAVID CHEW HL","2026-08-06 06:36:34",124.8,2,davidchewhl
9856,16714589,xinsu9898,"2026-08-16 22:26:49",124.7,1,xinsu9898
9857,16738778,"DILIP BAVISKAR","2026-09-13 09:12:49",124.5,2,dilipbdilipb
9858,16902494,FoodieJam,"2026-09-21 01:38:58",124.5,2,foodiejam
9859,16713896,"Quantum Fusion","2026-08-14 12:12:34",124.2,1,gugurobotics
9860,16701106,moshito,"2026-08-10 14:13:58",124.2,2,"danamaulana123,moshito,naufaldhiaulhaq01"
9861,16797105,"Rahul vats","2026-09-25 02:06:31",124.2,2,rahulvats20
9862,16713329,qrcodeTH,"2026-08-13 08:22:40",124.1,2,thanaphumsaywonin
9863,16661969,"Raja T","2026-09-30 14:06:44",124.1,2,rajathiagaraj
9864,16669311,Schoki,"2026-08-17 22:26:49",124.1,2,jensdnisch
9865,16625029,Hilarus,"2026-08-01 15:59:02",123.6,2,hilagbag
9866,16671232,"sms tcil","2026-08-07 13:03:30",123.5,1,smstcil
9867,16777407,"Fahrur Rozzi","2026-08-26 23:01:52",123.5,1,frozzi18
9868,16712568,"Tanvi Dobariya","2026-08-14 17:39:52",123.5,1,tanvidobariya
9869,16659271,Hamish,"2026-08-12 12:48:51",123.5,2,hamishdickson
9870,16737641,"PATIL ATHARV VIJAYKUMAR","2026-09-29 17:50:26",123.4,2,"atharv095022,patilsarthakvilas,sonuretusharsuresh"
9871,16630725,"vaibhav vyas","2026-08-06 10:56:52",123.3,2,vaibhavvyas0
9872,16662859,"Mohamed Zahran","2026-08-05 04:41:56",123.1,1,zrnking2012
9873,16785085,"THEEPAN S.S","2026-08-28 16:35:39",123.0,2,theepanss
9874,16791131,"Maria Carolina BRAY","2026-09-30 15:04:58",123.0,2,mariacarolinabray
9875,16662099,"The Algorithmist","2026-08-04 23:41:59",122.9,2,riyagheewala
9876,16827437,kaedehs33-max,"2026-09-08 03:06:50",122.9,1,kaedehs33max
9877,16858886,twispur,"2026-09-09 07:38:09",122.8,1,twispur
9878,16748453,LINJINYAN,"2026-09-06 14:25:23",122.6,2,linjinyan
9879,16632418,"Bretokce 3amich","2026-08-07 12:18:26",122.6,2,bretokce3amich
9880,16752481,"Thanh Toan","2026-08-21 08:33:13",122.5,2,tonnglthnh
9881,16623563,"Jocelyn Dumlao","2026-09-01 02:35:54",122.1,2,jocelyndumlao
9882,16717600,"Collistus Kibe","2026-08-21 22:13:38",122.0,2,collistuskibe
9883,16854169,"[Deleted] fe7af88d-d80f-4441-a8c5-3cca6b980e41","2026-09-09 12:41:02",121.8,2,del=0749851e202390c3
9884,16681895,Akshar,"2026-08-07 06:16:19",121.4,2,aks0625
9885,16701997,zran1t,"2026-08-15 14:10:18",121.2,2,zran1t
9886,16659036,"Mohammed Kaif","2026-08-04 10:41:22",121.1,2,mkaif001
9887,16690188,Anurag,"2026-08-08 10:20:42",121.1,2,kumaranu2007
9888,16667231,bettsy,"2026-08-05 12:12:35",121.0,2,bettsy
9889,16656210,"Sanjay Suthraye","2026-08-04 14:55:13",120.7,2,sanjaysuthraye96
9890,16632111,"Arda Çiftçi","2026-08-04 20:03:37",120.7,2,ardaciftci
9891,16662662,"Joaquim Jose1","2026-08-04 17:57:03",120.2,1,joaquimjose1
9892,16658635,"Deepak Kumar ","2026-08-05 02:38:29",120.1,2,deepak2026ml
9893,16674390,yangluo1,"2026-08-08 01:31:08",120.0,2,yangluo1
9894,16846069,"Bryce Muhlnickel","2026-09-30 23:07:04",119.9,2,tokenjunkielabs
9895,16712406,"L Sangeetha","2026-08-18 01:56:24",119.8,2,lsangeetha
9896,16712562,"Sagar Singh","2026-08-17 09:28:26",119.7,2,acrejzz
9897,16697466,"hunain shahid","2026-08-11 06:12:38",119.5,2,hunainshahid230
9898,16832928,"Ilgar Gurbanov","2026-09-10 12:41:23",119.5,2,ilgargurbanov57
9899,16662803,"Ashish Gawade","2026-08-04 19:11:19",119.2,2,ashishgawade
9900,16718605,"صفاء عبد الرقيب","2026-09-06 19:27:10",119.2,2,bssgirl
9901,16913975,"Tom Dooley","2026-09-17 11:48:20",118.7,2,tomdooley123
9902,16658401,"Aryan Lonare","2026-08-04 09:55:47",118.5,2,aryandyalullonare
9903,16629441,Sofia_Gilka,"2026-09-18 14:41:35",118.3,2,sofiagilka
9904,16658577,farmercode261,"2026-09-12 03:26:38",118.3,2,hifnikhakim
9905,16658693,leehuilong,"2026-08-06 12:49:22",118.1,2,leehuilong
9906,16709910,Spinort,"2026-09-30 18:11:02",117.9,2,spinort
9907,16739102,"Mithulya Kumarapeli","2026-08-30 03:53:39",117.9,1,sandalim
9908,16807010,cjsrudals,"2026-09-13 08:33:47",117.7,2,cjsrudals
9909,16664458,"Prantik Chandra","2026-08-05 05:47:10",117.6,1,prantikchandra
9910,16658440,"Gloria Lourelynn S","2026-08-04 15:16:09",117.5,1,glorialourelynn
9911,16904644,"HARSHVARDHAN CHANDRAKANT PATIL","2026-09-30 15:42:26",117.3,2,harshpatil2403215
9912,16843225,"Tobenna Okeke","2026-09-06 12:09:22",117.3,2,tobezzi
9913,16657344,"Ombayo fredrick","2026-08-04 14:04:04",117.3,2,ombayofredrick
9914,16945119,Logicolist,"2026-09-23 13:03:16",117.1,1,logicolist
9915,16883962,"Ilakk manoharan","2026-09-30 20:42:13",117.1,2,ilakkmanoharan
9916,16757671,xxxxc47,"2026-08-22 08:25:52",117.0,1,xxxxc47
9917,16630041,"Devi prashad tripathi","2026-08-03 17:56:58",116.9,1,deviprashadtripathi
9918,16677403,bababoy,"2026-08-15 14:55:17",116.9,2,adrienrenard
9919,16724995,dice1494,"2026-08-16 08:51:34",116.8,1,dice1494
9920,16658033,"sanjay Ghalagi","2026-08-27 15:29:34",116.8,2,sanjayghalagi
9921,16656278,"Bhuvaneshwari Rebba","2026-08-04 09:20:36",116.6,1,bhuvaneshwarirebba
9922,16654490,"Furious Monk","2026-09-28 18:06:08",116.5,2,furiousmonk
9923,16721941,"Rita Ohabuenyi","2026-08-14 12:57:37",116.5,2,ritaohabuenyi
9924,16784932,"Shefali Pradhan","2026-08-29 10:03:30",116.4,2,shefalipradhan
9925,16904721,"Creeper Thánh","2026-09-16 06:35:52",116.2,1,creeperthnh
9926,16784431,"Régis Meyssonnier","2026-08-28 14:47:27",116.2,1,rgismeyssonnier
9927,16810308,Congy,"2026-09-30 14:04:32",116.1,2,congyingma
9928,16729010,"karan sankhe","2026-08-16 15:15:45",116.1,2,karansankhe1356
9929,16680858,"Harshul Gupta","2026-08-21 04:40:05",116.0,2,harshulgupta77
9930,16657892,"Boonanan namna","2026-08-17 04:36:04",115.8,1,boonanannamna
9931,16690433,"Amar Amar Gupta","2026-08-15 10:08:37",115.7,2,amaramargupta
9932,16663265,"Darlington Ayakazi","2026-08-04 20:26:08",115.7,1,darlingtonayakazi
9933,16659062,"MOHAMMAD SUBHAN PASHA","2026-08-17 07:14:09",115.3,1,mohammadsubhanpasha
9934,16665223,"Sawon Mitra","2026-09-06 17:13:28",115.2,2,sawonmitra
9935,16683903,Saju,"2026-08-17 11:31:45",114.9,1,sajutr
9936,16814946,"Bekama Regasa Negewo","2026-09-03 07:30:36",114.9,1,bekamaregasanegewo
9937,16756875,"Meryem Kevser Keskin","2026-09-01 21:30:35",114.5,2,meryemkevserkeskin
9938,16943568,"Syed Measum Fakhir Ali","2026-09-30 08:26:42",114.2,2,syedmeasumfakhirali
9939,16667968,ChronosData,"2026-08-18 14:25:43",114.1,2,codex5843
9940,16785398,"Vitória Freitas","2026-08-28 20:07:12",113.7,1,vitoriafreitas13
9941,16919907,"Álvaro Martínez González","2026-09-23 13:59:06",113.6,2,lvaromartnezgonzlez
9942,16691502,"DILANE FOGUE KAMGA","2026-08-08 15:20:05",113.4,1,dilanekamga
9943,16656164,"Justin Schomer","2026-08-09 09:05:59",112.9,2,fathersecurity
9944,16669142,"Jaclyn Agee","2026-08-07 15:21:06",112.7,2,jaclynagee
9945,16705490,"KASTHURI DEVI M","2026-08-13 10:42:42",112.5,2,kasthuridevim
9946,16654124,"Aditya Kumar Singh","2026-08-05 09:57:29",112.5,2,adityq121608
9947,16670462,"Talha Kayar","2026-08-15 15:24:03",112.5,2,talhakayar
9948,16632458,"RAMAN BANSAL","2026-08-24 04:35:56",111.9,1,ramanbansal
9949,16666706,baijiachang,"2026-08-05 11:04:21",111.5,1,baijiachang
9950,16685093,"Huzaifa Inam","2026-08-07 13:47:15",111.4,2,huzaifainam
9951,16775493,"JOE DEVA JERRY D ","2026-08-26 15:41:55",110.6,1,joedevajerryd
9952,16849230,"Md. Mahim Babu","2026-09-18 11:27:55",110.5,2,mdmahimbabu
9953,16692568,"Muhammed Gulfam Toor","2026-08-13 19:04:32",110.4,2,gultoor
9954,16664875,SaiSujitPunukollu,"2026-08-05 05:46:11",110.3,1,saisujitpunukollu
9955,16662933,"Marcelo Pereira","2026-08-19 01:14:40",109.9,2,marcekkusrp
9956,16802035,"sanchit atre","2026-09-01 09:31:07",109.6,2,sanchitatre
9957,16672322,"khalil ur Rehman","2026-08-13 05:10:03",109.5,2,khalilurehman
9958,16697143,"Jeisa Mathew","2026-09-06 13:04:00",109.5,2,jeisamathew
9959,16893966,"Nguyễn Thái Duy","2026-09-15 08:12:14",109.3,1,nguyenthaiduytgu
9960,16662083,ihabkaggle,"2026-08-07 00:42:33",108.8,2,ihabkaggle
9961,16640468,"Sohangkumar Patel","2026-08-26 15:00:44",108.6,2,samsamurai
9962,16641277,Zenieverse,"2026-08-30 05:09:04",108.3,2,zenieverse
9963,16681056,"Aryan Jhingan","2026-08-11 18:53:48",108.3,2,aryanjhingan
9964,16662334,"Andres Beltran","2026-08-04 22:58:11",107.8,2,andresbeltran05
9965,16660978,"Maksym Khavil","2026-08-04 13:43:48",105.5,1,maksymkhavil
9966,16676026,"Bedashree Swarupa Das","2026-08-06 14:14:21",102.9,1,ashokkumardasbedashr
9967,16661447,"Sibel Özbek","2026-08-04 20:50:27",101.8,1,sibelzbek
9968,16689389,Chukunder,"2026-09-24 12:38:14",100.2,2,"farbricated,sarikajivrajika"
9969,16657578,raushancoursework,"2026-08-05 06:54:51",94.3,1,raushancoursework
9970,16868591,"Lucas A. Rizzieri","2026-09-11 00:22:41",94.1,2,lucasarizzieri
9971,16772354,"Gleidistony Mendes","2026-09-18 12:01:25",93.9,2,gleidistonymendes
9972,16799001,"Trịnh Quang Minh","2026-09-01 05:16:32",93.4,1,trnhquangminh140
9973,16848578,"Tuấn Anh","2026-09-09 04:28:16",92.2,2,tuananhdata
9974,16662230,"Angus Mc Gregor","2026-08-13 21:25:46",92.1,2,angusmcgregor
9975,16823197,Cowabunga,"2026-09-20 21:55:58",90.5,2,ameripreye
9976,16679979,Pranav6657,"2026-08-07 02:40:48",90.2,1,pranav6657
9977,16697716,ZEO,"2026-08-09 19:43:41",89.6,1,anuppatil29
9978,16771841,"Panagiotis Alimisis","2026-09-14 19:04:58",89.6,2,palimisis6
9979,16636855,"Wynn Koo","2026-08-01 14:03:04",89.5,1,yongfenggg
9980,16690199,"Lavkush Yadav","2026-08-08 10:20:55",88.7,1,lavkushyadavcse
9981,16754111,"Kalpana Patki","2026-08-22 16:05:10",86.4,1,kalpanapatki
9982,16756344,"Pasindu Perera","2026-08-21 19:21:11",86.0,1,amavinperera
9983,16656643,"Willetta Dettore","2026-08-05 15:33:52",85.8,2,willettadettore
9984,16707146,kaganou,"2026-08-11 13:19:53",84.3,1,kaganou
9985,16755329,SBedrosian123@,"2026-08-21 15:07:41",84.3,1,sbedrosian123
9986,16640323,"KOUSHIK KUMAR DINDA","2026-08-29 01:55:31",84.0,2,koushikkumardinda
9987,16621565,"salih chindo","2026-08-12 19:45:58",83.9,1,salihchindo
9988,16867334,"Connor Tran","2026-09-21 22:05:52",82.8,1,thlphero
9989,16623953,"Denuwan Wijesinghe","2026-08-01 07:57:04",82.2,2,denuwanwijesinghe
9990,16697712,"Daniel Hebenstreit","2026-09-06 11:53:20",81.6,2,danielhebenstreit
9991,16623660,"Taylor S. Amarel","2026-07-31 23:36:48",79.9,1,taylorsamarel
9992,16680165,"Radwa ALkalifa","2026-08-23 08:39:37",79.7,2,radwahamada
9993,16659871,"Abel Kpoton","2026-08-04 20:41:20",78.9,2,abelkpoton
9994,16690499,SuperAI@2615,"2026-08-11 16:42:48",78.2,2,superai2615
9995,16653934,"Ayomide Abdulrahmon","2026-08-03 19:22:32",77.6,2,ayomideabdulrahmon
9996,16654509,"Shruti Kondabathula","2026-08-07 18:17:56",77.4,2,shrutikondabathula
9997,16683220,Kongali,"2026-08-10 01:24:37",77.0,2,kongali
9998,16737040,"Joseph Djian","2026-09-09 10:30:17",76.8,2,djian55
9999,16723091,"Naiely Silva","2026-08-28 00:53:34",76.8,1,naielysilva
10000,16661160,"Roobhasridevi P","2026-08-04 14:31:22",76.0,1,roobhasridevi
10001,16662809,"Chukwu Excellent","2026-08-08 22:06:34",75.5,2,chukwuexcellent
10002,16674328,daniel,"2026-08-06 09:34:23",75.3,1,dkamgamegasoft
10003,16676977,"Akash Babu","2026-09-30 06:54:29",75.2,2,akashbabu17
10004,16775483,"Parv Malav","2026-08-26 16:20:27",74.7,2,parvmalav
10005,16882682,"BALQEES GHWANMEH","2026-09-18 20:24:43",74.4,2,balqeesghwanmeh
10006,16662714,"Amilcar Rodriguez","2026-09-01 04:22:39",74.1,2,amilcarskt
10007,16713435,"Visruti Patidar","2026-08-16 11:18:23",73.2,2,visrutipatidar
10008,16659840,"Dasari Giri Gabrelu","2026-08-05 13:41:11",73.1,2,giridasari
10009,16662142,"Adnan Khan","2026-08-30 06:22:52",71.9,2,iamadnankhan313
10010,16661098,"Muhammad aufa azmi","2026-08-04 15:18:35",71.3,2,muhammadaufaazmi
10011,16800124,"Atharv Hirve","2026-09-20 08:44:54",70.8,2,atharvhirve14
10012,16748612,"Priyadharshini B","2026-08-24 12:06:18",70.4,1,priyadh29
10013,16656685,"Shravani Hibare","2026-08-05 10:15:36",69.8,2,shrahib4725
10014,16841368,lware5829,"2026-09-05 20:57:52",69.4,1,lware5829
10015,16670547,"Maduako Prince","2026-08-05 22:53:03",69.4,2,maduakoprince
10016,16794281,"adilio freitas","2026-08-30 22:25:36",69.1,1,adiliofreitas
10017,16658299,"Bakar Prabowo!","2026-09-05 08:14:32",68.7,2,"galihrattn,kingki19,ranggacarkawan"
10018,16924962,XavierB5,"2026-09-19 10:26:33",68.5,1,xavierb5
10019,16719809,"Milanto FR","2026-08-14 05:37:48",66.7,2,milantofr
10020,16659582,"Srikanth Adivanna","2026-08-04 11:25:45",66.4,1,srikanthadivanna
10021,16654556,anjipoo,"2026-08-05 15:33:04",66.2,2,anjana0812
10022,16662295,"benja cooper","2026-08-04 17:41:28",65.7,2,benjacooper
10023,16656235,"Zain Ul Abideen Samo","2026-08-06 15:22:02",65.4,2,zainulabideensamo
10024,16726311,"Prince Diwakar","2026-08-16 12:55:18",64.3,2,princediwaker
10025,16659097,noril09,"2026-08-04 11:56:35",64.2,2,noril09
10026,16717094,"[Deleted] 3efc3b54-b875-4c05-8e11-1214498e2853","2026-08-13 12:30:26",63.8,1,del=386289f87b91311f
10027,16626159,"Cảnh Đinh Tiến","2026-08-02 09:17:36",63.3,2,tourist110406
10028,16660494,"Hòa Phùng Ngọc GIa","2026-09-22 08:11:18",63.2,2,haphngngcgia
10029,16633511,"joshan gladston","2026-08-01 01:19:57",62.9,2,joshangladston
10030,16857111,tfcygv,"2026-09-09 00:09:00",62.8,2,tfcygv
10031,16891699,Sriram102,"2026-09-19 05:31:23",62.5,2,sriram102
10032,16662455,"Nenavath Shashi","2026-08-04 18:04:52",62.5,2,nenavathshashi
10033,16654363,"NIKHIL YADAV","2026-08-17 21:20:32",62.4,2,nikhilyadav232223
10034,16662123,hannhu40022,"2026-08-04 18:45:07",62.1,2,hannhu40022
10035,16731986,Vugar3,"2026-08-17 10:51:29",60.8,2,vuqarxudvrdyev001342
10036,16847667,"Tushar Barman","2026-09-12 20:30:34",60.4,2,tusharbarman
10037,16731873,"Abhishek Singh Solanki","2026-08-19 07:24:47",60.1,1,realabhi5hek
10038,16658695,"Muskan Zahid","2026-08-04 14:14:02",59.8,2,artificial52
10039,16657561,Roshdibenrojo83,"2026-08-04 07:19:05",59.3,2,roshdibenrojo83
10040,16735064,"Harshada Thorat 129","2026-08-18 03:58:34",58.8,1,harshadathorat129
10041,16660342,"Adapa Gopireddy","2026-08-04 12:49:43",58.7,1,adapagopireddy
10042,16659451,anero98,"2026-08-22 20:47:29",58.2,2,anero98
10043,16623094,"Claudia Arias Gonzalez","2026-09-24 21:54:03",56.9,2,claudiaariasgonzalez
10044,16664199,SomyaSingh_07,"2026-09-28 13:59:33",56.7,2,somyasingh07
10045,16743241,"Adhvaith KS","2026-09-02 14:30:35",56.7,1,adhvaithks
10046,16679847,"Julio Contreras","2026-08-21 20:29:09",55.2,2,juliocontreras
10047,16743822,Surya,"2026-08-19 16:21:21",53.1,1,suryapandian
10048,16660340,"pawan sondhiya","2026-08-07 06:22:38",52.6,2,pawansondhiya
10049,16886704,"mohammed alshokry","2026-09-15 14:06:43",52.4,2,mohammedalshokry
10050,16670552,"Harsh Chaudhary ml","2026-08-05 22:16:25",52.3,1,harshchaudharyml
10051,16662547,"hiteshsinh solanki","2026-08-05 07:59:16",52.1,2,hiteshsinhsolanki2
10052,16654559,"Kerem Ali AVCIOĞLU","2026-08-03 19:28:49",51.9,2,keremaliavciolu
10053,16626218,"Srishti Gauraha","2026-08-08 05:40:23",51.4,1,srishtigauraha
10054,16727876,"Harrison Wachira","2026-08-16 08:50:03",51.1,1,harrisonwachira254
10055,16665079,"Maguluri Keerthi","2026-08-05 06:16:03",50.8,2,magulurikeerthi
10056,16658297,"Charishma Pillapalem","2026-08-11 12:46:56",50.7,2,charishmapillapalem
10057,16657303,"Tejas Tiwari","2026-08-04 07:32:17",49.5,1,tejaat
10058,16677441,"ERREGUI YOUSSEF","2026-08-06 18:02:39",49.5,2,erreguiyoussef
10059,16656485,stunningvn,"2026-09-08 07:40:44",49.2,2,dedquoc
10060,16769419,dylanaki,"2026-09-23 14:48:32",48.9,2,dylanaki
10061,16621770,"Rudraksh Zodage","2026-07-30 20:07:49",48.8,2,rudrakshzodage
10062,16765566,DIYANSH_JAIN7,"2026-09-03 10:56:38",48.6,1,diyanshjain7
10063,16656815,"Atharva S. Naladkar","2026-08-06 06:46:40",48.5,2,atharvasnaladkar
10064,16728931,Sathwik2006,"2026-08-16 14:25:36",46.7,2,sathwik2006
10065,16659041,"uma mahesh23","2026-08-04 11:50:03",46.1,2,umamahesh23
10066,16885473,Razazazazaza,"2026-09-29 09:16:42",45.6,2,razazazazaza
10067,16731142,yshinok,"2026-09-16 23:32:47",44.7,2,yukishinohara0114
10068,16659308,Attaerabi,"2026-08-05 07:52:52",44.6,2,attaerabi
10069,16691729,"ADOLF FAUSTINE","2026-08-18 02:42:39",42.6,2,adolffaustine
10070,16654711,"Rupam Bhattacharjee1","2026-08-14 16:43:07",41.3,1,rupambhattacharjee1
10071,16925909,"Hopefrey Mosingi","2026-09-19 15:30:15",40.8,2,hopefreymosingi
10072,16670368,"Gary Gitton","2026-08-19 17:03:04",40.4,2,garygitton
10073,16658666,"VMax Agents","2026-08-04 10:57:49",38.8,1,"akhiildheep,mithun5353"
10074,16912163,"Umar Tabbsum","2026-09-17 14:36:46",38.5,2,umartabbsum
10075,16803074,"fumihito mori","2026-09-01 14:00:16",38.3,1,fumihitomori
10076,16762458,"Promise Matorofa","2026-08-24 10:00:04",38.3,2,promisematorofa
10077,16667489,"Cornol Lieto","2026-08-05 12:31:14",37.5,1,lietocornol
10078,16746655,"Charan Reddy321","2026-08-25 06:27:38",37.5,1,charanreddy321
10079,16707468,"SBJ 2205","2026-08-12 09:59:33",37.3,1,sbj2205
10080,16657055,RedKiwi,"2026-08-05 05:57:34",33.5,2,tnmthai
10081,16691542,Tushar_SVC,"2026-08-11 04:12:09",32.8,2,tusharsvc
10082,16858278,"Sukma Ramadhan A","2026-09-12 13:22:49",32.8,2,sukmaramadhana
10083,16798631,dzlabs,"2026-09-01 09:57:10",32.7,2,dzlabs
10084,16666273,"Wondu Zerihun","2026-09-08 07:55:57",32.6,2,zerihun369
10085,16710773,Openaiskrip,"2026-08-12 07:54:38",31.7,2,openaiskrip
10086,16735323,"Souvik Routh","2026-08-18 04:30:21",31.7,1,souvikrouth
10087,16848280,"Oladipupo Olapoju","2026-09-08 00:24:32",31.5,2,pupoolapoju
10088,16621519,Ᏸ𐍂Ꭷ,"2026-07-30 17:30:30",28.8,2,dheerajkannaujiya
10089,16665345,saurabh10june,"2026-08-05 11:53:47",27.5,2,saurabh10june
10090,16794173,"Kamran Arshad","2026-08-31 07:19:49",27.5,2,kamranarshad
10091,16867026,"Aashish Bagmar","2026-09-11 05:14:45",27.1,2,aashishbagmar
10092,16659675,"M.Athallah Rafif Aldera","2026-08-06 12:40:14",25.2,2,mathallahrafifaldera
10093,16785053,"Rinosh Bethala","2026-08-28 17:52:26",25.0,1,rinoshbethala
10094,16668691,BeltusTebid,"2026-08-05 16:01:45",24.7,1,beltustebid
10095,16938479,"Илья Попов ","2026-09-22 22:54:01",23.6,1,wingedwolf7
10096,16663277,"Mariana Mejía","2026-08-24 23:58:54",23.5,2,marianameja
10097,16785477,"ASHMIL P URK25CS7129","2026-08-28 18:26:11",23.3,1,ashmilpurk25cs7129
10098,16938736,melonminning,"2026-09-30 22:54:09",23.1,1,"bigsandwich,lawblu"
10099,16641109,zzgtylors,"2026-08-06 06:21:50",22.9,2,zzgtylors
10100,16632375,"Vivien Jiaqian Zhu 朱嘉倩","2026-09-24 07:28:48",21.9,2,vivienjz
10101,16840189,"Sneha yadav","2026-09-30 11:19:55",21.9,2,sneha463
10102,16660886,"Dr.Eldirdiri Fadol ","2026-08-05 05:30:48",21.2,2,dreldirdirifadol
10103,16663161,"Pial Mahmud","2026-08-17 10:38:21",20.8,2,pialgroup
10104,16661419,"Shivansh Soni","2026-08-04 15:08:01",20.7,2,shivanshsonii
10105,16662243,"Cepeda Braxton","2026-08-04 19:31:54",19.5,2,cepedabraxton
10106,16693819,"Hossein Shad Manaman","2026-08-12 03:14:58",18.1,2,hosseinshadmanaman
10107,16700342,"FRéeàíbrlghtO0óL Ho","2026-09-30 23:57:48",16.3,2,frebrlghto0lho
10108,16656777,"Salam Alqerem","2026-08-31 10:59:33",15.6,2,salamalqerem
10109,16839644,Mikhail,"2026-09-06 06:52:57",15.2,1,mih2501py
10110,16736939,"Flandre 29","2026-08-26 08:23:01",14.1,2,flandre29
10111,16835282,nico23t,"2026-09-07 14:18:22",13.7,2,nico23t
10112,16663897,jayaBhavagan,"2026-08-05 19:34:36",12.9,1,jayabhavagan
10113,16730708,ysakuragi,"2026-08-19 01:30:12",11.3,1,ysakuragi
10114,16658100,"Nanda Riansyah","2026-08-04 08:55:54",10.8,2,nandariansyah
10115,16762766,"Eman Gope","2026-09-28 12:06:29",9.8,2,emangope
10116,16633018,purelilyth,"2026-08-20 19:43:09",8.5,2,purelilyth
10117,16666072,Abinash,"2026-08-05 15:07:52",8.0,2,abinashsinha1726
10118,16678283,"Ajinkya Digurkar","2026-08-21 10:56:03",7.9,2,"ajinkyadigurkar,sakshiagrawal8818"
10119,16700316,"Pranav Waghmare","2026-08-11 16:29:05",7.6,1,waghmarepranav6
10120,16687628,ruchit,"2026-08-28 11:22:16",6.2,1,ruchitkhade
10121,16656240,"SACHIN KUMAR","2026-08-10 03:13:24",5.2,2,sackm123
10122,16680428,"Surabhi veda","2026-08-07 01:49:35",5.1,1,surabhiveda
10123,16808545,"Qinyong Wang","2026-09-02 11:53:03",4.6,2,magicwqy
10124,16663406,"Elshan Kazim","2026-08-16 08:38:43",4.2,1,elsnkazm
10125,16661711,"Wild Star217","2026-08-30 18:00:18",2.4,2,wildstar217
10126,16665139,"Siddharaj Kulkarni","2026-08-16 05:23:21",1.9,2,siddharajkulkarni
10127,16698953,Locked_in_hell,"2026-08-13 18:31:55",1.8,2,stealthknight
10128,16716079,shaurya_pandey@19,"2026-08-13 09:27:49",0.3,2,shauryapandey19
10129,16675209,lavica,"2026-08-11 13:23:03",0.1,2,lavica
10130,16846758,"Harish More","2026-09-07 07:44:25",-0.5,2,harishmore812
10131,16731524,"Tsyrenov Mergen","2026-08-17 09:42:39",-2.1,1,tsyrenovmergen
10132,16868098,"Arya Patil","2026-09-11 08:00:49",-4.7,1,shutterstack
10133,16735237,"YASH CHIMAN","2026-08-18 04:20:24",-5.8,1,yashchiman
10134,16698958,"Shanjaya SK","2026-08-28 15:25:11",-6.0,1,"payuu03,shanjayask"
10135,16668599,"Hafsa Anwaar","2026-08-05 17:43:21",-6.3,2,hafsaanwaar
10136,16673372,"Hadyan Adira","2026-08-14 03:16:30",-7.1,2,hadyanadira
10137,16932358,"Ilfat Hismatullin","2026-09-20 21:41:28",-8.3,1,izek123
10138,16666836,"Emir Ayvaz","2026-08-07 05:57:00",-9.2,2,emirayvaz
10139,16662013,"Future Innovators","2026-09-30 15:22:40",-9.8,2,suthansrivarma
10140,16684847,"M.Harshavardhan Raju","2026-08-09 16:15:49",-11.6,2,mharshavardhanraju
10141,16924138,Shash,"2026-09-30 18:21:30",-14.0,2,shashcoder
10142,16662721,"Manish Sharma","2026-08-12 17:44:16",-15.5,2,themihirsharma
10143,16654087,Gabriela_Fernandes4,"2026-08-04 19:12:33",-16.1,1,gabrielafernandes4
10144,16632413,"Varun Patil","2026-07-31 18:41:34",-18.1,1,varunpatil262005
10145,16624064,"Hemant Ahlawat","2026-07-31 15:52:56",-18.3,2,happyahlawat
10146,16780027,rotto,"2026-09-01 13:18:33",-19.9,2,pirotototo4023
10147,16640594,Win2207,"2026-08-07 12:05:07",-20.0,2,win2207
10148,16714192,"Nishanth Palugula","2026-08-14 06:51:09",-20.1,2,nishanthpalugula
10149,16719441,Gatranova,"2026-08-14 04:11:54",-20.6,2,rafiabiyyuairlangga
10150,16705637,"Vedant Ghodekar","2026-08-11 05:28:57",-21.0,1,vedantghodekar
10151,16656753,"TAMAL SINGHA ROY","2026-08-05 07:57:48",-21.4,2,tamalsingharoy
10152,16723050,"Ítalo Albuquerque","2026-09-11 18:32:23",-21.7,2,taloalbuquerque
10153,16761007,"Pankaj Nakhat","2026-08-23 11:48:21",-21.8,2,pankajnakhat
10154,16867360,kagg24293,"2026-09-11 08:19:36",-23.0,2,kagg24293
10155,16679410,"Leke Glean","2026-08-07 17:29:04",-23.8,2,lekeglean
10156,16892319,"Shair Khan","2026-09-21 08:30:36",-24.0,2,datascikhan
10157,16784650,LukasM1,"2026-08-28 14:15:24",-28.4,1,lukasm1
10158,16644474,"Vihaan Ahluwalia","2026-08-05 13:16:21",-28.8,2,vihaanahluwalia
10159,16938443,"zhichen huang","2026-09-21 21:54:55",-29.0,1,zhichenhuang
10160,16852322,"Harshit Varma45","2026-09-08 03:54:30",-29.0,1,harshitvarma45
10161,16661068,ZeViX,"2026-09-25 16:23:22",-30.8,2,"codinggeek101,vedantkhete"
10162,16916794,SHUJAT,"2026-09-21 14:59:47",-31.5,1,syedshujathussain
10163,16675819,RohitS001,"2026-08-11 18:05:54",-34.8,2,rohits001
10164,16716562,"Ananya Maurya","2026-08-13 10:01:25",-38.0,2,ananyamaurya
10165,16667339,"Victor Chege","2026-09-01 13:56:51",-38.0,2,victorchege0
10166,16683075,"Manuel lasarte León","2026-09-30 08:30:44",-39.1,2,manuellasarte
10167,16660161,"Antimo Carlino","2026-09-08 19:09:46",-39.8,2,antimocarlino
10168,16944152,JanGO,"2026-09-29 20:27:09",-41.3,2,jankoai
10169,16644519,"Shambhu Shekhar Sinha","2026-08-12 18:55:43",-41.8,2,shambhushekharsinha
10170,16633932,omikbop,"2026-08-02 12:36:52",-43.1,2,omikbop
10171,16771156,"Ronald Ayamba","2026-08-25 19:16:26",-45.8,1,ronaldayamba
10172,16662922,BrandonDucar,"2026-09-12 23:12:40",-45.9,2,brandonducar
10173,16676428,wayzhengong27,"2026-08-08 06:34:59",-47.3,2,"kkkuek,wayzhengong27"
10174,16811344,"Vineeth Nannuri","2026-09-10 05:19:07",-47.3,2,vineethnannuri
10175,16948861,"PRATHAMESH ARUN JADHAV","2026-09-24 03:10:19",-47.4,1,prathamesharunjadhav
10176,16673732,"Async Null","2026-08-06 16:55:26",-50.7,1,asyncnull
10177,16654026,"joju shaji","2026-08-09 16:36:43",-52.0,2,jojushaji
10178,16888204,"yunus yalman","2026-09-24 19:48:59",-52.5,2,yunusyalman
10179,16721567,"Neeraj Sharma","2026-09-04 07:21:50",-54.2,1,neerajsharma897
10180,16633250,Myst19,"2026-08-03 13:25:15",-54.6,2,jakeschweikhart
10181,16658745,"Shabby farms 2.0","2026-08-16 03:10:28",-55.0,2,rahulk5418
10182,16895738,suqingying,"2026-09-21 10:43:10",-55.9,1,suqingying
10183,16659501,Duckey,"2026-08-04 13:02:16",-62.7,2,bokangletsapo
10184,16721495,"404 Crop Not Found","2026-09-01 08:45:29",-64.9,2,"aiprojector,boazx15"
10185,16809774,farmci,"2026-09-02 16:59:50",-66.1,1,ermismel
10186,16778494,"Agda Niya","2026-08-28 06:43:07",-66.2,2,agdaniya
10187,16669011,"Siddiqui Rehan Ahmed Furqan","2026-08-07 05:24:38",-66.4,2,siddiquirehanahmed
10188,16696104,"Harshit Meesari","2026-08-09 14:31:00",-67.9,1,harshitmeesari
10189,16747839,"Ich Schmid","2026-09-19 13:56:52",-67.9,2,ichschmid
10190,16914127,"Aditya Jha","2026-09-20 04:35:47",-69.0,2,theadijha
10191,16661152,"Dr.Abdulbaset Musleh","2026-09-19 17:40:52",-70.8,2,drabdulbasetaledresi
10192,16735078,"SUDHANSHU PATIL","2026-08-18 04:37:33",-71.2,2,sudhanshupatil10
10193,16687620,Goktug1,"2026-09-18 18:47:26",-71.9,2,goktug1
10194,16657568,"Manpreet Singh","2026-08-08 13:45:41",-72.4,2,manpreet1994
10195,16943065,"LOKHANDE HARSH","2026-09-23 16:45:21",-74.9,1,lokhandeharsh
10196,16885604,dualcore,"2026-09-22 09:54:46",-75.1,2,"shashankkalled,tridiv14"
10197,16720136,"Roaring Cotton","2026-09-15 20:07:58",-75.4,2,daviddavidelijah
10198,16708290,"Hrishikesh Thakare","2026-08-12 14:45:08",-76.7,1,hrishikeshthakare
10199,16689555,"kelvin waruingi","2026-08-09 22:45:23",-77.0,2,kelvinwaruingi
10200,16664822,"Prateek Singh","2026-08-05 05:30:22",-79.4,2,pra73ek
10201,16633417,"Handsonlabs Software Academy","2026-09-28 12:41:05",-81.9,2,tobimichigan
10202,16644439," علي ساجد","2026-08-02 21:40:07",-88.0,2,jdvdjdv97171ushd
10203,16654404,"Madhan Sidmal","2026-08-11 21:28:45",-90.8,2,madhansidmal
10204,16679250,srskat,"2026-08-16 08:26:30",-92.4,2,srskat
10205,16941446,"Rehan Liaqat","2026-09-22 12:30:49",-95.2,1,rehanliaqat17
10206,16780318,"Piyush Darinda","2026-08-27 17:28:07",-96.1,2,piyushdarinda
10207,16624666,"Avik Das","2026-08-21 08:57:10",-97.4,2,avikdas567
10208,16676890,luciferingstar256,"2026-08-20 15:40:55",-100.7,1,luciferingstar256
10209,16790678,Pujolaras,"2026-09-03 14:45:14",-106.9,1,pujolaras
10210,16792531,"subash jayakumar","2026-08-30 20:14:56",-107.8,2,subashjayakumar
10211,16731488,"James Kimani","2026-08-27 13:18:20",-108.5,1,jaykim122
10212,16659057,"Jolvin James","2026-08-07 08:04:22",-120.2,2,jolvinjames
10213,16802203,"Sadaf Mughees","2026-09-21 09:16:16",-120.9,2,sadafmughees
10214,16805234,Ryuzaki2325,"2026-09-01 19:44:54",-122.1,1,ryuzaki2325
10215,16732320,"Malik Muhammad Arbaz","2026-08-18 13:05:51",-130.2,1,malikmuhammadarbaz
10216,16689681,"Prakash Rajan","2026-08-09 16:37:56",-134.2,2,prakashai
10217,16755427,"Daksh Jain","2026-08-21 15:18:57",-137.2,1,dakshu081
10218,16885774,"Adama Savadogo","2026-09-14 17:34:16",-143.6,2,adamasavadogo
10219,16758417,AthulJenson,"2026-08-22 14:21:26",-143.7,1,athuljenson
10220,16685888,LeulYT,"2026-08-10 05:35:44",-145.0,2,leulyt
10221,16622991,"Fedor Grigorev","2026-08-27 15:30:57",-147.8,1,fedorgrigorev
10222,16683041,Abhishektyagi649,"2026-08-07 08:37:09",-150.7,2,abhishektyagi649
10223,16731829,"Alexandra Tricia","2026-08-19 07:03:33",-158.0,2,alexandratricia
10224,16663728,"Al'Humairah Ali","2026-08-10 17:28:01",-160.0,1,alhumairahali
10225,16713011,"Tasmayu Swain","2026-08-14 15:49:35",-162.6,1,tasmayuswain
10226,16808566,"contemporary dance","2026-09-02 22:44:14",-167.2,2,shigeria
10227,16629006,ymym_tymblack,"2026-08-22 09:44:39",-168.6,2,ymymtymblack
10228,16657035,"Christvin Mathew","2026-08-04 08:55:56",-173.4,2,christvinmathew
10229,16637499,Yuchen20,"2026-09-19 14:06:24",-181.5,2,yuchen2066
10230,16709661,sapphirey,"2026-09-07 11:21:05",-192.6,2,sapphirey
10231,16707646,ppssbb09,"2026-09-17 13:40:43",-193.2,1,ppssbb09
10232,16723326,"jalisa Bass","2026-09-30 16:04:26",-196.0,2,jalisabass
10233,16719181,SaltyCode,"2026-08-16 04:56:22",-208.7,1,saltycode
10234,16695221,"Muhammad Daud Abbas","2026-08-12 20:04:32",-244.3,2,muhammaddaudabbas
10235,16668701,"Nihal Jamadar","2026-08-09 04:28:26",-264.3,2,nihaljamadar313
10236,16659881,SantosR,"2026-09-08 14:27:04",-265.8,2,santosr
10237,16692837,"Sai Uttam Gite","2026-08-09 11:36:32",-267.2,1,saiuttamgite
10238,16717416,"Timofey Kalyak","2026-08-20 07:04:06",-267.4,1,timofeytweaky
10239,16660261,"YO_ONE CHAUHAN","2026-08-08 23:49:54",-267.6,2,yoonechauhan
10240,16659864,"Twin Titans","2026-08-08 07:50:33",-268.4,2,"sivahokage,solaisararaju"
10241,16728276,"ROHAAN ASIF","2026-08-16 11:20:59",-269.2,2,ordinarydev007
10242,16724138,"Tuna Xiao","2026-09-07 15:05:12",-270.8,1,tunaxiao
10243,16665495,"sai chand Boppudi","2026-08-07 04:19:58",-271.3,2,saichandboppudi
10244,16794008,HyperPlanz,"2026-08-31 13:08:38",-272.7,2,domiandr000
10245,16889642,"calvin Grimm","2026-09-14 06:15:04",-277.2,1,calvingrimm
10246,16930374,扣扣农场,"2026-09-30 16:55:00",-279.1,2,tsjzkzyzz
