Rank,TeamId,TeamName,LastSubmissionDate,Score,SubmissionCount,TeamMemberUserNames
1,16681125,"M & M & P & Q","2026-09-30 15:21:46",3066.9,2,"morimo,msd0110,piiiiiiiii,qistripute"
2,16621497,"1x5090 potato run","2026-09-30 23:54:28",3027.8,2,vmerckle
3,16732748,DSM,"2026-09-30 23:26:15",2942.2,2,"denden12,masspeaks,shimishige"
4,16891902,Farmcore,"2026-09-30 23:18:04",2893.4,2,"betmyex,doifgoox,garifullintimur,naviniklag"
5,16623559,DECEM,"2026-09-30 19:08:29",2890.9,2,zy1343930734
6,16624026,有辣条有权,"2026-09-30 23:29:22",2877.8,2,russcore
7,16736435,CDE,"2026-09-30 23:36:56",2874.5,2,"arc144,christofhenkel,crodoc"
8,16628664,"Anton Tikhonov","2026-09-30 20:42:57",2859.0,2,itwastony
9,16654697,KawattaTaido,"2026-09-30 23:25:15",2819.7,2,kawattataido
10,16623716,"tetsuya & yuanzhe & guoqin","2026-09-30 22:03:35",2807.8,2,"guoqingu,tetsuya3510,yuanzhezhou"
11,16714162,MarvinTMB,"2026-09-30 23:53:20",2804.4,2,marvintmb
12,16743356,"Azat Akhtyamov","2026-09-30 23:09:28",2795.5,2,azakhtyamov
13,16730612,"Unknown Mother-Goose","2026-09-30 23:28:25",2789.1,2,linkinpony
14,16760699,Luca,"2026-09-30 23:37:32",2784.8,2,yijiey
15,16718819,Majkel1337,"2026-09-30 23:28:48",2775.8,2,majkel1337
16,16866398,feles99,"2026-09-30 23:24:01",2769.9,2,feles99
17,16698308,"Gemini IS ALL YOU NEED","2026-09-30 19:41:28",2764.8,2,"jacqueszhelinzhang,yuan800"
18,16684994,TKNP,"2026-09-30 23:55:23",2759.7,2,"justnik77,katasonoveugene,romankatasonov,sergey140146659"
19,16770421,"Vadim Vasilenko","2026-09-30 23:11:24",2750.4,2,vadimvasilenko
20,16712258,Yizhou,"2026-09-30 23:28:51",2746.3,2,yaphellee
21,16730326,atsushi11o7,"2026-09-30 23:45:52",2741.9,2,atsushi11o7
22,16695046,"BT takes me up! Please!!!","2026-09-30 23:48:26",2721.7,2,"aurax7,coolinlai,davidsarrat,pseree,zongzishuang"
23,16632377,"Legend Brothers","2026-09-30 23:56:22",2720.5,2,"holeguma,shunhirota"
24,16915014,Boey,"2026-09-30 23:45:52",2720.2,2,boeychenjun
25,16730357,"My second life","2026-09-30 22:59:18",2718.5,2,"giovannibaldon,jjinho,pavelsavchenkov,ttyn4519"
26,16942171,mhw,"2026-09-30 19:47:18",2718.2,2,"matelong,wuyujc,yanghanxin"
27,16804022,monsaraida,"2026-09-30 08:17:57",2714.4,2,monsaraida
28,16717665,"Christoffer Thimsen","2026-09-30 23:19:38",2710.0,2,lowasitgoes
29,16709492,abozten,"2026-09-30 20:36:36",2707.3,2,abozten
30,16657750,"Send Bob To Alice","2026-09-30 23:48:39",2694.8,2,proptiter
31,16736838,😗アナコンダ🤭,"2026-09-30 20:44:05",2691.7,2,"ei1333,unosss"
32,16623580,matu997,"2026-09-30 21:20:45",2689.1,2,mastu997
33,16758882,mtmr_s1,"2026-09-30 13:25:03",2687.0,2,mtmrs1
34,16751828,"E. Honda","2026-09-30 16:55:50",2684.0,2,toseihatori
35,16867213,한밭대학교컴퓨터공학과정우민,"2026-09-30 16:13:50",2683.1,2,woominyo
36,16623697,yuto083,"2026-09-30 19:33:42",2680.8,2,yuto0712
37,16887437,TheEggman,"2026-09-30 18:44:14",2678.5,2,ethanl67
38,16621799,"Artem The Farmer 🍅","2026-09-30 23:53:47",2674.6,2,veshkinartem
39,16634580,akmr,"2026-09-30 23:39:29",2673.5,2,akimaru
40,16811917,"Reward Farmer","2026-09-30 23:43:45",2670.6,2,dipamc77
41,16942123,dodsters,"2026-09-30 22:31:50",2669.6,2,"andreyakifev,friklez"
42,16718649,"Zakaria Aala","2026-09-30 20:36:31",2664.1,2,zlordgrim
43,16793083,"🐚seek inspiration🐚","2026-09-30 22:49:31",2664.0,2,kurupical
44,16633507,"Happy farm ⛏","2026-09-30 23:39:09",2662.6,2,"alexesn,c0ldzy,ivanvorfolomeev,semyonepanov"
45,16667959,"Fourth Quadrant","2026-09-30 23:30:36",2660.9,2,flynnfei
46,16623440,"JB Bryant","2026-09-30 23:47:27",2649.7,2,jbbryant
47,16721453,"shake to waipo bridge","2026-09-30 03:37:59",2644.9,2,beaten67
48,16670384,"BT SHAKE IT UP","2026-09-30 23:36:35",2644.3,2,gordeevmax
49,16854176,吃白饭的大肥鱼,"2026-09-30 22:45:58",2644.2,2,"deepios,gengsr,tangdi24,tanpowasd"
50,16734966,kigasudayooo,"2026-09-30 22:12:09",2638.9,2,argon1215
51,16739633,kwa,"2026-09-30 21:15:56",2631.1,2,ikaroskaggle
52,16862183,"D Chakraborty","2026-09-30 19:57:00",2626.1,2,spoutop
53,16806195,unreal,"2026-09-30 23:01:41",2621.8,2,gauravgs1007
54,16748733,"Driz Lo","2026-09-30 22:52:32",2619.4,2,"cieling,drizlo,kindinred"
55,16754882,vvs,"2026-09-30 23:15:14",2618.8,2,marvelworld
56,16640510,SpaTaro,"2026-09-30 23:28:18",2615.0,2,tarosqrd2
57,16623669,goonew,"2026-09-30 22:43:59",2612.7,2,goonew
58,16735341,MAC,"2026-09-30 14:23:56",2607.4,2,"ryui68925,uki706"
59,16660137,Densike,"2026-09-30 17:09:21",2600.5,2,densike
60,16690820,"Alan C52","2026-09-30 22:43:30",2599.3,2,alanc52
61,16908425,CUties,"2026-09-30 23:34:45",2598.7,2,"tagireminov,timmass2"
62,16767215,keiz,"2026-09-30 23:50:20",2597.3,2,keizkeiz
63,16632327,"We wanna be tomatos","2026-09-30 23:29:00",2594.9,2,"behindkun,forrestxlz,konbu17,mechi22,midnqly"
64,16673205,"Arda Ceylan","2026-09-30 21:37:35",2587.8,2,ardacey
65,16623451,Ueddy,"2026-09-30 23:45:52",2581.0,2,ku0807
66,16734901,Breaking1800,"2026-09-30 23:09:51",2577.9,2,breaking1800
67,16763230,flg,"2026-09-30 18:28:36",2576.8,2,ferdinandlimburg
68,16906728,"Konstantin Zhar","2026-09-30 21:15:16",2569.2,2,zharkd
69,16749520,"Andrey Tikhomirov","2026-09-30 23:54:21",2560.5,2,andreytikhomirov
70,16675778,"Orbital Terraformer","2026-09-30 15:07:51",2559.5,2,tubotubo
71,16794696,"Paul Bryan Elefante","2026-09-30 20:02:08",2552.2,2,heuljax
72,16644287,"Ryo Hasegawa","2026-09-30 21:31:17",2547.8,2,ryohasegawa926
73,16760569,"Otter Vibe","2026-09-30 07:39:27",2546.9,2,gyuminsong
74,16811307,elmo,"2026-09-30 10:38:27",2545.0,2,mktakizawa
75,16670948,wally0593,"2026-09-30 23:31:38",2543.3,2,wally0593
76,16656941,"Winter Lamb","2026-09-30 23:19:17",2540.7,2,fabiansyahcahyo
77,16730524,"THIRD FARM CLUB","2026-09-30 14:14:38",2540.1,2,"bowwowforeach,mooegi,shunrcn,simann"
78,16758767,NSK_54,"2026-09-30 23:55:15",2539.9,2,"leon7archer,suvalex"
79,16732403,ymg_aq,"2026-09-30 23:15:56",2537.2,2,ymgpalaqs
80,16633132,"Kaggledew Valley 🏆","2026-09-30 23:54:55",2535.8,2,"jackvd,wscmisx,yanzhou06"
81,16658248,Aaweg,"2026-09-30 14:38:39",2535.7,2,aawegbhaladhare
82,16752196,sekai013,"2026-09-30 20:50:17",2535.7,2,sekai013
83,16920891,codex还我pro20x,"2026-09-30 13:20:12",2530.3,2,renfei123456
84,16709127,IsaiahP,"2026-09-30 22:21:19",2524.2,2,pressman1
85,16685950,"Planned Economy","2026-09-30 21:05:04",2522.0,2,alturutin
86,16668998,WarRusher,"2026-09-30 22:17:05",2520.0,2,warrusher
87,16723620,3정훈,"2026-09-30 15:42:22",2518.4,2,az05192000gmailcom
88,16674102,没落者,"2026-09-30 22:52:42",2511.1,2,needless090
89,16802598,"macbook air m4","2026-09-30 23:00:35",2509.2,2,anonimniygeniy
90,16714457,"Crop Dustas","2026-09-30 22:56:24",2508.3,2,"peikopon,rishigottumukkala"
91,16685634,"Syed Asad Ali","2026-09-30 22:58:12",2508.0,2,syed3000
92,16878533,HayatoFujihara,"2026-09-30 15:42:47",2506.3,2,hayatofujihara
93,16740405,by,"2026-09-30 23:35:27",2496.5,2,ibyyue
94,16690867,叫啥,"2026-09-30 23:40:53",2496.2,2,"binghua123,gisgisgis,howardleetw,william950615"
95,16660281,"xiy lin","2026-09-30 05:11:53",2495.9,2,xiylin
96,16805699,"feel the agi","2026-09-30 21:03:44",2487.7,2,nulldata
97,16913723,azamat1ch,"2026-09-30 14:12:27",2487.0,2,azamat1ch
98,16739419,"misis biznessmenlb","2026-09-30 10:39:28",2486.3,2,"adilkhabibullin,bebra3222,daniilsergeevda,player77"
99,16758316,"Roy Lo TW","2026-09-30 23:33:16",2484.5,2,roylotw
100,16926467,arutyunoff,"2026-09-30 21:32:19",2482.8,2,arutyunoff
101,16883355,WebFarmers,"2026-09-30 23:49:21",2482.7,2,"axollo,dmitriiorel"
102,16944414,Aguacates,"2026-09-30 23:49:45",2480.7,2,"carolinemercedes,joshdankworth"
103,16731443,"Arjun Vinod","2026-09-30 05:07:03",2480.3,2,arjun0014
104,16749079,mraz1006,"2026-09-30 22:22:23",2479.3,2,mraz1006
105,16651804,"Bocen Li","2026-09-30 23:36:34",2479.0,2,bocenli
106,16691451,Nakano,"2026-09-30 22:46:40",2476.8,2,spicatom0914
107,16909118,loxigicck,"2026-09-30 23:56:17",2475.8,2,loxigicck
108,16748173,pensukesan,"2026-09-30 23:38:53",2475.4,2,pensukesan
109,16864314,marwar22,"2026-09-27 23:59:33",2473.4,2,marwar22
110,16939767,"Elias William","2026-09-30 23:56:51",2470.4,2,eliaswilliam
111,16670221,"Cole Palmer❄️","2026-09-30 10:06:26",2469.4,2,fleongg
112,16779451,kibuna,"2026-09-30 16:55:37",2469.0,2,kibuna
113,16740644,全程豆包代打,"2026-09-30 23:22:01",2467.5,2,terence0914
114,16732879,daulettoibazar,"2026-09-30 21:41:44",2466.6,2,daulettoibazar
115,16630825,"Black Mamba Farm","2026-09-30 19:43:40",2466.1,2,"asherjyd,frankyhz,qizhiran,yukundu231100"
116,16894437,hondana29,"2026-09-30 23:04:30",2464.9,2,tanadaaa
117,16645703,madmax0404,"2026-09-30 19:26:25",2464.9,2,max6296
118,16706222,"Xiangyu Liu","2026-09-30 21:34:23",2464.6,2,xiangyuliu007
119,16730946,"Bohann Wang","2026-09-30 23:55:59",2462.9,2,bohannnwang
120,16630675,"Lucien de Rubempre","2026-09-30 20:01:22",2462.1,2,lucienderubempre
121,16849801,tq1d,"2026-09-30 18:08:30",2458.9,2,haya03010
122,16839458,"Agent 0","2026-09-30 22:59:02",2458.6,2,agent0
123,16629972,"forever young","2026-09-30 23:34:03",2454.8,2,keisukeyokota0428
124,16659555,"Joseph Adamski","2026-09-30 11:06:19",2453.3,2,josephadamski91
125,16652536,Satoshi_SsSs,"2026-09-30 03:32:16",2450.7,2,satoshissss
126,16799266,"Kucing Garong","2026-09-30 22:18:37",2447.8,2,syaugialkaf
127,16675873,"Zhu Liang","2026-09-30 02:31:37",2447.6,2,paradite
128,16738626,李BCDEFGA,"2026-09-30 23:00:04",2447.3,2,"bcdefga,fengzhaofan,quzehao12"
129,16754022,Pico,"2026-09-30 16:04:31",2443.3,2,charithgr
130,16758244,yumizu,"2026-09-30 23:54:05",2440.4,2,yumizzzz
131,16623466,캐그리컬쳐,"2026-09-30 23:40:08",2439.4,2,len8487
132,16946542,"Siyuan Wang","2026-09-30 17:31:50",2439.2,2,merlynwang
133,16823930,"Ghost Rule","2026-09-30 20:56:09",2438.7,2,yiyangxudmm
134,16717536,c0nrad,"2026-09-30 23:35:36",2438.5,2,stuartlarsen
135,16707990,Snorlax,"2026-09-30 22:17:36",2438.2,2,pku1400010735
136,16743836,"Auto Fermers","2026-09-30 22:50:52",2438.1,2,"arsgorynich,artemboltaev,dmitriigluzdov"
137,16688294,"high frequency farming","2026-09-30 09:07:27",2437.3,2,"gunhcolab,hweowe,markslavin"
138,16760701,"Yannik Schiffner","2026-09-29 00:20:24",2435.4,2,yannikschiffner
139,16721501,"Team LOOPRAR","2026-09-30 21:45:48",2435.1,2,"muditnagori09,shahidnadaf001"
140,16891058,Navier-stokes,"2026-09-30 07:14:46",2434.6,2,"nguyenkhanhvu,nhtlongcs"
141,16633178,"Cow Boy","2026-09-30 12:27:13",2434.3,2,shanzhong8
142,16621590,Yaroslav,"2026-09-28 09:37:57",2430.5,2,yaroslavrogoza
143,16655610,GPTatoes,"2026-09-30 23:42:22",2428.9,2,"angran,kaixuanosmas"
144,16743582,ShunkiKyoya,"2026-09-30 23:43:42",2427.1,2,shunkikyoya
145,16681007,AkiraOnojp,"2026-09-30 11:57:49",2425.1,2,akiraonojp
146,16892458,goose10,"2026-09-30 14:53:20",2423.4,2,orangeaugust
147,16804768,Chaos,"2026-09-30 23:56:15",2421.3,2,hcfighting
148,16863512,YumeNeko,"2026-09-30 23:30:57",2420.9,2,kashiwaba
149,16945978,"Grigor Sargsyan","2026-09-30 07:32:14",2420.5,2,grigorsargsyan
150,16728071,AI是我的豆包,"2026-09-30 23:29:54",2419.7,2,"blht2026,wocenmma,zzxhee"
151,16815017,Humanitis,"2026-09-30 19:07:25",2417.0,2,humanitis
152,16941436,fshindo,"2026-09-30 15:20:32",2415.5,2,ffsscf
153,16732727,brightest66,"2026-09-30 13:49:48",2414.8,2,"brightest66,laplacenvmv"
154,16756591,"Hamed Vakili","2026-09-30 19:35:07",2411.7,2,"hamedvakilit0,maryam7713"
155,16641710,yjshyfy,"2026-09-30 23:27:57",2411.3,2,yjshyfy
156,16784691,"ready or not here i come","2026-09-30 03:55:42",2411.1,2,emrekuruba
157,16665224,tyz123456,"2026-09-30 18:17:50",2410.4,2,tyz123456
158,16731803,JYShane,"2026-09-30 22:30:33",2410.1,2,jyshane
159,16769836,weense,"2026-09-30 06:48:39",2408.9,2,weense
160,16855492,"Matin Urdu","2026-09-30 23:52:43",2408.5,2,"amir314,arianurdu,benediktschink,matinurdu"
161,16640785,"syouya tobita","2026-09-30 00:13:17",2406.2,2,syouyatobita
162,16748511,HarshPandey-yt-auto,"2026-09-30 18:21:35",2405.8,2,harshpandeyytauto
163,16672709,"Honeybutter Farm","2026-09-30 23:57:02",2403.7,2,rturley
164,16857676,"Justin Yang","2026-09-30 15:14:26",2403.1,2,zake7749
165,16637255,"leave you","2026-09-30 20:46:23",2401.7,2,superallen001
166,16709176,Efnutrrionpy,"2026-09-30 11:08:58",2400.6,2,efnutrrionpy
167,16857636,Tm-ACCS,"2026-09-30 14:22:12",2398.9,2,"bitsmini,corebase,llmrun,opsneo"
168,16734580,shyjin,"2026-09-30 23:07:55",2398.8,2,shyjin
169,16918411,"Gautier Marti","2026-09-30 22:13:10",2396.7,2,gautiermarti
170,16684954,Rogues,"2026-09-30 21:51:53",2396.7,2,"saikushal185,suneethreddy"
171,16894895,Talented_Eggs,"2026-09-30 23:00:12",2394.3,2,"kangmingpeng,kinghuang123,qiandongxie666,yyhm666"
172,16688732,"sAIzeria Harness","2026-09-30 23:24:12",2394.2,2,"gnux1408,tanakaai24"
173,16762319,"Shiji Zheng","2026-09-30 14:27:51",2393.8,2,"q20020006073,watcher996,zhengshiji"
174,16671741,Excluding,"2026-09-30 23:20:29",2393.6,2,excluding
175,16920167,AI+Agriculture,"2026-09-30 13:34:44",2391.5,2,"alexanderzhiyuanliu,duyutong6,jackdeng123,lgz666"
176,16633100,"Emile Andrieu","2026-09-30 22:10:22",2390.5,2,emileandrieu
177,16709236,rick11224,"2026-09-30 21:56:28",2390.5,2,rick11224
178,16686843,"Juraj Zelman","2026-09-30 20:39:46",2390.4,2,jurajzelman
179,16760523,"Joseph Ayanda","2026-09-30 18:43:52",2389.0,2,josephayanda
180,16768065,"Gradient Grazing","2026-09-30 18:35:00",2388.5,2,adamhusein
181,16913591,fly,"2026-09-29 16:05:29",2387.4,2,"azh1sdad,linjingmax,rong414,w1ll1am10,yuhanleo"
182,16681744,team_fn,"2026-09-30 23:32:33",2386.8,2,fjklmn
183,16910441,Ultracodes,"2026-09-30 13:36:33",2385.6,2,"guanchaosun,lh123463,yitao111"
184,16803103,hugghngkai,"2026-09-30 06:32:13",2385.4,2,hugghngkai
185,16732055,DASH村,"2026-09-30 20:10:11",2385.0,2,sobameshi
186,16627906,"En Hakkore","2026-09-30 12:17:52",2384.2,2,tergelmunkhbat
187,16806018,トゲアリトゲナシトゲトゲ,"2026-09-30 23:24:58",2383.4,2,togearitogenasi
188,16759402,Capitaalgain,"2026-09-30 22:48:05",2382.7,2,capitaalgain
189,16796574,cununn,"2026-09-30 23:57:33",2382.1,2,w007425y
190,16633950,"Matt Motoki","2026-09-29 13:27:03",2379.6,2,mmotoki
191,16625220,thisray,"2026-09-30 19:05:00",2379.4,2,thisray
192,16716566,"Junliang Ye","2026-09-30 19:49:02",2377.1,2,junliangye
193,16904566,FLA,"2026-09-30 14:18:17",2376.5,2,"athnnna,fanglong,fengzq777"
194,16731605,datatuu,"2026-09-30 15:18:22",2373.0,2,yaoguang516
195,16884814,"Happy Farmers","2026-09-30 14:01:28",2372.9,2,"loopide,mapmicro,modelkit"
196,16922539,Gatswei,"2026-09-30 22:25:09",2370.3,2,gatswei
197,16843221,refine123,"2026-09-30 02:17:06",2368.3,2,refine123
198,16935594,"wenya hao","2026-09-30 23:19:46",2367.6,2,wenyahao
199,16752250,"Takahiro Katsumata (tkatsuma)","2026-09-30 23:07:46",2365.1,2,alextfkd
200,16668162,AlejandroAlvarez,"2026-09-30 17:27:37",2364.3,2,theworm
201,16857723,"Mask Learning","2026-09-30 13:39:28",2364.2,2,"clipcode,daskrank,maskgen,nnmerge,opscfg"
202,16681405,"Yusuke Hayashi","2026-09-30 12:12:06",2363.7,2,yhay81
203,16905679,xaxipiruli,"2026-09-30 20:32:11",2362.8,2,xaxipirulazo
204,16684093,"fog flower","2026-09-30 18:01:39",2361.4,2,"fogflower,gdz007,kitchs,xuesongyin"
205,16921670,giyogoioが相手の農地を燃やします,"2026-09-30 11:22:57",2361.3,2,"giyogoiohlrlqll,k256net"
206,16819030,sunyuxiang136,"2026-09-29 12:01:23",2360.6,2,"hqy0619,orangetailfish,sunyuxiang136,tshen12"
207,16811251,𰻞𰻞麺🍜,"2026-09-30 17:46:07",2359.2,2,poijio
208,16766128,"Oleksandr Parfionov","2026-09-30 14:07:00",2358.8,2,parfyon
209,16668736,bhundreds,"2026-09-30 22:31:28",2358.0,2,hundreds1103
210,16673230,saitamad,"2026-09-30 23:55:44",2357.4,2,saitamad
211,16664246,"Sida Zuo","2026-09-27 23:49:18",2356.9,2,sidazuo
212,16671376,Lebxgue.,"2026-09-30 17:23:31",2356.1,2,yukieja
213,16928267,"GPT 6 Astra Ultra Fast","2026-09-30 14:21:10",2355.8,2,"dorags,linmiaohan,zhiruizheng111"
214,16621515,"Alexander Gremyakov","2026-09-30 23:54:39",2355.1,2,alexandergremyakov
215,16668783,Zyy7390,"2026-09-30 20:05:33",2354.8,2,"tigerrrrrr,zyy7390"
216,16917996,Agentculture,"2026-09-30 13:54:59",2353.9,2,"ericchen001,huzhenyi,sylvia47,thx123456121"
217,16852049,Tremble,"2026-09-29 08:38:51",2352.5,2,"aimeechen1,haoxuanwang12366,junsongzhang,qiyaoxu,yifuandonlyyifu"
218,16624309,jjamppongmandu,"2026-09-30 02:15:10",2350.8,2,"beckspeca,hihiimj,jjamppongmandu"
219,16669926,Jince,"2026-09-30 08:36:38",2350.6,2,jincesaju
220,16660255,"Revanth Tambisetty","2026-09-29 10:12:23",2349.5,2,revanthtambisetty
221,16796682,LK30,"2026-09-30 23:43:14",2349.2,2,louisklasing
222,16884751,"full-auto agent","2026-09-30 13:47:50",2347.8,2,"idcode,pychat,regularl2,tokenrank"
223,16867601,tadashikato,"2026-09-30 19:06:29",2346.5,2,tadashikato
224,16854059,"Gökmen KÜÇÜKAYDIN","2026-09-30 18:09:42",2346.2,2,gkmenkkaydin
225,16919136,"First Farming","2026-09-30 13:40:36",2345.5,2,"chengxuanyang,dongshangyu,lxinye09,pengwenlong"
226,16852826,Phoenix750,"2026-09-30 16:38:45",2345.4,2,richardmaddox
227,16863959,686868,"2026-09-30 23:49:15",2344.7,2,thangnm1
228,16625050,"how to place pokemon","2026-09-30 21:46:13",2344.2,2,ktverdov
229,16929367,SimulationXYZ,"2026-09-30 14:29:41",2343.9,2,"biandatong,fan41786,taomarktao,ycc13688881999"
230,16653199,Koba,"2026-09-30 21:49:35",2342.5,2,zone0906
231,16811703,KaggricultureX,"2026-09-30 14:02:41",2342.2,2,"hanwang666,huanghaoyu7280,lannuo,liangzixiabc"
232,16723955,chunsuri,"2026-09-30 10:45:14",2342.0,2,chunsuri
233,16665402,PrasadChopade213,"2026-09-30 20:23:12",2340.3,2,prasadchopade213
234,16871381,huaiyuyoung,"2026-09-26 09:05:31",2340.2,2,"huaiyuyoung,mushancui,nuoyixu,sdsnorth,yuantoby"
235,16623370,kenmatsu4,"2026-09-28 15:29:13",2339.7,2,kenmatsu4
236,16889522,"Y & G","2026-09-30 20:42:48",2338.8,2,"gauravnagotanekar,raneyash"
237,16904592,RLMAX,"2026-09-30 13:29:23",2338.2,2,"haoyangdaviddong,mingsiguo,risottoolive,yuanqinyi"
238,16701768,darasty,"2026-09-30 22:49:11",2337.8,2,darasty
239,16806938,boominginging,"2026-09-26 13:00:54",2337.3,2,"aviator22,boominginging,caiwenjie123,mikeintokyo"
240,16745959,_demo,"2026-09-30 17:57:49",2336.8,2,fortunaterookie
241,16943306,liminhai,"2026-09-27 01:10:11",2331.5,2,"hungry1728,liminhai,mars086,yeukwanvickyli,yuchuanzhang1202"
242,16929873,offhand,"2026-09-30 04:41:44",2331.0,2,offhand
243,16719758,pangzi233,"2026-09-30 16:11:19",2330.5,2,pangzi233
244,16945263,liyupengli,"2026-09-26 23:59:24",2329.6,2,"easonrao,huhuown,liyupengli,mikesun20110408"
245,16735628,RB25det,"2026-09-30 23:50:32",2327.9,2,"perrodawn,rb25det,shinzotakayama,toranosukenoda"
246,16673303,"Samuel Sundararaman ","2026-09-30 21:39:48",2326.9,2,neopok919
247,16857621,"stack overflow","2026-09-30 14:07:38",2325.9,2,"cudastack,dlbyte,dsbeta"
248,16657931,t-enstar,"2026-09-30 16:15:51",2325.7,2,tstustatama
249,16763706,断罪の孤高の神・大宇宙草莓覇皇,"2026-09-30 18:55:12",2324.6,2,"lordofichigo,qilejiang76"
250,16857488,BC+,"2026-09-30 14:04:21",2322.7,2,"lachesism,neoist,wangtianyi8,zhihaoweng"
251,16805882,nmdcddwzml,"2026-09-30 00:00:36",2322.4,2,mujian63
252,16652175,"Lucas Boesen","2026-09-30 22:17:38",2322.1,2,lucasboesen
253,16741131,"Adarsh Balanolla","2026-09-30 16:37:31",2321.5,2,adarshreddyb
254,16669269,"yash bhaskar","2026-09-30 11:35:52",2321.3,2,yash9439
255,16730676,ActiveMusyoku,"2026-09-30 11:10:38",2319.5,2,"daiki0381,kohei0okazaki,noriyukimori,ryonatori,seipon"
256,16905643,yngd99,"2026-09-30 12:53:50",2318.2,2,yngd99
257,16820794,"Yuxuan Ba","2026-09-26 03:37:23",2316.2,2,"cynthiaaaaa06,hyt9797,lynndai67,yuxuanba"
258,16624645,"Closed Loop","2026-09-30 23:33:30",2315.5,2,hobbisttech
259,16945992,wwwwwwwwwwwwwwwwwwwwwwwwwwwwww,"2026-09-30 14:26:46",2312.9,2,wwwwwwwwwwwwwwwwwwww
260,16857685,kaggriwaves,"2026-09-30 14:24:30",2312.0,2,"cliwave,cyberpsi,hyperacc"
261,16623637,kuro0315,"2026-09-30 23:39:15",2311.8,2,skuro0315
262,16688787,Fih,"2026-09-30 17:06:08",2309.8,2,vencerlanz09
263,16689154,CrossEngineered,"2026-09-30 06:17:59",2309.7,2,"danyalsahin1,gkenurk"
264,16652446,"tine.sh agent","2026-09-30 00:17:58",2309.7,2,sidcodegg
265,16857762,Fablers,"2026-09-30 13:57:06",2307.6,2,"cvcost,fluxdev,lossvis,zetaex"
266,16705790,clora,"2026-09-30 15:52:44",2307.0,2,clora16
267,16856022,"fasith 007","2026-09-27 12:52:47",2306.2,2,fasith007
268,16717440,"farm pt","2026-09-30 23:53:41",2305.8,2,"gunianxue,marisyn,muran169633"
269,16728076,uuu,"2026-09-30 07:15:18",2303.6,2,vovafinogenov
270,16732857,Rojiomote,"2026-09-30 23:35:55",2302.3,2,rojiomote
271,16701074,"One Policy to Rule Them All","2026-09-29 20:47:42",2301.6,2,qujiahui
272,16811414,Y-Kitaro,"2026-09-30 23:52:35",2300.9,2,yhataktaro
273,16659627,"Lam Dang","2026-09-30 20:09:57",2300.5,2,lamdang
274,16882725,Ebi,"2026-09-29 21:07:49",2300.2,2,ebinan92
275,16632021,istinetz,"2026-09-30 22:45:58",2298.9,2,istinetz
276,16751061,L1a0JH,"2026-09-30 15:22:48",2298.2,2,coolkid14122
277,16756698,savoelh,"2026-09-30 19:48:19",2296.0,2,savoelh
278,16794090,Euphor_M,"2026-09-30 22:51:13",2295.9,2,euphor
279,16860907,zzzz,"2026-09-26 06:07:29",2295.6,2,"haojunwei,kuengo,leonstew,ruoguxu"
280,16761593,Azathoth,"2026-09-30 22:34:40",2294.9,2,stsaasts
281,16760515,"Kazuo Watanabe","2026-09-30 22:30:29",2293.0,2,watanabekazuo
282,16705499,byncpy,"2026-09-30 23:46:27",2291.0,2,jinliangbi
283,16756764,"Alperen Aydın","2026-09-30 15:02:03",2290.0,2,alperen5252525
284,16847543,"Sankalp Wanjari","2026-09-30 20:45:34",2289.4,2,sankalpwanjari25
285,16754552,Touyu,"2026-09-30 19:05:30",2288.5,2,yutoaoki
286,16685743,"Alex Oranov","2026-09-30 11:06:31",2287.4,2,aoranov
287,16655505,Debmalya,"2026-09-30 22:27:05",2285.7,2,debmalya84
288,16705417,fuxi,"2026-09-23 13:20:03",2284.3,2,"padyue,pytorch5009asd"
289,16658349,lingxiaojun,"2026-09-29 03:07:22",2281.1,2,lingxiaojun
290,16626332,"MD. Nazmus Sakib Anik","2026-09-30 17:42:27",2280.9,2,beyondlogic
291,16622198,"THUNDER THUNDER","2026-09-21 07:08:52",2280.5,2,thunderthunder
292,16736874,mhiro2,"2026-09-30 23:51:29",2280.0,2,mhiro2
293,16805704,ShuHaya,"2026-09-30 22:28:13",2278.8,2,yfqqq088
294,16751152,"Andrew Reed","2026-09-30 12:46:23",2275.5,2,andrewreed
295,16663614,Nevska,"2026-09-30 23:47:37",2275.4,2,nevska
296,16679245,"Krzysztof Gonia","2026-09-30 22:37:19",2273.8,2,krzysztofgonia
297,16732478,Ken_Ken_Pa,"2026-09-30 14:35:12",2272.4,2,kenkenpa
298,16696703,Farmer,"2026-09-29 14:05:50",2272.0,2,alekseic
299,16623378,"nvidia fan","2026-09-30 23:15:27",2266.2,2,outwrest
300,16622245,"최 Ch Vlas","2026-09-30 20:51:55",2264.4,2,vlasveles
301,16758556,bpbpbpbpb,"2026-09-30 22:21:29",2262.7,2,bpbpbpbpb
302,16945969,"Rushil Desai","2026-09-30 19:39:45",2262.3,2,rushildesai
303,16840509,"Iskander Yusupov","2026-09-30 23:10:01",2258.9,2,iskanderyusupov
304,16785884,TX,"2026-09-30 17:11:29",2258.8,2,realrudraa
305,16627888,atl132,"2026-09-30 01:04:26",2255.7,2,atl132
306,16770229,"shivam kanojia","2026-09-30 23:24:27",2254.6,2,shivamkanojia1
307,16876706,"zijun zhang","2026-09-30 22:14:01",2252.3,2,kongmu0503
308,16685047,Yvonne.,"2026-09-30 13:57:43",2250.3,2,zdawer250
309,16938955,何时成为宗师,"2026-09-30 15:58:22",2250.3,2,wowandanle
310,16679098,"KIRTAN RUPESHBHAI BHOJANI","2026-09-30 21:55:06",2250.1,2,kitran17
311,16848060,juliencst,"2026-09-30 19:11:59",2249.2,2,juliencst
312,16925604,"Fritz Cremer","2026-09-30 14:48:10",2247.6,2,fritzcremer
313,16727266,Agricola,"2026-09-30 23:57:42",2247.5,2,ebisuya
314,16748866,masayoshi,"2026-09-30 23:06:29",2246.9,2,masayoshi64
315,16918263,Ascent,"2026-09-30 20:41:02",2246.0,2,ishaangangwani
316,16659679,Civitasmass,"2026-09-30 15:41:48",2245.2,2,godhand
317,16784829,"Masahiro Yamagata","2026-09-29 18:18:02",2244.2,2,masahiroyamagata
318,16916142,aryandongare27,"2026-09-30 18:45:32",2243.3,2,aryandongare27
319,16856988,"power spy","2026-09-30 22:38:35",2242.4,2,powerrspyy
320,16662883,OceanMix,"2026-09-30 23:07:11",2241.3,2,"cggonzalezsc,fierus,liesvyvalladares"
321,16641536,"Michael Timbs","2026-09-30 12:00:49",2241.0,2,michaeltimbs
322,16637546,Forrest,"2026-09-30 15:52:20",2240.7,2,yinxiaogang
323,16910633,Shawn404,"2026-09-29 11:24:59",2238.3,2,shawn404
324,16663626,"yvn kaggriculture","2026-09-29 21:43:10",2231.7,2,"garnikdavtyan,mikayelgr"
325,16673328,"Preetham Prasanna","2026-09-29 10:20:03",2231.5,2,preethamprasanna
326,16872754,"Canal farmer","2026-09-30 03:44:09",2229.8,2,"kitano0104,ryyymy"
327,16712189,"Kostiantyn Isaienkov","2026-09-30 21:15:28",2227.4,2,isaienkov
328,16690763,chungkuangwen,"2026-09-27 10:49:12",2227.3,2,chungkuangwen
329,16832971,"Scott Willis","2026-09-30 21:52:45",2227.2,2,scottgwillis
330,16693965,ra5anchor,"2026-09-28 17:05:02",2226.4,2,junmitsui
331,16728492,ほのぼの牧場,"2026-09-30 00:01:14",2226.2,2,masatoshitaniguchi
332,16723991,"James Holland","2026-09-30 22:14:15",2224.3,2,jkhollandjr
333,16627751,lzeee,"2026-09-30 20:03:28",2223.5,2,shzgong
334,16663946,"Hello San Francisco","2026-09-30 18:36:05",2222.1,2,"circiumaru,dulgherustefan,radugoga"
335,16930465,"Xuanhao Wang","2026-09-26 10:07:02",2221.9,2,xuanhao666
336,16857505,"joy of harvest","2026-09-30 13:49:13",2220.9,2,"dllogic,hanleileo,lawjkj,mragentrrr"
337,16641138,"Bharath Varma","2026-09-30 15:36:53",2220.2,2,bharath111l
338,16665237,"Ad Space Available","2026-09-29 16:51:52",2217.6,2,"liyouran0820,rainchen0411,richardsilence,tongyuexiao"
339,16742439,"Shangshang Zhang","2026-09-30 17:10:36",2216.6,2,msvzss
340,16669935,"Roman Svet","2026-09-30 20:58:23",2216.3,2,romansvet
341,16888282,Sheeesh---,"2026-09-30 23:55:05",2216.3,2,hamzaaitmohamed
342,16704466,"QQ Farming","2026-09-30 23:27:57",2216.1,2,"dzjiann,hdhsjdjd,keithtyser,mitubant,ngyzly"
343,16931354,snappi,"2026-09-30 21:32:06",2215.3,2,snappi
344,16810104,Mahoraga,"2026-09-30 20:08:23",2212.7,2,hemanthraju311
345,16732521,redblackbst,"2026-09-30 23:51:54",2210.9,2,redblackbst
346,16654783,quantara.cv,"2026-09-29 23:38:26",2208.6,2,goth55
347,16659286,shane18,"2026-09-29 07:02:03",2203.6,2,shane18
348,16658946,theredbluepill,"2026-09-30 23:50:01",2203.4,2,poonszesen
349,16730719,Xiaowenhao404,"2026-09-30 23:15:10",2202.7,2,xiaowenhao404
350,16752019,"Kaipeng Zheng","2026-09-30 21:59:53",2202.5,2,kaipengzheng
351,16703315,"Ryan Triplett","2026-09-30 20:50:18",2202.1,2,ryantriplett
352,16674881,"Saisree Dhanasekaran","2026-09-30 22:12:33",2200.9,2,saisreedhanasekaran
353,16630729,"american gothic","2026-09-30 23:50:02",2197.9,2,grennwolf
354,16754112,"rhythm master","2026-09-30 14:08:25",2197.9,2,"lukaswong,nairurga,vincent19543,zaynedong"
355,16942378,"Cheese Burgers","2026-09-30 17:43:13",2197.4,2,"gaippi,mrkoolguy"
356,16861278,"Michael Pershin","2026-09-30 22:49:32",2196.5,2,michaelpershin
357,16828244,AGSaturn,"2026-09-30 13:42:29",2192.5,2,polyuhst
358,16847578,"Tim Chernov","2026-09-29 21:14:10",2192.0,2,saffff
359,16842194,threnox,"2026-09-29 16:16:29",2191.1,2,threnox
360,16917715,BIGWin,"2026-09-30 07:04:57",2191.0,2,"jackerdu,pinjiewang,sunjiadong12,sunruiwang"
361,16622349,"Mengfei Li","2026-09-30 23:57:53",2187.7,2,meli19
362,16859963,Liuzonglin,"2026-09-30 16:05:51",2187.6,2,linxii012
363,16622898,"sbol ball","2026-09-29 21:23:12",2187.5,2,"linearbasis,maksimkostritsya"
364,16947214,gogogogogo,"2026-09-30 16:17:40",2186.8,2,"bzttub,hehahakl,michaelyu99,y1jun0000"
365,16674961,"Ilya & Yurnero","2026-09-30 16:29:06",2186.3,2,"samson8,test7845"
366,16784943,"Ian lin","2026-09-30 23:23:43",2185.1,2,ianlin310707
367,16914530,ZKH-Harness,"2026-09-30 13:58:29",2182.9,2,"hanyazhang,kanny912,zhaoruichen"
368,16853849,emreaydin,"2026-09-30 20:57:01",2181.3,2,aydinemre
369,16903770,UYHHHHYu,"2026-09-30 19:17:02",2180.9,2,yhhhhyu
370,16730334,"Have a nice trip in USST","2026-09-30 23:13:08",2179.5,2,"eugeneyeung,grace7523,sztszt0726,tuskig,wzh20050212"
371,16677342,Fedor,"2026-09-30 11:26:13",2179.1,2,fedorchuprakov
372,16810299,spencersi123,"2026-09-30 17:19:53",2177.4,2,spencersi123
373,16725899,Zhenghongshuang,"2026-09-30 16:34:14",2176.9,2,zhenghongshuang
374,16657796,"parv goyal2","2026-09-30 22:31:25",2176.8,2,parvgoyal2
375,16632783,chocolat,"2026-09-30 20:05:00",2176.0,2,chocolatnya999
376,16847812,tw1nstar,"2026-09-30 16:49:13",2175.2,2,"candaceward,supermanking,waekeee"
377,16905243,Nyassy,"2026-09-30 23:18:21",2174.3,2,ka4869
378,16655114,"Hippo Farming Ltd.","2026-09-30 23:22:32",2173.0,2,felixmneumann
379,16651806,shawnYiB,"2026-09-30 12:56:36",2172.5,2,"mike17cui,shawnyib"
380,16798694,"PostgreSQL DBA","2026-09-30 14:03:18",2172.3,2,nintendojoa
381,16829239,tomfng,"2026-09-28 13:30:08",2171.4,2,tomfng
382,16667774,"Ziad EL ARARI","2026-09-30 23:42:58",2170.7,2,ziadelarari
383,16743656,Deskbo,"2026-09-30 23:49:47",2170.2,2,deskbo
384,16630752,motemen,"2026-09-30 16:20:12",2169.9,2,motemen
385,16651244,"Knight of Favonius","2026-09-30 22:41:39",2169.0,2,ladyfaye
386,16656500,奶龙宝宝爱种田吖,"2026-09-30 06:29:05",2166.5,2,"a982295350,bertmacutata,blencanierice,dangzhiyuan,imoxzm"
387,16861362,我小栗帽要娶藤正进行曲！！！💍,"2026-09-30 22:58:38",2164.5,2,"praveensahukari,rubiakaslana"
388,16808905,"Yusaku Muroya","2026-09-30 22:34:59",2164.1,2,ymuroya47
389,16697395,darktetradgod,"2026-09-30 22:48:35",2161.6,2,darktetradgod
390,16846958,"Constantin Craciun","2026-09-30 09:32:15",2161.5,2,constantincraciun
391,16675486,"SALAH ELDIN ELNABARAWY","2026-09-30 23:30:10",2161.4,2,salaheldinelnabarawy
392,16738145,綿鍋だよん,"2026-09-30 20:18:01",2161.3,2,potrue
393,16711317,"yf D","2026-09-30 02:26:23",2161.2,2,dengvitruviano
394,16809294,Cherie01,"2026-09-30 12:48:56",2160.4,2,cherie01
395,16673109,"Surya Bhattiprol","2026-09-30 15:51:25",2158.2,2,suryabhattiprol01
396,16672325,Ispagiytiy,"2026-09-30 22:00:14",2157.0,2,ispagiytiy
397,16890510,"Ivan Vybornov","2026-09-30 22:27:37",2156.9,2,ivanvybornov
398,16935560,南山3G战神,"2026-09-29 07:11:35",2156.9,2,"dongxinwan,jyo5200,linkenfaqiu8290,vincent8491,wxh20031103"
399,16917382,"Anand Singh","2026-09-28 13:56:26",2156.3,2,anandsingh8687
400,16730065,Blu3s,"2026-09-29 23:02:22",2154.0,2,"atteincueo,ausrine"
401,16810078,Sam-wiz,"2026-09-30 14:05:39",2153.9,2,samwiz
402,16690805,"Alejandro Ayestaran","2026-09-28 18:18:26",2152.3,2,alejandroayestaran
403,16809263,"Bertan Pank","2026-09-30 20:22:55",2152.2,2,bertanpank
404,16807538,Asterope,"2026-09-29 23:25:14",2151.2,2,jianlee0
405,16933749,ctree4113,"2026-09-30 17:49:03",2150.0,2,yitree
406,16748142,"Hikaru Umeda","2026-09-30 22:51:51",2148.8,2,hikarumeda1030
407,16736265,"Marko Rupnik","2026-09-30 23:29:34",2148.2,2,markorupnik
408,16726915,"인공저능연구소( Artificial Idiocy Lab )","2026-09-30 13:14:35",2146.4,2,megayak
409,16806023,"Eesh saxena","2026-09-30 21:56:07",2146.1,2,eeshsaxena
410,16693904,DeeperNet,"2026-09-30 23:00:29",2146.1,2,"deepernet,kkkggg,xblade"
411,16706321,lumen,"2026-09-30 14:21:32",2145.6,2,lumenyuto
412,16638909,mbscgi,"2026-09-28 01:24:14",2145.4,2,mbscgi
413,16775242,"Timothee Henry","2026-09-30 13:14:58",2144.0,2,timhenry
414,16882022,URAD,"2026-09-30 22:58:43",2143.8,2,uradkr
415,16656452,"Kudo 🏆","2026-09-30 22:18:27",2142.9,2,nguyenchicuong
416,16754670,XJ,"2026-09-30 13:04:45",2142.4,2,xiaokunxia
417,16748154,taiseiu,"2026-09-30 11:37:44",2141.6,2,taiseiu
418,16833141,yomogii,"2026-09-30 23:51:16",2140.2,2,yomogii
419,16688159,"aildar &  slopernak & bobot","2026-09-30 23:40:07",2140.0,2,"eldarkhisamutdinov,mernak,vladimirbagmanov"
420,16633790,curiosity,"2026-09-30 18:50:18",2139.7,2,chmffwn1
421,16908263,Paing,"2026-09-30 03:13:30",2138.8,2,painghtetsw
422,16854842,ijiiok,"2026-09-26 19:44:27",2137.2,2,ijiiok
423,16845258,Squirrel,"2026-09-30 19:37:17",2137.0,2,bunnykeeper
424,16623990,senkin13,"2026-09-30 07:02:31",2133.9,2,senkin13
425,16641171,"Sadettin Şamil Verdil","2026-09-28 13:59:38",2133.8,2,sadettinamilverdil
426,16661118,"Sirui Zeng","2026-09-30 17:03:39",2133.5,2,siruizeng
427,16861302,YieldCurve,"2026-09-30 15:12:38",2133.5,2,"gendaijin,haruna015"
428,16633552,Unkn0wn,"2026-09-30 22:08:09",2133.1,2,"harnadshilpa,nagendraadisesha"
429,16705390,"Subramanya N","2026-09-30 23:54:07",2133.0,2,subramanya1997
430,16700211,miya,"2026-09-30 05:10:44",2132.9,2,miyamuratakeki
431,16644724,"Kaggriculture Agent","2026-09-30 23:00:18",2130.1,2,"jiweiliu,tonylica,yiheng"
432,16632224,"Millia il Velch Cutrettola","2026-09-30 07:36:25",2129.2,2,yamakawanin
433,16684250,"Alexander Sokolov","2026-09-27 06:57:58",2127.3,2,cheeec0
434,16889691,"Evil Mango","2026-09-24 19:57:10",2126.7,2,"theevilpiggie,yangbai2026"
435,16762769,"Jacques Buis","2026-09-30 19:50:24",2126.0,2,jacquesbuis
436,16750416,QQ农场,"2026-09-30 23:50:39",2125.4,2,"dqfeng,gvione"
437,16640048,"extra eclaire","2026-09-30 11:53:00",2125.1,2,"aeniminu,extraeclaire"
438,16867799,"Chris Deotte","2026-09-28 11:49:26",2124.9,2,cdeotte
439,16904028,BraydenPikachu,"2026-09-29 06:08:31",2124.1,2,braydenpikachu
440,16853894,"Ilya Usmanov","2026-09-30 22:54:11",2123.2,2,"ilyausmanov,kolesnikovia,makskhan"
441,16725564,NoPlanB,"2026-09-30 23:34:20",2122.9,2,kduncanrobertson
442,16743852,"Alexander & Erik","2026-09-30 23:55:01",2121.6,2,"alexandermlad,erikpymay"
443,16731275,carbonapi,"2026-09-30 23:58:20",2121.4,2,nonempty
444,16855857,tchufers,"2026-09-25 19:41:27",2119.1,2,viniciusraupp
445,16730323,fufufukakaka,"2026-09-30 22:53:40",2116.7,2,fufufukakaka
446,16923122,RangerSnow,"2026-09-30 15:01:07",2116.0,2,rangersnow
447,16622454,automatylicza,"2026-09-30 00:01:55",2115.5,2,automatylicza
448,16949818,MachineLearner,"2026-09-30 17:41:53",2115.4,2,anesabbad
449,16845367,kyy666,"2026-09-30 22:04:23",2115.3,2,"kyy666,robertmcwang"
450,16634537,"How to Make Bread from N2","2026-09-30 07:41:04",2114.8,2,yuki11ii
451,16651332,"Le Viet","2026-09-30 06:57:58",2114.2,2,sleepyssr
452,16735744,老乡,"2026-09-30 23:45:48",2114.1,2,"hboyang,junjiezhou5100"
453,16658732,Olympus,"2026-09-30 14:19:39",2113.6,2,"jiseungwoo,peppersaltman"
454,16806556,KyryloBakumenko,"2026-09-30 08:15:39",2112.8,2,kyrylobakumenko
455,16837491,takaito,"2026-09-30 15:37:12",2108.8,2,takaito
456,16622330,"hiroshi murakami","2026-09-30 21:25:01",2108.7,2,zabojeb
457,16656496,"Vaibhav Gupta","2026-09-27 15:46:58",2106.3,2,vaihero
458,16677938,"Hajime Tamura","2026-09-30 23:38:44",2106.1,2,thajime
459,16640807,TS,"2026-09-30 17:07:31",2105.3,2,"macomacoo,milkcoffeen,takumi0220"
460,16908623,42,"2026-09-30 16:41:08",2104.9,2,"ffy208,kefeiyan,yirenw11"
461,16740419,IamDiganta.7,"2026-09-30 23:51:55",2103.6,2,iamdiganta7
462,16685548,"Erfan Eshratifar","2026-09-30 19:59:43",2103.6,2,erfaneshrati
463,16801351,デワンシュ,"2026-09-30 14:00:26",2103.3,2,shade012
464,16749342,crasal,"2026-09-30 13:16:48",2103.2,2,crasal
465,16693215,"Izzoudine Mohamed KANTA","2026-09-28 04:49:33",2101.7,2,izzoudeenkanta
466,16690353,b13902103_yuhung94,"2026-09-22 02:00:14",2101.1,2,yuhung94
467,16850509,LS,"2026-09-28 20:56:49",2100.4,2,shannanl
468,16711376,"Arman Tuganbaev","2026-09-29 14:19:22",2099.4,2,armantuganbaev
469,16798172,"Dmytro Maliarenko","2026-09-30 07:16:24",2097.7,2,arxitekton
470,16715235,l1aF,"2026-09-30 16:22:51",2097.1,2,hhhoang
471,16687649,track,"2026-09-30 20:28:30",2091.8,2,"a2nt1as2n,ahmedberatozer,omerlleez"
472,16635108,"cabbage corp","2026-09-30 17:54:39",2091.3,2,"kagglercs,phoenix0501"
473,16644882,"SAMOILOV MIKHAIL","2026-09-30 20:36:41",2089.7,2,samoilovmikhail
474,16832209,enduejdu,"2026-09-30 18:05:35",2089.2,2,"cliff376,enduejdu,vvennie,yuwenyue"
475,16892288,"Omar Althobaiti","2026-09-30 19:27:00",2088.8,2,omarahmedalthbite
476,16846677,涵哥,"2026-09-30 08:01:01",2088.6,2,jinfanhahaha1
477,16681893,morality0707,"2026-09-30 21:02:10",2088.3,2,morality0707
478,16762735,"Zenith Ye","2026-09-30 01:42:05",2086.4,2,zenithye
479,16663818,"Mike Mordetsky","2026-09-30 21:03:48",2084.7,2,mikemordetsky
480,16931056,zhangsan1224789,"2026-09-30 17:21:27",2082.4,2,zhangsan1224789
481,16655190,"Will Rice","2026-09-30 23:15:49",2081.7,2,willrice
482,16674353,"Lakshmanan R","2026-09-30 20:31:06",2081.7,2,lakshmanankumar02
483,16653044,"Claudex - An","2026-09-30 23:56:33",2081.0,2,"binhdth,buphmquc,hainguyenthien,pntan17"
484,16925409,Silver,"2026-09-30 15:52:04",2080.7,2,gshy2028
485,16762019,mqjx,"2026-09-30 22:33:48",2080.0,2,"jifengjianhao666,mqingcs"
486,16946062,Dlyra,"2026-09-28 20:05:31",2079.5,2,tyronnaidoo
487,16736427,KouFu,"2026-09-29 16:39:31",2077.8,2,kouheif
488,16795844,Azamaro,"2026-09-30 16:08:38",2077.4,2,azamaro
489,16674174,"Ramesh Arvind","2026-09-29 07:22:22",2076.2,2,rameshln
490,16795448,ultimatum_game,"2026-09-30 22:25:08",2076.2,2,"ultimatumgame,walrushero"
491,16860784,xxxx0314,"2026-09-30 17:39:30",2076.0,2,"kirklandsan,xxxx0314,yunfeiyang223"
492,16940889,Yoshiki_Nakamura,"2026-09-30 22:27:45",2074.5,2,yakizakana629
493,16731776,ASH,"2026-09-30 21:06:35",2074.2,2,pentannnn
494,16924283,"Hello kaggle","2026-09-30 10:31:42",2073.6,2,gehaohua
495,16768385,neibyr,"2026-09-30 19:22:29",2073.3,2,neibyr
496,16847189,"porosyonok Beib","2026-09-30 23:19:24",2073.3,2,rocinantt
497,16764499,"Edwards Neuron","2026-09-30 23:50:58",2072.2,2,edwardsneuron
498,16867734,SH11235,"2026-09-30 21:16:59",2072.1,2,sh11235
499,16891965,artem3605,"2026-09-30 11:16:20",2070.9,2,artem3605
500,16841940,"Hakkı Besim Bardakçı","2026-09-25 13:53:39",2069.7,2,xdebron
501,16658185,"Juwon Kweon","2026-09-30 19:18:02",2069.6,2,juwonkwon
502,16701779,"Chaoqi Luo","2026-09-30 09:31:31",2069.3,2,chaoqiluo7
503,16923256,Rio,"2026-09-30 13:04:12",2068.5,2,ryosukehada
504,16870342,"CHEN Xiang","2026-09-30 20:32:21",2068.3,2,intoxicatinglips
505,16730076,SJY321,"2026-09-30 13:25:05",2068.2,2,sjy321
506,16667242,"Gleb Tumanov","2026-09-30 17:57:31",2067.3,2,crachton
507,16632245,u,"2026-09-30 22:18:56",2067.0,2,"apostoloskontarinis,curbotron13,halzweiman,josephmcgonaglebrown,shreyanshpoddar"
508,16629685,mikelou1,"2026-09-30 22:14:29",2066.9,2,mikelou1
509,16623608,"Dmitry Larko","2026-09-30 22:33:58",2066.7,2,dmitrylarko
510,16634149,"Hozuma ITOBAYASHI","2026-09-30 23:44:32",2065.9,2,hozumaitobayashi
511,16682494,Phi,"2026-09-30 13:02:46",2065.3,2,ajinomoto132
512,16853805,yefenfei,"2026-09-30 23:33:07",2064.4,2,"stargazer7c,yefenfei,yuchenzhanlulu,zhengweibin1026"
513,16663649,"Akhil Chinta","2026-09-30 19:14:45",2063.7,2,akhilchinta1505
514,16743647,bono,"2026-09-30 23:04:24",2062.3,2,kjoonha
515,16732210,tanadai,"2026-09-30 23:43:27",2062.2,2,da0516
516,16933836,arumajiro,"2026-09-30 21:30:14",2061.7,2,excellentarumajiro
517,16839983,hana87hana,"2026-09-30 07:49:23",2061.4,2,hana87hana
518,16685763,"koren sabag","2026-09-30 23:51:44",2060.9,2,korensabag
519,16933535,Binbin022,"2026-09-30 23:17:17",2060.6,2,binbin022
520,16683952,"Maksimov Evgeniy","2026-09-30 22:31:36",2060.4,2,maxevg
521,16791828,Ling,"2026-09-30 15:09:20",2060.4,2,lingbia
522,16752740,BorisV,"2026-09-30 13:52:19",2059.6,2,bvoskresenskii
523,16885561,goodpjw2008,"2026-09-30 22:53:19",2054.7,2,goodpjw2008
524,16671588,"Keisuke & rererenore & Kifine","2026-09-30 23:45:03",2054.6,2,"keisukeueda,liaoyingxi,rererenore"
525,16822602,haru0707,"2026-09-29 15:27:16",2051.4,2,"haru0707,kiduna"
526,16870986,Taeyang,"2026-09-30 23:53:27",2051.1,2,"lucas040,taeyangg4,xox787,yw8837"
527,16878458,"Sho Saga","2026-09-25 00:13:47",2050.5,2,shosaga
528,16839986,"XIAO MA","2026-09-30 21:10:12",2047.8,2,linusm020311
529,16811313,Ta_____ko,"2026-09-30 14:16:25",2047.6,2,tako1249
530,16625908,trantrikien239,"2026-09-30 23:04:53",2046.7,2,trantrikien239
531,16677337,"xi luo","2026-09-30 17:23:31",2045.1,2,xiluo00
532,16669123,"Alex #2","2026-09-30 14:07:49",2044.3,2,alxdfy
533,16938244,"Yeashu Semwal","2026-09-30 23:21:14",2043.1,2,yeashusemwal
534,16729413,KharinTymofii,"2026-09-30 17:35:09",2042.2,2,kharintymofii
535,16867120,"DaoHe Liu","2026-09-30 16:25:01",2041.7,2,daoheliu
536,16724366,"YASH JAIN","2026-09-30 22:17:20",2039.0,2,yashjain911
537,16670032,Kenjo1209,"2026-09-30 22:40:00",2038.6,2,kenjo1209
538,16823116,一路向北,"2026-09-30 21:19:27",2037.9,2,chronoscop
539,16655129,"Morylov Yehor","2026-09-30 00:26:02",2037.9,2,morylov
540,16783642,base_camp_2002,"2026-09-30 13:07:14",2037.4,2,basecamp2002
541,16630779,Jimmer,"2026-09-30 20:35:29",2037.3,2,przemysawonr
542,16721384,Hackoholics,"2026-09-30 22:49:53",2036.9,2,"limyenhui,richierx"
543,16867277,"Aura Farmer","2026-09-26 18:27:29",2036.7,2,oriolhinojocomellas
544,16718138,Haalandspring,"2026-09-30 18:22:43",2036.5,2,haalandspring
545,16710464,ns0329,"2026-09-30 16:58:15",2034.5,2,ns0329
546,16888885,"Rômulo Drumond","2026-09-30 20:17:55",2033.6,2,romulodrumond
547,16732507,怒破餓鬼,"2026-09-30 19:17:19",2033.2,2,"alcoholcat,makishis,ryutokeshi,yuinokogawa"
548,16713262,"Seyit kaan Gunes","2026-09-30 20:03:15",2033.2,2,seyitkaangunes
549,16784217,MMN0222,"2026-09-30 05:47:59",2032.6,2,mmn0222
550,16793535,Pink,"2026-09-30 18:22:57",2029.8,2,farjanaafrinswarna
551,16898651,Kitsune0o,"2026-09-30 17:39:15",2029.6,2,theodaimones888
552,16740996,ikevayansky,"2026-09-30 20:00:40",2029.5,2,ikevayansky
553,16743240,yoshino,"2026-09-30 14:28:33",2029.0,2,shirayukiaya
554,16622338,github/shepsci/kaggle-skill,"2026-09-30 06:21:48",2027.8,2,shepscientific
555,16722500,"Mike Murunov","2026-09-30 17:57:00",2027.8,2,mikhailmurunov
556,16635663,"Pascal Pfeiffer","2026-09-30 20:25:21",2026.7,2,ilu000
557,16918460,cotton0025,"2026-09-29 10:00:14",2026.1,2,cotton0025
558,16700204,"ZHOU HONGYI","2026-09-30 15:59:46",2025.8,2,zhouhyz
559,16654091,webmaking,"2026-09-30 17:04:12",2024.8,2,webmaking
560,16624934,"Haramball forever!","2026-09-30 17:35:32",2024.5,2,envyy23120093
561,16735094,RngRng,"2026-09-29 17:25:50",2024.2,2,rngrng
562,16910680,colum2131,"2026-09-30 08:25:42",2024.1,2,columbia2131
563,16795131,XuanxuChem,"2026-09-30 23:09:02",2023.8,2,zhaonoah
564,16822071,"aisormo P.H","2026-09-30 15:28:26",2023.4,2,aisormoph
565,16756411,"Maximo Uribarri","2026-09-30 19:45:18",2021.5,2,maximouribarri
566,16839389,lizs,"2026-09-30 20:56:13",2021.3,2,chiila
567,16798602,uns.t,"2026-09-30 12:36:30",2021.0,2,franksunp
568,16919131,"Argyris Anastopoulos","2026-09-30 10:34:56",2020.8,2,argyrisanastopoulos
569,16742139,ALLAI,"2026-09-30 17:40:14",2020.5,2,glorysing
570,16639705,"Yuta Tomimasu","2026-09-30 09:11:27",2018.7,2,yutatomimasu
571,16633688,Ryo,"2026-09-30 18:22:28",2018.4,2,ryosukekurakami
572,16640683,Jason-Oh,"2026-09-30 23:53:13",2018.0,2,dossantoss
573,16684202,Ignat,"2026-09-30 16:02:33",2017.7,2,ignatgotin
574,16679812,"Xiang Li","2026-09-30 15:39:53",2017.4,2,xianglipee
575,16716558,"Evan Tobias","2026-09-29 20:22:40",2017.2,2,evantobias
576,16939190,Ichika,"2026-09-30 13:23:30",2016.0,2,natsue
577,16942819,Mositaku,"2026-09-30 16:48:11",2015.8,2,versavice
578,16769491,"Ivan Ternovskiy","2026-09-30 14:47:13",2015.7,2,aristophanivan
579,16677810,"Maksim Borisov","2026-09-30 23:40:12",2015.5,2,ma4ypic4y
580,16823467,"Riki Uchida","2026-09-30 12:31:37",2015.0,2,rikiuchida
581,16702590,Aashka,"2026-09-30 15:17:28",2014.6,2,aashka
582,16799428,hatata,"2026-09-30 07:02:44",2014.3,2,hatata3737
583,16709809,RiyaSoni20,"2026-09-30 03:27:35",2013.6,2,"riyasoni20,rudraamin06"
584,16898165,"Mahmoud Nasser","2026-09-30 22:21:45",2010.6,2,lomnafsk
585,16829053,BigAngel,"2026-09-29 07:47:49",2009.8,2,kevin8093
586,16765233,Shun,"2026-09-30 22:27:57",2009.0,2,shunchan0677
587,16705830,"Grim Reaper","2026-09-30 22:35:35",2008.9,2,fathomable
588,16763274,vinceybb,"2026-09-30 16:05:18",2008.0,2,vinceybb
589,16941020,"Artur Markosyan","2026-09-30 13:07:34",2007.7,2,arturmarkosyan2
590,16932366,"Mehrdad Naderi","2026-09-29 15:01:12",2007.0,2,mehrdadnaderi
591,16946558,Kamilek,"2026-09-30 21:45:50",2007.0,2,kamillek
592,16786092,Shiru2,"2026-09-30 23:21:58",2006.9,2,shiru2
593,16728910,Thai,"2026-09-27 08:28:29",2006.8,2,hnthai
594,16707467,kay.liechtenstein,"2026-09-30 23:20:50",2006.2,2,kayliechtenstein
595,16701258,ln,"2026-09-30 19:18:16",2006.1,2,"flentz,nazarov"
596,16727171,yfy,"2026-09-30 23:49:04",2006.1,2,qwidndbdjss
597,16762208,CrazyML,"2026-09-30 18:02:03",2006.1,2,"janhvikhattri,sorcererbi,vedanshipathak"
598,16732496,kanno,"2026-09-30 07:53:05",2005.8,2,kannomasaki
599,16861768,koala_bear,"2026-09-30 23:48:28",2005.7,2,jpkoalabear
600,16637987,Xander,"2026-09-30 23:47:13",2004.8,2,"badboiriri,canqiang,xiuyang88"
601,16729280,"Ryoya Tsuruoka","2026-09-30 23:49:47",2003.9,2,"irohasorange,mrooto,rahaia"
602,16699722,Dicere,"2026-09-30 21:54:36",2003.4,2,thedark735
603,16861198,Eggplanck,"2026-09-30 23:31:23",2003.3,2,gyozzza
604,16936328,JerryChen,"2026-09-30 07:20:54",2003.1,2,horse602
605,16891703,"Rasmus Hulthe","2026-09-30 20:26:19",2001.8,2,zazmuz
606,16872204,"Nguyễn Trần Thanh Bình","2026-09-30 17:27:25",2001.7,2,nguyntrnthanhbnh
607,16774701,@Suzumaru_1666,"2026-09-30 07:23:53",2000.8,2,suzumaru1666
608,16843082,"Mohmed Hafez","2026-09-30 10:51:56",2000.8,2,mohmedatya
609,16755650,"kazuki morikawa","2026-09-30 23:29:59",2000.1,2,kazukimorikawa
610,16745138,yok,"2026-09-30 17:33:40",2000.1,2,yokoinaba
611,16638651,Emre,"2026-09-29 19:24:06",1999.9,2,emre690
612,16796238,"Zhongyi Dai","2026-09-30 22:01:12",1999.6,2,zhongyidai
613,16927774,shuto,"2026-09-30 19:59:44",1999.2,2,shutohorie
614,16861885,"Олег Бабков","2026-09-30 05:07:19",1997.0,2,jabberwock78
615,16717787,Bull,"2026-09-30 23:40:50",1996.3,2,welshonionman
616,16811948,"xiao xiongwei","2026-09-30 15:48:17",1996.1,2,"huyang111,lixuefeng2336,sherikavotta,xiaofangzhangxfz,xiaoxiongwei"
617,16930535,wind,"2026-09-30 20:47:58",1995.8,2,"sfkmzy,windbyluck"
618,16623458,datnt114,"2026-09-30 17:32:08",1995.1,2,kingkong153
619,16860129,sonny_01,"2026-09-30 21:54:08",1994.2,2,sonnymupfuni01
620,16659295,snaykey,"2026-09-30 23:22:09",1994.0,2,snaykey
621,16693534,HireMe,"2026-09-30 19:28:02",1993.8,2,junta1104
622,16623616,nasubiman,"2026-09-30 22:40:56",1992.4,2,yousukenakamura
623,16796241,"pavan rajr","2026-09-30 18:42:16",1991.8,2,pavanrajr
624,16633341,Hak,"2026-09-30 19:16:09",1991.6,2,hakdevelopment
625,16775076,hiros,"2026-09-30 17:19:33",1991.3,2,hiroshige1
626,16796370,Z-A,"2026-09-28 15:07:02",1991.2,2,"dfgtde,yuyizhu"
627,16892537,"Petr 🐖 the 🚜pig","2026-09-30 18:49:07",1991.0,2,artemkhakimov
628,16621163,john,"2026-09-30 16:44:43",1990.5,2,jaejohn
629,16631115,prvsiyan,"2026-09-30 23:44:42",1990.4,2,prvsiyan
630,16638918,"Nawap Bastola","2026-09-30 07:37:01",1990.4,2,nawapbastola
631,16848956,"HadBoumoussa's Farm 🌾","2026-09-30 19:49:21",1990.4,2,hkassimi
632,16876126,1fan,"2026-09-30 14:49:03",1989.7,2,wurrfv
633,16657646,mountainbob,"2026-09-30 17:15:45",1989.2,2,shongpakmanoon
634,16813899,blueshine,"2026-09-30 22:34:55",1988.4,2,minagawateru
635,16720696,Ankit0017,"2026-09-30 04:59:57",1988.3,2,ankit0017
636,16634246,just_calculate,"2026-09-30 05:29:04",1987.5,2,justcalculate
637,16889224,"Ishan Karnick","2026-09-30 17:52:15",1985.4,2,"ishankarnick,trinitynusca31"
638,16664132,kojingbo,"2026-09-30 20:07:42",1984.9,2,kojingbo
639,16838538,"rz cao","2026-09-30 23:20:49",1984.7,2,"caoruizhe,luckybara"
640,16762302,别ban我claude,"2026-09-30 20:52:36",1984.4,2,oxfffs
641,16923064,ryomac1,"2026-09-30 14:50:39",1984.4,2,ry1729
642,16860293,kobq,"2026-09-30 15:30:39",1984.2,2,kooobq
643,16899084,"Asan Ashirov","2026-09-30 18:42:37",1983.5,2,asanashirov
644,16761293,cha7ura,"2026-09-30 22:26:11",1983.0,2,cha7ura
645,16730881,hank0123,"2026-09-30 19:45:41",1981.2,2,hank0123
646,16769990,delai50,"2026-09-30 08:57:04",1981.1,2,delai50
647,16642128,"MAC SAHO","2026-09-30 23:51:08",1980.9,2,macsaho
648,16741178,guruguru000,"2026-09-30 23:19:35",1980.6,2,guruguru000
649,16647324,GG-bond,"2026-09-30 08:14:20",1979.5,2,wyhwyh123
650,16709905,Rospel,"2026-09-30 03:12:39",1978.9,2,rospel
651,16843436,ktaery,"2026-09-30 06:45:28",1978.3,2,ktaery
652,16778340,NayuNayu,"2026-09-30 15:49:32",1978.3,2,nayunayu1005
653,16734667,sadanamaru,"2026-09-29 11:31:49",1978.1,2,sadanamaru
654,16947863,"Minato Namikaze","2026-09-30 10:12:57",1977.9,2,arunklenin
655,16696607,"Manish modak","2026-09-30 01:59:45",1976.9,2,manishmodak
656,16731415,BOB,"2026-09-30 15:59:46",1976.8,2,hotpotbro
657,16653982,"Arul Prasad S P","2026-09-30 12:21:09",1976.8,2,arulprasadsp
658,16878119,Aryan.Ahl,"2026-09-30 23:04:36",1976.6,2,aryanahl
659,16759037,Yuyannnn,"2026-09-30 11:22:27",1976.1,2,yuyannnn
660,16657547,"Pranav Thota","2026-09-29 10:30:59",1975.0,2,pranavthota
661,16623980,Nikita,"2026-09-30 14:37:12",1975.0,2,ivanovnikitawork
662,16847609,"Aura Farmers","2026-09-30 23:45:14",1974.9,2,"adriana0022,ayrnpn,shengkaizhu"
663,16789745,LoveLetter,"2026-09-30 23:37:22",1974.9,2,arthasmenethil
664,16891602,keidroid,"2026-09-30 23:55:20",1974.8,2,keidroid
665,16623877,Chikuwabu,"2026-09-30 23:08:49",1973.7,2,prgckwb
666,16675708,"Mahder Tesfaye Abebe","2026-09-30 21:01:21",1972.2,2,mahdertesfayeabebe
667,16805171,Mario,"2026-09-30 06:45:41",1972.0,2,mwalkiew
668,16781166,Ant,"2026-09-30 23:46:45",1971.6,2,anthonytrevino
669,16748462,"Jiwon Lee","2026-09-30 17:39:31",1971.5,2,jibong7600
670,16885548,"Anand Kumar 369o","2026-09-30 14:15:41",1970.9,2,anandkumar369o
671,16843864,IkeKodd,"2026-09-30 23:57:19",1970.2,2,"ikekodd,pinluk"
672,16653085,"haoran huang430","2026-09-30 19:08:13",1969.7,2,haoranhuang430
673,16778640,Kilupy,"2026-09-30 21:05:25",1969.2,2,kilupy
674,16786382,hylexi,"2026-09-30 07:42:13",1969.1,2,hylexi
675,16802486,SHICHIES,"2026-09-30 23:47:58",1968.5,2,shichies
676,16854935,일필휘지,"2026-09-30 14:50:19",1967.8,2,tenkojun
677,16775350,"Sourabh Nirwanevht","2026-09-30 18:04:40",1967.7,2,"sourabhnirwanevht,yanggod"
678,16772204,"Hamam Ahmed","2026-09-30 19:40:00",1967.6,2,hamamelsanousi
679,16748382,shiiin9,"2026-09-30 23:42:30",1967.4,2,shiiin9
680,16747306,"Yasasvi Josyula","2026-09-30 09:21:35",1965.5,2,yasasvijosyula
681,16699165,lime0001,"2026-09-30 12:52:23",1965.4,2,lime0001
682,16640058,"Justin CH123","2026-09-30 20:40:42",1964.9,2,justinch123
683,16885498,farmhouse,"2026-09-30 16:01:10",1964.1,2,tomoyayanagi
684,16794542,ysd1110,"2026-09-30 19:29:33",1963.7,2,ysd1110
685,16866579,"Fighting Gold","2026-09-30 14:15:24",1963.5,2,sawada
686,16666784,"Michał Łapiński","2026-09-30 22:01:05",1963.3,2,michaapiski
687,16751820,yy,"2026-09-29 00:49:57",1963.2,2,hirokiyamazaki
688,16658618,"philip georgiev","2026-09-30 18:09:04",1962.3,2,philipgeorgiev
689,16683936,Cyrus,"2026-09-30 18:41:14",1961.2,2,jamalsaeedi
690,16859815,alcanta,"2026-09-30 18:42:10",1959.8,2,ccotiuga
691,16739925,nofreewill42,"2026-09-30 05:37:46",1959.2,2,nofreewill
692,16777134,Tom&Jerry,"2026-09-30 15:50:57",1958.3,2,tomjerry101
693,16661050,Master_S1ave,"2026-09-30 22:05:00",1958.1,2,masters1ave
694,16784401,east,"2026-09-30 18:16:57",1958.0,2,eastxe
695,16730673,"John Doge","2026-09-30 23:35:03",1957.8,2,spacedoge
696,16773064,Madokami,"2026-09-30 21:50:20",1957.3,2,sonuyadav710
697,16756062,"Thomas #2","2026-09-30 18:04:47",1957.1,2,tommurakami
698,16794730,Fanch,"2026-09-30 15:23:59",1957.0,2,fanch123
699,16799934,auhulu,"2026-09-30 20:03:29",1956.3,2,auhulu
700,16928701,gt50,"2026-09-30 11:08:25",1955.9,2,shawnqjackson
701,16683755,"Meng Di","2026-09-30 02:19:29",1955.6,2,hughshaoqz
702,16782193,nal_nh906,"2026-09-30 14:23:40",1955.4,2,hhan09
703,16821542,"Hıdır BozkurtT","2026-09-30 22:01:09",1955.2,2,hdrbozkurtt
704,16665134,edteoh,"2026-09-30 23:16:24",1955.1,2,edteoh
705,16698661,"Albert Wang","2026-09-30 21:48:22",1954.2,2,mianwang1024
706,16777710,"Clement Lau","2026-09-30 17:35:27",1954.0,2,clementlau
707,16623520,asteriam,"2026-09-29 22:03:10",1953.7,2,masatakashiwagi
708,16621153,"Addison Howard (ineligible)","2026-09-30 23:45:52",1953.4,2,addisonhoward
709,16832555,"Yanxi Teng","2026-09-30 09:24:03",1953.4,2,yanxiteng
710,16892357,easygame,"2026-09-30 19:07:09",1952.4,2,"kangqinyao,xinjunc"
711,16885059,"Itikela Bhaskar","2026-09-30 18:03:28",1952.3,2,itikelabhaskar
712,16743392,tellurium_rrr,"2026-09-30 14:24:03",1952.2,2,telluriumrrr
713,16666442,"SHALWIN SANJU","2026-09-30 12:21:20",1950.6,2,shalwinsanju
714,16887107,"Crazy Spirits","2026-09-30 08:24:32",1949.7,2,latents
715,16745006,UjjwalPardeshi,"2026-09-30 18:31:42",1949.1,2,ujjwalpardeshi
716,16922434,Raduansm,"2026-09-30 11:49:25",1949.0,2,raduansm
717,16722487,Zotar,"2026-09-30 17:38:36",1948.9,2,chunhinma
718,16623746,Juyong,"2026-09-30 17:43:32",1948.2,2,kimdoong
719,16809874,抹茶屋,"2026-09-30 16:59:58",1947.7,2,havenox
720,16884244,UCAS_fish_wang,"2026-09-30 10:03:21",1947.5,2,yiliu15
721,16651157,StupidXie,"2026-09-30 19:07:36",1947.0,2,stupidxie
722,16663271,"Malyshev Danil","2026-09-30 18:54:46",1946.2,2,"corgisamoyed,malyshevdanil"
723,16896998,YehHua001,"2026-09-29 07:14:47",1946.2,2,yehhua001
724,16622459,"Munal Singh","2026-09-30 13:01:25",1946.2,2,munalsingh
725,16855156,"Lior Toledano","2026-09-30 22:11:11",1945.2,2,liortoledano
726,16922419,"Md Abu Saif","2026-09-30 20:29:50",1945.0,2,mdabusaif48
727,16655383,MtN,"2026-09-28 19:24:36",1944.9,2,mariotrsn
728,16806141,rode1234,"2026-09-30 00:04:30",1944.6,2,rode1234
729,16732578,nao.kwmr,"2026-09-30 23:02:48",1944.3,2,naokwmr
730,16623449,"Ryo Takaki","2026-09-30 21:41:31",1944.3,2,ryotakaki
731,16623034,"Vlad Kochetov","2026-09-30 22:38:34",1943.0,2,vladkochetov07
732,16840466,Bomieee,"2026-09-30 16:03:37",1942.9,2,bomieee
733,16730577,"Team Rocket’s Orbital Farm","2026-09-30 19:43:18",1942.0,2,koheitsutsumi
734,16695685,"kwon yong deuk","2026-09-30 22:43:56",1941.4,2,kwonyongdeuk
735,16936172,"полная JEPA","2026-09-30 12:49:25",1941.0,2,levkayumov
736,16822519,Lunospital,"2026-09-30 04:13:23",1940.9,2,lunospital
737,16835029,"Generated by Doubao","2026-09-30 03:14:36",1940.1,2,"gutssss,hangzheng1,ppsshh123"
738,16762289,NineThree,"2026-09-30 14:26:18",1938.8,2,xiaoazuzong
739,16700634,"Alperen Söylen","2026-09-30 23:56:55",1938.6,2,alperensylen
740,16777359,"AI Dmitrii","2026-09-30 21:30:17",1938.6,2,dmitriyulybin
741,16623152,"agentic warriors","2026-09-30 18:12:47",1938.1,2,"ibadia,isabellawoo01"
742,16696304,"Utkarsh #2","2026-09-26 07:05:14",1938.0,2,n0va007
743,16845833,おかゆん,"2026-09-30 12:55:24",1937.7,2,okayun
744,16744133,"levr hang","2026-09-30 15:43:13",1935.7,2,levrhang
745,16865424,"clove instalocker","2026-09-30 15:49:49",1935.7,2,fluorescencexe
746,16944851,Asuka0131_LFG,"2026-09-30 22:37:13",1934.4,2,whisperss
747,16658700,"szlachetny snieg","2026-09-30 22:10:21",1934.0,2,takayukiimoto
748,16636536,tetsu2131,"2026-09-30 23:45:55",1932.8,2,tetsutani
749,16632006,"Adwait Tagalpallewar","2026-09-30 21:21:52",1932.7,2,adwaittagalpallewar
750,16765668,shun_johnny,"2026-09-30 12:57:53",1932.5,2,shunjohnny
751,16667219,"Komil Parmar","2026-09-30 23:44:02",1931.9,2,komilparmar
752,16875986,"k hori ","2026-09-30 21:54:09",1931.8,2,khori7
753,16666977,"Tagir Analyzes","2026-09-30 08:43:45",1931.8,2,tagirkhairutdinov
754,16849053,z7777,"2026-09-30 20:57:22",1931.0,2,songqizhou
755,16763897,BackFiring,"2026-09-29 01:29:35",1930.9,2,backfiring
756,16657316,只因,"2026-09-30 20:16:43",1930.9,2,"jasonxusk,mingkangyan,no13ody,renmin517"
757,16638887,molspace,"2026-09-30 21:50:56",1930.6,2,nurlybek17
758,16716533,wiffany,"2026-09-30 16:19:26",1930.5,2,wiffany
759,16639871,"Aura Farming","2026-09-30 19:12:21",1930.4,2,"aghbalouanass,gauthieravite"
760,16666434,"JOSHNA ACSHA S 21CS","2026-09-30 12:21:14",1930.3,2,joshnaacshas21cs
761,16744573,"Oleksandr Kovalchuk","2026-09-30 23:29:41",1930.0,2,oleksandrkovalchuk
762,16758982,Boredom,"2026-09-30 23:57:39",1930.0,2,"baodewen,cudacoding,elektromagnetizm,j12345673,mikeyu2026"
763,16673870,"Yuxiao Wang","2026-09-30 10:48:36",1929.2,2,yuxiaowangx
764,16773026,アルモンド,"2026-09-30 22:02:08",1929.0,2,almondman0707
765,16659081,"JALKARNA GAUTAM","2026-09-30 07:50:30",1928.8,2,jalkarnagautam
766,16696231,"Oleg Smirnov","2026-09-28 17:05:01",1928.8,2,smirnolegov
767,16693050,Shoko,"2026-09-29 21:55:18",1928.7,2,abreyton
768,16821420,Sight,"2026-09-30 23:37:55",1928.2,2,"cai12341234,crimsurfer,jingwenxu85,sakurasss,yuankunzou3"
769,16848396,ColorGram,"2026-09-30 23:39:15",1927.6,2,"colorgram,hagiwarashigechika,himihimi,s1300200"
770,16944820,Nikouo,"2026-09-30 18:29:48",1927.2,2,nikouo
771,16886640,holyholy,"2026-09-30 21:51:20",1925.1,2,holy5contents
772,16684620,kobayasi,"2026-09-30 23:32:51",1924.7,2,"boomvector,tatsuokoshida"
773,16734498,kazuhiro3381,"2026-09-30 21:15:14",1924.5,2,kazuhiro3381
774,16683288,HuaLQin,"2026-09-30 17:36:27",1924.0,2,hualqin
775,16674948,habe.sq,"2026-09-30 22:23:52",1923.6,2,habesq
776,16769059,Gabriel,"2026-09-30 23:07:01",1923.1,2,"shawsebastian,tvtdddd"
777,16633179,infamemconculcemus,"2026-09-30 12:33:38",1923.0,2,jcgweb
778,16689430,"Terry Luo","2026-09-30 23:21:46",1922.0,2,eimhluo1764
779,16925277,wanzi,"2026-09-30 05:17:13",1921.9,2,jyw131331
780,16653303,open5,"2026-09-30 23:53:54",1921.7,2,"chen2yoimiya,huaidezhang,hyt1nn,wahuwahuwahu,zrurfa"
781,16654589,"Rishant Sharma","2026-09-30 23:31:52",1921.7,2,trishtan99
782,16931054,"Daeyoung Ahn","2026-09-30 16:40:23",1921.7,2,daeyoungahn
783,16743342,"Артём Свинобоев","2026-09-29 06:51:07",1921.4,3,ssstelmah
784,16899200,MauoXX,"2026-09-30 17:30:22",1921.0,2,mclster
785,16792568,李秉叡（ntumlnoob）,"2026-09-30 23:55:13",1920.8,2,ntumlnoob
786,16764228,鸭专农场,"2026-09-30 03:41:18",1920.7,2,"huadutry,kaixizha"
787,16664459,gngnher,"2026-09-30 23:53:27",1920.7,2,ryanshunsuke
788,16895106,linchuhan,"2026-09-28 04:53:18",1920.4,2,linchuhan
789,16811036,"farmin time","2026-09-29 17:32:55",1919.8,2,jaydenszeto123
790,16633190,Gigrise,"2026-09-30 22:14:08",1919.1,2,gigrais
791,16678693,"Maher el Ouahabi","2026-09-30 10:14:38",1918.5,2,maherelouahabi
792,16707144,Kirderf,"2026-09-30 21:06:40",1918.4,2,kirderf
793,16670537,Silhouette,"2026-09-30 11:01:18",1917.5,2,jamessargsyan
794,16632119,nickyl,"2026-09-29 00:54:55",1917.4,2,nickyjliang
795,16687901,Khalid,"2026-09-30 23:55:03",1917.3,2,khalid000000
796,16792681,"MISIS loss volos","2026-09-30 20:43:38",1917.2,2,"bryxosmmm,mors1337"
797,16683529,"Yanis Belami","2026-09-30 23:45:33",1916.6,2,yanisbelami
798,16662041,"Sarah Ng","2026-09-30 16:12:28",1916.6,2,thunguyen1510
799,16773125,kuroko1t,"2026-09-25 16:49:59",1915.4,2,kuroko1t
800,16890988,"Aleksandrov Andrey Alekseevich","2026-09-30 19:30:28",1915.1,2,abbeleve
801,16634704,M.,"2026-09-30 16:58:14",1915.1,2,mahamhc
802,16847304,"eryue shisi","2026-09-30 21:51:44",1912.4,2,eryueshisi
803,16851474,"HY ISHI","2026-09-30 21:07:35",1912.3,2,hyugaishioka
804,16852766,MCZK,"2026-09-30 17:52:16",1912.0,2,hitoshimochizuki
805,16810111,"Saket Singh","2026-09-28 11:37:20",1912.0,2,saketsingh9728
806,16731751,"Nikita Pudovkin","2026-09-30 21:20:18",1911.9,2,nickpudovkin
807,16678618,"Manu Nicholas Jacob","2026-09-29 01:04:39",1911.6,2,manunicholasjacob
808,16663264,Adarsh,"2026-09-30 20:36:05",1910.3,2,madarshbb
809,16939679,tokawa2997,"2026-09-30 23:04:31",1910.1,2,tokawa2997
810,16843755,oguzok,"2026-09-30 17:20:49",1910.0,2,oguzok
811,16938872,ゴロ・イ,"2026-09-28 20:28:45",1909.5,2,gorubachohu
812,16750314,Captainuknow,"2026-09-30 08:14:09",1909.5,2,captainuknow
813,16830390,"Hajime Kumami","2026-09-30 14:50:09",1909.5,2,hajimekumami
814,16698366,Fateyongheng,"2026-09-30 05:25:45",1909.4,2,fateyongheng
815,16696999,"HD h Joratos","2026-09-28 03:42:23",1909.0,2,hdhjoratos
816,16621500,"Reinforcement Larping","2026-09-30 23:58:44",1908.8,2,"egortkachenko,timzagrebelny"
817,16866549,"Roman Nesterov","2026-09-30 19:55:10",1908.5,2,romanest
818,16665785,"Maria Gordeeva","2026-09-30 20:51:26",1908.4,2,heriqis777
819,16623071,"Santiago Maniches","2026-09-30 12:06:58",1908.3,2,santmani
820,16645426,Jun_value,"2026-09-30 12:59:45",1907.7,2,junvalue
821,16671163,"Suyash Verma","2026-09-30 21:30:20",1907.4,2,suyashdiamond1
822,16879127,lihaoruolhr,"2026-09-29 14:50:45",1907.1,2,lihaoruolhr
823,16670569,Ezzzzzekki,"2026-09-30 13:58:52",1907.0,2,abdullahelzeki
824,16863350,"Horatio Eversfield","2026-09-30 20:50:30",1906.8,2,horatioeversfield
825,16738852,ZJUwlm,"2026-09-30 15:56:59",1906.8,2,"oonumberone,zjuwlm"
826,16663403,matthewwh,"2026-09-28 11:11:12",1905.7,2,matthewwh
827,16623974,Canon,"2026-09-30 20:14:01",1904.6,2,sotakurihara1
828,16755278,Kaz,"2026-09-30 14:33:05",1901.4,2,kazuyago
829,16931893,IUT_BakeNekos【化け猫】,"2026-09-30 20:09:03",1900.8,2,"didhitinahid,farhanishraqq"
830,16738408,kujitama,"2026-09-30 10:56:51",1900.5,2,tyamujin
831,16674508,"Giulio Ravasio","2026-09-30 21:24:24",1899.6,2,giuliorav
832,16743484,"薄和叶 Lv.INF","2026-09-30 23:03:41",1899.3,2,lumine01
833,16677149,"Umataro Tenma","2026-09-30 20:01:12",1899.0,2,umatarotenma
834,16641548,"Indium AI Labs","2026-09-30 21:10:15",1898.9,2,"devaanshpa,wolframbopp"
835,16674831,"nk for work","2026-09-30 23:55:54",1898.5,2,nkforwork
836,16921938,"Hikaru Kambe","2026-09-30 03:39:34",1897.8,2,hikarukambe
837,16919599,yygg2026,"2026-09-30 23:43:25",1897.6,2,yygg2026
838,16932323,Matt,"2026-09-30 09:06:25",1896.2,2,mclouter
839,16894714,"PadroChill Farm","2026-09-30 15:26:14",1895.9,2,"gerbertradmirovich,kastv90"
840,16877834,playboicarti,"2026-09-29 06:45:07",1895.8,2,playb0icarti
841,16792586,dodoshark,"2026-09-30 16:38:56",1895.5,2,dodoshark
842,16945684,watanabe_sengyo,"2026-09-30 02:24:13",1895.2,2,watanabesengyo
843,16811949,PeterDreamHan,"2026-09-30 17:34:26",1895.2,2,"niuwh1004,peterdreamhan"
844,16750779,"Mao Nishino (mao1756)","2026-09-30 19:55:37",1894.3,2,maonishinomao1756
845,16770089,ouga,"2026-09-30 14:41:54",1893.8,2,ouga1shizawa
846,16785753,"Mizero Lucky Gall","2026-09-30 07:28:52",1893.2,2,mizeroluckygall
847,16634426,ertu,"2026-09-30 16:23:58",1893.1,2,ozertuu
848,16669911,"Batuhan Ustun","2026-09-30 00:27:29",1892.9,2,batustun
849,16757635,"Sridip Basu","2026-09-30 10:56:35",1892.3,2,sridipbasu
850,16623678,"Mahog & Gerar","2026-09-30 14:37:37",1892.3,2,"gerardeltoro,mahoganybuttstrings"
851,16805918,"kaito ide 31","2026-09-30 14:25:44",1891.6,2,kaitoide31
852,16677568,yarneo,"2026-09-30 22:18:32",1890.6,2,yarneo
853,16663247,Ak,"2026-09-29 10:18:24",1890.4,2,abisheksrivastav
854,16738759,YJR,"2026-09-30 20:40:06",1889.5,2,misakamikoto66
855,16696716,MatiasMG,"2026-09-30 15:57:49",1889.0,2,matiasmgonzalez
856,16623459,"Peng Wang","2026-09-28 22:34:47",1888.7,2,pengwang91
857,16794167,"Daniel Mineev","2026-09-30 15:27:48",1888.4,2,nilpotent1
858,16771785,"Mencius silverio MENSAH","2026-09-30 08:18:26",1887.1,2,menciussilverio
859,16775125,weimean,"2026-09-29 12:10:40",1886.4,2,gtwm98
860,16775473,LuanHengYu,"2026-09-30 21:02:54",1886.2,2,apexml
861,16655682,"Azamat Sadikov","2026-09-30 19:55:58",1885.9,2,azamatsadikov
862,16937431,ekkkcz,"2026-09-30 02:48:29",1885.6,2,ekkkcz
863,16630380,JM,"2026-09-28 14:21:11",1884.8,2,julianmukaj
864,16804863,JezzLynn,"2026-09-30 21:42:30",1884.3,2,"fresnellll,jezzlin,zemengzero"
865,16698999,Odyssey,"2026-09-30 18:26:47",1884.1,2,a1spirit
866,16695664,Bantam,"2026-09-30 08:36:19",1883.7,2,bantam
867,16671515,ziheng,"2026-09-29 15:36:50",1883.6,2,zihengedie
868,16794207,AlekseiProvorov,"2026-09-30 21:28:30",1883.6,2,leoprovorov
869,16732696,naniwazu,"2026-09-29 15:25:03",1882.8,2,naniwazu
870,16688893,CCG,"2026-09-30 17:24:47",1881.2,2,"hirokenn,nagomenk"
871,16705139,gogogo,"2026-09-30 23:32:37",1881.2,2,huzech
872,16771200,DeeSaa,"2026-09-30 18:19:18",1881.1,2,deesaa
873,16672136,chupaletas,"2026-09-30 04:51:08",1880.4,2,urvesh
874,16933848,"Lawrence Katongole","2026-09-29 00:02:25",1879.2,2,lawrencekatongole
875,16658554,Pai,"2026-09-30 19:42:09",1878.9,2,rajathrpai
876,16944151,kkogai,"2026-09-30 16:52:11",1875.9,2,kkogai
877,16784164,Yaojinming,"2026-09-29 17:17:53",1875.1,2,yjm0905
878,16629033,"Igor V","2026-09-30 20:19:54",1875.1,2,rostigor
879,16672333,"Giovanny Rodríguez","2026-09-30 21:24:37",1875.0,2,giovannyrodrguez
880,16782203,"rui xiong","2026-09-30 14:43:45",1874.8,2,xiongruihumingyu
881,16848633,umizora,"2026-09-30 21:51:43",1874.5,2,yoiisohira
882,16890669,"Fuchun Wang","2026-09-24 09:10:01",1873.8,2,wangfuchunag
883,16627032,"Kaito Fukami","2026-09-30 16:06:07",1873.7,2,kaitofukami
884,16755911,"Paarth Patel","2026-09-29 07:45:21",1873.3,2,martis10
885,16631752,"Junichiro Morita","2026-09-30 20:08:04",1873.0,2,junichiromorita
886,16799045,qq牧场,"2026-09-30 17:21:46",1872.8,2,"goodchen145,sir2026,zhaosir2026"
887,16771456,"Tianrun Liao","2026-09-30 12:10:44",1872.0,2,tianrunliao1
888,16832185,"MILANA STARR","2026-09-30 18:37:28",1871.5,2,andrewchist
889,16743528,shfyyds12138,"2026-09-30 23:50:11",1871.5,2,"chrisshi123,junwenzhu1314"
890,16780455,wadigongren,"2026-09-30 16:27:56",1870.9,2,wadigongren
891,16659870,"Tien N.","2026-09-30 23:58:49",1870.3,2,tientrum
892,16708791,atsu0905,"2026-09-30 20:42:34",1869.5,2,atsu0905
893,16700846,"Vaibhav Patel","2026-09-30 20:04:13",1869.0,2,vaibhavpatel
894,16738487,"Andrey Shpigar","2026-09-30 22:29:03",1868.8,2,andreyshpigar
895,16767052,KaitoKusumoto,"2026-09-30 23:47:38",1868.7,2,kaitokusumoto
896,16678521,"techno coven","2026-09-30 23:44:34",1868.6,2,"blancaplanca,nevolinaa"
897,16885261,sdy623,"2026-09-29 23:23:37",1868.6,2,jaxa623
898,16826561,"ANJAN B","2026-09-30 17:54:19",1868.5,2,anjan4646
899,16657775,"Raagav & Pieter","2026-09-30 18:42:04",1868.3,2,"peetapit,raagavanand"
900,16845193,Kaan111,"2026-09-30 22:47:30",1868.1,2,kaan111
901,16919866,"Harvey Zhang","2026-09-30 17:25:56",1867.6,2,harveyel
902,16927409,ReD_MooN_rise,"2026-09-30 14:50:34",1867.4,2,"redmoonrise,yug0616"
903,16848479,nilochan,"2026-09-30 12:45:10",1867.3,2,nilochan
904,16633173,"Saulo Quiñones Góngora","2026-09-29 19:42:57",1867.2,2,sauloquionesgngora
905,16659920,vkhydras,"2026-09-30 08:30:47",1866.9,2,vickimar
906,16755203,TY0912,"2026-09-30 22:37:30",1866.5,2,samejimatink0
907,16791369,dataix,"2026-09-30 23:19:25",1865.7,2,codymachody
908,16639583,typeIIIfairy,"2026-09-30 21:35:51",1864.0,2,typeiiifairy
909,16882140,"jiang luo1021","2026-09-30 13:48:08",1863.0,2,"jiangluo1021,shangzhongxia"
910,16905157,Moonyk,"2026-09-30 14:31:09",1862.6,2,moonyk
911,16679214,alban,"2026-09-30 23:56:02",1861.8,2,albantiacoh
912,16914287,"Vinzi Leo","2026-09-30 14:48:03",1861.5,2,vinzileo
913,16635209,4eta,"2026-09-30 23:51:13",1861.3,2,bio4eta
914,16779957,养了一群扫福瑞,"2026-09-29 18:35:46",1861.1,2,whq0q7
915,16756510,tongmian1314,"2026-09-30 23:49:55",1861.1,2,tongmian1314
916,16809249,Moro,"2026-09-30 23:53:42",1860.7,2,moromoromoro
917,16624571,kaggri_Team,"2026-09-30 15:40:05",1859.8,2,"baidalinadilzhan,qasminumber,zelza0"
918,16706892,Ko,"2026-09-30 17:56:34",1859.6,2,syurenuko
919,16677423,songling,"2026-09-30 11:25:11",1858.9,2,"lvbingrong,oralia"
920,16892314,"Akshay #3","2026-09-28 00:32:11",1858.8,2,akshay1301
921,16721980,pend_ts19,"2026-09-30 07:33:39",1857.8,2,pendts19
922,16806328,"The Fly🪰","2026-09-30 09:12:43",1856.7,2,takamichitoda
923,16686707,"Sébastien henry","2026-09-28 15:47:00",1855.5,2,sebmontreal
924,16778417,"TANG BUDU 19SD195","2026-09-29 17:02:11",1855.3,2,tangbudu19sd195
925,16642139,"Arnav Goel","2026-09-27 10:44:22",1855.2,2,arnavgoel17
926,16899004,Antonoof,"2026-09-30 06:59:32",1855.1,2,antonoof
927,16639550,data_gardening_club,"2026-09-30 00:30:07",1854.6,2,"hideyochiba,mitsuaccessjam"
928,16641130,LitvinKA,"2026-09-30 23:29:29",1854.5,2,litvinka
929,16663387,Ju,"2026-09-30 23:52:37",1854.2,2,juziddd
930,16790432,"Field General","2026-09-30 13:39:32",1854.1,2,kevinarvai
931,16907393,Logus,"2026-09-30 13:18:56",1854.0,2,logus4704
932,16803032,"varshitha kolupuri","2026-09-30 09:37:56",1853.9,2,varshithakolupuri
933,16674649,寿!,"2026-09-28 05:54:21",1853.6,2,taka3776toshi
934,16734409,"Yuta Yamazaki","2026-09-30 22:44:02",1853.4,2,yamayuu18
935,16851664,koucha,"2026-09-30 14:54:43",1853.2,2,momotakaaoki
936,16687294,"Madiyar Khamzanov","2026-09-30 18:55:56",1853.0,2,mkhamzanov
937,16866996,"Marina Afanas'eva","2026-09-30 22:08:58",1852.3,2,proamari
938,16868759,Pand,"2026-09-30 17:44:23",1852.2,2,pand999
939,16702547,Dean0016,"2026-09-30 22:15:08",1851.9,2,"ddcchh,dean0016,zureaaa"
940,16637099,tobhull,"2026-09-30 23:23:25",1851.8,2,tobhull
941,16735066,Saberr,"2026-09-30 23:56:51",1850.9,2,yzheng21
942,16676739,"Jonathan Zheng Jiahao","2026-09-30 03:05:39",1850.9,2,jonathanzhengjiahao
943,16938111,barbosi,"2026-09-30 07:17:15",1850.2,2,"despairdr,tupperq"
944,16813655,c_fxy,"2026-09-30 17:26:57",1849.5,2,cfxyai
945,16711608,"Thomas Greissler","2026-09-30 19:31:11",1849.0,2,thomasg22202020
946,16877997,Mirlan,"2026-09-30 22:42:10",1848.3,2,zmtrxq
947,16793039,"Carson Rodrigues","2026-09-30 13:52:21",1847.8,2,carsonrodrigues
948,16737113,"Sergei Myshianov","2026-09-30 21:48:22",1847.7,2,sergeimyshianov
949,16630804,4418,"2026-09-30 21:32:35",1847.2,2,"biohack44,merkiraz"
950,16652710,Pilea55,"2026-09-30 22:41:33",1847.1,2,ryutogrrr
951,16794753,"Yan #2","2026-09-30 19:49:55",1846.7,2,diskya
952,16815132,"Duc-Anh Nguyen","2026-09-28 10:28:05",1846.6,2,valentinonguyen
953,16640394,"MOHAMMADJAFAR ZAMANI","2026-09-30 15:55:28",1846.5,2,mohammadjafarzamani
954,16924271,kitton,"2026-09-30 23:55:10",1846.5,2,kitton20250606
955,16624080,yuuuki1111,"2026-09-30 07:56:49",1846.1,2,yuuuki1111
956,16749272,giraffeneck,"2026-09-30 07:42:09",1846.0,2,yamajin
957,16704580,"Yunho Hwang","2026-09-30 14:18:57",1845.8,2,yunhohwang
958,16917270,kaibaur,"2026-09-30 21:11:50",1845.8,2,kaibaur
959,16667872,"Pralay Ghosh","2026-09-30 19:06:17",1845.5,2,pralayghosh83
960,16726687,"Rohin Kethipally","2026-09-30 22:41:27",1845.4,2,rohinkethipally
961,16741819,"Paritosh Kumar Tripathi","2026-09-30 17:01:10",1845.2,2,paritoshtripathi5
962,16632423,goh,"2026-09-30 06:10:09",1845.1,2,bungohatayama
963,16671361,"Hangyu Yu","2026-09-30 23:46:39",1844.5,2,"cqupthangyuyu,leoethan,wxgisspider"
964,16661325,"Max Fofanov","2026-09-29 21:06:30",1844.0,2,maxfofanov
965,16855295,zhudong1949,"2026-09-30 21:36:30",1844.0,2,zhudong1949
966,16639263,Yam,"2026-09-29 10:16:26",1843.9,2,minyam
967,16935391,spaceship,"2026-09-30 17:46:48",1843.1,2,kostopr4v
968,16705659,"srijan k.r keshri","2026-09-30 21:48:02",1843.0,2,srijankrkeshri
969,16679393,"Anvith Pothula","2026-09-30 21:06:28",1842.9,2,anvithpothula
970,16660215,"YoungDSML [dsml.kz]","2026-09-30 11:40:05",1842.8,2,"mazgas,nurikw3"
971,16904440,"Orion on earth","2026-09-30 19:27:29",1842.5,2,oriononearth
972,16641077,lucaskna,"2026-09-30 23:06:38",1842.3,2,lucaskna
973,16731966,ねねね,"2026-09-30 23:27:37",1841.7,2,napier1550
974,16904867,wahaka,"2026-09-30 23:55:06",1841.7,2,wahaka
975,16659103,Arin,"2026-09-30 20:08:48",1841.6,2,skarin
976,16843860,LH-and-FPGA,"2026-09-28 23:13:28",1839.8,2,lhandfpga
977,16896224,"Rajveer Singh Rajput","2026-09-30 21:25:31",1839.8,2,rajveersrajput080
978,16777767,"Miyanogawa Yuya","2026-09-30 04:40:30",1839.7,2,veritalogos
979,16805952,hatakazu93,"2026-09-30 10:22:27",1839.6,2,hatakazu93
980,16664640,kaggricodex,"2026-09-29 21:38:42",1839.6,2,underestimated
981,16924604,"Dzmitry Pihulski","2026-09-30 18:19:15",1839.4,2,dzmitrypihulski
982,16924338,tyvallo,"2026-09-30 23:09:12",1839.2,2,"tyvallo,vornilo,xerlavo,zovrita"
983,16901814,pengurei,"2026-09-30 18:20:16",1839.1,2,pengurei
984,16655477,Aurora,"2026-09-30 22:54:05",1837.2,2,"niteshranjansingh,themeghajoshi"
985,16679688,"Sathwik Chinthakayala","2026-09-30 12:04:51",1837.1,2,sathwikchinthakayala
986,16738424,Yunioshi,"2026-09-30 21:07:14",1837.0,2,yunioshi
987,16664487,houlidai-jiekiulai,"2026-09-30 23:54:42",1836.6,2,houlidaijiekiulai
988,16623635,HiroyukiSasaki,"2026-09-30 03:58:43",1836.3,2,hiroyukisasaki815
989,16716431,m&m,"2026-09-30 21:07:34",1836.0,2,ntrlmt
990,16702754,"Запрети мне брать H100","2026-09-30 21:45:57",1835.7,2,"amocualg,borismatsakov,kirya1,vladimirlovtsov18"
991,16891740,quwon_000,"2026-09-30 19:55:35",1835.7,2,quwon000
992,16843315,Talvenn,"2026-09-30 22:24:33",1835.3,2,talvenn
993,16789950,"Zachary Zhang","2026-09-30 10:50:20",1835.1,2,zacharyzhang16
994,16655922,kusui26,"2026-09-30 15:46:16",1834.5,2,kusui26
995,16623399,Kendamarron,"2026-09-29 23:52:24",1833.9,2,kazuhirokuriyama
996,16743858,kawauso9n,"2026-09-30 13:09:38",1833.9,2,kawauso9n
997,16885421,"Lee Minseung","2026-09-30 19:25:50",1833.1,2,leeminseung
998,16695567,tera358,"2026-09-30 21:52:40",1833.0,2,tera358
999,16832316,"Tatu Helander","2026-09-30 09:49:32",1833.0,2,tatuhelander
1000,16847222,charmq,"2026-09-30 22:24:00",1832.4,2,charmq
1001,16778012,俺是耕田哩,"2026-09-30 23:02:48",1832.1,2,tianzhenggao
1002,16768047,アメリカ農業研究会,"2026-09-30 03:07:07",1831.6,2,flnkhome
1003,16709837,Sophinator,"2026-09-25 16:31:47",1830.7,2,sophinator
1004,16667767,t3l3kin3sis,"2026-09-30 18:48:17",1830.7,2,"daffafariq,hashmatzamaryali,malsabbagh05"
1005,16655826,KKY,"2026-09-28 02:43:42",1830.0,2,evilpsycho42
1006,16944480,"Peihao Chen Caesar","2026-09-30 15:10:30",1830.0,2,peihaochencaesar
1007,16795062,"Satoshi Nguyen","2026-09-30 17:20:43",1829.5,2,satoshinguyenai
1008,16741965,Ryuichi,"2026-09-30 14:22:53",1828.5,2,ryuichigt
1009,16626814,"Vu Tran Hoang","2026-09-30 03:28:18",1827.4,2,hoangvux
1010,16811605,"Ryu Sonoda","2026-09-30 14:31:22",1827.0,2,ryusonoda
1011,16731834,Kamma,"2026-09-30 21:11:15",1826.8,2,"cheliu0307,makerfly,vonlanvonlan233"
1012,16689183,Hawksartelier,"2026-09-30 16:41:19",1826.7,2,satyapb2002
1013,16876865,LR.AIML,"2026-09-30 18:47:44",1826.6,2,"lucasgroot,robkraseu"
1014,16738700,"Bugra Cinar","2026-09-29 02:02:45",1825.4,2,bugracnr
1015,16660485,tablecables,"2026-09-30 20:47:11",1824.8,2,colingaffney1
1016,16665233,"Akash Deep","2026-09-29 06:36:52",1823.8,2,akashdeepo
1017,16931975,loki005,"2026-09-30 21:57:24",1823.7,2,loki005
1018,16778178,kyosan,"2026-09-29 17:55:19",1823.1,2,"azizbekxasanov,dilyorbek"
1019,16885734,zylvento,"2026-09-30 23:26:53",1822.8,2,"lorvexa,zylvento"
1020,16793148,"Hoàng Trung Nguyễn","2026-09-30 06:36:42",1821.7,2,hongtrungnguyn
1021,16806000,wyz0210,"2026-09-30 23:57:08",1821.7,2,weiyouzhen
1022,16655255,MalelizarazoP,"2026-09-30 22:40:24",1821.1,2,malelizarazop
1023,16743033,Nagahama,"2026-09-29 16:00:34",1820.9,2,kazukinagahama
1024,16941479,karttikjangid05,"2026-09-30 20:59:10",1820.4,2,karttikjangid05
1025,16783265,"Xiangjiang Zhou","2026-09-30 18:02:18",1819.9,2,"lilysmi,llccqq624,qqqqwqq,xiangjiangzhou"
1026,16862044,"Toshiki Narushima","2026-09-30 18:55:42",1819.8,2,toshikinarushima
1027,16688896,"JianYuan Deng","2026-09-30 16:43:36",1818.2,2,"jiahewangggg,jianyuandeng"
1028,16707057,tamo,"2026-09-29 10:03:33",1817.8,2,ryotakasuya
1029,16746025,Hamachi,"2026-09-30 18:53:56",1817.7,2,hamatz
1030,16730223,Ojaswy,"2026-09-30 14:33:03",1817.1,2,ojaswy
1031,16882746,yuiop!,"2026-09-30 13:28:11",1816.8,2,yuiopy
1032,16892313,zszdl0530,"2026-09-26 03:12:47",1816.3,2,zszdl0530
1033,16747408,すずき,"2026-09-30 22:05:40",1816.2,2,shumpeace
1034,16684748,"nailong alpha","2026-09-30 09:55:58",1815.8,2,"dejavucry,weiyun22021,yizhewong,yoruet,zekenos"
1035,16634179,daoviet,"2026-09-30 16:07:18",1815.2,2,daoviet
1036,16692443,xmkevin2004,"2026-09-30 22:44:15",1815.2,2,"deersirz,qiuzaooppo,xmkevin2004"
1037,16684402,vn1111,"2026-09-30 19:40:40",1815.0,2,vn1111
1038,16632201,neurlog,"2026-09-30 23:48:46",1814.9,2,neurlog
1039,16757253,ZEE,"2026-09-30 21:11:32",1814.7,2,randyzhang666
1040,16849377,try,"2026-09-30 21:15:02",1814.7,2,weishanshan033
1041,16621625,YBEJlKA,"2026-09-30 21:40:09",1814.3,2,alexanderchesnokov
1042,16668215,renta.k,"2026-09-30 23:00:38",1814.2,2,renta0426
1043,16702975,RicardoLópez,"2026-09-30 22:07:17",1814.1,2,richi2489
1044,16803658,"Timmy ""Kermit"" Turner's Team","2026-09-30 21:08:08",1814.0,2,"timsurreal,zombiespecz"
1045,16709872,"Tim McGarvey","2026-09-30 15:56:30",1813.8,2,timmcgarvey
1046,16889906,kerlgd,"2026-09-30 23:23:36",1813.0,2,"kerlgd,kernlst92,laatentia,plasmoryx"
1047,16807038,mitsuki,"2026-09-30 19:04:37",1812.9,2,mk00000
1048,16681927,"Dariush Afshar","2026-09-30 23:54:32",1812.5,2,dariushafshar
1049,16711398,"Claude Fable 5.1","2026-09-29 17:07:43",1812.5,2,chenxizhao21
1050,16728114,yu9824,"2026-09-30 23:48:57",1812.3,2,yu9824
1051,16761657,Picu,"2026-09-30 23:57:57",1812.0,2,rumoschilling
1052,16737650,sime_saba,"2026-09-29 04:19:46",1811.9,2,watarukawashima
1053,16913081,"Danil Bashkirov","2026-09-30 23:04:09",1811.7,2,chieph
1054,16684128,NIklitaCheporev,"2026-09-30 12:31:07",1811.4,2,niklitacheporev
1055,16841440,CornFormer,"2026-09-30 13:31:47",1811.0,2,linyangtian
1056,16775803,Robson,"2026-09-30 22:52:21",1811.0,2,robsonsan
1057,16769595,Rudra,"2026-09-30 20:02:58",1810.8,2,rudrabhaskar
1058,16923217,kou,"2026-09-30 23:54:21",1810.4,2,yuu111111111
1059,16923450,tensorlike,"2026-09-30 23:28:55",1810.0,2,"echoverse1,neonflux,regressiw,tensorlike"
1060,16823957,"kiki yi2","2026-09-30 22:17:37",1810.0,2,kikiyi2
1061,16889597," Master Bob111","2026-09-30 15:58:25",1809.5,2,masterbob111
1062,16658334,"Roy Wei","2026-09-29 21:09:35",1809.4,2,renyiwei
1063,16870461,Fumi,"2026-09-30 16:54:12",1808.7,2,cheersbeer
1064,16762248,KongKongDe,"2026-09-29 12:08:20",1808.0,2,kongkongde
1065,16930394,"civil 11","2026-09-30 23:56:20",1807.1,2,civil11
1066,16726461,mocatti,"2026-09-30 21:57:23",1806.4,2,mocatti
1067,16684641,t.me/aetheranime,"2026-09-29 03:59:28",1805.8,2,yfrite
1068,16806882,"Friedhelm Winter","2026-09-30 14:02:58",1805.7,2,friedhelmwinter
1069,16635406,ykuroka,"2026-09-29 12:57:43",1805.4,2,ykuroka
1070,16773244,"Yudai Ueno","2026-09-29 00:03:02",1804.3,2,yudaiueno
1071,16659351,"Hamna Kaleem","2026-09-30 21:02:26",1804.0,2,hk3296
1072,16884858,HojunLee,"2026-09-30 18:04:18",1803.9,2,hojuna
1073,16624969,tf,"2026-09-30 10:26:34",1803.2,2,tfukuhara
1074,16759632,"Rifqi Haikal","2026-09-30 23:01:27",1802.7,2,rifqihaikal
1075,16933123,dynatrixa,"2026-09-30 23:34:46",1802.6,2,"datacinder7,dynatrixa,veltronic"
1076,16660251,Yagawa,"2026-09-30 21:51:13",1802.4,2,yagawa
1077,16892318,"fumiya utsuno","2026-09-30 22:09:18",1802.2,2,"fumiya326,kuboken,rikutokuwayama"
1078,16639155,"Arturo Gutiérrez Aguilar","2026-09-30 23:40:31",1802.0,2,jarturo
1079,16661558,안녕하세요이세입니다잘부탁드립니다,"2026-09-30 11:01:57",1802.0,2,"moonswalk,municef1"
1080,16864919,ujimaa,"2026-09-30 18:33:53",1801.8,2,ujimaa
1081,16756153,"🪏Harvest Moon","2026-09-30 13:42:27",1801.5,2,"bbrage,bobmyersthesecond,wguesdon,yutomuroshima"
1082,16666365,yiyu0716,"2026-09-30 23:14:50",1800.9,2,"lugent,yiyu0716"
1083,16811467,Raster0x2a,"2026-09-30 21:53:21",1800.7,2,raster0x2a
1084,16736685,kentaro_kato,"2026-09-30 12:47:25",1800.3,2,kentarokato
1085,16664969,猫猫开大运,"2026-09-30 12:51:07",1800.3,2,"estrellasss,kingsley31,smithshine,wuliaoluis,xuteli"
1086,16703045,ReCurSiON,"2026-09-30 18:43:56",1800.3,2,ashok205
1087,16925367,codezzzsleep,"2026-09-30 23:14:42",1800.1,2,codezzzsleep
1088,16811072,Rafael,"2026-09-30 20:23:13",1799.9,2,rafaeldsjhkas
1089,16881694,Novardion,"2026-09-30 06:01:34",1799.1,2,novardion
1090,16844132,Tamasaki217,"2026-09-30 23:04:44",1798.9,2,tamadesu217
1091,16752277,YKuma,"2026-09-30 09:41:11",1798.6,2,ykumazaki
1092,16701051,"Komi ShouKo","2026-09-30 11:42:23",1798.4,2,asdwswdxd
1093,16631978,"batuhan kalem","2026-09-29 12:27:44",1798.3,2,batuhankalem
1094,16879199,Back,"2026-09-30 12:17:18",1798.0,2,back2525
1095,16828050,stephenlau,"2026-09-28 03:29:07",1798.0,2,stephenlu0422
1096,16748941,"We Forgot To Water","2026-09-30 23:15:59",1797.9,2,"dearkarl,shuangxue"
1097,16793474,"Liu Classmate","2026-09-30 11:30:32",1797.3,2,"lilya98,liuclassmate,yuxuanzhao1203"
1098,16891008,"Golubev Alexander","2026-09-30 19:27:42",1796.4,2,"golubevalexander,nikitadgolubev"
1099,16786341,"Farmula One","2026-09-30 23:57:47",1796.3,2,"joesland,mer4yyy,ricaaaovo,zhangxingzhe"
1100,16645203,easonyanyan,"2026-09-30 20:57:20",1796.1,2,easonyanyan
1101,16870621,BobtheBot369,"2026-09-30 19:07:11",1796.1,2,bobthebot369
1102,16848970,massi0411,"2026-09-30 23:57:58",1796.0,2,massi0411
1103,16827224,"[HSE Lyceum ML] zaepupno","2026-09-30 23:32:31",1795.7,2,daniilgoryushin
1104,16810595,dauriel,"2026-09-30 22:23:28",1795.3,2,"dauriel,theakshay"
1105,16786109,"Thomas Deng","2026-09-30 23:41:56",1794.8,2,tdeng24
1106,16925116,corelattice,"2026-09-30 23:10:37",1794.4,2,"corelattice,darklumen,metashift2,tyrelon"
1107,16947583,Koranil,"2026-09-26 08:19:53",1794.2,2,koranil
1108,16936749,statma,"2026-09-30 23:08:56",1794.0,2,"fractalbyte,marshjff,statma,valqeth"
1109,16785483,xiongrui666,"2026-09-30 15:50:59",1793.8,2,xiongrui666
1110,16768236,Baligh,"2026-09-28 05:05:35",1792.7,2,balighmehrez
1111,16876180,kk.sky.9k,"2026-09-30 23:44:34",1792.4,2,kksky9k
1112,16923238,Jaga,"2026-09-30 07:49:34",1792.1,2,skntbass
1113,16667080,King-damon,"2026-09-30 20:46:33",1792.0,2,kingdamon
1114,16631592,ktr,"2026-09-26 15:20:21",1791.0,2,kcotton21
1115,16660152,LIH.YUN,"2026-09-30 12:57:40",1790.8,2,fxlcee
1116,16663867,"Stephen Schott","2026-09-30 03:17:45",1790.1,2,steve421471
1117,16632599,HyperARC,"2026-09-30 17:02:57",1789.6,2,shadowell888
1118,16732292,takaygiiiiiiii,"2026-09-30 22:04:21",1789.6,2,takaygiiiiiiii
1119,16641884,Blacklions.,"2026-09-30 06:34:12",1788.9,2,"blacklions,llllllc666"
1120,16857404,gachichan,"2026-09-30 01:57:49",1788.7,2,gachichan
1121,16690447,Supermercado,"2026-09-30 13:32:37",1788.6,2,ryotaaaaaa
1122,16924433,stochar,"2026-09-30 05:54:34",1788.6,2,"bayerfe,quantforge12,spectior,stochar"
1123,16898090,"Zbigniew Kirchner","2026-09-30 23:35:14",1788.1,2,zbigniewkirchner
1124,16811868,luyinn,"2026-09-30 19:20:22",1787.9,2,luyinn
1125,16665637,Luvsh81,"2026-09-30 16:09:08",1787.7,2,luvsh81
1126,16639934,"Zihe Henry Zhang","2026-09-30 20:02:34",1787.2,2,caesium137
1127,16662618,"Soledad Santiago","2026-09-30 14:43:15",1787.1,2,soledadsantiago
1128,16707286,"Koki _1231","2026-09-30 16:19:21",1786.6,2,koki1231
1129,16626582,"Omer Faruk Merey","2026-09-30 08:49:56",1785.4,2,omerfarukmerey
1130,16852728,"Ryuto Yoda","2026-09-30 23:42:08",1785.4,2,ryutoyoda
1131,16946519,ShimonHori,"2026-09-30 05:59:09",1785.2,2,shimonhori
1132,16854477,"Marc Maldonado Lorca","2026-09-30 10:05:32",1785.1,2,marcmaldonado
1133,16949981,"Yi Yu","2026-09-30 20:13:02",1785.0,2,yy5652
1134,16632262,Milkomeda,"2026-09-30 16:45:25",1784.7,2,milkomeda74583
1135,16723241,TrinhDung16,"2026-09-30 23:55:46",1784.7,2,trinhdung16
1136,16637597,venks,"2026-09-30 23:42:49",1784.3,2,vterli
1137,16671504,Agentmaster,"2026-09-30 16:21:02",1784.2,2,"kinjaza,shawnno"
1138,16629308,Sutee,"2026-09-30 18:03:39",1783.6,2,lszlst
1139,16697891,KuziJA,"2026-09-30 20:16:05",1783.3,2,kuzija
1140,16676885,"Riva Kajangu","2026-09-29 22:31:44",1783.3,2,rivakajangu
1141,16692923,"Pavel Kazlou","2026-09-30 23:55:08",1783.0,2,paulik
1142,16929850,"XINGYUAN  ZHOU","2026-09-30 19:17:26",1783.0,2,n05199
1143,16776505,"Duck Typing","2026-09-30 19:53:58",1782.9,2,ahmadamindw
1144,16707597,YangAoTian,"2026-09-30 21:43:24",1782.9,2,yangaotian
1145,16657152,"K S VIJAYARAAGHAVAN","2026-09-30 16:03:15",1782.9,2,"blackscythe123,ksvijayaraaghavan"
1146,16815841,"Sunshine through fog","2026-09-30 18:15:32",1782.8,2,sunshinethroughfog
1147,16828705,"liama liama","2026-09-30 12:35:06",1782.3,2,liamaliama
1148,16700919,Anubisyy,"2026-09-30 05:08:14",1782.0,2,anubisyy
1149,16689186,NCK,"2026-09-30 02:34:52",1781.7,2,drnchaitanyakumar
1150,16924916,Teraya,"2026-09-30 17:12:55",1781.4,2,yuyaterasawa
1151,16723967,dk2lone,"2026-09-29 06:03:55",1781.1,2,dk2lone
1152,16801171,"Asterios Terzis","2026-09-30 23:47:30",1781.1,2,asteriosterzis
1153,16731832,jackee777,"2026-09-30 23:47:19",1780.7,2,jackee777
1154,16693092,"Sell wheat everyday💨","2026-09-30 19:41:46",1780.0,2,"dzisandy,e0xextazy,liderpartiii"
1155,16673336,honjousetuna,"2026-09-30 22:23:00",1779.5,2,honjousetuna
1156,16791873,Eldritch,"2026-09-30 17:15:29",1779.1,2,"sanjay6727,thefool00"
1157,16713048,"liqin fei 2005","2026-09-30 11:04:23",1779.1,2,liqinfei2005
1158,16732537,Rapha,"2026-09-30 16:24:09",1778.3,2,raphaabels
1159,16666805,Kaggs,"2026-09-30 09:20:52",1778.2,2,ayush21042004
1160,16872073,"Positive Quark","2026-09-30 18:12:47",1777.3,2,quarkliu
1161,16926301,"Максим Бортник","2026-09-30 06:55:43",1776.6,2,maxim2512
1162,16880278,Kaggria,"2026-09-30 23:36:27",1776.5,2,"andyzhenlee,jiayi2627,mingyuechu,zhaoliangyuan"
1163,16919030,"wenzhi liu","2026-09-30 07:04:58",1776.5,2,liuwenzhi
1164,16642570,"Mathurin Ache","2026-09-29 20:13:15",1776.5,2,mathurinache
1165,16766498,HNUST,"2026-09-30 19:35:39",1776.3,2,"aloemoon,castianhans"
1166,16906012,GarbageOoze,"2026-09-29 15:16:43",1776.3,2,"garbageooze,luoruihan12"
1167,16871584,xder,"2026-09-30 17:55:45",1775.3,2,xderyeke393
1168,16768239,Oshbocker,"2026-09-30 22:03:34",1774.9,2,oshbocker
1169,16749435,SGY2512,"2026-09-30 19:14:00",1774.9,2,sgy2512
1170,16671092,"tomohito shimura","2026-09-29 01:22:00",1774.5,2,tomohitoshimura
1171,16763761,mkai1981,"2026-09-30 11:47:56",1773.8,2,mkai1981
1172,16638551,@s,"2026-09-30 12:24:35",1773.6,2,ryosketchbook2007
1173,16641169,boatlee,"2026-09-30 23:10:54",1773.5,2,boatlee
1174,16882868,"Yash Mohan","2026-09-30 15:49:11",1773.2,2,yashm917
1175,16669686,"Mert Bayraktar","2026-09-30 23:47:30",1772.5,2,mertbayraktar
1176,16748765,"A. R. SEKKAT","2026-09-30 23:26:47",1772.5,2,arsekkat
1177,16728084,iwance,"2026-09-30 20:26:10",1771.9,2,iwance
1178,16750931,"Antonio Rotundo","2026-09-30 18:08:04",1771.8,2,antoniorotundo2
1179,16690019,Around30,"2026-09-30 22:36:54",1771.4,2,"cyanspring,masahiromatsuda,sutesute000012"
1180,16774475,LoveB4Sunrise,"2026-09-30 20:05:10",1771.3,2,demacia1314
1181,16764459,"local farmers","2026-09-30 18:04:26",1770.9,2,"chaojiwudiwujie,qianxiang123"
1182,16735252,LagrangianLocomotive,"2026-09-30 16:11:45",1770.5,2,lagrangianlocomotive
1183,16840447,"Suliman Tadros","2026-09-28 00:11:22",1770.4,2,sulimantadros
1184,16643453,Haumea,"2026-09-30 23:18:19",1770.2,2,chaitanyagullapalli
1185,16718745,"Vishwamitra Mishra","2026-09-28 21:49:45",1769.9,2,vishwa007
1186,16655478,Bruce,"2026-09-30 14:00:48",1769.9,2,bruceqdu
1187,16778835,kiyoc,"2026-09-30 21:18:29",1769.8,2,kiyoshiohno
1188,16727404,Yichi,"2026-09-30 01:27:30",1769.8,2,"liyulin666,yichi02"
1189,16762101,"Kazama Yusuke","2026-09-30 23:44:49",1769.7,2,kazamayusuke
1190,16621243,"Jesse Bullard","2026-09-30 23:52:31",1769.4,2,jessebullard
1191,16704818,probably6767,"2026-09-30 21:40:44",1769.2,2,probably6767
1192,16686912,@mldsdev,"2026-09-30 23:25:19",1769.1,2,lan1mel
1193,16912574,好运连连,"2026-09-30 19:26:40",1768.6,2,"jiangxinyuan616,xiaoranx,xigemalyk"
1194,16709435,"Artyom Lyan","2026-09-30 13:14:29",1768.3,2,arli2016
1195,16720056,"Heads or Tails","2026-09-30 23:04:48",1768.1,2,headsortails
1196,16796484,"Ryutaro Tsujii","2026-09-30 22:41:10",1767.6,2,ryutarotsujii
1197,16714474,"Glenn Dalbey","2026-09-30 13:12:54",1767.6,2,glenndalbey
1198,16810171,kta_jpn,"2026-09-30 23:51:53",1767.3,2,ktajpn
1199,16927484,eigeness9,"2026-09-30 23:25:40",1766.5,2,"eigeness9,postrflux,reciprocityj,zenoflux77"
1200,16624651,"Zihao Zeng","2026-09-30 21:06:50",1766.2,2,zihaozeng0021
1201,16729102,"Bruce Zheng","2026-09-29 14:06:59",1764.6,2,brucezheng666
1202,16719563,"GPT-5.6 Sol🏆","2026-09-30 23:12:10",1763.7,2,"ctfxiao,gaoruihua,otherworldly777,wennaliu2007,xgentle"
1203,16887242,AnnaPlugn,"2026-09-30 12:54:21",1763.6,2,annaplugn
1204,16774141,Radiance,"2026-09-30 21:53:42",1763.4,2,"evelyn3976,wangyi01"
1205,16757727,"Sohshi Nakamura","2026-09-29 06:46:32",1763.4,2,sohshinakamura
1206,16925097,deeptrace12,"2026-09-30 05:49:28",1763.3,2,"deeptrace12,je2wak,neonmatrix6,rdwan3"
1207,16797045,"Carl Pang","2026-09-30 23:32:12",1763.2,2,carlpang
1208,16858464,Taisei_Tsuneki,"2026-09-29 14:31:10",1761.7,2,"ryoyaotsuki,taiseitsuneki"
1209,16638781,itsuki-data,"2026-09-30 22:32:33",1761.4,2,itsuki89
1210,16635969,"Omkar Kadam","2026-09-30 18:29:47",1760.6,2,"itzzomkar,khanayanayub,princypaonam"
1211,16635351,AAAMIKASA,"2026-09-30 17:30:11",1760.5,2,aaamikasa
1212,16623897,satoooh,"2026-09-30 02:37:00",1759.9,2,satoooh
1213,16891718,"Me & myself","2026-09-29 12:25:50",1759.1,2,fannasankh
1214,16707915,MGöksu,"2026-09-30 14:31:37",1758.9,2,mgoksu
1215,16668761,"Lorenzo Regalado","2026-09-30 07:19:30",1758.6,2,lregaladohdez
1216,16934238,"Yujin Cha","2026-09-30 07:50:35",1758.4,2,ckdbwlsdlfkdn
1217,16826465,linmumu009,"2026-09-30 11:58:07",1758.4,2,"linmumu009,renjunxiang"
1218,16881005,"Donald Trump","2026-09-30 20:23:24",1757.6,2,"seanmtk,sinfonia8838"
1219,16696720,"JAZ COLD HORN","2026-09-30 10:15:09",1757.5,2,"evanmaksud,jazivxt,maulikgajera,niazmohaimanabtahi,victorhorn"
1220,16699741,Tom3,"2026-09-30 21:31:29",1756.8,2,tomohiroaz
1221,16875659,あかつき,"2026-09-29 12:57:40",1756.4,2,akatuki25
1222,16655411,フナコシ,"2026-09-30 22:20:00",1755.8,2,kokifunakoshi
1223,16632612,Farmville,"2026-09-30 20:53:36",1755.6,2,rafaelfigueiredo13
1224,16802535,"To be happy","2026-09-30 12:58:04",1755.6,2,yaokaixinya123
1225,16667604,"汴渠策 · One Move, Three Gains","2026-09-30 23:58:52",1755.5,2,znwe342
1226,16644575,julymarc,"2026-09-29 15:47:41",1755.0,2,julymarc
1227,16738349,Suna-D,"2026-09-30 17:30:06",1754.7,2,sunad0630
1228,16723301,mayukistarry,"2026-09-29 06:03:58",1754.5,2,mayukistarry
1229,16665864,kavipavi19,"2026-09-29 11:41:48",1754.3,2,kavipavi19
1230,16727998,hidsaito,"2026-09-30 22:41:42",1754.2,2,hidsaito
1231,16725287,NoahRyan,"2026-09-30 20:26:43",1754.0,2,beginner080
1232,16793427,wuwuwu,"2026-09-30 10:18:53",1754.0,2,wu1570
1233,16655796,"dijia zhang735","2026-09-30 13:24:53",1753.9,2,dijiazhang735
1234,16757809,dasfds,"2026-09-30 16:48:56",1753.2,2,dasfds
1235,16855214,"Kazumi Sakamaki","2026-09-30 22:15:12",1752.7,2,hatimitusiropp
1236,16745761,mitomeat823,"2026-09-30 23:45:14",1752.4,2,mitomeat823
1237,16621653,Zorgeee,"2026-09-30 23:16:29",1752.4,2,zorgeee
1238,16747273,红烧肉,"2026-09-29 15:51:19",1752.1,2,ra1nac1d
1239,16884892,AQiDA19,"2026-09-30 18:19:32",1751.4,2,aqida19
1240,16760490,"nir afek","2026-09-30 22:27:36",1750.7,2,nirafek
1241,16790652,救赎之道，就在其中,"2026-09-30 16:54:27",1750.5,2,"mengyihu,pengchaozheng"
1242,16690852,"Naveen Venu Bagadi","2026-09-30 23:58:09",1749.8,2,naveenvenubagadi
1243,16859757,"Nathan Jacob","2026-09-29 21:29:47",1748.7,2,nathanjacob
1244,16696738,rekhasri,"2026-09-29 22:38:01",1748.7,2,rekhasri
1245,16654752,Agrofitting,"2026-09-28 15:55:37",1748.4,2,"evvfebruary,vinch97"
1246,16749071,snc5656,"2026-09-30 23:56:35",1747.7,2,jamm1412
1247,16624040,kumk,"2026-09-29 12:14:16",1747.7,2,kknagoya
1248,16698206,"Bark at the Barnyard","2026-09-30 03:22:56",1747.7,2,mming0430
1249,16936827,"Weixuan Liu","2026-09-30 05:58:51",1747.5,2,flyfish666
1250,16743055,栗ご飯,"2026-09-30 23:37:55",1747.1,2,criticalpath1903
1251,16725177,misaka12435,"2026-09-30 13:09:13",1747.0,2,misaka12435
1252,16724298,Orig_lab,"2026-09-30 21:38:02",1746.9,2,chengxixixi
1253,16656399,CROW,"2026-09-30 23:13:50",1746.8,2,"aaayangxh,hanifnoerrofiq"
1254,16727103,sword3522,"2026-09-30 16:31:59",1746.2,2,"qinyanqiu,sword3522"
1255,16642662,CdeTilly,"2026-09-30 21:20:47",1746.0,2,cdetilly
1256,16823626,Korokke3,"2026-09-28 20:10:30",1743.9,2,korokke3
1257,16784420,renyxin,"2026-09-30 23:36:00",1743.8,2,renyxin
1258,16938473,bansalis,"2026-09-28 21:29:55",1743.7,2,ishanbansal1
1259,16790660,suk1yak1,"2026-09-30 21:52:21",1743.7,2,suk1yak1
1260,16918430,"Huifeng Li","2026-09-30 16:44:44",1742.8,2,stevenli1
1261,16944396,Monruho,"2026-09-30 22:51:36",1742.4,2,monruho
1262,16709068,Vib,"2026-09-30 19:47:49",1742.3,2,viblal
1263,16662914,"Apollo's cattles","2026-09-30 23:56:12",1742.2,2,"icr007,kennethlie16,romanrozen"
1264,16924069,levshaazz,"2026-09-30 21:45:46",1742.1,2,levshaazz
1265,16693227,"Aniket Sharma","2026-09-28 20:05:14",1742.0,2,aniketsharma00411
1266,16931781,"shreyash kumar","2026-09-30 20:36:16",1741.7,2,shrreku
1267,16698560,"Seungjun Lee","2026-09-30 23:56:36",1741.3,2,seungjunleeofficial
1268,16658203,Lan_Sky,"2026-09-30 14:48:11",1741.3,2,lansky6
1269,16751140,onick_man,"2026-09-30 08:43:11",1741.2,2,ftakahas
1270,16943310,Biubiu,"2026-09-30 12:56:50",1741.2,2,jianthuang
1271,16746395,Levin,"2026-09-30 23:52:30",1741.0,2,"sophiexs,zhengliwen"
1272,16628897,"Kyoungwon Jeong","2026-09-30 10:54:09",1740.4,2,kyoungwonjeong
1273,16875989,NapolianAdmin,"2026-09-30 23:51:26",1738.9,2,ninadrai
1274,16790527,Yuta,"2026-09-30 07:21:06",1738.9,2,yutaecon
1275,16794598,"Andrew Yu","2026-09-30 02:57:34",1738.5,2,andnyu
1276,16942011,"Öylesine Yarışıyoruz","2026-09-30 21:21:57",1738.4,2,"burakemrepolat,muhammedfurkanata"
1277,16946666,"Pengfei Yan ","2026-09-28 10:59:42",1738.4,2,pengfeiyan
1278,16904289,ZF.L,"2026-09-30 17:52:33",1738.2,2,zefengai
1279,16736670,"Mark Astrid","2026-09-30 19:45:11",1738.0,2,markastrid
1280,16622319,"Roman Tamrazov 52","2026-09-30 21:31:27",1737.4,2,romantamrazov
1281,16682867,sneaky6767,"2026-09-30 21:40:49",1736.9,2,sneaky6767
1282,16823942,"jiajun chi","2026-09-29 15:18:22",1736.7,2,jiajunchi
1283,16763829,"Shane Thivaharraja","2026-09-30 21:35:54",1736.4,2,shanethivaharraja
1284,16704247,WeAreFarmers,"2026-09-26 15:16:59",1736.0,2,gbmorris1
1285,16946322,"hb and ys","2026-09-30 13:11:38",1736.0,2,hbandys
1286,16908829,Terremoto,"2026-09-30 13:26:37",1735.3,2,alfredoachondo
1287,16732445,ГИМНАЗИЯ14ЙОШКАРОЛА,"2026-09-30 14:18:46",1735.2,2,"domager72,fylgde,kolyaflexcu"
1288,16735794,宗宗没有英文名,"2026-09-30 02:43:07",1735.0,2,iver666
1289,16839530,"que la cuenten como quieran","2026-09-30 22:43:15",1734.8,2,germanjurado1
1290,16862096,"Saksham Gupta","2026-09-30 21:14:33",1734.3,2,mashug
1291,16793656,王子铖,"2026-09-30 22:04:43",1734.1,2,aurantium
1292,16803448,jiatu.l,"2026-09-30 15:38:00",1734.0,2,jiatul
1293,16805370,"Gaiar Baimuratov","2026-09-29 11:59:39",1733.8,2,baimuratov
1294,16622567,"Georgy Mamarin","2026-09-29 06:19:11",1733.8,2,georgymamarin
1295,16930569,MarqueeMoon19770208,"2026-09-30 23:51:38",1733.8,2,marqueemoon19770208
1296,16847725,SOLUCIENCE,"2026-09-30 05:31:19",1733.7,2,solucience
1297,16774843,"Assylkhan Kerey","2026-09-30 08:51:29",1733.7,2,n0nlyy
1298,16641116,"Варим сельский самогон","2026-09-30 23:58:31",1733.7,2,"andrey4522,asimandia,darksteeldragon,evgeniyveselkov,ispromashka"
1299,16638804,"Anhad Mahajan","2026-09-30 22:58:22",1733.5,2,anhadmahajan06
1300,16662910,"shoryakumar mishra","2026-09-30 16:52:11",1733.5,2,shoryakumarmishra
1301,16658365,OnlyFarms,"2026-09-30 22:59:00",1733.2,2,hoowoo
1302,16845713,"qweq asd","2026-09-30 05:50:28",1733.1,2,qweqasd
1303,16925740,Virexon,"2026-09-30 23:23:33",1733.0,2,"spectrion5,synthexia,virexon,vorinaq"
1304,16778656,Aacceeo,"2026-09-30 23:56:42",1732.9,2,aacceeo
1305,16774884,assssstnuar,"2026-09-30 08:42:04",1732.9,2,assssstnuar
1306,16848952,tubotu,"2026-09-30 23:36:39",1732.6,2,tubotu
1307,16691038,"animal crossing","2026-09-30 21:59:47",1732.5,2,hoonchoonc
1308,16884822,reziavon,"2026-09-30 14:58:30",1731.7,2,reziavon
1309,16911212,zby_4240,"2026-09-30 13:18:28",1731.7,2,"panhiuting,zby4240"
1310,16643693,"Kerem çelik","2026-09-30 23:36:32",1731.6,2,keremelik
1311,16753906,Rmy,"2026-09-30 16:44:24",1731.3,2,mekory
1312,16776793,"Guilherme Raiuga","2026-09-30 20:05:24",1731.1,2,guilhermeraiuga
1313,16656810,IskanderAkhmetov,"2026-09-29 07:35:58",1730.9,2,iskander2017
1314,16870800,Myasui,"2026-09-30 23:53:01",1730.9,2,zaki38
1315,16854869,Ibar-Aki,"2026-09-30 21:49:44",1730.8,2,akicolor
1316,16799235,K.Piro,"2026-09-30 21:03:00",1730.4,2,agares02
1317,16683865,Shin7jp,"2026-09-30 21:54:17",1730.3,2,shin7jp
1318,16804757,MAT,"2026-09-30 22:44:55",1730.0,2,mehmetanltays
1319,16844845,"Dinesh Amalathasan","2026-09-28 19:38:32",1729.3,2,amaldinesh
1320,16623488,"Kevin E R MILLE","2026-09-30 23:56:56",1729.3,2,kevinermille
1321,16850683,cooked,"2026-09-30 13:28:19",1729.1,2,"jentopia,toasty3302,xenonminer"
1322,16634716,Eusebius,"2026-09-29 17:44:10",1728.1,2,protuberanzen2000
1323,16623524,"Marcus Vinicius","2026-09-30 12:47:22",1727.0,2,marcux777
1324,16630251,"Handry Novianto","2026-09-30 11:47:31",1726.6,2,handrynovianto
1325,16669256,Shivam_2212,"2026-09-30 22:15:11",1725.3,2,shivam2212
1326,16792661,итмоняяя,"2026-09-30 10:41:17",1725.0,2,"naladwepo,tickflag"
1327,16881395,nikotin55,"2026-09-30 20:37:13",1724.9,2,"isaevsemyon,nikotin55,remihrf"
1328,16718660,"Ramona Flowers","2026-09-30 20:13:41",1724.5,2,forsmthnoithingtosay
1329,16942720,"Shadow Es","2026-09-30 18:46:02",1724.1,2,shadowes
1330,16853054,saberzky,"2026-09-29 15:42:44",1723.9,2,saberzky
1331,16884121,Radiant,"2026-09-30 17:01:32",1723.9,2,"dnpkkk,xxxxxx6x,y4matt"
1332,16929642,"lyre lin","2026-09-30 05:54:32",1723.8,2,lyrelingg
1333,16738492,"Follow Me Gradient","2026-09-30 21:29:41",1723.3,2,farukece
1334,16860813,hirayuki,"2026-09-30 07:22:17",1723.0,2,hirayukis
1335,16682306,岸本湧士郎,"2026-09-30 10:47:26",1723.0,2,yushiro20021111
1336,16773144,"Mohamed Salah","2026-09-29 00:49:43",1722.4,2,mosalah7
1337,16759699,"Mason Cao","2026-09-30 20:55:56",1722.3,2,mzcao7
1338,16923904,signalior,"2026-09-29 09:01:04",1722.1,2,"convexla,probflun,signalior,synaptivox"
1339,16778946,yuki0731,"2026-09-30 23:38:23",1721.3,2,yuki0731
1340,16731630,SatoshiN04,"2026-09-27 23:19:51",1720.7,2,satoshinakamura04
1341,16891911,N_noa21,"2026-09-30 16:13:20",1720.6,2,nnoa21
1342,16829834,Luxuer,"2026-09-30 15:55:43",1720.3,2,luxuer
1343,16632157,"福原 大知","2026-09-30 20:25:38",1719.8,2,fxxyfox
1344,16670371,rkd,"2026-09-30 09:43:32",1719.8,2,ryookd
1345,16756477,Ender,"2026-09-30 20:32:08",1719.5,2,eamonnkashyap
1346,16655277,GUAM,"2026-09-30 17:30:32",1719.4,2,"analyticaobscura,jeongminlee92,kmmmvs,wnmgrn"
1347,16945907,"yuki ogata","2026-09-30 07:09:58",1719.3,2,yyogata
1348,16692432,"Les 2 oies","2026-09-30 14:24:15",1719.1,2,"sanarceate,youyoucrf"
1349,16765884,洛希边际,"2026-09-30 20:32:23",1718.8,2,"bxz2003,mingyue12318,thethirdsight"
1350,16778792,"Karthik #2","2026-09-30 13:57:38",1718.6,2,karg14
1351,16653385,"Vasilii Buzmakov","2026-09-30 23:39:00",1718.4,2,vasiliibuzmakov
1352,16759578,Randy,"2026-09-28 00:24:02",1717.4,2,rvndyerwin
1353,16911078,Tolgii,"2026-09-30 01:15:37",1717.0,2,tolgakiremit
1354,16816196,"Bianco Chiu","2026-09-30 18:57:23",1717.0,2,biancochiu
1355,16696593,bplyc15,"2026-09-30 16:32:05",1716.7,2,bplyc15
1356,16755328,"yang zhang","2026-09-30 13:53:43",1716.6,2,zhang1221ai
1357,16854776,aruuu,"2026-09-30 18:02:13",1716.5,2,arruuu
1358,16639168,Sergey,"2026-09-30 08:03:38",1716.4,2,sergeymikhailovn
1359,16926787,"Владислав Ковкін","2026-09-30 05:51:10",1716.4,2,vladyslavkovkin
1360,16733176,Yakouu,"2026-09-27 14:17:25",1716.3,2,yakouu
1361,16872203,Chechelovechnost,"2026-09-30 22:07:46",1715.7,2,"mikaelkerimov,mperminiov"
1362,16858228,doubao,"2026-09-28 06:21:23",1715.7,2,"erhankangyan,yuanlili123321"
1363,16840617,RyotaroAbe,"2026-09-30 21:11:38",1715.6,2,ryotaro45123
1364,16633853,"funny farm","2026-09-30 23:50:30",1715.4,2,"alannasibullin,alexandrutkov"
1365,16664788,rian,"2026-09-30 19:00:18",1715.0,2,rian55
1366,16623390,KodamaSec,"2026-09-30 10:03:44",1714.9,2,dfhgfdghfdhg
1367,16731186,Naru041104,"2026-09-30 15:33:42",1714.9,2,naru041104
1368,16652079,Infill,"2026-09-30 20:28:37",1714.7,2,infill
1369,16911681,nena,"2026-09-30 14:41:44",1714.7,2,nena0undefined
1370,16654881,Freddy,"2026-09-30 19:21:06",1714.7,2,twoxding
1371,16761434,t07_noma,"2026-09-30 10:27:57",1714.2,2,t07noma
1372,16689748,cheesytoasts,"2026-09-28 19:11:07",1713.6,2,cheesinnn
1373,16645596,Kosakunin,"2026-09-30 23:30:26",1713.6,2,yugoawawa
1374,16802505,daviondk,"2026-09-30 19:02:23",1713.2,2,daviondk
1375,16732156,"Ца-ри-ца по-лей, ку-ку-ру-за!","2026-09-30 17:51:52",1712.6,2,samvelkoch
1376,16658895,kunihiro,"2026-09-30 02:29:20",1712.6,2,kunihiro
1377,16623577,"Jiayi Tang","2026-09-30 18:25:55",1712.5,2,mannguo
1378,16835641,dzzz,"2026-09-30 11:41:40",1711.6,2,"brittneylewis2,innocentdzzz"
1379,16925703,darkphase11,"2026-09-29 02:30:28",1711.5,2,"corephase,darkphase11,metacraftt,neurofieldd"
1380,16639418,"Oleksii Zhukov","2026-09-30 20:41:40",1711.4,2,zhukovoleksiy
1381,16740361,"Suba S","2026-09-30 23:31:14",1711.3,2,jupiter79
1382,16935669,"Timon Wendland","2026-09-30 23:44:17",1710.3,2,timonwendland
1383,16671088,jasonstillchasin,"2026-09-30 21:40:39",1710.0,2,jasonstillchasin
1384,16819431,kkkk,"2026-09-30 19:42:40",1709.9,2,kkkk4649
1385,16808241,miran0313,"2026-09-30 00:33:11",1709.8,2,miran0313
1386,16634026,"Mike Kim","2026-09-30 23:43:14",1709.6,2,mikeskim
1387,16662492,"Lester Leong","2026-09-30 06:22:12",1709.5,2,lesterleong
1388,16927437,SeEquoia,"2026-09-29 12:56:54",1709.3,2,"glaccier,m3onsoon,seequoia,typhooon"
1389,16786108,Pakhan873,"2026-09-30 23:18:31",1708.8,2,paveldidin
1390,16746317,xingyun_byto,"2026-09-30 17:33:57",1708.8,2,xingyunbyto
1391,16682210,Boiled-Sweet-Potato,"2026-09-28 07:56:38",1708.6,2,boiledsweetpotato
1392,16814417,"Jane Street Farmers","2026-09-30 21:07:02",1708.5,2,"akamasterpiece,gianghiango,paramizodicrominique,phnhnnguyn,sebastiancooper116"
1393,16730706,flaty,"2026-09-30 10:12:58",1708.1,2,flat831
1394,16854216,Rita-1021,"2026-09-30 12:48:45",1707.6,2,rita1021
1395,16734551,"junseok lee","2026-09-29 22:47:48",1706.9,2,jaslee2
1396,16622376,fmind,"2026-09-28 06:17:23",1706.1,2,freaxmind
1397,16655519,CurveCowboy,"2026-09-30 09:52:40",1706.0,2,curvecowboy
1398,16682283,"RL is all you need","2026-09-30 23:36:42",1705.4,2,"bpmf577,junzhejiao,jwj1342,liaodid,mrschang"
1399,16854552,ShionMatsuoka,"2026-09-30 19:55:55",1705.2,2,shionmatsuoka
1400,16722705,我的AI是豆包,"2026-09-30 16:43:24",1704.7,2,"carrotliang,haoxuanjng,kaoqiangzhang,rainhuang0220"
1401,16934864,"Li Li","2026-09-30 13:56:34",1704.5,2,aikinogard
1402,16850995,"KOSUKE MATSUDA","2026-09-30 22:56:20",1704.3,2,kosukematsuda
1403,16780097,"wei chang","2026-09-28 11:41:32",1704.2,2,wayne0404
1404,16772723,"Zhou Haonan","2026-09-30 23:34:29",1704.1,2,hatsuseizuna
1405,16870033,"wbcrypto abrams","2026-09-28 16:55:13",1704.0,2,wbcryptoabrams
1406,16665352,"Paul Nassiri","2026-09-30 20:26:06",1703.6,2,laszlolevray
1407,16786595,"dbvz sbsbs","2026-09-30 07:39:03",1703.2,2,dbvzsbsbs
1408,16712863,ominteam,"2026-09-30 16:27:16",1703.2,2,"luantony,suruikk"
1409,16918063,"Dante Lok","2026-09-30 08:55:19",1702.6,2,dantelok
1410,16810275,Adam,"2026-09-30 23:53:23",1702.4,2,potonglantie93
1411,16705431,"Thuận Đoàn Vũ","2026-09-30 00:46:37",1702.0,2,thunonv
1412,16697893,"YWehbe / ADIA Lab","2026-09-29 11:16:30",1701.9,2,youssefwehbe
1413,16793385,"Rishav Utkarsh","2026-09-30 23:39:37",1701.7,2,rishavutkarsh
1414,16697229,"Masashi Nishimoto","2026-09-30 23:20:12",1701.7,2,masashinishimoto
1415,16790765,Aristotle.Chen,"2026-09-30 12:41:49",1701.2,2,aristotlechen
1416,16844672,"sleeping king","2026-09-30 19:11:02",1701.2,2,sleepingking
1417,16667240,WGaurav,"2026-09-30 12:57:05",1700.7,2,wgaurav
1418,16786126,"Max Bloom","2026-09-30 19:39:19",1700.6,2,maxbloom
1419,16675866,DanilChil,"2026-09-25 14:06:52",1699.9,2,danilchil
1420,16668564,"Rikito Kanda","2026-09-30 21:40:07",1699.7,2,rikitokanda
1421,16779564,oycr,"2026-09-30 23:16:23",1699.6,2,"oyxiaobai159,wdt124"
1422,16654158,Hack2Publish,"2026-09-30 04:46:50",1699.3,2,"esfersami50,foysalemonshanto,hosen42,rokaiyasomapti"
1423,16745059,mekduy,"2026-09-30 17:37:26",1699.0,2,mekduy
1424,16630274,yutoAb,"2026-09-28 08:15:40",1698.5,2,yutoab
1425,16879027,XMHHHH,"2026-09-25 12:36:50",1698.4,2,jkkhhoo
1426,16623381,cocoaAI,"2026-09-30 06:25:06",1697.8,2,cocoaai
1427,16942567,MatveyVarfolomeev,"2026-09-28 16:04:57",1697.3,2,matveyvarfolomeev
1428,16838479,"Sufi Afifi","2026-09-30 20:33:31",1697.3,2,emrys21
1429,16746191,たがやす,"2026-09-30 23:27:06",1697.2,2,drktti
1430,16732051,Jeryos,"2026-09-30 23:09:23",1697.2,2,joulskaf
1431,16860071,TOSS,"2026-09-30 23:24:57",1697.1,2,toshikawa80
1432,16880856,jinxingweilai,"2026-09-30 17:10:36",1697.0,2,jinxingweilai
1433,16687159,Max64738CB,"2026-09-29 15:16:11",1696.7,2,max64738cb
1434,16811571,"Daniel Guo","2026-09-30 23:51:02",1696.5,2,denialguo
1435,16741500,weichy7,"2026-09-30 03:45:13",1696.4,2,weichy7
1436,16624073,SoftRL,"2026-09-30 23:37:56",1696.3,2,"maruichi01,ppocharl,puws06,tatsukisato,unikina"
1437,16883907,lll,"2026-09-30 16:02:39",1696.3,2,lghlgh001
1438,16670967,"Ne ML Clan","2026-09-30 17:57:11",1696.3,2,"al55522me,egoregors,sirgauda,vladmazeev"
1439,16941779,"Michael Jordan","2026-09-30 23:40:53",1696.2,2,m1chaeljordan
1440,16712121,"Hai Dang","2026-09-28 07:01:07",1696.1,2,haidang2405
1441,16689599,Ryvven,"2026-09-30 22:44:28",1695.8,2,unethicalmk
1442,16863344,masat,"2026-09-30 23:19:09",1695.8,2,masatttt
1443,16757621,Kurokawa,"2026-09-30 23:39:31",1695.6,2,hiroshikurokawa
1444,16632593,skomuro,"2026-09-30 15:30:04",1694.9,2,skomuro
1445,16885704,tavrico,"2026-09-30 23:31:45",1693.4,2,tavrico
1446,16694710,ponsuk,"2026-09-30 13:11:21",1693.2,2,ponsuk
1447,16700767,tkpmnlms,"2026-09-30 14:36:00",1692.9,2,"emorgunov,mikhailkachalin,roniuhle"
1448,16811900,"Brejesh Balakrishnan","2026-09-30 05:11:53",1692.6,2,brejeshbalakrishnan
1449,16738503,dddmd,"2026-09-30 22:43:31",1692.5,2,dddmdd
1450,16891334,"Ruslan Akhmetov","2026-09-30 11:05:11",1692.3,2,ecolla999
1451,16756891,T.Uehira,"2026-09-30 10:05:19",1692.0,2,tuehira
1452,16760158,"apple farmer","2026-09-30 19:42:35",1691.8,2,gustavoknudsen
1453,16779067,fishwg,"2026-09-30 13:49:33",1691.6,2,fishwg
1454,16793600,mogura2.0,"2026-09-30 21:59:46",1691.6,2,mogura20
1455,16621616,insuperabilehart,"2026-09-30 23:46:22",1691.4,2,insuperabile
1456,16863383,HanFish,"2026-09-30 15:32:26",1690.9,2,hananfish
1457,16692185,"Xu Suyi","2026-09-30 14:55:48",1690.2,2,xuyuhaosuyi
1458,16623805,"Howon Kang","2026-09-30 15:43:12",1690.2,2,howonkang
1459,16807108,dongdongunique2,"2026-09-30 07:45:25",1690.0,2,yinzhaoren
1460,16844233,y3uanm,"2026-09-29 04:32:55",1689.9,2,"delta47x,lunpaixo,y3uanm"
1461,16852559,永井こうたろう,"2026-09-28 15:33:59",1689.6,2,kotakota914
1462,16848063,"Yuan Weijun","2026-09-29 01:36:34",1688.9,2,yuanweijun
1463,16764089,UtaAzu,"2026-09-30 15:11:23",1688.7,2,utaazu
1464,16684704,LIQUIDHORSE,"2026-09-30 21:04:00",1688.5,2,liquidhorse
1465,16634128,ZechHuang,"2026-09-30 09:26:19",1688.2,2,zechhuang
1466,16742684,Inzilbêth,"2026-09-30 12:41:17",1687.8,2,inzilbth
1467,16838914,kikikukikii,"2026-09-30 22:43:36",1687.7,2,kikikukikii
1468,16851853,tryagain123,"2026-09-28 10:06:38",1687.7,2,lanqingsong123
1469,16786517,"Kagdew Valley_HeNU","2026-09-30 06:59:46",1687.4,2,"hongtongyi,hoshiiabc,lizhe125,ypeng1234"
1470,16644303,"kevin zhou","2026-09-30 23:33:56",1687.2,2,kevinzhou66
1471,16805778,"Dương Đức Anh","2026-09-30 17:01:27",1687.1,2,"dda2k6,trungdttik55"
1472,16644456,"Agbe Eko","2026-09-30 21:50:38",1686.9,2,timmecom
1473,16810587,"Avineesh Arora","2026-09-30 20:35:31",1686.7,2,avndope
1474,16676904,researchstudio.site,"2026-09-30 01:40:05",1686.6,2,fistyee
1475,16888254,CaliforniaDog,"2026-09-30 23:52:30",1686.6,2,californiadog
1476,16631215,私立ホルスタイン学園,"2026-09-30 12:47:36",1686.1,2,hiranorm
1477,16630524,"Omprakash Patra","2026-09-29 04:08:54",1685.9,2,omprakashpy
1478,16728238,ubcict232,"2026-09-30 00:32:07",1685.8,2,ubcict232
1479,16896299,Bungalow0,"2026-09-28 09:37:55",1685.6,2,"achatoyant,bungalow0,demuure"
1480,16935530,"[RU] Evgeniy Kamyshan (sharing)","2026-09-27 19:05:40",1685.6,2,svo1488zov
1481,16654704,mandgeee,"2026-09-30 15:27:10",1685.2,2,mandgeee
1482,16932996,"Francisco Angulo de Lafuente","2026-09-30 08:45:00",1684.8,2,franciscoangulo
1483,16825002,RAVEN,"2026-09-30 05:09:24",1684.3,2,silverlxt
1484,16940533,shikaikaikaikai,"2026-09-28 05:53:43",1683.5,2,shikaikaikaikai
1485,16668430,"john inan","2026-09-30 17:13:15",1683.0,2,johninan
1486,16885764,shuinno,"2026-09-29 06:07:29",1682.9,2,"astralisa,hemlock1,metaforge,shuinno"
1487,16920251,otouhu,"2026-09-30 23:16:38",1682.9,2,"minera,toroochi"
1488,16633212,goosehaaan,"2026-09-30 23:55:13",1682.7,2,goosehaaan
1489,16655098,"Brotron Carbide","2026-09-30 23:24:09",1682.6,2,brotroncarbide
1490,16658865,"Victoria Karpukhina","2026-09-30 15:36:09",1682.4,2,vikileina
1491,16852141,"Zhou Hengyu","2026-09-30 15:17:05",1681.8,2,zhouhengyuu
1492,16681049,"SiLin “Can SiLin” Can","2026-09-28 12:20:44",1681.8,2,"k3rn3l,silincansilincan"
1493,16949185,"Akil Al-Sharafi","2026-09-29 13:57:01",1681.6,2,akilalsharafi
1494,16941047,"RUSHMANTH NALLURI","2026-09-24 00:07:09",1680.6,2,rushmanthnalluri
1495,16864558,"Henghan Dong","2026-09-27 08:10:31",1680.5,2,henghandong
1496,16768104,"Ivan Aleksandrov","2026-09-30 15:29:40",1680.4,2,ivanblch
1497,16806053,hisatarosu,"2026-09-30 11:10:51",1680.4,2,tomako4390
1498,16707453,"Kaan Dınız","2026-09-30 10:13:25",1680.2,2,kaandnz
1499,16675063,"King Tian","2026-09-30 15:57:12",1679.9,2,"serven1,tianwang1210"
1500,16927831,Baimakanov,"2026-09-30 22:44:31",1679.8,2,baimakanov
1501,16933178,darkvector4,"2026-09-28 14:23:32",1679.4,2,"darkvector4,sha1ng,valtrix"
1502,16750575,Gronk,"2026-09-30 23:58:14",1679.3,2,jianyicai
1503,16635314,"Aurora wy","2026-09-30 16:23:21",1679.0,2,aurorawy
1504,16909485,SatoGo,"2026-09-30 06:37:21",1679.0,2,satogo
1505,16624276,MKGA,"2026-09-30 21:19:29",1678.6,2,"horizen12,zejunfool"
1506,16941720,Abdellatif,"2026-09-30 21:23:50",1678.1,2,moussaid
1507,16736985,Colt,"2026-09-30 17:53:21",1678.1,2,nht1990
1508,16934931,erica,"2026-09-30 23:58:48",1678.0,2,duanyong049
1509,16705523,"Brian Chua","2026-09-30 10:32:43",1677.6,2,chuazhengweibrian
1510,16730344,lvisdd,"2026-09-30 17:55:52",1677.4,2,lvisdd
1511,16838312,macaron,"2026-09-30 23:11:30",1677.3,2,hayatotech
1512,16861805,farmer-kuni,"2026-09-30 18:32:56",1677.2,2,kuni05
1513,16706185,"Bab Kek","2026-09-28 06:34:27",1677.0,2,babkek
1514,16706897,"Akshay Mathur","2026-09-27 19:33:42",1677.0,2,akshaymathur777
1515,16814409,YuyaSuzuki,"2026-09-29 16:01:03",1676.4,2,yututapp
1516,16926921,"Ruslan Kovychev","2026-09-24 10:48:23",1676.3,2,ruslankovychev
1517,16623643,LiXingtao,"2026-09-30 09:18:43",1676.0,2,lixingtao123
1518,16898049,"Alua Аkhmetkali","2026-09-26 07:46:37",1675.9,2,alua01
1519,16661665,"Leonardo Viola10","2026-09-28 12:21:08",1675.7,2,leonardoviola10
1520,16631421,cg,"2026-09-22 14:31:09",1675.5,2,chaitanyagarg2
1521,16917732,qianqiuwushang,"2026-09-28 21:13:27",1675.3,2,qianqiuwushang
1522,16805244,nari,"2026-09-30 21:11:26",1675.3,2,shoheiyoshinari
1523,16720841,liuhc1017,"2026-09-30 23:09:38",1675.2,2,liuhc1017
1524,16947730,"青葉 涼風","2026-09-29 23:54:25",1674.8,2,suzukaze
1525,16890222,"Borisov Emilian","2026-09-29 12:42:05",1674.2,2,emili123
1526,16934847,yuuri,"2026-09-29 11:40:21",1673.9,2,yuuuuuuuuri
1527,16927521,wadia,"2026-09-30 05:24:07",1673.8,2,"sihuanian777,yeshawang"
1528,16886400,Nisshi888880,"2026-09-30 23:46:12",1673.7,2,nisshi888880
1529,16892257,ShadowMist01,"2026-09-29 18:39:26",1673.4,2,shadowmist01
1530,16907326,"julien gaza","2026-09-29 01:04:28",1673.1,2,juliengaza
1531,16769411,Beyond,"2026-09-30 21:12:44",1673.1,2,themanysh
1532,16696895,BrokeFarm,"2026-09-30 13:26:56",1672.6,2,brucec
1533,16728262,wakawakayu,"2026-09-30 09:33:32",1672.5,2,wakawakayu
1534,16631460,Kosuke.T,"2026-09-28 11:44:29",1672.0,2,kosuke1992
1535,16634432,KARGI,"2026-09-30 21:48:23",1671.8,2,learningkin
1536,16672121,"Tiger bonbon","2026-09-30 23:53:55",1671.7,2,fujiwarayuto
1537,16631640,7day-enough,"2026-09-30 16:05:44",1671.7,2,"caoyupeng,diandianzi,lingyu07,lixin73,xiaoxiaohuazong"
1538,16730735,YUK,"2026-09-30 22:44:53",1671.4,2,yu0307
1539,16932335,"Dom Bavuso","2026-09-30 23:06:26",1671.4,2,dombavuso
1540,16644565,Suda,"2026-09-30 23:58:46",1671.1,2,"chaneyma,deryawang"
1541,16876344,Hyunwoo_Park,"2026-09-29 15:30:15",1671.0,2,uts3125014010829
1542,16937607,wuyan-nox,"2026-09-30 12:55:15",1670.9,2,wuyannox
1543,16635421,"Lennart Haupts","2026-09-30 17:42:46",1670.7,2,lennarthaupts
1544,16928466,"Diogenes's cask","2026-09-29 07:50:33",1669.9,2,diogenesscask
1545,16622509,Ali,"2026-09-30 20:30:34",1669.7,2,asalhi
1546,16627600,"NiA Farms","2026-09-28 14:33:18",1669.5,2,"adriaft,natliablascoandreo"
1547,16733851,tangaii,"2026-09-30 17:21:43",1668.7,2,tangai1
1548,16635340,"zhuo wamg","2026-09-30 17:15:03",1668.4,2,zhuowamg
1549,16774700,たたたた,"2026-09-30 07:36:56",1667.9,2,tatatata1111
1550,16806206,"Yuan Yongth","2026-09-30 19:59:31",1667.8,2,"sunnylzheng,yuanyongth"
1551,16633226,test_money,"2026-09-30 21:32:31",1667.8,2,michaelsemenoff
1552,16664359,Nightingale,"2026-09-30 18:01:18",1667.7,2,apilkhadka
1553,16724801,Noir,"2026-09-29 02:00:56",1667.5,2,nuitnoir
1554,16660483,TIM,"2026-09-29 00:40:14",1667.3,2,daynoryamil
1555,16730462,XTang,"2026-09-30 12:00:40",1667.3,2,flyonthewater
1556,16730045,渡邊征央,"2026-09-30 23:39:54",1667.3,2,undertaker3409
1557,16710459,Nironiro,"2026-09-30 17:20:05",1666.7,2,nironiro
1558,16659550,"Sai Syam","2026-09-30 07:14:34",1666.7,2,saisyam
1559,16743136,unhappy,"2026-09-30 23:34:21",1666.5,2,chenyahui123
1560,16949661,Shs123,"2026-09-26 20:14:37",1665.5,2,shs123
1561,16832192,"No Name #2","2026-09-30 20:05:08",1665.4,2,ivanj0
1562,16658343,aisamhottman,"2026-09-30 14:37:17",1665.3,2,heuingttiang
1563,16841026,"Max Power","2026-09-30 22:19:38",1665.3,2,markbarney
1564,16792109,rogerrogerroger3r,"2026-09-30 09:13:04",1665.1,2,rogerrogerroger3r
1565,16811224,yuya,"2026-09-29 18:42:53",1665.0,2,yuomori
1566,16806475,sohma,"2026-09-30 21:55:04",1664.6,2,hi210278
1567,16846856,BladeRunner,"2026-09-28 06:28:20",1664.5,2,bladerunner2022
1568,16890976,zyh222,"2026-09-30 23:53:26",1664.4,2,"eason0407,hrj314,tanghuan2005,zyh222"
1569,16904651,chenpengyu603,"2026-09-29 04:43:55",1663.8,2,chenpengyu603
1570,16783537,JustinybGao,"2026-09-30 19:03:41",1663.6,2,justinybgao
1571,16948431,"Прикинь я проиграл","2026-09-30 23:56:52",1663.5,2,anpilovkirill
1572,16622242,"Robert Koval","2026-09-30 22:08:31",1663.5,2,robertkoval
1573,16664836,"Adnan Zaman","2026-09-30 19:05:43",1663.2,2,adnanzamanniloy
1574,16914744,哈基米南北路多,"2026-09-30 14:14:06",1663.0,2,"drlimingz,freakrk,liushunyao,perrinslutman,sayu1u"
1575,16730728,"Le Trong Hieu","2026-09-30 22:00:17",1662.8,2,backtracking
1576,16664111,"John Park","2026-09-29 07:26:53",1662.6,2,sigint
1577,16928491,weihewo,"2026-09-29 15:10:11",1662.5,2,weihewo
1578,16640067,"minghao mei","2026-09-30 02:05:26",1662.4,2,minghaomei
1579,16838766,"Justin Gao","2026-09-28 06:12:14",1662.3,2,justingao
1580,16704924,jdx,"2026-09-29 02:37:16",1661.9,2,jdsemrau
1581,16914006,Stefano,"2026-09-28 13:08:40",1661.7,2,stefanojp
1582,16623691,KevlarZanderChi,"2026-09-30 15:59:02",1661.7,2,kevlarzanderchi
1583,16630548,"YJ Wee 2807","2026-09-30 16:54:31",1661.7,2,yjwee2807
1584,16797847,"levski shampion","2026-09-30 22:53:52",1661.2,2,mariomalev
1585,16641751,Hikari_30,"2026-09-29 04:21:44",1661.1,2,hikari30
1586,16749205,"Wish Coding Guy","2026-09-30 21:16:01",1660.9,2,tommycyd
1587,16718033,TheMightiestMan,"2026-09-29 13:54:33",1660.5,2,themightiestman
1588,16793080,"Lonan Syayf","2026-09-29 19:03:04",1660.2,2,lonansyayf
1589,16941692,twotodevnull,"2026-09-30 05:23:29",1660.0,2,twotodevnull
1590,16730713,"Michael Mueller","2026-09-29 17:16:13",1659.8,2,michaelmueller26
1591,16744837,JuliaGastellu,"2026-09-30 21:30:35",1659.5,2,juliagastellu
1592,16833095,"ADARSH DWIVEDI","2026-09-25 11:41:22",1659.1,2,adarshcod
1593,16927533,Deenouement,"2026-09-28 14:12:37",1657.8,1,"deenouement,eelixirr,efffervescent,ellegance"
1594,16675344,PP_Azalearn,"2026-09-30 22:07:35",1656.7,2,"androidss,keitookamoto,pptakehirokawada"
1595,16675863,"Habib ullah","2026-09-30 13:55:12",1656.6,2,habibullah123456789
1596,16676762,"Tomas Escobar Rivera","2026-09-30 17:43:50",1656.6,2,tomasescobarrivera
1597,16683435,CoorDi,"2026-09-30 07:45:53",1655.8,2,bxy0125
1598,16802575,saeNeko,"2026-09-30 23:09:48",1655.4,2,sae20gorilla
1599,16791924,magu1234,"2026-09-30 23:37:03",1655.2,2,magu1234
1600,16630519,"Mehmet Özer","2026-09-30 18:42:46",1654.8,2,ozermehmet
1601,16766640,watana,"2026-09-30 23:43:45",1654.8,2,yukiwat
1602,16740892,"yuki matsumori","2026-09-30 17:14:16",1654.6,2,yukimatsumori
1603,16731926,"Pardheev Krishna","2026-09-29 05:28:54",1654.6,2,"anandkumar0901,ayushjiwatramani,nidhibsh,nitindatanylatics,pardheev"
1604,16654585,"David Pedersen","2026-09-30 08:11:22",1654.2,2,semalytics
1605,16638953,"Joe Young","2026-09-30 21:36:45",1653.1,2,jsphyg
1606,16701897,"Alejandro Lavandeira Casais","2026-09-30 20:28:30",1653.0,2,alejandrolavandeira
1607,16768603,Kinance,"2026-09-30 21:28:34",1652.6,2,kinance
1608,16812062,姜上（Integ）,"2026-09-30 23:49:03",1652.6,2,"borealis27,integjs"
1609,16730854,src,"2026-09-30 13:49:52",1652.2,2,skthtu
1610,16665829,Shadowfishes,"2026-09-30 22:45:45",1651.9,2,"boandme,ronitagarwal1,shauryasahdev2"
1611,16759058,Miz,"2026-09-29 14:42:24",1651.8,2,ryota040
1612,16750268,"Harris Bashir","2026-09-30 18:10:07",1651.4,2,harrisbashir
1613,16709468,"Andrey Chankin","2026-09-30 23:55:17",1650.5,2,bluepill
1614,16737237,"Ayodeji Adesegun","2026-09-29 19:37:24",1650.5,2,ayodejiadesegun
1615,16760244,"Alex Paul","2026-09-27 18:50:13",1650.0,2,alexazander
1616,16692038,CodeHacker,"2026-09-30 14:22:54",1649.8,2,junhanzangai
1617,16730301,wonder777,"2026-09-30 16:49:04",1649.3,2,wonder777
1618,16843042,"Frost Cerberus","2026-09-30 16:50:53",1648.4,2,frostcerberus
1619,16661702,"Chattso-GPT (Yasuhito Yanagisawa)","2026-09-30 16:20:15",1648.4,2,yasuhitoyanagisawa
1620,16707547,Lin,"2026-09-30 18:12:38",1647.8,2,linjianrong
1621,16663175,Anaconda,"2026-09-30 21:49:22",1646.3,2,anaconda
1622,16691572,"Lord Momo","2026-09-30 07:39:50",1645.5,2,stevenleehans
1623,16632214,roomer,"2026-09-29 14:12:52",1645.2,2,"matsuphy,mqme526,yasunamiura"
1624,16768449,"Dmitry Volovikov","2026-09-30 19:19:47",1645.1,2,dmitryvolovikov
1625,16634238,SoWwe,"2026-09-30 23:13:26",1645.0,2,sowwe4
1626,16693962,"Changyuan Chen","2026-09-29 13:59:12",1644.9,2,changyuanchenmit
1627,16823319,eviltsundera,"2026-09-29 19:55:50",1644.2,2,eviltsundera
1628,16734435,Economist,"2026-09-30 22:47:40",1643.9,2,jtheyogi
1629,16718788,"Paxton Tillman","2026-09-30 23:09:09",1643.4,2,paxtontillman
1630,16743165,"Chiachii Liang","2026-09-28 03:14:42",1642.3,2,chiachiiliang
1631,16659843,"Amer Alkhalili","2026-09-30 12:56:58",1641.6,2,ameralkhalili
1632,16663252,"MD Concepcion","2026-09-29 23:34:46",1641.6,2,mikedconcepcion
1633,16675684,washamba_bots,"2026-09-30 18:47:14",1641.5,2,"billygmwangi,futurecentaur,peterkibetspidey,stephanenjoki"
1634,16723528,"Singaraj B","2026-09-29 01:53:01",1641.3,2,singarajb
1635,16661073,PyJa,"2026-09-30 23:47:53",1641.2,2,pixiux
1636,16808111,"Oliver #2","2026-09-30 18:07:32",1641.1,2,wangzn0410
1637,16697898,"Yin Li","2026-09-30 22:01:01",1641.0,2,kevin250304
1638,16896203,Qx_qingxi,"2026-09-30 16:37:34",1640.9,2,yongqiangtian
1639,16699856,yukio,"2026-09-30 15:24:41",1639.9,2,yukioseki
1640,16847478,tokitamago,"2026-09-30 14:44:58",1639.9,2,tokitamago
1641,16657229,"Adam Plow","2026-09-30 10:04:32",1639.7,2,lizhiiii
1642,16847412,SuzukiKazuma,"2026-09-30 14:17:00",1638.4,2,suzukikazuma
1643,16839972,"Yusuf Lee","2026-09-29 09:12:22",1638.4,2,yusuflee
1644,16891283,tofu1002,"2026-09-30 19:09:44",1638.2,2,tofu1002
1645,16729130,KoshinM,"2026-09-30 04:14:04",1638.2,2,koshinm
1646,16736931,"Sergei Fironov","2026-09-28 14:31:48",1637.5,2,sergeifironov
1647,16696762,SOSyuki,"2026-09-30 18:49:17",1636.4,2,sosyuki
1648,16840857,Meteor,"2026-09-30 11:34:24",1635.9,2,meteorkid
1649,16845531,"Suzuki Yuto - W","2026-09-30 08:58:47",1635.8,2,hoshinoyumemi
1650,16714057,"T0m0t0m0 W","2026-09-30 22:43:10",1635.6,2,t0m0t0m0w
1651,16793344,zyichi,"2026-09-30 01:35:32",1635.3,2,zyichi
1652,16857607,inny,"2026-09-30 22:33:45",1635.3,2,innycc
1653,16725403,tabetai28,"2026-09-30 15:21:34",1634.7,2,taichiabewaseda
1654,16823938,InSociEUP,"2026-09-30 05:55:35",1634.5,2,santanubanerjee9
1655,16861102,walnut11,"2026-09-29 23:33:55",1634.4,2,walnut11
1656,16774712,icelemon2004,"2026-09-30 20:48:42",1633.9,2,"guanghuchen,icelemon2004,mustard64"
1657,16920678,qinsuikang,"2026-09-30 16:11:37",1633.8,2,"qinsuikang,tudousisi"
1658,16732774,edchax,"2026-09-30 23:41:15",1633.8,2,"edchax,kevinkoza,slirche"
1659,16932849,"Siddhant Rajhans","2026-09-30 20:49:18",1633.8,2,siddhantrajhans
1660,16639625,"Dr Chandrasen Pandey","2026-09-28 05:28:20",1633.0,2,devchandra
1661,16731940,xxxxyt,"2026-09-30 08:55:33",1633.0,2,"shengqinxi,xmxgxcs,xxxxyt"
1662,16740659,haodou092,"2026-09-30 15:57:25",1631.0,2,haodou092
1663,16799832,"Maman Salto","2026-09-30 04:13:25",1630.3,2,saddamaditya
1664,16729859,wintermute,"2026-09-30 17:18:34",1629.6,2,siraev
1665,16769967,"Bill Fan","2026-09-29 00:57:08",1629.6,2,billfan88
1666,16749034,digitalChaos,"2026-09-30 12:00:19",1629.4,2,digitalchaos666
1667,16945364,胜你不须第二剑,"2026-09-28 08:10:34",1629.4,2,abinyzl123
1668,16834038,"Akio Furutsuka","2026-09-30 23:55:17",1629.0,2,akiofurutsuka
1669,16653939,"Amr Yasser","2026-09-30 12:18:33",1628.9,2,amryasswe
1670,16655631,"Djamila Benchikh","2026-09-28 20:37:08",1628.4,2,djamilabenchikh
1671,16755229,theearthcheng,"2026-09-30 14:56:22",1628.3,2,theearthcheng
1672,16841434,soraemon,"2026-09-30 15:11:43",1628.0,2,soraemon
1673,16884718,"Adele Yang","2026-09-30 23:58:01",1628.0,2,adeleascloud
1674,16740506,Growingduck,"2026-09-30 20:05:34",1627.7,2,jaeminkang2021
1675,16897821,bjthomas,"2026-09-30 13:33:02",1627.6,2,bjthomas
1676,16897610,"in blue","2026-09-30 22:34:24",1627.1,2,bhatiji
1677,16665077,"Mohit Babel","2026-09-30 07:58:27",1626.7,2,mohitbabel
1678,16783021,"TAN TIANYE","2026-09-30 08:18:56",1626.6,2,tantianye
1679,16653068,"Shuichi Fushimi","2026-09-30 16:35:58",1626.4,2,shuichifushimi
1680,16727745,auouer,"2026-09-30 19:22:09",1625.9,2,"auouer,guriken,hkamna,insightfulthinking"
1681,16660220,tomo11111,"2026-09-30 21:31:36",1625.8,2,tomo11111
1682,16837554,Quickpanda,"2026-09-30 06:45:10",1625.6,2,quickpanda
1683,16779171,Xunden,"2026-09-30 14:08:43",1625.1,2,xunden
1684,16795853,GaoKui,"2026-09-30 16:25:54",1625.0,2,gaokui
1685,16668610,Sian,"2026-09-30 14:24:35",1624.7,2,arki13
1686,16939076,"Solo runner","2026-09-26 23:10:19",1623.6,2,camronsanders
1687,16640600,"Giord Frank","2026-09-30 02:47:03",1623.6,2,"fggggg12345,tangerinedog"
1688,16777836,キムチ納豆,"2026-09-30 23:43:56",1623.5,2,ccchikuwa
1689,16732126,iwashi,"2026-09-27 18:45:45",1623.4,2,iwashi
1690,16809211,"Aleix López","2026-09-30 00:31:09",1623.4,2,aleixlopez
1691,16693342,takemo,"2026-09-30 22:23:55",1622.7,2,takemoriyuto
1692,16923115,"Takamasa Ueno","2026-09-28 02:06:50",1622.2,2,uentsz
1693,16730142,static,"2026-09-30 09:51:14",1622.2,2,huangshunhao
1694,16779110,markastra,"2026-09-30 03:10:28",1622.1,2,markastra
1695,16681848,Haraguchi-T,"2026-09-28 12:28:23",1621.8,2,haraguchit
1696,16793461,"Muhammad Hokimiyon","2026-09-30 18:54:13",1621.7,2,muhammadhokimiyon
1697,16667951,KoRo2_JP,"2026-09-30 18:13:27",1621.2,2,koro2jp
1698,16727784,Baen,"2026-09-29 07:21:34",1620.8,2,cairh22
1699,16936876,ZeroGrain,"2026-09-30 14:15:11",1620.6,2,"fengwenxu,liuhongyi2026,liyayay,ruihuang999"
1700,16732530,可抽奖的冰棒,"2026-09-30 12:59:24",1620.5,2,daniel1547
1701,16731971,s_a_ai_engineer,"2026-09-30 15:01:45",1620.4,2,saaienginner
1702,16659412,yesterdays_rebel,"2026-09-28 10:39:06",1620.4,2,irfanparaniya
1703,16623366,"Alexander Dudin","2026-09-30 23:54:11",1619.9,2,cyberecho
1704,16846968,kfous,"2026-09-30 20:03:08",1619.9,2,kfousekis
1705,16673881,"Sebastian Johansson","2026-09-29 07:55:16",1619.9,2,sebbejohansson
1706,16798724,"junfan shen","2026-09-28 12:41:51",1619.8,2,junfanshen
1707,16885137,"Manjunadh Padarthi","2026-09-29 19:40:36",1619.0,2,manjunadhpadarthi
1708,16888794,NonCaffeine,"2026-09-30 22:56:46",1618.6,2,noncaffeine
1709,16706227,"Wise Fancy","2026-09-30 04:45:48",1618.6,2,wisefancy
1710,16651402,"Mille Initiate","2026-09-28 08:52:31",1618.4,2,milleinitiate
1711,16845570,CHCV,"2026-09-30 06:59:33",1618.4,2,chcvpz
1712,16717901,"Ahmed Hazem Abdeltawab","2026-09-29 21:49:11",1617.8,2,ahmedhazem23
1713,16622420,RuiFSPinto,"2026-09-30 06:57:56",1617.6,2,ruifspinto
1714,16713743,oliver,"2026-09-30 21:13:49",1617.4,2,ollibolli
1715,16802752,hako22,"2026-09-30 21:33:13",1617.1,2,hako22
1716,16791943,tamref,"2026-09-30 09:26:19",1617.1,2,tamreff3290
1717,16738534,"Sakito Horie","2026-09-29 04:29:59",1616.4,2,sakitohorie
1718,16741516,"Anh Tu","2026-09-30 13:09:42",1616.2,2,natcs98
1719,16658830,"Farhat Pachisa","2026-09-30 04:21:03",1615.9,2,farhatpachisa
1720,16753567,wangkxu,"2026-09-29 02:39:09",1615.9,2,davics
1721,16672448,"Crisis Liu","2026-09-30 16:42:42",1615.8,2,crisisliu
1722,16879636,aaaaLiu123,"2026-09-30 15:53:59",1615.7,2,aaaaliu123
1723,16775749,Yurikada,"2026-09-30 01:23:39",1615.4,2,yosukeinada
1724,16700068,"My Little Pony","2026-09-30 15:26:31",1615.2,2,"buxiangzaoqi66,juliezhang131,yaoyilv"
1725,16772460,"Дмитрий Онин","2026-09-27 02:00:16",1615.1,2,rejo1ce
1726,16663229,kakuteki,"2026-09-30 19:57:43",1614.9,2,kakuteki
1727,16623875,"Pavlo Ivanin","2026-09-30 17:50:13",1614.9,2,pavloivanin
1728,16660046,"Ikki Katsuyama","2026-09-30 04:52:54",1614.8,2,kacchanwriting
1729,16671017,"Pablo César Ruíz","2026-09-30 06:57:19",1614.4,2,pcruiher08
1730,16632097,PavelLiashkov,"2026-09-30 00:04:19",1614.4,2,bigbag1983
1731,16638386,"Md Boktiar Mahbub Murad","2026-09-30 08:10:38",1614.1,2,mbmmurad
1732,16793396,...,"2026-09-28 09:02:01",1614.1,2,shackles6966
1733,16659464,"Héctor Valverde","2026-09-30 22:46:14",1614.0,2,hvpareja
1734,16709463,MKhlystun,"2026-09-29 22:11:26",1613.9,2,mkhlystun
1735,16775286,DanilAbdullin,"2026-09-28 11:42:03",1613.8,2,danilabdullin
1736,16676193,"Akira Hirohashi","2026-09-29 13:38:55",1613.7,2,akirahirohashi
1737,16758893,"Sercan Yeşilöz","2026-09-30 21:02:07",1613.5,2,sercanyesiloz
1738,16628456,kiro,"2026-09-29 06:30:32",1613.2,2,kirosamurai
1739,16851147,Saifuddin,"2026-09-30 13:04:21",1612.9,2,syehsyoh
1740,16655379,Ikeda0516,"2026-09-28 03:39:05",1612.8,2,ikeda0516
1741,16676455,"Sarthak Sharma ","2026-09-30 19:27:28",1612.5,2,sarthaksharma14
1742,16699947,HKmgikao,"2026-09-30 23:03:52",1612.4,2,hitoshikmgai
1743,16633944,Toru59er,"2026-09-28 00:04:27",1612.4,2,toru59er
1744,16640388,SANNNNN,"2026-09-30 01:05:02",1612.0,2,zuhairsan
1745,16755654,oQo,"2026-09-30 22:28:56",1611.8,2,oqoxodk6
1746,16621709,smlcr,"2026-09-30 23:47:51",1611.5,2,simulacri
1747,16671424,cicen1139,"2026-09-30 05:38:05",1611.4,2,cicen1139
1748,16625060,"Subin An","2026-09-30 23:20:51",1611.4,2,subinium
1749,16851557,SunaoCool,"2026-09-28 00:03:30",1611.4,2,yoshikinishita
1750,16910041,"Gorgulu Fried Chicken Wings","2026-09-30 23:52:11",1610.8,2,"jingshixu,ooorangecatt"
1751,16632240,Deepseek的恩情还不完,"2026-09-30 04:43:37",1610.6,2,"iwanys,pedianeko,realybin,theunforgiven7"
1752,16894196,"Qiank Chen","2026-09-28 21:56:56",1610.6,2,qiankchen
1753,16797543,Tarang222,"2026-09-27 19:17:22",1610.4,2,tarang222
1754,16865949,bhaskar9221,"2026-09-29 18:12:35",1610.1,2,bhaskarkumar11
1755,16655128,"Somasundar V","2026-09-30 16:20:38",1610.0,2,somasundarv
1756,16659972,"Pelamovic ","2026-09-30 12:17:17",1610.0,2,pelamovic
1757,16775686,"Max Podd","2026-09-29 12:54:08",1609.4,2,maxpodd
1758,16743015,"Sword's Frost","2026-09-29 03:29:55",1608.9,2,alexwilliam7
1759,16635818,F.A.Nina,"2026-09-29 23:35:38",1608.7,2,nina2025
1760,16893046,ClaudiCulture,"2026-09-30 23:19:54",1608.6,2,ortimusprime
1761,16755049,gamesu7107,"2026-09-29 04:02:49",1608.5,2,gamesu7107
1762,16762957,邪悪な暁山瑞希、ジャガイモを量産してフライドポテト市場を独占,"2026-09-28 15:10:55",1608.3,2,yinzimike
1763,16718937,62326368,"2026-09-30 19:57:17",1608.2,2,mooniim
1764,16653093,"willam wu","2026-09-29 16:04:05",1608.0,2,biaaib
1765,16662846,"Kerem Ercin","2026-09-29 15:22:13",1607.9,2,keremercin
1766,16943709,ser5kovskiy,"2026-09-30 18:02:28",1607.8,2,sergeypyatkovskiy
1767,16743218,RYUSHI,"2026-09-30 00:57:31",1606.7,2,ryushisa
1768,16858984,Katherine_2002,"2026-09-30 14:58:55",1605.8,2,katherine2002
1769,16878026,yamazaking,"2026-09-28 23:42:03",1605.8,2,zacky21
1770,16630984,TakamaruEX,"2026-09-30 09:57:19",1605.8,2,takamaruex
1771,16889296,"Takauchi Suguru","2026-09-30 12:07:08",1605.8,2,gurusut
1772,16905517,Marti,"2026-09-30 03:14:21",1605.7,2,marticn
1773,16634493,xixi,"2026-09-28 15:33:24",1605.6,2,huangcarry26
1774,16723272,"Rimsha Kanwal","2026-09-27 19:29:56",1605.4,2,rimsha234
1775,16855885,"Shinonome Seiga","2026-09-30 14:30:37",1605.3,2,shinonomeseiga
1776,16668737,"Abish Pius","2026-09-30 01:06:37",1605.3,2,abishpius
1777,16802322,HongchenDai,"2026-09-30 08:12:39",1604.9,2,hongchendai
1778,16653260,"Kadouci Abdelhak","2026-09-29 20:54:13",1604.9,2,kadouciabdelhak
1779,16674526,"Imdadul hasan hamim","2026-09-29 12:57:08",1604.7,2,imdadulhasanhamim
1780,16792410,"Taewoong Kim","2026-09-30 00:27:50",1604.7,2,aleaiest
1781,16948694,"Bob Jeff","2026-09-27 04:55:57",1604.7,2,bobrg123
1782,16685358,"Nuno Ferreira","2026-09-30 07:14:10",1604.3,2,ngcferreira
1783,16836633,Yukino487,"2026-09-30 11:26:32",1604.3,2,"xingyulll,yukino487"
1784,16709930,llRX,"2026-09-30 16:24:22",1604.3,2,"bankkobe,leojeel,ruikaihong"
1785,16670453,141,"2026-09-30 08:22:24",1604.0,2,"muhammadmustafaxo,siddiqshah"
1786,16670229,Munshi-PremChand,"2026-09-30 23:58:56",1604.0,2,munshipremchand
1787,16732670,minoneru,"2026-09-30 04:51:24",1604.0,2,kotaminoshima
1788,16666393,saikyo,"2026-09-30 02:45:27",1604.0,2,kyosaikyo
1789,16669204,Scout,"2026-09-30 18:56:17",1603.8,2,"aeryst,divyanshxanshu,mridulahluwalia06,shlokgoyal1234,smaggr"
1790,16634765,democatXamer,"2026-09-30 19:19:06",1603.6,2,w1326627677
1791,16765807,"Win Suthar","2026-09-30 14:54:52",1603.3,2,ashwanidhukra
1792,16630015,星之海,"2026-09-30 19:04:12",1602.9,2,web3cainiao
1793,16905685,小娃娃是娃娃里较小的娃娃,"2026-09-30 15:01:10",1602.6,2,xiewenwei29
1794,16858087,"Mohd Aasim Ansari","2026-09-30 10:23:23",1602.3,2,aasim2003
1795,16763505,"Sai Reddy Pothireddy","2026-09-30 19:14:41",1601.9,2,saireddypothireddy
1796,16656432,"CornHub Premium","2026-09-30 15:34:33",1601.8,2,nihilisticneuralnet
1797,16660313,Ctrl+Code,"2026-09-30 05:13:53",1601.8,2,"jayashankar369085,parnikasm"
1798,16891115,tkm7510,"2026-09-30 23:04:22",1601.8,2,tkm7510
1799,16721805,kavunidze,"2026-09-30 17:50:34",1601.7,2,kartu72
1800,16753515,"Yosif EL-Rammaal","2026-09-29 01:15:43",1601.6,2,yosifelrammaal
1801,16783459,LKQ669,"2026-09-30 21:00:28",1601.4,2,lkq669
1802,16756492,satokato,"2026-09-27 09:08:44",1601.3,2,satokato
1803,16881913,"Dhanush Reddy B H","2026-09-29 16:03:41",1601.3,1,dhanushreddybh
1804,16739018,"Zhou Songyu","2026-09-30 19:42:04",1601.1,2,zhousongyu
1805,16793287,"Kim Jinseo","2026-09-30 13:33:16",1601.1,2,kimjinseo1
1806,16677217,Panos,"2026-09-29 21:49:43",1600.9,2,panosc
1807,16717289,JackChenghao,"2026-09-30 02:36:51",1600.8,2,jackchenghao
1808,16662051,"Salem Ali","2026-09-30 07:54:54",1600.7,2,salemali7
1809,16692678,Nerozud,"2026-09-30 22:43:46",1600.6,2,"lorerubiano22,nerozud"
1810,16881681,失忆的海_,"2026-09-30 04:20:33",1600.5,2,shiyidehai
1811,16660678,"Chaitanya Sonaje","2026-09-30 12:14:49",1600.3,2,chaitanya205
1812,16696960,pi-500.phys,"2026-09-28 15:52:33",1600.2,2,pi500phys
1813,16840212,anngle,"2026-09-30 14:12:07",1600.2,2,anngle
1814,16740815,Remielle,"2026-09-30 16:33:41",1600.2,2,remielle
1815,16842242,"Scott Kirila","2026-09-27 09:00:25",1600.2,2,scottkirila
1816,16665294,"Thái Văn Tài","2026-09-29 09:09:00",1600.2,2,thivnti
1817,16765327,master_ssx,"2026-09-27 22:55:19",1600.1,2,masterssx
1818,16665919,"Labmem Tang","2026-09-30 16:43:30",1599.9,2,labmemtang
1819,16674932,kokinnwakashuu,"2026-09-29 21:51:03",1599.8,2,kokinnwakashuu
1820,16710140,Lynxx,"2026-09-30 17:21:38",1599.7,2,lynnsakurai
1821,16932850,"Amir Ghazi","2026-09-28 23:32:13",1599.6,2,amirghazi
1822,16743988,"Akhilesh Vinnakota","2026-09-26 04:20:38",1599.4,2,akhileshvinnakota
1823,16841747,"Carlos Bósquez","2026-09-30 17:36:19",1599.4,2,carlosbsquez
1824,16823981,"mou mou","2026-09-30 03:46:00",1599.2,2,moumou6322
1825,16688907,青烟,"2026-09-30 14:15:13",1599.1,2,"imagine4391,mortal4416"
1826,16938488,Firdannn,"2026-09-29 11:33:25",1598.9,2,firdannn
1827,16623938,flashthunder,"2026-09-29 08:55:57",1598.9,2,thunderflash
1828,16799132,"Marlon Vasquez","2026-09-29 01:50:15",1598.8,2,vexmeavf
1829,16736542,YuRuiZe,"2026-09-30 19:53:35",1598.7,2,ruoyuruize
1830,16662628,AbhiniveshSharma5354,"2026-09-30 21:30:34",1598.6,2,abhiniveshsharma5354
1831,16632138,kaggle_bbgg,"2026-09-30 00:04:38",1598.3,2,kagglebbgg
1832,16919647,moo_&yuu1,"2026-09-30 12:43:52",1598.3,2,"a91zjy,mooyuu"
1833,16724806,rin2401,"2026-09-29 01:42:12",1598.2,2,rin2401
1834,16655912,sssskilo,"2026-09-29 20:50:38",1597.9,2,wellkilo
1835,16717572,kiyomiya-k,"2026-09-27 15:46:20",1597.8,2,kiyomiyak
1836,16627148,"HUNGRED XYIS","2026-09-29 07:37:00",1597.7,2,"gleny48,makarrogovik,wooler1"
1837,16730446,photunix,"2026-09-30 22:54:08",1597.6,2,photunix
1838,16881857,Pheonix,"2026-09-27 12:07:16",1597.4,2,vikasg1711
1839,16941364,anto,"2026-09-30 08:33:26",1597.3,2,"yeohzhonghanervin,yueyaozzz"
1840,16921800,tmcoder,"2026-09-29 14:21:08",1597.3,2,tm0428
1841,16732690,なーでぃー牧場,"2026-09-30 08:32:30",1597.2,2,nadyresearcher
1842,16851133,"Bryan Pauze","2026-09-30 00:50:54",1597.1,2,bryanpauze
1843,16681858,"Rishav Sanjay","2026-09-30 18:04:57",1596.9,2,rishavsanjay
1844,16716317,yzyhello,"2026-09-30 08:47:12",1596.8,2,"dalll77,yzyhello"
1845,16706395,"Kunal Desale","2026-09-30 04:00:43",1596.4,2,kunaldesale2408
1846,16859316,LP,"2026-09-27 16:54:45",1596.3,2,lihu6666
1847,16650181,victorvv,"2026-09-29 13:57:14",1596.2,2,whs66666666666
1848,16731270,"Arthurs Torres24","2026-09-29 17:34:57",1595.7,2,arthurstorres24
1849,16779304,"Ari Nakos","2026-09-30 19:24:43",1595.6,2,aristides
1850,16658044,"Roshan Singh","2026-09-22 21:43:31",1595.4,2,roshanavadheshsingh
1851,16640873,"Takumu Hata","2026-09-30 10:09:29",1595.2,2,takumuhata
1852,16706004,Divyansh,"2026-09-30 12:19:32",1595.1,2,sehgaldivyansh
1853,16624893,"GURU Prasaatha S","2026-09-30 19:54:45",1594.9,2,guruprasaathas111
1854,16663259,erush,"2026-09-30 04:24:56",1594.9,2,erushia
1855,16784561,"Rodrigo Ramón","2026-09-30 20:55:10",1594.6,2,rodrigoramn
1856,16776738,"Kundan Bhaskar","2026-09-28 18:53:39",1594.3,2,kundan007
1857,16641230,"An V1","2026-09-28 15:19:03",1593.9,2,barakuga
1858,16882280,K_daisuke,"2026-09-29 13:08:39",1593.9,2,kawakamidaisuke
1859,16850198,"Daiki Yasui","2026-09-28 14:32:25",1593.9,2,daikiyasui
1860,16624919,"Juste Me (●'◡'●)","2026-09-30 22:40:50",1593.8,2,degnonguidi
1861,16804827,"Bala Baskar","2026-09-28 13:55:41",1593.8,2,balabaskar
1862,16866933,tech-Mira,"2026-09-30 15:57:07",1593.8,2,itsukiito
1863,16880296,"CT in CS","2026-09-30 08:27:24",1593.8,2,"anhphamtranminh,nguyenvietdat,nnvietha,toanleducanh"
1864,16944892,Daijingping,"2026-09-29 04:00:52",1593.7,2,daijingping
1865,16880830,Piyorin,"2026-09-27 13:07:49",1593.6,2,mystakhs
1866,16752104,WYSSR1225,"2026-09-30 05:39:25",1593.4,2,wyssr1225
1867,16652214,Zhenrui.Weng,"2026-09-30 02:21:52",1593.3,2,zhenruiweng
1868,16865261,"Kamal Kadakara","2026-09-30 21:26:34",1593.2,2,kamalkadakara
1869,16622121,xz,"2026-09-27 17:11:33",1593.2,2,xiaoz259
1870,16839427,kooooozh,"2026-09-29 15:58:50",1592.9,2,grigoriykozhemyakin
1871,16709339,"Mohammad Javad Dianat","2026-09-29 08:51:42",1592.9,2,dianatofficial
1872,16658382,vladee,"2026-09-29 11:34:02",1592.4,2,vladee
1873,16770785,Brahim,"2026-09-29 09:51:58",1592.2,2,brahimdriss
1874,16694138,Alex,"2026-09-30 20:29:37",1592.2,2,alex789
1875,16896273,Elooquence,"2026-09-28 09:44:17",1592.1,2,"elooquence,opulencee,piicturesque"
1876,16806014,"weihao huang2004","2026-09-30 04:17:55",1592.0,2,weihaohuang2004
1877,16670210,"Ali Alghaithi","2026-09-29 02:27:46",1592.0,2,alioman
1878,16939445,Dylan,"2026-09-30 01:46:44",1591.9,2,dylan2778
1879,16696997,coolin666,"2026-09-30 18:00:18",1591.9,2,coolin666
1880,16657576,"SUBHASH B","2026-09-30 16:39:18",1591.8,2,"rishikrish1,subhashb21022"
1881,16657091,raw2clean,"2026-09-30 17:11:58",1591.8,2,raw2clean
1882,16641982,ZotAZaw3,"2026-09-30 03:47:36",1591.8,2,zotazaw3
1883,16663213,"Takahiro Someya","2026-09-27 09:34:49",1591.7,2,takahirosomeya
1884,16773098,Apa,"2026-09-30 09:46:02",1591.6,2,yasso1
1885,16796840,ezalbxx,"2026-09-29 20:17:55",1591.5,2,ezalbxx
1886,16740161,r2singh,"2026-09-29 14:02:23",1591.5,2,ratnaraj
1887,16667964,Shuiys,"2026-09-30 14:42:28",1591.5,2,ysshui
1888,16649314,"Yuka,Ota","2026-09-30 12:15:05",1591.3,2,yukaika
1889,16634312,"Linh Le","2026-09-29 09:26:19",1591.2,2,linhlethuy
1890,16907246,VROPEXT,"2026-09-28 15:05:06",1591.1,2,vropext
1891,16717794,souldrive,"2026-09-30 02:38:49",1591.1,2,souldrive
1892,16930655,"Abdalrahman mohamed","2026-09-30 13:14:40",1591.1,2,abdalrahmanmohamed3
1893,16758905,"Iwa Iwa","2026-09-30 18:29:36",1590.9,2,iwaiwa
1894,16847275,"Giovanni Marco Dall'Olio","2026-09-30 09:07:58",1590.8,2,dalloliogm
1895,16622032,"Raunak Dey","2026-09-30 10:25:25",1590.4,2,raunakdey07
1896,16863538,e-toppo,"2026-09-29 01:48:36",1590.2,2,masatomatsui
1897,16863329,"Alvaro Mendizabal","2026-09-30 23:56:19",1590.1,2,alvaromendizabal
1898,16791248,"Ioannis Tzachristas","2026-09-30 19:24:03",1590.0,2,"ioannistzachristas,lilishyxf"
1899,16759250,"Harsh Jain","2026-09-30 13:56:51",1589.7,2,harshjain123
1900,16777961,qiwaki,"2026-09-28 14:54:32",1589.6,2,resonayu
1901,16715933,Scomics,"2026-09-30 09:00:16",1589.4,2,"bruceche7797,dongyiqun,jyxxxx"
1902,16935893,lixusb,"2026-09-30 08:44:36",1589.2,2,lixusb
1903,16693549,別班,"2026-09-30 18:47:59",1589.1,2,"kusurizuke,pepushi,tomokiaki"
1904,16663999,"Colton Martin","2026-09-29 19:32:14",1588.9,2,coltonmartinnn
1905,16742369,"Ömer Faruk Yüce","2026-09-30 21:05:12",1588.8,2,merfarukyce
1906,16806376,pardival,"2026-09-30 15:09:20",1588.6,2,pardival
1907,16690338,dvv_ram,"2026-09-30 18:14:56",1588.5,2,ddvram
1908,16626732,islet,"2026-09-30 21:48:14",1588.4,2,kojimar
1909,16841335,abondrn,"2026-09-29 00:38:13",1588.3,2,abondrn
1910,16668227,Yusuraume,"2026-09-30 22:49:56",1588.3,2,sugitatomohiko
1911,16865070,carlos-tagosaku,"2026-09-30 23:50:35",1588.3,2,sousugiyama
1912,16753974,"David Goldrajch","2026-09-30 17:06:35",1588.2,2,elie2003
1913,16631090,yoikoarmor,"2026-09-30 19:24:20",1588.0,2,yoikoarmor
1914,16904732,Weifenhuan,"2026-09-30 13:02:43",1587.9,2,schwa6
1915,16671412,Xman,"2026-09-30 17:58:12",1587.9,2,xuanzhang001
1916,16801457,"Anthropic Banned My Account","2026-09-30 17:11:04",1587.8,2,subaru486
1917,16807875,meghana,"2026-09-30 16:29:18",1587.8,2,meghana284
1918,16639565,yasu,"2026-09-30 01:10:55",1587.7,2,yasutakababa
1919,16778469,"Tamandeep Singh","2026-09-27 17:09:21",1587.2,2,tamandeep1024
1920,16656143,"Debanshu Mallick","2026-09-27 07:55:25",1587.2,2,debanshumallickiisc
1921,16930934,LosiSt,"2026-09-29 14:00:55",1587.1,2,losist
1922,16634803,hongzhouzhou,"2026-09-30 21:17:10",1587.0,2,afterrain42
1923,16671133,Kazeneko,"2026-09-30 12:38:27",1586.9,2,kazeneko77
1924,16699045,"Abu Kayyisah Basyid","2026-09-27 16:15:38",1586.8,2,abukayyisahbasyid
1925,16621481,"zero waste","2026-09-27 17:17:22",1586.7,2,chinnaphatkhun
1926,16887476,"Memory Engineer","2026-09-29 05:36:36",1586.4,2,salazarslytherin
1927,16711918,"Pavel Filin","2026-09-28 17:37:31",1586.4,2,pavelfilin
1928,16668406,"VAP RF5","2026-09-27 16:51:03",1586.2,2,vaprf5
1929,16709712,iwa_hueai,"2026-09-28 02:01:16",1586.1,2,"sdcarson,yetanothercoder"
1930,16732666,"Stefano Blando","2026-09-30 22:08:06",1585.8,2,stefanoblando
1931,16668688,"Nezihe Sözen","2026-09-30 10:32:16",1585.7,2,nezihesozen
1932,16795086,Leroll,"2026-09-29 05:35:15",1585.7,2,leroll
1933,16623630,noobanot,"2026-09-30 23:57:34",1585.6,2,noobanot
1934,16694016,"Prajwal M","2026-09-30 12:05:59",1585.5,2,estrick
1935,16644808,"Rotation Theory","2026-09-30 20:56:25",1585.4,2,mikhsank
1936,16910137,imissher,"2026-09-28 22:51:45",1585.2,2,tule12345
1937,16713457,"Poor farmer","2026-09-30 16:55:11",1585.2,2,trnhip
1938,16745995,"Guido Tapia","2026-09-28 05:26:17",1585.2,2,guidotapia
1939,16639507,Homii_N,"2026-09-27 20:22:41",1585.1,2,homeshwarrao
1940,16654373,thwaitsusa2,"2026-09-30 23:54:43",1584.9,2,thwaitsusa2
1941,16697185,"Prince Special","2026-09-30 23:24:10",1584.8,2,temitayogbolahan
1942,16652631,"Panagiotis Anagnostou","2026-09-29 07:48:13",1584.7,2,panosanag
1943,16630829,Ivan1625,"2026-09-29 13:20:53",1584.7,2,ivan1625
1944,16932413,"Evgeny Bratkovsky","2026-09-30 16:54:01",1584.7,2,bratkovskyevgeny
1945,16663457,Furqan102102,"2026-09-29 18:55:19",1584.4,2,furqan102102
1946,16846010,muelsyse111,"2026-09-30 15:18:11",1584.2,2,"muelsyse111,zltrqn"
1947,16778627,LXZ538,"2026-09-30 15:45:25",1584.1,2,lxz538
1948,16741639,kirito83,"2026-09-30 19:16:06",1584.0,2,lishsh83
1949,16716949,ligaydima,"2026-09-30 23:52:34",1583.9,2,ligaidima
1950,16893006,"Duvor Richard","2026-09-27 16:21:20",1583.9,2,duvorrichard
1951,16885735,keith,"2026-09-28 22:26:52",1583.8,2,kamatt
1952,16903912,樱花冷月,"2026-09-30 09:38:48",1583.8,2,yinghualengyue
1953,16654076,"Son Pham","2026-09-29 02:50:04",1583.7,2,sonphamorg
1954,16824664,wozijishuode,"2026-09-30 14:49:18",1583.7,2,jamsubmarines
1955,16662949,"Will English","2026-09-29 15:45:33",1583.5,2,dubascudes
1956,16689844,IchikaHoshino,"2026-09-26 12:20:19",1583.4,2,htunkhi
1957,16686918,JustinLee,"2026-09-30 14:21:46",1582.9,2,justin2061
1958,16662684,"Harshini Reddy","2026-09-30 21:10:10",1582.6,2,luffyh04
1959,16795070,"HKUST Random","2026-09-28 15:11:10",1582.6,2,siulungfan
1960,16712796,"Kumar Saurabh","2026-09-30 18:39:32",1582.5,2,bakakaka
1961,16784416,tatt:)ch,"2026-09-30 23:58:03",1582.4,2,"awewrasdffetfe,jay051012,tattch,yjy10086"
1962,16865470,J.Moriuchi,"2026-09-29 15:14:12",1582.3,2,hesoponyo
1963,16716335,JamesJJJJJ,"2026-09-27 21:40:36",1582.1,2,jamesjjjjj
1964,16659730,"Zhang Yingluo","2026-09-30 23:56:21",1582.1,2,zhangyingluo
1965,16802578,Yuuki4543,"2026-09-30 19:29:35",1581.6,2,yuuki4543
1966,16668262,spbforce,"2026-09-27 20:01:54",1581.1,2,spbforce
1967,16826582,natsu,"2026-09-30 23:43:15",1580.8,2,okamotonatsuo
1968,16734914,bharat,"2026-09-30 21:31:27",1580.4,2,bharatmohan
1969,16771394,"ZHIRUI ZHAO","2026-09-30 14:58:22",1580.3,2,"harr23,zhiruizhao"
1970,16716078,H&E,"2026-09-30 09:10:23",1580.2,2,"jenzenhuang,luwyeb,wafflebear,wenjiewangdev"
1971,16808526,iheng88,"2026-09-30 14:56:20",1580.2,2,iheng88
1972,16945162,"Farm Hullabaloo","2026-09-27 15:06:50",1579.9,2,nids21s
1973,16727182,FinalSunFlower,"2026-09-30 22:47:47",1579.8,2,"finalsunflower,wubingheng"
1974,16806346,"Mike chen666","2026-09-29 14:19:24",1579.4,2,"mikechen666,tiffanyjade"
1975,16734715,史永刚,"2026-09-30 07:47:23",1579.2,2,shizehao
1976,16769116,qiuqiu,"2026-09-30 08:22:57",1578.9,2,qiuqiuh
1977,16657093,"sixer srinath","2026-09-30 15:50:10",1578.7,2,srinath2495
1978,16930387,Stevenzhao26,"2026-09-30 05:31:45",1578.1,2,stevenzhao26
1979,16918941,"E-Max AI","2026-09-30 18:45:15",1578.1,2,royalacecat
1980,16639289,"ne Artem Savchenko","2026-09-30 16:26:19",1578.1,2,neartemsavchenko
1981,16692956,VanKoha,"2026-09-30 08:28:26",1578.0,2,kohasama
1982,16644690,Dubnium,"2026-09-30 23:50:06",1577.6,2,ahmetyasin1
1983,16730688,zy,"2026-09-26 17:59:04",1577.5,2,justforwin
1984,16865168,"Maksym Bilychenko","2026-09-29 18:51:40",1577.5,2,mbilichenko
1985,16759500,lolzpo,"2026-09-30 23:06:55",1577.5,2,lolzpo
1986,16937798,"Semih Temiz","2026-09-30 18:39:52",1577.3,2,semhtemiz
1987,16697461,Agricroporation,"2026-09-29 13:51:54",1577.0,2,"algionightly,kroissant7,officialabhinavsingh"
1988,16940953,"Bob Liu","2026-09-30 23:40:14",1577.0,2,bobliu02041302
1989,16879185,"xuhang ren","2026-09-30 08:03:40",1576.4,2,xuhangren
1990,16735741,"Фермеры чист","2026-09-29 07:23:13",1576.1,2,"gdreallygoodman,maksonch1k"
1991,16764605,"Bandito Gangesterito","2026-09-30 12:11:57",1576.0,2,"mrtrueteller,restovrator"
1992,16631536,kglctf,"2026-09-30 13:25:20",1576.0,2,kglctf
1993,16890503,KevinYongxin,"2026-09-28 02:05:34",1575.9,2,yongxinkwan
1994,16656011,"Jiashun Tan","2026-09-28 08:56:10",1575.9,2,jiashuntan
1995,16740431,yuikag,"2026-09-30 22:36:37",1575.8,2,yuikag
1996,16621595,"Farmers From Punjab","2026-09-27 05:14:16",1575.6,2,alisalmanrana
1997,16824014,"Kotaro Kikuchi","2026-09-30 23:55:57",1575.1,2,kotaro1129
1998,16639746,"Kyle Wang","2026-09-30 23:55:58",1575.0,2,ky1ewan9
1999,16658665,ChandramouliNagasundaram,"2026-09-30 21:54:30",1574.9,2,"enginegeneral,mouliindian"
2000,16641524,AkiraIshikawa,"2026-09-30 14:19:54",1574.9,2,akiraishikawa
2001,16930459,Ela,"2026-09-30 09:11:10",1574.8,2,pentol
2002,16831179,"Andrey Baranov","2026-09-30 14:31:34",1574.7,2,baranov
2003,16709519,"p pxl16","2026-09-30 16:34:46",1574.6,2,ppxl16
2004,16884028,"Jayden Y","2026-09-30 14:22:25",1574.6,2,jy0810
2005,16670883,G*Sim,"2026-09-29 21:13:38",1574.1,2,guillaumesimiand
2006,16895147,"DL Julius","2026-09-30 23:44:58",1573.8,2,dljulius
2007,16707383,"codex is all you need","2026-09-29 05:18:56",1573.5,2,chizhu2018
2008,16761744,"Daiki Takahashi","2026-09-29 12:19:44",1572.5,2,daikitakahashi
2009,16698136,"David Estevez","2026-09-30 23:32:02",1572.0,2,destbreso
2010,16657877,zigiella,"2026-09-29 19:45:21",1571.9,2,zigiella
2011,16822002,shiokoh,"2026-09-30 14:31:39",1571.9,2,shiokoh
2012,16668071,"Ali Eren Oğuztaş","2026-09-29 10:48:46",1571.9,2,alierenouzta
2013,16939469,dingzhen,"2026-09-30 17:47:26",1570.9,2,yiyaog
2014,16727110,yemaoye,"2026-09-30 10:34:07",1570.6,2,"luckyappley,yemaoye"
2015,16754567,"Ashraf 1232","2026-09-30 07:44:46",1570.5,2,ashraf1232
2016,16660413,Ritesh-2006,"2026-09-28 07:26:27",1570.4,2,ritesh2006
2017,16742362,"AMANI DD","2026-09-28 17:32:09",1570.3,2,dkonan
2018,16850522,WayneCheng,"2026-09-29 05:08:23",1570.2,2,taffy1883
2019,16736079,Maxy5illion,"2026-09-29 06:18:21",1570.0,2,maxy5illion
2020,16865693,Eda,"2026-09-30 12:21:35",1569.9,2,edagram
2021,16874388,"Shuqi Zhang","2026-09-30 14:52:38",1569.8,2,"giadungho,sasalisa"
2022,16842828,"Smiley Flour","2026-09-27 12:44:57",1569.3,2,"ddlinh212,nguyenvlm"
2023,16762195,eliasruntime,"2026-09-29 11:35:08",1569.1,2,eliasruntime
2024,16764394,haseryooooo,"2026-09-30 09:37:37",1568.5,2,haseryooooo
2025,16653927,"Fernando GH H","2026-09-30 18:41:19",1568.4,2,fernandoghh2
2026,16629787,FlameZywoo,"2026-09-30 14:46:34",1568.2,2,zgdllt
2027,16750364,Tangruichen,"2026-09-30 17:27:21",1568.1,2,device666kunkun
2028,16661570,"sissoko cheick","2026-09-30 09:08:41",1568.1,2,sissokocheick
2029,16945973,e3k,"2026-09-30 16:39:04",1567.8,2,ekleezhya
2030,16658038,Khanh,"2026-09-30 16:47:48",1567.2,2,khanhp142
2031,16791977,JeremyLIU858,"2026-09-30 04:20:31",1567.1,2,jeremyliu1997
2032,16917796,"Kazuma Shimokawa","2026-09-29 05:22:19",1567.0,1,kazumashimokawa
2033,16763767,"Carson Zhang","2026-09-28 08:58:52",1567.0,2,zmcddn
2034,16623603,"Renji Starfall","2026-09-30 16:04:42",1567.0,2,renjistarfall
2035,16623836,awarse,"2026-09-30 05:19:18",1566.4,2,awarse
2036,16731678,ShadowT_T,"2026-09-30 21:05:52",1566.2,2,shadowtt
2037,16677855,Mehrdad_LU,"2026-09-30 19:54:00",1565.9,2,mehrdadal2023
2038,16741932,"Michael Chen","2026-09-30 16:00:24",1565.8,2,fuqiangchen
2039,16652659,Eos,"2026-09-29 16:11:17",1565.7,2,vvickeyy
2040,16864016,"Setu Chokshi","2026-09-24 15:06:01",1563.5,2,setuch
2041,16948826,"Viswesh Suri","2026-09-27 18:23:19",1563.2,2,visweshsuri
2042,16935813,MINGHUN,"2026-09-30 15:17:37",1562.7,2,"aiwuhui,jiyuhao1213"
2043,16641348,wata,"2026-09-30 12:21:44",1562.6,2,iwatahiroki
2044,16630331,"Mohamed El-Nageeb","2026-09-30 23:04:27",1562.5,2,thelastsmilodon
2045,16661039,Abracadabra,"2026-09-30 15:38:20",1562.3,2,giovannicr
2046,16671150,Mc10nys0n,"2026-09-29 14:39:08",1562.1,2,rattanunt
2047,16658962,"Fabian Friedland","2026-09-30 11:56:59",1561.9,2,fabotelli
2048,16671659,Jiang,"2026-09-25 10:48:42",1561.2,2,jncq2006
2049,16936280,dev.asad67,"2026-09-29 21:49:08",1560.9,2,devasad67
2050,16681369,GanadorPlusUltra,"2026-09-29 16:18:56",1560.1,2,ganadorplusultra
2051,16694149,maxout,"2026-09-30 16:06:52",1560.0,2,"aadijoshi19,kavyabhand"
2052,16657277,"Dude and Destroy","2026-09-30 15:23:56",1559.6,2,raymondbrookman
2053,16672468,ComposeMage,"2026-09-30 18:19:57",1559.2,2,composemage
2054,16727893,mmwstudy,"2026-09-26 07:43:03",1558.0,2,mmwstudy
2055,16685649,YUYUTA,"2026-09-30 22:39:36",1557.6,2,yuyuta
2056,16824931,Magniverko,"2026-09-29 08:38:41",1557.5,2,huangyingkun
2057,16839902,"Sōsuke Aizen","2026-09-30 20:01:19",1557.4,2,"soukeaizenz,souvikdbiswas"
2058,16848208,"Takuto Inoue","2026-09-30 10:54:59",1557.2,2,takutoinoue
2059,16632735,"No Free Lunch, Only Melons","2026-09-29 20:02:49",1557.0,2,kawaharataishi
2060,16793340,bee_lx_xl,"2026-09-30 22:42:36",1555.7,2,beelxxl
2061,16741527,meiyoun,"2026-09-30 14:36:39",1555.4,2,"guetsg,meiyoun,miraclehat"
2062,16944401,summer_desire,"2026-09-30 07:06:36",1555.3,2,summerdesire
2063,16939044,pioneerqaz,"2026-09-29 15:38:06",1555.3,2,pioneerqaz
2064,16806568,"Mumtaz Ahmad Maitla","2026-09-28 07:11:40",1554.1,2,mumtazahmadmaitla
2065,16744842,juisajdiasd,"2026-09-30 14:56:52",1553.6,2,juisajdiasd
2066,16886298,amosokello451,"2026-09-30 20:56:46",1551.7,2,amosokello451
2067,16708296,LUCKY2,"2026-09-30 08:38:14",1549.9,2,carolezountangni
2068,16948957,KIT0,"2026-09-30 23:42:04",1549.8,2,kit024
2069,16926111,"Somya Patra","2026-09-30 11:39:55",1549.7,2,somyapatra
2070,16674949,"Lev Neganov","2026-09-27 00:07:06",1549.3,2,levoel
2071,16668168,"Desh ke Mitron","2026-09-28 14:41:54",1549.2,2,"asce09,attiraina,hashlord"
2072,16658474,you,"2026-09-30 17:59:28",1548.1,2,"huyimin517517,touyouzhaji,wumingshi2006,zxinzzzz"
2073,16651695,"Fried Chicken Lovers","2026-09-30 16:21:42",1547.5,2,"gwey1025,koushikrudra,kragglenote2forwork"
2074,16674385,"qr farm","2026-09-30 19:59:05",1547.0,2,qrz1201
2075,16867671,Abhinav0370,"2026-09-26 16:03:44",1546.1,2,abhinav0370
2076,16948146,tsuka3a_soc,"2026-09-29 04:49:13",1545.4,2,tsuka3asoc
2077,16794536,HirokiTaniai,"2026-09-29 14:32:31",1545.3,2,nyokinyoki
2078,16778744,"Shunsuke Hayashi","2026-09-30 23:00:22",1545.2,2,shunsukehayashi1993
2079,16744979,"Ahmed Alhassan","2026-09-13 21:51:58",1544.7,2,ahmed55
2080,16927351,"Bryan Yahir Hernandez","2026-09-27 19:28:33",1544.3,2,bryanhernandez
2081,16682183,lihaha.36,"2026-09-30 15:57:36",1544.1,2,lihaha36
2082,16936121,herens,"2026-09-29 04:14:44",1543.9,2,herens
2083,16805949,Bigplanedoesnotflyfast,"2026-09-30 03:07:56",1543.6,2,ronav48902753425
2084,16949867,SangZG,"2026-09-30 23:58:35",1542.8,2,sangzg
2085,16790585,wzyxp_123,"2026-09-29 14:53:09",1542.3,2,cloudssdut
2086,16659719,"Subha Prakash Pattnaik","2026-09-30 23:55:46",1542.2,2,quantumwars
2087,16639971,"qi yun","2026-09-29 21:38:37",1541.6,2,qiyun280
2088,16632715,cmasch,"2026-09-30 21:12:40",1541.4,2,cmasch
2089,16663963,M0h4m3d-Byte,"2026-09-30 17:12:35",1541.1,2,dev3mohamed
2090,16924480,Manasa.ai,"2026-09-30 10:13:57",1541.0,2,manasaai
2091,16779977,sue124,"2026-09-30 23:45:06",1540.9,2,ryotasueyoshi
2092,16678534,"Filip Strzałka","2026-09-29 04:17:39",1540.6,2,snufkin77
2093,16923012,"jiggly buns","2026-09-25 13:02:29",1540.5,2,sellside
2094,16658909,"evolve faster!","2026-09-30 19:27:05",1540.2,2,junesdata
2095,16789990,SA,"2026-09-30 22:54:03",1540.0,2,soheiarisaka
2096,16701728,"katya barzova","2026-09-30 22:40:44",1539.7,2,"harlenka,nipah1,sigmaborov"
2097,16664232,"Eddy Despradel","2026-09-30 21:24:09",1539.2,2,eddydespradel
2098,16790943,"Tashfik Salehin","2026-09-26 18:28:58",1539.1,2,tashfiksalehin
2099,16661754,edwinis,"2026-09-28 20:48:07",1539.0,2,edwinis
2100,16915820,CjzmFeng,"2026-09-30 19:37:17",1539.0,2,cjzmfeng
2101,16623371,MoZayed,"2026-09-30 22:21:56",1537.1,2,mohamedzayedahmed
2102,16735539,"Joe Muller","2026-09-27 05:04:25",1536.9,2,joemuller
2103,16660988,"AI After Hours","2026-09-29 06:56:52",1536.8,2,"akshaythammana,mmehersaipreetam"
2104,16924472,Rajusah,"2026-09-30 07:51:04",1536.6,2,rajucode
2105,16697767,"Teddy Tennant","2026-09-30 00:50:24",1536.0,2,thtennant
2106,16621165,"xisheng feng","2026-09-28 07:53:31",1535.9,2,xishengfeng
2107,16809323,"Naoki Yamada","2026-09-30 23:53:35",1535.7,2,naokiyamada1106
2108,16701024,pig7selene,"2026-09-30 19:30:16",1535.6,2,"ejlthomas,gaoeeee"
2109,16926032,robikscube,"2026-09-27 09:14:04",1535.5,2,ujjwalnewd
2110,16922956,2025爱丁堡大学网球联赛双打冠军国王理查德,"2026-09-29 08:03:53",1535.3,2,lucaluo925
2111,16735837,yaki-imo,"2026-09-30 16:42:25",1534.6,2,taichiakiyama
2112,16661708,"Stanley Honkpehedji","2026-09-29 20:14:25",1534.5,2,stanleyhonkpehedji
2113,16709967,Matsu,"2026-09-30 23:50:02",1534.3,2,matsuzawahayato
2114,16806862,JudyWatermelon,"2026-09-30 00:44:17",1533.8,2,judywatermelon
2115,16663783,WBF_USA_NYC,"2026-09-26 22:55:05",1533.8,2,wbfranci
2116,16896572,latentm,"2026-09-26 12:30:30",1533.8,2,"latentm,quannt9,xanvior,xeloria"
2117,16942014,"Raymond Parker","2026-09-26 11:58:26",1533.2,2,raymondparker
2118,16680172,TTANE,"2026-09-30 23:06:57",1532.9,2,otmaneelmahdaouy
2119,16665809,"Saravanan Jaichandaran","2026-09-30 14:14:19",1532.6,2,saranchandar
2120,16632743,"Krizsó Gergely","2026-09-30 21:01:45",1532.4,2,lucifer19
2121,16733111,qihuaz,"2026-09-30 21:47:27",1532.4,2,qihuaz
2122,16658221,"Roshan Roy","2026-09-30 16:40:27",1532.0,2,"adhilvt,mohamedarifj,roshanroy333"
2123,16664760,SN,"2026-09-25 22:07:29",1531.8,2,spirosnianiaras
2124,16656337,"Prashant Kikani","2026-09-28 02:27:38",1531.7,2,prashantkikani
2125,16841108,"Sean Peppers","2026-09-30 22:18:46",1531.6,2,gagepeppers
2126,16654511,"Syed Shayan Ali Shah","2026-09-25 06:31:36",1531.3,2,dsshayan
2127,16865564,Manat,"2026-09-27 05:38:57",1530.2,2,manatoshoji03
2128,16697266,"Top 1 🏆","2026-09-27 05:22:26",1530.0,2,"fahankaudeer,solirus,syntaxprnv,udhaykumarsujeebun"
2129,16730675,"🦊Farm Fox🦊","2026-09-30 12:05:47",1529.3,2,soutasakurai
2130,16748412,"Nimish Shinde","2026-09-26 16:47:59",1529.3,2,nimishshinde
2131,16726287,BBaRRel.,"2026-09-26 13:26:34",1529.0,2,yujinkk0609
2132,16666188,"XueFeng Chen","2026-09-30 23:37:37",1528.6,2,chxfmcs
2133,16854901,matheus,"2026-09-30 16:53:02",1528.5,2,tomirol
2134,16817750,"Baiqing Wang","2026-09-30 14:52:09",1528.4,2,wangbqbqbq
2135,16895472,codeWS,"2026-09-30 05:19:39",1527.4,2,codews
2136,16942314,"Seva Gusev","2026-09-30 07:40:46",1526.6,2,seva1232
2137,16664266,"Ian Chung","2026-09-30 02:02:33",1526.6,2,iannnnn012345
2138,16827290,"Dhruvik Chauhan","2026-09-30 21:31:49",1526.2,2,dangptdawg
2139,16880393,flower_s,"2026-09-30 03:10:49",1526.0,2,flower244140625
2140,16785321,HaoChi,"2026-09-29 07:24:14",1525.3,2,"lishi321,moxi21"
2141,16730810,mgoto51004,"2026-09-30 12:08:28",1525.1,2,mgoto51004
2142,16807411,tamura_aicon,"2026-09-23 00:03:54",1524.7,2,hayatetaf
2143,16794527,linyifangzhenshuai,"2026-09-30 02:56:37",1524.7,2,linyifangzhenshuai
2144,16666566,"Rairo Mukamuri","2026-09-30 21:08:51",1524.3,2,thetraveller
2145,16886979,"Ivan Toropin","2026-09-30 21:05:56",1524.3,2,ivantoropin
2146,16781445,"𝕯𝖊𝖔𝖉𝖎𝖒𝖘 & 𝕮𝖔","2026-09-30 11:06:06",1524.2,2,odimdavidchukwuemeka
2147,16794630,"Yuchuan Ding","2026-09-30 03:16:27",1524.1,2,yuchuanding
2148,16730015,suzu10,"2026-09-30 22:42:53",1523.7,2,suzu10
2149,16919088,M.Y.C.E.L.I.S,"2026-09-30 16:42:16",1523.6,2,johnmoncel
2150,16920069,"arar tawil","2026-09-27 13:36:15",1523.0,2,araraltawil
2151,16919139,SynthReaper,"2026-09-30 23:33:26",1522.8,2,synthreaper
2152,16789946,"Oriol Pi Morell","2026-09-30 16:49:27",1522.5,2,oriolpi
2153,16846525,Dwaslaop,"2026-09-30 12:56:19",1522.2,2,"dwaslaop,haorunjia"
2154,16730578,BostonKaggle,"2026-09-30 22:26:12",1522.1,2,"isthereanycode,lynnkim0"
2155,16629624,"Sayandeep Ghosh","2026-09-30 19:29:04",1521.7,2,sayandeepghosh
2156,16712714,MiMi,"2026-09-23 03:19:07",1521.6,2,"frank0921,rickytsou"
2157,16810408,"Bohdan Boklah","2026-09-30 17:15:56",1520.0,2,bohdanbb2000
2158,16635127,"Sergey Bryansky","2026-09-30 10:28:17",1519.7,2,sggpls
2159,16655789,"wen chong yu","2026-09-30 06:10:29",1519.2,2,wenchongyu
2160,16800076,xinwang,"2026-09-28 08:24:06",1519.1,2,xxxtetantion
2161,16772109,Yashvs56,"2026-09-29 23:03:41",1518.8,2,"vivaancyber,yashvs56"
2162,16688217,"The Grower","2026-09-30 14:48:02",1518.7,2,vigneshsankar1962
2163,16789903,"Netanel Keidar","2026-09-26 00:09:01",1518.5,2,netanelkeidar
2164,16844148,Ethereal49,"2026-09-26 07:49:26",1517.3,2,ethereal49
2165,16809820,"Pramit Das","2026-09-30 21:31:04",1517.1,2,pramitdas
2166,16765601,"Dinesh Makireddy 7389","2026-09-28 06:44:01",1516.7,2,dineshmakireddy7389
2167,16930633,micro,"2026-09-27 08:26:33",1516.6,2,brucewu1200
2168,16733766,Paarthpowa,"2026-09-25 11:47:49",1516.3,2,paarthpowa
2169,16749257,rsraki,"2026-09-30 09:56:44",1516.3,2,rsraki
2170,16664577,a14iiiii,"2026-09-26 02:55:58",1516.2,2,a14iiiii
2171,16704864,ksj00610,"2026-09-30 22:53:50",1515.8,2,ksj00610
2172,16775378,TK256,"2026-09-30 22:34:18",1515.6,2,tk256ailab
2173,16665331,winstonton,"2026-09-29 02:35:45",1514.9,2,winstonton
2174,16623533,xthixsl_ml,"2026-09-30 18:17:37",1514.8,2,xthistle999
2175,16889791,JinboWang,"2026-09-24 06:26:31",1514.5,2,jinbowang1
2176,16783124,Logorhythms,"2026-09-30 17:15:46",1514.4,2,mohammadsaidulislam
2177,16738822,shakedamo0w0,"2026-09-30 14:34:29",1514.2,2,shakedamo0w0
2178,16909097,"Yaoxiang Li","2026-09-27 04:37:11",1513.3,2,lzyacht
2179,16935434,chumajin,"2026-09-30 20:56:17",1513.3,2,chumajin
2180,16669650,motono0223,"2026-09-30 17:49:26",1512.9,2,motono0223
2181,16846857,"Tomohiro Nagai","2026-09-30 20:32:00",1512.8,2,tomohironagai
2182,16881250,"Enes Altunbaş","2026-09-28 20:29:47",1512.5,2,enesaltunba
2183,16761652,"Dhruv #2","2026-09-26 08:05:02",1512.3,2,dhruvrama
2184,16693942,"Lisan al-Gaib","2026-09-28 09:27:56",1512.2,2,azrihasin
2185,16872275,"Maciek Kiryla","2026-09-24 06:07:38",1512.1,2,doktorkelp
2186,16664360,"Rohan L","2026-09-24 13:38:10",1511.5,2,rohanlopes
2187,16903852,maoxin123,"2026-09-30 15:29:02",1511.4,2,maoxin123
2188,16738298,tomo0608,"2026-09-25 14:46:56",1511.2,2,tomo0608
2189,16714401,"Ivo Georgiev","2026-09-30 16:18:14",1511.2,2,ivogeorg
2190,16838370,aqua,"2026-09-30 15:33:57",1510.8,2,aquaaqua11
2191,16655199,"Alexander Ulrich","2026-09-24 05:32:03",1510.6,2,alexanderulrich01
2192,16842786,ScotLee08,"2026-09-30 14:16:41",1510.6,2,scotlee08
2193,16668789,qaq7864,"2026-09-25 06:23:51",1510.2,2,qaq7864
2194,16888303,Satuker,"2026-09-28 18:27:11",1509.8,2,filipgaliski
2195,16741096,"Yohanes Lengkong","2026-09-30 14:13:29",1509.4,2,yohanesfc
2196,16684401,WQAAAA,"2026-09-30 12:48:14",1509.3,2,wqaaaa
2197,16903793,"Zhongkai Shangguan","2026-09-30 23:58:29",1509.2,2,leonshangguan
2198,16724847,辽大之光,"2026-09-30 13:04:05",1509.1,2,guangchenlu
2199,16635744,XDang13,"2026-09-24 16:52:57",1508.7,2,xdang13
2200,16671306,Yeswanthperni,"2026-09-30 15:43:04",1508.5,2,"tanvicaaa,yeswanthperni"
2201,16654707,ManasviSharma,"2026-09-30 17:33:11",1507.8,2,manasvi821
2202,16667880,DOPEなNOUFU耕すHOPE👨‍🌾,"2026-09-25 00:02:40",1507.6,2,"shin9915,syamoji141chan"
2203,16849330,"Ian Wang","2026-09-30 23:20:07",1507.2,2,ianwang1204
2204,16881235,"Konstantin Zorin","2026-09-30 21:04:56",1506.7,2,zokost
2205,16883168,jojo,"2026-09-26 23:54:13",1506.7,2,jojojablon
2206,16725712,"ᶜᵒʷᵇᵒʸ 𝘤𝘺𝘣𝘦𝘳𝘯𝘦𝘵𝘪𝘤𝘴","2026-09-30 21:28:27",1506.4,2,alexcasper
2207,16664096,"Charles Coonce","2026-09-26 22:12:40",1505.6,2,charlescoonce
2208,16719884,ykhnkf,"2026-09-24 22:36:04",1505.3,2,ykhnkf
2209,16668152,ksew364,"2026-09-24 09:24:05",1505.3,2,ksew364
2210,16731839,mamematcha,"2026-09-27 00:50:59",1505.0,2,mamematcha
2211,16644643,today,"2026-09-28 14:02:59",1504.9,2,today55
2212,16632291,"alex chilton","2026-09-24 08:14:35",1504.6,2,alexchilton
2213,16936688,"avinash singh","2026-09-28 08:30:30",1504.0,2,avszoom
2214,16644160,"Saravana Rajan B","2026-09-29 07:20:04",1503.8,2,saravanarajanb
2215,16880648,"Akash Pattani","2026-09-27 15:21:40",1503.7,2,akashpattani
2216,16817518,Dresden,"2026-09-30 21:14:28",1503.6,2,dresdeng
2217,16690923,"Maqsoud Tawaliou","2026-09-27 04:45:03",1503.6,2,maqsoudtawaliou
2218,16810472,YuanKing77,"2026-09-30 20:21:21",1503.4,2,yuanking77
2219,16888260,"Ndabenhle Ngema","2026-09-30 17:13:00",1503.3,2,ndabenhlengema
2220,16761875,"Eugen Nekhai","2026-09-30 16:59:41",1503.2,2,eugennekhai
2221,16663632,Seho.Connect,"2026-09-26 21:40:39",1503.2,2,sehoconnect
2222,16811799,"Yuanchen Huang","2026-09-27 08:49:50",1503.0,2,geokocha
2223,16805671,"Yuxiang LIANG","2026-09-27 13:35:29",1502.6,2,yuxiangliang
2224,16904984,"Andrej Angelovski","2026-09-22 17:23:18",1502.3,2,cybertiger7
2225,16660209,"Whyme Labs","2026-09-26 02:31:05",1502.2,2,whymelabs
2226,16852342,"Minh Đăng Lê","2026-09-27 10:14:51",1501.5,2,minhngle
2227,16756972,"Đức Hải Hà","2026-09-30 07:24:59",1501.5,2,tankinguyen
2228,16785523,Doranap,"2026-09-27 17:51:41",1501.4,2,doranap
2229,16730720,broccoli,"2026-09-30 03:22:49",1501.2,2,norihori0917
2230,16944381,"yoshiyasu han ","2026-09-30 15:32:54",1501.1,2,yoshiyasuhan
2231,16632172,Ayodeji,"2026-09-28 21:01:23",1501.1,2,ayodejiibrahimlateef
2232,16742149,"Ankith Savio","2026-09-30 22:08:45",1500.0,2,weedoo
2233,16859034,wayg9odysseus,"2026-09-24 18:56:46",1499.6,2,wayg9odysseus
2234,16692845,"Yassine Ben Zekri","2026-09-24 21:18:48",1499.5,2,yassinebenzekri
2235,16739537,"Bina Salama","2026-09-30 07:02:03",1499.1,2,binasalama
2236,16693488,HarvestZero,"2026-09-30 22:36:03",1498.8,2,bernardboatey
2237,16891851,kamranahmmed,"2026-09-29 04:30:12",1498.7,2,kamranahmmed
2238,16701685,shawloong,"2026-09-25 01:14:31",1498.6,2,shawloong
2239,16842300,fanmili,"2026-09-29 12:07:50",1498.3,2,fanmili
2240,16688568,Sophie555,"2026-09-27 22:03:51",1498.0,2,sophie555
2241,16747161,wqlun06,"2026-09-30 09:30:52",1497.8,2,wqlun06
2242,16657657,ArnabKarmakar,"2026-09-30 00:05:13",1496.9,2,arnabkarmakar
2243,16661607,choqui62,"2026-09-30 09:25:06",1496.5,2,choqui62
2244,16746599,Borrun,"2026-09-30 23:45:43",1496.2,2,borrun
2245,16622422,ss,"2026-09-29 12:21:01",1496.1,2,forest2026
2246,16632294,"Rajan Nagarajan","2026-09-30 14:42:13",1496.0,2,narajan
2247,16749605,SoedaHaruto,"2026-09-28 15:09:56",1495.6,2,soedaharuto
2248,16723096,Shabuuu,"2026-09-25 13:55:51",1495.5,2,shabuuu
2249,16663668,"Tahsin Arafat","2026-09-26 10:41:50",1495.0,2,tahsinarafat
2250,16693045,"Huseyin Battal","2026-09-25 00:07:14",1494.9,2,huseyinbattal
2251,16870780,"John Gates","2026-09-30 15:53:11",1494.6,2,johngates
2252,16662946,uzair,"2026-09-30 19:54:08",1494.3,2,quantumcurator
2253,16930858,LIUDIZHU,"2026-09-28 20:29:59",1494.1,2,liudizhu
2254,16906666,"selam ya","2026-09-30 13:14:43",1493.7,2,selamya
2255,16836787,KSKBL,"2026-09-29 15:35:11",1493.5,2,"length1001,trafalgar1234"
2256,16895464,WilsonPzx,"2026-09-29 05:52:44",1493.4,2,"lirongkun,wilsonpzx"
2257,16886856,爱上帝的小熊猫,"2026-09-30 15:34:36",1493.3,2,xuefengxie
2258,16631967,vecxoz,"2026-09-24 17:42:44",1492.9,2,vecxoz
2259,16702275,Joyal,"2026-09-28 15:15:13",1492.9,2,joyalseejo
2260,16867132,"Dilara Adıgüzel","2026-09-30 18:27:03",1492.7,2,dilaraadgzel
2261,16689881,"yuki #2","2026-09-30 12:03:15",1492.6,2,hosikusa
2262,16654196,"Aryaman Chokhani","2026-09-24 08:41:08",1492.5,2,"aryamanchokhani,pranrocky"
2263,16949503,"Nikita Makarov","2026-09-30 10:00:50",1492.3,2,nikimakarov
2264,16626191,"kevin park","2026-09-25 12:19:27",1492.3,2,k3v1npark
2265,16672251,"Kavinkumar M","2026-09-29 18:34:30",1491.8,2,kavinkumarrkm
2266,16636756,"K.THARUN KUMAR","2026-09-30 22:54:54",1491.7,2,tharunkumar369
2267,16894110,寒月千逸,"2026-09-30 02:39:31",1491.1,2,"hanyueqianyi,leeyang1,sakurahg"
2268,16913949,"Tejash Prakash","2026-09-30 08:42:54",1490.1,2,tejashxprakash
2269,16682879,"Ace Team","2026-09-30 16:19:21",1489.7,2,drpatrickchan
2270,16638557,"Araik Tamazian","2026-09-25 06:41:49",1489.2,2,atamazian
2271,16741113,kaitle,"2026-09-30 00:03:06",1489.0,2,kaitle
2272,16711752,"Atakan Aldemir","2026-09-30 20:22:45",1489.0,2,atakanaldemir
2273,16669490,hinemos,"2026-09-30 10:57:34",1488.6,2,hinemos
2274,16624484,"Tomoki Hirose","2026-09-24 15:50:38",1488.0,2,tomokihirose
2275,16679827,Juanky_too,"2026-09-30 22:22:00",1487.9,2,juankytoo
2276,16936082,"H IMedit","2026-09-29 13:41:34",1487.5,2,himedit
2277,16718480,PLReddy23,"2026-09-26 17:08:47",1487.1,2,plreddy23
2278,16668167,sottnik,"2026-09-30 19:58:29",1487.0,2,sottnik
2279,16710428,"Mansi Aggarwal","2026-09-30 18:25:16",1487.0,2,mansiaggarwal88
2280,16624056,Raggriculture,"2026-09-26 10:42:52",1487.0,2,ravi123a321at
2281,16659467,AlexMoura2026,"2026-09-30 05:35:09",1487.0,2,alexmoura2023
2282,16946853,"BAHUMANYA R G","2026-09-25 11:58:12",1487.0,2,bahumanyarg
2283,16732763,"Raihan Ramadistra","2026-09-26 04:44:16",1486.9,2,raihanramadistra
2284,16770979,"Paulo Martins","2026-09-30 21:38:26",1486.7,2,paulomartins87
2285,16858303,马嘉蛋爱玩跳棋,"2026-09-22 05:52:02",1486.7,2,"jamalzzj,jlw123456"
2286,16763437,"⸻AgentZZ ⸻","2026-09-26 16:27:48",1486.6,2,agentzz
2287,16659328,"Muhammed Ashiq Abdul Khader","2026-09-25 15:00:27",1486.6,2,ashiqabdulkhader
2288,16661743,"Sergey Kutepov","2026-09-30 14:48:09",1486.0,2,natsyst
2289,16891396,易思言ysy,"2026-09-29 05:17:07",1485.9,2,ysykevin
2290,16721079,"six seven swag","2026-09-29 12:32:26",1485.8,2,polinababiichuk
2291,16863974,suteno,"2026-09-26 10:28:04",1485.8,2,sutekikano
2292,16858828,BlueSky_sora,"2026-09-30 23:04:13",1485.7,2,blueskysora
2293,16926937,"Romuald Delene","2026-09-30 21:54:35",1485.7,2,romualddelene
2294,16763669,cm391,"2026-09-24 22:20:58",1485.7,2,mccocoful
2295,16942000,tyson,"2026-09-25 17:24:15",1485.6,2,tysonwashere
2296,16651331,"Mohamed Saeed","2026-09-24 17:00:06",1485.5,2,m0sm71
2297,16846963,成吉思汗,"2026-09-29 07:45:26",1485.4,2,jddhhdh
2298,16641372,ShoaibSSM,"2026-09-24 17:10:08",1485.2,2,"naveenlx111249971939,shoaibssm"
2299,16655423,"Roland Luethy","2026-09-27 15:04:02",1485.1,2,rluethy
2300,16936848,spy007,"2026-09-27 13:55:49",1485.0,2,"py1603300133,syhsyh123"
2301,16935499,"Smarter Decision🏆","2026-09-30 10:28:17",1484.7,2,yunkuns
2302,16898500,"M Noxon","2026-09-18 21:46:34",1484.4,2,mnoxon
2303,16657100,"Jacky Chan","2026-09-29 00:46:44",1484.2,2,jhkchan
2304,16647438,"Aderian Setiawan","2026-09-26 07:37:57",1484.1,2,aderiannovito
2305,16827571,"BNBU Astra","2026-09-29 15:08:39",1484.0,2,"andycooper747,austindengkaggle,BNBUDINGSHANLee21,yuxiang328"
2306,16751411,"lamb Liu","2026-09-25 13:57:23",1483.7,2,liuxiaohua72
2307,16654662,"2/3 rounded to two decimals","2026-09-30 21:18:57",1483.5,2,rnold2
2308,16759849,kkanayj,"2026-09-30 23:01:00",1483.4,2,kkanayj
2309,16740263,4H,"2026-09-29 18:17:42",1483.3,2,scottweeden
2310,16672315,CemBas,"2026-09-30 12:59:14",1483.2,2,cembas
2311,16661994,"Suvrat Rai","2026-09-26 06:47:52",1483.1,2,suvrat11rai
2312,16730761,ElephtAI,"2026-09-26 07:23:45",1483.1,2,yuchengj
2313,16675493,"Ryotaro Minato","2026-09-29 12:46:01",1483.0,2,ryotarominato
2314,16783721,lc今天刷了吗,"2026-09-23 03:24:33",1482.7,2,"alkaidchen,limufeng"
2315,16641893,"Kashyapsinh gohil","2026-09-30 17:26:00",1482.6,2,kashyapsinhgohil
2316,16847706,takumina,"2026-09-26 10:19:02",1482.5,2,takuminakamatsu
2317,16675671,Marlubie,"2026-09-30 10:49:37",1482.4,2,kchuang
2318,16936519,Found,"2026-09-30 14:55:29",1482.0,2,seventeennine
2319,16716263,"Ugnė Miklovaitė","2026-09-25 12:34:58",1481.5,2,ugnmiklovait
2320,16779598,RiverStead,"2026-09-27 11:22:54",1480.9,2,riverstead
2321,16714159,Lonnie,"2026-09-30 17:43:54",1480.8,2,lonnieqin
2322,16896774,EPHEMORIA,"2026-09-25 09:29:13",1480.6,2,ephemoria
2323,16736632,Leo,"2026-09-30 02:50:13",1480.5,2,huangkx666
2324,16927555,yaya__k,"2026-09-24 09:27:12",1480.4,2,yaya88k
2325,16769849,"Shuwen(Shawn) Ge","2026-09-30 15:52:29",1480.1,2,shuwenshawnge
2326,16917149,beastars,"2026-09-29 00:47:42",1479.9,2,"doorknob881,ohyabuddy,vickylinvicky"
2327,16758381,"Yang Kuang Ou","2026-09-25 09:23:02",1479.8,2,yangkuangou
2328,16674312,yuxuan,"2026-09-30 00:44:20",1479.7,2,yuxuan1221
2329,16755414,Danzzzl,"2026-09-30 16:16:40",1479.4,2,okunevda
2330,16786102,"Anay Garodia","2026-09-24 03:58:21",1479.0,2,anaygarodia
2331,16798974,huangbin,"2026-09-30 05:40:47",1479.0,2,huangbin1
2332,16677518,"Khor Yin Loon","2026-09-30 01:31:48",1478.2,2,khoryinloon
2333,16639969,"Sheep Are All You need","2026-09-29 06:38:41",1478.1,2,aliyelbekov
2334,16922094,Shiv28,"2026-09-26 03:38:57",1478.0,2,shiv28
2335,16658499,Grifun,"2026-09-30 06:00:19",1477.9,2,msingatullin
2336,16858418,"Nguyễn Công Tuấn","2026-09-30 03:51:50",1477.9,2,nctuan
2337,16674451,NycteacoBa,"2026-09-27 13:53:45",1477.5,2,nycteaowl
2338,16728160,Ozi,"2026-09-27 00:34:36",1476.9,2,muhammaduzair21
2339,16884467,jiangnanxn,"2026-09-30 22:48:41",1476.8,2,jiangnanxn
2340,16635504,"Datta Dhebe","2026-09-29 23:12:15",1476.6,2,dattadhebe
2341,16758895,daphne,"2026-09-27 03:35:49",1476.6,2,daphne4sg
2342,16640472,"Vsevolod Rakita","2026-09-27 06:21:08",1476.1,2,vsevolodrakita
2343,16655582,"Yang Jinneng","2026-09-27 07:28:44",1476.1,2,adurey
2344,16655316,Nader,"2026-09-28 15:13:50",1475.8,2,naderamin
2345,16947057,jfhjfgjhfj,"2026-09-25 07:29:39",1475.6,2,jigsawpuzzle
2346,16659715,masb,"2026-09-30 18:48:03",1475.3,2,affansaied
2347,16767709,"Mike Anderson","2026-09-30 00:17:19",1475.0,2,manderson240
2348,16840439,"God Se7en","2026-09-30 21:47:08",1474.8,2,godseven7
2349,16668532,"Nir Aberman","2026-09-25 04:13:41",1474.7,2,niraberman
2350,16842384,"Muhammad Mirza Darma Putra","2026-09-27 13:02:25",1474.4,2,mirzadarma
2351,16782520,Durian,"2026-09-27 12:14:59",1474.2,2,rainyjin
2352,16732714,Mforg,"2026-09-25 03:26:51",1474.2,2,mforg74911
2353,16898204,"MAHESH ISHRAN","2026-09-29 18:20:29",1474.1,2,iitm21f1003346
2354,16751999,"Poorna Sai Dumpa","2026-09-30 07:06:35",1473.5,2,poornasaidumpa
2355,16671292,Yuyajk,"2026-09-24 05:39:41",1473.3,2,yuyajk
2356,16621671,Chellick,"2026-09-26 08:47:01",1473.2,2,matweyisupov
2357,16795798,"Refrain 1","2026-09-22 15:35:00",1472.8,2,"chisatoy,refrain1"
2358,16937871,"Rashid Khazeiynasab","2026-09-29 16:17:59",1471.9,2,rashidel1988
2359,16737057,Wiz,"2026-09-30 23:50:57",1471.6,2,williamzhou001
2360,16686583,techtech69,"2026-09-30 19:26:42",1470.5,2,techtech69
2361,16654332,"Borys Tymchenko","2026-09-30 13:03:03",1470.4,2,spsancti
2362,16845907,yt0914,"2026-09-24 04:25:15",1470.3,2,yt0914
2363,16856778,"Johnathan King","2026-09-29 21:59:09",1470.2,2,johnathanking1278
2364,16818194,sugiharahara,"2026-09-30 22:45:06",1470.1,2,sugiharahara
2365,16772808,lucataco,"2026-09-30 23:54:05",1469.9,2,lucataco
2366,16897489,"East Kowloon","2026-09-23 16:16:34",1469.7,2,"haydenmlh,veron0611"
2367,16719733,CleoCantCompete,"2026-09-25 05:52:04",1469.4,2,cleocantcompete
2368,16870485,agentic,"2026-09-30 20:26:29",1469.3,2,"audiuphile,mark5221,sidchevvan"
2369,16638994,wpl,"2026-09-30 20:39:51",1469.1,2,peilwang
2370,16867370,jasonyoung,"2026-09-25 21:22:54",1469.0,2,jasonyoung66
2371,16808492,"beginner's luck","2026-09-30 15:40:24",1468.8,2,"naohs01,tropicalbanana"
2372,16781170,"Ulugbek Salohiddinov","2026-09-30 01:48:41",1467.4,2,ulugbeksalohiddinov
2373,16637031,"and more","2026-09-25 07:28:43",1467.2,2,kym2022
2374,16885832,"Soshi Uejima","2026-09-24 14:09:29",1466.9,2,assdafa1223
2375,16773448,"Qamar usman","2026-09-29 17:27:06",1466.5,2,qamarmath
2376,16676114,Gekkotron,"2026-09-24 13:32:38",1466.5,2,gekkotron
2377,16948745,"Nero Nrx","2026-09-30 13:59:19",1466.1,2,neronrx
2378,16659540,"Goua Henri","2026-09-28 07:10:04",1465.9,2,gouahenri
2379,16879253,Bldr2,"2026-09-30 04:24:05",1465.9,2,alphalin2010
2380,16949339,Kuriboh,"2026-09-27 06:59:23",1465.6,2,cauchyeix
2381,16935521,闰土和‌猹‌,"2026-09-26 17:18:59",1465.6,2,"fenghanxiang,zzh13332470923"
2382,16941777,"Ziming Wu","2026-09-23 08:55:56",1465.4,2,zimingwu
2383,16772391,"Jinhan Gao","2026-09-27 11:21:18",1465.4,2,jinhangao
2384,16784608,shawenher,"2026-09-30 13:30:57",1465.4,2,shawenher
2385,16809332,"ansheng jhang","2026-09-29 06:39:41",1465.2,2,anshengjhang
2386,16667233,EdGy2k,"2026-09-29 16:33:44",1465.1,2,edgy2k
2387,16663214,"Mathieu W","2026-09-30 08:08:02",1464.9,2,mathieuw
2388,16663748,Calmracer,"2026-09-29 17:18:11",1464.3,2,ethanhall123
2389,16654914,Nozprod,"2026-09-30 20:42:18",1463.8,2,nozprod
2390,16931907,"Nokubonga Ngema","2026-09-22 20:13:20",1463.3,2,nokubongangema
2391,16768143,KingDellaFarm,"2026-09-23 17:55:42",1462.9,2,"alessandrodestasi,disteroas"
2392,16760990,naren_v,"2026-09-30 03:41:18",1462.7,2,varuthakari
2393,16932757,yucho147,"2026-09-27 16:23:25",1462.6,2,yucho147
2394,16643319,Jules,"2026-09-30 06:06:53",1462.4,2,julesvanligtenberg
2395,16841061,"Artin yzn","2026-09-30 20:19:54",1462.4,2,artinyzn
2396,16630713,"Grzegorz Sionkowski","2026-09-29 19:59:07",1462.2,2,sionek
2397,16871967,"Md Arafat #2","2026-09-29 16:44:36",1462.2,2,arafat362
2398,16632867,"Rayk Kretzschmar","2026-09-29 13:29:22",1461.7,2,raykkretzschmar
2399,16717114,uninhibited-scholar,"2026-09-30 23:27:07",1460.8,2,uninhibitedscholar
2400,16911850,Farmerjay,"2026-09-30 03:18:40",1460.5,2,officeghost
2401,16665416,"zeyu lau","2026-09-22 12:23:19",1460.4,2,zeyulau
2402,16814375,"Yuta Eiki","2026-09-30 06:52:14",1460.3,2,wildauk
2403,16926108,"Pavan G","2026-09-28 18:11:39",1460.3,2,exemplar
2404,16759626,"Ghazaros Barseghyan","2026-09-30 00:37:45",1459.6,2,ghazarosbarseghyan91
2405,16783740,ZiYiMing,"2026-09-24 11:53:34",1459.4,2,"kaibozhou,ziyiming"
2406,16906651,Izumi_LP,"2026-09-30 07:03:52",1459.4,2,amememe
2407,16633069,"Nur Srijan","2026-09-25 15:27:30",1459.2,2,nursrijan
2408,16851186,kaerururu,"2026-09-30 23:20:55",1459.1,2,kaerunantoka
2409,16761267,"Pranav Arvind","2026-09-30 15:58:40",1459.1,2,pranavarvind
2410,16844004,"Takahiro Saito","2026-09-30 13:33:47",1459.0,2,takahiro3110
2411,16864113,YYC3,"2026-09-23 10:47:51",1458.9,2,icongovo
2412,16842747,314?,"2026-09-24 08:51:31",1458.6,2,elshahed
2413,16626093,"Pilkwang Kim","2026-09-27 01:31:52",1458.2,2,pilkwang
2414,16938980,24110231_pyongjoo,"2026-09-29 04:36:25",1458.1,2,assistonia
2415,16897501,"I'm Fine.","2026-09-26 03:10:36",1458.1,2,zkheart
2416,16790005,"Rohit Kumar Sahoo","2026-09-30 17:13:15",1458.1,2,rohit4118
2417,16623812,"SeshuRaju 🧘‍♂️","2026-09-27 07:28:40",1458.0,2,seshurajup
2418,16920916,"wiki Alexander","2026-09-28 12:01:30",1458.0,2,wikialexander
2419,16926473,"Illia Dolenko","2026-09-22 00:32:26",1457.8,2,illiadolenko
2420,16747069,l'rug,"2026-09-25 16:10:12",1457.4,2,sdfsfsfsdf
2421,16713797,CrazyDave111,"2026-09-27 18:44:35",1456.8,2,crazydave111
2422,16634462,"Yash Marathe","2026-09-23 13:27:14",1456.8,2,maratheyash
2423,16839422,Serendipity,"2026-09-27 07:30:13",1456.6,2,stringyixuxi
2424,16661276,Middle,"2026-09-29 06:58:29",1456.2,2,aydagul
2425,16689741,shinamonmon,"2026-09-24 07:38:25",1456.0,2,shinamonmon
2426,16897094,Ryota-Di,"2026-09-30 15:40:01",1454.4,2,ryota6230
2427,16717255,Ryuuga89,"2026-09-25 15:08:51",1454.2,2,ryuuga89
2428,16655758,patience,"2026-09-30 12:17:54",1454.2,2,"weirdocurry,wenjunkai124"
2429,16925842,Naoya,"2026-09-27 18:33:29",1453.6,2,takashimanaoya
2430,16931127,taipen,"2026-09-29 07:02:13",1453.4,2,pankhuri001
2431,16869614,"Szymon Miłosz","2026-09-27 03:01:10",1453.0,2,szymonmiosz
2432,16752082,"Tian hao Qing Nano7ko","2026-09-29 12:34:38",1452.8,2,tianhaoqingnano7ko
2433,16687363,"elegantangel (628700)","2026-09-29 11:01:04",1452.4,2,elegantangel
2434,16641141,"Yuri Barbashov","2026-09-30 23:47:19",1451.7,2,yuribarbashov
2435,16826555,AioRaito,"2026-09-30 23:42:27",1451.5,2,aioraito
2436,16757064,"coke lu","2026-09-30 07:09:07",1451.3,2,cokelu
2437,16908403,"Stepan Ivanov","2026-09-29 18:51:06",1451.1,2,stepanivanov233
2438,16943704,"Qutaiba Kaleem","2026-09-28 15:21:07",1450.3,2,qutaibakaleem
2439,16871409,"Aleksandr Isakov","2026-09-30 14:42:21",1450.1,2,aleksandrisakov
2440,16664217,Shushantw,"2026-09-23 14:34:39",1449.6,2,shushantw
2441,16798317,"Baran Akyıldız","2026-09-24 16:17:09",1449.5,2,baranakyldz
2442,16623400,Less,"2026-09-23 04:33:03",1449.2,2,jiaoyouzhang
2443,16872211,"Artem Bakalinskiy","2026-09-28 05:37:59",1449.1,2,artembakalinskiy
2444,16841708,toku,"2026-09-23 15:31:55",1449.1,2,tokurr
2445,16942240,M78星云,"2026-09-27 17:18:40",1448.6,2,"cheng2246,tangyangpu284,upczbw,xinyinghu7123"
2446,16831965,"Ray Roberts","2026-09-29 01:01:51",1448.5,2,rayroberts
2447,16875984,cccyou,"2026-09-30 04:23:17",1448.4,2,cccyou
2448,16737944,ToastUz,"2026-09-27 10:15:09",1448.1,2,tatsuzoosawa
2449,16936225,Holeon,"2026-09-26 17:05:58",1447.9,2,holeon
2450,16841826,抵扣豆浆,"2026-09-30 02:23:18",1447.9,2,tootough
2451,16823251,"Khaled Yousef","2026-09-25 05:52:51",1447.9,2,recochet96
2452,16865335,"Hire me! 🤗 [Viktor Cikojevic]","2026-09-20 13:38:52",1447.7,2,viktorcikojevic
2453,16938859,Adequate_Echo,"2026-09-25 05:09:30",1447.6,2,adequateecho
2454,16725996,MatheusPSorancoDeCarvalho,"2026-09-29 12:07:06",1447.5,2,matheussoranco
2455,16671454,Shadow,"2026-09-28 05:22:55",1446.5,2,uziahmd
2456,16775190,bianfu,"2026-09-30 19:11:51",1446.4,2,bianfu
2457,16854428,"Marwan Ashref","2026-09-30 23:37:28",1446.0,2,"abobakerabobaker,karimhamada,marwanashref"
2458,16940722,"Jalen ShiAo","2026-09-30 16:07:50",1445.7,2,jalenshi
2459,16892682,"Yasuhiro Manai","2026-09-29 07:49:40",1445.5,2,yasu01
2460,16827859,"Ishraq Tanvir","2026-09-25 14:54:39",1445.2,2,ishraqtanvir
2461,16843555,sol12378,"2026-09-30 22:34:56",1443.9,2,sol12378
2462,16628765,"Kota Iizuka","2026-09-25 00:04:42",1443.8,2,kotaiizuka
2463,16930688,"Solo Leveling","2026-09-26 14:05:00",1443.7,2,lingyuzhi
2464,16761693,nhatvo,"2026-09-23 01:07:47",1443.6,2,nhatvo
2465,16746010,"Khoi Tuan Nguyen","2026-09-23 15:06:41",1443.2,2,khoingt
2466,16943126,"Aaditya Verma","2026-09-30 13:14:39",1443.1,2,tensura911
2467,16657032,"Ayaan Ghosh","2026-09-30 20:26:19",1443.0,2,ayan9001
2468,16744342,"glupez ","2026-09-30 22:31:51",1442.9,2,glupez
2469,16696743,"wennan cao","2026-09-29 19:58:25",1442.8,2,wennancao
2470,16655150,"Benjamin H Pepper","2026-09-24 11:34:27",1442.5,2,bhpepper
2471,16634104,FarmGoose,"2026-09-27 22:25:20",1442.4,2,yizhanglou
2472,16802867,matcha110,"2026-09-30 16:03:05",1442.1,2,matcha110
2473,16923373,"kouhei mori","2026-09-23 13:22:14",1441.9,2,kouheimori
2474,16723893,iring58,"2026-09-27 02:18:39",1441.8,2,iring58
2475,16921300,tamakawa,"2026-09-29 10:51:17",1441.5,2,tantantama1192
2476,16921163,"Sam StSt","2026-09-22 06:30:05",1441.3,2,samstst
2477,16698294,"John Doe","2026-09-25 01:10:36",1441.2,2,johndoe90843
2478,16663827,magoemu,"2026-09-27 08:50:37",1441.1,2,magoemu
2479,16772678,SuppliLion,"2026-09-28 01:20:42",1440.5,2,supplilion
2480,16810306,"Asy Mortenson","2026-09-25 19:53:34",1439.7,2,asymortenson
2481,16673524,"Zikai Chen","2026-09-30 23:58:02",1439.2,2,"auroraxxiiaa,kyrie1102kai"
2482,16848992,"Lee Shit Hoo","2026-09-30 20:04:19",1439.1,2,leeshithoo
2483,16728571,hasibirok0,"2026-09-30 05:39:09",1439.0,2,hasibirok0
2484,16723379,local,"2026-09-23 07:32:48",1438.9,2,matteo123383iend
2485,16671738,Exposed,"2026-09-28 04:20:14",1438.6,2,erickeller2
2486,16858208,linhaiy,"2026-09-30 15:03:34",1438.0,2,linhaiy
2487,16943979,"Joshua Willie","2026-09-30 14:44:33",1437.7,2,joshuawillie
2488,16666571,"Zhengxu Yu","2026-09-24 09:26:27",1436.9,2,zhengxuyu
2489,16876853,PUN,"2026-09-26 17:24:20",1436.8,2,pshikk
2490,16623799,"Akhilesh godugu","2026-09-24 06:37:23",1436.8,2,"akhileshgodugu,ashokgodugu"
2491,16940950,"Camarillo Kull","2026-09-30 11:42:40",1436.4,2,camarillokull
2492,16767929,Timbydude,"2026-09-24 15:30:58",1436.4,2,timbydude
2493,16750448,"Ansh Agarwal","2026-09-29 20:39:55",1436.4,2,anshagarwal2616
2494,16694110,"Team Amboss","2026-09-23 16:09:25",1436.3,2,alexphilippi
2495,16945180,"Anton Nikonov","2026-09-30 16:20:56",1436.3,2,antonnikonov
2496,16660735,"Bassel Elbahnasy","2026-09-30 19:03:55",1436.2,2,basselashraf
2497,16892118,DsLiner,"2026-09-30 23:58:16",1436.0,2,dsliner
2498,16716475,"dong & shen","2026-09-30 16:58:36",1435.9,2,"dongcookies,muyouqian4"
2499,16916611,Infinity,"2026-09-30 18:52:00",1435.4,2,"maaz101,syedtahahassan"
2500,16668260,"Yangle Ma","2026-09-30 09:52:53",1435.4,2,yanglema
2501,16729192,1m0ke,"2026-09-30 17:25:03",1435.3,2,smokelate
2502,16662380,"Brandon Calderon-Morales","2026-09-27 01:45:32",1434.4,2,bmoe640
2503,16751603,xxxzzz123312123321,"2026-09-30 06:51:47",1433.7,2,xxxzzz123312123321
2504,16647607,pumpkin,"2026-09-30 10:59:51",1433.5,2,gealachpumpkin
2505,16698688,JeremiahMannings,"2026-09-24 04:03:51",1433.4,2,jmannings
2506,16888093,"Alejandro Izaguirre","2026-09-24 20:35:33",1433.3,2,alejandroizag
2507,16880960,Kiriesh,"2026-09-30 20:33:32",1433.2,2,kiriesh
2508,16843582,isk54_34,"2026-09-26 05:25:07",1432.4,2,isk5434
2509,16665357,XW,"2026-09-29 04:01:40",1432.3,2,xuewei
2510,16768702,"Crop It Like It's Hot","2026-09-30 23:49:55",1432.1,2,"davidben10,rachel79"
2511,16746632,tingyu516,"2026-09-30 23:27:11",1431.5,2,tingyu516
2512,16888752,"edward john washins","2026-09-26 18:43:24",1431.4,2,edwardjohnwashins
2513,16624339,"Дворкин Евгений Владимирович","2026-09-30 19:13:20",1431.1,2,evgendvorkin
2514,16861903,iwa,"2026-09-23 09:53:06",1430.9,2,ichiko
2515,16722378,waticson,"2026-09-27 14:55:04",1430.6,2,yutodennou
2516,16927087,"Arun #2","2026-09-30 17:39:40",1430.5,2,arun8ovfjfdr6
2517,16886344,魏杨康,"2026-09-30 08:39:46",1430.4,2,weiiyangkang
2518,16924914,AgriPredictors,"2026-09-30 12:01:44",1430.1,2,"mehakiftikhar,mnkaggler"
2519,16676063,"Kembang Melon","2026-09-28 12:32:34",1430.1,2,wajawaja
2520,16760241,"Collin Christensen","2026-09-30 22:22:00",1429.6,2,cchristens
2521,16663513,DLTLM,"2026-09-23 13:12:06",1429.5,2,"debayank2024,laveshjadon,laxmikantaroy,moumitaaaaaa,tarunraii"
2522,16842093,aether74,"2026-09-24 02:23:54",1429.5,2,aether74
2523,16880664,"Nodir Xamdamov","2026-09-24 16:18:54",1429.2,2,nodirxamdamov
2524,16630797,"Seok, Jeongeum","2026-09-30 19:48:39",1429.1,2,seokjeongeum
2525,16764386,Troy_xx,"2026-09-27 07:41:14",1429.1,2,troyxx
2526,16809194,Ajanraj,"2026-09-23 17:48:10",1429.0,2,ajanraj25
2527,16936396,olHwHlo,"2026-09-26 07:44:32",1428.8,2,olhwhlo
2528,16661539,"Ilia Mironov","2026-09-29 04:33:03",1427.8,2,millcool
2529,16857491,cherish_zhang,"2026-09-23 07:18:03",1427.7,2,cherishzhang
2530,16925892,野獸先輩,"2026-09-22 17:10:48",1427.7,2,rayyen216
2531,16676336,lemon13418,"2026-09-23 00:05:09",1427.0,2,lemon13418
2532,16706410,lixiaoxin25,"2026-09-25 07:20:08",1426.7,2,lixiaoxin25
2533,16765135,neuro168,"2026-09-23 11:11:29",1426.7,2,lordmc
2534,16936346,"Han Zhou","2026-09-22 00:51:30",1426.7,2,hanzhou445
2535,16678061,"Sushanth Tiruvaipati","2026-09-30 04:43:05",1426.6,2,sushanthtiruvaipati
2536,16632304,"Masataka Suzuki","2026-09-30 23:11:16",1426.4,2,masatakasuzuki
2537,16859473,wakaka,"2026-09-30 11:40:20",1426.4,2,bernicerobinson
2538,16732129,"payne yam","2026-09-30 13:22:06",1424.4,2,payneyam
2539,16659419,"Chahat Mehra","2026-09-30 05:53:22",1424.2,2,chahatmehra
2540,16936542,"Lee Velon","2026-09-30 17:30:06",1424.1,2,leevelon
2541,16807373,"junxing peng","2026-09-30 17:36:56",1423.8,2,junxingpeng
2542,16655686,Kyle,"2026-09-30 11:25:33",1423.6,2,kylezhouzhou
2543,16847247,月之光面,"2026-09-30 00:44:54",1423.2,2,cxcxcxcx
2544,16722399,"Meta learners","2026-09-30 17:06:28",1423.0,2,aditya2909rb
2545,16634088,Jet,"2026-09-30 23:30:49",1422.2,2,drkongvis
2546,16945301,QQQXXX123,"2026-09-30 07:02:11",1422.0,2,qqqxxx123
2547,16927550,User1114,"2026-09-28 03:12:24",1422.0,2,lyboihh
2548,16940453,"HIbiki Awai","2026-09-22 13:57:50",1421.8,2,hibikiawai
2549,16726547,"Ezra Kho","2026-09-26 11:07:55",1420.8,2,ezrakho
2550,16733016,Quillbolt,"2026-09-30 03:41:02",1420.3,2,tunminhhunh
2551,16728708,"Rishi Jain","2026-09-25 19:29:04",1420.3,2,rishijain07
2552,16657941,"Nick Styles","2026-09-30 08:10:27",1419.8,2,styles
2553,16726769,"Ci Zhu","2026-09-27 03:39:13",1419.3,2,zhuci1993
2554,16946367,dwinging,"2026-09-23 14:07:09",1418.8,2,dwinging
2555,16664573,AdhithyaRokhith,"2026-09-25 17:29:38",1418.6,2,adhithyarokhith
2556,16728863,Irabala,"2026-09-29 09:35:07",1418.4,2,irabala1
2557,16931121,Caocao,"2026-09-30 13:15:23",1418.4,2,caocaoIvy
2558,16736474,"Håkon Kjelseth","2026-09-23 09:18:48",1418.3,2,hkon2k
2559,16762926,"Ricky RTG","2026-09-30 00:43:25",1418.1,2,rickyrtg
2560,16870247,mxt1022,"2026-09-30 08:10:52",1417.8,2,unlome
2561,16818313,"haonan zhengh","2026-09-27 01:57:16",1417.4,2,haonanzhengh
2562,16767360,"Sinh Nguyễn Đức","2026-09-30 21:16:22",1417.2,2,sinhnguync
2563,16709101,"Djaafar Lecheheb DL","2026-09-30 23:06:18",1416.6,2,djaafarlechehebdl
2564,16749061,"Wang H2O","2026-09-23 03:58:50",1416.6,2,wangh2o
2565,16682514,"Pavel Pavlov","2026-09-25 13:16:01",1416.5,2,akakii
2566,16644578,"Team Name","2026-09-30 21:25:36",1416.4,2,baytree1238
2567,16864870,JR,"2026-09-30 09:03:36",1416.3,2,jurijsruko
2568,16723988,yuyinghuang,"2026-09-29 14:04:30",1415.7,2,yuyinghuang
2569,16627796,tizawa3,"2026-09-30 21:57:51",1415.3,2,tizawa
2570,16774250,"C R Suthikshn Kumar","2026-09-30 16:19:13",1415.3,2,crsuthikshnkumar
2571,16866971,imriad,"2026-09-29 04:56:30",1415.1,2,riadhhossain
2572,16699082,Sakthei,"2026-09-20 13:41:34",1415.1,2,sakthei
2573,16682843,underline12311,"2026-09-23 04:27:15",1414.8,2,underline12311
2574,16640467,Catalyst,"2026-09-23 09:25:57",1414.7,2,vibekaggler
2575,16774075,"Mohammad Yaser Hussain","2026-09-24 11:10:55",1414.4,2,mohammadyaserhussain
2576,16896240,mexlora,"2026-09-30 23:12:12",1414.4,2,"mexlora,nolzixo,qizlona"
2577,16841663,"Ryosei Hara","2026-09-29 16:15:30",1414.2,2,ryhara
2578,16672456,hangglider5,"2026-09-24 07:49:26",1413.9,2,hangglider5
2579,16661737,"Márcio Santos","2026-09-30 17:45:53",1413.8,2,mos3santos
2580,16770832,"Harish Yadav","2026-09-24 11:57:04",1413.7,2,harishyadav0506
2581,16862155,"Kydyrbek Kozykorpesh","2026-09-30 07:27:49",1413.3,2,kozykappa
2582,16852910,omoch1,"2026-09-25 09:35:30",1413.1,2,agecom
2583,16693431,"Yi Wang","2026-09-29 09:03:54",1413.1,2,jone520
2584,16938431,"ADRIANO ALMEIDA","2026-09-24 00:03:40",1412.9,2,adrianoalmeidaa
2585,16799304,"Rlug mb","2026-09-29 04:44:59",1412.5,2,"hongxinzhang111,minhtrph,rlugmb"
2586,16845736,Gio,"2026-09-27 17:58:35",1412.4,2,giovanizanfra
2587,16712134,cf696666,"2026-09-29 23:36:56",1411.9,2,cf33333
2588,16765834,Oakzen,"2026-09-24 11:49:54",1411.7,2,gyx517120273
2589,16685982,Snorf,"2026-09-29 15:49:18",1411.7,2,snorfyang
2590,16796901,hanhan761,"2026-09-30 12:55:21",1411.4,2,"hanhan761,kiivii,noice12138,xiaobai0417"
2591,16662833,"umair zia","2026-09-30 15:43:46",1411.0,2,aimerscoding
2592,16870440,GOSS,"2026-09-30 16:46:11",1410.8,2,gossan
2593,16658300,"Thành Toàn Vương","2026-09-23 11:25:19",1410.8,2,thnhtonvng
2594,16854074,yudai_000111,"2026-09-30 17:51:10",1410.7,2,yudai000111
2595,16665084,"Wei Han","2026-09-30 17:03:16",1410.5,2,weihan87
2596,16848217,"Yang Bai","2026-09-23 11:23:39",1409.8,2,jackelysia
2597,16914676,"Luon may Man","2026-09-30 12:09:26",1409.7,2,luonmayman
2598,16947886,"Rufeng Toxins","2026-09-23 14:01:48",1409.7,2,rufengtoxins
2599,16838956,"Michael Brown","2026-09-26 19:51:50",1409.4,2,michaelbrown4343
2600,16769234,"Akshar #2","2026-09-23 17:16:50",1409.3,2,"aksharzala,therishitaggarwal"
2601,16692895,Manuf,"2026-09-29 21:02:31",1409.2,2,manuelferromorales
2602,16627799,"navazsh fathi","2026-09-30 15:40:47",1409.2,2,navazshfathi
2603,16778707,momohuhu_kkkkkarrot,"2026-09-28 12:19:16",1408.9,2,kjy666
2604,16647192,"Sailor Ren","2026-09-29 04:34:32",1408.4,2,"dongdongjiaqi,sailorren"
2605,16712560,"Max vrstpan1","2026-09-30 17:21:38",1408.3,2,wdjy123456
2606,16944065,"Wael El Ghazzawi","2026-09-22 23:05:10",1408.3,1,waelelghazzawi
2607,16744503,"Jun AKita","2026-09-26 11:50:00",1408.1,2,junakita
2608,16843838,"Alapati Ramakrishna","2026-09-30 16:48:01",1407.6,2,alapatiramakrishna
2609,16635872,"Evgeniya Dmitrieva","2026-09-30 22:07:16",1407.4,2,evgeniyadm
2610,16859496,KTAcosmo,"2026-09-28 20:50:02",1406.9,2,ktacosmo2kag
2611,16737482,Lindicaphxag,"2026-09-30 23:57:21",1406.4,2,oblivicore
2612,16698069,k_4821,"2026-09-28 22:14:50",1405.7,2,edgarondoodevilclub
2613,16644877,lu_fish,"2026-09-26 08:00:10",1405.3,2,thefish114514
2614,16646318,TeamNexus,"2026-09-26 18:21:52",1404.9,2,chrisopherjoshy
2615,16752444,zama,"2026-09-29 04:49:36",1403.9,2,zamami
2616,16894950,csly666,"2026-09-21 15:34:28",1403.9,2,csly666
2617,16634873,shin0000,"2026-09-24 03:07:22",1403.5,2,shin0000
2618,16904371,Makhmudov_1602,"2026-09-22 10:40:41",1402.9,2,makhmudov1602
2619,16919615,AcidicBlaster,"2026-09-21 10:37:49",1402.8,2,adityamurugesh
2620,16768650,ifarm,"2026-09-23 08:48:33",1402.7,2,sericsheon
2621,16655263,rishavsaigal,"2026-09-27 20:08:20",1402.6,2,rishavsaigal
2622,16763375,Makus,"2026-09-22 13:33:25",1402.1,2,alexmartinez75
2623,16858986,kam,"2026-09-24 07:21:27",1402.0,2,kotakambayashi
2624,16671012,"Sean Zhang","2026-09-24 01:00:58",1402.0,2,seanzhang2445
2625,16662121,One-For-All,"2026-09-30 06:26:54",1401.8,2,"akankshatiwari2803,indarkarhana"
2626,16677847,ShiviWhivi,"2026-09-22 02:15:51",1401.1,2,blackpearls1
2627,16755495,"Leo Udah","2026-09-30 12:19:14",1401.0,2,leoudah
2628,16665129,Doom,"2026-09-26 22:12:36",1400.7,2,"mr6436,sanskaarundale"
2629,16867067,jiazepin,"2026-09-30 04:58:38",1400.4,2,jiazepin
2630,16680690,MYOUCER,"2026-09-24 01:40:19",1400.1,2,myoucer
2631,16727350,"T Hansda","2026-09-22 13:49:10",1400.0,2,hansda
2632,16657728,"T Soo","2026-09-28 17:49:32",1399.5,2,ttgrcgrc
2633,16662191,Danieler,"2026-09-22 18:46:56",1399.5,2,danielerufo
2634,16678370,Wangles,"2026-09-22 11:10:59",1399.4,2,wangles
2635,16746689,"Harm Buisman","2026-09-28 06:49:41",1399.0,2,harmbuisman
2636,16851553,Sentinel,"2026-09-30 23:56:17",1398.9,2,atlasar
2637,16632146,Haker_Sam,"2026-09-30 18:34:41",1398.8,2,hakersam
2638,16621294,dpquoc,"2026-09-24 04:40:59",1398.5,2,dpquoc
2639,16809842,"zg l1218","2026-09-27 09:01:21",1398.5,2,"dkttttt,zgl1218"
2640,16905426,futabato,"2026-09-27 01:32:28",1398.4,2,futabato
2641,16915663,Wlemalin,"2026-09-23 15:16:20",1398.3,2,wlemalin
2642,16853540,WUZB,"2026-09-23 03:14:03",1398.0,2,wzhengbiao
2643,16748476,sam_the_rice_cake,"2026-09-30 23:58:04",1398.0,2,"hash548,wliilamsam"
2644,16681116,Kagamihara,"2026-09-26 01:45:41",1397.5,2,kagamihara
2645,16736124,GIN,"2026-09-23 06:57:33",1397.4,2,runjinzhang
2646,16932197,SamarthPD-21,"2026-09-30 23:03:15",1397.3,2,samarthpd21
2647,16632757,taopy2,"2026-09-29 08:58:17",1396.6,2,taopy2
2648,16656340,MAGMA,"2026-09-30 07:19:45",1396.5,2,infiheart
2649,16928213,橋本真旺,"2026-09-22 16:37:33",1396.5,2,mao925
2650,16742183,alessandrozonta,"2026-09-23 07:46:51",1396.3,2,azonta
2651,16943033,BobChuckyJoe,"2026-09-24 05:07:19",1396.2,2,bobchuckyjoe
2652,16622937,"Sheep 🐑","2026-09-28 13:08:41",1396.1,2,kabilrh
2653,16795698,ml_gg,"2026-09-30 15:16:32",1395.9,2,ramnarayanchoudhary
2654,16870486,"Sincere Bailey","2026-09-30 20:12:55",1395.9,2,sincerebailey
2655,16932743,"Chris Chia","2026-09-22 02:24:46",1395.7,2,cchia3
2656,16654841,"ABHIRUP DAS","2026-09-30 14:14:56",1395.5,2,abhirupdas10
2657,16674919,yukiZ,"2026-09-30 06:01:37",1395.2,2,hideyukizushi
2658,16879166,NoDash,"2026-09-29 11:50:23",1395.0,2,nodash
2659,16845965,Oldplaykid,"2026-09-30 22:04:44",1394.3,2,"tonf3195,zerethon"
2660,16719451,"Syed Toubur","2026-09-23 07:12:40",1393.9,2,syedtoubur
2661,16880792,dre,"2026-09-22 17:25:08",1393.3,2,ahmedelfazouan
2662,16664164,"Elzandi Irfan Zikra","2026-09-30 23:00:40",1393.1,2,"dyahayuretnoningsih2,zangetsufuin"
2663,16838981,"Adil Shamim","2026-09-30 16:27:21",1392.5,2,adilshamim8
2664,16789561,"Rohan Kishibe","2026-09-22 14:43:18",1392.0,2,anbianluban1
2665,16944349,m_meles,"2026-09-23 16:04:45",1391.7,2,mmeles
2666,16932257,"Joumier Loick","2026-09-30 00:10:46",1391.5,2,loickjoumier
2667,16690500,Mr.NoT_GaMeR,"2026-09-27 03:47:24",1391.1,2,joshdilipkumarpatel
2668,16942573,Almaz,"2026-09-30 12:06:13",1390.8,2,almazsakhapov
2669,16658025,"Dennis Gioche","2026-09-30 10:26:22",1390.2,2,dennisgioche
2670,16793635,"Johnny Hyland","2026-09-29 17:21:49",1390.1,2,johnnyhyland
2671,16880694,yuxian6666,"2026-09-23 13:00:16",1389.8,2,yuxian6666
2672,16669632,"Kenneth Alonso","2026-09-27 13:16:12",1389.8,2,kennethalonso
2673,16886627,caintly,"2026-09-30 13:39:30",1389.7,2,eyesad
2674,16667020,SCLim2022080004,"2026-09-22 03:18:23",1389.1,2,sclim2022080004
2675,16723318,グレイラットルーデウス,"2026-09-22 07:27:17",1388.8,2,rudeus666
2676,16623515,"Apple Joy","2026-09-23 05:27:00",1388.6,2,"cqput640,fishcat37,sdq2237"
2677,16842183,"Sumukh M G","2026-09-25 03:33:11",1388.1,2,sumukhmg35
2678,16793452,"Ghazaros Ghazaros","2026-09-30 00:38:16",1388.1,2,ghazarosghazaros
2679,16915571,"jay tsang","2026-09-26 07:57:39",1387.5,2,jaytsang
2680,16733748,"Ashutosh Agarwal","2026-09-30 23:42:05",1387.4,2,ashutoshagarwal088
2681,16682753,"Cam-Luan Truong","2026-09-22 11:11:54",1386.9,2,luantruong
2682,16921557,"Terry Duan","2026-09-30 02:29:53",1386.8,2,xueyueicu
2683,16861616,"Gagan Deep","2026-09-30 10:35:13",1386.7,2,gagandeep1
2684,16622934,"Ümit Anık","2026-09-29 17:44:57",1386.6,2,mitank
2685,16623530,khursani,"2026-09-30 15:03:44",1386.5,2,khursani8
2686,16742267,chandora,"2026-09-28 23:07:24",1386.4,2,chandora
2687,16644480,"Umut Keltek","2026-09-23 19:23:59",1386.1,2,umutkeltek
2688,16818060,bnfan,"2026-09-27 00:01:53",1385.7,2,simonfan7
2689,16709126,"Jamie Nojek","2026-09-29 19:36:30",1385.0,2,jamienojek
2690,16696421,"Koyashiki Mao","2026-09-22 11:55:10",1385.0,2,koyashikimao
2691,16667018,ZekeAlx,"2026-09-29 20:39:12",1384.2,2,alexthomas12345
2692,16762935,"ibr mo sal","2026-09-25 08:20:45",1381.5,2,ibrmosal
2693,16770282,colt,"2026-09-21 17:56:20",1381.3,2,"logicalgenius1,mindmaniac,mindpioneer,thinkinglogic2,xiaomaguo"
2694,16657094,irynavs,"2026-09-23 14:18:45",1380.9,2,irynavs
2695,16792865,"Arseniy Shutko","2026-09-29 17:06:54",1380.1,2,arseniyshutko
2696,16655704,heinado,"2026-09-29 20:41:52",1380.0,2,heinado
2697,16848588,"vibe coders","2026-09-30 23:14:01",1379.9,2,"caando,sheryllynntan"
2698,16796937,Alan,"2026-09-24 00:44:47",1379.7,2,amunsentom
2699,16713127,Felis,"2026-09-30 23:56:34",1379.6,2,ilyaafanasenko
2700,16728897,kaba777,"2026-09-29 20:43:39",1379.5,2,kaba777
2701,16658677,大山,"2026-09-30 03:03:51",1379.0,2,mapodoufu
2702,16935319,"Adrian Phillips","2026-09-23 06:52:14",1379.0,2,adrianphillips00
2703,16878353,"Hongbin Gu","2026-09-28 07:57:38",1378.7,2,guhongbin
2704,16735232,"Johnson Chishimba","2026-09-22 05:41:07",1378.4,2,johnsonchishimba
2705,16664392,AdamHsieh,"2026-09-26 03:06:41",1378.4,2,adamhsieh
2706,16842482,Litvin,"2026-09-29 14:55:37",1377.6,2,wodo888
2707,16655632,"Dmitry Kozlov","2026-09-22 05:26:12",1377.5,2,dkozlov
2708,16779388,"Mohammad Alnajdawi","2026-09-23 11:40:29",1377.0,2,mohammadalnajdawi
2709,16741672,张菠,"2026-09-30 02:05:59",1376.8,2,ysqdababa
2710,16683808,RuggedBones,"2026-09-30 17:26:40",1376.6,2,ruggedbones
2711,16857977,namopanda,"2026-09-28 15:30:18",1376.0,2,namopanda
2712,16774823,fan2goa1,"2026-09-30 19:36:35",1376.0,2,zfun0926
2713,16924529,dacheah,"2026-09-24 12:40:10",1375.9,2,dacheah
2714,16666946,pwxc00,"2026-09-30 23:47:41",1375.9,2,alert04
2715,16887631,"Wills Cui","2026-09-22 05:47:39",1374.9,2,willscui
2716,16644530,"Busya PRIME","2026-09-21 11:20:07",1374.5,2,busyaprime
2717,16806219,"Yiwei Pu","2026-09-22 01:59:54",1373.9,2,"lvyihan1210,raven20010261,yiweipu"
2718,16792927,EnricRovira,"2026-09-30 22:47:27",1373.2,2,enric1296
2719,16862614,"Andrew Bunn","2026-09-22 00:14:18",1373.1,2,andrewbunn
2720,16722117,"Zhou Zhengyu","2026-09-30 05:10:29",1372.9,2,"yanwenwang921,zhouzhengyu118"
2721,16623463,porply,"2026-09-21 13:32:47",1371.9,2,porply
2722,16681986,"Chirantan Bhardwaj","2026-09-25 04:22:03",1371.5,2,chirantanbhardwaj
2723,16621315,"Reyhan Ksatria","2026-09-30 19:10:53",1371.4,2,reyhanksatria
2724,16839638,keeplooking,"2026-09-27 14:31:39",1370.9,2,keeplooking
2725,16832335,"Junhua Yang","2026-09-29 04:33:04",1370.8,2,junhuay
2726,16922832,"Zhang Feifan","2026-09-29 10:05:21",1370.7,2,zhangfeifan
2727,16655520,"kaggle Osaka","2026-09-30 00:06:55",1370.3,2,toshiyukitanaka
2728,16771558,"Vitalie Cervinschi","2026-09-30 17:05:43",1369.6,2,vitaliecervinschi
2729,16744983,Gappy,"2026-09-29 14:53:42",1369.6,2,takahirohigasa
2730,16674839,"hongqian miao","2026-09-20 14:22:50",1369.5,2,hongqianmiao
2731,16900489,Machine_e1,"2026-09-25 12:52:38",1369.4,2,"arcanee1,machinee1,mymilk"
2732,16712751,haruo_tensai,"2026-09-26 01:58:17",1369.4,2,haruotensai
2733,16660395,ljx59141421,"2026-09-22 13:47:32",1369.3,2,ljx59141421
2734,16880558,"Georgi Kanev","2026-09-26 11:05:46",1369.3,2,georgikanev
2735,16635509,simmons1025,"2026-09-30 23:20:52",1369.2,2,simmons1025
2736,16630364,"Anh Tuan Ha","2026-09-30 17:51:40",1368.9,2,schw1eg0
2737,16783870,malaxg,"2026-09-30 06:57:43",1368.6,2,guoyixian2
2738,16665966,aj000,"2026-09-30 10:06:19",1368.5,2,anishjagdaleaj
2739,16655654,Cacinie,"2026-09-30 05:14:34",1367.8,2,cacinie
2740,16771623,kekuru,"2026-09-29 00:02:51",1367.3,2,soyaishihara
2741,16653728,"Iswar Patra","2026-09-25 15:05:38",1367.0,2,iswarpatra
2742,16942875,Vikram,"2026-09-24 03:42:14",1366.9,2,vikramreddy2001
2743,16658777,"Jiarui (Jerry) Cao","2026-09-27 12:55:00",1366.9,2,jiaruicao7
2744,16881512,"Asem Adnan","2026-09-24 10:30:05",1366.1,2,asemadnan
2745,16797699,"Dylan Moraes","2026-09-28 07:08:49",1365.7,2,dylanmoraes
2746,16662176,"jorge fabian avila","2026-09-30 16:00:20",1365.4,2,jorgefabianavila
2747,16693557,"Ifeoluwa Adewumi","2026-09-30 21:38:42",1364.8,2,ifeadewumi
2748,16903652,LokeshGiri,"2026-09-29 09:47:17",1364.8,2,"lokeshjasrotia,vengatagirig"
2749,16754838,"Berkay Özkan","2026-09-30 13:09:08",1364.6,2,berkayzkan
2750,16682885,风沙星辰,"2026-09-21 20:40:04",1364.0,2,"duoliya,linyeping,sereinovov,wangying2026"
2751,16757034,"Hanxiang Li","2026-09-21 03:43:45",1363.6,2,hanxiangjames
2752,16622482,"Veniamin Nelin","2026-09-29 22:43:43",1362.8,2,veniaminnelin
2753,16921085,Keerthana,"2026-09-23 16:30:06",1362.6,2,k33rthanaa
2754,16741243,"Yasin Mert Şahin","2026-09-30 18:12:31",1362.5,2,ymertsahin
2755,16699519,Handudu,"2026-09-30 15:49:22",1362.3,2,handudu
2756,16690113,m0chi1216,"2026-09-29 16:37:43",1362.3,2,m0chi1216
2757,16845695,"Nam Lê Phương","2026-09-28 06:55:21",1361.9,2,pearpn25
2758,16624941,"KO Ho Tin","2026-09-29 13:39:30",1361.9,2,b14ckc4tmr
2759,16644818,chudddc,"2026-09-29 03:41:17",1361.7,2,chudddc
2760,16722827,Prathyyyyy,"2026-09-30 17:10:41",1361.5,2,prathyyyyy
2761,16773185,"Alwin Djuliansah","2026-09-26 01:40:34",1361.4,1,alwdj07
2762,16934170,"Krish Shah","2026-09-23 05:49:34",1361.4,2,krshs90
2763,16773069,Grant,"2026-09-30 14:55:38",1361.3,2,leolin05
2764,16790945,"WHITE WOOD","2026-09-30 06:22:32",1361.2,2,lijinxuan
2765,16624047,GUOHAOYANG,"2026-09-21 06:13:29",1360.6,2,pkuszboi
2766,16754823,"tiki tiki tiki","2026-09-23 22:48:33",1359.8,2,slangitup
2767,16675960,"Audric LOKO","2026-09-30 10:12:12",1359.6,2,audricloko
2768,16841190,dp23334,"2026-09-22 10:42:21",1359.6,2,dp23334
2769,16890118,chiikavyshy,"2026-09-27 09:56:14",1359.3,2,"marynaborovska,yuriygreben"
2770,16655688,"Ryan Shan","2026-09-29 05:58:06",1358.8,2,codegold
2771,16924825,"Steven Feng","2026-09-24 09:46:32",1358.6,2,stevenkaiyi
2772,16630545,"GAURAV PARKHEDKAR","2026-09-25 13:18:41",1358.5,2,gauravparkhedkar
2773,16732878,modelcollapse,"2026-09-21 10:09:15",1358.1,2,modelcollapse
2774,16672033,"Mohan Prasath P","2026-09-21 13:48:43",1358.0,2,mohanprasath21
2775,16750317,"ELhamdaoui AM","2026-09-28 07:14:14",1357.8,2,elhamdaouiabdelmajid
2776,16660488,tehyoni,"2026-09-30 05:27:38",1357.4,2,"gooberdambi,sidcat,suaeng,tehyoni"
2777,16932991,"Gabriel Stoms","2026-09-22 15:15:38",1357.0,2,gabrielstoms
2778,16653828,Boltuzamaki,"2026-09-29 16:13:46",1356.7,2,boltuzamaki
2779,16848297,chacha260,"2026-09-29 01:54:11",1356.6,2,chacha260
2780,16660601,"Rabbiya affan","2026-09-30 19:44:32",1356.4,2,rabbiyaaffan
2781,16921049,"liuyang Mei","2026-09-30 22:56:32",1356.4,2,liuyangmei
2782,16691512,"Hongxin Su","2026-09-30 15:34:33",1356.2,2,hongxinsu
2783,16838560,Aphrodite,"2026-09-24 05:04:21",1356.2,2,aphrodite874
2784,16732746,MSG_Encrypted,"2026-09-27 22:11:41",1356.1,2,msghais
2785,16849282,ancientLuck,"2026-09-20 13:04:14",1355.9,2,ancientluck
2786,16728549,Karatelb,"2026-09-26 11:53:23",1355.9,2,karatelb
2787,16881928,"Saad Khan","2026-09-30 19:25:40",1354.5,2,saadlohani
2788,16854472,Taimo,"2026-09-30 23:53:37",1354.2,2,taikimori
2789,16791862,"Emmanuel Mireku","2026-09-29 21:44:17",1354.2,2,eldermireku
2790,16851343,"Ritwika Kancharla","2026-09-27 01:43:09",1354.0,2,ritwikakancharla
2791,16673034,"Milos Vlainic","2026-09-30 23:31:17",1353.5,2,wlakinsson
2792,16855394,chipssy,"2026-09-29 17:14:19",1352.8,2,shotafubasami
2793,16825815,linchenge,"2026-09-29 08:37:53",1352.6,2,linchenge
2794,16935420,"zicong pan","2026-09-24 09:34:45",1352.4,2,zicongpan
2795,16875653,xuzenkun,"2026-09-27 12:55:18",1352.1,2,xuzenkun
2796,16775684,ketterking,"2026-09-30 13:51:48",1352.1,2,"ketterwang,wwppyywwww"
2797,16817077,"Dinesh kumar Thiyagarajan","2026-09-20 21:01:23",1352.0,2,dineshkumar0705
2798,16920189,"Son Hoang","2026-09-23 12:57:59",1351.6,2,sonhoang82
2799,16635029,"Oleg Melnik","2026-09-30 17:12:00",1351.6,2,olegmelnik
2800,16671607,"Chanhyuk Han","2026-09-30 13:36:29",1351.5,2,chanhyukhan
2801,16670524,"Nat Bel ML Fun","2026-09-30 23:20:20",1351.2,2,natbel4ml
2802,16669594,euorrl,"2026-09-30 23:36:04",1351.2,2,euorrl
2803,16876869,MAGGR,"2026-09-29 14:14:17",1351.0,2,manojmandal
2804,16691670,wangbin.dev,"2026-09-29 15:42:12",1350.9,2,wangbindev
2805,16632476,"Назар Коваль","2026-09-30 17:48:24",1350.7,2,miickey
2806,16730634,Priestess,"2026-09-21 05:34:51",1350.7,2,kalypheus
2807,16769277,卡心农场,"2026-09-29 14:43:09",1350.4,2,"hkd2333,hsiaosuan"
2808,16655567,Heisnotanimposter,"2026-09-22 04:52:39",1350.3,2,test013
2809,16749576,heralces,"2026-09-29 15:08:02",1350.2,2,heralces
2810,16688979,"Dhayaney Vijayan","2026-09-30 21:18:48",1349.9,2,dhayaneyvijayan
2811,16698489,"JIUZHOU CHAN","2026-09-30 17:46:05",1349.8,2,jiuzhouchan
2812,16880773,最强扫地僧,"2026-09-21 05:14:26",1349.8,2,yyx466005036
2813,16789546,"lsm jii","2026-09-28 05:55:06",1349.5,2,lsmjii
2814,16931481,"Дмитрий Томилов","2026-09-22 02:12:22",1349.3,2,floyed
2815,16862225,"Dmitriy Ershov","2026-09-30 22:33:32",1349.2,2,bejeweled
2816,16937269,"Egg D. Kernel","2026-09-22 01:53:27",1348.3,2,eggdkernel
2817,16635670,"Mr.S hanakosan","2026-09-29 03:07:00",1348.3,2,earlgreytea15
2818,16745419,elren,"2026-09-21 15:48:47",1348.3,2,elrensmin
2819,16878968,"Dale Zhong","2026-09-30 03:05:24",1348.1,2,dalezhong
2820,16914801,milkdragon,"2026-09-30 22:43:35",1347.8,2,hhhhhhyc
2821,16623450,S.Aoki,"2026-09-21 04:27:13",1347.7,2,soyaoki
2822,16682667,"zeel vavliya","2026-09-29 11:37:57",1346.4,2,zeelvavliya
2823,16846149,"Arnav Salkade","2026-09-30 08:34:07",1346.1,2,arnavsalkade
2824,16654486,alijs,"2026-09-30 17:56:53",1345.9,2,alijs1
2825,16860288,"VIKASH YADAV","2026-09-29 05:25:11",1345.5,2,vikashyadav05
2826,16719123,"Thomas Tschinkel","2026-09-23 02:43:20",1345.3,2,thomastschinkel
2827,16664157,"Runjie Zhu","2026-09-30 11:57:36",1345.1,2,damiendesolei
2828,16786357,guoyihui,"2026-09-23 06:12:19",1345.1,2,guoyihui
2829,16849780,"Juan Leiva","2026-09-20 14:08:59",1344.7,2,juank333
2830,16801855,KooDol,"2026-09-30 18:50:35",1344.4,2,koodol
2831,16658109,edward1503,"2026-09-21 09:31:07",1344.4,2,nguynnc
2832,16883863,qhapaq49,"2026-09-27 09:26:47",1344.4,2,qhapaq49
2833,16779942,"YueKai Yu","2026-09-30 15:44:02",1343.8,2,yuekaiyu
2834,16668056,"Quantum Farm","2026-09-21 16:05:52",1342.9,2,"anselem7,divineokwueze,nnanyereuzoma"
2835,16713543,"Rustam Bazarbayev","2026-09-30 06:51:06",1342.9,2,rustambazarbayev
2836,16848622,"KUO JEN WEI","2026-09-24 19:20:54",1342.9,2,"kuojenwei,kuyiting"
2837,16699586,"Linda Liu","2026-09-30 22:57:50",1342.3,2,lpoint
2838,16641183,"Team Name Pending","2026-09-20 14:32:46",1341.0,2,"abdaathaillahhadyan,oliverspiby"
2839,16656659,"James Y","2026-09-29 04:01:55",1340.8,2,redoctopusk
2840,16927660,abraxas417,"2026-09-20 13:44:26",1340.3,2,abraxas417
2841,16901894,"Michael Reid","2026-09-23 17:10:41",1340.0,2,michaelreid2025
2842,16784725,prairieee,"2026-09-30 01:27:46",1339.6,2,"haideptry,prairieee"
2843,16635668,"Mirza Yasir Abdullah Baig","2026-09-28 07:34:02",1339.4,2,myab07
2844,16716531,tebenia,"2026-09-20 08:51:40",1339.4,2,tebenia
2845,16625219,MJVinay,"2026-09-30 19:22:57",1339.3,2,mallajayanthvinay
2846,16916938,MC1127,"2026-09-24 13:08:50",1339.2,2,mc1127
2847,16677320,kcoffee,"2026-09-30 15:23:44",1338.7,2,kcoffee
2848,16855111,PixelPuff,"2026-09-26 14:16:59",1338.7,2,krishpatel290895
2849,16817923,"Adhiraj Jagtap","2026-09-29 08:09:52",1338.2,2,adhirajjagtap
2850,16863501,ATC,"2026-09-20 09:24:46",1338.1,2,t6ccc2
2851,16625214,Malla,"2026-09-30 19:22:36",1337.2,2,mallaphalguni
2852,16635747,"Jeki Wan Taufik","2026-09-29 00:31:55",1336.9,2,jek1wantaufik
2853,16632493,"oni chan arigato","2026-09-20 10:55:22",1336.8,2,"kindasomethin,nabidnur"
2854,16621249,"Kunal Aarse","2026-09-30 19:45:40",1336.4,2,kunalinfinite
2855,16622939,"Kamal Das","2026-09-30 14:59:44",1336.3,2,kmldas
2856,16749251,HawkOsm,"2026-09-23 05:17:19",1336.2,2,hawkosm
2857,16726431,Manav,"2026-09-30 22:00:00",1336.1,2,manavsangwan
2858,16673013,TTT,"2026-09-30 13:52:55",1336.1,2,tadahiroasami
2859,16806249,CLJY,"2026-09-28 08:13:21",1335.6,2,cljy2026
2860,16640264,DhanaLakshmiMalla,"2026-09-30 19:22:17",1335.4,2,dhanalakshmimalla
2861,16924344,trigo,"2026-09-21 07:41:11",1335.1,2,trigoani
2862,16806840,"Tavuk Master","2026-09-21 09:52:18",1335.1,2,mkrimenurgm
2863,16751358,Cristiano,"2026-09-26 14:41:59",1335.0,2,zhuangbility
2864,16743546,"Simon Dorcas","2026-09-24 16:36:17",1333.7,2,simondorcas
2865,16922907,萤火2018,"2026-09-20 09:48:37",1333.7,2,aiwody
2866,16808396,Dr_F,"2026-09-30 14:27:29",1333.7,2,algebraictopology
2867,16779519,"Xiangsong Tian","2026-09-30 07:45:39",1333.7,2,xiangsongtian25
2868,16621063,Broskis,"2026-09-30 18:47:56",1333.1,2,"aikyatansinha,r1cksync,vamshikrishnaemmadi"
2869,16865317,"sunil kumar","2026-09-30 05:23:01",1332.8,2,sunil123kumar
2870,16895750,"charles Ndemo","2026-09-29 12:54:53",1332.1,2,charlesndemo
2871,16698540,asasaaa,"2026-09-30 01:15:35",1331.5,2,fieldhh
2872,16912988,"Roy Zhu","2026-09-29 12:56:20",1330.1,2,roy0zhu0
2873,16757392,Winter01,"2026-09-30 21:38:41",1329.8,2,wei111111
2874,16939292,Cunriman,"2026-09-24 12:59:54",1329.8,2,cunriman
2875,16687824,"André Dkw","2026-09-29 17:57:53",1329.5,2,andrdkw
2876,16654681,htech5,"2026-09-25 13:19:38",1329.0,2,htech5
2877,16777394,antadam127,"2026-09-19 23:03:20",1328.9,2,antadam127
2878,16926712,lostargon,"2026-09-21 21:44:55",1328.2,2,vadimpryakhin
2879,16770715,"Vicens Gaitan","2026-09-28 15:01:15",1328.0,2,vicensgaitan
2880,16659961,faahh,"2026-09-30 10:33:21",1327.5,2,shivam98saini
2881,16654710,"Ray Brothers","2026-09-28 17:52:46",1327.3,2,"madhurjyaray,vibekodr"
2882,16658290,rrishavrraj,"2026-09-30 19:35:12",1326.9,2,"rrishavrraj,shubhamkumar9812"
2883,16917535,"Edric Zhou","2026-09-21 08:05:07",1326.7,2,edriczhou
2884,16671520,sci-shi,"2026-09-30 13:18:10",1326.0,2,scishi
2885,16721248,"Raef Guizani","2026-09-29 12:02:18",1325.6,2,raefguizani
2886,16766401,"Gobi Elangovan","2026-09-20 11:00:23",1325.1,2,gobielangovan
2887,16731074,UmutUygurr,"2026-09-30 21:56:17",1324.9,2,"dilahbaheci,umuttuygurr"
2888,16756899,Muj!rush!,"2026-09-30 12:57:28",1324.6,2,mujrush
2889,16719869,"Swamy Gadila","2026-09-25 14:32:08",1324.5,2,testfridaycore2
2890,16674367,"zongze Yan","2026-09-30 15:26:24",1324.3,2,aaayan
2891,16868304,"Aaron amacadu","2026-09-19 20:18:38",1324.2,2,aaronamacadu
2892,16947082,"Alex  Redna","2026-09-25 12:46:49",1324.1,2,alexredna
2893,16916418,Lukas,"2026-09-23 13:02:38",1323.8,2,lukasbuck
2894,16795134,"jiawei li","2026-09-29 06:10:16",1323.6,2,jiaweiaaa
2895,16906626,JY,"2026-09-20 13:07:00",1323.5,2,junyihjy
2896,16848850,Lazyman,"2026-09-21 18:42:12",1323.5,2,lazyman
2897,16625921,JinchengZhang1,"2026-09-29 01:45:43",1323.1,2,jinchengzhang1
2898,16840550,henriquejsza,"2026-09-21 05:07:28",1322.9,2,henriquejsza
2899,16663759,Aggro,"2026-09-21 17:30:40",1322.7,2,datafad
2900,16870350,praneethb7,"2026-09-27 12:19:57",1321.9,2,praneethbudati
2901,16671767,Kaileh57,"2026-09-30 20:35:52",1320.9,2,kaileh57
2902,16679144,つるげーねふ,"2026-09-29 03:13:10",1320.1,2,atom7666
2903,16860164,Ry_Sa,"2026-09-22 13:02:38",1319.7,2,ryqsaq
2904,16857458,HIIHIH,"2026-09-29 13:26:40",1319.1,2,hiihih
2905,16642036,enddl22,"2026-09-30 03:14:45",1319.0,2,enddl22
2906,16943490,"green algeria","2026-09-22 19:12:48",1318.8,2,greenalgeria
2907,16939130,BenRed1,"2026-09-28 00:59:20",1318.0,2,benred1
2908,16654379,"Sebastian Mateus","2026-09-30 20:06:56",1317.9,2,"brenorb,sebastianmateus"
2909,16944358,Kobamiyannnn,"2026-09-23 02:50:24",1317.2,2,kobamiyannnn
2910,16640552,"rupsa roy","2026-09-30 19:44:26",1317.1,2,rupsarroy
2911,16925699,"YOUNG CHOW","2026-09-30 09:09:04",1316.7,2,youngchow
2912,16669148,"Syed Muhammad Gillani","2026-09-20 23:33:36",1316.4,2,syedmuhammadgillani
2913,16668123,B0RN2BL0W0UT,"2026-09-19 19:30:24",1316.4,2,kadenmansur
2914,16849814,"Mr. Architect","2026-09-20 08:06:03",1316.3,2,vietnguyen130593
2915,16666719,helenkwok,"2026-09-29 02:12:23",1315.7,2,helenkwok
2916,16673604,"Jiman Kwon","2026-09-27 03:49:55",1315.5,2,jimankwon
2917,16885090,higuuu,"2026-09-27 05:40:50",1314.3,2,higuuu
2918,16645431,Amin,"2026-09-30 14:18:52",1313.3,2,aminvafaei
2919,16875601,forwardidear,"2026-09-19 08:49:41",1313.1,2,forwardidear
2920,16853132,masa0219,"2026-09-26 21:46:08",1313.1,2,masa0219
2921,16682254,"Jeffery Jerome Harris","2026-09-28 07:41:58",1312.2,2,jefferyjeromeharris
2922,16848929,"Nikoo Yu","2026-09-29 05:55:00",1311.6,2,nikooyu
2923,16920843,"Hou JH-71","2026-09-20 13:09:46",1310.9,2,houjihao
2924,16866458,lalal2006,"2026-09-23 14:26:28",1310.9,2,lalal2006
2925,16660090,"Kaggriculture @ Farmageddon","2026-09-30 23:09:25",1310.8,2,gary08phillios
2926,16844518,"Haroon Rasheed","2026-09-24 04:47:28",1310.7,2,haroonnsgb
2927,16722619,vlavlalva,"2026-09-20 13:44:47",1310.6,2,cppcph
2928,16661575,skw1990,"2026-09-20 23:43:37",1310.2,2,skw1990
2929,16887858,"Oleg Zholobov","2026-09-21 14:06:59",1309.4,2,olegzholobov
2930,16907973,Mainafly,"2026-09-30 01:44:15",1309.3,2,ishakuyusufmaina
2931,16671844,I2nfinit3y,"2026-09-30 18:35:47",1309.2,2,i2nfinit3y
2932,16757987,maverick_ss_26,"2026-09-22 13:19:24",1309.0,2,maverickss26
2933,16936434,joshuag99,"2026-09-27 08:15:37",1308.7,2,joshuag99
2934,16736198,JetJetGo,"2026-09-19 14:10:00",1308.7,2,psykrishna
2935,16919736,elda27,"2026-09-22 01:32:59",1308.6,2,elda27
2936,16847096,Jackylw,"2026-09-20 15:53:08",1308.6,2,jackylw
2937,16635067,"Berat Egemen Gök","2026-09-28 19:42:39",1308.5,2,berategemengk
2938,16746380,JKong,"2026-09-24 00:00:30",1308.4,2,kmt2001
2939,16753820,sbite0138,"2026-09-28 15:31:44",1308.3,2,sbite0138
2940,16655748,revathip,"2026-09-29 12:35:57",1308.0,2,revathiprakash
2941,16914950,"Alessio Mezzina","2026-09-22 07:11:58",1307.9,2,alessiomezzinaaa
2942,16927137,"Hibachi Fried Rice","2026-09-29 05:45:01",1307.7,2,samvalladares
2943,16668798,"Ayush Shukla","2026-09-30 17:43:49",1307.3,2,ayushivy
2944,16690065,JiangWenfeng1,"2026-09-27 14:29:04",1307.2,2,jiangwenfeng1
2945,16659942,"Abdoulaye DIAW","2026-09-22 09:46:49",1307.1,2,abdoulayediaw25
2946,16662749,Jordan,"2026-09-30 03:30:47",1307.0,2,extergeist
2947,16939133,wang,"2026-09-27 08:11:49",1306.9,2,tombryant
2948,16724242,"Romash Koirala","2026-09-25 12:35:17",1306.8,2,romashkoirala
2949,16658426,RIVEN23,"2026-09-29 06:20:02",1306.4,2,riven5
2950,16863551,"Fady Mohammed","2026-09-26 04:39:25",1306.4,2,fadymagdy
2951,16674878,KirillKlem,"2026-09-29 15:18:20",1306.1,2,kirillklem
2952,16848394,Polaris,"2026-09-19 12:40:07",1305.5,2,zhanglei226
2953,16678080,"Timothy Adeyemi","2026-09-19 16:58:52",1304.9,2,timothyadeyemi
2954,16635600,"Divyansh Kumar","2026-09-28 11:20:31",1304.8,2,"divyanshkumar3,vivekjeetpatel"
2955,16663485,"Jacob Alstrup","2026-09-28 15:08:44",1304.5,2,jacobalstrup
2956,16622788,Fitzcarraldo,"2026-09-27 06:42:36",1304.0,2,ivankuc
2957,16944157,"Aly Dhedhi","2026-09-23 00:53:42",1303.8,2,alydhedhi
2958,16644229,"Amy Yuan","2026-09-29 16:41:33",1303.1,2,cozytato
2959,16937817,Yuki_ARL,"2026-09-21 17:58:56",1302.7,1,yukiarl
2960,16926297,brave-心勇-heart,"2026-09-29 13:44:42",1302.7,2,braveheart
2961,16863212,"Jayanth Koppala","2026-09-21 19:38:51",1302.5,2,jayanthkoppala
2962,16882077,telep,"2026-09-30 23:43:11",1302.1,2,vitaliypyvovar1
2963,16926016,"[KGZ] Aruke Sulaimanova","2026-09-19 15:15:47",1300.9,2,arukesulaimanova1
2964,16939866,"Big boom","2026-09-30 16:32:07",1300.9,2,cancinoespi
2965,16862461,"Guilherme Volpe","2026-09-23 00:38:39",1300.7,2,guivolpe
2966,16855992,"Vanshika #2","2026-09-29 03:53:20",1300.6,2,crystalbaby
2967,16775474,ERS,"2026-09-19 06:16:01",1300.5,2,shingo257
2968,16843522,clouds111,"2026-09-24 13:40:53",1299.8,2,clouds111
2969,16942821,PabloKim,"2026-09-25 11:26:53",1299.6,2,pablodevkim
2970,16866689,snehitha,"2026-09-30 17:47:05",1299.6,2,andapallysnehitha
2971,16890772,tcipin-egor,"2026-09-19 01:12:37",1299.4,2,egorich51
2972,16630964,LEEKANG,"2026-09-19 08:43:02",1299.2,2,poby7722
2973,16941958,"Justin Anderson","2026-09-25 10:20:24",1299.2,2,justanderson
2974,16664506,"Jonatan Asketorp","2026-09-30 03:34:00",1298.8,2,weft169aston
2975,16657785,"Himanshu Kumar","2026-09-30 15:42:36",1298.5,2,himanshujha2812
2976,16756029,EndCreeper,"2026-09-30 13:32:59",1298.2,2,endcreeper
2977,16924407,"Laxmi Khilnani","2026-09-30 18:26:00",1297.8,2,laxmikhilnani2004
2978,16743846,"Hemanth Raja Guttikonda","2026-09-29 17:07:54",1297.5,2,"hemanthrajg,poojithakatta18"
2979,16770842,yatakeuc,"2026-09-29 14:37:36",1297.4,2,yatakeuc
2980,16851399,"Ali Eren Konak","2026-09-28 10:49:26",1297.1,2,alierenkonak
2981,16814852,"Shivcharanraju Anga","2026-09-29 22:16:12",1297.0,2,shivcharanrajuanga
2982,16920912,wxxbest,"2026-09-23 13:36:08",1296.8,2,w20260801
2983,16630740,"Ramazan Turan","2026-09-19 08:51:11",1296.7,2,ramazanturann
2984,16859269,BAILW,"2026-09-30 14:01:24",1295.3,2,baimatubama
2985,16708315,beeyan,"2026-09-29 13:38:26",1294.9,2,beeyan0821
2986,16820988,人畜无害,"2026-09-29 00:57:46",1294.8,2,slowmo19
2987,16658709,"Kaggler Albafica","2026-09-30 04:55:28",1294.6,2,kaggleralan
2988,16885933,"Nadeem Kilani","2026-09-23 03:32:45",1294.0,2,fifthway
2989,16826999,donaldxu,"2026-09-28 13:31:45",1293.3,2,abc1705
2990,16735353,我是刘大聪,"2026-09-29 15:27:47",1293.2,2,smartorz
2991,16700207,"S. Mujtaba Hussain","2026-09-23 08:49:23",1292.9,2,smujtabahussain
2992,16623988,"Charismatic Pizza Party🍕","2026-09-19 12:22:20",1292.7,2,debugendless
2993,16652451,JackGong,"2026-09-30 11:46:57",1292.5,2,jackgong
2994,16929902,Daijun_zju,"2026-09-21 07:23:03",1292.2,2,daijunzju
2995,16900902,"Younes Chafi","2026-09-23 12:36:44",1292.1,2,youneschafi
2996,16658840,sanju25,"2026-09-30 13:23:07",1292.0,2,sanju25
2997,16663603,xsong2020,"2026-09-30 16:37:46",1291.9,2,xstargate
2998,16793478,noisyislands,"2026-09-30 15:31:28",1291.6,2,noisyislands
2999,16898309,"Mohammad Albaddawi","2026-09-19 14:27:45",1291.4,2,m7mdalbaddawi
3000,16621075,"Octavi Grau","2026-09-30 14:34:10",1290.6,2,octaviograu
3001,16854072,r13721,"2026-09-19 15:19:42",1290.4,2,r13721
3002,16656213,"Mehdi Boumiza","2026-09-24 03:56:40",1290.3,2,mehdiboumiza
3003,16852208,"LONG NT123","2026-09-19 08:30:22",1290.0,2,longnt123
3004,16843203,"Liyi xin jie","2026-09-30 15:01:42",1289.9,2,liyixinjie
3005,16743639,Hanserong,"2026-09-18 06:20:56",1289.9,2,"ronghedragon,rufus666"
3006,16726545,whm8016,"2026-09-23 16:17:05",1289.6,2,whm8016
3007,16663851,"Harshith revuru","2026-09-19 19:18:24",1289.4,2,harshithrevuru
3008,16782708,lcx666,"2026-09-28 07:52:40",1289.2,2,chengxinliang
3009,16665596,chunhu666,"2026-09-26 08:12:26",1288.9,2,chunhu666
3010,16623920,"Kazuta MIZUTA","2026-09-21 00:27:46",1288.7,2,kazutamizuta
3011,16841816,JasonDTao,"2026-09-30 01:01:32",1288.3,2,jasondtao
3012,16661533,wangyuou,"2026-09-25 11:22:49",1287.7,2,wangyuou
3013,16755808,"Van-Phuc Huynh","2026-09-22 07:21:40",1287.6,2,hvanphucs112
3014,16866014,htsbrer,"2026-09-20 00:09:51",1287.3,2,ht5brer
3015,16655372,abobakrosman87,"2026-09-30 22:55:28",1286.7,2,abobakrosman87
3016,16664751,"Cindy Meng90","2026-09-21 08:37:53",1285.9,2,cindymeng90
3017,16924209,AmirabbasBF2027,"2026-09-24 19:10:14",1285.7,2,amirabbasbf2027
3018,16676321,"tao wu11","2026-09-27 07:17:27",1285.5,2,"taowu11,xujchill"
3019,16811920,"MINGXI LIU","2026-09-28 16:39:52",1285.2,2,wang5630900
3020,16622034,"Aryan Yadav","2026-09-19 05:51:25",1285.2,2,simplexcomplex
3021,16922609,rofa2,"2026-09-18 23:05:58",1284.8,2,"gaoyuanjun,zhdmath"
3022,16871053,Ni123456&,"2026-09-25 05:05:05",1284.3,2,bingdongni
3023,16659415,PincheCabrón,"2026-09-30 17:38:46",1283.9,2,pinchecabrn
3024,16635055,chch,"2026-09-29 02:49:26",1283.5,2,chchentw
3025,16769069,"HAL's Kaggle Farm","2026-09-30 21:53:23",1283.3,2,kafein
3026,16937658,xXx,"2026-09-30 23:34:34",1283.2,2,yishenxiao
3027,16777138,"Anna Pakhaliuk","2026-09-27 16:29:48",1282.6,2,annapakhaliuk
3028,16907595,"Eric Zhang63","2026-09-18 18:15:50",1282.3,1,"ericzhang63,szqg666"
3029,16928640,Kenj,"2026-09-20 08:01:59",1282.0,1,kiritoooooooo
3030,16884417,"malcolm tan","2026-09-18 18:24:39",1281.5,2,malcolmtan
3031,16917982,"Haitao56 ","2026-09-19 14:38:52",1281.4,2,haotao56
3032,16810954,BayramAnnakov,"2026-09-19 11:14:29",1280.4,2,bayramannakov
3033,16796223,"Bohan Shao","2026-09-29 08:44:47",1279.8,2,bohanshao
3034,16885430,zoujustkidding,"2026-09-18 08:42:04",1279.3,2,chenxianshen123
3035,16911021,spark328,"2026-09-19 10:30:15",1279.3,2,spark328
3036,16728996,autowin,"2026-09-20 06:57:56",1279.0,2,atharvjairath
3037,16621610,NMarkS,"2026-09-21 12:03:36",1278.9,2,nmarks
3038,16790091,"[Deleted] 0c90d8c7-6287-45e2-a53d-b800213ae7c3","2026-09-23 14:47:14",1278.3,2,del=09910093914da146
3039,16743427,Under遊具,"2026-09-18 06:00:32",1278.3,2,andayougui
3040,16806635,digimagi,"2026-09-22 08:18:35",1277.7,2,digimagi
3041,16659160,"Dmitry Bardonov","2026-09-18 18:20:26",1277.4,2,bdesim
3042,16689926,3MnRho,"2026-09-19 06:59:04",1277.0,2,yongxiangzhao
3043,16635418,ocean240812,"2026-09-30 14:26:31",1276.7,2,ocean240812
3044,16621154,Zain96,"2026-09-30 11:35:18",1276.5,2,zain96
3045,16623708,"Chekhlov Dmitrii","2026-09-18 13:45:33",1276.3,2,zoli800
3046,16636954,"Jeff Horon","2026-09-30 23:35:07",1276.2,2,jeffhoron
3047,16822706,"YUE WU","2026-09-21 00:34:02",1276.1,2,yuewuacademic
3048,16661509,JSON_Voorhees,"2026-09-30 18:04:04",1275.8,2,michaelgreenhut
3049,16870596,juicyorange,"2026-09-29 03:36:35",1275.5,2,billychau1
3050,16759501,BaconT,"2026-09-22 15:56:11",1275.2,2,bacont
3051,16721259,Qsj,"2026-09-24 01:31:34",1275.0,2,qiaoshiji
3052,16926545,"Rintaro Washio","2026-09-19 19:02:47",1275.0,1,rintarowashio
3053,16879879,wulawulacong,"2026-09-18 03:56:01",1274.7,2,wulawulacong
3054,16777923,Sho,"2026-09-30 22:58:42",1274.1,2,shoito08190904
3055,16657623,Restart:),"2026-09-19 16:26:31",1273.5,2,wayne127
3056,16701697,Pelican,"2026-09-29 05:18:25",1273.2,2,chetanagrawall
3057,16915888,"Steve T","2026-09-20 05:28:41",1273.2,2,jamesfitxroi
3058,16652630,stars_w,"2026-09-18 06:57:00",1272.9,2,starsw
3059,16897955,Diganta,"2026-09-18 15:58:46",1272.9,2,digantabhattacharya
3060,16926797,aurnik,"2026-09-24 19:26:39",1272.7,2,aurnik
3061,16672371,Loren-wen,"2026-09-27 04:40:08",1272.3,2,wofusituerte
3062,16662318,"Bardia Bahadori","2026-09-18 15:21:53",1272.2,2,bardiabahadori
3063,16730288,matsurih,"2026-09-30 23:57:55",1271.1,2,matsurihime
3064,16655766,前衛,"2026-09-18 16:22:25",1270.8,2,"atharvranjan,shreyasgandhe,siddharth9077"
3065,16946537,"Roustoum Abdel Moula","2026-09-30 23:50:49",1270.8,2,roustoumabdelmoula
3066,16927981,narihz,"2026-09-22 12:25:06",1270.7,2,xiaochaizhen
3067,16751899,peggy,"2026-09-28 09:59:58",1270.6,2,refrigerator21
3068,16921850,"Leon Sakakibara","2026-09-21 02:05:50",1270.5,2,leonsakakibara
3069,16875968,"Dias Bakhtiyarov","2026-09-16 19:41:15",1269.7,2,diasbakhtiyarov
3070,16632708,__Taichicchi__,"2026-09-27 22:30:30",1269.6,2,hutch1221
3071,16875763,"芳村 愛支","2026-09-20 03:21:14",1269.4,2,shin1012
3072,16623263,ASHML,"2026-09-29 10:41:54",1268.5,2,ashml
3073,16733839,"Fabian Ruiz","2026-09-19 21:47:07",1267.7,2,fabianruiz3
3074,16775010,"Alexey Kuznetsov","2026-09-19 14:26:40",1267.7,2,legtarrr
3075,16746275,LittleScottyy,"2026-09-19 11:11:39",1267.4,2,fongwaiyong
3076,16669711,"Anton Shaniuk","2026-09-18 18:08:55",1266.8,2,antonshaniuk
3077,16838589,iCO,"2026-09-26 17:00:02",1266.7,2,takashimaeda
3078,16805906,FENGYESHAN,"2026-09-30 13:44:12",1266.0,2,fengyeshan
3079,16891588,Krtecek,"2026-09-20 11:16:13",1265.7,2,krtecek
3080,16740034,BSCode,"2026-09-29 16:28:27",1265.6,2,bscode
3081,16669089,YujieXing10,"2026-09-29 13:40:34",1265.2,2,yujiexing10
3082,16781279,zhyphirus,"2026-09-16 11:08:51",1264.9,2,zhyphirus
3083,16654027,shiv,"2026-09-30 23:34:06",1264.2,2,shivaurora
3084,16798989,"Harvest Sun","2026-09-30 09:02:38",1263.4,2,zaoooo29
3085,16764868,y129besan,"2026-09-19 02:30:37",1263.2,2,y129besan
3086,16888648,"MAOSEN ","2026-09-21 10:40:03",1263.0,2,maosen
3087,16637919,NoOneAhead,"2026-09-19 03:24:29",1262.9,2,jerrlu
3088,16880975,"Shenyu Ma","2026-09-18 15:19:11",1262.7,2,shenyuma
3089,16888261,"Andreas meling","2026-09-30 00:03:28",1262.1,2,andreasmeling
3090,16839580,"Søren Ravn Andersen","2026-09-16 13:57:31",1261.9,2,sorenravn
3091,16653078,pk210495,"2026-09-21 12:11:20",1261.8,2,pk210495
3092,16897870,妮选择遗忘的,"2026-09-17 13:59:51",1261.7,2,yk120951
3093,16886174,还没想好冥,"2026-09-18 14:45:39",1261.7,2,"fufustory,hashak,linjunren1016,mushroom1763,yamaer"
3094,16930996,"ROGER REN","2026-09-29 17:14:12",1261.4,2,rogerrenruben
3095,16667346,Artwenty-six,"2026-09-27 04:57:22",1261.4,2,rezakautsarinsani
3096,16899240,"Abel Mendez","2026-09-25 04:42:43",1261.4,2,abelmendez
3097,16912371,Dorararra,"2026-09-23 03:37:28",1260.6,2,dorafairy661
3098,16697139,Stocks152,"2026-09-20 04:10:05",1260.5,2,stocks152
3099,16765151,htnhtn,"2026-09-26 13:00:38",1259.7,2,htnhtn
3100,16635910,K3V1NM,"2026-09-18 13:33:33",1259.4,2,k3v1nm
3101,16888126,Iminabo,"2026-09-17 16:21:33",1259.1,2,iminabo
3102,16912052,"Nana Bast","2026-09-18 16:29:38",1258.4,2,"fontainedefurina,nanabast"
3103,16656382,Aevion-Labs,"2026-09-23 14:23:35",1258.0,2,aevionlabs
3104,16677774,"Abdulatif Mahgoub","2026-09-30 21:30:27",1257.9,2,abdulatifmahgoub
3105,16907699,"zhirong ye","2026-09-18 16:25:01",1257.5,2,zhirongye
3106,16799769,manyuA,"2026-09-29 01:42:16",1257.5,2,"forheuristiclifeksh,manyua,realhonest"
3107,16688460,lllleeeo,"2026-09-16 17:38:13",1257.3,2,lllleeeo
3108,16899300,"Yassine Chritt","2026-09-17 06:31:14",1257.2,2,yassinechritt
3109,16685014,"Vishal Kishore","2026-09-20 11:55:12",1257.2,2,kishorevishal
3110,16824010,yuxingyizhou,"2026-09-29 00:08:06",1256.9,2,yuxingyizhou
3111,16933118,wkdbskwsm,"2026-09-27 09:58:40",1256.8,2,wkdbskwsm
3112,16668370,"Matthew Labrador","2026-09-17 14:07:15",1256.8,2,m4tyuuu
3113,16849125,"OBSTACLE DEVELOPER","2026-09-26 09:46:19",1255.2,2,obstacledeveloper
3114,16856629,Methematics,"2026-09-30 21:31:25",1254.2,2,pavelvasilevskiy
3115,16780062,Kousuke55,"2026-09-30 14:18:43",1253.7,2,kousuke555
3116,16915374,"Muaz Husaini","2026-09-21 06:18:49",1253.5,2,muazhus
3117,16908832,"ranya marwan","2026-09-18 20:46:58",1253.3,2,ranymarwan286
3118,16730903,noynkmr,"2026-09-30 14:40:17",1252.8,2,noynkmr
3119,16764901,"Han Chen","2026-09-22 09:05:16",1252.8,2,puffohan
3120,16680144,AM,"2026-09-17 15:52:11",1252.6,2,adammekky
3121,16697249,"Sudharsana Rajasekaran","2026-09-24 01:19:07",1252.1,2,sudhan03
3122,16852963,LingLingToshite,"2026-09-30 01:37:02",1251.4,2,lingtoshitehiroki
3123,16716012,LaiCxm,"2026-09-24 11:50:02",1251.3,2,laicxm
3124,16909973,"Tri Tuc Cao","2026-09-17 09:59:28",1251.0,1,tricao
3125,16861256,lizh2025,"2026-09-27 15:04:10",1250.4,2,lizh2025
3126,16709304,"Aleksey SCHUKIN","2026-09-30 12:43:58",1250.3,2,alekseyschukin
3127,16891040,"Nasri Siwar","2026-09-28 22:40:29",1250.1,2,sassounasri
3128,16849328,"Gaurav #2","2026-09-17 13:14:38",1250.0,2,genesis96839
3129,16881660,Prateek,"2026-09-28 17:41:40",1249.8,2,prateekagnihotri
3130,16924959,"Shun Liou","2026-09-30 20:45:16",1249.7,2,shunliou
3131,16910590,Hubillionaire,"2026-09-17 06:56:01",1249.5,2,hubillionaire
3132,16726816,"Games Jadley","2026-09-24 22:02:50",1248.7,2,gamesjadley
3133,16830678,Voodoo_m88,"2026-09-26 05:18:05",1248.6,2,voodoom88
3134,16907222,"Harshith Kumar","2026-09-16 17:13:57",1247.1,2,harshith1212a
3135,16635280,"Narendra Sirvi","2026-09-24 04:12:37",1246.9,2,narendras78
3136,16651257,PursueML,"2026-09-22 16:24:27",1245.5,2,"cuijohn,pursueml"
3137,16876520,OpenModelMap,"2026-09-18 15:05:55",1245.2,2,openmodelmap
3138,16825340,xiaoBOSS97,"2026-09-21 15:18:33",1243.8,2,xiaoboss97
3139,16751267,Guojun1,"2026-09-28 17:25:04",1243.8,2,guojun1
3140,16623749,Tejas,"2026-09-17 09:53:36",1243.4,2,tejuuss
3141,16894457,kento2002,"2026-09-17 16:44:18",1243.3,2,kento2002
3142,16830526,"Raghav Agrawal","2026-09-23 17:42:54",1243.2,2,raghagra
3143,16849778,"Kim Minh","2026-09-22 03:21:00",1242.5,2,hanming14
3144,16801797,Tv,"2026-09-27 15:45:59",1242.4,2,linyeah
3145,16921161,"earl naranja","2026-09-18 14:29:46",1242.0,1,earlnaranja
3146,16841799,珍珠,"2026-09-30 07:57:27",1241.6,2,luochen6
3147,16739019,quzhihang,"2026-09-23 08:28:40",1241.4,2,quzhihang
3148,16804859,DevashishSoni123,"2026-09-30 04:00:41",1241.0,2,devashishsoni123
3149,16886193,"Xiaoyong Zhu","2026-09-15 01:23:47",1240.8,2,xiaoyzhu
3150,16850078,"Safwan Amin","2026-09-16 16:53:04",1240.5,2,bracu23101281
3151,16662681,"Vernon Campbell","2026-09-18 01:51:57",1240.1,2,vernoncampbell
3152,16936777,tagokoro,"2026-09-24 05:14:27",1239.7,2,tagokoro
3153,16897719,"Muhammad Aashir Irshad","2026-09-21 14:44:03",1239.5,2,muhammadaashirirshad
3154,16820596,Karina,"2026-09-30 00:24:26",1239.4,2,karinajoey
3155,16707994,"Ayush Gupta #2","2026-09-17 22:21:54",1239.0,2,desmond6101
3156,16881600,"Yoshihiro Hatakeyama","2026-09-21 03:41:49",1238.9,2,yoshihiro1909
3157,16860811,XiaoXiaoJ,"2026-09-17 19:38:39",1238.8,2,xiaoxiaoj
3158,16678930,"Just a moroccan","2026-09-26 12:14:44",1238.6,2,zbidaamine
3159,16714134,"Raul Tinajero","2026-09-17 19:57:39",1238.4,2,raultinajeroo
3160,16774699,"Rio Nakamura","2026-09-16 09:25:16",1237.9,2,rionakamura10
3161,16687479,kowalskii,"2026-09-17 08:52:42",1237.9,2,anirudhkumaraheer
3162,16758954,shenjj02,"2026-09-17 02:30:08",1237.4,2,shenjj26
3163,16761324,WLYYYo,"2026-09-22 14:15:28",1237.3,2,wlyyyo
3164,16859157,"David Mensah-Gbekor","2026-09-17 22:03:56",1237.1,2,ravdave
3165,16681100,Chiranjith,"2026-09-17 11:37:34",1236.7,2,chiranjithdharma
3166,16743172,moonzfxs,"2026-09-23 15:34:29",1235.3,2,moonzfxs
3167,16915300,wanhty,"2026-09-18 13:43:54",1235.3,1,wanhty
3168,16626203,"Manish Kumar Maurya","2026-09-19 19:39:02",1235.1,2,manishkumarmaurya11
3169,16736202,杨雨灿,"2026-09-30 06:48:02",1234.8,2,yucanyang
3170,16796544,"Xiaonan FU","2026-09-16 01:44:11",1234.7,2,xiaonanfu999
3171,16670659,saumyagupta12,"2026-09-26 18:07:30",1234.7,2,saumyagupta12
3172,16676034,"Songyot P","2026-09-18 06:33:06",1234.4,2,songyotpi
3173,16827097,"Bình Trần Thanh","2026-09-16 03:47:00",1234.1,2,dsdadasda
3174,16729105,cc,"2026-09-29 09:24:09",1234.0,2,hqj66666
3175,16891562,"Weverton Guedes","2026-09-25 12:29:45",1233.8,2,owevertonguedes
3176,16729488,"Bala vighnesh Reddy","2026-09-20 11:38:40",1233.8,2,balavighneshreddy
3177,16793553,hoon0303,"2026-09-16 12:38:01",1233.2,2,hoon0303
3178,16840921,evolved,"2026-09-30 21:54:04",1233.2,2,algunion
3179,16896854,photonova,"2026-09-15 12:29:25",1233.1,2,photonova
3180,16728135,sukirman,"2026-09-16 03:25:01",1233.0,2,rakbidb
3181,16895014,trying_out,"2026-09-15 20:03:10",1232.5,2,"samiatisha,vickysynapsev"
3182,16807380,"D × MirAI","2026-09-29 00:16:04",1232.5,2,kmnkmn
3183,16662314,"Hanh Tran","2026-09-16 09:57:42",1232.4,2,honghanhhh
3184,16898547,"[Deleted] 56e880dc-015c-4899-9c1b-85d9958ef4af","2026-09-15 18:25:34",1232.0,2,del=84798c2d77df7d9d
3185,16773170,"yy li","2026-09-24 03:40:48",1231.9,2,yangyili11
3186,16732735,MMMMMMMMMMMM,"2026-09-16 14:57:27",1231.6,2,hyh273279
3187,16943936,"Wessel van Dijke","2026-09-27 23:22:56",1231.6,2,wesselvandijke
3188,16719771,"Oleg Papulov","2026-09-29 16:14:25",1231.5,2,olegpapulov
3189,16847370,"Suleyman Yollyyev","2026-09-25 05:54:55",1231.5,2,suleyman71
3190,16855268,"Jiayi Du","2026-09-26 21:17:21",1231.3,2,jahyee
3191,16740010,"[Deleted] 3d43f904-9731-4807-b835-0ae07351a8c7","2026-09-20 18:57:10",1231.3,2,del=230950f98ee5f235
3192,16914244,Poemcourt,"2026-09-17 11:14:15",1231.2,1,poemcourt
3193,16659771,DieByTheSword,"2026-09-16 08:53:03",1231.1,2,przemysawstroiws
3194,16908116,"Kabir Potdar","2026-09-16 18:40:56",1231.1,2,kabir01010
3195,16791999,"Dashi Tsybikzhapov","2026-09-28 11:01:31",1230.8,2,dashitsybikzhapov
3196,16821967,"Nakul Maurya","2026-09-29 16:56:08",1230.1,2,nakulmaurya
3197,16853125,"BEIKE YAN","2026-09-21 02:10:30",1229.6,2,craigsid
3198,16763551,"PRASHANT SHUKLA91","2026-09-29 14:31:57",1229.4,2,prashantshukla91
3199,16685342,"Kanth Da","2026-09-21 04:15:12",1228.2,2,"kanthda,riteeshreddybysani"
3200,16826719,"Dennis HT","2026-09-18 09:43:32",1228.1,2,dennisht
3201,16820607,PeriwinkleBlueOvO,"2026-09-30 23:27:01",1228.0,2,"PeriwinkleBlueOvO,wenqiangao1"
3202,16903970,qorlin,"2026-09-16 03:12:00",1227.6,2,qorlin
3203,16861544,"Hiroyuki Fujimaki","2026-09-30 23:57:43",1226.7,2,hiroyukifujimaki
3204,16915895,Shaylynn,"2026-09-17 15:58:29",1225.4,1,shittttttt
3205,16904006,vorlian,"2026-09-16 03:18:09",1225.3,2,vorlian
3206,16640540,QYQ1693,"2026-09-16 03:29:19",1225.0,2,qyq1693
3207,16761418,"Piggy Piggy","2026-09-14 23:37:49",1225.0,2,txgg123
3208,16692711,Deniz,"2026-09-16 14:51:14",1225.0,2,denizeryilmaz
3209,16764546,Thirst,"2026-09-28 20:00:47",1224.5,2,wahidakram
3210,16661622,"Ergin Akın","2026-09-21 17:19:04",1224.3,2,erginakin
3211,16867924,PeaBrain,"2026-09-16 01:22:29",1223.8,2,abiruekanayaka1
3212,16621628,pupen_o,"2026-09-23 17:16:53",1223.6,2,pupeno
3213,16731983,Gracie,"2026-09-27 13:23:32",1223.1,2,gracie428
3214,16644481,Liquidus,"2026-09-16 02:57:18",1223.1,2,liquidus
3215,16701948,"Shaokai Zhang","2026-09-19 10:58:04",1223.1,1,shaokaizhang
3216,16797457,Aamod06,"2026-09-30 14:01:04",1222.9,2,aamod06
3217,16797029,phospholipid,"2026-09-20 23:17:05",1222.7,2,phospholipid0614
3218,16855477,SiriusStarRally,"2026-09-16 09:32:59",1222.6,2,siriusstarrally
3219,16897519,SShota-box,"2026-09-30 05:01:21",1222.6,2,sshotabox
3220,16664239,VK_Kaggriculture..StartCompet,"2026-09-29 05:16:05",1222.6,2,venkatkumar001
3221,16646970,juewang1p,"2026-09-21 13:00:11",1222.4,2,juewang1p
3222,16845382,Alpha_Ashwin007,"2026-09-23 20:31:55",1222.3,2,alphaashwin007
3223,16623199,"Jesse Ferguson","2026-09-25 22:32:37",1222.1,2,jesseferguson
3224,16747982,"Affriza Wildan Fauzan","2026-09-30 10:16:25",1221.7,2,affrizawildanfauzan
3225,16838625,kyohei2106,"2026-09-17 22:37:42",1221.6,2,kyohei2106
3226,16799024,Becegatto,"2026-09-27 23:55:44",1221.5,2,viniciussignorelli
3227,16768543,caas_sicca,"2026-09-19 07:56:21",1220.8,2,caassicca
3228,16822395,"Vladimir Galatenko","2026-09-24 02:41:17",1218.7,2,vladimirgalatenko
3229,16673131,"Arfin Mustofa","2026-09-17 01:40:55",1218.7,2,arfinmustofa
3230,16681464,Amyel21,"2026-09-17 18:28:33",1217.8,2,amyel21
3231,16670933,Pat,"2026-09-15 05:34:10",1217.6,2,junseia
3232,16878308,Pjchauhan,"2026-09-25 04:59:56",1217.6,2,pjchauhan
3233,16814637,random_numb,"2026-09-28 19:10:56",1216.7,2,randomnumb
3234,16862967,Unicorns,"2026-09-15 17:50:14",1216.5,2,"isaacjiang,ryokitano"
3235,16657276,"Пётр П","2026-09-29 08:31:15",1215.8,2,petrinvest
3236,16746372,"Meerub Atiq","2026-09-18 13:00:49",1215.6,2,meerubatiq
3237,16664609,Re2lawd,"2026-09-24 09:51:49",1214.9,2,re2lawd
3238,16639844,MaxChen303,"2026-09-20 03:12:58",1214.9,2,maxchen303
3239,16881248,Veerakrishna,"2026-09-17 16:30:12",1214.9,2,veerukhannan
3240,16845023,zhtmgxr,"2026-09-17 04:53:03",1214.8,2,zhtmgxr
3241,16854521,koumiyata,"2026-09-30 23:57:03",1214.4,2,koumiyata
3242,16676278,"Om Sangwan","2026-09-23 15:04:01",1214.1,2,omsangwan
3243,16720316,"Hưng Trần","2026-09-16 10:27:05",1213.1,2,hungtrabiz
3244,16842246,montplusa,"2026-09-17 00:59:05",1213.1,2,montplusa
3245,16864125,culture,"2026-09-15 12:50:09",1212.3,2,shkurak
3246,16634952,"Igor Zharov","2026-09-30 16:58:13",1212.2,2,flexonafft
3247,16864346,"Yanwei Lu","2026-09-30 05:23:30",1212.1,2,yanweilu
3248,16725947,SamarthRawat18,"2026-09-24 16:29:45",1211.4,2,samarthrawat18
3249,16768016,JohnBlake,"2026-09-30 11:01:00",1211.0,2,jaybeeja
3250,16893208,hongan,"2026-09-15 21:49:30",1211.0,2,honganzhu
3251,16887661,magic101,"2026-09-14 22:48:26",1210.9,2,magicbuttons
3252,16887142,backsider,"2026-09-16 09:34:44",1210.7,2,backsider
3253,16895927,logicorix,"2026-09-15 09:30:21",1210.3,2,logicorix
3254,16895926,Zengr1,"2026-09-17 09:58:50",1209.9,2,zengr1
3255,16857987,fujia,"2026-09-29 07:27:12",1209.7,2,fujiasama
3256,16644452,Durlabh_Jha,"2026-09-30 19:43:42",1208.8,2,durlabhjha
3257,16840576,kfsky,"2026-09-19 11:16:48",1208.8,2,kengofujii
3258,16741551,"Vedant Tiwari","2026-09-26 17:22:42",1208.2,2,vedant7312
3259,16693439,"Ankit Hemant Lade","2026-09-30 04:10:15",1208.2,2,"ankitlade12,jsaikrishna"
3260,16806541,hidenov,"2026-09-30 23:53:52",1208.1,2,hidenov
3261,16625082,真的懒,"2026-09-19 06:14:56",1208.0,2,gtccc9
3262,16730495,joinus,"2026-09-15 08:34:22",1207.3,2,joinus2003
3263,16777137,Bernardus,"2026-09-25 08:18:07",1206.9,2,bernubritz
3264,16726616,9Hash,"2026-09-26 10:46:04",1206.8,2,hashimrazi
3265,16763457,"Mohammad Essam","2026-09-30 21:26:17",1206.3,2,mohammedessam97
3266,16739181,yamu_duck,"2026-09-18 12:14:10",1206.2,2,crazyleg11
3267,16802410,"Aleksandr  Larko","2026-09-14 02:42:42",1206.1,2,alexxanderlarko
3268,16709504,U023,"2026-09-14 16:44:14",1206.0,2,ryutek
3269,16690401,Skyspace,"2026-09-16 11:02:11",1205.8,2,empireblue
3270,16755099,"Aleksandr Ulianin","2026-09-14 12:05:33",1205.6,2,aleksandrulianin
3271,16742159,mimi！,"2026-09-16 05:57:58",1205.5,2,"morongzhu,we111135"
3272,16710499,sukeke,"2026-09-15 04:28:10",1205.4,2,sukeke
3273,16832231,lst1923,"2026-09-26 22:06:29",1205.3,2,lst1923
3274,16697540,"Jared Floersch","2026-09-24 12:24:14",1205.1,2,jaredfloersch
3275,16918151,"Hidenori Sasaki","2026-09-25 16:49:57",1205.0,2,hidenorisasaki
3276,16731799,"Ansh The Farmer 👩‍🌾","2026-09-15 19:05:59",1205.0,2,affection
3277,16802442,"Rabia Eda Yılmaz","2026-09-15 19:10:02",1205.0,2,truthisneverlinear
3278,16657347,"Hibiki M","2026-09-30 19:11:53",1204.9,2,hibikibrise
3279,16896033,omnifluxor,"2026-09-15 09:40:03",1204.6,2,omnifluxor
3280,16679810,"Patrick Joël MAIRLOT-MBEZELE","2026-09-30 07:08:57",1204.5,2,pigenesis75
3281,16904305,"YICHEN PAN","2026-09-16 18:39:53",1204.5,2,sakanamango
3282,16635745,DataRockstar,"2026-09-30 04:45:26",1204.5,2,"amaropeter,jvlegend"
3283,16865570,"Kedar Kale","2026-09-22 14:32:10",1204.5,2,kedarkale
3284,16896886,"hemloock ","2026-09-15 12:35:43",1203.5,2,hemloock
3285,16877685,"Felipe Figueiredo","2026-09-24 02:47:56",1202.6,2,felipefigueiredo02
3286,16622531,"musya lyusya team","2026-09-15 17:44:15",1202.5,2,vswz2nqp
3287,16872207,"Tèo Búng","2026-09-18 08:06:06",1202.3,2,teobung
3288,16924679,"Vandan Sharma","2026-09-20 09:50:10",1201.9,2,vanam56
3289,16932705,tan014,"2026-09-30 22:28:46",1200.2,2,tan014
3290,16667766,vasujain7,"2026-09-30 19:37:06",1200.1,2,vasujain7
3291,16796133,NoMoreThan20Words,"2026-09-15 00:19:25",1200.1,2,nomorethan20words
3292,16709950,"Ryan Myers","2026-09-25 05:52:17",1199.9,2,ryanmyers03
3293,16889004,SkOnTheRocks,"2026-09-15 11:43:43",1199.8,2,skontherocks
3294,16904747,미카엘,"2026-09-30 22:47:17",1199.3,2,madscientist097
3295,16893291,"We Want... A Shrubbery!","2026-09-17 21:55:10",1199.2,2,timlongii
3296,16758817,Ruwawa,"2026-09-15 14:26:15",1199.1,2,ruwawa
3297,16697411,VynoDePal,"2026-09-20 23:47:47",1199.1,2,kvynodjo
3298,16896267,HendraDanuSaputraChauwito,"2026-09-16 12:37:41",1198.7,2,usilisme
3299,16891432,porzlck,"2026-09-17 10:07:44",1198.2,2,orzlck
3300,16744914,"El Mehdi EL JAIR","2026-09-21 07:56:02",1198.2,2,elmehdieljair
3301,16706576,王一凡,"2026-09-23 01:33:57",1198.1,2,"liuziyang1016,mikakohinata68"
3302,16748738,Shymohn,"2026-09-17 07:01:37",1197.4,2,shymohn
3303,16880953,IAMNAMNAM,"2026-09-30 06:14:25",1197.3,2,iamnamnam
3304,16796235,"Keside Onyeocha","2026-09-20 01:25:05",1197.0,2,kesideonyeocha
3305,16621683,Shivangoudaa,"2026-09-16 16:04:07",1196.7,2,ishivapatil
3306,16868001,"Young MacDonald","2026-09-18 15:16:22",1196.0,2,natert
3307,16715828,samg,"2026-09-30 23:53:04",1195.6,2,samgreen2046
3308,16879578,"kabir Merakeb","2026-09-30 21:50:01",1195.0,2,kmerakeb
3309,16903902,wanghaozhi,"2026-09-20 02:00:08",1194.6,2,wanghaozhi
3310,16806728,"Neural Knight","2026-09-24 16:39:55",1194.5,2,"chinmaymnaik,sivasainath06"
3311,16674295,"Nguyễn Minh Hiếu","2026-09-19 07:44:18",1194.5,2,endermage
3312,16835851,ruizhichen,"2026-09-22 16:59:50",1194.4,2,ruizhichen
3313,16621355,Raiden.B,"2026-09-22 16:08:44",1194.3,2,raidenb
3314,16875618,"Joel P. Joseph","2026-09-30 15:30:07",1194.0,2,joelpjoseph
3315,16891791,judy12345.0316,"2026-09-15 05:38:38",1194.0,2,judy123450316
3316,16858207,"David Wang","2026-09-29 03:39:12",1193.8,2,renew66
3317,16732945,"Aru Ohta","2026-09-22 14:21:41",1193.7,2,aruohta
3318,16640780,"drezna ultra","2026-09-18 14:14:35",1193.7,2,notakes
3319,16892796,FunLegendGaming,"2026-09-17 16:27:04",1193.2,2,funlegendgaming
3320,16654742,"Aastik Rajan15","2026-09-14 11:58:25",1193.0,2,aastikrajan15
3321,16694346,ywwywww,"2026-09-14 07:52:56",1192.7,2,ywywww
3322,16793755,"Juank Suarez","2026-09-20 02:45:18",1192.6,2,juanksuarez
3323,16673370,JeovaAnderson,"2026-09-24 15:45:12",1192.4,2,jeovaanderson
3324,16653127,"Talim Aushakhman","2026-09-15 17:29:46",1192.0,2,talimaushakhman
3325,16707303,meTeam,"2026-09-24 18:14:20",1191.9,2,aaronzribi
3326,16634156,"Hiroyasu Okuno","2026-09-30 15:25:18",1191.8,2,hiroyasuokuno
3327,16845165,Tanuki_boosting,"2026-09-13 12:41:51",1191.7,2,miyamotodaiya
3328,16660020,"Gaddam Shiva Teja","2026-09-30 10:38:55",1191.3,2,shivateja005
3329,16710466,"Charles Backman on LinkedIn","2026-09-14 14:14:42",1191.2,2,charlesbackman
3330,16862582,StephaneB7899,"2026-09-14 02:34:17",1189.5,2,stephaneb7899
3331,16767960,"Yuvraj Bhati","2026-09-14 23:24:32",1189.3,2,avioon
3332,16623326,"Tatiana Malygina","2026-09-27 11:00:08",1189.2,2,latticetower
3333,16843303,inori315,"2026-09-14 13:31:27",1189.0,2,inori315
3334,16764301,"Quýt đây đừng sợ","2026-09-20 15:19:28",1188.4,2,ponschannel
3335,16863335,"Bright Choice AI","2026-09-30 11:07:06",1187.8,2,brightchoiceai
3336,16893402,tedo,"2026-09-15 00:05:46",1187.6,2,takuroedo
3337,16769435,"Nguyễn Mạnh","2026-09-21 04:23:56",1187.3,2,nguyenmanh97
3338,16728321,Rohitt_94,"2026-09-30 07:20:33",1186.4,2,rohitt94
3339,16698287,"Reinforcement Forgetting","2026-09-24 23:34:50",1186.2,2,ethanjschauder
3340,16637973,StephenNedumpally,"2026-09-15 07:50:55",1185.6,2,stephennedumpally
3341,16937599,"Swasembada Pangan","2026-09-30 23:55:56",1185.4,2,fathurachmadhanafi
3342,16630312,beijijun,"2026-09-14 12:04:11",1184.1,2,beijijun
3343,16630784,"🚜 Sub-Par Seedlings","2026-09-29 07:21:33",1183.2,2,"dwellement0baser,michaellist,oneupkiwi,wilhelmberghammer"
3344,16847620,york1to,"2026-09-15 19:10:35",1183.1,2,yorkkang
3345,16670504,Shirabe,"2026-09-17 03:00:23",1183.1,2,carlmakt
3346,16828191,wanghongwei111,"2026-09-14 13:07:32",1183.0,2,wanghongwei111
3347,16918530,lingsio,"2026-09-22 06:17:59",1183.0,2,shinshengchiou
3348,16655844,MAFIN,"2026-09-14 12:37:15",1181.2,2,moneyman91
3349,16630129,"Yi Lu","2026-09-16 01:54:33",1181.0,2,liqiu0224
3350,16810030,fukumayo,"2026-09-30 14:20:02",1180.9,2,fukumayouta
3351,16669441,"Chirag Desai","2026-09-18 15:03:16",1180.6,2,cid007
3352,16881755,MudassarPAPI,"2026-09-14 08:59:06",1180.4,2,mudassarpapi
3353,16723427,"Nikita Biryukov","2026-09-14 07:00:48",1180.2,2,bnikita
3354,16797154,"Elvern Neylmav Tanny","2026-09-13 23:37:07",1179.5,2,elvernneylmavtanny
3355,16753925,"Tyler Durden","2026-09-15 08:06:49",1179.2,2,jeedimetlacharan213
3356,16806146,"Factual Explorer","2026-09-12 20:05:48",1178.7,2,factualexplorer
3357,16738653,"Julien Trocmé","2026-09-29 14:50:45",1177.6,2,julientrocm
3358,16722295,"Yuya Shintani","2026-09-20 16:06:02",1177.4,2,uplus26e7
3359,16653311,"Stanislav Tsepa","2026-09-28 17:36:27",1177.2,2,mrtsepa
3360,16665746,Chiranjieev,"2026-09-30 15:35:06",1177.1,2,"abhirajhiwale,amitambhore27,himanshu2605"
3361,16728774,あなまか,"2026-09-30 14:42:45",1176.7,2,arakish
3362,16731501,"Shiv Satyam","2026-09-13 22:14:15",1176.4,2,shivsatyam
3363,16757320,Jingxiang,"2026-09-12 22:11:32",1176.3,2,jingxiango
3364,16793300,n470,"2026-09-30 23:41:13",1176.2,2,spacedebris634
3365,16892272,"Leo #3","2026-09-14 15:44:18",1175.7,1,leo123321
3366,16861637,薄荷喵呜,"2026-09-12 09:39:16",1175.1,2,bohemiao
3367,16845020,AGI,"2026-09-17 18:19:05",1175.0,2,"guusadema,tgroen3"
3368,16701612,Kiki,"2026-09-29 08:49:39",1174.4,2,rouiou
3369,16679987,"Said Mohamed Omary","2026-09-21 11:31:47",1173.9,2,saidmohamedomary
3370,16810141,"Sijie Ma","2026-09-13 14:22:49",1173.6,2,"dimashitong112,sijiema"
3371,16679004,"Kevin Zhao","2026-09-22 07:36:22",1173.5,2,kevinzhao666
3372,16691001,"Mahmoud Abdelshafy","2026-09-14 20:08:03",1173.4,2,mahmoudabdshafy
3373,16862084,weiooocnnnnnn,"2026-09-30 23:35:01",1173.2,2,weiooocn
3374,16674586,"Stanislav Ilin","2026-09-15 13:33:30",1171.7,2,stanislavilin2026ai
3375,16633773,copasta,"2026-09-13 06:16:43",1171.4,2,copasta
3376,16780995,"Silver Surfer","2026-09-25 09:29:46",1170.8,2,hausch11
3377,16667500,jiannebab,"2026-09-30 23:11:37",1170.7,2,jiannebab
3378,16668157,"vineet dairashri","2026-09-24 21:14:39",1170.4,2,vineetdairashri
3379,16682032,"Satkar sarvankar","2026-09-25 14:17:58",1170.3,2,satkar003
3380,16854439,"Yosef Zoabi","2026-09-13 21:05:15",1170.2,2,yosefzoabi
3381,16624109,"Nguyễn Thế Minh Đức","2026-09-15 01:01:29",1169.6,2,nguynthminhc
3382,16871327,"Anh Bui","2026-09-18 04:29:28",1169.2,2,bibanh
3383,16713335,"Muhammad Imran","2026-09-14 09:42:21",1169.2,2,muhammadimranchitral
3384,16842187,"rongkai bao","2026-09-30 23:26:16",1169.0,2,rongkaibao
3385,16865554,"parker tan","2026-09-18 10:42:33",1168.7,2,parkertan
3386,16877958,"Igor Buinyi","2026-09-27 06:33:31",1168.4,2,buinyi
3387,16881350,xwl_tree,"2026-09-18 10:40:29",1168.2,2,xwltree
3388,16918568,"Penn Lam","2026-09-24 09:56:43",1168.1,2,pennlam
3389,16766796,panda__MB__maximus,"2026-09-27 05:24:45",1168.1,2,tanishmohokar09
3390,16854815,marching_zzz,"2026-09-30 23:53:09",1168.0,2,marchingzzz
3391,16657265,"Hemant Kumar","2026-09-18 13:53:47",1167.6,2,hemantrajputt
3392,16630803,"Mirza Milan Farabi","2026-09-13 21:59:25",1167.4,2,mirzamilanfarabi
3393,16881882,Fl,"2026-09-14 21:42:24",1166.9,2,flagon
3394,16731577,RYnerv,"2026-09-14 11:33:32",1166.8,2,rynerv
3395,16652272,"nadhir hasan","2026-09-13 14:07:09",1166.1,2,nadhirhasan
3396,16805144,heliosli,"2026-09-29 06:29:19",1166.0,2,heliosli
3397,16840588,Q.Ai,"2026-09-13 19:36:27",1166.0,2,"alperennbaran,hseyinemre134"
3398,16884368,LaManbo,"2026-09-13 10:51:44",1165.9,2,encizhang
3399,16725856,"Abhi Datta","2026-09-30 18:41:18",1165.4,2,abhidatta87
3400,16875464,tllswelp,"2026-09-13 11:07:16",1165.3,2,tllswelp
3401,16700510,"Shadow Recon","2026-09-30 05:01:24",1165.2,2,gaurav065
3402,16870577,"Kenan Zhang9","2026-09-21 02:18:25",1164.7,2,kenanzhang9
3403,16623665,Giba,"2026-09-30 18:31:05",1164.5,2,titericz
3404,16881631,"Arjun Sharma","2026-09-12 14:47:32",1164.3,2,arjundsharma
3405,16722849,"Dhruv Bansal","2026-09-27 09:01:17",1164.1,2,dhruvb2028
3406,16639642,c-number,"2026-09-13 03:29:40",1164.0,2,cnumber
3407,16884932,torvile,"2026-09-13 05:54:14",1163.9,2,torvile
3408,16866868,mr_children_0617,"2026-09-14 13:01:56",1162.7,2,mrchildren0617
3409,16862912,"Nicolas Krusche","2026-09-15 00:03:10",1162.6,2,nicolaskrusche
3410,16942273,"Sravanthi Kovvuri","2026-09-23 12:14:18",1162.6,2,sravanthikovvuri
3411,16863498,Jackmama-nolfwin,"2026-09-13 04:36:37",1162.0,2,nolfwin
3412,16654322,"Debatreya Biswas","2026-09-24 14:55:19",1161.2,2,debatreyabiswas
3413,16784992,Prasad.tgs,"2026-09-25 15:00:49",1160.2,2,sivaprasadnaidu
3414,16716867,"Kevin Gemilang","2026-09-19 04:52:17",1160.1,2,kevingemilang
3415,16916625,"Dhoni Theja007","2026-09-30 22:59:58",1160.0,2,dhonitheja007
3416,16622820,"Sergey Nefedov","2026-09-13 18:00:39",1159.9,2,sergionefedov
3417,16727219,"Chukka Venugopalam","2026-09-29 16:11:45",1159.6,2,chukkavenugopalam
3418,16852383,"Ahmed Mostafa #2","2026-09-27 21:11:57",1158.9,2,republic966
3419,16809200,v0m0v,"2026-09-13 12:09:18",1158.0,2,maguchiya
3420,16875733,Fronta,"2026-09-13 06:47:59",1158.0,2,mirichima
3421,16858523,"Taivanbat Bayarsaikhan","2026-09-24 08:03:28",1158.0,2,taivnaaiwnl
3422,16696099,moss,"2026-09-13 09:31:52",1157.9,2,kenyashimizu
3423,16802843,Dream,"2026-09-16 02:45:24",1157.9,2,"jamesl8,tzeweilim"
3424,16838362,"Yixuan Yang","2026-09-29 18:19:26",1157.7,2,easoney
3425,16867375,YUXUCH,"2026-09-27 13:45:23",1157.6,2,yuxuch
3426,16688808,"Niranjan Nakkala","2026-09-25 11:28:27",1156.1,2,niranjanmudhiraj
3427,16879614,"Razvan Stancioiu","2026-09-22 20:24:54",1155.9,2,razvanstancioiu
3428,16674744,"Burhan Ul Tayyab","2026-09-27 14:21:41",1155.8,2,babychick
3429,16802745,"Fuat Çakıcı","2026-09-28 00:14:50",1155.7,2,fuatcakiicii
3430,16885807,S3unburst,"2026-09-13 10:25:40",1155.4,2,s3unburst
3431,16943817,Ranbeer06052009,"2026-09-27 08:23:55",1155.1,2,ranbeer06052009
3432,16833013,"Tariq Alyami","2026-09-30 11:42:09",1155.0,2,tariqalyami
3433,16705907,Adrià,"2026-09-30 12:19:31",1155.0,2,adriamb3
3434,16865854,lancerhim,"2026-09-14 04:18:21",1154.7,2,lancerhim
3435,16630418,butterchicken,"2026-09-25 08:17:33",1154.3,2,"ritanshuprasad,sriramlingavel01"
3436,16715216,Colin,"2026-09-15 12:36:41",1153.4,2,umcolin
3437,16686155,梁圣的恩情还不完,"2026-09-14 14:08:46",1153.0,2,yyyyhhhhwww
3438,16885455,"Ali Azizi","2026-09-19 12:36:06",1152.9,2,aliazizi1
3439,16881121,Annsatz,"2026-09-14 14:59:00",1152.8,2,ansatzkong
3440,16915222,FriedLoop,"2026-09-30 06:07:09",1152.7,1,friedloop
3441,16949285,"Subham Sharma","2026-09-29 08:21:03",1152.6,2,subsh2004
3442,16780279,"N Divij","2026-09-12 18:30:06",1152.2,2,divijio
3443,16807802,嘴爷,"2026-09-29 03:07:21",1152.2,2,zui0711
3444,16629873,UncleWKTK,"2026-09-13 05:24:28",1152.2,2,unclewktk
3445,16782564,"Chris Tu","2026-09-29 05:14:24",1151.9,2,christu831004
3446,16656312,"retiring to farm","2026-09-25 14:55:10",1151.7,2,"avnermlim,belati,hilariusjeremy,matthewpramana,nicholasarditirta"
3447,16630315,janson,"2026-09-29 04:31:06",1151.5,2,johnjanson
3448,16737041,presucc,"2026-09-13 04:13:37",1151.0,2,presucc
3449,16852377,"Zhong Lyu","2026-09-25 08:57:10",1150.9,2,zhonglyu
3450,16866968,HXS-CF13,"2026-09-30 17:32:54",1150.6,2,hxscf13
3451,16702424,BHarisankar_07,"2026-09-30 03:26:05",1150.6,2,bharisankar07
3452,16659395,HyperX,"2026-09-15 11:53:22",1150.3,2,"diversedharun,harishinkaggle"
3453,16884861,Sky,"2026-09-13 07:20:40",1150.2,2,dhaksheshwarm
3454,16878707,"Shiva Somasundaram Balaji","2026-09-13 05:58:09",1150.1,2,shivasomasundaramb
3455,16733298,"Damian Kuraś","2026-09-30 20:52:37",1149.8,2,damiankuras
3456,16798152,"A secretive person","2026-09-18 14:09:57",1149.3,2,asecretiveperson
3457,16809721,siren2345,"2026-09-22 14:35:50",1149.1,2,siren2345
3458,16642846,"Leonid Zaporozhets","2026-09-26 09:30:34",1149.1,2,leonidzaporozhets
3459,16635973,"Code by Nadiia","2026-09-24 11:05:35",1148.4,2,codebynadiia
3460,16942429,"yangjian zhu","2026-09-26 01:53:40",1147.9,2,yangjianzhu
3461,16741321,"S. B.","2026-09-25 06:01:56",1147.8,2,aughra
3462,16855071,Janvi_ch,"2026-09-13 18:22:18",1147.2,2,janvich
3463,16905027,"xiaomeng lin","2026-09-26 15:10:44",1147.2,2,xiaomenglin
3464,16942588,Isabe11aM00re,"2026-09-25 19:37:41",1147.0,2,"dan1e1c1ark,henryy0ung,isabe11am00re,s0ph1amart1n"
3465,16623213,zulfikar.khalwaniev,"2026-09-30 14:40:03",1146.9,2,khalwaniev
3466,16808829,"Shiyuan Wang","2026-09-30 14:48:06",1146.2,2,ricardoevolto
3467,16782196,"jingyang tu","2026-09-28 08:59:23",1146.0,2,jingyangtu
3468,16855088,Re:dorf,"2026-09-15 12:44:10",1145.8,2,reydorf
3469,16859409,wia'ma,"2026-09-26 00:45:31",1145.7,2,wangyiqicy
3470,16881237,"Chunlai Li","2026-09-26 12:30:35",1145.6,2,lichunlai123
3471,16859745,111,"2026-09-25 16:54:39",1145.6,2,guoz112
3472,16875849,"Yaotong Niu","2026-09-15 13:37:34",1145.1,2,yaotongniu
3473,16715066,akahane,"2026-09-16 21:06:58",1145.0,2,shuheiakahane
3474,16845314,ryvhii,"2026-09-21 06:51:36",1145.0,2,ryvhii
3475,16881783,novasync88,"2026-09-12 15:27:48",1144.9,2,novasync88
3476,16665841,"Mohit Rao","2026-09-14 05:22:15",1144.9,2,vmohitrao
3477,16657587,PxlPau,"2026-09-13 00:34:27",1144.6,2,studybeetutoring
3478,16662984,"Mark Schatza","2026-09-17 18:27:19",1144.4,2,markschatza
3479,16855665,"Yash Yadav","2026-09-27 07:10:51",1144.2,2,yash2072005
3480,16698726,加油,"2026-09-14 12:25:38",1143.8,2,honeeyl
3481,16639731,williamrawling,"2026-09-30 00:37:09",1143.3,2,williamrawling
3482,16715912,"Hiroshi Sakiyama","2026-09-25 15:56:51",1143.1,2,hiroshisakiyama
3483,16748933,Lixrixy,"2026-09-30 11:24:41",1142.8,2,lixrixy
3484,16881818,gradfield21,"2026-09-12 15:44:29",1142.5,2,gradfield21
3485,16669604,"Abhijit Pise","2026-09-30 06:46:11",1142.5,2,abhijitpise
3486,16671596,Sibato,"2026-09-22 00:41:44",1142.4,2,sibato
3487,16948046,"Jeroen Cottaar","2026-09-23 14:38:47",1142.0,2,jeroencottaar
3488,16658291,"Meenal Sinha","2026-09-30 10:16:39",1141.7,1,meenalsinha
3489,16669843,"hikaru kitagawa","2026-09-21 04:20:12",1141.4,2,hikarukitagawa
3490,16654848,DovyDigital,"2026-09-25 00:28:21",1141.2,1,dovydigital
3491,16707865,"bb aa","2026-09-20 09:47:41",1141.1,2,bbaa233
3492,16748559,GodofThunder2407,"2026-09-13 06:18:15",1141.1,2,godofthunder2407
3493,16930280,greyhound,"2026-09-29 22:10:52",1140.6,2,tapaskd123
3494,16855035,"rock paper scissors","2026-09-29 13:05:01",1140.3,2,downbythesallygarden
3495,16946333,KIT,"2026-09-23 09:13:30",1139.6,2,ray6767
3496,16871483,carnivore,"2026-09-30 04:45:31",1139.4,2,prapproved
3497,16884902,yovrini,"2026-09-13 05:49:06",1139.1,2,yovrini
3498,16869555,"Karthik Nambiar","2026-09-15 07:13:16",1138.6,2,karthiknambiar387239
3499,16839754,"Lauresowe 3D","2026-09-12 10:00:06",1137.6,2,lauresowe3d
3500,16864988,"jiangling wang","2026-09-13 10:59:00",1137.1,1,jianglingwang
3501,16660041,"Hoàng Quốc Việt ","2026-09-13 04:56:59",1137.0,2,viethwang3i
3502,16881585,Venqira,"2026-09-12 14:31:19",1136.9,2,venqira
3503,16928266,"Arun Khatua","2026-09-24 05:25:15",1136.8,2,arunkhatua
3504,16862390,huytngo,"2026-09-13 02:44:09",1136.7,2,huytngo
3505,16947693,"Mohammad Rashid Pathan","2026-09-30 18:56:21",1136.4,2,pathanmohammadrashid
3506,16949344,M1R0OFFICIAL,"2026-09-24 00:09:03",1135.8,1,m1r0official
3507,16854939,nusrati,"2026-09-30 15:40:44",1134.5,2,nusrati
3508,16644702,cracker_1_war,"2026-09-30 17:43:05",1133.6,2,cracker1war
3509,16858414,wantOchange,"2026-09-13 01:00:32",1133.3,2,wantochange
3510,16881521,Juniperss,"2026-09-12 14:16:09",1133.2,2,juniperss
3511,16654715,"Aqib Raza","2026-09-30 06:34:51",1132.8,2,aqibrazadev
3512,16886066,latentb,"2026-09-13 11:55:55",1132.6,2,latentb
3513,16920623,yeqinxin,"2026-09-27 23:55:38",1132.5,2,yqx123456
3514,16749352,"Ian Virchenko","2026-09-14 10:23:15",1131.8,2,yvainr
3515,16621612,"Makar Baderko","2026-09-30 21:41:13",1131.5,1,makarbaderko
3516,16708546,"Blue Rain","2026-09-12 04:15:32",1131.4,2,bluefeather386
3517,16860160,Kohei_,"2026-09-30 00:39:18",1130.7,2,confirm
3518,16885770,"Rahul Jangra","2026-09-13 10:13:19",1130.7,1,leonado10000
3519,16724976,Soham,"2026-09-30 12:29:51",1130.6,2,soham308
3520,16654109,"Mohamed Amine Aichaoui","2026-09-22 21:38:11",1130.5,2,mohamedamineaichaoui
3521,16791163,woldy,"2026-09-30 20:24:39",1129.9,2,woldywei
3522,16621402,Maxim,"2026-09-27 07:05:24",1129.6,2,ektarr
3523,16660250,Moshel,"2026-09-12 23:06:43",1129.4,2,moshel
3524,16881267,"juu meng","2026-09-13 07:07:40",1129.3,2,juumeng
3525,16756965,gchauhan,"2026-09-15 06:57:02",1129.0,2,gchauhan
3526,16882304,"Lokesh Prajapat","2026-09-12 18:20:47",1128.8,1,lokesh0252
3527,16905838,lin_,"2026-09-24 12:41:31",1128.8,2,linabohachuk
3528,16862806,kitsada,"2026-09-19 09:59:59",1128.7,2,wangwaen
3529,16942143,Simosc,"2026-09-27 10:58:32",1128.6,2,simosc
3530,16682557,"Soumalya Mandal","2026-09-30 19:17:20",1128.6,2,mrcyberhunter
3531,16657486,"Turhan TAS","2026-09-30 10:48:14",1128.5,2,turhantas
3532,16682892,"Alvaro Llamojha","2026-09-24 06:44:17",1126.3,2,alvarollamojha
3533,16762494,西松大祐,"2026-09-30 08:53:36",1126.1,2,wep212
3534,16705318,arminhej96,"2026-09-22 05:17:55",1126.0,2,arminhej96
3535,16769885,kurushun,"2026-09-10 02:10:21",1126.0,2,kurushun
3536,16830984,lizhengui,"2026-09-13 06:34:44",1125.6,2,lizhengui
3537,16731911,"liu bo","2026-09-29 05:53:39",1125.4,2,liuboo45586
3538,16760509,"gnanadeepika karanam","2026-09-26 17:57:13",1125.3,2,gnanadeepikakaranam
3539,16771703,"Moomin and his farm","2026-09-12 07:03:58",1125.1,2,ataraxyyeah
3540,16885599,Suiban,"2026-09-27 12:44:09",1125.0,2,suiban410219
3541,16630142,zawawannko,"2026-09-11 08:03:32",1123.6,2,zawawannko
3542,16832226,"DI27 RF","2026-09-13 02:34:01",1123.2,2,di27rf
3543,16862944,Luchsus,"2026-09-14 23:29:16",1123.0,2,jansteindlstarlinger
3544,16842293,"WANG HONGXIANG","2026-09-20 15:33:21",1122.7,2,wanghongxiang
3545,16632266,"(ノ◡ <)","2026-09-30 21:04:34",1122.3,2,nawfeelrahman1124444
3546,16641956,SixGODD,"2026-09-20 01:06:51",1122.1,2,sixgodd
3547,16734447,"Ali Bauyrzhan","2026-09-30 10:06:04",1121.8,2,alibauyrzhan
3548,16876040,hgh404,"2026-09-30 20:55:50",1120.7,2,"gamejoker,hgh1024"
3549,16661462,"Dania Amer","2026-09-30 12:50:04",1120.7,2,dania35
3550,16772119,Workybara.ai,"2026-09-12 03:16:14",1120.3,2,workybaraai
3551,16702674,"Varun S G","2026-09-18 05:49:16",1120.3,2,warun7
3552,16635233,"Szymon Kłapiński","2026-09-12 10:11:30",1119.4,2,szymonkapiski
3553,16669038,"Nabeel Shar","2026-09-13 09:17:32",1119.3,2,nabeelshar
3554,16839489,Q1du,"2026-09-12 10:12:02",1119.2,2,zjecust
3555,16713281,SirShifu,"2026-09-10 22:19:52",1118.9,2,sirshifu
3556,16881613,refluxor,"2026-09-12 14:44:46",1118.9,2,refluxor
3557,16847763,MartinZiserman,"2026-09-11 23:53:37",1118.3,2,zarmii
3558,16868685,"Kotaro Simizu","2026-09-11 20:39:54",1118.1,2,"kotarosimizu,mahiro1214"
3559,16660479,"Lakhindar Pal","2026-09-30 17:35:42",1116.9,2,lakhindarpal
3560,16628875,TakahiroHon,"2026-09-17 02:59:51",1116.6,2,takahirohon
3561,16623385,yurunougyou!,"2026-09-10 12:25:26",1116.5,2,isakatsuyoshi
3562,16643554,"Arnie Jimenez","2026-09-16 16:50:18",1116.1,2,arniejimenez
3563,16862840,"Ammar Aziz","2026-09-12 11:11:53",1115.8,2,cabtainamamr
3564,16907576,"Dat Nguyen Viet","2026-09-30 11:05:00",1115.7,2,datnguyenviet
3565,16775571,Gaurav06520,"2026-09-15 12:38:42",1115.4,2,gaurav06520
3566,16859690,Molood,"2026-09-10 20:30:43",1114.6,2,molooda
3567,16699455,vijaikm,"2026-09-22 11:56:07",1114.2,2,vijaikm
3568,16844343,"Gotovtsev Artyom","2026-09-30 22:06:23",1114.2,2,artemgotovtsev
3569,16884148,mengxc410,"2026-09-29 08:08:40",1114.1,2,mengxc410
3570,16641309,klog,"2026-09-12 04:48:32",1114.1,2,mhrzmmhrzm
3571,16845112,"Robert Baburin","2026-09-20 18:23:29",1113.3,2,robertbaburin
3572,16714365,meryol,"2026-09-30 22:12:10",1113.2,2,meryol
3573,16697736,"Daniel Correa","2026-09-26 16:35:27",1113.0,2,dcorrea1
3574,16792799,Kohecchi,"2026-09-15 16:17:53",1112.2,1,kohecchi
3575,16875671,"Nikolay Shaulsky","2026-09-28 06:23:56",1112.0,2,nikolayshaulsky
3576,16791254,player123,"2026-09-29 15:47:36",1112.0,2,prashantbhattarai093
3577,16659957,LeFarmers,"2026-09-24 19:10:00",1112.0,2,"jaydonjp,kuantumknight"
3578,16772090,"SHIVAJI SHAIK","2026-09-20 07:13:54",1111.8,2,shivajishaik
3579,16746796,kaguramena,"2026-09-10 07:13:17",1111.0,2,kaguramena
3580,16783173,"Michael Shihong Zhang","2026-09-13 05:39:27",1110.7,2,"excelexx,festyve"
3581,16662735,"Kurian George","2026-09-11 17:16:25",1110.3,2,kuriangeorge
3582,16867005,cryptvector2,"2026-09-11 13:22:09",1110.1,2,cryptvector2
3583,16858157,osteo,"2026-09-11 01:33:23",1110.1,2,logstwo
3584,16857624,flatton,"2026-09-16 23:02:27",1109.9,2,tomokifujihara
3585,16843384,"Anatoly Lyutov","2026-09-11 11:54:44",1109.9,2,anatolylyutov
3586,16719364,Yeh!AIGame,"2026-09-29 02:28:32",1109.3,2,"luluyeh,yehshibang"
3587,16654669,"Jordi Corbilla","2026-09-30 18:26:01",1109.1,2,jordicorbilla
3588,16688587,yamashu,"2026-09-21 01:17:33",1109.0,2,yamashuuu
3589,16710469,Qimra1729,"2026-09-11 08:09:04",1108.6,2,qimra1729
3590,16843892,luxinyayaya,"2026-09-15 03:23:21",1108.1,2,luxinyayaya
3591,16712329,"Andrej Carpenter","2026-09-29 05:51:20",1107.3,2,andrejcarpenter
3592,16627194,GzmCR632,"2026-09-11 07:01:14",1107.2,2,gzmcr632
3593,16814701,e0970145,"2026-09-10 11:43:21",1107.1,2,maxxtucker
3594,16885509,HAL,"2026-09-14 07:58:55",1106.9,1,"asunalin,ljimmy2005007"
3595,16883478,Aggri_goon,"2026-09-16 10:48:29",1106.2,2,ryonagakubo
3596,16677399,lyts,"2026-09-26 08:54:14",1106.2,2,lytsyyds
3597,16722888,GarrieD,"2026-09-12 14:53:50",1106.2,2,garried
3598,16799598,RameshG888,"2026-09-11 08:42:57",1106.0,2,ramesh888
3599,16629699,radiant-allomancer,"2026-09-11 00:50:02",1105.8,2,radiantallomancer
3600,16691270,"Piyal Chowdhury","2026-09-21 18:53:53",1105.2,2,piyalchowdhury
3601,16781506,un0o7,"2026-09-11 13:10:36",1105.1,2,hjhsdsdww
3602,16688313,"Gnosys Labs","2026-09-18 00:56:10",1104.5,2,gnosyslabs
3603,16652764,hikahika,"2026-09-11 13:31:34",1104.3,2,naganohikaru
3604,16664761,"Udit Jain #2","2026-09-12 00:14:14",1104.1,2,iamudit
3605,16811496,Marie,"2026-09-30 07:03:05",1103.8,2,mariashatrova
3606,16668622,"Michael McGrain","2026-09-10 10:38:27",1103.7,2,michaelmcgrain
3607,16748487,Hiters,"2026-09-11 00:54:16",1103.6,2,mikehongsz
3608,16808020,"Pulkit Arora 🇮🇳","2026-09-11 09:15:58",1102.8,2,pulkittarora
3609,16879360,"Neural Subscribed Operator","2026-09-12 06:55:46",1102.5,1,nacl3084
3610,16669461,"suzy su","2026-09-12 12:38:38",1101.8,2,suzysu997
3611,16720797,"Vibe Farmer","2026-09-11 02:14:27",1101.6,2,pulakkantibhowmick
3612,16658801,"Thuc Nguyen Dang 111","2026-09-13 05:21:36",1101.5,2,thucnguyendang111
3613,16880407,kimuraaa,"2026-09-21 07:58:10",1101.0,2,kimuraaa
3614,16841595,Jaso1024,"2026-09-10 01:44:10",1100.7,2,jaso1024
3615,16678609,quantcrypto3,"2026-09-19 01:51:13",1100.3,2,quantcrypto3
3616,16770055,"san yin26","2026-09-15 08:14:39",1099.9,2,"amadeusan,sanyin26"
3617,16692725,"Zhen Li","2026-09-12 10:05:10",1099.3,2,zhenlisak
3618,16663808,"Fae Gaze","2026-09-10 20:30:29",1099.0,2,achievement
3619,16848765,XJHya233,"2026-09-13 11:56:26",1098.5,2,xjhya233
3620,16661667,"Wufang Hong","2026-09-10 07:14:27",1098.3,2,wufanghong
3621,16641816,"Toshiki Honda","2026-09-29 00:00:50",1097.7,2,toshikihonda
3622,16665230,"Jack Burley","2026-09-30 23:48:09",1097.3,2,jackburley
3623,16670715,i3,"2026-09-24 08:33:45",1097.2,2,ishijima
3624,16854573,"这是 AI 的胜利","2026-09-10 09:15:16",1097.1,2,iaptainmy
3625,16663929,"Erman Man","2026-09-12 02:05:39",1096.8,2,ermanman
3626,16865917,"Yihao Wei","2026-09-13 10:07:46",1096.4,2,yihaowei
3627,16861723,"Landon Hershberger","2026-09-15 22:04:40",1096.1,2,landonhershberger
3628,16683488,"Ripudaman Parmar","2026-09-19 12:56:14",1095.8,2,"ktkgpt,ripudamanparmar"
3629,16860566,黄旭伟aaaabbs,"2026-09-27 18:45:01",1095.5,2,aaaabbs
3630,16756765,DharmParmar,"2026-09-23 01:19:56",1095.4,2,dharmparmar
3631,16632527,"GIVE ME A JOB","2026-09-10 09:35:11",1095.4,2,tarokogawa
3632,16623309,zyvren,"2026-09-11 15:14:31",1094.3,2,"nusratahmmedmaisha,sharif485"
3633,16858196,"Cường Dược Sĩ","2026-09-22 19:12:00",1093.1,2,cngdcs
3634,16864072,"Matvey Skovordin","2026-09-10 04:24:07",1093.1,1,kickassnumberone
3635,16730236,加麻不加辣,"2026-09-27 14:04:46",1092.7,2,"shiyuanhe123,zihaokang"
3636,16623298,Mikhail_Komkin,"2026-09-26 22:58:30",1092.4,2,mikhailkomkin
3637,16893007,thegoatman7,"2026-09-30 22:27:00",1092.2,2,thegoatman7
3638,16670020,nanare,"2026-09-16 16:43:03",1091.4,2,nanaresudo
3639,16682318,Bibek,"2026-09-13 20:49:12",1091.2,2,bibek777
3640,16729765,"Caio Ruiz","2026-09-30 23:51:01",1090.3,2,chvruiz
3641,16759508,george-nigmatulin,"2026-09-29 22:56:45",1090.2,2,georgenigmatulin
3642,16627581,AidenSong123,"2026-09-12 14:15:30",1090.1,2,aidensong123
3643,16867641,YK,"2026-09-10 17:17:04",1090.1,2,yukitashiro
3644,16706265,questiondlmarks,"2026-09-10 06:09:35",1089.8,2,questiondlmarks
3645,16698134,Hossein,"2026-09-11 02:29:53",1089.6,2,tomi85
3646,16691084,"Ke Ma Ke","2026-09-13 09:01:36",1089.4,2,kemake
3647,16849766,"Uncle Scooge","2026-09-11 13:27:24",1089.3,2,"guzzbr,pascalcoimbra"
3648,16792013,"Alec Polansky","2026-09-10 01:58:49",1089.3,2,alecpolansky
3649,16850105,Pantheon,"2026-09-14 07:40:15",1088.9,2,skyenxt
3650,16784516,pejipej,"2026-09-29 17:25:04",1088.7,2,pejmaneghbali
3651,16857932,"Ahmed Ansari","2026-09-16 11:57:46",1088.4,2,ahmed1ansari
3652,16635062,DL,"2026-09-10 04:16:38",1087.8,2,distiller
3653,16758232,mech_39,"2026-09-10 21:20:57",1087.5,2,mech39
3654,16735238,DHKim0324,"2026-09-26 19:32:40",1087.2,2,dhkim0324
3655,16743648,Hei_shao,"2026-09-28 18:48:15",1086.7,2,heishao
3656,16867327,Zorvella,"2026-09-11 03:16:36",1086.6,2,zorvella
3657,16722818,"Mukesh R","2026-09-14 09:13:30",1086.2,2,mukeshr06
3658,16640991,sometimeafter,"2026-09-09 17:35:05",1085.4,2,xinyeee
3659,16866424,"gmmm mmod2","2026-09-11 07:38:54",1085.3,2,gmmmmmod2
3660,16622835,"Max Manushin","2026-09-11 01:04:29",1085.1,2,innerf1re
3661,16832866,bgaoi2,"2026-09-09 15:09:29",1084.9,2,bgaoi2
3662,16739578,"Pietro Valocchi","2026-09-15 06:34:30",1083.9,2,pietrovalocchi
3663,16870600,"Huayu Wen","2026-09-11 14:17:55",1083.5,2,huayuwen
3664,16778334,"Onkar Belure","2026-09-09 16:22:19",1083.3,2,onkarbelure
3665,16814378,"Jay Prrajapati","2026-09-09 13:53:13",1082.8,2,jayprrajapati
3666,16860118,Hironobukawaguchi,"2026-09-09 11:53:30",1082.6,2,hironobukawaguchi
3667,16890052,Code4life,"2026-09-15 16:46:33",1082.2,2,"huylngcgia,taovietducofficial"
3668,16876071,NITISH5236GOEL,"2026-09-26 05:12:35",1081.7,2,nitish5236goel
3669,16907406,herok0809,"2026-09-16 16:49:09",1081.7,2,herok0809
3670,16779254,MaxZhuCHN,"2026-09-30 07:36:47",1081.6,2,maxzhuchn
3671,16867407,Lanqira,"2026-09-11 03:08:56",1080.2,2,lanqira
3672,16689488,"Ming Fong","2026-09-10 02:48:20",1080.2,2,evilpegasus
3673,16844456,Touk00,"2026-09-13 04:20:04",1079.6,2,touk00
3674,16676085,"Giordano Dolenz","2026-09-11 17:20:50",1079.6,2,giordanodolenz
3675,16808822,-lingluo-,"2026-09-22 04:22:20",1079.5,2,lingluoo
3676,16806006,2,"2026-09-23 08:45:53",1079.0,2,smallvv
3677,16939844,YH,"2026-09-28 13:04:36",1078.8,2,febyeji
3678,16665641,"Alexander Shahramanyan","2026-09-30 16:41:01",1077.7,2,alexshah
3679,16924593,"Aarav Bajya","2026-09-30 11:05:46",1077.6,2,aaravbajya
3680,16898290,"Ryan Jonathan Valencia","2026-09-17 17:33:18",1077.1,2,ryanjonathanvalencia
3681,16858113,wli889661,"2026-09-09 13:38:01",1076.7,2,wli889661
3682,16657671,CyberRacoon,"2026-09-15 10:38:45",1076.6,2,racoontw
3683,16633793,adakoda,"2026-09-09 11:55:49",1076.4,2,adakoda
3684,16839821,"Stepan Pankratov","2026-09-09 14:47:50",1076.3,2,infam62
3685,16763418,overwhelmer,"2026-09-16 17:39:13",1076.3,2,overwhelmer
3686,16677596,Sere1n,"2026-09-11 15:08:02",1074.8,2,chacc0
3687,16908326,"Cristiano M Martins","2026-09-30 22:04:50",1074.8,2,cristianommartins
3688,16860708,"Nav N","2026-09-10 07:47:42",1074.7,2,navidata
3689,16661846,"Jeffrey Pike","2026-09-09 16:05:56",1074.6,2,jeffreypikeai
3690,16731194,"Neglected Turtle","2026-09-30 14:03:05",1074.5,2,pleaselike
3691,16841097,"Arsonist Duck","2026-09-17 20:21:55",1074.4,2,herbertthebird
3692,16740851,Zefirrr,"2026-09-28 16:38:53",1074.1,2,zefirrrr
3693,16866567,Variiiiiii,"2026-09-11 10:09:24",1073.6,2,variiiiiii
3694,16715729,Ajay_Rao_43,"2026-09-09 05:25:11",1073.5,2,ajayrao43
3695,16670276,"Egor Trushin","2026-09-10 08:19:32",1072.7,2,egortrushin
3696,16857766,OmerZalman,"2026-09-30 23:50:29",1072.6,2,omerzalman
3697,16662066,"Yug Savalia","2026-09-30 11:21:48",1072.6,2,"priyankagarg19,yugsavalia"
3698,16624303,seven,"2026-09-09 09:18:12",1072.3,2,morikawatakeshi
3699,16857973,guochangZhang,"2026-09-09 04:24:41",1072.3,1,guochangzhang
3700,16909962,"Peter Shu","2026-09-17 02:29:52",1071.7,2,petershuikun
3701,16672997,"Francesco Montone","2026-09-11 10:56:31",1071.7,2,francescomontone
3702,16661701,premjampuram,"2026-09-09 11:13:52",1071.7,2,"aasthasinha9,anji2705,premjampuram,sheetallodhi"
3703,16861083,Shoto,"2026-09-09 15:14:42",1071.5,1,bloodymonday
3704,16851444,"Vũ Tuấn","2026-09-25 15:13:25",1071.2,2,vtunksdlvnj6
3705,16764349,Solo,"2026-09-12 22:58:37",1070.4,2,solosolo
3706,16663498,"Braxton Dyer","2026-09-23 14:23:54",1070.4,2,braxtondyer
3707,16741542,"let cats farm","2026-09-19 22:33:26",1070.1,2,amonkizawa
3708,16781550,Lumberjacks,"2026-09-19 16:21:59",1070.1,2,jamesmcgarryiv
3709,16855868,PapaSoda,"2026-09-10 17:45:16",1069.9,2,papasoda
3710,16857939,"Le Duy Dong","2026-09-10 16:11:23",1069.8,1,lduynglduyng
3711,16862298,"Varadaraj Borkar","2026-09-13 13:12:11",1069.8,2,varadarajborkar
3712,16863445,Mainies,"2026-09-27 23:24:23",1069.6,2,mainies7
3713,16672128,Cliffton,"2026-09-30 04:45:40",1069.3,2,rieltzx
3714,16811247,"Luca Mussino","2026-09-10 20:53:58",1069.1,2,lucamussino
3715,16712007,"Dipin Kothavoor","2026-09-14 13:54:52",1068.4,2,dipinkothavoor
3716,16655474,Focus,"2026-09-09 12:04:51",1068.2,2,overvalueawareness
3717,16659670,MeeMee,"2026-09-10 07:07:22",1068.1,2,yagi46
3718,16709501,Galaxantic,"2026-09-09 06:02:29",1067.7,2,neel21yt
3719,16854090,"Kaichi Morimoto","2026-09-09 11:22:01",1067.7,2,kaichimorimoto
3720,16886357,"Sun Jaden","2026-09-13 21:34:56",1067.5,2,sunjaden
3721,16728959,"no pain no gain","2026-09-11 09:19:44",1067.3,2,ilyayurov2000
3722,16717549,"Adejumo Boluwatife","2026-09-11 19:09:23",1067.2,2,adejumoboluwatife
3723,16859585,momo,"2026-09-10 03:06:37",1067.1,2,fyenneyenn
3724,16757123,"Sripad Modali","2026-09-16 14:48:11",1066.8,2,sripadmodali
3725,16833063,"Fidel Escalona","2026-09-30 23:25:36",1066.8,2,fbescalo
3726,16846391,"here we go","2026-09-09 05:28:41",1066.7,2,j1aliangx
3727,16634082,"Mikey Marszewski","2026-09-11 02:26:39",1066.2,2,mikeymarszewski
3728,16688281,"Luke Stafford","2026-09-22 15:43:55",1066.1,2,luketstafford
3729,16729186,Virtute,"2026-09-16 06:25:56",1066.0,2,nameless001
3730,16916104,"Dayi Zhang","2026-09-30 14:10:12",1065.6,2,dayizhang
3731,16661648,"Vân Nguyễn","2026-09-15 14:45:09",1065.6,2,vunnguyen
3732,16786496,"Lê Quang Cảnh","2026-09-12 05:44:25",1065.1,2,zhincez
3733,16809445,takusemba,"2026-09-09 14:50:14",1064.7,2,takusembba
3734,16656806,"Arshad Shemil k","2026-09-09 08:33:09",1064.4,2,arshadshemilk
3735,16680290,prospers,"2026-09-08 05:37:42",1064.3,2,prospers
3736,16862056,konchu2,"2026-09-10 11:32:13",1064.2,2,konchu2
3737,16896283,"WENBO ZHANG","2026-09-24 00:48:40",1063.9,2,wenbozhang2026
3738,16732409,kawhi0.0,"2026-09-10 03:44:50",1063.8,2,kawhi00
3739,16732022,Mosamosa,"2026-09-30 22:44:41",1063.8,2,mosamosa
3740,16630833,"Savan Javia","2026-09-10 10:01:49",1063.5,2,savanjaviya
3741,16857861,Satua,"2026-09-11 06:36:26",1063.3,2,satyasrinivasanandh
3742,16840536,"Philip Snyder","2026-09-08 05:18:07",1063.1,2,darkhorsecodes
3743,16795704,haodada001,"2026-09-10 01:49:03",1063.0,2,haodada001
3744,16843047,liyuting,"2026-09-10 07:27:21",1062.7,2,lytqwq
3745,16842066,Atomo333,"2026-09-08 10:35:55",1062.5,2,atomo333
3746,16734491,"WOOSUNG YOON","2026-09-30 23:36:40",1061.8,2,woosungyoon
3747,16766171,Jonaid,"2026-09-10 22:22:27",1061.5,2,jonaidshianifar
3748,16923006,"Nguyen Cat Luong","2026-09-19 21:12:51",1061.5,2,nguyencatluong
3749,16672530,GUGUGAGA,"2026-09-30 01:12:35",1061.3,2,"ruiyangzhang23,taoguo079"
3750,16660987,AdrianWang2003,"2026-09-09 09:32:53",1061.0,2,"adrianwang2003,benlou04"
3751,16654403,"Skibidi Six Seven","2026-09-08 14:20:24",1060.6,2,iam4722202468
3752,16806879,tetsuro731,"2026-09-09 11:46:20",1060.3,2,tetsuro731
3753,16866946,truxivan,"2026-09-10 13:46:58",1059.9,1,truxivan
3754,16848686,"xiang156 xu","2026-09-08 03:23:16",1059.7,2,xiang156xu
3755,16724755,K.nosaka,"2026-09-10 12:07:13",1059.6,2,kenseinosaka
3756,16771337,titako0000,"2026-09-10 09:00:19",1059.3,2,titako0000
3757,16860251,"Fabian Henning","2026-09-09 11:37:30",1059.2,1,crustacean
3758,16633445,Wal8800,"2026-09-29 17:30:35",1059.2,2,wal8800
3759,16841960,WessonZ,"2026-09-10 02:11:20",1059.2,2,wessonz
3760,16750843,jammings,"2026-09-09 13:11:04",1059.1,2,jammings
3761,16859804,seele,"2026-09-09 10:20:41",1058.7,1,seele1917
3762,16765488,chenyinheng30,"2026-09-27 13:10:13",1058.6,2,chenyinheng30
3763,16732352,ORiginators,"2026-09-09 10:47:23",1058.6,2,"sachinpandey721,sunritpal"
3764,16634519,"Darshan Makwana","2026-09-10 10:17:03",1058.1,2,ellipticaloranges
3765,16741563,"Paul Pawletta","2026-09-15 09:16:16",1057.9,2,paulpawletta
3766,16841565,"dar Zaa","2026-09-08 18:04:18",1057.9,2,darzaa
3767,16731836,"Theo Venturian","2026-09-11 18:03:45",1057.8,2,theodorraulventurian
3768,16657290,lol-hiker,"2026-09-30 09:39:27",1057.7,2,lolhiker
3769,16794871,IMosia,"2026-09-21 08:03:49",1057.6,2,ivanmosiagin
3770,16784485,betterme,"2026-09-09 15:54:54",1057.1,2,betterme12345
3771,16640701,momoon,"2026-09-30 12:05:16",1056.2,2,nomuraryota
3772,16870447,"louie lau","2026-09-11 08:22:30",1055.8,1,louielau
3773,16808631,ALkkGame,"2026-09-14 15:16:47",1055.6,2,alkkgame
3774,16789509,"Yang Wei Hao","2026-09-09 13:02:55",1055.1,2,aichangeworld
3775,16786158,"Yi-Chia Chen","2026-09-22 06:48:34",1055.0,2,threerabbits
3776,16854541,yangyiqing6,"2026-09-15 06:14:21",1054.8,2,yangyiqing6
3777,16848095,"Risha Apps","2026-09-08 15:41:31",1053.9,2,rishaapps
3778,16652173,"Shardul Gharat","2026-09-22 03:52:12",1053.5,2,shardulgharat
3779,16728109,"Sidharth Hulyalkar","2026-09-11 06:16:26",1053.0,2,sidharthhulyalkar21
3780,16721382,"Milan Leonard","2026-09-12 07:20:12",1052.8,2,milanleonard
3781,16861998,bobodict,"2026-09-09 17:26:50",1052.6,2,bobodict
3782,16680524,Nealdarkdarkdark,"2026-09-08 04:36:02",1052.6,2,wklyb1
3783,16659465,AravindLochan,"2026-09-08 10:00:39",1052.0,2,aravindlochan
3784,16856437,"Roshan S. Chauhan","2026-09-14 09:33:55",1052.0,2,vrosenta
3785,16833052,"we lose some 🏆","2026-09-26 14:40:54",1051.8,2,sayangoswami
3786,16679694,"Yaro Perventsev","2026-09-28 02:15:01",1051.0,2,yaroslavperventsev
3787,16840564,starlovelmj,"2026-09-09 02:16:02",1050.9,2,starlovelmj
3788,16763200,"Alexander Nord","2026-09-07 18:04:42",1050.2,2,"alexandernord123,pizza987"
3789,16668647,"THIRUPATHI KANNAN K","2026-09-07 14:59:51",1050.2,2,thirupathikannank
3790,16625798,grifth,"2026-09-23 06:10:26",1049.6,2,grifth
3791,16689863,yukichi0403,"2026-09-30 21:47:09",1049.1,2,yukitake93
3792,16669826,Jesse,"2026-09-12 07:51:27",1049.1,2,jesneuman
3793,16758629,karinkaito,"2026-09-16 01:08:30",1049.1,2,karinkaito
3794,16710546,"Russlan Ramdowar","2026-09-09 05:03:58",1048.7,2,russlan
3795,16854616,"Dd National","2026-09-12 13:29:04",1048.4,2,ddnational
3796,16810813,Scorn100,"2026-09-09 17:11:13",1048.4,2,scorn100
3797,16715205,GCarnovale,"2026-09-24 01:40:57",1048.2,2,gcarno
3798,16840819,clammpon,"2026-09-27 11:28:04",1047.8,2,clammpon
3799,16695242,"Utkarsh Prakash Srivastava","2026-09-08 15:55:37",1047.8,2,utkarshps
3800,16774941,Samvrcai,"2026-09-16 22:56:19",1047.6,2,samvrcai
3801,16854416,"Artemiy Shirokov","2026-09-08 12:53:33",1047.3,1,tema7707
3802,16808840,Devansh3007,"2026-09-10 05:02:13",1046.9,2,devansh3007
3803,16650824,Orsted_hitogmi,"2026-09-16 07:59:15",1046.7,2,orstedhitogmi
3804,16839834,nouvya,"2026-09-10 15:48:43",1046.6,2,nouvya
3805,16840862,HaoKwok,"2026-09-09 03:50:41",1046.6,2,haokwok2002
3806,16623646,"Minal kharat123","2026-09-27 16:22:31",1045.9,2,minalkharat123
3807,16707562,Snipine,"2026-09-08 01:17:09",1045.4,2,boluosnow
3808,16736111,hexingwei33,"2026-09-30 23:35:50",1045.2,2,hexingwei33
3809,16639570,"Vishesh Banna","2026-09-08 13:07:51",1044.9,2,visheshbanna
3810,16688130,"Lujia Liang","2026-09-16 21:00:32",1044.8,2,lujialiang123
3811,16671425,"Gajenddra Raj","2026-09-11 01:18:29",1044.7,2,gajenddra
3812,16664619,"Trupen Patel","2026-09-08 15:52:17",1044.6,2,trupenpatel
3813,16653805,mohsen2050,"2026-09-14 18:25:43",1044.5,2,mohsen2050
3814,16852605,VTH,"2026-09-08 06:35:01",1043.5,2,storm2501
3815,16765484,smsxgz,"2026-09-08 19:09:03",1043.3,2,smsxgz
3816,16779007,nataloe,"2026-09-30 15:03:21",1043.3,2,"nathanael19,teohjiasheng"
3817,16665191,JoJa,"2026-09-22 04:49:21",1043.3,2,"mojyou,noahzx"
3818,16786139,Trezerg,"2026-09-09 03:22:46",1043.2,2,progtrollwarrior16
3819,16670879,"old macdonald","2026-09-07 16:11:15",1043.0,2,djschmit
3820,16668748,"Harrison Interactive","2026-09-24 12:07:26",1042.9,2,nosiru
3821,16842645,zard599,"2026-09-26 08:29:40",1042.8,2,zard599
3822,16708880,yotsutose,"2026-09-10 10:18:49",1042.4,2,yotsutose
3823,16839343,"SAURABH VISHWAKARMA","2026-09-15 17:13:31",1042.0,2,surabhv21
3824,16630111,jannchie,"2026-09-23 09:27:46",1041.5,2,jannchie
3825,16688450,SpiralTip,"2026-09-14 04:11:41",1041.3,2,spiraltip
3826,16791712,"xiang W","2026-09-08 14:24:56",1040.9,2,"dekonsu,xiangwaaaaa"
3827,16777107,Pipiripipap,"2026-09-09 10:03:38",1040.1,2,yohalf
3828,16758709,dk07dk,"2026-09-12 07:13:48",1039.1,2,dk07dk
3829,16753710,tax_free,"2026-09-10 17:08:47",1037.8,2,taxfreepython
3830,16657341,raccoonForest,"2026-09-08 06:45:18",1037.6,2,gkanamoto
3831,16741997,hikarinosenshi,"2026-09-08 00:50:58",1037.5,2,hikarinosensh1
3832,16730473,Kyohei,"2026-09-08 00:42:18",1036.9,2,kyohei3
3833,16843635,"Просто Человек","2026-09-08 18:03:16",1036.7,2,gomunkul
3834,16655109,"Tia He","2026-09-10 00:54:40",1036.3,2,altheahe
3835,16898040,王ruizhe,"2026-09-19 07:56:03",1035.4,2,ruizhe28
3836,16841113,Andy,"2026-09-07 01:22:11",1035.2,2,andrewmedran0
3837,16771010,42X,"2026-09-09 13:43:36",1035.0,2,infcyx
3838,16809097,volumatic,"2026-09-10 11:00:51",1034.9,2,"kkeevviinn666,volumatic"
3839,16718823,"Rafael Molina Castaño","2026-09-12 20:45:02",1034.6,2,rafaelmolinacastano
3840,16634911,onlytimeknows,"2026-09-30 23:48:05",1034.3,2,onlytimeknows
3841,16748527,Tsubasa_00,"2026-09-10 00:22:27",1034.2,2,tsubasa00
3842,16672241,dupakdungking,"2026-09-15 13:32:04",1033.7,2,primarizki
3843,16807786,St　YS,"2026-09-30 14:39:30",1033.2,2,yasunorisuzuki1182
3844,16790472,"Manurupan M","2026-09-20 07:09:36",1033.2,2,manurupanm
3845,16641713,"ronsen sun","2026-09-11 08:01:06",1033.1,2,ronsensun
3846,16884338,"Emmet Banker","2026-09-24 01:53:27",1032.3,2,emmetbanker
3847,16734979,NiuLAI,"2026-09-29 07:24:41",1031.6,2,"chunsingyu,chunyinhui,jaminmei"
3848,16823782,yuyutech(Genuine),"2026-09-08 04:32:19",1031.5,2,yuyutechgenuine
3849,16842044,StackOverflowed512,"2026-09-07 17:53:32",1031.5,2,stackoverflowed512
3850,16699246,"Labh Khatke","2026-09-11 15:53:22",1031.3,2,labhkhatke
3851,16672858,Lyesterday,"2026-09-07 10:14:39",1030.5,2,ilyas93
3852,16843173,"Hansen Zhong","2026-09-28 02:05:44",1030.4,2,onegameonedream
3853,16763001,Eb3lss,"2026-09-09 11:08:19",1030.1,2,eb3lss
3854,16794758,wppepi,"2026-09-09 03:06:09",1030.0,2,"foxsuzuran,malossov,wppepi"
3855,16841313,"Daniel Harkin","2026-09-09 18:24:13",1029.8,2,danielharkin
3856,16764476,daviddnd,"2026-09-15 07:40:48",1029.4,2,daviddnd
3857,16842967,yoshiki116,"2026-09-11 05:05:19",1029.3,2,yoshiki116
3858,16686444,"Syakirin Pahimi","2026-09-06 16:21:15",1028.9,2,syakirinpahimi
3859,16805940,Foxure,"2026-09-12 01:51:33",1028.9,2,foxure
3860,16824564,"piu ATI","2026-09-06 10:02:27",1028.9,2,piuati
3861,16815985,leemc95,"2026-09-08 21:31:33",1028.4,2,leemc95
3862,16655501,Savko,"2026-09-21 06:02:04",1028.3,2,savchenko
3863,16717253,Sybery_AI,"2026-09-13 19:51:41",1028.2,2,syberyai
3864,16687716,"Joshua Fernando","2026-09-16 12:51:45",1027.8,2,joshuafernandoj
3865,16736120,"Ricky #2","2026-09-08 02:47:36",1026.8,2,rickyds97
3866,16623806,黒田彩人,"2026-09-07 21:37:20",1026.8,2,ayato0705
3867,16730247,DOM-VASCONCELOS,"2026-09-23 09:45:05",1026.8,2,domcreator
3868,16842273,2424,"2026-09-08 14:29:16",1026.8,2,takutonishi
3869,16728229,twomoon,"2026-09-08 05:22:46",1026.7,2,twomoon036
3870,16754974,BurntPotato,"2026-09-09 00:06:54",1026.6,2,burntpotato
3871,16764342,malone001,"2026-09-11 08:18:49",1026.5,2,malone001
3872,16806160,"Hamza Atique ","2026-09-30 14:14:17",1025.9,2,hamzaatique
3873,16771080,"Ricky Shao","2026-09-07 17:16:14",1025.5,2,rickyshao
3874,16797036,tksfjn,"2026-09-12 04:06:53",1024.9,2,tks3210
3875,16675897,"KANG ZHIPENG","2026-09-16 01:26:34",1024.8,2,kangzhipeng
3876,16749466,"The Wolf of Wheat Street","2026-09-30 18:32:49",1024.5,2,"lijuantang19,yuemengzheng01"
3877,16715383,"Leo Lilley","2026-09-09 03:36:39",1024.3,2,leolilley
3878,16758839,"Yusuf Murtaza","2026-09-06 10:23:21",1024.2,2,yusufmurtaza01
3879,16669715,housssaamos,"2026-09-27 16:02:39",1024.2,2,housssaamos
3880,16661970,"BOB'S ROOM","2026-09-30 12:05:20",1024.0,2,"bobpop123447,datasutudent"
3881,16893831,"Sasan Nazari","2026-09-16 00:07:26",1023.7,2,sasannazari
3882,16841077,melowdramtic,"2026-09-10 02:31:53",1023.4,2,melowdramtic
3883,16849295,"Israa Saede","2026-09-07 17:30:03",1023.1,1,esraaalsaeede
3884,16759913,"Peter Cnudde","2026-09-07 20:08:25",1022.6,2,petercnudde
3885,16796014,keith70,"2026-09-08 07:18:36",1022.4,2,keith70
3886,16693272,ush,"2026-09-29 23:10:50",1022.4,2,kusuha
3887,16686424,"Thần Thoại","2026-09-08 16:58:05",1021.8,2,thanthoai
3888,16656776,ShaoCharles,"2026-09-09 14:16:17",1021.6,2,shaocharles
3889,16844769,phi,"2026-09-09 18:19:54",1020.9,2,fahisplr
3890,16849883,"Rifa Tamanna","2026-09-07 22:07:04",1020.5,2,rifatamanna1109
3891,16730375,Floth,"2026-09-07 15:14:58",1020.1,2,suwat513
3892,16918095,Free-joint,"2026-09-25 07:40:00",1020.0,2,"huangzehua,percivallin"
3893,16736404,¡olé!,"2026-09-08 04:30:34",1019.4,2,hjx1024
3894,16840452,pan6628,"2026-09-10 04:38:21",1019.2,2,pan6628
3895,16845280,"Samuel Watson","2026-09-11 07:06:59",1018.9,2,scwatson
3896,16803592,"Bishal Lamichhane","2026-09-16 13:33:25",1018.6,2,bishallamichhane44
3897,16840338,"Shoma Arakawa","2026-09-12 08:55:21",1017.9,2,shomaarakawa
3898,16887947,"Blips and Chitz","2026-09-28 22:42:31",1017.7,2,michaelriedl
3899,16639800,"Yong Ming-Jia","2026-09-15 06:14:00",1016.9,2,ymingj
3900,16719090,CHSTO,"2026-09-12 21:35:49",1016.9,2,haotianqi
3901,16725851,hetspookjee,"2026-09-07 21:54:39",1016.8,2,hetspookjee
3902,16799362,"James Weatherhead","2026-09-06 21:45:45",1016.8,2,jamesweatherhead
3903,16715358,wuy1hao,"2026-09-07 10:23:01",1016.6,2,wuy1hao
3904,16765207,Cathy,"2026-09-10 01:48:38",1016.1,2,cathyyou
3905,16845083,"Restu Anggoro Kasih","2026-09-07 12:44:58",1015.9,1,restuanggorokasih
3906,16748997,wl4mb,"2026-09-27 18:02:20",1015.6,1,zhilongjaredliw
3907,16854744,"Rostislav Epifanov","2026-09-10 12:14:58",1015.2,2,rostepifanov
3908,16783517,"dongdong zhang","2026-09-07 03:22:34",1015.0,2,mcdongdongzhang
3909,16745949,"Miaohua Zhang","2026-09-30 08:21:53",1014.9,2,miaohuazhang
3910,16660444,"Сергей Мизин","2026-09-30 21:10:23",1014.0,2,seeergo
3911,16734894,"MP Gamimg","2026-09-25 10:09:15",1013.9,2,okadahiroshi
3912,16704613,alexbstl,"2026-09-14 01:43:31",1013.6,2,alexbstl
3913,16796600,skyShenzi5822,"2026-09-08 08:06:25",1013.6,2,skyshenzi
3914,16832556,"Harshit Raj #2","2026-09-10 16:45:16",1013.1,2,harshitraj2123221
3915,16845510,bugkeeper,"2026-09-08 06:24:57",1013.1,2,bugkeeper
3916,16768043,"Cropy and Paste","2026-09-13 17:56:08",1012.7,2,tfriedel
3917,16853941,"Baha Enes Ören","2026-09-28 15:34:24",1012.5,2,bahaenesren
3918,16672549,"ReinFARMent Learning?","2026-09-11 03:38:53",1012.2,2,arksey
3919,16634336,"Arko Bera","2026-09-08 19:08:41",1011.8,2,cartoonistbeard
3920,16797251,"Nguyễn Mạnh Niên","2026-09-06 11:29:31",1011.6,2,jacobrichard312
3921,16724993,Bonkoturyu,"2026-09-10 07:59:12",1011.5,2,bonkoturyu
3922,16839429,"Igor Aranovsky","2026-09-08 08:55:51",1011.0,2,igoraranovsky
3923,16657637,"Ronnie Atuhaire","2026-09-26 06:27:08",1010.9,2,ronnieatuhaire
3924,16806809,air,"2026-09-06 09:54:14",1010.6,2,air041001
3925,16726559,william,"2026-09-05 02:03:48",1010.3,2,hiricodev
3926,16866086,"Table Feng","2026-09-15 15:22:21",1010.2,2,tablefeng
3927,16700501,Konno,"2026-09-08 02:40:46",1008.4,2,nearfield1234
3928,16857923,Haruki.O,"2026-09-12 08:23:32",1008.3,2,ho0707
3929,16802630,takotakosan,"2026-09-09 03:10:10",1008.0,2,takotakosan
3930,16660477,SeaGoat,"2026-09-30 18:26:26",1007.5,2,vbandaru
3931,16918646,MsMarch.7,"2026-09-18 09:12:24",1007.2,2,msmarch7
3932,16682386,"Charbel Nehme","2026-09-30 23:21:39",1007.2,2,charbelnehme
3933,16870585,ba,"2026-09-11 08:25:46",1006.6,2,yusukebaba
3934,16661034,"Devesh Mehta","2026-09-28 19:27:28",1006.4,2,deveshmehtaaie
3935,16775506,"lin qiy","2026-09-05 13:32:19",1005.3,2,linqiy
3936,16937692,"Sergio D","2026-09-25 20:58:22",1004.8,2,ser8147
3937,16640878,"Krishna Yadu","2026-09-06 08:18:51",1004.4,1,krishnayadav456wrsty
3938,16779321,HarryP12,"2026-09-11 16:45:35",1004.3,2,harryp12
3939,16896006,jrw208,"2026-09-22 21:27:28",1003.8,2,jrw208
3940,16792123,coder2403,"2026-09-12 17:08:38",1003.8,1,coder2403
3941,16838807,"tony boakye","2026-09-08 11:41:30",1003.0,2,tonyboakye
3942,16624979,"Mohamed abdelrazik","2026-09-25 20:36:52",1002.6,2,mohamed3abdelrazik
3943,16811433,"Bx LLLLLLLL","2026-09-05 21:54:10",1002.4,2,bxllllllll
3944,16631400,JZ,"2026-09-20 23:44:22",1002.3,2,zhoujiachen
3945,16737702,"kaneko takafumi","2026-09-28 13:15:47",1002.1,2,kanekotakafumi
3946,16667922,JungHwan,"2026-09-06 00:05:59",1002.0,2,najunghwan
3947,16842817,darcy132,"2026-09-06 13:16:34",1001.7,2,darcy132
3948,16841542,Smmyth,"2026-09-06 22:18:52",1001.6,2,smmyth
3949,16669666,RhoenSprudel,"2026-09-11 19:08:43",1001.6,2,rhoensprudel
3950,16802719,uta_ccc,"2026-09-06 07:15:44",1001.5,2,utaccc
3951,16822109,Meticulousss,"2026-09-10 16:32:31",1000.5,2,meticulousss
3952,16756592,"Abdalrahman Eissa","2026-09-25 12:47:21",1000.2,2,abdalrahmaneissa
3953,16811890,Bobbbbbbbbx,"2026-09-03 15:25:01",1000.1,2,bobbbbbbbbx
3954,16726889,stnick,"2026-09-05 19:13:36",999.6,2,stnick
3955,16674720,"Prathmesh Lagdive","2026-09-27 07:25:26",999.5,2,"aglavevaibhav,prathmeshlagdive,shriyashkurud"
3956,16885684,LiYiTingTom,"2026-09-21 15:53:41",999.0,2,liyitingtom
3957,16689366,"Cuong Le","2026-09-06 15:24:57",998.6,2,ad1999
3958,16661768,"Lợi Trần Bảo","2026-09-13 19:43:53",998.5,2,litrnbo
3959,16822414,Yassinovich,"2026-09-06 12:50:02",998.1,2,yassinovich
3960,16806587,"Dear Shark","2026-09-17 07:12:32",997.0,2,dearshark
3961,16702430,"ZeLong Leo","2026-09-28 08:36:26",996.7,2,zelongleo
3962,16845366,cdaden,"2026-09-08 06:00:19",996.0,2,cdaden
3963,16801995,"XD tsui","2026-09-03 20:41:03",996.0,2,xdtsui
3964,16727536,lelelove1225,"2026-09-06 12:58:48",995.7,2,lelelove1225
3965,16637241,M4nd4l0r14n,"2026-09-07 21:50:19",995.7,2,thiagobcunha
3966,16663681,Kometa,"2026-09-20 06:03:24",995.1,2,petarknezevic1
3967,16725081,ZhouYongqi,"2026-09-06 14:55:06",994.9,2,xy0v0zhang
3968,16667998,Speril,"2026-09-29 14:12:10",994.5,2,speril
3969,16805509,"Adel Zebiche","2026-09-06 17:28:28",994.3,2,adelzebiche
3970,16740464,"Jorrawar Grewal","2026-09-08 00:43:17",994.3,2,jorrawargrewal
3971,16677107,gagacrow,"2026-09-07 16:11:58",994.0,2,gagacrow
3972,16662204,SM_30,"2026-09-05 15:45:06",993.9,2,sagarmane104
3973,16697877,"Sky kun","2026-09-13 22:36:13",993.2,2,skykun
3974,16713540,Anruan,"2026-09-05 16:45:53",993.1,2,xiaowanshen
3975,16692350,"Emerson Suarez","2026-09-30 05:07:24",993.0,2,jericksystem32
3976,16836457,Andrew9603,"2026-09-06 12:28:37",992.6,2,benxvyan
3977,16765763,latter0206,"2026-09-06 07:00:54",992.2,2,shoheiyamanaka
3978,16858618,NaokaK,"2026-09-09 06:58:14",991.9,1,naokak
3979,16639369,"Kyuhwan Cho","2026-09-18 23:24:42",991.7,2,octoarden
3980,16717756,Dominick,"2026-09-28 16:36:55",991.7,2,kcinimod
3981,16790359,"laoma fighting","2026-09-07 05:30:45",991.5,2,laomafighting
3982,16862895,"Quinn Brighton","2026-09-12 00:01:22",991.0,2,quinnbrighton
3983,16843617,Jenny124685,"2026-09-30 07:53:05",990.6,2,jenny124685
3984,16778388,"straw hats","2026-09-20 14:26:24",990.5,2,rushikeshgaonkar
3985,16738506,"Rok Sechs","2026-09-30 22:00:32",990.2,2,rokshimiz
3986,16771397,its_mrz,"2026-09-07 17:48:52",990.0,2,itsmrz
3987,16777406,"Toheeb Ogunade","2026-09-08 22:46:05",990.0,2,toheebogunade
3988,16745351,ChrisXie,"2026-09-08 02:14:19",990.0,2,chrisstan
3989,16626979,"An - Claudex","2026-09-30 03:57:31",989.7,2,myotterspace
3990,16654463,Mark,"2026-09-04 19:38:01",989.6,2,robotmf
3991,16697205,"Gould Research","2026-09-08 17:19:28",989.6,2,"georgeking1,gouldh,gradybos,shanemullahy"
3992,16818508,"Napster Y","2026-09-30 13:27:55",989.3,2,napstery
3993,16730484,Esperanza,"2026-09-10 00:42:17",988.1,2,deanpixton
3994,16797393,lingmingzi,"2026-09-05 04:36:26",988.0,2,lingmingzi
3995,16695229,X1a0Ch3n,"2026-09-04 16:14:07",987.7,2,xiaochen20236673
3996,16731822,Senn88,"2026-09-08 13:54:19",987.5,2,senn88
3997,16654266,古德拜吃,"2026-09-26 02:11:29",987.4,2,nosaewang
3998,16927297,galaxy2025,"2026-09-20 01:15:33",987.4,1,galaxy2025
3999,16816445,"Danila Lebedev","2026-09-08 13:54:33",987.1,2,danilalebedev
4000,16644255,Rister,"2026-09-04 00:05:35",987.0,2,"rister101,stharundhatri"
4001,16641099,sieru-copan,"2026-09-25 12:03:44",986.8,2,sierucopan
4002,16707639,Fujinawa,"2026-09-15 12:14:48",986.7,2,wasshoiwasshoi
4003,16682195,celefefwefwe1,"2026-09-02 16:48:52",986.7,2,celefefwefwe1
4004,16730834,TomoyaM,"2026-09-10 00:00:39",986.6,2,tomoyamiyaake
4005,16790542,shiba-inu,"2026-09-21 14:06:32",986.4,2,npinpi
4006,16808352,Rheinmetall,"2026-09-25 16:34:55",986.3,2,rheinmetall
4007,16839548,"Александр Прохоров","2026-09-08 12:30:54",985.8,2,obbwd12
4008,16783328,AggriTrader,"2026-09-15 13:56:09",985.7,2,leoluo
4009,16803141,"Verdant Meridian","2026-09-08 14:13:17",985.7,2,xinweizhang003
4010,16721237,phoenixai0,"2026-09-08 14:15:57",985.6,2,phoenixultra
4011,16654068,"Renoir Vieira","2026-09-05 17:42:47",985.5,2,renoirvieira0
4012,16707702,"anton leyn","2026-09-08 16:30:11",985.0,2,antonleyn
4013,16732433,syuuuuu,"2026-09-06 12:53:05",984.9,2,syuuuuukun
4014,16824069,"Phương Nguyễn Việt","2026-09-04 03:52:08",984.8,1,phngnguynvit
4015,16719578,blueblue222,"2026-09-11 04:36:53",984.1,2,blueblue222
4016,16734290,CodeAMANSA,"2026-09-09 14:52:52",983.3,2,bcollazo
4017,16639520,"Cary Jin","2026-09-05 22:54:44",983.2,2,strigiformes
4018,16780141,"One Zero001","2026-09-03 08:43:16",982.9,2,onezero001
4019,16838588,"Nadeem Ishikawa","2026-09-08 23:04:10",982.9,2,nadeemishikawa
4020,16806535,"zhangzhuang li","2026-09-03 18:31:12",982.8,2,zhangzhuangli
4021,16654791,"Dev Rath","2026-09-10 16:32:18",982.5,2,devbratrath
4022,16654995,"Artem Voronov","2026-09-14 11:14:51",982.5,2,artemyvoronov
4023,16899030,CardPilotLab,"2026-09-17 00:32:05",981.8,2,EldieEnfiel
4024,16782954,"Team Dajiang","2026-09-19 13:02:19",981.6,2,"jihuaye,toolazyhhh123"
4025,16843986,"Young Jim","2026-09-07 00:05:04",981.3,2,youngjim
4026,16845426,"Erlik Khan","2026-09-13 23:03:03",981.2,2,erlikkhan
4027,16734813,"Johan BONILLA MENDIETA","2026-09-05 15:23:38",981.0,2,johanbonillamendieta
4028,16926532,"Akash Shah","2026-09-30 23:26:27",980.7,2,akashshah3
4029,16667731,"Agent 33","2026-09-24 19:53:19",980.5,2,agent33
4030,16809677,"Phong Khổng Hoàng","2026-09-30 23:39:36",979.8,2,phongkhonghong
4031,16635065,T88,"2026-09-07 09:02:57",979.4,2,t88take
4032,16742470,AK,"2026-09-06 07:57:50",979.2,2,aman1391
4033,16802039,"Anna Currie","2026-09-04 10:24:33",978.8,2,hcnfgxsghvbkhbty
4034,16838305,"Zhiyan Chen","2026-09-05 09:20:32",978.6,2,zenosga
4035,16628951,"Hiro Nomo","2026-09-30 18:51:56",978.6,2,morinokuma3
4036,16847311,WangYilin_henuAI,"2026-09-30 14:36:54",978.1,2,"hyhyyh,violin1,xiaoming1238952"
4037,16844770,Richard,"2026-09-22 05:48:05",977.6,2,richardwg
4038,16722995,July,"2026-09-10 10:42:05",977.0,2,julyzseven
4039,16839209,yuuuu.T,"2026-09-06 02:01:37",977.0,2,yuuuut
4040,16825772,liujieyou,"2026-09-14 12:01:35",976.9,2,liujieyou
4041,16659711,williams,"2026-09-06 23:23:25",976.7,2,williams
4042,16804549,Feidudu,"2026-09-04 15:51:54",976.6,2,zenanshao
4043,16838898,"Minh Trịnh","2026-09-06 13:38:05",976.6,2,minhtrinh2002
4044,16626462,mango,"2026-09-04 01:11:13",975.9,2,mango789
4045,16727147,"Alan Smith","2026-09-09 11:26:14",975.5,2,acorncupcake
4046,16717186,"Roumak Das","2026-09-04 03:41:55",975.5,2,roumak77
4047,16725195,易研学社,"2026-09-06 07:27:43",975.0,2,"chency17,fengwann,mingyingxin,sjojasdq,tbtbbb"
4048,16658898,"SRI shiva","2026-09-26 13:57:49",974.8,2,srishiva
4049,16659215,"Zhizhou Sha","2026-08-31 12:43:52",974.5,2,zhizhousha
4050,16721688,"Hi Im Ryo","2026-09-04 15:05:22",974.3,2,loto610
4051,16658287,ArturoSirvent,"2026-09-12 05:20:34",974.2,2,arturosirvent
4052,16848220,ggmljs,"2026-09-10 05:10:42",974.0,2,ggmljs
4053,16798174,"Jan Bartos","2026-09-07 22:28:55",973.6,2,janbartos
4054,16657904,xfhdh1,"2026-09-06 09:51:45",973.5,2,xfhdh1
4055,16768323,thuvuduy16,"2026-08-31 18:59:54",972.9,2,thuvuduy16
4056,16735253,银龙,"2026-09-07 07:00:02",972.5,2,boyanyanbo
4057,16786255,OceFFFF,"2026-09-29 06:46:43",972.4,2,oceanfujimoto
4058,16935054,"jae young ji","2026-09-28 08:01:50",972.4,2,sayul0102
4059,16838821,小等等,"2026-09-16 07:41:23",972.1,2,atwelve
4060,16662810,HarshitSama,"2026-09-19 10:23:32",972.0,2,harshitsama
4061,16820116,cotora2121,"2026-09-05 17:42:49",971.9,2,cotora2121
4062,16756633,TheDanKing,"2026-08-31 05:49:23",971.7,2,thedanking
4063,16810859,"Michael Silverblatt","2026-09-06 12:39:49",971.5,2,msilverblatt
4064,16845063,"Gaston Zarate","2026-09-22 05:36:22",971.3,2,gastonz195
4065,16673250,Prashant,"2026-09-04 16:46:37",971.2,2,"kajalsinghrajpoot,prashantxo"
4066,16664518,senxichong,"2026-09-18 08:01:00",971.2,2,senxichong
4067,16623480,xmaster6y,"2026-09-08 18:26:54",971.0,2,xmaster6y
4068,16811637,mohui666,"2026-09-03 09:21:41",970.9,2,mohui666
4069,16925327,danmleo,"2026-09-28 12:05:14",970.9,2,danmleo
4070,16841276,EmmaL09,"2026-09-09 22:09:29",970.9,2,emmal09
4071,16657228,"Vladimir Babin","2026-09-30 06:04:47",970.5,2,vovababin
4072,16847289,"Hengxiang Yu","2026-09-21 07:24:59",970.3,2,hengxiangyu
4073,16659430,"John Keith Weber","2026-09-06 16:32:54",970.3,2,johnkeithweber
4074,16808433,thenokol,"2026-09-07 12:26:33",970.1,2,thenokol
4075,16630711,"Aleks Lviv","2026-09-30 16:40:43",970.1,2,alekslviv
4076,16672040,"Tom Yim","2026-09-07 04:31:34",969.9,2,tomyim
4077,16830000,"Danilo Lapegna","2026-09-30 18:00:29",969.3,2,danilolapegna
4078,16663166,Rey4Dan,"2026-09-30 23:41:42",969.2,2,rey4dan
4079,16781110,yqz,"2026-09-04 17:57:19",969.1,2,yuqizheng
4080,16773607,sky1,"2026-09-04 13:54:00",968.6,2,skyk1jn
4081,16664293,"Adam Lloyd","2026-09-05 07:12:04",968.2,2,alloyd256
4082,16659210,HASHP100D,"2026-09-05 11:23:41",967.8,2,hashp100d
4083,16662568,RaghavMundhra1,"2026-09-23 22:44:35",967.6,2,raghavmundhra1
4084,16860587,"Mayo Mafia","2026-09-14 12:41:03",967.3,2,vasujain12344
4085,16783521,xiannaix,"2026-09-04 09:28:00",966.9,2,xiannaix
4086,16774727,"Dannya AbdulHadi","2026-09-04 11:48:50",966.8,2,dannyaabdulhadi
4087,16697923,"Vincent Debout","2026-09-12 22:24:00",966.7,2,vdebout
4088,16824101,"Bala Murugan AIML","2026-09-04 02:20:12",966.3,1,balamuruganaiml
4089,16838520,"Niu Yuanfang","2026-09-07 07:50:24",965.7,2,niuyuanfang
4090,16790658,lxymmd,"2026-09-10 07:59:16",965.7,2,lxymmd
4091,16678462,"Eric Han Wang","2026-09-22 22:39:00",965.4,2,ericwang03
4092,16738820,"Ying Li","2026-09-14 15:06:54",965.3,2,lyee919
4093,16797063,Nianhua1,"2026-09-05 03:35:11",964.7,2,nianhua1
4094,16777894,"Matthew Neba","2026-09-06 21:37:08",964.3,2,matthewneba
4095,16738810,mararaa,"2026-09-04 10:21:18",963.9,2,mararaa
4096,16927279,santa9150,"2026-09-30 22:38:14",963.7,2,santa9150
4097,16695931,"Kers Aoyagi","2026-09-05 19:24:41",963.6,2,kersaoyagi
4098,16799554,dengddd,"2026-09-03 15:30:23",962.7,2,dengdgq
4099,16810060,galileo680,"2026-09-05 23:45:08",962.2,2,keter333
4100,16657887,"Yermak Petro","2026-09-30 22:09:15",962.1,2,yermakpetro
4101,16773039,zyiqun,"2026-09-04 06:12:36",962.0,2,zyiqun
4102,16727544,"Mostafa H","2026-09-01 10:03:53",961.7,2,mostafahaghiri68
4103,16851959,Darren0724,"2026-09-11 12:15:26",961.7,2,darren0724
4104,16725793,Krilin,"2026-09-03 18:41:48",961.5,2,krilin
4105,16838953,HHHyyds,"2026-09-05 12:31:34",961.4,2,hhhyyds
4106,16634239,"Radhakrishnan Guhan","2026-09-29 19:38:03",961.1,2,rmsgrk
4107,16730049,"r2d2 Dasari","2026-09-20 20:15:24",961.1,2,r2d2dasari
4108,16716613,Arvin,"2026-09-08 01:18:15",960.3,2,chesterx
4109,16677252,カワシギ,"2026-09-27 02:30:34",959.9,2,kawashigi
4110,16741683,"Lance Wu","2026-09-05 02:17:10",959.6,2,lancewu722
4111,16848645,"Chee Keong Sim","2026-09-10 14:59:11",959.6,2,cheekeongsim
4112,16808178,qianyuatkaggle,"2026-09-08 00:37:32",959.3,2,qianyuatkaggle
4113,16633850,Pascal,"2026-09-05 04:01:56",958.9,2,pascalledesma
4114,16702429,iamlonely,"2026-09-08 16:27:53",958.8,2,iamlonely
4115,16655311,"Plant City Planter","2026-09-02 19:03:12",958.7,2,michaellombard
4116,16657395,"Uchechukwu Ajuzieogu","2026-09-03 14:10:11",958.4,2,uchechukwuajuzieogu
4117,16658409,AlexMasip,"2026-09-03 15:37:32",958.4,2,alexmasip
4118,16665700,张广麒,"2026-08-31 08:41:33",958.3,2,zzggqq
4119,16655381,"Varshith K","2026-09-30 06:29:25",957.9,2,var3604
4120,16843970,dharana77,"2026-09-24 08:27:42",957.8,2,ylee4574
4121,16717113,"Dovydas Ruokis","2026-09-11 19:58:21",957.4,2,dovydasruokis
4122,16753646,"[Deleted] 7d100524-25e6-4751-98db-b4fdce26a5ee","2026-09-02 14:22:45",957.3,2,del=effabded1aa6d176
4123,16683199,"Filippo Gombac","2026-09-02 17:16:47",957.1,2,filippogombac
4124,16666296,A.P.R.I.L,"2026-09-12 16:42:30",957.0,2,puneeth333
4125,16730707,"James Michael","2026-09-04 14:12:29",957.0,2,ingenio
4126,16795982,Vordax,"2026-09-03 18:17:12",956.7,2,vordax
4127,16771605,Psyrax,"2026-09-17 16:00:11",955.4,2,psyrax012
4128,16729092,"ayman elamin","2026-09-27 17:35:45",955.2,2,aymanelamin
4129,16695556,"Prajwal Dongre","2026-09-20 05:45:05",955.0,2,prajwaldongre
4130,16659776,"Ben Hamilton","2026-09-08 23:36:18",954.9,2,kineticaxisstudio
4131,16761641,Diavolo,"2026-09-05 09:31:08",954.7,2,jeanmarcbah
4132,16795391,MECHINE,"2026-09-01 03:05:47",954.1,2,nainglinwai
4133,16947253,"Chen Kuan-Chin","2026-09-30 23:48:10",954.0,2,chenkuanchin
4134,16675351,-Beterraba,"2026-09-05 18:45:27",953.8,2,"afonsoo,miguelottoni"
4135,16750273,"Nil Lic","2026-09-14 16:44:57",953.8,2,nillic
4136,16818589,"Rachmat S. Haryadi","2026-09-10 16:48:09",953.7,2,rachmatsharyadi
4137,16794841,thisArmin,"2026-08-31 04:29:30",953.7,1,thisarmin
4138,16936261,pigpig,"2026-09-29 12:24:40",953.5,2,"panyizhouhahaha,yanfeipu"
4139,16694186,souju00,"2026-09-14 10:52:51",953.0,2,souju00
4140,16645705,wataru420,"2026-09-30 21:29:18",953.0,2,wataru420
4141,16803930,"Farrukh Ismoilov","2026-09-02 11:30:29",952.3,2,fismoilo
4142,16675739,"Jithendra Maddala","2026-09-12 05:12:26",952.1,2,jithendramaddala
4143,16851712,VelloNChiru,"2026-09-25 02:30:27",951.7,2,janelawrence
4144,16747577,"Nolan BONHOMME","2026-09-03 13:22:05",951.4,2,nolanbonhomme
4145,16841667,Zwxiang123,"2026-09-06 01:27:21",951.2,1,zwxiang123
4146,16684947,Hoaquason,"2026-09-28 13:28:54",951.1,2,"datnguyen0102,mibombaclat"
4147,16737937,xamad,"2026-09-01 13:19:27",951.0,2,giannicerrato
4148,16818689,Takashi,"2026-09-28 02:07:32",951.0,2,takashi1
4149,16639771,"DK Armada","2026-09-06 06:33:12",950.9,2,dkarmada
4150,16632231,"Samrish B","2026-09-05 18:17:55",950.6,2,samrishb
4151,16764068,"Chika Komari","2026-09-02 11:18:48",949.9,2,gothamjocker
4152,16657825,MilanJoshi,"2026-09-27 13:07:44",949.9,2,mlnjsh
4153,16743191,"Ryoya Kochiyma","2026-09-05 13:28:19",949.7,2,"kazutotakekuma,ryoyakochiyma"
4154,16743788,"Emmanuel Lo","2026-09-04 13:07:50",949.6,2,emmanuello
4155,16791752,bayachay,"2026-09-13 02:26:18",949.6,2,bayachay
4156,16779652,cheezyp,"2026-08-31 06:26:25",949.3,2,cheezyp
4157,16654491,"Amedeo Biolatti","2026-09-30 23:46:03",949.2,2,abiolatti
4158,16736050,SuperZero11,"2026-09-10 07:44:19",949.2,2,anandaverma
4159,16771361,"It's Ratcha","2026-09-07 18:59:25",949.0,2,itsratcha
4160,16693382,Sandrone,"2026-09-07 15:57:25",948.8,2,luvgoelo
4161,16869870,"Electric Weasle","2026-09-13 15:27:16",948.5,2,electricweasle
4162,16778019,Mr.Frundles,"2026-09-03 02:21:58",948.3,2,watehell
4163,16728103,Immutable,"2026-09-06 21:33:16",948.0,1,dishcleaner
4164,16814716,edder0798,"2026-09-29 09:38:40",948.0,2,"edder0798,wangxi608"
4165,16742825,"Ritwik Raha","2026-09-05 00:03:10",947.9,2,ritzraha
4166,16657594,"Wojciech Krasowski","2026-09-02 20:37:04",947.8,2,ci3l4k
4167,16639979,naphthalene,"2026-09-01 10:40:26",947.6,2,"aaa0342,leehyungjoon,minjek,trv449"
4168,16811502,"Avi Porath","2026-09-14 04:33:01",947.6,2,aviporath
4169,16682932,"Iulian Curte","2026-09-13 10:07:59",947.1,2,iuliancurte
4170,16761167,"Tejasteju M P","2026-09-28 03:20:47",946.5,2,tejastejump
4171,16686827,Kronki,"2026-09-05 12:24:58",946.5,2,kronki
4172,16665311,"huayang sun","2026-09-05 06:20:01",946.0,2,okami001
4173,16795041,"Denis Revenko","2026-09-01 13:02:36",945.8,2,denizzko
4174,16794740,"Alexander R Luz","2026-09-11 16:15:45",945.7,2,alexanderrluz
4175,16790931,100rabh,"2026-09-29 07:23:35",945.3,2,saurabhkumar234
4176,16839975,AlexHan,"2026-09-05 13:16:50",945.2,1,gksgusrb1212
4177,16666147,"Khalid Bin Hethlain","2026-09-30 23:14:35",945.1,2,khalidbinhethlain
4178,16686513,Vipul_Kumar75476,"2026-09-30 01:54:19",945.0,2,vipulkumar75476
4179,16689266,"Oleksandr Dudnev","2026-09-09 06:14:10",944.5,2,dantist
4180,16747036,Illusion,"2026-09-04 13:34:36",944.5,2,briankimtaikab
4181,16822745,Jetpack,"2026-09-28 16:25:34",944.5,2,"m1ngch1,victorye04"
4182,16621687,ropeadope,"2026-09-30 05:57:39",944.3,2,silkross
4183,16779831,地里偷偷尿尿,"2026-09-06 14:21:55",944.2,2,jjsdfd22
4184,16718956,hassan,"2026-09-01 16:14:25",943.6,2,hasankhhan
4185,16725410,LE4VES,"2026-09-08 09:27:15",943.6,2,le4ves
4186,16719083,"Justin Mai 16","2026-09-07 22:30:10",943.4,2,justinmai16
4187,16810802,"Musa Khan","2026-09-03 16:40:12",943.3,1,lazer999
4188,16892727,Pi,"2026-09-29 12:15:11",943.1,2,liemdt
4189,16732813,Soomana1z,"2026-09-27 19:25:10",942.9,2,soshionodera
4190,16655693,DePie,"2026-09-29 18:12:47",942.4,2,phucthaiv02
4191,16688642,"Natalia Mawyin","2026-09-05 11:08:38",940.7,2,nmawyin
4192,16727529,윤영일,"2026-09-22 10:15:57",940.6,2,iongil
4193,16623890,"rapika rosalia","2026-09-01 17:40:24",940.0,2,rapikarosalia
4194,16655169,Musliadi,"2026-08-31 05:51:39",939.9,2,timscientia
4195,16706442,tipstar0125,"2026-09-05 11:50:46",939.8,2,dragonty
4196,16695521,"Chen Ken","2026-09-28 12:43:30",938.8,2,nutastray
4197,16734225,"Vijay athithya ","2026-09-02 07:06:29",938.4,2,vijay09
4198,16871907,"Junya _318","2026-09-14 04:15:18",938.3,2,junya318
4199,16893654,"Arhaan Aggarwal","2026-09-30 18:10:24",937.9,2,arhaanaggarwal2
4200,16626655,"Surya milenial","2026-08-30 08:21:22",937.8,2,suryamilenial
4201,16844154,シュークリーム,"2026-09-07 03:31:45",937.4,2,syucream
4202,16734199,Iliamna,"2026-09-06 20:44:33",936.8,2,decotoj
4203,16841330,sfsf,"2026-09-30 22:11:16",936.4,2,sfenu3
4204,16667724,"Masashi Onda","2026-09-02 12:43:58",936.3,2,masashionda
4205,16738895,SangGold,"2026-09-13 09:18:56",936.1,2,sanggold
4206,16623856,aowhite,"2026-09-03 06:12:31",935.7,2,brandnewyork
4207,16785924,Abhinav_26104,"2026-08-31 15:17:41",935.1,2,abhinav26104
4208,16757384,straw_Yu,"2026-09-09 01:41:11",933.8,2,strawyu
4209,16756902,"Matt Palmer","2026-09-06 04:17:51",933.7,2,palmsey
4210,16661304,"Jonathan Roy","2026-09-14 17:05:57",932.7,2,jonathanroy7
4211,16664537,"Lenin Goud","2026-08-27 01:07:37",932.5,2,leningoud
4212,16748187,"Violet Notes","2026-09-09 13:20:38",932.2,2,dominicjamil
4213,16658280,"Hemanth Reddy Katta","2026-09-14 22:15:43",932.1,2,hemanthreddykatta
4214,16790391,"Kevin Cao","2026-08-29 13:38:03",931.9,1,kevincao2
4215,16661393,"razab Bawa","2026-09-06 12:43:30",931.9,2,razabbawa
4216,16753194,"Saicharan Ramineni","2026-08-26 19:33:02",931.5,2,godlydonuts
4217,16768676,Doit,"2026-08-25 02:09:47",931.5,1,aifccnb
4218,16796980,ChenyuBaii,"2026-09-11 09:56:01",930.8,2,chenyubaii
4219,16806394,Flowers,"2026-09-02 04:03:16",930.6,1,"guyueyuan,oliver34,wu12138test"
4220,16663584,"Deployable LLMs","2026-09-27 15:20:39",929.3,2,"lucasveronese,planetoidleser,sinhakprat"
4221,16622919,Waffle,"2026-09-23 23:19:28",929.1,2,waffle3z
4222,16806048,duck_raccooon,"2026-09-02 15:03:04",928.7,2,duckraccooon
4223,16802775," SonSheungmin","2026-09-03 06:55:03",928.5,2,sonsheungmin
4224,16853131,"Awesome Egg","2026-09-10 07:27:41",927.8,2,newegg
4225,16786603,"Shutong Hou","2026-09-27 02:19:48",926.9,2,praxel123
4226,16798544,esprit,"2026-08-31 23:47:56",926.6,1,takuji
4227,16852043,"pig da","2026-09-08 05:32:31",926.2,2,qijunjie
4228,16695695,"Siva Kumar","2026-09-30 08:26:40",926.1,2,sivapnlr80
4229,16935983,"Anas Zewail","2026-09-27 16:07:44",926.0,2,anashanyzewail
4230,16651792,LX,"2026-09-02 10:29:49",925.8,2,sunnylx
4231,16736579,rk777848,"2026-09-30 08:13:58",925.7,2,rk777848
4232,16774129,"Chen Audrey","2026-09-04 13:38:19",925.4,2,chenaudrey
4233,16778358,"Lê Nguyễn Việt Cường","2026-08-28 03:46:51",925.2,2,lengvietcuong
4234,16655633,johnny,"2026-08-31 04:55:56",925.1,2,jonykarki
4235,16771457,"HK Fama","2026-09-05 17:51:47",925.0,2,kenho211
4236,16757418,Janus,"2026-09-20 02:21:48",924.5,2,khaled1alhasan
4237,16757704,Faustine,"2026-09-23 00:54:18",924.4,2,faustine649
4238,16730705,chris,"2026-09-30 20:17:39",924.3,2,chris62
4239,16780317,jrcjrcjrc,"2026-09-04 06:03:51",924.0,2,jrcjrcjrc
4240,16775443,NoName,"2026-09-04 23:49:43",923.8,2,thesonalsingh
4241,16671033,"Alexandr Shustikov","2026-09-30 23:23:38",923.1,2,alexandrshustikov
4242,16758279,"GO HIROSHIMA 2","2026-08-29 02:51:47",922.9,2,gohiroshima2
4243,16637458,OlivierS,"2026-09-09 03:41:58",922.9,2,oliviers
4244,16709115,"PARK HYUNSIK","2026-08-26 01:51:31",922.9,2,hyunsikpark
4245,16660121,10pi,"2026-09-30 08:30:09",922.7,2,meredith10pi
4246,16782227,"chen yue li","2026-09-03 01:34:30",922.5,2,yueelc
4247,16670527,"Balram Gupta","2026-09-18 05:06:28",922.4,2,"akankshaparab,bg28898"
4248,16745416,yamato035073,"2026-08-30 22:24:34",922.3,2,yamato035073
4249,16638823,YDDDDDD999,"2026-09-06 18:22:40",922.1,2,ydddddd999
4250,16755949,NicoCh5,"2026-09-30 23:50:05",921.7,2,nicoch5
4251,16924409,Obsidian,"2026-09-30 21:51:08",921.6,2,edwardkhunt
4252,16854250,"Jenil Emp","2026-09-21 13:06:46",921.5,2,jenilemp
4253,16793106,"Пал Лаич","2026-08-30 12:45:34",920.7,1,skypunkaudiowalker
4254,16689697,Kmart0112,"2026-09-21 17:38:23",920.7,2,kmart0112
4255,16668756,"Clark Kitchen","2026-09-09 00:54:50",919.4,2,clarkkitchen
4256,16770927,kaptaan45,"2026-08-28 08:06:32",919.2,2,kaptaan45
4257,16765154,dreamcxy,"2026-08-31 03:54:16",919.0,2,dreamcxy
4258,16662222,MinerUNLEASHED,"2026-08-24 16:28:40",918.9,2,minerunleashed
4259,16630516,"Seb (allegedly)","2026-09-09 09:22:48",917.6,2,sebmallia
4260,16860049,Himanshu,"2026-09-15 12:12:33",917.6,2,himanshuffbfujbf
4261,16800775,SunSeeker染汐,"2026-09-01 16:47:33",917.5,2,sunseekerrx
4262,16638019,Randynho,"2026-09-15 16:13:30",917.4,2,randynho
4263,16689569,JovanaLab,"2026-08-27 22:43:51",917.1,2,"choonesenlu,joxitsai"
4264,16775771,"Ewia Tng","2026-09-09 04:57:46",917.0,2,ewiatng
4265,16764206,yanjixiang,"2026-08-25 11:37:34",917.0,2,yanjixiang
4266,16773320,kaka,"2026-09-17 08:53:18",916.7,2,kakawin
4267,16690308,"Fatima Sarhan","2026-09-29 14:20:44",916.7,2,fatimasarhan
4268,16669403,mrgrishninsb,"2026-09-13 13:22:10",916.5,2,mrgrishninsb
4269,16732484,tanzaku,"2026-09-06 07:58:50",915.8,2,tanzaku
4270,16756630,Shreyas,"2026-08-30 09:58:08",915.8,2,shreyasdongre25
4271,16621831,"Tsung-Yeh, Hsieh","2026-09-09 18:31:09",915.6,2,"tsungyehhsieh,xinyuloong"
4272,16689274,Anyeson,"2026-09-18 12:04:00",915.6,2,anyeson
4273,16805609,Gleb,"2026-09-01 22:11:48",915.5,1,korelin
4274,16669810,CREART,"2026-08-29 16:06:18",915.0,2,gustardust
4275,16674310,"Ayaz Ahmed Kazi","2026-08-29 18:49:13",914.7,2,ayazahmedkazi
4276,16635681,"Shubham Phapale","2026-09-05 12:46:36",914.4,2,shubhamphapale
4277,16760656,CharTFboy,"2026-08-24 09:19:37",913.2,2,chartfboy
4278,16732221,ringbearer,"2026-09-27 00:04:05",913.1,2,mehmetbarankrat
4279,16770998,ket,"2026-08-31 22:14:53",912.5,2,kentken
4280,16707590,KOBLIH,"2026-09-30 20:43:42",912.3,2,"kristosorestisbalil,liherexhmati"
4281,16764738,Lucasty,"2026-08-25 07:04:36",912.3,2,lucaswty
4282,16748000,"Rohit Raj Singh","2026-09-15 13:50:22",912.3,2,rohitrajsingh555
4283,16672202,HealthStone,"2026-08-29 21:04:07",911.6,2,healthstone
4284,16652912,"Kyle Ellard","2026-09-04 11:51:13",911.6,2,kyleellard
4285,16665753,"Mansour A. S. Ataa","2026-08-26 10:28:34",911.4,2,profmansoor
4286,16666054,Ani,"2026-09-04 21:33:20",911.3,2,anirudhk333
4287,16778808,"Candace Dudleson","2026-08-31 23:19:12",911.3,2,candacedudleson
4288,16790233,"prateek chandra","2026-08-30 15:55:55",911.3,2,prateekchandra7005
4289,16769028,"Rishabh Yadav","2026-09-17 01:59:59",911.2,2,riishabhhh
4290,16741826,StackKnight,"2026-08-28 02:12:12",911.0,2,stackknight
4291,16832186,"Noah Öksüz","2026-09-15 13:38:56",910.8,2,noahksz
4292,16698340,"Yanxi Jiang","2026-08-26 03:24:55",910.7,2,yanxijiang
4293,16938353,"Damilola Oladapo","2026-09-30 12:00:35",910.7,2,wizardskull
4294,16765313,Hosuke,"2026-09-01 04:19:31",910.6,1,hosuke
4295,16675831,"Thayaparan Kumarakuru","2026-09-24 17:34:36",910.5,2,"kavishkasubashana,mrkala,thayaparankumarakuru"
4296,16769082,"Little Xi","2026-08-26 03:31:32",909.8,2,littlexi0
4297,16692744,"VAIBHAV RASTOGI 90","2026-09-03 23:43:33",909.6,2,vaibhavrastogi90
4298,16784611,sardarkhanyadav,"2026-08-28 16:45:33",909.5,2,sardarkhanyadav
4299,16764431,"William Diment","2026-09-14 07:50:42",909.1,2,williamdiment
4300,16902856,"Laura Vanegas Torres","2026-09-29 03:11:27",908.8,2,lauravanegastorres
4301,16666195,"Yihan Guo","2026-08-28 08:44:06",908.1,2,yihanguo
4302,16691506,Dipak_ISM,"2026-08-29 13:07:18",907.7,2,dipakism
4303,16752121,adhsdrtjh,"2026-08-23 15:02:25",907.6,2,adhsdrtjh
4304,16627472,CloverFarm,"2026-09-08 13:23:55",907.3,2,ljs2546
4305,16766941,"S Kim","2026-09-10 22:16:57",907.0,2,sunnyk92
4306,16667147,"Daksh Bhalala","2026-08-26 06:41:04",906.9,2,dakshbhalala
4307,16770397,Ryu,"2026-09-03 20:15:16",906.9,2,bexultanashenov
4308,16744905,"Nator X","2026-08-26 22:15:29",906.3,2,natorx
4309,16677577,"Harsha Vardhan Konisa","2026-09-30 19:25:51",905.5,2,harshavardhankonisa
4310,16894622,"Matthew B","2026-09-23 08:29:26",905.3,2,mcb68945
4311,16762537,Controlvector,"2026-08-25 08:28:11",905.1,2,"controlvector,yxdu01"
4312,16712432,hengck23,"2026-08-25 17:58:30",904.9,2,hengck23
4313,16630323,kaggricultureomnidimensionalut,"2026-08-28 10:51:28",904.9,2,kumarandatascientist
4314,16738279,zhangshuosc,"2026-08-26 05:11:57",904.9,2,zhangshuosc
4315,16662651,CoatiAI,"2026-09-16 11:06:40",904.4,2,gjhordan
4316,16685450,Nadeem,"2026-08-25 09:21:14",903.6,2,nadeembinshajahan
4317,16758791,"qw yi123","2026-09-22 13:41:44",903.5,2,qwyi123
4318,16755921,"Natnael Yerga","2026-08-24 16:43:22",903.2,2,natnaelyerga
4319,16791549,"Eugenio Schiavoni","2026-08-31 19:14:40",903.2,2,eugeniokukes
4320,16733708,RyanHo,"2026-08-29 03:59:12",903.1,2,ryanrx
4321,16738461,monnosuke,"2026-09-30 13:09:12",903.0,2,shiomi1012
4322,16753125,"Rudransh Singh Rathore","2026-08-26 03:10:23",902.2,2,rudranshsinghrathore
4323,16758634,Ernnnn4u,"2026-08-24 17:00:46",902.1,2,ernnnn4u
4324,16734699,PangMinShih,"2026-08-28 08:39:27",902.1,2,shihbonbon
4325,16654526,"Jin Niu","2026-08-26 18:25:33",901.7,2,gufanmingmie
4326,16709203,Ayush_Patel,"2026-08-25 03:34:12",901.6,2,ayushpatel1305
4327,16742232,"Prema Ananda","2026-09-18 15:40:40",901.5,2,premaananda108
4328,16755244,SZU蓝心,"2026-09-01 11:50:45",901.4,2,jiazhanliu
4329,16845582,"Julio Cesar Filho","2026-09-08 06:10:03",901.1,2,juliocesarfilho
4330,16783630,"fan yanbing","2026-08-30 11:33:12",901.1,2,jackpudding
4331,16662696,"Cengizhan Tümer","2026-08-31 20:54:21",900.9,2,cengizhantmer
4332,16722731,"E&M Pioneer","2026-08-30 11:18:55",900.9,2,hzq2004
4333,16700298,tmgf,"2026-09-30 22:29:16",900.8,2,tiagomgfernandes
4334,16729906,"Krzysztof Madziar","2026-08-28 05:05:13",900.5,2,krzysztofmadziar
4335,16748907,EdwardHwang@123,"2026-08-24 15:32:00",900.1,2,edwardhwang123
4336,16661772,R3ddrag0n,"2026-09-02 19:43:09",899.9,2,r3ddrag0n
4337,16842071,buddyY26,"2026-09-07 13:06:08",899.9,2,buddyy26
4338,16782984,crinoid,"2026-09-02 10:59:06",899.3,2,takemi
4339,16771994,"Jaden Tang","2026-09-15 09:28:23",899.3,2,"aayanshah,jadentang17"
4340,16745499,"lurs lurs","2026-09-30 07:44:01",899.2,2,lurslurs
4341,16699488,"Kelvin Lai","2026-09-30 19:47:53",898.3,2,kelvin84hk
4342,16761788,"Corenthin Buffard","2026-08-26 13:16:28",898.1,2,cbuffard
4343,16699772,MrAnalyst,"2026-09-05 10:43:49",897.3,2,mranalyst
4344,16675777,"Ml BOY","2026-09-07 18:15:38",897.3,2,mlboy1
4345,16772803,"Linneu Holanda","2026-09-25 02:25:46",897.2,2,linneuholanda
4346,16664379,N_Matsumoto24,"2026-09-30 09:38:53",896.9,2,nmatsumoto24
4347,16657817,"rohith sai midigudla","2026-09-30 19:52:37",896.8,2,rohithsaimidigudla
4348,16634153,AnpAn_Men,"2026-08-29 19:47:31",895.8,2,anpanmen
4349,16733932,"Jasper Turnidge","2026-08-24 06:36:23",895.7,2,jasperturnidge
4350,16693663,"YoungCheol Son","2026-08-27 00:51:34",895.7,2,sonyc5720
4351,16793261,Von_Feynman,"2026-08-30 13:35:43",895.6,1,terrenceluo1017
4352,16762940,"Davide Andreolli","2026-09-29 13:27:24",895.2,2,davideandreolli
4353,16764545,ArX,"2026-08-24 09:44:45",895.1,2,arx1993
4354,16904612,"Naveen Reddie","2026-09-18 04:19:28",893.7,2,naveenreddie
4355,16715579,Uvais,"2026-08-24 00:58:56",893.5,2,joshuaedwinjacobv24f
4356,16748647,"Adar Cohen","2026-08-24 21:27:43",893.5,2,adarcohen
4357,16727214,"Jaivardhan Raahi","2026-09-24 04:34:53",893.4,2,jaivardhanraahi
4358,16885658,Mio,"2026-09-30 14:40:20",893.0,2,mio114
4359,16752733,zjukop1,"2026-08-25 03:29:28",892.6,2,zjukop1
4360,16664477,"The T-MAN","2026-08-26 18:51:40",892.5,2,otmaneelmahda
4361,16691154,UnknownRobi,"2026-08-31 22:50:27",892.3,2,canrobichaud
4362,16751992,Coding4Fun07,"2026-09-30 20:03:46",892.0,2,coding4fun07
4363,16822583,"TA ME CHEM","2026-09-13 09:26:11",892.0,1,tamechem
4364,16665337,BHackers,"2026-08-26 17:13:11",891.8,2,clarencepagaduan
4365,16639796,rmizuta,"2026-08-28 15:07:43",891.7,2,rmizuta
4366,16740392,"Amey Thakur","2026-08-25 12:01:41",891.3,2,ameythakur20
4367,16840001,agheieff,"2026-09-05 13:16:29",890.5,1,agheieff
4368,16740159,CY,"2026-09-05 09:33:08",890.2,2,aimeny
4369,16707193,"radji kraim","2026-08-26 11:53:17",890.0,2,radjikraim
4370,16675610,"Srikar Medisetti","2026-08-30 12:06:25",889.9,2,deathaunter
4371,16848720,嘎达嘎达,"2026-09-08 07:39:07",889.8,1,eggyeggygggy
4372,16732851,chenry2003,"2026-08-24 02:27:53",889.8,2,chenry2003
4373,16861578,Markura,"2026-09-19 04:56:28",889.7,2,markura
4374,16704603,Tmaxxer,"2026-08-28 14:45:38",889.2,2,tmaxxer
4375,16856449,Sting,"2026-09-16 17:12:20",889.2,2,sarlnovax
4376,16779063,"Yendrew Y","2026-09-30 14:31:30",888.9,2,yendrewy
4377,16732586,Juniex,"2026-09-30 23:00:13",888.9,2,"juniex,shirleyshirleyye"
4378,16807054,"JSU xiaopoche","2026-09-03 06:35:02",888.8,1,xhmuvw
4379,16625339,kazusw,"2026-09-23 06:28:56",888.7,2,kazusw
4380,16769795,"Edi Marian","2026-08-25 11:01:09",888.5,2,edimarian
4381,16846297,"Zihan Ni","2026-09-07 08:06:53",887.6,2,lunangai
4382,16757417,otter_0714,"2026-09-29 14:15:51",887.6,2,otter0714
4383,16691247,"Aneesh Rao","2026-08-27 17:11:07",887.5,2,sidrao2006
4384,16761019,"yiwen hou","2026-08-25 14:48:43",887.5,2,hevenhina
4385,16838736,"kauan cassiano","2026-09-05 06:42:48",887.0,1,kauancassiano
4386,16770299,"أحمد فهد الربيش","2026-08-25 09:55:13",886.9,2,ghr111
4387,16762139,AltriaE,"2026-08-25 15:27:52",886.6,2,altriae
4388,16737843,"Muhammad Shoaib Memon","2026-08-23 19:52:52",886.3,2,muhammadshoaibmemon
4389,16870771,wangxt1,"2026-09-11 06:19:14",886.3,2,wangxt1
4390,16778489,dataWr3cker,"2026-08-28 20:40:52",886.2,2,gourabr0y555
4391,16933477,curlybaboon,"2026-09-21 12:52:19",886.1,2,curlybaboon
4392,16767625,"Saurabh Yadav","2026-08-24 17:56:22",886.0,1,saurabhyadav1305
4393,16879133,xiepengo,"2026-09-13 14:05:18",885.7,2,xiepengo
4394,16707749,Yuzu,"2026-09-04 10:22:41",885.6,2,yuzuoctopus
4395,16755091,Charlie,"2026-09-30 20:44:16",885.5,2,zephyrlennox
4396,16716549,notoverkil,"2026-08-28 08:16:38",885.4,2,notoverkil
4397,16875537,HeIIo.Darkness,"2026-09-13 23:22:12",885.3,2,heiiodarkness
4398,16664566,"Lormann ","2026-08-23 06:24:29",885.3,2,lormann
4399,16672095,"Friaseus ","2026-09-30 20:41:20",885.1,2,friaseus
4400,16945082,"Colin's COK and Friends","2026-09-29 14:29:55",884.7,2,"emartinez22,genericcname,sammchargue"
4401,16774410,"Rishabh Roy","2026-08-26 09:01:38",884.5,1,rishabhr0y
4402,16779780,SiVitr2fDrXS.2N,"2026-08-30 15:06:17",884.4,2,sivitr2fdrxs2n
4403,16744043,Take,"2026-08-23 14:17:27",884.3,2,takeuchidaisuke2001
4404,16768955,Hunedjekdsfkd,"2026-08-25 03:56:30",884.2,1,hunedjekdsfkd
4405,16730179,anmadev,"2026-09-30 23:38:14",884.0,2,anmadev
4406,16886319,novacryptic,"2026-09-13 12:37:51",883.8,2,novacryptic
4407,16732446,"Nuri DUDAK","2026-08-29 09:00:59",883.4,2,nuridudak
4408,16876214,Yunfei_Z,"2026-09-17 16:32:21",883.3,1,zhaoyunfei
4409,16746112,"Jonathan Martschinke","2026-08-24 08:52:51",883.1,2,jonathanmartschinke
4410,16724228,LSS0334,"2026-08-26 00:15:54",883.1,2,lss0334
4411,16733576,"Ojas Aklecha","2026-08-17 18:34:02",882.4,2,ojasaklecha
4412,16759705,2nod,"2026-09-19 02:17:04",882.2,2,tsunoten
4413,16663569,XYZ,"2026-09-27 12:56:02",882.0,2,h249748fkv7lyhik897
4414,16658500,"abhinav rai1","2026-09-26 21:08:47",881.9,2,abhinavrai1
4415,16838843,"qiu ji123","2026-09-12 02:58:46",881.5,2,qiuji123
4416,16621741,"Andrey Naymushin","2026-08-24 09:46:41",881.4,2,andrewsokolovsky
4417,16658245,ziliangCok,"2026-08-28 16:08:13",880.1,2,ziliangcok
4418,16730449,S.Y.,"2026-09-25 17:12:44",879.9,2,sysd00
4419,16732104,sizumita,"2026-09-12 01:21:14",879.6,2,sizumita
4420,16925475,AdrianValerio,"2026-09-20 04:21:19",879.5,2,adrianvalerio
4421,16657553,graceyunliu,"2026-09-16 02:43:23",879.4,2,graceyunliu
4422,16698576,monnu,"2026-08-19 05:55:01",879.4,1,fuumin621
4423,16732381,Raphdraft,"2026-09-03 01:11:34",879.3,2,raphdraft
4424,16666468,"J Penman","2026-09-09 07:04:10",879.0,2,jpenman
4425,16729225,"Aayush Sigdel","2026-09-03 15:47:50",878.8,2,aayushsigdel
4426,16692272,Ddere008,"2026-08-21 18:43:56",878.5,2,ddere008
4427,16629403,Galza98,"2026-09-20 06:26:24",877.9,2,galza98
4428,16711928,Leraaaa,"2026-09-26 11:32:14",877.2,2,leraaaa
4429,16726994,bird,"2026-08-23 05:00:19",877.1,2,whitebird
4430,16663767,"Tommy Mancino","2026-08-31 23:03:57",877.1,2,tommymancino
4431,16661423,"Rishavendra Sharma","2026-09-30 13:04:06",876.8,2,rishavendrasharma
4432,16857747,ru-shao,"2026-09-30 08:25:50",876.7,2,"shaoxw,souwaka"
4433,16663445,"ali dzaki","2026-09-13 14:59:25",876.5,2,alidzaki
4434,16664002,"Guilherme Zanini de Sá","2026-09-30 21:17:16",876.5,2,guilhermezaninides
4435,16780130,与君作田,"2026-08-29 14:01:35",876.4,2,zhaoxi1244
4436,16848207,vlad,"2026-09-15 11:56:09",876.3,2,khizanov
4437,16743124,"Leo's Demiurge","2026-09-08 15:06:04",876.3,2,jelurge
4438,16743016,"MD Zeeshan","2026-08-20 18:13:32",876.2,2,makrovh
4439,16739898,"solo levelling","2026-08-18 21:08:16",876.0,2,munibmemon
4440,16742228,"bangqun ZHAO","2026-08-27 05:20:56",875.7,2,bangqunzhao
4441,16729691,YinuoChen271,"2026-08-17 15:42:51",875.4,2,yinuochen271
4442,16670297,"Gebreab K. Zewdie","2026-08-26 00:22:15",875.3,2,gzewdie
4443,16655718,eveyxy,"2026-09-05 08:58:28",875.2,2,eveyxy
4444,16823751,"Tyler Knecht","2026-09-29 06:50:29",875.1,2,tknecht
4445,16665214,Epiphany_Thu,"2026-08-21 12:06:53",874.2,2,epiphanythu
4446,16713007,"Jerry Hwa","2026-09-23 11:52:48",874.1,2,"jerryhwa,richarrdyu"
4447,16732792,amaotone,"2026-08-20 14:27:36",874.0,2,amaotone
4448,16766320,vp_mass,"2026-08-25 20:19:08",873.9,2,vpmass
4449,16675704,reeemii,"2026-08-26 08:51:15",873.5,2,reeemii
4450,16830753,"youyi li","2026-09-06 02:50:01",872.9,2,liyouyi
4451,16753831,zhangjiaweii,"2026-09-04 07:26:21",872.6,2,zhangjiaweii
4452,16841536,"Berkay Hasret","2026-09-07 00:29:45",872.5,2,berkayhasret
4453,16736250,Yizhi,"2026-08-31 06:03:48",872.4,2,yizhitao
4454,16623736,Garigariyong,"2026-09-01 04:31:17",872.3,2,garigariyong
4455,16651088,ych~sun,"2026-09-11 13:06:05",872.3,2,ychsun
4456,16742048,SuperGiantLam,"2026-08-25 02:08:17",872.1,2,zptpsz
4457,16654021,"Swachhith B","2026-08-24 08:40:04",871.6,2,swachhithb
4458,16756925,"Dread Development","2026-09-05 11:38:51",871.3,2,"dreaddevelopment,seanornberg"
4459,16738721,"Luan Kunyu","2026-09-04 07:05:21",871.2,2,luankunyu
4460,16841344,"Abdoul Ahad Diop","2026-09-10 20:22:54",870.6,2,abdoulahaddiop
4461,16712943,"Cesar Marcondes","2026-09-04 13:20:02",870.1,2,cmarcond
4462,16750457,"Adrian Ricardo da Silva","2026-08-25 11:21:43",870.0,2,adrianricardodasilva
4463,16794205,"kiwi apple","2026-09-01 18:56:25",869.7,2,kiwiapple
4464,16668721,"Efe Can Celiksoy","2026-08-13 22:00:41",869.5,2,efecnc
4465,16685160,Yura,"2026-08-17 07:27:50",869.5,2,yuratrubitsyn
4466,16725304,"Alexandru A","2026-08-29 07:34:25",869.0,2,alexandrua01
4467,16941390,yukikotani,"2026-09-25 00:00:27",869.0,2,yukikotani2231
4468,16709824,pizzahut,"2026-09-19 20:23:22",869.0,2,csalazoltntams
4469,16756750,Charu,"2026-08-22 00:45:03",868.9,2,charu13a
4470,16728067,"Chenzhao Li","2026-08-18 08:04:21",868.8,2,heartquest
4471,16709246,"Tariku Mehdi","2026-09-03 00:25:56",868.7,2,tarikumehdi
4472,16754560,Kam,"2026-08-21 14:02:39",868.7,1,kamting
4473,16707561,"Nick Rom111","2026-09-29 10:52:48",868.5,2,nickrom111
4474,16712535,"Benjamin Beaujard","2026-08-18 11:03:03",868.3,2,benjaminbeaujard
4475,16662819,THeLAB,"2026-09-25 16:30:40",868.0,2,feuorme
4476,16658983,"Titi Huang","2026-09-19 03:19:15",867.5,2,titihuang
4477,16736969,"york li13","2026-08-19 01:07:02",867.2,2,yorkli13
4478,16729554,"JingSong Yang","2026-08-28 05:33:55",867.0,2,jingsongyang
4479,16759075,"Michael Day","2026-08-24 10:38:52",866.9,2,michaelday99
4480,16630839,steubk,"2026-09-25 05:24:44",866.6,2,steubk
4481,16666165,ChrisLeiteScha,"2026-08-24 15:20:36",866.5,2,chrisleitescha
4482,16666665,Team-Veraxion,"2026-08-31 08:24:24",865.9,2,"anuragvelekat,ayushiitomar,faizmemon,hariharigandikota"
4483,16765215,"arlenjim ","2026-08-24 19:32:48",865.9,2,arlenjim
4484,16716697,"Habil Tobi","2026-08-28 20:57:52",865.7,2,habiltobi
4485,16705328,"Ester Arias","2026-09-29 15:26:07",865.4,2,esterarias
4486,16724351,"Luxshan Thavarasa","2026-08-24 09:58:38",865.3,2,luxluxshan
4487,16771843,"Surekha Ramireddy","2026-09-01 15:34:18",865.1,2,surekharamireddy
4488,16769769,"Artur Shafiev","2026-08-29 05:29:31",864.8,2,arturshafiev
4489,16735075,"Ronchen Luo","2026-08-18 04:29:47",864.8,2,ronchenluo
4490,16755071,"Varun Rao","2026-08-26 18:46:59",864.7,2,varunraosfanlkan
4491,16655877,"Harish K","2026-08-25 19:09:49",864.7,2,harishk2209
4492,16805870,"Ngo Trung","2026-09-12 17:12:53",864.5,2,trungngotdt
4493,16739363,kulukkuluu,"2026-09-29 14:51:31",864.4,2,kulukkuluu
4494,16664128,"Michael Todd Overdorf","2026-08-17 00:32:51",864.4,2,michaeltoddoverdorf
4495,16792329,"Kumkum Barot","2026-09-30 09:23:48",864.2,2,kumkumbarot02062003
4496,16738657,Mactorr,"2026-09-02 22:44:15",864.2,2,mactorr
4497,16754086,Beenvvv,"2026-08-25 05:57:29",864.2,2,beenvvv
4498,16708185,XiaoYan12,"2026-09-13 17:57:28",863.8,2,xiaoyan12
4499,16757903,"Om Singh","2026-08-27 07:05:06",863.7,1,spoilyfrog
4500,16738745,"Anh Quân","2026-08-24 13:41:30",863.6,2,qunanh
4501,16716081,"dunky su","2026-08-23 06:36:50",863.5,2,dunkysu
4502,16753618,mushichou4,"2026-08-22 10:20:51",863.4,2,mushichou4
4503,16725346,sokoranohimazin,"2026-08-18 19:39:07",863.3,2,sokoranohimazin
4504,16665336,"maoyuan ma","2026-08-18 11:41:09",863.2,2,maoyuanma
4505,16708965,"Witold Dziurdz","2026-09-30 14:47:48",862.8,2,witolddziurdz
4506,16743790,"yuji y","2026-08-28 10:53:06",862.5,2,yujiyyy
4507,16661352,"Porch Goose","2026-08-21 02:52:24",861.9,2,jaclyndeem
4508,16693193,"Efrain Garay","2026-09-04 20:55:13",861.8,2,efraingaray7
4509,16660492,"Deven Bagul","2026-08-29 11:56:30",861.6,2,devenbagul
4510,16639250,"Hamed Seyed-allaei","2026-08-21 19:11:09",861.6,2,pinocchio
4511,16733297,sohasoha42,"2026-08-18 17:50:51",861.5,2,sohasoha42
4512,16745312,"Alexie Huynh","2026-08-22 08:27:27",861.3,1,alexiehuynh
4513,16724452,Jay,"2026-08-20 00:34:34",861.0,2,jayshimada
4514,16664683,"Halapeño Farms","2026-09-14 00:35:12",860.4,2,haladaj
4515,16736138,Anand,"2026-08-21 06:00:12",860.2,2,gazzal
4516,16774237,"Dennis SH Lai","2026-08-30 17:21:31",859.7,2,dshihlai
4517,16654548,DataSluts,"2026-08-28 07:00:12",859.6,2,"rahulmedida,siddarthnayak50,sivasu07"
4518,16685074,"Emir Can","2026-08-30 20:16:36",859.4,2,aerospacer
4519,16719414,SahilKumarTolani,"2026-09-10 16:16:07",859.4,2,sahilkumartolani
4520,16719006,bouiboui,"2026-08-20 18:55:02",859.3,2,bouiboui
4521,16743904,minamoto,"2026-08-25 16:53:16",859.1,2,usermina
4522,16728901,dqvide,"2026-08-17 19:53:39",859.1,2,dqvide
4523,16726011,"Dawid Fleischer","2026-08-25 18:37:25",859.0,2,dawidfleischer
4524,16726281,rperez04,"2026-08-22 23:15:13",858.9,2,rperez04
4525,16730320,Rosebuddychomp,"2026-09-12 07:54:11",858.8,2,rishabhshetye
4526,16725432,Ezra,"2026-09-10 21:42:30",858.8,2,ezberch
4527,16720720,道海孤舟,"2026-08-21 06:59:41",858.6,2,unseenanch
4528,16764422,"ong bee","2026-09-09 02:25:57",858.6,2,ongbee
4529,16759813,tyf_scu,"2026-08-23 17:11:18",858.5,2,tyfscu
4530,16793229,"Waseem Mushtaq","2026-08-30 13:38:14",858.2,1,waseemmushtaq045
4531,16714498,Zubekanov,"2026-08-18 01:14:49",858.1,2,zubekanov
4532,16716991,XristosFilip,"2026-08-18 16:43:34",857.8,2,xristosfilip
4533,16709295,"Isaac Owomugisha","2026-08-20 16:22:52",857.7,2,cmplxxyttmt
4534,16692639,"Bharat Kumar0925","2026-09-04 19:52:25",857.2,2,bharatkumar0925
4535,16722330,"Jean-Louis Roy","2026-08-31 07:44:08",857.0,2,jeanjean111
4536,16740399,"Lynn Pigott","2026-08-24 03:32:08",856.9,2,lynnpigott
4537,16729273,"Munib Ur Rehman Memon","2026-08-24 20:48:08",856.9,2,muniburrehmanmemon
4538,16763813,Sydney,"2026-09-26 01:39:40",856.8,2,n3yan7
4539,16671694,evananann,"2026-08-19 07:46:36",856.6,2,evananann
4540,16646679,tong00,"2026-08-17 12:02:11",856.5,2,tong00
4541,16743216,xerkey,"2026-09-08 13:52:41",856.4,2,xerkey
4542,16715244,uri_kkyhr,"2026-08-15 04:53:37",856.4,2,urikkyhr
4543,16763444,"crazy achiever","2026-08-28 18:51:13",856.3,2,crazyachiever
4544,16634093,gezi,"2026-09-09 08:07:03",856.3,2,goldenlock
4545,16839557,Superspork,"2026-09-08 03:25:46",856.1,1,superspork
4546,16710128,"KeHao Liu","2026-08-14 01:52:29",856.1,2,kehaoliu
4547,16675905,HydFarms,"2026-08-30 11:22:11",856.1,2,"kumaramar,ronithjaju,shiveshcgatech,vidhishah115"
4548,16698930,MrKiwi,"2026-08-19 09:34:31",856.0,2,mrkiwi
4549,16652750,"Bahadir Selim Bakla ","2026-09-27 18:52:35",856.0,2,bahadirselimbakla
4550,16758152,MiguelLFCG,"2026-08-30 11:20:49",855.9,2,miguellfcg
4551,16656584,Spintronic,"2026-08-19 15:24:17",855.8,2,spintronic
4552,16643125,"CARLOS CAADA ROSTRO","2026-08-21 19:23:34",855.8,2,carloscaadarostro
4553,16693934,evnchn,"2026-08-23 15:41:50",855.7,2,evnchn
4554,16680065,Vishodhan,"2026-08-14 23:46:15",855.6,2,vishodhan
4555,16724233,"Rafal Porwol","2026-09-24 22:02:55",855.5,2,rafalporwol
4556,16663590,"Jakub Dolének","2026-08-13 13:08:32",855.5,2,dolenek
4557,16844277,"Akash Chanran","2026-09-09 16:48:32",855.3,2,"akashchanran,shruti9345"
4558,16729372,"Gaspard Plt","2026-08-17 21:58:55",855.3,2,gaspardplt
4559,16722319,"༺ANIS YT༻","2026-08-19 13:08:47",855.2,2,anisyt
4560,16779275,XuetingWang,"2026-09-01 08:50:53",855.1,2,snoopy262
4561,16697922,TingyuanLi277,"2026-08-21 03:39:03",855.0,2,tingyuanli277
4562,16778410,"uriel villegas govea","2026-08-28 00:25:47",855.0,2,urielvillegasgovea
4563,16724262,"Obu obu","2026-08-15 10:48:05",854.9,2,obuobu
4564,16716930,"Direc M","2026-08-31 04:54:06",854.8,2,direcm
4565,16689601,"Prathmesh Adsod","2026-08-18 03:55:13",854.3,2,prathmeshadsod
4566,16653379,"Asakawa Ruriko","2026-08-30 00:31:08",854.2,2,asakawaruriko
4567,16684075,"Tianfang Li","2026-09-25 02:41:25",854.1,2,tianfangli1
4568,16765953,"Muhammad Ahmed","2026-08-26 13:46:48",854.1,2,muhammad4hmed
4569,16725441,lemon1219,"2026-08-21 15:37:35",853.9,2,lemon1219
4570,16697458,"Lissandra Kruse Fuganti","2026-09-01 15:19:00",853.5,2,lissandrakruse
4571,16632164,"Tim Shini","2026-08-30 18:04:29",853.4,2,timshini
4572,16698223,"Feng Jiahui","2026-08-18 08:35:04",853.3,2,junipersky
4573,16670791,Hugelidus,"2026-08-25 03:43:18",853.2,2,hugelidus
4574,16694091,"Nan Leng","2026-08-23 07:41:41",853.0,2,nleng66ca
4575,16841296,Flesymevoli,"2026-09-06 08:49:58",852.9,2,flesymevoli
4576,16675503,"Jeff Marc E. Cadet","2026-08-30 17:56:07",852.5,2,jeffmarcecadet
4577,16665543,"Charan Manthena","2026-09-06 08:59:20",852.5,2,charanmanthena
4578,16870431,"Adam Brink","2026-09-11 11:09:17",852.1,2,adambrink
4579,16712185,"Vishal Khomane","2026-09-02 15:32:38",851.9,2,vishal567
4580,16696098,Valmorlee,"2026-08-23 19:40:07",851.6,2,valmorlee
4581,16790548,"Francesco Del Sesto","2026-08-31 10:47:27",851.5,2,francescodelsesto
4582,16732654,Goated_Farmers,"2026-08-23 17:09:50",851.5,2,"mugundhjb,srinathduvvuri"
4583,16724353,PrathamGupta,"2026-08-17 02:04:38",850.8,2,prathamguptaaaaaaa
4584,16623470,rurumi,"2026-09-02 05:21:15",850.7,2,rurururumi
4585,16683813,WangQrkkk,"2026-09-23 15:58:31",850.7,2,wangqrkkk
4586,16625856,takai380,"2026-09-01 02:34:05",850.3,2,takai380
4587,16724584,"Jinx JK","2026-09-30 22:32:03",850.2,2,jinxjk
4588,16625241,"Mutoy Choi","2026-09-01 07:42:20",849.6,2,mutoy1
4589,16634166,Yuki.O,"2026-08-19 01:38:42",849.4,2,yukiohkawa
4590,16709214,"Ariel Suntasig","2026-08-17 19:46:09",849.3,2,arielsuntasig2001
4591,16744127,Faiz,"2026-08-21 20:33:33",849.2,2,souraditya26
4592,16644145,"Mehdi Azouz","2026-09-07 11:22:07",848.8,2,mehdiazouz
4593,16729054,"Shantanu Kesarkar","2026-08-27 05:50:23",848.7,2,shantanukesarkar
4594,16701362,"Papa Annan","2026-08-20 21:26:39",848.7,2,papaannan
4595,16651833,"Hồ Khánh Duy","2026-08-14 17:52:23",848.6,2,hkhnhduy
4596,16735582,"Tumaini Makena","2026-08-18 06:01:09",848.6,1,tumainimakena
4597,16634172,"Mario Cicala","2026-09-05 03:06:37",848.5,2,mariocicala
4598,16658097,Sujay,"2026-09-17 06:08:01",848.3,2,sujayprodduturi
4599,16638375,"Tran H Hoang","2026-08-14 17:01:27",848.0,2,tranhhoang
4600,16670118,"Álvaro Benítez","2026-08-29 15:46:04",848.0,2,lvarobentezlvarez
4601,16739298,"ricardo assaad","2026-08-18 19:03:22",847.7,2,ricardoassaad
4602,16725335,"Chris #2","2026-08-29 15:32:47",847.6,2,kagglecompetechris
4603,16721383,"Emon xu","2026-08-21 16:14:05",847.5,2,emon0xuyym
4604,16633240,Igor,"2026-09-30 13:48:32",847.3,2,igor14497
4605,16786013,sakarush,"2026-09-02 13:17:42",847.1,2,sakarush
4606,16690970,"Raoul Biagioni","2026-08-22 06:37:40",847.0,2,raoulbiagioni
4607,16660233,ko9ma,"2026-09-08 08:42:33",847.0,2,kohojung
4608,16770884,VegetabledogNeo,"2026-08-31 01:23:25",846.6,2,vegetabledogneo
4609,16632777,"Alexandrine Cakpo","2026-08-20 10:20:22",846.5,2,alexandrinecakpo
4610,16669191,"Mohammed Nomaan","2026-09-19 19:48:47",846.5,2,nomaanz
4611,16668788,ConnieCodes,"2026-08-17 13:40:25",846.3,2,conniecodes
4612,16663240,"Rilen T. L.","2026-08-18 13:45:46",846.0,2,"jairosilvabastos,rilentl"
4613,16631595,CuteClaw,"2026-08-14 01:25:52",845.6,2,bloodmoonwq
4614,16725342,little_d1d1,"2026-08-16 04:24:39",845.5,2,littled1d1
4615,16637329,Rucbic,"2026-08-19 17:32:21",845.5,2,rucbic
4616,16634650,UnfriendlyAI,"2026-08-24 11:44:47",845.3,2,unfriendlyai
4617,16701633,"Jacob Davis","2026-08-23 15:06:50",845.3,2,jacobtdavis
4618,16678346,"Farhan Abid","2026-09-30 18:11:21",845.2,2,farhanabidtech786
4619,16892971,BeachedRobot,"2026-09-30 22:20:19",844.9,2,beachedrobot
4620,16738899,Grayden_Lee,"2026-08-21 11:42:07",844.8,2,haozelii
4621,16675161,iVl44d,"2026-09-24 11:18:03",844.7,2,ivl44d
4622,16727842,"Iadh Jarray","2026-08-17 13:45:11",844.7,2,iadhjarray
4623,16653129,"Prashanth Reddy Biyyani","2026-08-20 13:53:37",844.6,2,"prashanthbiyyani,shivagurrala,sumu1526"
4624,16687068,digiliwigili,"2026-08-22 12:49:07",844.6,2,kukchyievervin
4625,16784133,"HASNAIN HAIDER","2026-09-01 17:02:27",844.5,2,techzero
4626,16727379,"Nicholas Chua","2026-08-20 16:28:44",844.1,2,nickckb
4627,16623445,"Hasin Raihan Dhrubo","2026-08-16 09:28:12",844.0,1,hasinraihandhrubo
4628,16666057,StopPlantingStartGameTheorying,"2026-09-08 07:53:27",843.8,2,mymelodyenjoyer
4629,16722303,JohannPongratz,"2026-09-10 08:07:38",843.8,2,johannpongratz
4630,16715506,"Moo Point","2026-08-17 21:44:26",843.6,2,"gnarlycow,tianmeiwang"
4631,16721070,LiuChen1350,"2026-08-26 05:30:30",843.5,2,liuchen1350
4632,16636094,Hax2456,"2026-08-15 10:05:01",843.2,2,hax2456
4633,16622367,mg,"2026-08-23 17:49:21",843.1,2,"egorkashpar,sashaboriskin,smooky"
4634,16705176,"Ruslan Raupov","2026-08-20 09:10:24",843.1,2,ruslanraupoff
4635,16661784,"XU XUXIANG","2026-08-27 12:57:06",843.0,2,"mikeaaaa14,xuxuxiang"
4636,16727191,"Alexander Kokshenin","2026-08-20 02:08:15",842.9,2,kokshenin
4637,16662940,"The Coder Geek Squad Leader","2026-08-17 09:23:58",842.9,2,soulemaneisissifou
4638,16653890,YUKRUB,"2026-09-11 08:55:14",842.9,2,yukrub
4639,16622627,"Erik van de Ven","2026-09-23 14:18:28",842.9,2,erikvdven
4640,16731432,sieradni,"2026-09-01 06:12:00",842.7,2,sieradni
4641,16680967,Tyooughtul,"2026-08-16 00:58:06",842.7,2,yooughtul
4642,16638177,stpete_ishii,"2026-08-30 05:35:41",842.6,2,stpeteishii
4643,16726071,"PDF ULTRA","2026-08-20 19:36:33",842.2,2,"alengevorgyan,gab0yan"
4644,16728914,d0gied,"2026-08-17 15:12:08",841.7,2,d0gied
4645,16726115,helloworld311,"2026-08-17 05:52:20",841.5,2,helloworld311
4646,16718947,"Dani Ortega","2026-08-25 07:07:35",841.5,2,daniortega99
4647,16672003,carlscamt,"2026-08-14 17:19:42",841.4,2,carlscamt
4648,16635317,"KAKA Minishijie","2026-08-26 04:36:55",841.1,2,kakaminishijie
4649,16708624,"Aboubacar HEMA","2026-08-19 14:24:02",841.1,2,"aboubacarhema,marcmare,wilfredkouadjo"
4650,16752018,三浦桂基,"2026-08-30 04:00:30",841.0,2,keikipc
4651,16771277,zhaowenyi7,"2026-08-31 09:18:04",841.0,2,zhaowenyi7
4652,16890232,"Yihan Guo #2","2026-09-18 02:40:07",840.7,2,kagglebushswill
4653,16665125,"David Schindler15","2026-08-14 04:58:39",840.7,2,"davidschindler15,mz3207"
4654,16665927,"bhavya shah","2026-08-17 11:06:22",840.6,2,bhavyashah007
4655,16667843,"durgesh dere","2026-08-21 16:10:13",840.6,2,durgeshdere08
4656,16715024,"Ömer Özbek","2026-08-22 13:50:34",840.5,2,omerozb
4657,16697223,"Azizii Gill","2026-09-09 21:27:12",840.4,2,aziziigill
4658,16943744,"Quinn Cossette","2026-09-23 20:34:13",840.4,2,quinncossette
4659,16690612,"Mina Gayid","2026-08-16 12:59:16",840.3,2,minagayid
4660,16709529,alhlbx5,"2026-09-03 22:48:54",839.9,2,alhlbx5
4661,16721947,groots,"2026-08-16 06:32:40",839.9,2,muhammadismail433
4662,16677592,keniii,"2026-08-25 00:29:31",839.7,2,kartheeswaran28
4663,16672653,Cultuurstelsel,"2026-08-13 16:59:47",839.7,2,ryuorlandotamin
4664,16668700,"Pranshu Ghori","2026-08-17 22:02:35",839.4,2,pranshughori
4665,16715319,ocha_heaven,"2026-08-19 13:10:14",839.4,2,ochaheaven
4666,16828844,"SHOUHEI IKEDA","2026-09-06 23:29:56",839.3,2,shouheiikeda
4667,16699745,"Norbert Szolnoki","2026-08-18 11:39:55",839.3,2,norbertszolnoki
4668,16698214,Juandix,"2026-08-18 03:35:51",839.2,2,juandix
4669,16677945,"Quân Trần","2026-08-25 06:43:39",839.1,2,wuntrn
4670,16666939,20237208_黄奕恺,"2026-08-22 12:53:27",838.8,2,mrhuangyy
4671,16664120,SaiDuttaAbhishekDash,"2026-08-21 20:30:01",838.6,2,saiduttaabhishekdash
4672,16666033,"Shota Takano","2026-09-30 12:58:43",838.5,2,shotatakano
4673,16722120,nekoha,"2026-08-15 15:01:16",838.4,2,nekoha
4674,16785505,"Rishiraj Acharya","2026-09-08 04:26:42",838.3,2,rishirajacharya
4675,16636079,"Pawan Rama Mali","2026-09-30 15:44:53",838.1,2,pawanmali
4676,16715628,Dian,"2026-08-17 01:57:33",838.0,2,clas233
4677,16738278,yansf677,"2026-09-01 12:24:29",837.9,2,yansf677
4678,16723132,Bridgeport,"2026-08-21 20:25:32",837.6,2,bridgeport
4679,16691830,"Nikita Lugovoy","2026-08-15 03:39:17",837.2,2,nikital7
4680,16756557,"Marius Heuser","2026-08-24 21:41:31",837.2,2,mariusheuser
4681,16760295,"Luke Hurt","2026-08-24 01:03:42",837.0,2,lukehurt
4682,16701868,AJ,"2026-09-09 20:53:34",836.9,2,abduljabbarcalica
4683,16672199,Vachan,"2026-08-20 07:33:48",836.8,2,vachanpadival
4684,16737561,"Raj Aryan Singh","2026-08-18 11:50:54",836.7,2,kratos14raj
4685,16655335,Justus,"2026-08-19 14:18:38",836.7,2,justus0
4686,16660268,"Sébastien Mametz (Pixs)","2026-08-14 09:08:39",836.4,2,sbastienmametzpixs
4687,16936191,WDK777,"2026-09-23 16:12:36",836.2,2,wdk777
4688,16718572,MLarpers,"2026-08-22 14:06:48",836.0,2,"koteikachannel,mrhornetik"
4689,16656394,"Pushkar K.G","2026-08-18 09:29:08",835.6,2,dejokz
4690,16724795,yangqi1234,"2026-08-23 08:26:23",835.4,2,yangqi1234
4691,16623226,"Hafida Belayd","2026-09-05 17:12:33",835.3,2,hafidabelayd
4692,16871894,sx2154,"2026-09-30 23:44:08",835.2,2,sx2154
4693,16666578,STRAF,"2026-08-23 23:07:25",835.1,2,nikosstraf
4694,16621219,"Inna Campo","2026-08-15 09:08:23",834.6,2,innacampo
4695,16750477,"Tapabrata Biswas","2026-08-25 13:11:13",834.4,2,"dumbakaash,ishanhira"
4696,16708226,asi1024,"2026-08-16 13:14:53",834.4,2,asi1024
4697,16657803,"Arya Mazloomi","2026-08-14 00:17:11",834.4,2,aryamazloomi
4698,16660840,"An Garcia","2026-09-25 14:11:29",833.9,2,angarcia
4699,16732685,Tanmay,"2026-08-23 18:16:07",833.8,2,blankkz
4700,16719262,sadjeen00,"2026-08-14 02:15:50",833.8,1,sadjeen00
4701,16691976,"Harini Panigrahi","2026-08-14 16:57:32",833.7,1,harinipanigrahi
4702,16925900,"Marco Papotti","2026-09-26 14:48:26",833.6,2,marcopapotti
4703,16655195,Pirhosseinlou,"2026-08-24 18:17:43",833.6,2,pirhosseinlou
4704,16726660,"Prime Leo","2026-08-23 14:21:53",833.4,2,primeleo
4705,16695615,Celinao,"2026-08-14 08:02:47",833.4,2,celinao
4706,16840694,"cory cozy","2026-09-06 11:48:38",833.2,2,corycozy
4707,16712459,松原琉喜,"2026-08-14 14:54:47",833.0,2,ryuki12kyo
4708,16803602,ihiratch,"2026-09-06 15:57:56",832.2,2,ihiratch
4709,16649313,"Jiajun HAN","2026-08-14 07:13:57",832.1,2,jiajun1
4710,16759652,Fnoa,"2026-08-23 12:26:39",832.1,2,trasibulo
4711,16710141,htatsumi,"2026-08-15 01:07:11",832.1,1,tatsumihasebe
4712,16667787,"Daryl Brach","2026-08-17 09:41:51",832.0,2,dbrach
4713,16841647,patitod,"2026-09-06 01:22:09",831.5,2,anasofaescobar
4714,16674479,"Alan Rosston","2026-08-14 08:20:49",831.4,2,alanrosston
4715,16679560,LEET,"2026-08-15 00:45:52",831.4,2,soufianelasfar
4716,16719536,"Mandy Lin","2026-08-14 03:18:29",831.3,2,ydnamlin
4717,16764850,"cy zhang","2026-09-29 12:29:24",831.2,2,zcy20051117
4718,16674684,next-best-agent,"2026-08-17 15:28:53",831.1,2,"minhduy13ly,tdtu981"
4719,16734803,guoziyi123456,"2026-09-30 23:51:47",830.7,2,"ax1lec,guoziyi123456,linhexlu,xuanzhechen"
4720,16678872,ibrahim,"2026-08-17 19:30:32",830.5,2,skyfish77
4721,16670755,"Amine zeDDouk","2026-08-18 09:37:41",830.4,2,aminezeddouk
4722,16667324,"Muhammed selim Bilic","2026-08-26 17:02:17",830.2,2,muhammedselimbilic
4723,16726232,"sayed rafi","2026-08-18 21:13:00",830.0,2,sayedrafi
4724,16669897,"Tahsan Ferdous","2026-08-14 19:30:09",829.2,2,tahsanferdous
4725,16898760,"Berat Erol ÇELİK","2026-09-27 15:44:39",829.0,2,beraterolelk
4726,16744355,"Sameera T","2026-08-22 10:13:47",828.8,2,sameeramaq
4727,16759625,gkg223,"2026-09-03 19:17:02",828.6,2,gkg223
4728,16739488,Restodecoca,"2026-08-19 16:42:34",828.5,2,restodecoca
4729,16775412,"moo moo","2026-09-08 15:54:28",828.1,2,"amrof122,yassinamr11"
4730,16734492,Orynx,"2026-08-19 08:01:33",828.1,2,"inderj1,jayveersingh6"
4731,16757566,"Ankit Kumar","2026-08-23 12:03:53",827.9,2,imankit57
4732,16710421,SZ_00_zyz,"2026-08-20 02:54:53",827.9,2,sz00zyz
4733,16651672,"Xiaolei Lian","2026-08-19 03:18:04",827.8,2,xiaoleilian
4734,16724060,"Mạnh Linh Hoàng","2026-08-15 15:54:52",827.7,2,manhlinh1501
4735,16674683,"Ali Esam","2026-09-11 17:00:03",827.5,2,zyxsu0
4736,16691946,"Hassan Algizani","2026-08-13 20:20:09",827.4,2,hassanalgizani
4737,16750726,prince22466,"2026-09-30 21:14:43",827.3,2,prince22466
4738,16772450,"Muneeba Badar","2026-08-25 21:19:13",827.3,2,muneebabadar
4739,16692851,ichnixhelle,"2026-08-12 22:20:24",827.2,2,ichnixhelle
4740,16719238,"Rômulo Siqueira","2026-08-20 00:15:16",827.1,2,romulosiqueira
4741,16697024,"Jiri Prudky","2026-09-06 06:00:57",826.9,2,jiprud
4742,16719002,Astraeus,"2026-09-14 15:53:57",826.8,2,astraeusdotdev
4743,16675807,cubreto,"2026-08-26 15:00:34",826.8,2,cubreto
4744,16659614,"Heikki Leskelä","2026-08-22 16:35:42",826.8,2,heikkileskela
4745,16683193,Paami,"2026-08-24 01:21:00",826.6,2,coldpaami
4746,16673234,MACvengers,"2026-08-19 16:34:04",826.5,2,"astrojaswanthkumar,ikpikp"
4747,16717792,han10086,"2026-08-13 15:05:21",826.3,2,han10086
4748,16722112,nyori,"2026-09-30 23:36:49",826.1,2,nyoriworks
4749,16722986,"Abhiram 9803","2026-08-15 18:43:09",825.8,2,abhiram9803
4750,16678172,"Eishkaran Singh","2026-08-19 19:12:02",825.7,2,eishkaran
4751,16697689,"Pavel Pakhmutov","2026-08-12 23:11:23",825.5,2,pavelpakhmutov
4752,16682471,Soumya2003,"2026-09-17 09:22:26",825.3,2,soumya2003uyvv755
4753,16704589,"Lobato MBA IA Big Data","2026-09-30 23:08:56",825.1,2,lobatombaiabigdata
4754,16724947,teacherli0,"2026-08-16 03:09:09",825.0,2,teacherli0
4755,16623791,rakumo,"2026-08-19 23:46:04",824.7,2,sirakumo
4756,16696561,"Ali Ramazanov","2026-09-22 07:46:58",824.6,2,aliramazanov
4757,16634143,"manual player","2026-08-14 00:41:13",824.5,2,prospal
4758,16745294,"Ahmed Ehab Fathi","2026-09-05 01:27:13",824.2,2,ahmedehabfathi
4759,16756415,"Mihai Balan","2026-08-31 06:39:25",824.1,2,mihaibalan
4760,16675655,TrebolNoir_,"2026-09-01 12:59:42",823.8,2,trebolnoir
4761,16856021,PSI,"2026-09-08 19:26:40",823.6,1,vinayak121
4762,16655368,"Mohammed Maqsood L","2026-08-19 10:40:17",823.6,2,mohammedmaqsoodl
4763,16668069,jackhsia,"2026-08-23 15:56:13",823.5,2,jackhsia
4764,16723941,teraSurfer40141,"2026-08-16 01:16:49",823.4,2,r00tt00r
4765,16662338,jaepyeocho,"2026-09-30 14:31:05",823.2,2,jaepyeocho
4766,16763120,"Shivam Singh #2","2026-08-23 16:56:35",823.2,1,shivamsingh17072001
4767,16713267,"yq l68135","2026-08-21 21:35:52",823.1,2,yql68135
4768,16692548,"Rockstar Farmer","2026-08-19 05:15:37",823.1,2,yuhaili
4769,16691987,0xalgos,"2026-08-17 09:35:28",822.8,2,anandvashishtha5362
4770,16666884,"Antonio Stanciu","2026-08-15 14:33:52",822.6,2,stanciuantonio
4771,16634691,bot-farmer,"2026-08-19 06:16:19",822.5,2,shauryam25
4772,16674447,"Nathan Thor","2026-09-30 05:43:14",822.4,2,devofpie
4773,16749618,Fon1as,"2026-08-21 09:36:42",822.3,2,fon1as
4774,16658081,ando,"2026-08-20 01:52:23",822.2,2,andoshunsuke
4775,16659763,clarkzhang1031,"2026-08-13 12:27:10",822.2,2,"clarkzhang1031,huafeihuang"
4776,16639732,"Junbeom Lee23","2026-08-15 02:45:23",822.0,2,junbeomlee23
4777,16726512,shash,"2026-08-15 19:41:18",821.9,1,zshashz
4778,16725354,"Swaroop piduguralla","2026-08-19 14:23:28",821.6,2,pnsaimanitejaswaroop
4779,16771677,"hedy huangyuheng","2026-08-27 02:13:28",821.2,2,hedyhuangyuheng
4780,16710094,winwinwin,"2026-09-03 13:22:51",821.1,2,"ouyangruize,teecemackenieo"
4781,16724109,"small fry in the underworld","2026-09-11 05:51:16",821.1,2,wwwwhitley
4782,16698439,"Pournami Prakash","2026-09-12 20:17:14",821.0,2,pprakas
4783,16664759,OrGanAIc,"2026-08-14 22:58:18",821.0,2,arghyaranjandas
4784,16696631,"saya akan lawan!","2026-08-21 18:42:23",820.9,2,nurhadibudhy
4785,16710587,durgasai,"2026-09-01 13:14:36",820.8,2,dsainvg
4786,16685626,"Livingstone Selassie","2026-08-16 00:26:50",820.5,2,"hackerx019,livingstoneselassie"
4787,16625611,"Karl Smile","2026-08-28 16:42:46",820.3,2,karlsmile
4788,16623020,Muhandro,"2026-08-20 16:29:57",820.3,2,muhandro
4789,16710389,GuerillaMoon,"2026-08-19 22:33:46",820.1,2,guerillamoon
4790,16740320,NguyenAn27,"2026-08-20 00:46:32",820.1,2,nguyenan27
4791,16809168,"Shaun the Sheep ","2026-09-26 11:43:12",819.8,2,badlandsram
4792,16821267,1417,"2026-09-11 13:14:32",819.7,2,"dongyuhao,liuyihang026,yejialin"
4793,16805763,"Masaya Kawamata","2026-09-04 03:39:48",819.5,2,masayakawamata
4794,16667734,SuroRitch,"2026-08-15 16:23:52",819.2,2,suroritch
4795,16743741,Arooran,"2026-08-24 13:37:47",819.1,2,arooransivakarunai
4796,16753985,"Narenthira Balaji","2026-08-21 10:54:17",818.8,1,narenthirabalaji
4797,16770648,"Yoshitaka Nozaki","2026-08-26 00:38:06",818.7,1,yoshitakanozaki
4798,16662023,"Vikas Kumar","2026-09-08 17:17:57",818.6,2,vikshit104
4799,16802892,YUYA,"2026-09-06 08:34:05",818.3,2,yuyaizumikawa
4800,16738825,RishabhSpark,"2026-08-28 05:11:27",818.3,2,rishabhspark
4801,16713155,AdarshAleti,"2026-08-18 05:39:57",818.1,2,adarsh1077
4802,16763978,"Swayam Gode","2026-09-07 16:15:33",817.8,2,swayamgode2
4803,16803651,gyujinst,"2026-09-05 01:44:38",817.5,2,gyujinst
4804,16697936,"Sami Cakiral","2026-08-15 19:43:40",817.3,2,samicakiral
4805,16713771,bndang,"2026-09-19 21:22:11",817.2,2,bndang
4806,16651623,"Sarvesh Talele","2026-08-28 05:18:58",817.0,2,sarveshtalele
4807,16712888,Vux,"2026-08-20 14:32:16",816.9,2,weiyu85
4808,16773266,newbyy,"2026-08-26 05:21:47",816.9,1,newbyy
4809,16809122,"federico battello","2026-09-10 15:05:02",816.6,2,federicobattello
4810,16738235,tenfish,"2026-09-22 15:26:05",816.4,2,"oygdri,takatoyoshikawa"
4811,16680931,"Rattan Singh","2026-08-16 04:23:37",816.4,2,rattans
4812,16729874,"Shane Schisler","2026-09-26 19:33:37",816.1,2,seschis
4813,16728723,"Ronith Rashmikara","2026-08-18 03:28:52",816.0,2,ronithrr
4814,16633222,maxingkong733,"2026-08-18 23:32:58",815.5,2,maxingkong733
4815,16759864,exaucedossou,"2026-08-22 17:56:40",814.9,2,exaucdossou
4816,16729640,"Наталья Скляр","2026-08-21 18:11:07",814.8,2,natsklyar
4817,16740700,"Vyas Senthilkumar","2026-08-19 04:26:42",814.6,2,vyassenthilkumar
4818,16743737,"Joanna C.","2026-08-20 23:07:09",814.5,2,joannaciesielski
4819,16658150,Gravity-x73d,"2026-08-17 09:16:29",814.5,2,gravityx73d
4820,16768022,"Miles Oberting","2026-08-31 23:48:39",814.3,2,milesoberting
4821,16655305,"Junior Sohou","2026-08-14 00:15:42",814.2,2,juniorsohou
4822,16750344,Vaasu0501,"2026-08-28 16:49:39",814.2,2,vaasu0501
4823,16687596,AjPrem,"2026-09-14 02:49:09",813.9,2,"ajprem,jefferysingh,neelcasula"
4824,16841176,"Bruce Cole","2026-09-09 00:39:28",813.8,2,brucecole
4825,16640368,"Nkosi Ndwandwe","2026-09-06 05:03:26",813.5,2,nkosindwandwe
4826,16698884,VVVoyager,"2026-08-14 03:55:10",813.3,2,"haoxuanshan,hengnui"
4827,16728272,"Daris Dzakwan Hoesien","2026-08-16 10:48:22",813.2,1,darisdzakwanhoesien2
4828,16701969,旧楚狂人,"2026-08-15 14:20:59",813.1,2,jiuchukuangren
4829,16675088,"Andrei Chulkov","2026-08-15 19:43:12",813.0,2,andreichulkov
4830,16707598,Kamazarashi,"2026-08-18 05:40:15",812.8,2,kamazarashi
4831,16685850,K,"2026-08-14 06:37:41",812.7,2,kolci017
4832,16765065,"Rohith T R","2026-08-26 13:28:38",812.4,2,rohithtrgod
4833,16695093,"Ryota Murai","2026-08-27 15:28:04",811.8,2,rmuraix
4834,16749347,Shibungi,"2026-09-01 06:52:21",811.7,2,shibungi
4835,16672243,"Fazil Putra","2026-08-14 01:24:17",811.7,2,fazilputra
4836,16729828,spunkrock,"2026-08-16 20:08:06",811.6,1,spunkrock
4837,16690567,"Falih Kaleel","2026-09-29 12:47:31",811.4,2,alphajet185
4838,16629292,"Syed Saad Hasan Emad","2026-08-17 06:14:38",811.4,1,syedsaadhasanemad
4839,16823144,"AARAV JADAV","2026-09-30 11:32:05",811.4,2,aaravjadav
4840,16781516,"Hongbin Guokaggle","2026-08-29 04:16:00",811.2,2,hongbinguokaggle
4841,16731243,"[Deleted] dab36be1-9992-4710-95f4-39a9f7a2cd3c","2026-08-24 15:13:27",811.1,2,del=fd92954ed0c92f1a
4842,16656931,pns,"2026-08-15 09:45:46",810.8,2,"nikhilkasyap07,premsivasai,saranboddu"
4843,16748421,lulzx,"2026-08-20 17:52:11",810.3,2,lulzxy
4844,16761849,viber3221,"2026-08-24 13:38:59",810.2,2,viber3221
4845,16734450,"Ian Teigen","2026-08-18 00:04:38",810.2,2,ianteigen
4846,16691012,"Sanzhar Almasuly","2026-08-29 07:28:34",810.2,2,sanzharalmasuly
4847,16725242,chinchilla,"2026-08-19 10:53:07",810.1,2,tgwstr
4848,16789587,"José Luis","2026-09-30 20:14:52",809.8,2,joseluissz
4849,16663992,小陈同学,"2026-08-18 07:26:54",809.8,1,czastu
4850,16664860,ANUJPUROHIT18,"2026-09-01 05:03:07",809.5,2,anujpurohit05
4851,16690020,shantaitichu,"2026-08-17 09:40:30",809.2,2,shantaitichu
4852,16727090,"Deep Blue Pasture","2026-08-17 02:28:34",809.1,2,shamanah
4853,16715187,maker2026,"2026-09-09 00:38:59",808.9,2,maker2026
4854,16719100,"Abhiraj Singh","2026-08-14 12:02:33",808.7,2,cyberdrago
4855,16763383,"Alexandru Sitaru","2026-08-25 07:05:06",808.5,2,sitaru
4856,16726064,"sana slama","2026-08-15 17:01:13",808.4,1,sanaslamamm
4857,16689447,"Ivan Berrutto","2026-08-13 04:14:38",808.2,2,ivanberrutto
4858,16664334,"Satishvaran Ragu","2026-08-28 03:07:19",808.2,2,satishvaranragu
4859,16688368,"Lam Vo","2026-08-15 16:39:23",808.0,2,nhatlam
4860,16700995,"Maram Ali","2026-08-15 09:13:15",808.0,2,msama01
4861,16713178,Funno,"2026-08-19 17:32:54",808.0,2,yes711
4862,16659314,Sandeep063,"2026-08-25 12:44:22",807.7,2,sandeep063
4863,16641288,nakagawaren0805,"2026-09-12 10:35:10",807.5,2,nakagawaren0805
4864,16691702,kss,"2026-08-13 19:30:20",807.5,2,l0glikelihood
4865,16722902,"Grigorii IU","2026-08-22 01:54:09",807.5,2,grigorii220
4866,16748246,"Eric S","2026-08-26 12:50:54",807.4,2,ericsangberg
4867,16766982,"Sir Dona ","2026-08-25 15:54:46",807.4,2,sirdona
4868,16714902,HunterBlue,"2026-08-13 18:54:47",807.4,2,marianacodebase
4869,16734578,"Pascal Andreas","2026-08-26 17:42:14",807.0,2,pascalandreas
4870,16732754,ikeuchy,"2026-08-29 04:10:41",806.9,2,ikeuchy
4871,16732428,"Darren Amadeus Martin","2026-08-19 00:48:02",806.8,2,darrenamadeusmartin
4872,16714980,Chenaters,"2026-08-16 08:41:10",806.8,2,chenaters
4873,16659123,sd,"2026-08-18 17:46:56",806.6,2,siddharthadevkota
4874,16664762,"John Marinton","2026-09-22 13:52:40",806.2,2,marintonjohn
4875,16842806,"Yan Tao Tang","2026-09-07 10:41:41",806.1,2,yantaotang
4876,16735102,"Zhiqi Liu","2026-08-31 02:57:12",805.9,2,crazyqiqi
4877,16748524,TongY26,"2026-08-21 08:33:16",805.9,2,tongy26
4878,16691714,"Wesley Juraschek","2026-08-19 06:07:37",805.7,2,wesleyjuraschek1
4879,16727019,uitsnf,"2026-08-23 15:45:22",805.3,2,uitsnf
4880,16651052,lty,"2026-08-18 02:33:01",805.3,2,linwei9
4881,16634654,unknown,"2026-08-13 02:11:22",805.3,2,abdullahshafi2021
4882,16666853,"Bisola Olasehinde","2026-08-31 13:08:21",805.0,1,bizzyvinci
4883,16775386,kaggler,"2026-08-31 09:29:41",804.6,1,deepkim
4884,16623444,"sary sary","2026-09-22 20:50:21",804.6,2,sarysary
4885,16663352,"Avnish Sharma","2026-08-31 14:42:23",804.6,2,kewlaz
4886,16645712,"Changye Li","2026-08-24 06:23:33",804.5,2,antoinegg1
4887,16768647,vaultguard,"2026-09-14 21:08:32",804.4,2,vaultguard
4888,16744658,Shree85,"2026-09-22 21:05:43",804.3,2,shree85
4889,16695691,neural-canvas,"2026-08-12 20:46:37",804.2,2,mrsanap
4890,16729484,"Sankalp Nagineni","2026-08-16 17:35:31",804.1,2,sankalpnagineni
4891,16765526,"Kotala Kishan Reddy","2026-08-24 08:56:22",804.1,1,kotalakishanreddy
4892,16633096,anvai_agents,"2026-08-20 05:50:45",803.6,2,"anandgaikwad7781,vaidehidhamnikar"
4893,16839110,0x3f,"2026-09-26 03:43:58",803.6,2,zhangbowen1005
4894,16701759,xycai,"2026-08-14 17:23:35",803.1,2,xycaipku
4895,16622251,"Moroz Roman","2026-08-20 06:22:05",802.6,2,crissyro
4896,16624896,"Akmal Azzam o'g'li","2026-08-18 06:03:51",802.6,1,akmalmir
4897,16655559,"Fajri Yanuar Shiddiq Juanda","2026-08-13 01:40:20",802.4,2,fajriyanuar
4898,16726870,"Svanik Kolli","2026-08-16 00:11:14",802.4,1,svanikkolli
4899,16717630,Amer,"2026-08-13 21:23:41",802.3,2,amerhu
4900,16628295,qwertykeypadapple,"2026-08-13 19:05:04",802.3,2,qwertykeypadapple
4901,16655179,"I Need an Internship","2026-08-15 02:39:23",802.3,2,dimasibnumuthi
4902,16696983,"JKM Ventures","2026-08-17 22:58:03",802.1,2,jeffreydrew
4903,16639230,Rylan,"2026-08-15 13:15:45",802.0,2,"liuruihan333,wangxiaodundun"
4904,16889392,Prit_44421,"2026-09-14 11:29:09",801.8,2,prit44421
4905,16634824,yuki16,"2026-08-27 02:55:04",801.7,2,yuki16
4906,16669494,"Abdullah Razi","2026-09-03 18:39:36",801.6,2,abdullahroninrazi
4907,16720088,"Oiti Roy","2026-08-14 06:26:04",801.6,1,oitiroy
4908,16679443,albu,"2026-08-15 19:22:12",801.5,2,albuslaev
4909,16808914,slfmmm,"2026-09-02 11:50:26",801.2,1,slfmmm
4910,16671821,donglee,"2026-08-13 09:13:09",801.2,1,dongleeovo
4911,16773559,"Abhishek Mahto","2026-08-26 06:40:07",801.0,1,abhishek3115
4912,16767164,"yuhan wu","2026-08-26 09:37:53",800.9,2,yuhanwu487
4913,16656934,"Aleks Kolesnik","2026-09-30 22:34:35",800.6,2,aleksandrkolesnik
4914,16663694,"Dimitri ZABRE","2026-09-18 22:22:32",800.5,2,dimitrizabre
4915,16656519,"Chris Laska","2026-08-25 19:45:39",800.2,2,chrislaska
4916,16756399,"old Ryne Mac had a farm","2026-08-21 19:44:11",800.1,1,rynemac
4917,16772993,"dirty farmers","2026-08-26 06:33:12",799.9,2,jamesgui2007
4918,16748717,mt,"2026-08-20 13:09:12",799.8,1,mtanakaslgfreak
4919,16710661,"Pengyi Peng1","2026-09-28 09:10:07",799.8,2,pengyipeng1
4920,16740103,Adjakou,"2026-08-24 07:31:02",799.4,2,adjakou
4921,16709793,"Victor Hotz","2026-08-13 18:48:06",799.1,2,victorhotz
4922,16766905,Antigone_duckduck,"2026-08-24 16:38:37",798.9,2,antigonexzh
4923,16649108,"Steve AVOMO","2026-08-17 03:12:41",798.9,2,aurelsteve77
4924,16672374,"kelly waldeck","2026-08-11 21:07:30",798.8,2,kellywaldeck
4925,16729421,Oblivix,"2026-09-02 04:16:25",798.3,2,"aradhyatiwariii,oblivix"
4926,16699610,"Sneha ","2026-08-17 01:00:34",798.3,2,kharya3
4927,16662653,"Jordan Schaeffer","2026-09-09 01:49:11",798.2,2,jordanmschaeffer
4928,16729227,Marjao,"2026-08-16 16:49:12",798.0,2,muniburrehman2020
4929,16926195,koutwiring,"2026-09-29 23:05:23",798.0,2,koutwiring
4930,16927988,"Ravi Ramakrishnan","2026-09-20 05:22:13",798.0,1,ravi20076
4931,16653955,"tanmay singhal","2026-08-29 12:00:53",798.0,2,anexperiencedidiot
4932,16632444,"Issac “Izreal” Davis","2026-08-13 20:42:03",797.6,2,issacizrealdavis
4933,16696887,kt-Kitayama,"2026-09-01 13:23:49",797.5,2,ktkitayama
4934,16693058,"Yuvraj singh","2026-09-18 11:41:37",797.4,2,yuvrajsingh789
4935,16691524,"Martim Nascimento","2026-09-05 15:54:47",797.4,2,martimnascimento
4936,16662615,"Anurag irawit","2026-09-01 14:16:49",797.4,2,anuragirawit
4937,16714058,"Ahmet Erdem Pamuk","2026-08-12 18:59:18",797.2,2,ahmeterdempamuk
4938,16733547,"Mark Grayson","2026-08-17 18:53:21",796.6,2,flyingsinclair
4939,16725642,"Arav Sharma","2026-08-17 03:51:14",796.3,2,aravsharma26
4940,16770302,stardxx,"2026-08-26 02:21:35",796.3,2,stardxx
4941,16657610,"H Bharath","2026-08-31 18:54:57",796.2,2,hbharath
4942,16632788,"Bright O.H.","2026-08-23 03:45:36",795.6,2,brightoh
4943,16709462,"KK #2","2026-08-14 09:06:37",795.6,2,kk2909
4944,16663284,"Aman Prakash","2026-08-12 20:58:28",794.8,2,amanprakash777
4945,16633414,"sagar tripathy","2026-08-13 15:57:56",794.6,2,sagar8trip
4946,16703099,GansPiro,"2026-08-13 18:34:26",794.6,2,ganspiro
4947,16636909,"wking edewd","2026-08-21 11:21:57",794.4,1,wkingedewd
4948,16894541,"Deepak Mahajan","2026-09-17 05:27:59",793.8,2,xdipzz
4949,16735125,mtskggle,"2026-08-22 04:50:43",793.7,2,matsusakaggle
4950,16927276,"julian andres viejo garrido","2026-09-30 00:40:11",793.7,2,salmaviejo
4951,16633709,"kitory Yeah やきとり","2026-08-15 22:30:08",793.7,2,kitoryyeah
4952,16657494,Trex,"2026-08-12 14:00:14",793.6,2,trexzone
4953,16879958,Sash.a,"2026-09-30 08:32:11",793.2,2,smashaza
4954,16656990,"NALLA SUMANG","2026-08-30 03:15:46",793.0,2,sumangnalla
4955,16623753,HZM,"2026-09-11 04:34:07",792.6,2,leehann
4956,16667839,Viet-Tien,"2026-08-22 19:46:21",792.5,2,tiena2cva
4957,16732462,"Aji Samudra","2026-08-24 09:05:21",792.4,2,ajisamudra
4958,16811576,Zi,"2026-09-03 01:52:15",792.3,1,kaigaokaigao
4959,16770952,"Satyajeet Kumar","2026-08-25 20:42:40",792.1,2,m4rcuseryx
4960,16793134,sawasawasawa,"2026-09-07 09:06:57",792.1,2,yukisawamura
4961,16700737,HechtJP,"2026-08-13 11:12:06",791.9,2,hechtjp
4962,16692138,"Bishwa Thakur","2026-09-05 09:15:47",791.9,2,bishwathakur
4963,16724533,"Yusei Ito","2026-08-22 19:18:19",791.5,2,yuseiito
4964,16663241,"Kris Adamatzky","2026-08-13 09:49:19",791.4,2,krisadamatzky
4965,16728460,oh-Artistburger-AHA-TastyMeat!,"2026-08-16 11:54:46",791.3,1,akikukeo1
4966,16706825,"Niranjana Vincent ","2026-09-23 01:06:38",791.1,2,nj54425
4967,16738467,EnriFermi,"2026-08-26 23:51:18",790.9,2,enrifermi
4968,16698256,Mint,"2026-08-17 18:39:08",790.7,2,rorandangerous
4969,16714059,Yentür,"2026-08-12 18:47:44",790.5,1,meryentr
4970,16668049,"Masayoshi Kurihara","2026-08-14 06:20:21",790.3,2,masayoshikurihara
4971,16692090,sans,"2026-08-12 03:14:55",790.0,2,sans6262q
4972,16658803,"Rahul Jiwane","2026-08-21 06:19:57",789.9,2,rahuljiwane
4973,16767528,"Umut Toygar Göz","2026-08-30 13:01:54",789.7,2,umuttoygargoz
4974,16665050,"Praneeth Palugula","2026-08-14 06:28:56",789.3,2,praneethpalugula
4975,16688153,"Panchajanya Banerjee (Pancham)","2026-08-16 20:28:27",789.3,2,delayedkarma
4976,16624682,FrederikZ,"2026-09-02 10:17:51",788.6,1,zkirederf
4977,16711910,"Artem Zapara","2026-08-18 16:48:51",788.1,2,artemzapara
4978,16621735,VN-Orion,"2026-08-21 11:42:27",787.9,2,fastthanh78
4979,16729650,"Tapiwa Makandigona - Zimbabwe21","2026-08-31 11:36:48",787.7,2,mukanya1994
4980,16830837,"Damilare Olayemi","2026-09-08 08:35:23",787.4,2,damilareolayemi
4981,16684163,MohamedFD,"2026-08-13 12:32:47",787.2,2,mohamedfd
4982,16681749,"rohith vinice","2026-08-11 23:55:16",786.5,2,rohithvinice
4983,16761728,"Vybhav Nath C A","2026-08-30 12:19:48",786.4,2,shadowfax2000
4984,16738705,"Atilla Y","2026-09-12 06:51:34",786.3,2,atillay
4985,16748330,Okan,"2026-08-21 11:15:17",786.0,2,okanzkaya
4986,16769866,"Suzuki Riki","2026-08-25 12:11:09",786.0,2,suzukiriki
4987,16650372,Greed,"2026-08-12 17:18:47",785.9,2,greedshen
4988,16660653,kanchana's,"2026-09-21 17:23:31",785.0,2,"saikanchana,yuvarajkanchana"
4989,16661132,"Jia Chen","2026-09-28 17:05:12",784.7,2,jiachenjasper
4990,16778206,yuanlao153,"2026-08-28 15:00:04",784.6,2,yuanlao153
4991,16679371,ΛYMΞNRH,"2026-08-11 06:43:55",784.6,2,aymnrh
4992,16766840,"Andrey ","2026-08-24 14:27:38",784.0,1,anti1111
4993,16665838,wenbodai,"2026-09-01 12:41:51",783.2,2,wenbodai
4994,16857894,"Ludwig Agurto Contador","2026-09-12 22:35:55",782.9,2,ludwigagurtocontador
4995,16679767,Salut!,"2026-08-12 21:56:55",782.7,2,denismekhanikov
4996,16755807,PokeTrader,"2026-09-30 18:33:39",782.7,2,poketrader
4997,16774228,"Anggit Maulana Abdi","2026-08-28 14:37:01",782.5,2,anggitmaulanaabdi
4998,16652904,TonightIsOver,"2026-09-26 13:02:54",782.4,2,tonightisover
4999,16716468,"Sakhawat Hossen","2026-08-15 03:28:07",782.3,2,sakhawathossen
5000,16767431,Nine1Eight,"2026-08-24 16:51:12",782.2,1,wethepeople918
5001,16656807,Yoganjaneyulu,"2026-08-13 09:20:17",782.2,2,yoganjaneyulu
5002,16633580,Vinymo,"2026-08-23 15:32:23",781.1,2,vinymo
5003,16688436,Zuu3scode,"2026-08-12 15:19:16",781.1,2,zuu3scode
5004,16666242,"Lalwani Palash","2026-09-28 16:27:06",781.0,2,lalwanipalash
5005,16677832,"Maryam Tahir","2026-08-25 15:07:42",780.9,2,maryamtahir09
5006,16657857,hust_xll,"2026-08-12 05:38:12",780.8,2,hustxll
5007,16660711,ricardo,"2026-08-15 22:34:26",780.8,2,magania
5008,16656948,"alexander kern","2026-08-24 18:02:17",780.5,2,alexanderkern
5009,16701573,"Haggai Musoda","2026-08-17 20:04:00",780.3,2,haggismusoda
5010,16663313,onlysmrtsumx,"2026-08-12 01:29:30",780.2,2,onlysmrtsumx
5011,16689952,"Lazarus Ogero","2026-08-11 16:44:08",779.9,2,lazarusogero
5012,16658931,"somewhere after","2026-08-19 08:16:29",779.8,2,amaterasuuuuu
5013,16771780,Trichoderma,"2026-09-06 04:58:38",779.8,2,brunoescalhao
5014,16665702,"Aman Gupta","2026-09-08 16:26:19",779.3,2,amangupta0014
5015,16803913,"SUJIB BARMAN","2026-09-01 16:42:07",779.3,1,cardata
5016,16700116,Goldian,"2026-08-21 16:13:40",778.7,2,goldian
5017,16749153,"Arnav Mishra","2026-09-12 05:10:43",778.2,2,arnavmishra02
5018,16699659,"Dimas Pasha Akrilian","2026-09-01 01:59:59",778.0,2,dimaspashaakrilian
5019,16656731,"Muhammad Ali","2026-08-14 06:47:06",777.9,2,sardaralimaqsood
5020,16889423,ShinChua,"2026-09-14 12:50:22",777.6,1,shinchua
5021,16831372,"Hazel caviar","2026-09-05 08:07:40",777.4,2,hazelcaviar
5022,16784719,"Ayush Shekhar","2026-09-26 06:32:29",777.2,2,ayushshekhar56
5023,16693886,spellstriker,"2026-08-12 22:03:20",777.2,2,spellstriker
5024,16693159,"Zonglin Han","2026-08-13 17:10:08",776.6,2,zonglinhan
5025,16692490,"Enes Coşkun","2026-08-11 05:37:38",776.2,2,enscskn
5026,16695964,"JiMing Feng","2026-08-17 10:56:45",776.1,2,jimingfeng
5027,16697021,Vaishnavi22052006,"2026-08-11 18:43:08",775.7,2,vaishnavi22052006
5028,16654381,"Dmitry Belan","2026-08-30 17:16:29",775.5,2,dimong4
5029,16624824,GoofyGenius,"2026-09-09 16:05:59",775.2,2,goofygenius
5030,16708573,Benser,"2026-08-15 14:41:24",775.2,2,benser
5031,16663919,hnhyhj,"2026-08-13 04:05:56",775.2,2,hnhyhj
5032,16770777,"Oscar Legoupil","2026-09-09 15:43:18",774.8,2,oscarlegoupil
5033,16673097,"Sonu Kushwaha","2026-09-01 11:10:15",774.8,2,sonukushwaha124
5034,16676043,"Tejash Rai","2026-08-14 07:16:01",774.5,2,tejashrai
5035,16655952,"Tianfu Wang (王天夫)","2026-08-12 15:08:12",774.5,2,wangtf96
5036,16828106,AG,"2026-09-20 00:12:01",774.1,2,lacroix7771
5037,16650485,nasu726,"2026-08-13 13:51:20",773.8,2,nasu726
5038,16660037,shehai.lrs,"2026-08-11 13:37:32",773.6,2,shehailrs
5039,16667729,"Daniel Wu","2026-08-15 14:35:27",773.1,2,danielwuu
5040,16632675,"Baran Kucuk","2026-08-11 15:09:58",773.0,2,barankucuk
5041,16658746,marinxbt,"2026-09-11 14:18:24",772.9,2,marinxbt
5042,16661983,"Victor's Team","2026-08-12 12:05:19",772.7,2,"dlordsjustified,jezrealmomoh,joludare,victorokpe"
5043,16682303,"Kapadiya Nirav Kumar","2026-08-18 06:24:30",772.7,2,kapadiyaniravkumar
5044,16671666,showtree,"2026-09-02 01:53:55",772.3,2,showtree
5045,16733121,saturnliu,"2026-09-10 17:20:24",772.1,2,saturnliu
5046,16691591,"Dheeraj Kumar #3","2026-08-12 04:05:32",771.8,2,kdheeraz
5047,16700314,Giallar,"2026-08-14 16:45:53",771.7,2,andreykrotkikh
5048,16660911,"Animesh Ratna","2026-08-23 22:01:35",771.6,2,animeshratna
5049,16775781,"I am GroOth","2026-09-30 22:53:56",771.4,2,gideonoba
5050,16666733,"Alberto MV","2026-08-10 23:06:33",771.4,2,albertomv
5051,16709744,"Emre Bayram","2026-08-14 09:04:57",771.2,2,emrebayram
5052,16702774,FilipJ,"2026-08-16 18:34:05",770.8,2,filipjarmua
5053,16780558,hxrdxk,"2026-08-29 18:36:48",770.6,2,hxrdxk
5054,16692103,HaniJezo,"2026-08-11 20:32:40",770.5,1,hanijezo
5055,16656316,"Richard Tang","2026-08-11 01:09:34",770.3,2,richardgtang
5056,16660594,XIAODOUZI,"2026-08-17 12:06:50",770.2,2,xiaodouzi666
5057,16706523,"Aussie lover","2026-09-30 11:13:26",770.2,2,aussielover
5058,16673110,"Sri Jayavel K","2026-08-20 08:18:31",770.0,2,srijayavelk
5059,16695501,brocade,"2026-08-15 00:01:12",769.9,2,brocade
5060,16705370,TS2333,"2026-08-11 03:40:40",769.0,2,ts2333
5061,16806886,dreamtear,"2026-09-02 05:55:56",769.0,1,mohanzeng
5062,16724779,"Gavin Cao","2026-08-16 09:00:53",768.9,2,gavinxgcao
5063,16729863,Monkeyzl,"2026-08-22 20:02:21",768.4,2,monkeyzl
5064,16705441,CooperJiang,"2026-08-13 06:57:44",768.2,2,gingersna
5065,16695176,"Zakaria Settar","2026-08-16 21:52:31",767.9,2,zakariasettar
5066,16697675,"Isaac Grossman","2026-08-30 23:21:35",767.0,2,kingisaac
5067,16656691,"Sahaj Deep Singh","2026-08-12 01:39:36",766.9,2,sahajdeepsingh9877
5068,16625615,"Mobeen Fatima","2026-09-24 10:19:55",766.5,2,mobeenfatimah
5069,16706315,"Desert Fox88","2026-08-11 12:02:03",766.0,2,desertfox88
5070,16804961,explise,"2026-09-02 08:13:03",765.9,2,explise
5071,16659692,"Hùng Nguyễn Huy (Hiirooo)","2026-08-11 03:47:45",765.7,2,hngnguynhuy
5072,16684012,ceh,"2026-08-16 04:58:18",765.7,2,emilhessman
5073,16676154,"Tuan Tran","2026-08-10 16:29:40",765.7,2,thtuan
5074,16687594,"Andrew Markley","2026-08-13 01:19:04",765.3,2,andrewmarkley1
5075,16692110,"Ahmed Khudair","2026-08-11 22:33:06",765.2,1,ahmedkhudair121
5076,16745264,wpang,"2026-09-25 00:08:24",765.0,2,wangshu
5077,16862705,karlmorg37,"2026-09-30 23:52:45",765.0,2,karlmorg37
5078,16636004,"Ragunath Ravi","2026-08-11 10:59:07",764.5,2,ragunathravi
5079,16627995,"Fire Bird","2026-08-11 20:36:45",764.4,2,xuanleekaggle
5080,16702482,"Carlos Navarro","2026-08-14 05:26:26",764.3,2,navarr0
5081,16632579,ZZfancy,"2026-08-11 12:04:42",764.2,2,zzfancy
5082,16696769,"maximo lorenzo y losada","2026-08-12 13:07:35",764.0,2,maximolorenzoylosada
5083,16875777,YinboLiu,"2026-09-17 11:11:46",763.9,2,yinboliu
5084,16731924,CuddleYokai,"2026-08-19 10:57:11",763.9,2,cuddleyokai
5085,16940838,"Dean Wuu","2026-09-23 02:06:11",763.7,2,deanwuu
5086,16663820,taka,"2026-09-16 22:06:10",763.6,2,takaakiishi
5087,16728955,"Chris Murphy","2026-09-07 23:33:26",763.5,2,mur418
5088,16707584,sadatch,"2026-08-13 05:18:28",763.5,2,sadatch
5089,16709069,"James Mcquay","2026-08-14 18:05:40",763.3,2,jamesmcquay
5090,16678638,Loshtradz,"2026-08-26 18:40:35",763.0,2,loshtradz
5091,16656181,Vishwa,"2026-08-11 05:46:58",762.8,2,rv1922
5092,16700630,apoyusiken,"2026-08-12 06:10:52",762.7,2,umutarpay
5093,16672579,"Udbhaw Anand","2026-08-22 13:15:18",762.7,2,udbhawanand
5094,16700876,"Oyegoke Emmanuel","2026-09-28 04:13:08",762.6,2,oyegokeemmanuel
5095,16941176,"Jesse #2","2026-09-29 15:01:42",762.6,2,atjesse
5096,16658487,radozaprazny,"2026-09-12 14:09:06",762.5,2,radozaprazny
5097,16695137,"Samantha Nicole Bracamonte","2026-09-27 09:13:45",762.2,2,snrbracamonte
5098,16682936,"Latifa Riziki","2026-08-12 09:38:13",762.1,2,latifariziki
5099,16692457,t2better,"2026-08-12 11:56:41",761.9,2,t2better
5100,16773964,trung,"2026-09-30 10:53:21",761.9,2,trung2006
5101,16652849,Hejunhui,"2026-08-16 14:15:29",761.7,2,website98
5102,16705584,"Adil Munawar","2026-08-29 21:18:33",761.7,2,adilmunawar
5103,16809277,"Shuntaro Tanaka","2026-09-11 01:01:20",760.8,2,shuntarotanaka
5104,16667052,"Dandan Li","2026-08-15 18:07:17",760.6,2,clcll532x
5105,16786082,"Noberto Frota","2026-09-30 21:48:53",760.3,2,nobertofrota
5106,16627400,"Krasnov Daniil","2026-08-11 06:04:48",760.3,2,daniilkrasnovvv
5107,16681275,"CUG HeQiao","2026-08-12 09:06:14",760.2,2,cugheqiao
5108,16708333,"Phạm Vương","2026-08-11 16:17:10",760.2,2,vuongphamqq
5109,16689770,"Abdillah Sagif","2026-08-11 10:11:23",760.1,2,abdillahsagif
5110,16704622,ray,"2026-08-11 16:30:13",759.8,2,rayenezanned
5111,16709473,"Selahattin Günter","2026-08-23 14:07:42",759.5,2,selahattingnter
5112,16710672,"Yasemin Koç","2026-08-14 05:52:52",759.2,2,yaseminmkoc
5113,16697142,Kujaomega,"2026-08-10 22:13:02",759.2,1,kujaomega
5114,16830784,栀蓝thy,"2026-09-15 10:03:44",759.1,2,tianhaoyuan86
5115,16667994,"Zhian Wei","2026-09-11 06:57:54",758.7,2,zh1anwe1
5116,16692164,Abdulrahman.su10,"2026-08-11 20:35:39",758.7,1,abdulrahmansu10
5117,16848998,yiweigan,"2026-09-22 13:17:52",758.2,2,yiweigan
5118,16709300,炫酷的小克里斯,"2026-08-19 15:54:28",758.2,2,tinfufans
5119,16696644,"Franklin T","2026-09-13 07:17:43",757.9,2,franklin0410
5120,16653153,Gbining,"2026-09-23 15:25:35",757.9,2,gbining
5121,16904681,yzhaolabs,"2026-09-20 10:26:40",757.8,2,zhaoyuanzhen
5122,16659890,"Cu Spoon","2026-08-25 22:02:11",757.7,2,cuspoon
5123,16684852,後藤将斗,"2026-08-24 14:51:20",757.7,2,masato09
5124,16669778,UknesIruka,"2026-09-18 18:30:56",757.6,2,uknesiruka
5125,16705192,"John Ogah","2026-08-16 03:54:21",757.5,2,johnogah
5126,16696608,beanbamboozled,"2026-08-10 10:45:19",757.5,2,beanbamboozled
5127,16633886,mudesteven,"2026-08-16 02:54:25",757.4,2,fastlight2007
5128,16790115,Starumi,"2026-08-31 00:39:22",757.3,2,starumi
5129,16723262,"Tiago OliveiraLL","2026-09-30 23:19:47",757.1,2,tiagooliveirall
5130,16659662,MOHSIN525,"2026-09-01 15:43:49",756.9,2,mohsin525
5131,16823204,"Adilson Eduardo Tostes Carmo","2026-09-29 23:16:59",756.8,2,eduardotostess
5132,16655210,Amon,"2026-08-16 06:09:04",756.8,2,kingaemon
5133,16807134,"Chaowei Liang","2026-09-09 01:53:25",756.7,2,chaoweiliang
5134,16644891,yankang_XZK,"2026-09-02 18:29:53",756.7,2,yankang233
5135,16806003,"Hazqeel Afyq","2026-09-20 08:53:15",756.6,2,hazqeelafyqathaillah
5136,16785100,5386,"2026-09-10 11:08:04",755.9,2,"ismktkaggle,rairai314,satosis"
5137,16660371,"José Luis Gómez","2026-08-13 01:37:42",755.5,2,josluisgmezz
5138,16659803,nRuaif,"2026-08-22 02:47:10",755.5,2,phngdoan
5139,16712651,riicon,"2026-09-29 14:35:48",755.3,2,risakashiwabara
5140,16666410,"Binil George","2026-08-12 10:40:43",755.3,2,binilg
5141,16657429,"xiao cat q","2026-08-12 01:41:13",754.9,2,xiaocatq
5142,16701221,"Othman Istaiteh","2026-08-10 13:25:38",754.9,2,istatieh
5143,16823736,"Logan Seitz","2026-09-09 15:07:29",754.8,2,loganseitz26
5144,16661093,"INDRAJIT SWAIN","2026-08-15 13:23:37",754.6,2,indrajitswain
5145,16760101,"Big Moo","2026-08-25 00:52:06",754.6,2,abdullahramadan1
5146,16695608,"Elie Elias","2026-09-12 11:11:33",754.4,2,elieelias
5147,16660331,A.K.NITHIN,"2026-08-12 12:07:32",753.8,2,aknithin
5148,16761975,lixiuqixiaoke,"2026-08-26 09:59:11",753.5,2,lixiuqixiaoke
5149,16688136,"Armanzhan Ayan","2026-08-11 16:49:36",753.4,2,armanzhanayan
5150,16670433,"Mohammad Osamah Atif","2026-08-19 08:46:32",753.3,2,osamatif
5151,16660333,"Deanos Crew","2026-08-11 13:10:19",752.7,2,jamescole0101
5152,16706283,haogood666,"2026-08-11 08:25:40",752.5,1,haogood666
5153,16668334,Suavemango,"2026-08-12 05:18:03",752.3,2,suavemango
5154,16707993,"Sangita Bannore","2026-08-11 14:33:47",752.1,1,sangitabannore
5155,16655715,Chin,"2026-08-12 06:20:32",752.1,2,qinyukun
5156,16695376,Garv88,"2026-08-13 12:19:20",751.5,2,garv88
5157,16808116,WWAWW,"2026-09-15 03:47:37",751.3,2,masatowaragai
5158,16631777,KiKi,"2026-09-03 04:27:02",750.8,2,kingkiller2164
5159,16701466,"HELIOS reasonning","2026-08-11 22:38:55",750.7,2,heliosreasonning
5160,16683441,Eura73,"2026-08-21 08:07:47",750.5,2,eura73
5161,16666632,to1_10i,"2026-08-19 20:27:42",750.5,2,to110i
5162,16681620,wanwanuil,"2026-08-13 12:43:19",750.5,2,wanwanuil
5163,16719551,JamesYip7,"2026-08-20 10:24:50",749.4,2,jamesyip7
5164,16691275,"Muhiminul Islam   Mahim","2026-08-12 10:04:35",748.6,2,muhiminulislammahim
5165,16644378,"hicham bedrani","2026-09-29 23:22:46",748.6,2,hichambedrani
5166,16675582,DavidX,"2026-08-11 06:05:18",748.3,2,davidasx
5167,16698942,"PRADHAN RS","2026-08-13 18:06:58",748.2,2,pradhanrs
5168,16745092,zakihiro,"2026-08-21 07:59:39",748.2,2,zakihiro
5169,16660385,"Jose Santiago Echevarria","2026-08-25 12:02:45",748.1,2,jmsechevarria
5170,16639476,耶✌,"2026-08-30 19:52:36",747.6,1,qifeihhh666
5171,16662166,duy,"2026-08-31 08:50:51",747.5,2,hduynguyen
5172,16662213,"Yang Zong-Yu phD","2026-09-30 13:20:32",747.5,2,yangzongyuphd
5173,16736816,LLE,"2026-08-22 16:50:40",747.1,2,"rajaditya01,saiash"
5174,16640869,taijunhao,"2026-08-12 10:26:30",747.0,2,taijunhao
5175,16624088,Pomiro,"2026-08-11 04:41:24",746.9,2,pomiro
5176,16793275,"Biao Cao","2026-08-30 13:44:48",746.8,1,biaocao398
5177,16760247,kriskur123,"2026-09-15 14:23:38",746.2,2,kriskur123
5178,16732140,Miaa1526,"2026-08-24 08:58:42",745.8,2,miaa1526
5179,16671837,"Ronald K Wilson ","2026-09-21 14:14:14",745.7,2,ronaldkwilson
5180,16669643,"Athenix Kaggriculture","2026-08-24 18:23:54",745.6,2,sdafdsfsdfgdsg
5181,16762837,Nagamatsur,"2026-09-17 12:24:55",745.3,2,rihitonagamatsu
5182,16925552,JacobQIQI,"2026-09-22 13:58:21",745.3,1,jacobqiqi
5183,16624253,DTrieu,"2026-09-25 13:46:55",745.0,2,hodinhtrieu
5184,16665976,"Daksh Goyal","2026-08-08 20:36:06",744.9,2,dakshgoyal387
5185,16632113,"Any Things","2026-09-29 21:21:09",744.9,2,anythingsj3fare767
5186,16732679,argon,"2026-08-19 08:32:47",744.9,2,argonlabs
5187,16661100,"Muhammad Junaid","2026-09-06 21:24:50",744.8,2,junaid512
5188,16633006,Kaiser,"2026-09-01 06:36:38",744.8,1,kaiserm
5189,16817309,"TeddyDog Lovely","2026-09-03 10:44:15",744.7,2,teddydoglovely
5190,16676356,"Wander waal","2026-08-11 02:48:56",744.7,2,wanderwaal
5191,16840641,"Yukar Fu","2026-09-30 12:36:18",744.7,2,yukarfu
5192,16679519,"Петьо Лазаров","2026-08-10 22:30:35",744.4,2,pesosz
5193,16688265,"Kyle #2","2026-08-11 01:51:35",744.3,2,georgeturbo
5194,16664242,"Alex Lee","2026-08-11 03:43:12",744.2,2,aiexanderr
5195,16935826,Ayush,"2026-09-27 10:52:22",743.9,2,"aniketchonu,ayush20081303"
5196,16725680,henri66,"2026-08-15 21:09:47",743.6,2,henri665
5197,16780967,"black hole sun","2026-09-01 02:25:21",742.7,2,danielefiorino
5198,16654122,"Peter Thompson","2026-08-10 17:59:36",742.7,2,mightytreefolk
5199,16638998,"khalid harouach","2026-09-17 13:32:02",742.6,2,khalidharouach
5200,16711204,"harden james","2026-08-12 08:00:14",742.3,1,ffusername
5201,16683982,Kenny,"2026-08-16 19:43:13",742.2,2,kmonar
5202,16704027,"Alan Cai","2026-08-10 22:36:40",741.8,1,alancai27
5203,16675981,"Luca R","2026-09-29 00:05:47",741.8,2,luck058
5204,16672075,"Kameron Green","2026-08-11 05:49:32",741.5,2,hgenix20
5205,16639236,"Dhavan Shah","2026-08-12 18:20:38",741.2,2,dhavanshah99
5206,16672247,"Movie Watch2022","2026-08-18 19:48:12",740.8,2,moviewatch2022
5207,16677723,"Trip Meiners","2026-09-22 14:40:41",740.8,2,tripmeiners
5208,16726173,"Aman Bihari","2026-08-23 12:51:05",740.2,2,amanbihari
5209,16652741,"Sergi Bas","2026-09-23 16:29:27",739.1,2,sergibas
5210,16687724,Yijue1,"2026-08-11 02:15:05",738.2,2,yijue1
5211,16643233,"Marco DG","2026-08-11 06:20:14",738.2,2,marcodg
5212,16845420,"Terrance Luangrath","2026-09-08 05:41:53",738.0,2,tksluangrath
5213,16695903,cerensukaramese,"2026-08-14 09:18:05",738.0,2,cerensukaramese
5214,16890654,"Niloofar Y.","2026-09-24 17:12:56",738.0,2,niloofaryoonesi
5215,16699784,nianyu,"2026-08-10 09:46:32",737.8,2,nianyuc
5216,16666282,"Bang sion","2026-08-22 10:06:06",737.6,2,bangsioni
5217,16847300,"Lam PayGi","2026-09-08 02:02:17",737.5,2,lampaygi
5218,16675305,"Justin Sabu Sebastian","2026-08-22 23:19:57",737.3,2,justinsabusebastian
5219,16768644,Momoko,"2026-08-25 03:22:50",737.3,1,yangmengyuanmomoko
5220,16923114,Pruthvij08#,"2026-09-19 06:44:33",737.2,2,pruthvij08
5221,16724556,"Yixiang Wu","2026-09-27 22:08:39",737.2,2,yixiang964
5222,16679347,"Youssef EL MSIYAH","2026-08-09 12:07:55",736.8,2,youssefelmsiyah
5223,16726422,"Praveen Kumar","2026-08-29 11:25:55",736.7,2,pankajrepswal
5224,16736429,Rudra278,"2026-08-18 12:07:42",736.7,1,rudra278
5225,16696208,"kazwzn S","2026-09-22 12:06:22",736.4,2,kazwzns
5226,16694744,XiaoZhiren,"2026-08-10 13:03:56",736.3,2,"ruikangan,xiaozhiren"
5227,16641535,Tutti,"2026-09-06 15:16:23",736.1,2,malk271828
5228,16661249,Yaohui,"2026-08-26 14:59:02",736.0,2,yaohui85
5229,16667479,"Leon Christians","2026-09-13 17:12:37",735.9,2,leonchristians
5230,16698735,Larfii,"2026-08-21 18:01:02",735.5,2,larfii
5231,16912040,YUYAN457,"2026-09-18 08:13:27",734.8,2,yuyan457
5232,16713031,"Nahid Hossain Redom","2026-08-13 15:38:30",734.7,2,nahidhossainredom
5233,16661739,"Spandan Mhapsekar","2026-08-08 10:39:41",734.6,2,spandanmhapsekar
5234,16676911,"Michał Ścibak","2026-09-29 16:35:23",734.6,2,michacibak
5235,16670545,"Mouad AIT HA","2026-08-18 20:03:55",733.9,2,mo0103
5236,16635238,"Tai Tien Ta","2026-09-03 03:25:55",733.9,2,tittin
5237,16683909,"Krzysztof ""Chris"" Karaszewski","2026-08-14 08:41:11",733.9,2,futureofworkchannel
5238,16670671,"TAUIL Abd Elilah","2026-08-11 01:17:39",733.9,2,tauilabdelilah
5239,16676025,"Csaba József","2026-08-31 19:31:00",733.9,2,"jcsaba,peterkiss4"
5240,16660101,Zarathustra,"2026-08-12 02:48:18",733.5,2,rezkyadytama
5241,16684568,"[ODS] waniz","2026-08-08 11:04:42",733.4,1,wanizz
5242,16672980,"Thomas Prinz","2026-08-09 13:57:51",733.3,2,xardiphotography
5243,16907268,"Ilya Fedorov","2026-09-19 16:29:53",732.7,2,sorrow321
5244,16702909,SG4265,"2026-09-07 21:14:54",732.6,2,sg4265
5245,16665353,Sakshamm2587,"2026-08-17 16:50:43",732.4,2,sakshamm2587
5246,16656347,OctahedronBB,"2026-08-07 00:52:27",732.3,2,octahedronbb
5247,16634468,"Kun Zhang","2026-09-01 11:38:47",732.0,2,beicicc
5248,16669930,"Ilya Klimanov","2026-08-25 13:30:13",732.0,2,ilyaklimanov
5249,16664179,animelonerboy,"2026-08-09 15:52:55",731.8,2,adambasa5
5250,16728633,draven,"2026-09-12 07:35:01",731.2,2,ustchx
5251,16659618,"Jeevan Jolly","2026-08-13 13:51:52",731.2,2,jeevanjolly
5252,16623461,MightyK,"2026-08-09 05:36:23",731.0,2,anhhkhoi
5253,16655323,roma,"2026-08-09 19:49:51",730.5,2,mnroma
5254,16910408,Yuumi080911,"2026-09-20 09:42:09",730.1,2,"haiyunzhang,yuumi080911"
5255,16682182,"himanshu chauhan2406","2026-09-26 11:54:31",730.0,2,himanshuchauhan2406
5256,16639496,"Sai Teja Bandaru","2026-08-11 14:51:49",729.8,2,saitejabandaruin
5257,16698071,nixotrix,"2026-09-07 21:16:50",729.7,2,nixotrix
5258,16746592,Harvester,"2026-08-21 13:57:05",729.6,2,yudhis16
5259,16749776,DataLover,"2026-08-20 16:34:37",729.6,1,paulknidler
5260,16659585,"Anas Riaz","2026-08-08 20:20:23",729.6,2,anasriaz
5261,16664481,"Siddhu Jaykay","2026-08-12 14:02:29",729.5,2,siddhujaykay
5262,16683852,"Abhiram Anil","2026-08-08 06:26:11",729.5,2,abhiramanil
5263,16692677,"Ashish Dubey","2026-08-10 06:17:34",729.4,2,ashish124536
5264,16667124,"Chaotic Era","2026-08-12 01:26:13",729.2,2,sani84
5265,16624625,"Harsha Vardhan","2026-08-10 07:33:35",728.9,2,harshacode101
5266,16665935,eternitywinner,"2026-08-08 14:41:53",728.8,2,eternitywinner
5267,16881964,"Vipeen Kumar","2026-09-21 06:20:46",728.7,2,vipeen
5268,16635518,"ROFIQUL ALAM SHEHAB","2026-08-09 11:49:00",728.6,2,rofiqulalamshehab
5269,16662712,"Roman Stupin","2026-08-27 23:52:01",728.5,2,rcnegby
5270,16661899,AAI,"2026-08-09 14:23:08",728.2,2,aiolapo
5271,16672660,"Straw Hat","2026-08-11 06:14:47",728.0,2,"anuragugargol,tanishafagare114"
5272,16693925,"Francisco Corredor","2026-09-30 12:33:06",727.9,2,franciscocorredor
5273,16658173,Tamizharuvi,"2026-09-19 08:42:47",727.9,2,tamizh1
5274,16652827,"Rob C","2026-08-14 03:04:30",727.8,2,robertcheah
5275,16694065,zhangwei02,"2026-08-30 09:29:12",727.8,2,zhangwei02
5276,16683036,"Ritesh Thawkar","2026-08-14 08:34:08",727.8,2,riteshthawkar
5277,16663591,"Joseph Franck","2026-08-25 10:07:56",727.5,2,josephfranck
5278,16698467,"Ra'uf Fauzan Rambe","2026-08-10 04:29:13",727.5,2,rauffauzanrambe
5279,16665058,"Llin Ding","2026-09-28 03:25:00",727.4,2,"greatneuro,llinding"
5280,16692970,LakoMoor,"2026-08-09 17:43:25",727.4,2,lakomoor
5281,16659529,"Sanchit Jain","2026-09-27 12:46:58",727.2,2,sanchit1609
5282,16683439,Goober,"2026-08-10 19:46:41",727.1,2,kongzhisyuen
5283,16659958,brainpick,"2026-08-24 21:54:50",727.0,2,prathvirajpalekar
5284,16685990,VictorAndrew,"2026-09-05 22:20:04",727.0,2,vicktvr
5285,16689471,wenjinyang,"2026-08-11 13:32:09",726.9,2,wenjinyang
5286,16695182,"Ali Haydar Özdağ","2026-08-10 14:29:59",726.8,2,ahoirg
5287,16630372,Q.qlmmm,"2026-08-24 18:25:02",726.8,2,qlammi
5288,16684639,Bru3ll,"2026-08-09 15:50:45",726.2,2,bru3ll
5289,16664409,"Kathi Munishwar","2026-08-09 03:37:05",726.1,1,kathimunishwar
5290,16645078,"A Aswanth Raj","2026-08-09 08:57:36",726.0,2,aaswanthraj
5291,16663780,"Hamza Kanice","2026-08-09 00:08:11",725.4,2,hamzakanice
5292,16830531,"Nikos Chatzinikolaou","2026-09-24 14:53:07",724.8,2,nikoschatzinikolaou
5293,16684762,X-xuhui,"2026-08-08 10:07:58",724.7,2,xxuhui
5294,16671314,"Robot Farm","2026-08-29 16:54:23",724.4,2,codearranger
5295,16940857,"Melon Man","2026-09-26 11:58:55",724.3,2,alvinandrada
5296,16693374,"Henfry De Los Santos","2026-08-12 11:43:51",723.8,2,henfrydelossantos
5297,16655763,"Diogo Sena","2026-08-22 17:08:45",723.8,2,diogodmsena
5298,16848841,Spacejam,"2026-09-07 16:15:52",723.7,1,spacejam1221
5299,16644150,"J.M.Mubasshir Rahman","2026-08-09 17:15:01",723.7,2,jmmubasshirrahman
5300,16671403,"Alex Karpowicz","2026-08-08 18:36:52",723.6,2,alexkarpowicz
5301,16681226,"tingting shen","2026-08-10 09:24:23",723.4,2,tingtingshen99
5302,16670202,"Elizabeth Park","2026-08-09 20:33:17",723.2,2,elizabethpark
5303,16631101,"Muneeb ul Hassan","2026-08-10 09:56:41",722.9,2,muneeb2405
5304,16658278,"Malcolm Durosaye","2026-09-17 12:31:05",722.7,2,malcolm95
5305,16676038,"Adyanth M","2026-08-09 05:12:40",722.4,2,adyanthm
5306,16705242,"Chonghao Peng","2026-09-04 21:45:52",722.2,2,chonghaopeng
5307,16670807,mannogun,"2026-09-04 23:15:49",722.0,2,arcanejumper
5308,16659610,gareeb,"2026-08-10 15:46:50",722.0,2,"arjund29,saqlainsqx,yashawl194"
5309,16795676,cold_star,"2026-09-04 03:54:22",721.8,1,a406161167
5310,16673179,"Muhammad Faraz Aftab","2026-08-09 10:18:58",721.7,2,muhammadfarazaftab
5311,16654623,"Asher Goldstein","2026-08-09 17:54:27",721.6,2,ashergoldsteincd21
5312,16688898,"Sanskar Omar","2026-08-09 11:10:44",721.6,2,sanskaromar7
5313,16682336,"Çınar Efe Yetişen (Student)","2026-08-19 08:29:20",721.4,2,narefeyetienstudent
5314,16880045,"Underground Farmers","2026-09-13 13:04:19",721.3,2,xavierwi
5315,16623485,XtraLearning,"2026-08-09 17:10:36",721.1,2,xcessivesmash
5316,16690897,"Ashok Kumar Garain","2026-08-08 13:26:11",721.0,1,ashokkumargarain
5317,16670117,"Raj Aryan","2026-08-07 18:15:04",720.9,2,rajaryan2503
5318,16663928,Auxileon,"2026-08-09 16:20:13",720.6,2,auxileon
5319,16711725,meatori-nu,"2026-09-05 13:40:48",720.4,2,meatorinu
5320,16657957,"Mounika Kommireddy","2026-08-08 07:57:32",719.9,2,mounikakommireddy
5321,16653262,"tianwen zhang1","2026-08-08 16:21:18",719.9,2,tianwenzhang1
5322,16676275,Scorpi,"2026-08-12 01:34:25",719.8,2,scorpi
5323,16926026,"Michael Pamurahardjo","2026-09-29 23:59:02",719.6,2,michaelpamurahardjo
5324,16634174,phibkro,"2026-08-07 03:10:52",719.4,2,phibkro
5325,16666358,"GAYATHRI SALINI","2026-08-07 07:55:26",719.4,2,gayathrisalini09
5326,16685828,Ztr0,"2026-08-09 05:53:10",719.2,2,y1amadeus
5327,16670406,"jessica jennifer","2026-08-20 15:55:41",719.2,2,jessicajennifer
5328,16660120,gktdgktdgktd,"2026-08-07 07:50:45",719.1,2,gktdgktdgktd
5329,16732667,Doug,"2026-08-26 23:26:49",718.9,2,dougsgrott
5330,16623932,"Axel Ahmer","2026-09-19 16:55:30",718.9,2,blondie1
5331,16657598,"Arun Mallikarjuna","2026-08-10 04:29:14",718.6,2,arunmallikarjuna
5332,16658789,Zhanpeng.W,"2026-08-08 10:05:26",718.6,2,zhanpengw
5333,16720234,Aditya109,"2026-09-08 05:20:00",718.5,2,"aditya109,tathagattyger"
5334,16675240,Leifson1337,"2026-09-25 12:17:00",718.5,2,leifson1337
5335,16658875,"Noah Bishop","2026-08-10 09:56:34",718.4,2,noahbishop1
5336,16835621,"Atharv Santosh","2026-09-05 02:49:27",718.3,1,atharvsantosh
5337,16667245,"KAIWALYA RAUT","2026-08-09 09:04:25",718.0,2,kaiwalyaatulraut
5338,16660430,"Hassaan Ibrahim","2026-08-10 12:45:55",717.7,2,hassaanibrahim
5339,16624003,weedfarmer,"2026-08-08 05:34:16",717.5,2,aleksanderhan
5340,16668034,ggggalaxy,"2026-08-28 04:56:40",717.3,2,ggggalaxy
5341,16680408,mochogo,"2026-08-07 05:42:33",717.3,1,mochogo
5342,16665500,"Madan kumar","2026-08-13 17:31:57",717.2,2,winklemad
5343,16687463,"Manolo Chow","2026-08-09 22:56:20",717.2,2,manolochow
5344,16632426,Santhana,"2026-09-26 23:27:23",717.2,2,santhanalekshmic
5345,16680646,Naym0425,"2026-08-14 04:20:36",716.8,2,naym0425
5346,16694317,"PRITIKA SA","2026-08-09 07:17:19",716.2,2,pritikasa
5347,16635330,tekatoncat,"2026-08-16 23:42:10",716.1,2,tekatoncat
5348,16671622,"Isaac Diaz Lopez","2026-09-28 02:49:35",715.9,2,isaacdiazlopez
5349,16742442,"Anton Dugin","2026-08-21 09:51:07",715.9,2,antondugin
5350,16633043,"Ryan Adams","2026-09-08 23:48:54",715.3,2,ryanadamsai
5351,16655076,"Tita Kongolo","2026-08-08 09:08:57",715.0,2,titakongolo
5352,16675753,Khafidin,"2026-08-12 05:16:26",714.8,2,khafidin
5353,16670058,"Dahoui Alex Armel ","2026-08-07 01:02:07",714.8,2,dahouialexarmel
5354,16622487,"Sam kramer_1028","2026-08-18 09:40:58",714.6,2,samkramer1028
5355,16825767,f7e6n5g4,"2026-09-25 09:15:53",714.3,2,f7e6n5g4
5356,16893333,Chista,"2026-09-17 23:10:55",714.3,2,"amirelite,asimir"
5357,16734490,Tomeiser,"2026-09-24 11:23:16",714.2,2,tomeiser
5358,16625472,"luna is free！","2026-08-29 16:39:51",714.1,2,simingtan
5359,16789865,AgroByte-dev,"2026-09-02 14:39:25",713.9,2,ylyasyylkybayev
5360,16653208,FabienDaniel,"2026-08-07 10:17:38",713.8,2,fabiendaniel
5361,16724895,russ,"2026-08-19 08:55:30",713.8,2,mdevian
5362,16624485,"Nishant Dahal","2026-08-10 02:24:42",713.8,2,nishantdahal
5363,16670378,"Ari Carter","2026-08-08 23:18:02",713.5,2,aricarter
5364,16656515,"Rushal Manandhar","2026-09-26 05:41:31",713.4,2,rushalmanandhar
5365,16660613,今日洗澡明日香,"2026-08-07 09:58:49",713.1,2,"jasperkag,ryjiang,timmengzh,yningc"
5366,16889300,"Chris McCarthy","2026-09-23 08:20:29",712.9,1,chrismccarthy
5367,16694751,im_justmatthew,"2026-08-10 11:27:00",712.6,2,imjustmatthew
5368,16654042,B.Pushpanjali,"2026-09-29 13:59:35",712.5,2,"bpushpanjali,vinithwade"
5369,16668758,"Aman Vishwakarma","2026-08-09 17:33:00",712.4,2,amanvishwakarma01
5370,16664283,"Nguyễn Hữu Công","2026-08-07 05:24:48",712.3,2,nguynhucng
5371,16655497,cszf_first,"2026-08-09 02:06:46",712.3,2,cszffirst
5372,16692883,coolguy,"2026-08-08 20:56:21",712.2,1,vihangpagare334
5373,16670361,"Saud Saudesen","2026-08-15 22:16:42",712.2,2,saudsaudesen
5374,16678506,SireeshLimbu,"2026-08-08 08:39:43",712.0,2,sireesh
5375,16680075,I_luv_magick,"2026-08-07 09:50:30",711.9,2,iluvmagick
5376,16663678,"Fabiano Adelino","2026-09-25 14:48:28",711.8,2,fabianoadelino
5377,16665561,LuoXingda,"2026-08-07 08:22:42",711.6,2,luoxingda
5378,16923138,"Davi Santos","2026-09-26 17:31:44",711.5,2,davissantos1
5379,16688579,"Long Hu","2026-08-09 09:41:04",711.5,1,longhul
5380,16760841,KIsXcl,"2026-08-24 14:34:11",711.5,2,kisxcl
5381,16782792,"[Deleted] bdc3c175-811b-438f-9c3a-c2d9c80c106a","2026-08-29 07:16:45",711.4,2,del=e8b93c44cf962f9e
5382,16631665,"jatan sanghvi","2026-09-07 14:03:17",711.4,2,jatansanghvi
5383,16640332,"ning gu","2026-08-21 00:01:22",711.1,2,morninggu
5384,16690829,JeremyH43,"2026-08-16 00:06:30",711.1,2,jeremyh43
5385,16841445,Challo,"2026-09-26 02:28:49",710.9,2,germantardioperez
5386,16729800,"Alchemical Retard.","2026-08-20 07:28:07",710.9,2,alchemicalretard
5387,16630249,"Aymar Avohoueme","2026-08-20 10:22:33",710.8,2,aymaravohoueme
5388,16639645,RamenBoy,"2026-09-08 14:38:35",710.7,2,ramenboyjapan
5389,16662718,xlnt,"2026-08-22 12:37:49",710.6,2,"princebisht,xlnt404"
5390,16655156,"Pranjal Ranjan","2026-08-06 23:58:43",710.4,2,pranjalranjan299
5391,16720913,Candidates,"2026-09-28 12:41:35",710.3,2,"ulyanovmmm,vladimirarchipov"
5392,16666686,yolo,"2026-09-30 10:12:33",710.0,2,avin55
5393,16659045,Rai1,"2026-08-08 11:53:28",709.9,2,rai2003
5394,16665015,"laiba razzaq10","2026-08-07 14:21:49",709.8,2,laibarazzaq10
5395,16725147,"Salah Ibrahiemu","2026-09-28 03:36:08",709.8,2,salahibrahiemu
5396,16672629,"Alex Boyd","2026-09-06 15:37:19",709.8,2,alexrayboyd
5397,16678288,"Speedrun retirement","2026-08-30 18:59:23",709.7,2,"josephkimanikamau,nanducode"
5398,16654626,bgsszsa,"2026-08-07 12:01:33",709.7,2,bgsszsa
5399,16679848,Nikola010,"2026-08-13 16:29:19",709.6,2,nikola010
5400,16639606,Peach2587,"2026-08-12 03:19:13",709.5,2,momokayoshioka
5401,16853733,Eugene,"2026-09-27 14:29:46",709.4,2,eugenejyuan
5402,16681480,"Kevin Nguyen","2026-08-14 18:16:29",709.3,2,haidangnguyen1802
5403,16663369,csteeve,"2026-09-26 18:25:26",709.3,2,csteeve
5404,16660259,Marcus,"2026-08-08 17:23:34",709.0,2,marcuseno
5405,16696852,MYGEMER,"2026-08-09 15:43:13",708.9,1,mygemer
5406,16674977,BarbateP,"2026-09-30 19:22:26",708.8,2,barbatep
5407,16662592,"Vladislav Yushkevich","2026-08-09 14:54:24",708.8,2,"crazyflyingsheep,vladislavyushkevich"
5408,16692469,neoistheone,"2026-08-08 18:38:13",708.6,1,neoistheone
5409,16830079,"Quan Vu","2026-09-04 11:35:57",708.5,2,quan0095
5410,16731259,"Manvik singh rathore","2026-08-30 17:18:55",708.4,2,manviksinghrathore
5411,16869317,Pikachuexeallen,"2026-09-12 19:46:36",708.2,2,pikachuexeallen
5412,16866097,"Pradeep Kumar Mahato","2026-09-16 14:21:29",708.1,2,pradeepkr12
5413,16690889,"B A S E L #","2026-08-08 14:47:22",708.0,2,basselll
5414,16713590,"Александр Арутюнян","2026-08-13 05:20:18",707.7,2,alexarut17
5415,16673002,xubenzheng,"2026-08-07 15:40:31",707.6,2,xubenzheng
5416,16753850,"Ahmad Ali","2026-09-09 17:58:10",707.5,2,ahmadali1243534
5417,16664666,"Rheal Thomas","2026-08-21 19:29:44",707.1,2,rhealthomas
5418,16689084,Tam1m,"2026-08-29 09:56:39",706.9,2,booleanwolf
5419,16934428,shib,"2026-09-24 18:37:26",706.6,2,shibendum
5420,16770454,"Nawaf Almutairi","2026-09-12 19:23:12",706.5,2,nawafbalmutairi
5421,16630441,"yjhv buddies","2026-08-07 09:50:05",706.5,2,bender1123123
5422,16660537,Furina,"2026-08-08 13:52:01",706.5,2,cjlcjlcjl
5423,16669542,Agzam,"2026-08-06 05:09:43",706.2,2,mazgag
5424,16823948,"Alexey Stepanov","2026-09-04 21:57:25",705.9,2,alexey0508
5425,16642579,"Desyat IO","2026-08-09 17:31:59",705.8,2,desyatio
5426,16643193,"Shoroogh Ahmadi","2026-08-13 10:36:43",705.6,2,shorooghahmadi
5427,16665169,"Rahul Barakoti ITM","2026-08-07 10:58:30",705.5,2,rahulbarakotiitm
5428,16681065,SYC,"2026-08-07 03:22:25",705.3,1,yichengs
5429,16712577,"nattapon nakakong","2026-09-22 02:49:39",705.0,2,nattaponnakakhong
5430,16623189,"Aditya Mishra","2026-08-09 03:42:06",704.6,2,adityamishranika
5431,16792989,ALKRIS,"2026-08-31 14:35:26",704.3,2,wasimjbuh
5432,16722341,"Pham Huu Bao Chung","2026-09-16 08:57:18",704.2,2,phamhuubaochung
5433,16656118,Mutte1904,"2026-08-07 05:03:56",704.1,2,mutte1904
5434,16658213,"Ahmet Abdullah Gültekin","2026-09-30 21:20:05",703.9,2,abdullahgultekin
5435,16669273,Parag,"2026-09-28 05:24:58",703.8,2,paragkale
5436,16847456,waHAHA,"2026-09-07 09:53:07",703.7,1,wangshen1994
5437,16665529,Venneth,"2026-08-08 12:32:20",703.7,2,venneth
5438,16905921,关注塔菲喵,"2026-09-16 16:11:46",703.6,2,zuberi05
5439,16661707,"Rudolf HOUNLETE","2026-08-09 11:41:08",703.5,2,queystanle
5440,16669608,"Jesy Lu","2026-08-13 16:21:53",703.4,2,jesylu
5441,16676283,jnurik,"2026-08-07 17:24:01",702.9,2,nurdauletmoldik
5442,16729472,"Boris Pletenev","2026-08-16 17:23:56",702.6,1,borispletenev
5443,16713291,Lperalt,"2026-09-20 02:20:12",702.4,2,lucianobastidas
5444,16671174,Alexandre008,"2026-08-09 12:29:49",702.3,2,alexandre008
5445,16671372,"Meet Sabhaya","2026-08-08 06:02:13",702.0,2,meetsabhaya
5446,16866155,gomamonaka,"2026-09-12 10:10:10",701.9,2,gomamonaka
5447,16657989,"vishnu gopal P","2026-08-08 12:27:56",701.9,2,vishnugp
5448,16664368,"Ujjwal Reddy","2026-08-10 19:43:26",701.9,2,ujjwalreddyks
5449,16802695,"Taras Sam","2026-09-07 17:36:00",701.7,2,tarassam
5450,16784731,Alfred,"2026-09-20 21:54:16",701.4,2,holleyalfred
5451,16639125,"Caio Coelho","2026-08-09 15:38:12",701.4,2,caio41
5452,16676677,"Clark Stéphane","2026-08-07 18:58:45",701.2,2,clarkstphane
5453,16644552,Keanan,"2026-08-08 11:35:17",700.9,2,citerne
5454,16653117,"li jiaqi77","2026-08-07 05:32:06",700.8,2,lijiaqi77
5455,16711556,"Avvy Lavoienne","2026-08-18 04:44:16",700.8,2,avvylavoienne
5456,16653984,"Howard Lyu","2026-08-08 18:35:00",700.7,2,howardlyu
5457,16635781,wacata,"2026-08-19 14:53:05",700.7,2,wacata
5458,16698538,"Haozhe Wang 2022","2026-08-24 00:50:02",700.6,2,haozhewang2022
5459,16675752,"Simon Rüba","2026-08-10 14:23:16",700.6,2,simonrba
5460,16744809,"Ruben Romero Fernández-Monge","2026-08-25 18:00:39",700.0,2,salieri7
5461,16936771,"Elvis Diniz","2026-09-22 10:49:26",699.7,2,elvisdiniz
5462,16838800,"LEE Dailun","2026-09-09 13:59:27",699.2,2,peterccll
5463,16658670,EveryJust,"2026-08-07 08:33:35",699.2,2,"everyjust,zfc666wsnd"
5464,16635890,Poojan,"2026-08-06 09:44:47",698.9,2,poojankumartandel
5465,16635679,WUHAOZHE618,"2026-08-15 04:08:45",698.4,2,wuhaozhe618
5466,16658384,UwU,"2026-08-10 04:20:44",698.0,2,claudesewitz
5467,16654832,mohit,"2026-08-07 00:01:08",697.9,2,mohitvarred
5468,16639043,"saroj bono","2026-08-28 18:42:55",697.5,2,sarojbono197
5469,16676280,agniii,"2026-08-06 17:05:08",697.5,2,agniii
5470,16670040,galaxyhunter,"2026-08-17 19:22:06",697.1,2,pkharkwal
5471,16679683,Aberrchan,"2026-08-08 17:44:32",697.1,2,aberrchan
5472,16669971,"Luka Philip","2026-08-08 16:09:32",697.0,2,lukaphilip
5473,16666900,sooflee,"2026-08-12 14:19:50",697.0,2,sooflee
5474,16727696,Milkman,"2026-08-19 15:05:17",696.9,2,talhasahi
5475,16815105,"Saurav Chaudhari","2026-09-03 08:46:53",696.9,2,saur3x
5476,16623798,RuiKimura4,"2026-08-27 00:30:45",696.8,2,ruikimura4
5477,16659727,shuaiqiyang,"2026-09-16 01:16:36",696.8,2,shuaiqiyang
5478,16633276,"Nolan Liang","2026-08-09 03:26:47",696.6,2,iamlkn
5479,16624506,zhongtian,"2026-09-30 23:57:17",696.6,2,kmtbang
5480,16758431,"Mathews Jere","2026-08-26 18:10:25",696.5,2,mathewjere
5481,16664170,SpookyHippo,"2026-08-06 02:44:29",696.3,2,spookyhippo
5482,16668029,Timbo615,"2026-08-07 11:56:21",696.0,2,timbo615
5483,16670065,"Artyom Sayapin","2026-09-22 16:26:22",695.9,2,spielmeister
5484,16644508,"Vandana Pathania","2026-09-30 17:56:21",695.8,2,vandanapathania
5485,16683764,bf01,"2026-08-21 21:19:05",695.8,2,jalperov
5486,16669518,Galagala,"2026-08-07 18:35:59",695.3,2,b12705059
5487,16662730,Operator-X,"2026-08-08 10:06:04",695.3,2,"jpexee,lavlinjaisonme23b250"
5488,16668668,"George Byne","2026-08-25 10:10:36",694.9,2,georgebyne
5489,16658265,kraken,"2026-09-05 15:23:26",694.9,2,krn0209
5490,16724269,lava,"2026-09-25 13:51:26",694.9,2,fanxiaozhen
5491,16667101,SundharSteyn,"2026-09-23 16:27:30",694.8,2,sundharsteyn
5492,16677188,Nicooni,"2026-08-06 16:35:01",694.8,1,nicooni
5493,16656009,"Steven Liu","2026-08-31 06:25:02",694.7,2,thornkey
5494,16665256,zhoujqi,"2026-08-06 18:31:31",694.6,2,zhoujqi
5495,16659000,xjlgg123,"2026-08-08 12:35:10",694.0,2,xjlgg123
5496,16665898,chengsongtao,"2026-08-23 00:12:59",694.0,2,cheng618
5497,16736559,"Team Rot-Weiß","2026-08-19 13:22:35",694.0,2,moritzpaal
5498,16796509,"Taha Alselwi","2026-09-27 19:52:40",693.7,2,tahaalselwii
5499,16644774,lungjyuanz,"2026-08-07 01:03:20",693.7,2,lungjyuanz
5500,16666301,"James Felipe","2026-09-03 05:42:24",693.5,2,jamesfelipe
5501,16805598,"I'm just trying out here QQ","2026-09-02 22:31:17",693.3,2,zadatt
5502,16655828,ack07,"2026-08-06 04:52:07",693.1,2,its07amit10
5503,16668039,NotEnoughTokens,"2026-08-06 13:04:52",692.9,2,"adofai,jonghyun7777,taglink"
5504,16671407,JBro13,"2026-08-07 02:29:02",692.8,2,jbro13
5505,16663899,"Abdelrahman Aboegela","2026-08-05 13:54:26",692.8,2,abdelrahmanaboegela
5506,16652560,"Ahmed Samir","2026-08-03 12:15:01",692.7,2,ahmedsamir1598
5507,16698822,JJN8825,"2026-09-26 16:38:20",692.7,2,jjn8825
5508,16652986,"Justin Kimlim","2026-08-26 03:12:37",692.7,2,justinkimlim
5509,16659033,"Farzana Shaju","2026-08-05 07:18:29",692.7,2,"farzanashaju,shaikhharisjamal"
5510,16667606,Manifolds1,"2026-08-06 16:36:46",692.5,2,ptrakuldit
5511,16662161,"Touhidul Alam Seyam","2026-08-10 12:39:51",692.4,2,seyamalam
5512,16667714,ZhexinJiang,"2026-08-06 11:26:30",691.9,1,zhexinjiang
5513,16658717,"Aditya Kapadia","2026-08-06 14:32:16",691.6,2,adityakapadia2003
5514,16641326,IY,"2026-08-05 19:27:31",691.6,2,irotrader
5515,16661010,"Dante Dyches-Chandler","2026-08-05 04:36:09",691.5,2,dantedycheschandler
5516,16640582,Attension_Seeker,"2026-08-10 06:57:51",691.3,2,aisipu
5517,16729165,コーラ,"2026-08-23 07:30:40",690.9,2,cola0912
5518,16652900,cjen07,"2026-08-07 23:33:05",690.1,2,cjen07
5519,16659820,Accayo14,"2026-08-06 14:20:30",690.0,2,accayo14
5520,16783131,Hawkeye,"2026-09-03 07:15:17",689.5,2,pragneshbagary
5521,16630758,"Keshav Joshi","2026-08-20 18:53:37",689.3,2,keshavjoshi22
5522,16656296,Fususu,"2026-09-05 04:32:44",689.2,2,phuongncn
5523,16658723,"Waleed Alkhateeb","2026-08-05 13:31:44",689.0,2,waleedalkhateeb
5524,16644861,"kanzaler ensemble","2026-08-11 14:30:36",688.9,2,kanzalerensemble
5525,16655353,"Pablo Montenegro","2026-08-09 02:13:47",688.7,2,pablomontalb
5526,16742239,"Benny Joseph","2026-09-17 13:06:06",688.7,2,pbennyjoseph
5527,16684470,"Soumi Ghosh","2026-08-11 10:59:07",688.7,2,soumighosh911
5528,16854347,"Arul Gandhi","2026-09-12 10:19:13",688.7,2,arulgandhi
5529,16732008,"Phoebe Lin","2026-09-05 01:05:06",688.6,2,phoebe0511
5530,16675027,namanbnsl,"2026-08-06 13:02:52",688.5,2,namanbnsl
5531,16668545,Ronty00,"2026-08-06 08:24:07",688.4,2,ronty00
5532,16660555,"Nguyễn Nhật Thanh","2026-08-07 03:45:29",688.4,2,nguynnhtthanhhhhh
5533,16896810,Xcution,"2026-09-16 18:23:35",688.2,2,gghhjjkk
5534,16667091,"Nico Feiler","2026-08-07 14:27:47",688.0,2,nicofeiler
5535,16656393,"Faris Abqari","2026-08-07 00:15:25",687.7,2,farisabqari11
5536,16665431,"Monojit Nandy","2026-08-06 11:50:38",687.7,2,vedarthmn
5537,16639280,"Faruk Çiftler","2026-08-09 11:27:46",687.7,2,abdullahfaruk
5538,16693164,nuggettttt,"2026-08-09 02:14:22",687.5,2,nuggettttt
5539,16702796,Yavuz.YILMAZ,"2026-09-30 21:54:39",687.5,2,yvztpe
5540,16930968,"Harvey Zheng","2026-09-24 04:34:49",687.4,2,harveyzheng07
5541,16726025,"Yanrun Chen","2026-09-07 12:15:23",687.1,2,yrchen98
5542,16664827,"Jose Miguel Diez de la Lastra","2026-08-07 16:08:49",687.0,2,josemigueldiez
5543,16679237,"Danilo Sepúlveda","2026-08-06 21:26:28",686.7,1,daniloseplveda
5544,16659217,Dynamic_fire07,"2026-08-05 18:51:51",686.6,2,"dynamicfire07,tryingmybest123"
5545,16695555,S4K50M,"2026-08-12 14:39:41",686.6,2,setiasaksham
5546,16637898,"Marek Nurzynski","2026-09-26 19:39:58",686.3,2,marek3000
5547,16660091,bcTiann,"2026-08-06 05:55:54",686.1,2,bctiann
5548,16666245,"Cagatay Morcicek","2026-08-13 06:53:40",686.0,2,thisismylabs
5549,16898029,"Leonid Kononenko","2026-09-18 04:47:05",686.0,1,"aleksandraavetisova,leonidkononenko"
5550,16657942,"Gokul Prasath","2026-08-04 23:38:18",685.8,2,beastgokul
5551,16668329,HakimTaoufik,"2026-08-18 13:06:18",685.8,2,hakimtaoufik
5552,16742806,"Oğuz Karabulut","2026-09-11 07:47:41",685.4,2,ouzkarabulut
5553,16916213,"Arjun Hans","2026-09-18 02:13:40",685.3,2,arjunhans
5554,16661362,BEETRiX🦋,"2026-09-30 19:40:07",685.0,2,johannaleighdeley
5555,16623969,"Akira Imae","2026-09-21 07:19:19",684.9,2,imaeakira
5556,16659761,cheng-han,"2026-08-06 08:16:10",684.9,2,neoshie
5557,16894603,"Riyan Ahasan Araf","2026-09-16 02:11:59",684.6,2,riyanahasanaraf
5558,16650396,RaymondZhao0304,"2026-08-04 00:39:30",684.6,2,raymondzhao0304
5559,16762021,Dhananjai1729,"2026-09-26 12:19:33",684.6,2,dhananjai1729
5560,16734511,"Marcin Salaterski","2026-09-16 23:18:31",684.3,2,marcinsalaterski
5561,16621802,fgwiebfaoish,"2026-08-13 12:21:54",684.2,2,fgwiebfaoish
5562,16924499,Matterhorn3838,"2026-09-30 07:45:23",683.6,2,matterhorn3838
5563,16939419,goat,"2026-09-30 18:28:35",683.5,2,vinhdang2006
5564,16669491,"Parakh Sharma","2026-08-06 10:59:33",683.3,2,parakh20
5565,16654743,"Jaume Batlle i Ferrer","2026-09-25 06:18:38",683.1,2,jaumebatlleiferrer
5566,16631016,木下陽平,"2026-08-06 14:52:20",683.0,2,yoheikaggle
5567,16627023,Farrmer,"2026-08-05 08:02:35",683.0,2,noahfarr
5568,16663178,Sm00thiecodes,"2026-08-07 11:00:29",682.9,2,sm00thiecodes
5569,16925283,"Carlos Gallego Menor","2026-09-19 19:19:37",682.9,2,carlosgallegomenor
5570,16666625,"Nguyen Ngoc Thien","2026-08-07 16:12:04",682.6,2,ngocthienai
5571,16886420,infoproje,"2026-09-13 12:58:25",682.6,2,infoproje
5572,16935335,"Joshua Attridge","2026-09-22 07:07:14",682.3,2,joshuaattridge
5573,16673155,"Babar Khilji","2026-08-06 15:55:26",682.1,2,babarkhilji
5574,16632446,"Abdul Wahab Khan","2026-08-06 04:53:37",682.1,1,abdulwahab2321
5575,16703300,"Fahd EL ANSARI","2026-09-30 11:50:41",682.1,2,fahdelansari
5576,16659525,"Dang Khoa Nguyen","2026-08-17 09:51:16",682.0,2,khoadangnguye
5577,16858849,"Mark Diamond","2026-09-13 22:11:38",681.9,2,ponkle
5578,16919251,"Eric Fan","2026-09-19 19:04:44",681.9,2,ericfan1110
5579,16876448,"Max Harvestappen","2026-09-23 05:18:56",681.8,2,ryosukefujita
5580,16685879,"Jack Chen lalala","2026-09-30 23:03:55",681.3,2,jackchenlalala
5581,16811628,"Roger Yang","2026-09-08 03:12:08",681.0,2,rogerjyang
5582,16943185,VarchaswaV,"2026-09-22 21:48:07",680.9,2,varchaswav
5583,16665399,"Shivam Shrivastava","2026-08-13 15:32:37",680.7,2,shivamshrivastava180
5584,16656171,ishu,"2026-08-04 03:27:45",680.6,2,ishhverma
5585,16923258,nono00,"2026-09-20 16:43:09",680.5,2,nono00
5586,16794125,"Xero Scythe","2026-09-02 18:57:39",680.4,2,xeroscythe
5587,16753826,"Jai Mata Di","2026-08-31 10:09:11",680.4,2,mrigshira
5588,16762722,"Bruno Romero García","2026-08-31 20:24:32",680.2,2,brunoromerogarca
5589,16894273,Darcy-KAYOKO,"2026-09-30 08:28:18",680.1,2,darcykayoko
5590,16664890,ideal_m99,"2026-09-19 19:12:14",680.0,2,idealm99
5591,16666826,"Simone di costanzo","2026-08-07 19:38:11",679.9,2,simonedicostanzo
5592,16625013,sash,"2026-08-05 01:00:10",679.8,2,sash2104
5593,16796145,Qian,"2026-09-01 15:04:00",679.7,2,"aurelianz,qianyuchaoni"
5594,16664565,"Wayne Chou","2026-08-05 12:30:14",679.5,2,ambientz
5595,16664400,Boruiyang21,"2026-08-05 14:56:03",679.4,2,boruiyang21
5596,16839782,"mou chen111","2026-09-05 15:00:04",679.4,2,mouchen111
5597,16679155,jeziorop,"2026-08-06 20:34:53",679.3,1,jeziorop
5598,16633808,mmath2,"2026-08-07 10:52:38",679.1,2,mmath2
5599,16659883,"Ahmad Hfdx5","2026-08-05 03:33:48",679.1,2,ahmadhfdx5
5600,16677675,"Roman Mironov","2026-08-06 17:30:28",678.9,1,helloromiro
5601,16668357,"B.Pardha Manoj Reddy","2026-08-24 16:57:25",678.8,2,pardhamanojreddy
5602,16764081,"Demir Durbakayım","2026-08-29 21:21:56",678.5,2,sixcode
5603,16764419,"Leo #2","2026-08-30 08:17:12",678.5,1,nanlihao
5604,16650018,EiMengLove,"2026-08-05 10:27:31",678.4,2,konicty
5605,16623448,HoJoonYun,"2026-08-09 13:43:43",678.4,2,hojoonyun
5606,16656503,"Thiago Munhoz da Nóbrega","2026-08-04 20:47:37",678.3,2,thiagommtmn
5607,16677240,"Jeevan Malla","2026-08-07 07:37:46",678.3,2,jeevanmalla
5608,16664300,"swajay nandanwade","2026-08-05 04:57:10",678.2,2,swajaynandanwade
5609,16757741,"Malte Bories","2026-08-25 20:08:35",678.0,2,maltebories
5610,16656345,sunchang71,"2026-08-05 14:05:13",677.9,2,sunchang71
5611,16641093,"Satish ","2026-08-20 04:18:42",677.5,2,satishkommanaboina
5612,16728345,ron,"2026-09-19 21:49:15",677.5,2,romart
5613,16669400,"Martin Konôpka","2026-08-06 12:16:13",677.0,2,rumburakk
5614,16624977,Avikumar93801,"2026-08-11 05:55:19",676.8,2,avikumar93801
5615,16875632,HexTex,"2026-09-12 04:34:49",676.7,2,hexlab
5616,16702509,KošičanSVK,"2026-08-17 18:04:22",676.7,2,ryanstoner
5617,16670304,"Daniel Tomaro1","2026-08-09 03:03:06",676.4,2,danieltomaro1
5618,16668995,"MD.Firoj Khondokar","2026-08-06 11:05:13",676.3,2,mdfirojkhondokar
5619,16629983,Amundsen,"2026-08-05 06:51:46",676.3,2,amundsen
5620,16835371,"Eli Ziv","2026-09-06 00:11:52",676.0,2,eliziv027
5621,16790145,"Casper du Jardin Kejser","2026-09-04 09:12:34",676.0,2,casperdujardinkejser
5622,16798334,"Gabriel othávio","2026-09-02 22:08:55",676.0,2,gabrielothvio
5623,16674550,"Jebastin Nadar","2026-08-06 10:09:16",675.9,2,samfc10
5624,16625663,sota1111,"2026-09-03 01:43:41",675.8,2,sota1111
5625,16654726,"James Mancillas","2026-08-07 15:46:12",675.8,2,jamesmancillas
5626,16663099,"Md. Abdullah Al Mamun","2026-08-05 02:16:43",675.7,2,mamun18
5627,16642154,Burkina_team_mate,"2026-08-06 15:30:54",675.7,2,"belemkalilou,tedjosegregorybere"
5628,16706993,Celibistrial,"2026-09-03 20:28:20",675.6,2,celibistrial
5629,16721639,"Ankit Sain","2026-08-25 01:14:02",675.6,2,thisankitsain
5630,16644390,"Manan Gupta","2026-08-05 17:08:32",675.3,2,obirdy
5631,16661376,"YERMES AMINE","2026-08-04 14:13:45",675.2,1,yermes
5632,16652896,"R^2 negative","2026-08-04 23:14:38",675.1,2,rktqwe
5633,16758174,REBEL_K,"2026-08-27 18:30:45",674.9,2,rebelk
5634,16765310,"Aria Muse","2026-09-30 05:23:00",674.9,2,ariamuse
5635,16802341,"Yousef Turk","2026-09-08 04:00:16",674.4,2,yousefturk
5636,16807575,Rf28,"2026-09-03 10:29:55",674.3,2,rehyyy
5637,16713463,"Dillen Perumal","2026-08-29 16:39:37",674.1,2,dxllen
5638,16715255,"xiaocai liu","2026-09-13 19:19:43",674.1,2,xiaocailiu
5639,16658616,"Amitesh Chaudhary","2026-08-11 10:04:02",674.0,2,amiteshchaudhary
5640,16637797,"Xiangchen Li","2026-08-04 09:47:59",673.9,2,xiangchenli07
5641,16651180,yangyefd,"2026-08-03 08:42:57",673.8,1,yangyefd
5642,16770724,Louras,"2026-08-26 09:49:05",673.7,2,louras
5643,16672672,Koiiiiiopen,"2026-08-08 06:25:21",673.3,2,koiiiiiopen
5644,16940668,"Lars Gade","2026-09-30 19:27:40",673.3,2,larsgade
5645,16667503,Yuzuki,"2026-08-05 12:19:45",673.0,1,yuzukiohya
5646,16734312,truebelief,"2026-09-09 00:11:41",672.8,2,truebelief
5647,16764445,sukesuke012,"2026-09-03 01:40:16",672.4,2,sukesuke012
5648,16653855,"Klgv Klgv","2026-08-06 11:54:38",672.2,2,klgvklgv
5649,16745450,GusNicho,"2026-08-24 03:30:55",672.2,2,pineapplepencil
5650,16672520,"Nah I'd win","2026-08-07 08:09:12",672.1,2,asutriy
5651,16656444,"christopher athans crow","2026-08-05 00:08:13",672.0,2,cchrisaa
5652,16624600,ariacat,"2026-08-06 07:16:44",672.0,2,ariacat
5653,16655603,"Veeranuch Leelalai","2026-08-11 12:55:29",671.9,2,veeranuchleelalai
5654,16936773,"shahab shahsavar","2026-09-26 03:17:27",671.9,2,shahabshahsavar
5655,16668060,"Spiros Skarmoutsos","2026-08-08 12:48:07",671.8,2,spirosskarmoutsos
5656,16887820,"Radosław Czajkowski","2026-09-30 11:50:23",671.7,2,radoslaw
5657,16643095,ckyasb,"2026-08-05 14:39:42",671.7,2,ckyasb
5658,16634078,"yoho kumedayo","2026-08-15 12:48:29",671.6,2,dorachinyastyle
5659,16632250,"Mesut Gözdemir","2026-08-05 17:54:14",671.5,2,gfkfu123
5660,16656170,"Chakrabhuana V  Deva","2026-08-05 06:54:50",671.3,2,chakrabhuanavdeva
5661,16664775,DoubleZs,"2026-08-06 02:55:02",671.2,2,zhang051018
5662,16762634,"Clement Ling","2026-09-11 08:49:26",671.1,2,clementling
5663,16670765,"tensor choko","2026-08-05 23:03:23",671.0,1,tensorchoko
5664,16717448,getalife();,"2026-09-20 08:55:13",670.9,2,"byteknight28,dhairyapandya24,rounakagrwl"
5665,16655493,TheDigitalCK,"2026-08-07 12:31:58",670.7,2,thedigitalck
5666,16623236,"Yonatan Nemtsov","2026-08-06 00:28:01",670.7,2,yonatannemtsov
5667,16635680,starclan,"2026-08-14 17:50:55",670.5,2,starclan
5668,16661532,"Fedor Baart","2026-08-05 12:34:21",670.5,1,fedorbaart
5669,16718916,"ROBERT SSEBAMBULIDDE","2026-08-14 19:21:24",670.4,2,robertssebambulidde
5670,16698045,"Vikhas S G","2026-09-07 06:12:25",670.0,2,vikhassg
5671,16729564,"Eirik Tveiten","2026-08-19 13:04:02",669.9,2,eiriktveiten
5672,16654946,AliLucky,"2026-08-05 15:07:59",669.9,2,alilucky
5673,16666163,"Muthuraman Raman 7","2026-08-06 05:25:09",669.8,2,muthuramanraman7
5674,16662904,Bharathms1902,"2026-08-08 11:41:54",669.6,2,bharathms1902
5675,16660824,"Stitch Clarity","2026-08-04 15:27:53",669.6,2,stevenanctil
5676,16656420,"Aditya Raj #2","2026-08-18 16:37:49",669.5,2,optimus2005
5677,16632055,Bugra0,"2026-08-03 22:44:42",669.4,2,bugra0
5678,16667205,"Andrew Lee","2026-08-06 11:16:52",669.3,1,andrewlee23023
5679,16666609,"visit palja.co","2026-08-15 03:34:49",669.3,2,sselrats
5680,16654419,kreiack,"2026-08-09 23:47:00",669.0,2,kreiack
5681,16655534,"Charles Mills","2026-08-06 16:40:27",669.0,2,charlesqmills
5682,16662496,KhalidKhan,"2026-08-05 05:31:07",668.9,2,feedfeed
5683,16691310,"Ganesh ","2026-09-28 22:03:09",668.9,2,hotshot1798
5684,16654271,"Sophie and Yanna","2026-08-19 17:08:47",668.9,2,"morty3500,sophanie"
5685,16792155,abc,"2026-09-03 06:45:13",668.9,2,"datqg0,quangnguyn132"
5686,16660470,"Oğuz Kaan Mavice","2026-08-28 09:39:58",668.8,2,oguzkaanmavice
5687,16657861,"Liao Zixu","2026-08-25 04:28:34",668.8,2,liaozixu
5688,16680239,"Marinto Richee J","2026-08-12 08:21:02",668.7,2,marintoricheej
5689,16770912,IsonaEi,"2026-08-26 12:48:48",668.6,1,isonaei
5690,16661019,lmq,"2026-08-04 14:47:23",668.5,2,lmminhquang
5691,16797134,Yooho0,"2026-09-07 16:25:05",668.4,2,yooho0
5692,16663407,Denis,"2026-08-11 17:42:21",668.2,2,matsiusheuski
5693,16881685,"Vladislav Mlechko","2026-09-12 16:41:48",668.2,1,vladislavmlechko
5694,16676054,"Vladislav Konstantinov","2026-08-08 09:33:35",668.1,2,vladkonstantinov
5695,16842527,ko_fusion_JPN,"2026-09-30 23:55:12",668.0,2,kofusionjpn
5696,16719793,dhuruvapriyan,"2026-08-14 16:06:42",667.8,2,dhuruvapriyan
5697,16672264,iiTz_AK,"2026-08-15 12:18:44",667.8,2,iitzak
5698,16664291,"William Dennis","2026-08-11 07:57:27",667.8,2,williamdennis
5699,16659676,Light,"2026-08-05 03:07:39",667.6,2,aadarshashrestha007
5700,16632686,strike,"2026-08-06 06:21:38",667.3,2,nicolia
5701,16918433,"Mingkang He","2026-09-29 03:31:49",667.3,2,mingkanghe
5702,16678965,MrGS,"2026-08-09 01:18:09",667.1,2,gabrielsderhll
5703,16758889,bomboclat,"2026-08-30 08:52:08",667.0,2,sstprk
5704,16679861,Pandabueno,"2026-08-12 15:51:48",666.9,2,ronaldomonzn
5705,16942806,rosefinch555,"2026-09-27 10:14:55",666.8,1,rosefinch555
5706,16660939,"Quenux Studio","2026-09-03 17:07:26",666.8,2,dieguis1976
5707,16663273,"Mason Frias","2026-08-06 22:57:08",666.7,2,masonfrias
5708,16866109,AAA-建材批发旭哥,"2026-09-12 03:44:40",666.7,2,aaawenxu
5709,16669052,"Md. Asif Hossain","2026-09-18 05:29:41",666.6,2,sabuktagin
5710,16654081,"Aleksei Ponomarev","2026-08-06 00:43:57",666.2,2,alekseiponomarev
5711,16930368,sillaby,"2026-09-30 19:19:33",666.0,2,sillaby
5712,16660819,nya654nya,"2026-09-14 08:30:21",665.7,2,nya654nya
5713,16658562,mashBrian254,"2026-08-04 10:48:33",665.6,2,mash1990
5714,16740633,zhangtingyu11,"2026-08-20 04:34:32",665.4,2,zhangtingyu11
5715,16665994,Rakhansyah,"2026-08-25 13:08:20",665.4,2,rakhansyah
5716,16690050,PersistentLife,"2026-08-08 17:16:17",665.3,2,persistentlife
5717,16699699,rudykane,"2026-08-11 16:06:34",665.1,2,rudykane
5718,16653958,seowoohyeon,"2026-08-06 11:48:06",665.1,2,seowoohyeon
5719,16675203,HK,"2026-08-06 11:38:05",665.0,1,hizurukonishi
5720,16654153,"Mateus Cruz, Msc.","2026-08-03 17:44:02",664.7,1,matteuscruz
5721,16636148,SanggeunParrk,"2026-08-05 04:04:32",664.6,2,sanggeunparrk
5722,16637519,Temprao,"2026-08-03 12:16:43",664.5,1,maruimono928
5723,16772626,"Dr. Mikholae Hutchinson","2026-09-05 19:48:53",664.5,2,drmikholaehutchinson
5724,16766274,"Satwato Dey","2026-09-24 20:50:22",663.9,2,satwato
5725,16735488,"arhaan rai","2026-09-01 19:18:46",663.9,2,arhaanrai
5726,16846490,MazharShaikh,"2026-09-12 04:53:27",663.8,2,mazharshaikh
5727,16661353,mithi,"2026-08-11 20:04:07",663.8,2,singhaleo
5728,16847548,"Abhinav Sai Podugu","2026-09-10 06:59:09",663.8,2,abhinavsaipodugu
5729,16832844,aliREZA,"2026-09-17 23:55:15",663.7,2,afazlik1
5730,16656304,"Gururaj Athani","2026-09-12 02:26:55",663.5,2,gururajathani
5731,16663052,gh,"2026-09-13 21:30:08",663.4,2,grzegorz
5732,16655294,Mobzya,"2026-08-26 23:11:15",663.4,2,mobzya
5733,16655596,Bela,"2026-08-04 01:18:06",663.1,1,istribaik
5734,16797785,"Vivek Verma","2026-08-31 20:36:45",663.0,2,cosmicescape
5735,16631261,Monster,"2026-08-04 15:46:32",663.0,2,tmtngtrng
5736,16694399,"Sujith Kumar Sashikanth","2026-08-10 00:01:32",662.9,2,sujithsashi
5737,16628727,dominyellow,"2026-08-04 11:44:21",662.9,2,dominyellow
5738,16653122,Wei_Chance,"2026-08-23 10:25:14",662.8,2,bystanderq
5739,16667547,"miaoqing long","2026-08-06 03:31:43",662.6,2,miaoqinglong
5740,16639473,"Jeff Borschowa","2026-08-02 00:39:11",662.5,2,jeffborschowa
5741,16748741,"pt ptao","2026-08-26 12:50:45",662.5,2,ptptao
5742,16687135,"Kavya Bhandari","2026-08-22 17:20:43",662.3,2,kavyabhandari1998
5743,16663096,Agola_dasacic,"2026-08-04 20:07:50",662.2,2,mnu303
5744,16807281,sansh0u0,"2026-09-27 15:50:16",662.1,2,sansh0u0
5745,16872090,DanielAarhus,"2026-09-17 07:10:37",661.8,1,danielaarhus
5746,16660376,"Ahmed Sedky 0100","2026-08-06 20:56:37",661.6,1,ahmedsedky0100
5747,16850098,"Bob Gerry","2026-09-09 05:35:31",661.6,2,bobgerry
5748,16658569,"Danu A.","2026-08-05 13:12:09",661.4,2,eu1234
5749,16661410,tmxdlr,"2026-08-05 12:40:54",661.2,2,tmxdlr
5750,16658684,"Takayuki Michishita","2026-09-13 11:00:03",661.2,2,takayukimichishita
5751,16732722,Kusanagi,"2026-08-24 21:52:54",661.0,1,kusanagiap
5752,16767453,IterumVici,"2026-09-06 19:28:10",661.0,2,iterumvici
5753,16665293,"ADITYA BEECHA","2026-08-10 05:16:38",660.9,2,bechaaditya
5754,16654209,"Nirav Mehta 1612","2026-08-10 15:41:47",660.9,2,niravmehta1612
5755,16639241,"Alissa King","2026-08-04 05:05:30",660.4,2,alissaking
5756,16949731,"Engel Ai Labs","2026-09-24 00:56:37",660.2,2,joshuaziese
5757,16677965,felipe9695,"2026-08-12 21:23:05",660.0,1,felipe9695
5758,16664221,Anish,"2026-08-14 00:53:48",659.9,2,anishmunje
5759,16664653,Adir,"2026-08-26 00:49:46",659.9,2,adiradam
5760,16765743,page0526,"2026-08-26 02:08:11",659.8,2,page0526
5761,16876275,"JOP OK","2026-09-18 18:09:43",659.2,2,fuveo24
5762,16644221,"Guzha Panashe H","2026-08-22 15:34:41",659.1,2,guzhapanasheh
5763,16642207,"Nerijus Areska","2026-08-04 00:01:32",659.1,2,nerijusareska
5764,16682908,"Masha Mashallah","2026-09-12 09:32:09",659.1,2,mashamashallah
5765,16744640,"Marcin Skalski","2026-09-01 18:25:08",658.8,2,marcinskalski
5766,16662872,"Artem Garbart","2026-08-05 09:41:29",658.4,2,artyomgarbart
5767,16875907,"Yash Mathur","2026-09-18 16:13:00",658.3,2,yashmathur03102001
5768,16855147,Kao0207,"2026-09-12 12:32:12",658.2,2,kao0207
5769,16775210,"Daniel LPD","2026-09-10 14:44:52",658.2,2,daniellpd
5770,16736314,"wuret henr","2026-08-20 09:10:48",658.2,2,wurethenr
5771,16678250,"RMS Danaraj","2026-09-08 19:52:43",657.9,2,salorajan
5772,16658852,"Chhaya Awasthi","2026-08-04 09:37:05",657.8,2,chhayaawasthi
5773,16729515,"Emmanuel Tolani","2026-08-29 15:03:36",657.7,2,emmanueltolani
5774,16775250,Junrong,"2026-08-30 00:00:13",657.6,2,fjhgjf
5775,16682353,"counter puncher","2026-09-16 13:38:14",657.6,2,ahmadabdoumalickdiop
5776,16641489,suminshim,"2026-08-03 06:24:39",657.4,2,suminshim
5777,16635612,Julian,"2026-09-27 07:55:19",657.4,2,mob404
5778,16688884,"As Wasti","2026-08-14 01:34:26",657.2,2,aswasti
5779,16632694,8ct10nz,"2026-08-04 12:02:49",657.2,2,act10nz
5780,16659435,Zerabyte_X,"2026-08-04 09:52:16",656.5,1,zerabytex
5781,16660853,"lxh unbound","2026-08-05 00:02:02",656.5,2,lxhunbound
5782,16623732,A.S.TENSHU,"2026-08-17 16:25:35",656.4,2,kirvk013
5783,16862913,MLEDV,"2026-09-11 18:13:10",656.3,2,edwardvaines
5784,16656709,"Anh-Vu Mai-Nguyen","2026-09-30 13:21:45",656.3,2,mainguyenanhvu
5785,16763865,SydneyC666,"2026-08-26 08:50:40",656.0,2,sydneyc666
5786,16654006,"Harish Dhanarajan","2026-08-03 17:23:50",656.0,1,harishdhanarajan
5787,16929792,"Ganesh K","2026-09-22 19:25:02",655.9,2,ganeshk2846
5788,16655530,AlivRick,"2026-08-05 16:18:54",655.9,2,alivrick
5789,16806251,"Seok Jun Kim","2026-09-08 07:51:16",655.5,2,sjk1225
5790,16630760,dkzmn,"2026-09-04 08:59:03",655.5,2,dmkzmn
5791,16661229,Gena,"2026-08-04 15:18:42",655.5,2,gdonchyts
5792,16846320,"hao zhang","2026-09-29 04:19:20",655.4,2,zhanghao913
5793,16658261,"Manan Khanna","2026-08-04 07:41:27",655.4,1,manankhanna0
5794,16659874,"ding yumeng","2026-08-26 11:59:06",655.4,2,dingyumeng
5795,16668361,NinhNguyen,"2026-09-12 12:55:39",655.1,2,ninhnt110695
5796,16775353,"YK Pan","2026-09-29 11:16:13",655.0,2,vansher
5797,16784599,"Engineer Lisa","2026-09-30 22:27:15",654.7,2,lisamhines
5798,16655712,"Smart Manoj","2026-08-04 01:55:13",654.5,2,smartmanoj
5799,16844092,Johana01,"2026-09-15 08:10:42",654.5,2,johana01
5800,16661670,sansm1,"2026-08-04 16:54:59",654.4,2,sansm1
5801,16731990,Karl0106,"2026-09-18 08:35:18",654.3,2,karl0106
5802,16758383,"Tong Jing Yen","2026-09-03 20:42:50",654.2,2,tongjingyen
5803,16914081,"Ashmit Janjirkar","2026-09-25 07:33:21",654.2,2,ashmitjanjirkar
5804,16819277,"Enshi Zhang","2026-09-05 16:26:29",653.7,2,enshizhang31
5805,16635159,Abdulsamad,"2026-08-06 11:48:04",653.7,2,abdulsamadjod1234
5806,16634213,kkunizaw,"2026-08-03 20:47:58",653.5,2,kkunizaw
5807,16667730,"Surya Vijjeswarapu","2026-09-03 18:49:07",653.3,2,suryavijjeswarapu
5808,16657077,_LT_zyc,"2026-08-05 01:01:42",652.9,1,zyczyc
5809,16658571,"Yusuke Sato","2026-08-27 03:06:42",652.9,2,wanko123
5810,16632536,"Aleksander Sachuk","2026-08-02 21:33:27",652.7,2,alexsssachuk
5811,16621557,"Vijay Krishna Lanka","2026-09-27 05:51:08",652.7,2,vijaykrishnalanka
5812,16894008,"Marcus Jamieson","2026-09-25 10:34:42",652.7,2,marcusjamieson
5813,16667058,"Lê Quốc Duy","2026-08-08 01:03:08",651.9,2,lqucduy
5814,16739551,arao,"2026-08-28 21:24:55",651.7,2,anjanarao
5815,16670099,"Jon Snyder","2026-08-06 00:27:21",651.7,2,snyderj1515
5816,16655339,harmo-miu,"2026-08-23 05:57:37",651.6,2,harmomiu
5817,16699080,"Karthikeya Thatipamula","2026-09-12 04:52:19",651.4,2,karthikeya18
5818,16657294,"Ragul M","2026-08-04 07:08:51",651.1,2,ragul7002
5819,16818086,wwewwt,"2026-09-08 05:44:07",650.9,2,wwewwt
5820,16726617,"Chase Lebarv","2026-08-19 01:07:58",650.6,2,chaselebarv
5821,16714166,"Naman Malik","2026-09-30 19:57:26",650.6,2,"adenijielijah,anapau11,marydata,namanmalik81714"
5822,16818110,Kactus,"2026-09-16 00:15:43",650.5,2,kactus
5823,16656308,"Srishanth Sriramula","2026-08-08 09:02:13",650.3,2,srishanthsriramula
5824,16945354,"Aakriti Rao","2026-09-23 06:57:11",650.1,2,aakriti0110
5825,16658645,"Alan T Hall","2026-09-30 23:54:10",650.0,2,alanthall
5826,16659444,"ANKIT AGARWAL","2026-09-27 17:29:55",650.0,2,ankwall223
5827,16641068,"Rahul Ray","2026-08-05 14:27:07",649.9,2,rahulray5
5828,16677514,mayoristaNLP,"2026-08-09 16:33:23",649.7,2,mayoristanlp
5829,16823252,"FARZANA ALI","2026-09-30 07:11:31",649.7,2,farzanaali
5830,16809515,"Александр Трифонов","2026-09-12 20:13:15",649.6,2,cybrvibe
5831,16639567,YassY_The_AlchemYst,"2026-08-11 15:07:03",649.5,2,yassineelhallaoui
5832,16622015,"Ioannis M","2026-08-06 08:12:21",649.3,2,imeintanis
5833,16644185,"Mimic Mohsin","2026-08-02 18:38:46",649.2,1,mimicmohsin
5834,16655217,"Jiawei Zhao","2026-09-26 21:57:57",649.0,2,c789a123
5835,16643922,Konstantin03,"2026-09-07 17:03:30",648.8,2,konstantin03
5836,16825081,huohuaya,"2026-09-09 06:09:50",648.8,2,huohuaya
5837,16622312,"Malak Reda","2026-08-03 09:02:41",648.8,2,malak457
5838,16659446,zhaozy233,"2026-09-30 09:03:10",648.3,2,zhaozy233
5839,16634876,MakiMakiAi,"2026-08-02 07:52:40",648.3,2,makimakiai
5840,16651613,"Devin Zhou","2026-08-05 02:27:36",648.3,2,devinzhou
5841,16669282,sky233,"2026-08-06 17:06:04",648.2,2,sky233
5842,16673682,MJ.LIU.T,"2026-08-06 08:14:05",648.1,1,mjliut
5843,16942421,"Raj Tharun","2026-09-30 17:32:12",647.9,2,tharunraj1122
5844,16734672,"Artom  Wade","2026-09-30 22:18:15",647.8,2,artomwade
5845,16658264,XiweiZhou,"2026-09-06 23:35:58",647.4,2,xiweizhou
5846,16636105,"Md. Mehedi Hasan","2026-08-01 14:03:03",647.2,2,mehedi052
5847,16646360,"Asrith Singampalli","2026-08-03 08:46:59",646.9,2,asrithsingampalli
5848,16697694,"Adithya Thiruvalluvan","2026-09-30 22:38:26",646.9,2,forestfire7
5849,16655588,"The Devil's World 678","2026-08-07 10:39:23",646.8,2,thedevilsworld678
5850,16730180,zshandy,"2026-09-08 04:57:54",646.7,2,zshandy
5851,16714335,"Jake Mordan","2026-09-30 23:35:08",646.5,2,jakemordan
5852,16709136,ryanocm,"2026-08-13 15:08:49",646.1,2,ryanong
5853,16693949,"Eric Worrall","2026-09-30 22:54:17",645.9,2,ericworrall
5854,16637340,the_vinci_coder,"2026-08-03 16:27:16",645.7,2,lokijt
5855,16668633,peien5,"2026-08-06 14:44:47",645.4,2,peien5
5856,16728069,Taisei7,"2026-09-09 06:27:49",645.0,2,taisei7
5857,16633083,bsenst,"2026-08-07 12:38:47",645.0,2,bnzn261029
5858,16774787,wpk1122,"2026-08-29 01:54:49",645.0,2,wpk1122
5859,16691938,"PRASHANT SUTHAR11","2026-09-25 12:12:57",644.6,2,prashantsuthar11
5860,16672035,diet1236364,"2026-08-09 23:37:45",644.5,2,kosuke123
5861,16663187,"Teddy McBride","2026-08-07 03:59:53",644.5,2,tedcr100
5862,16663444,Thomas,"2026-08-11 04:21:42",644.4,2,tartieret
5863,16730199,kawanot,"2026-08-24 09:15:18",644.2,2,kawano
5864,16732048,jiangletian,"2026-09-29 23:16:00",644.2,2,jiangletian
5865,16664439,"Tony T","2026-09-10 12:16:04",644.0,2,thekke
5866,16786115,"Andy Phan","2026-09-07 01:10:28",644.0,2,andyphan
5867,16802675,manishcs076,"2026-09-16 21:13:06",643.9,2,manishcs076
5868,16853417,"Aditya Prasetyo Budiarso","2026-09-11 11:59:34",643.8,2,artsodeva
5869,16623389,"Mominul Islam Hemal","2026-08-02 11:23:03",643.7,2,mominulislamhemal
5870,16659565,Tekin24,"2026-08-13 21:25:21",643.7,2,tekin24
5871,16622760,yunus_bayram_kagle,"2026-08-04 07:49:00",643.7,2,yunusbayramkagle
5872,16656379,"Jay Gautam","2026-08-12 12:19:40",643.6,2,jaygautam007
5873,16717414,"Akshit Sivaraman","2026-08-13 14:43:40",643.2,2,akshitsivaraman
5874,16822111,hikarimaru,"2026-09-10 14:07:36",643.1,2,hikarimaru
5875,16733195,"Zukas F.","2026-09-29 14:10:55",643.0,2,zukasf
5876,16738239,"Yaseen Shah7897","2026-09-08 05:57:15",642.9,2,yaseenshah7897
5877,16626217,"Stanislav Chistyakov","2026-08-05 18:52:47",642.7,2,chistyakov
5878,16644415,Ztrk,"2026-09-03 17:04:24",642.7,2,ztrk123
5879,16632571,"nishchal jain","2026-08-03 07:27:14",642.3,2,nishchaljainds
5880,16639719,JASONSLIMWONG,"2026-08-02 08:11:22",642.2,2,jasonslimwong
5881,16652339,"Mohamed Amine Rebhi","2026-08-03 16:03:07",642.1,2,mohamedaminerebhi
5882,16923772,"Aidan Edward Lawson","2026-09-21 05:55:34",642.0,2,modalpathethics
5883,16655396,Tesla1AC,"2026-08-08 08:18:09",641.9,2,mathornton
5884,16659996,Schwifty,"2026-08-12 20:01:01",641.8,2,schwiftyc137
5885,16720331,Meghana,"2026-09-30 17:25:48",641.7,2,meghaaira
5886,16792512,ckd999,"2026-09-27 13:27:28",641.5,2,ckd999
5887,16685412,Praveen8775,"2026-09-22 15:48:40",641.4,2,praveen8775
5888,16665301,EricYang03,"2026-08-13 15:49:11",641.3,2,ericyang03
5889,16674532,"shoaib khan","2026-08-08 01:57:11",641.2,2,manifoldinfo
5890,16634036,"Emanuel Lázaro","2026-08-02 14:55:30",641.1,2,emanuellcs
5891,16640877,Yorix.um,"2026-08-02 13:31:28",641.0,1,yorixum
5892,16747914,"Token's Expired","2026-08-22 16:25:39",640.9,2,"adeebshekh,akratisingh0101,shaankapoor21"
5893,16665654,"Anurag H H","2026-09-10 15:05:26",640.9,2,anur4ghh
5894,16669227,"Tom Dufresne","2026-08-07 11:17:39",640.9,2,tadufre
5895,16774682,"Tatsuhito Yoshikawa","2026-09-04 02:14:45",640.9,2,tatsuhitoyoshikawa
5896,16650701,"Oliver Wang","2026-08-03 16:17:36",640.8,2,oliverwang15
5897,16772394,TNWL,"2026-09-27 07:43:54",640.7,2,vuminh
5898,16643692,Samsay24,"2026-08-02 17:22:45",640.2,1,samsay23
5899,16670842,Cole,"2026-08-15 19:50:43",640.1,2,colechristensen
5900,16859900,ZZZ234234234,"2026-09-25 10:49:35",639.9,2,zzz234234234
5901,16916717,Rubén,"2026-09-18 18:44:49",639.8,2,rucamaba
5902,16637489,"Gopal Krishna Gundumalla","2026-08-02 12:39:17",639.7,2,gopalkrishnag
5903,16639471,CaminoLSY,"2026-08-05 01:22:09",639.5,2,lsy37521
5904,16658048,"Joel jaison 391","2026-08-05 02:31:57",639.3,2,joeljaison391
5905,16675452,Vladislav,"2026-08-12 13:58:35",639.1,2,simmeringoverstep
5906,16882072,"Ahmed Isa Zaweel","2026-09-13 09:57:29",639.1,2,ahmedisazaweel
5907,16640619,"Sơn Nguyễn","2026-08-28 08:19:19",639.0,2,sonnguyen10
5908,16815488,"crothety liu","2026-09-05 06:27:35",638.5,2,crothetyliu
5909,16734321,SubratP85,"2026-08-25 21:03:35",638.4,2,subratp85
5910,16797025,"Jonathan Glinton","2026-09-11 17:11:01",638.4,2,jonathanglinton
5911,16654235,"Mwanza Wambua","2026-08-06 10:16:13",638.2,2,mwanzawambua
5912,16700265,Reesav,"2026-08-10 14:15:06",638.2,2,reez08
5913,16939742,"Shivang Modi","2026-09-28 17:29:13",638.1,2,shivang22
5914,16888646,tinaztepec,"2026-09-19 16:21:38",637.8,2,tinaztepec
5915,16634022,"Cihan Atak","2026-08-02 16:00:43",637.8,2,cihanatak
5916,16849443,"Abhishek Kumar Gupta","2026-09-08 17:27:49",637.7,2,guptabhishekumar
5917,16898276,SergioMoras,"2026-09-18 10:49:37",637.7,2,sergiomoras
5918,16714894,"Mitsuaki Inoue","2026-09-30 22:51:32",637.2,2,mitsuakiinoue
5919,16640811,cyberia,"2026-08-02 09:12:23",636.9,1,cyberia
5920,16923101,Kimodii,"2026-09-20 05:30:33",636.6,2,kimodii
5921,16661685,"Lê Ngọc Lâm","2026-08-13 15:29:40",636.5,2,lengoclam
5922,16884517,"Fizie Fulumaka","2026-09-14 07:46:31",636.4,2,fiziefulumaka
5923,16728204,Meshwa,"2026-09-04 11:17:12",636.4,2,meshwapatel4287
5924,16883264,"João Felipe Aguiar","2026-09-13 15:32:14",636.2,2,joofelipeaguiar
5925,16664249,"Rohan Jain","2026-08-17 20:26:14",636.2,2,rohanjain2312
5926,16717483,Caerno,"2026-09-29 07:56:08",636.1,2,caerno
5927,16798401,"Hunter Mimaroglu","2026-09-02 22:00:37",636.1,2,huntermimaroglu
5928,16640461,"Shigeru Kondou","2026-09-17 19:12:22",636.0,2,shigerukondou
5929,16927400,HaY0801,"2026-09-30 03:24:05",635.9,2,hay0801
5930,16715399,"Julia Chien","2026-09-05 08:21:06",635.7,2,juliachien
5931,16941830,"Yasin Baykal","2026-09-23 09:27:10",635.5,2,godmethium
5932,16654193,fvong,"2026-09-04 07:15:22",635.4,2,fvong35963
5933,16849153,"Zackary Loevseth","2026-09-08 06:14:48",635.3,2,zackaryloevseth
5934,16715251,SoraGinko,"2026-08-28 18:52:17",635.0,2,terrywuu
5935,16926305,"Ιωάννης Μπερτολης","2026-09-23 16:15:30",634.9,2,"absor97,bertolis"
5936,16726093,CocoTeam,"2026-08-18 14:22:45",634.8,2,"albaasca,ceemeese"
5937,16675997,"Rintaro Moriwaki","2026-09-16 16:03:10",634.8,2,rintaromoriwaki
5938,16677752,"Senya Ka","2026-08-08 19:16:00",634.6,2,m1greatcool
5939,16657419,"Saivedant Hava","2026-08-05 06:36:39",634.6,2,saivedanthava
5940,16881453,"fahim magsi","2026-09-13 15:18:43",634.4,2,fahimmagsi
5941,16658050,"changwei shi","2026-08-18 02:45:47",634.4,2,changweishi
5942,16858944,Ashish_G_A,"2026-09-30 23:09:25",634.3,2,ashishga
5943,16670424,"Josep Audenis","2026-08-11 17:52:07",634.3,2,josepaudenis
5944,16622940,"Enrico Ambrosio","2026-08-06 19:56:30",634.2,2,enricoambrosio
5945,16639810,gytdrop,"2026-08-14 12:47:28",634.2,2,"kartikeyrajbhar,shaikaktharali"
5946,16925125,Chirag&Sanika,"2026-09-30 03:26:24",633.8,2,chiragdeshmukh1
5947,16798268,KAEOS,"2026-09-30 09:09:01",633.6,2,hitesh221
5948,16884753,God111,"2026-09-30 12:21:44",633.6,2,god111
5949,16860086,MTD-hAs,"2026-09-29 02:08:09",633.6,2,mtdhas
5950,16662633,"Shekhar Suman","2026-08-15 19:17:49",633.4,2,shekharvc
5951,16639973,akky,"2026-08-03 15:39:41",633.3,2,tellxxx
5952,16636725,shichi,"2026-08-11 12:47:35",633.2,2,shichi
5953,16882001,"Satyam Pote","2026-09-13 00:00:04",633.1,2,satyampote
5954,16793626,"KO LIH HAN","2026-09-11 01:29:18",633.1,2,kolihhan
5955,16718039,Uman_n3l,"2026-08-31 14:40:32",633.0,2,umann3l
5956,16718579,"Nazariy Karpov","2026-08-18 07:28:29",632.9,2,nazariykarpov
5957,16654579,"anagha kv","2026-09-23 06:30:22",632.8,1,anaghakv6801
5958,16667516,Rosastella,"2026-08-05 16:00:48",632.7,2,rosastella
5959,16669164,コノウイ,"2026-09-23 16:51:48",632.6,2,nickhu0414
5960,16678666,"Rudranarayan Pradhan","2026-08-09 12:28:32",632.4,2,itzrnp
5961,16659125,"Meet Parekh","2026-08-19 10:31:09",632.4,2,meetparekh1
5962,16760087,Slizzle,"2026-08-30 04:37:40",632.3,2,sloan98
5963,16863492,"Andrew Kalita","2026-09-10 03:32:25",632.1,2,andrewkalita
5964,16883641,"Benedek Brandschott","2026-09-30 23:42:29",632.0,2,benedekbrandschott
5965,16658252,"Krishnan CS","2026-08-20 05:28:14",631.9,2,krishnanchathadi
5966,16657095,"Prashant Kumar","2026-08-20 12:59:11",631.9,2,praskr
5967,16854339,"ML Underdogs","2026-09-22 06:19:48",631.6,2,mdjubairhasan
5968,16663933,AnshV1,"2026-08-06 03:03:35",631.3,2,anshv1
5969,16891184,rbjp557,"2026-09-30 03:35:55",631.2,2,rbjp557
5970,16934906,"sou yamaguchi","2026-09-21 09:59:04",631.2,2,souyamaguchi
5971,16634752,"Praise the SHOVEL","2026-08-03 16:16:28",631.0,2,barnobarno
5972,16925442,"Stef Sempels","2026-09-22 08:29:38",630.9,2,stefsempels
5973,16707034,"Muhammed Ali Kul","2026-09-30 11:22:28",630.7,2,muhammedalikul
5974,16675661,June_mk,"2026-09-06 00:08:47",630.6,2,jungoto
5975,16664103,izack2666,"2026-08-07 14:41:10",630.6,2,izack2666
5976,16664828,Leon,"2026-08-09 09:00:09",630.5,2,leonmyl
5977,16703203,"Hamza Shafik ","2026-08-17 23:48:06",630.5,2,hamzashafik12
5978,16758298,"Jack p","2026-08-30 07:36:22",630.1,2,jtv199
5979,16755398,takataok_42,"2026-09-28 13:42:33",630.0,2,takataok42
5980,16762719,"Ahmet Bilginoglu","2026-09-02 20:34:49",629.9,2,ahmetbilginoglu
5981,16784056,"anh nông dân may mắn","2026-09-30 23:31:16",629.8,2,nguyen1tri
5982,16669330,"Panagiotis Charalabopoulos","2026-08-26 18:49:46",629.7,2,panagiotischaral
5983,16759162,sgsuh,"2026-09-23 14:41:49",629.6,2,seukgyo
5984,16845284,KD0G22,"2026-09-07 20:07:47",629.4,2,kd0g22
5985,16947217,"Chikkam Sandeep Munna","2026-09-25 20:26:45",628.7,2,chikkamsandeepmunna
5986,16692569,"Mark Kirwan","2026-08-26 08:05:16",628.6,2,markkirwan1990
5987,16716522,"Lavanya Bacche","2026-08-17 08:43:40",628.5,1,lavanyabacche
5988,16623555,yindujuxi,"2026-08-01 10:11:35",628.2,2,yindujuxi123
5989,16675780,susutem,"2026-09-30 23:45:31",628.2,2,susutem
5990,16793895,"Moh Notif","2026-09-30 15:24:10",628.0,2,mohnotif
5991,16688429,"Omrani Rabah","2026-08-11 22:19:21",627.9,2,omranirabah
5992,16635049,rooklift,"2026-08-16 06:27:36",627.5,2,rooklift
5993,16708369,JairSanchez151270,"2026-08-11 16:30:55",627.1,2,jairsanchez151270
5994,16747163,"Sarthak Patel","2026-09-27 13:17:54",627.0,2,sarthakpatel2028
5995,16749524,zzholo,"2026-09-06 00:16:17",626.9,1,zzholo
5996,16699415,"Dohwan Kwak","2026-08-31 01:05:28",626.7,2,dohwankwak
5997,16804027,ceir-ceir,"2026-09-03 19:11:09",626.7,2,ceirceir
5998,16633923,JackyFan123,"2026-08-01 15:22:04",626.7,2,jackyfan123
5999,16691481,"Aditi Salvi","2026-08-18 15:24:53",626.5,2,aditisalvi04
6000,16924892,"cheng chen","2026-09-26 02:32:48",626.4,2,icebruce
6001,16688868,AlbanMaurel7,"2026-08-14 01:34:07",626.4,2,albanmaurel7
6002,16654705,"Abu Saleh","2026-09-09 17:01:47",626.3,2,salehjunior
6003,16756176,"Unsh Rawal","2026-09-06 20:29:16",626.1,2,unshrawal
6004,16758204,kkKaan,"2026-08-24 07:56:58",626.0,2,kkkaan
6005,16699578,kakanekoka,"2026-09-04 17:45:15",626.0,2,kakanekoka
6006,16663659,"Omer Rehman","2026-09-02 11:05:02",625.8,2,omerrehman97
6007,16669466,"vuppuluri sriramsubhash","2026-08-06 08:42:50",625.7,2,vuppulurisriram
6008,16840735,"Heavy Drivers 2.0","2026-09-16 22:40:25",625.4,2,"cranjuice,pgggggggggggg,sudhanvaed25b055"
6009,16735298,Watary0927,"2026-08-22 23:25:11",625.4,2,watary0927
6010,16652334,"Aldibek [dsmlkz]","2026-08-27 19:33:18",625.3,2,aldibek
6011,16856888,"Md Mehrab Hossain Opi","2026-09-10 07:16:45",625.3,2,iamopi
6012,16666452,"victor souza","2026-08-09 17:07:51",624.7,2,victorcaio
6013,16659174,Soulwood,"2026-09-06 04:56:32",624.5,2,soulwood
6014,16668923,"duy tran","2026-08-10 18:38:49",624.4,2,duytran23
6015,16663515,HamsterSashka,"2026-08-20 14:40:55",624.4,2,hamstersashka
6016,16944040,guarva,"2026-09-25 10:27:00",624.4,2,guarva
6017,16811547,Merlin,"2026-09-30 05:54:20",624.3,2,huntergrey
6018,16724364,Sh4ron,"2026-09-30 03:41:14",624.0,2,sh4ron
6019,16773966,"Ronel Abraham Mathew","2026-08-26 16:05:26",624.0,2,ronelm
6020,16693903,"Alief Randiansyah","2026-08-09 09:37:39",624.0,1,"aliefrandiansyah,salsaaghnia"
6021,16658430,b._.q,"2026-09-23 08:33:16",623.5,2,bruyantq
6022,16809371,"Aashir Noman","2026-09-18 10:03:45",623.5,2,aashirnoman
6023,16685069,derek_kuang0213,"2026-08-22 10:33:21",623.4,2,derekkuang0213
6024,16672687,Liz,"2026-09-25 23:08:33",623.4,2,lizgarcia3
6025,16662050,HandsOffMyBigMelons,"2026-08-13 22:00:12",623.2,2,scrattle
6026,16686645,Ornaat,"2026-09-30 21:46:47",623.0,2,ornaat
6027,16881370,"xianhao Lin6077","2026-09-15 12:39:40",622.8,2,xianhaolin6077
6028,16667762,KucingGanteng,"2026-09-12 20:04:37",622.7,2,dhiyaussalam
6029,16661467,sh_sub97,"2026-08-12 15:20:25",622.7,2,shsub97
6030,16670365,"Konstantin Alekseev","2026-08-10 10:58:09",622.5,2,alekskst
6031,16635177,Zacchaeus,"2026-08-07 07:04:15",622.4,2,zacchaeus
6032,16660548,"Viraj Bakshi","2026-08-08 18:50:11",622.3,2,virajbakshi
6033,16669392,cobrapigeon,"2026-08-20 18:43:25",622.2,2,cobrapigeon
6034,16664154,dwdwdwsdedwd,"2026-08-11 06:29:24",622.0,2,dwdwdwsdedwd
6035,16666341,"Ege Güvener","2026-09-27 07:08:31",621.6,2,egegvener
6036,16851573,NaNomin,"2026-09-08 01:55:42",621.6,1,nanomin
6037,16725150,"Nicolae Drabcinski","2026-09-01 11:45:51",621.5,2,nickdrabcinski
6038,16694269,Aftxb,"2026-08-11 14:58:08",621.3,2,aftxb07
6039,16668868,tawashi,"2026-08-13 06:51:45",621.2,2,tawashi
6040,16639970,Gowtham2962s,"2026-09-27 16:57:56",621.2,2,gowtham2962s
6041,16659749,"Kavsik YVS","2026-08-22 19:30:45",621.1,2,kavsiku0512
6042,16757447,soyukke,"2026-09-13 17:38:12",620.7,2,soyukke
6043,16670759,"Lemmes Yad","2026-08-09 04:37:37",620.7,2,"austinsemmel,jonallday"
6044,16702932,kyconf,"2026-09-12 14:10:46",620.5,2,kyconf
6045,16690988,"Aditya Bharadwaj","2026-08-20 10:02:32",620.4,2,adityabharadwaj26
6046,16655062,KKS,"2026-08-08 07:36:03",620.3,2,sachisgod
6047,16655142,"Stanislav Kuznetsov","2026-09-03 12:58:20",620.3,2,drtduck
6048,16692954,"Adam Nhan","2026-08-16 19:10:48",620.3,2,asnhan
6049,16687330,"Mehmet Ensar Çetin","2026-09-30 23:51:17",620.3,2,mehmetensaretin
6050,16683383,Boardgamers,"2026-09-30 23:53:31",620.3,2,"cgchirag,hitishagoyal,nandneepriya,navneetprabhat"
6051,16639223,"SIDHAARTH SHREE","2026-08-19 15:03:55",620.2,2,sidhaarthshree
6052,16709800,nubx,"2026-08-20 17:12:04",620.2,2,manrajjitsidhu
6053,16661585,"Fully Liquidated","2026-09-01 01:57:16",620.1,2,kriskilgroe
6054,16763977,"Jong Park","2026-08-26 09:21:40",620.1,2,papercat318
6055,16743617,Dancing_Chaos,"2026-08-31 15:42:35",620.0,2,"bailynlove4ever,ripplecddc"
6056,16770972,"Victoria Makarskaia","2026-08-27 12:28:53",620.0,2,victoriamakarskaia
6057,16759229,"Samuel Kurabachew","2026-08-28 22:17:20",619.7,2,samuelkurabachew
6058,16716089,wuzixiao,"2026-09-08 03:36:02",619.4,2,wuzixiao
6059,16772673,"Alejandro Rendon B.","2026-09-27 14:01:39",619.2,2,alejandrorendonblan
6060,16770154,Florian,"2026-09-11 07:52:00",619.0,2,ftusek
6061,16741892,astro,"2026-08-20 20:49:49",618.7,2,mayursamrutwar
6062,16654456,"Tristan Peng","2026-08-09 17:00:48",618.7,2,tristanpeng
6063,16734712,"Jamshid Ganiev","2026-08-19 06:03:31",618.6,2,jamshidganiev
6064,16665764,"izh yng","2026-08-21 06:16:21",618.5,2,izhyng
6065,16724522,"stathis maurog","2026-08-26 07:01:48",618.5,2,stathismaurog
6066,16759443,"Ayman machhidan","2026-09-25 08:22:39",618.5,2,aymanmachhidan
6067,16936578,kissadolce,"2026-09-30 15:03:36",618.3,2,kissadolce
6068,16655187,cmxu,"2026-08-05 05:31:07",618.1,2,cmxu77
6069,16718539,"Divyansh Agrawal","2026-08-14 06:58:46",617.8,2,spartan1925
6070,16893361,lemonjuice2312,"2026-09-19 07:36:26",617.6,2,lemonjuice2312
6071,16905608,ChrisVas123,"2026-09-16 09:44:56",617.6,2,chrisvas123
6072,16926064,"amit shulstein","2026-09-28 12:21:29",617.3,2,amitshulstein
6073,16718202,"Abhi Kumar Agrawal","2026-08-18 09:52:24",617.3,2,abhikumaragrawal
6074,16679079,"cedric stephan ","2026-08-25 20:39:15",617.1,2,cedricstephan
6075,16924397,ngzeonwang,"2026-09-24 08:57:26",617.1,2,ngzeonwang
6076,16666204,"David Nana Kofi Ofosu-Arko","2026-08-05 11:04:42",616.7,2,davidnanak
6077,16796445,"Md Aminul Islam","2026-09-30 23:15:27",616.6,2,aminulabir
6078,16697844,Noobykiller16,"2026-08-15 06:08:27",616.5,2,noobykiller16
6079,16623645,"ayutin tin","2026-08-14 07:48:31",616.4,2,ayutintin
6080,16860088,Lockers,"2026-09-09 11:32:59",616.4,1,lockers123
6081,16696267,"yu lesui","2026-08-10 05:41:40",616.3,2,yulesui
6082,16671217,"Akshay V","2026-08-21 04:01:22",616.3,2,akshayv1001
6083,16633175,"Umut Kıvanç Sipahioğlu","2026-09-30 09:35:29",616.3,2,umutkvansipahiolu
6084,16644566,"Guangjian Dong","2026-08-02 23:59:18",616.2,1,guangjiandong
6085,16712321,"Elias Schecke","2026-09-11 15:00:14",616.1,2,eliasschecke
6086,16678246,"Mark Holloway","2026-09-05 22:23:35",616.0,2,markholloway
6087,16750175,"Quentin Pr","2026-08-27 18:08:14",615.9,2,quentinpr
6088,16716300,"Julian Kerignard","2026-09-07 10:12:31",615.7,2,juliankerignard
6089,16663361,protoLabs.studio,"2026-08-06 18:39:50",615.7,2,protolabsstudio
6090,16674543,"Sujal Agarwal2301","2026-08-09 13:37:43",615.5,2,sujalagarwal2301
6091,16663343,"Abdullah M. Haque","2026-09-13 18:41:14",615.5,2,abdullahmhaque
6092,16639330,"Dead Signal Works","2026-08-02 12:40:32",615.5,2,brooklynhalmstad
6093,16698596,ymok,"2026-09-12 02:00:52",615.3,2,iromao
6094,16662138,"Luan He","2026-09-05 21:53:24",615.2,2,luanhe
6095,16754845,"LG Music","2026-09-28 15:12:21",615.1,2,lgmusic
6096,16888546,"Skskj Sskm","2026-09-16 03:06:12",615.1,2,skskjsskm
6097,16675475,"Andrey Aristov","2026-08-10 22:02:24",615.1,2,andreyaristov
6098,16658602,aldoktvns,"2026-08-04 15:51:08",615.0,2,alrette
6099,16899024,Whooriiiaaaaa,"2026-09-24 23:24:57",614.7,2,"nickazaria,woupyie"
6100,16719081,数学の山田,"2026-09-15 10:28:05",614.7,2,b612sum1
6101,16652984,hxaxd,"2026-08-05 15:09:49",614.5,2,hxaxdcs
6102,16880938,nousername22,"2026-09-30 23:54:00",614.4,2,nousername22
6103,16661943,"Cow Wizard","2026-08-14 02:14:58",614.3,2,cowwizard321
6104,16658272,"Yash Katiyar","2026-08-08 20:17:05",614.2,2,yashkatiyar409
6105,16664149,"Bushel Seed","2026-08-12 17:10:56",614.2,2,"dmyung,nicholasmschwartz"
6106,16750864,Ymori,"2026-09-27 03:41:35",614.2,2,yasunorim
6107,16678044,BJFC,"2026-09-20 16:07:06",614.2,2,"harshithharithsa,svsumanth"
6108,16658083,"Gunjan Solanki","2026-09-03 10:39:28",614.0,2,blackhatv1
6109,16662486,"KOTHAPALLI DILEEP","2026-08-10 12:06:14",613.3,2,kothapallidileep
6110,16666391,"Harshpreet Singh","2026-08-06 10:32:51",613.3,2,harshpreet931
6111,16671980,601918_กิตติพงศ์,"2026-08-08 08:28:12",613.3,2,bluexg5502
6112,16891179,feng222666888,"2026-09-24 10:49:47",613.1,2,feng222666888
6113,16747390,SawadaTsurumai,"2026-08-24 09:48:07",613.1,2,sawadatsurumai
6114,16662375,"Yunusa Hussein Adeiza","2026-08-14 22:12:49",613.0,2,yunusahusseinadeiza
6115,16786485,"Sam Jenkins","2026-09-01 03:50:16",612.9,2,samjenkinsuk
6116,16767802,"Luis Fernando Faria","2026-08-31 20:57:29",612.8,2,luisfernandofaria
6117,16665120,nobody,"2026-08-13 14:48:45",612.8,2,rajesh1729
6118,16667874,Vidushiii,"2026-08-10 12:25:42",612.7,2,vidushianand09
6119,16634582,"Tarun Chaudhary","2026-08-12 06:36:33",612.7,2,tarunchdev
6120,16755681,nic001,"2026-08-28 08:06:19",612.7,2,mimamura
6121,16630741,mrk,"2026-08-05 09:49:44",612.4,2,matsubaratakuji
6122,16942760,"V Manmohan","2026-09-30 11:14:52",611.9,2,vmanmohan
6123,16632887,"Santhana Krishnan","2026-09-29 03:20:43",611.7,2,santa2710
6124,16665395,"bachi idriss","2026-08-10 15:23:30",611.6,2,bachiidriss
6125,16631573,uesi,"2026-08-01 12:04:04",611.6,1,uemura687
6126,16804094,faheem,"2026-09-22 15:33:10",611.3,2,faheemkhaskheli9
6127,16694575,"Aloise Mutune","2026-09-17 13:48:22",610.9,2,aloisemutune
6128,16748955,micchy,"2026-09-23 22:17:27",610.6,2,micchy326
6129,16845664,fabio5050,"2026-09-16 04:04:27",610.6,2,fabio5050
6130,16705345,"DEMON JI","2026-08-14 15:02:11",610.6,2,demonji04
6131,16663200,BONES,"2026-09-26 18:37:23",610.5,2,tusharkumar23321032
6132,16832474,"Isaac D. Hérnandez G.","2026-09-15 23:52:34",610.4,2,isaacdhrnandezg
6133,16638667,"Sarvesh Nikas","2026-09-23 11:44:21",610.2,2,sarveshnikas
6134,16635848,KartoplyanePure,"2026-08-31 20:43:34",610.2,2,"danylotovp,wizardmp"
6135,16698007,"Juanma Serrano","2026-08-23 15:49:31",610.0,2,juanmaserrano
6136,16656167,"Minh Quang Do","2026-09-11 04:05:53",610.0,2,mrfreddy0209
6137,16633269,op_star_platinum,"2026-08-09 17:52:52",610.0,2,opstarplatinum
6138,16702713,"Rob Sartin","2026-09-24 21:59:26",609.7,2,robsartin
6139,16739640,TeamBanzaiSL,"2026-08-27 17:13:26",609.7,2,teambanzaisl
6140,16719745,"Masih Pemula Beneran","2026-08-31 02:14:53",609.6,2,mikhaeldhika
6141,16670214,"Louis @ tradeInsight.ai","2026-08-21 15:18:11",609.6,2,louisquart
6142,16664072,"victor aguilera","2026-09-24 23:34:18",609.1,2,viaguilera
6143,16918826,NOTSUREKITTY,"2026-09-19 03:56:04",609.1,2,notsurekitty
6144,16669856,StrugglerK,"2026-09-22 17:10:09",609.0,2,muhammedkaanlker
6145,16659939,"Mouafak Dakhlaoui","2026-09-21 02:34:52",608.8,2,sharmoul
6146,16657654,TemperaryT,"2026-09-20 00:21:54",608.8,2,temperaryt
6147,16664024,"Juan David Bolanos","2026-08-13 17:06:00",608.7,2,juandavidbolanos
6148,16688929,"Kangqiao LIU","2026-08-18 07:44:55",608.6,2,kangqiaoliu
6149,16725010,jenninglim,"2026-08-23 08:38:47",608.5,2,jenningl
6150,16719065,"Aldo Rizona","2026-08-17 15:32:26",608.3,2,aldorizona
6151,16693137,"Ich Benavides","2026-09-06 18:24:52",608.1,2,jabeichbenavides123
6152,16668720,"etienne duplessix","2026-08-10 22:48:53",608.1,2,etienneduplessix
6153,16875690,jwboost,"2026-09-16 04:31:31",608.0,2,kiritocui
6154,16739128,"Praneeth Paikray","2026-09-07 11:18:26",607.6,2,paiky1995
6155,16659294,"Muhammad Rafzan","2026-09-05 18:30:44",607.4,2,revianalfariz
6156,16674324,"luca fregona","2026-08-08 13:37:49",607.2,2,lucafregona
6157,16759351,"Shinsaku Haruta","2026-09-21 12:22:17",607.1,2,shinsakuharuta
6158,16654267,maniginam,"2026-09-30 03:00:04",607.0,2,maniginam
6159,16669561,"Nikunj Pahwa","2026-08-15 20:04:36",606.8,2,nikunjpahwa
6160,16649344,BeyondAnalytics,"2026-08-28 12:00:36",606.7,2,radumarinion
6161,16655744,"Ademola Arigbabuwo","2026-09-03 21:44:49",606.6,2,princedemo
6162,16633934,Alexy,"2026-09-30 20:10:12",606.5,2,alexycactus
6163,16911847,LGC,"2026-09-17 08:21:20",606.4,1,victorlingc
6164,16780019,"hamza khokhar890","2026-09-20 16:35:58",606.4,2,hamzakhokhar890
6165,16663356,Farm-ops,"2026-08-06 23:27:37",606.4,2,"dakotavannauker,tsho01"
6166,16656912,"Sami Ali","2026-08-07 00:48:33",606.3,2,mrsamiali
6167,16656013,Asuran,"2026-09-04 04:43:56",606.3,2,zkasuran
6168,16865982,"Orest Myth","2026-09-23 13:26:01",606.3,2,orestmyth
6169,16709481,"Gerbilles Saucières","2026-08-22 10:38:44",606.3,2,"benjaminhrt30,volbox1902"
6170,16665816,Vikas1306,"2026-08-10 05:53:19",606.2,2,vikas1306
6171,16811210,"Matt Dowis","2026-09-04 14:41:36",606.2,2,mattdowis
6172,16636454,epigene,"2026-08-02 10:14:52",606.1,2,nadhu59648
6173,16677402,"Hıdır Demir","2026-09-10 22:35:54",605.7,2,hdrdmr
6174,16841397,"Petro Tarnavskyi","2026-09-06 12:36:05",605.6,2,petrotarnavskyi
6175,16710621,(´･_･`),"2026-08-16 07:14:53",605.6,2,tanakh
6176,16809762,"Ryan Wong","2026-09-30 16:45:25",605.4,2,taggatle
6177,16668089,Goller,"2026-08-26 15:05:53",605.4,2,goller
6178,16665942,"Satvik R Shetty","2026-08-09 03:59:52",604.9,2,satvikrshetty
6179,16741660,Dhruv_Goyal990,"2026-09-03 16:20:31",604.9,2,"dhruvgoyal990,prathameshbelavagi"
6180,16640933,"Bhanu prasad","2026-09-30 23:47:56",604.7,2,restlesseagle
6181,16687808,GorillaGhost,"2026-08-13 23:23:10",604.3,2,gorillaghost
6182,16659974,"anthony sinchi","2026-08-18 00:01:08",604.2,2,anthonysinchi
6183,16822523,bvgr,"2026-09-15 19:17:50",604.2,2,vbeeram
6184,16673346,gabrielep09,"2026-08-11 01:52:41",604.1,2,gabrielep09
6185,16635004,"jacob OKOTH O","2026-08-02 05:57:05",604.0,1,jacobokotho
6186,16670420,"Mihir Argulkar","2026-08-07 20:03:15",603.7,2,mihirargulkar
6187,16838855,"Sze Yu Sim","2026-09-09 01:37:05",603.6,2,szeyusim
6188,16857130,"Joao Araujo","2026-09-09 01:11:50",603.6,2,jhcaextra
6189,16698164,"Ruizhang Zhi","2026-09-29 04:37:43",603.5,2,ruizhangzhi
6190,16663884,DevilQ,"2026-08-23 22:08:52",603.4,2,"parhamesm,samuelescarfone12"
6191,16745972,yamy893,"2026-08-22 02:14:20",603.0,2,yamy893
6192,16797969,probability,"2026-09-07 09:44:49",603.0,2,probabilitywavepeak
6193,16718838,"josh mathers","2026-08-14 09:26:33",602.8,2,joshmathers
6194,16656072,Vespidae,"2026-08-14 03:30:03",602.7,2,ianapis
6195,16668298,"Riki Garcia","2026-08-26 15:36:14",602.7,2,rikigarcia
6196,16635796,MugaBros,"2026-08-04 05:27:02",602.6,2,"drrocktotpalkonwarh,monjyotid"
6197,16656501,"Thái Phạm Công","2026-08-05 03:59:47",602.6,2,thaipc
6198,16741188,"Adarsh Samanu","2026-08-20 00:01:33",602.6,2,adarshsamanu
6199,16712567,PatWid,"2026-08-18 17:17:20",602.3,2,patwid
6200,16660310,KOLONEX.NET,"2026-08-10 12:40:46",602.3,2,danielandresmiranda
6201,16675952,bazinga,"2026-09-22 23:21:10",601.9,2,stephanhahn16
6202,16658660,"Leo Lai","2026-08-13 08:14:45",601.8,2,junweilai
6203,16713877,FunnyBishop,"2026-08-16 03:19:24",601.6,2,funnybishop
6204,16757135,Agrihand,"2026-09-30 18:19:14",601.1,2,mayur756
6205,16795802,Kk,"2026-09-21 10:03:04",601.0,2,cudamax
6206,16694779,JacobKooi,"2026-08-10 09:16:35",600.9,2,jacobkooi
6207,16784960,i-yuki23,"2026-08-30 01:13:11",600.8,2,iyuki23
6208,16655897,"Huanchen Jia","2026-09-28 00:30:21",600.5,2,huanchenjia123
6209,16654855,"Pedro Rezende Gomes","2026-08-06 00:41:30",600.4,2,pedrorzgomes
6210,16950015,"Jacob Stultz1","2026-09-23 22:49:13",600.4,1,jacobstultz1
6211,16640816,pawaraman,"2026-08-02 19:46:52",600.3,2,pawaraman
6212,16750036,"Kiệt Lưu","2026-09-05 03:41:19",600.2,2,jaxyss
6213,16659817,"Viet Anh Ngo ","2026-08-31 09:41:08",600.2,2,vietngogm
6214,16924484,"Sadiq Ali","2026-09-20 07:51:11",599.9,2,sadiqali55
6215,16738805,"Sergey Panasenko","2026-08-31 23:14:50",599.9,2,spanasenko
6216,16738994,"Hem Viramgama","2026-08-21 00:34:48",599.7,2,hemviramgama
6217,16738538,ZHANG_WuHua,"2026-08-18 16:21:19",599.3,2,zhangwuhua
6218,16885575,"Kotaro Imamura","2026-09-18 00:47:04",599.3,2,kotaroimamura
6219,16799014,"Vaibhav singh kaira","2026-09-12 04:49:54",598.8,2,vaibhavsinghkaira
6220,16699838,"Harry Taylor","2026-08-21 10:38:18",598.7,2,harryphysics
6221,16746151,"Nicolas Gomasjaya","2026-08-26 16:57:08",598.7,2,nicolasgomasjaya
6222,16810807,Cordiz,"2026-09-03 22:42:51",598.6,2,cordiz
6223,16760439,XLX,"2026-09-06 03:20:58",598.6,2,lonelygleaner
6224,16668021,"bali rasem","2026-08-07 16:15:13",598.5,2,balirasem
6225,16688108,Special_octo20,"2026-09-14 19:16:13",598.5,2,specialocto20
6226,16763886,"Jackson Sauls","2026-09-04 22:59:51",598.4,2,jacksonsauls
6227,16907151,"Susana Horias","2026-09-30 13:37:01",598.0,2,"diegobarriosalonso,noelcalvoortega,robertocanrubio,rubnvalcarcelvarez"
6228,16653222,StevenYuan7788,"2026-08-17 17:38:44",597.8,2,stevenyuan7788
6229,16664112,"Ethan Hung","2026-08-08 21:44:57",597.7,2,chinesegorilla99
6230,16684710,"Pratik Singh","2026-08-11 11:34:48",597.5,2,pratikks11
6231,16947496,"lit tlemiaos","2026-09-29 00:48:14",597.3,2,littlemiaos
6232,16891689,"Jiawei Xi","2026-09-14 19:46:39",597.2,2,jiaweixi56
6233,16819872,"Shi Van","2026-09-03 16:50:46",597.1,1,shivanufo
6234,16684957,"Lucas Ferreira","2026-08-11 18:20:43",597.1,2,lucasdeoferreira
6235,16912690,"Tegh Bindra","2026-09-20 04:55:09",597.0,2,teghbindra
6236,16665517,"RUEI-HSIANG. CHANG","2026-08-17 15:23:55",597.0,2,rueihsiangchang
6237,16660955,"Nihal l.suvarna","2026-09-30 03:19:37",596.9,2,nihallsuvarna
6238,16792816,rrandiak,"2026-09-30 23:44:04",596.7,2,rrandiak
6239,16678773,"Steve Probst","2026-09-09 01:51:39",596.5,2,steveprobst
6240,16657332,"Amit Malakar","2026-09-29 14:00:49",596.4,2,amitmalakarjoy
6241,16780969,"Ewa Suknarowska","2026-08-30 15:53:25",596.1,2,ewasuknarowska
6242,16759381,"Subhan Hussain","2026-09-20 09:00:54",596.1,2,subhanhussain0205
6243,16691580,"Toni Blanco","2026-08-11 13:10:45",595.8,2,toniblanco
6244,16664241,payoon,"2026-08-07 08:24:05",595.7,2,payoon1234
6245,16736856,misaki,"2026-09-30 23:10:14",595.7,2,"dicenull,iroharyo,jinnsou0219,misakima"
6246,16687788,"Me and the Geese","2026-08-26 15:57:41",595.7,2,skalermo
6247,16876642,Gruberx,"2026-09-25 17:53:44",595.6,2,gruberx
6248,16810490,katlun,"2026-09-28 22:01:28",595.6,2,"hoyin1212,katlun"
6249,16630501,"Haris Ahmed","2026-08-14 10:08:51",595.5,2,harisahmedgenai
6250,16756113,"George Megre","2026-09-16 07:04:00",595.5,2,georgemegre
6251,16665342,Prothos,"2026-08-23 13:44:29",595.3,2,vjuenemann
6252,16649339,"华东 朱","2026-09-30 00:33:10",594.9,2,mgdbzny
6253,16679295,Mk26,"2026-09-04 13:52:05",594.7,2,"manishk26,mans31"
6254,16726941,CJ103CJ,"2026-08-23 12:52:07",594.7,2,cj103cj
6255,16808956,"Denis Zerov","2026-09-03 10:59:46",594.6,2,dinoden
6256,16740404,BarrelAged,"2026-09-13 11:27:04",594.3,2,johnhosack
6257,16650160,nori8774,"2026-08-10 06:26:21",594.2,2,norimasayamamoto
6258,16677597,InformaBook2,"2026-09-10 05:38:23",594.2,2,informabook2
6259,16656274,googunmo,"2026-08-08 01:13:58",594.1,2,googunmo
6260,16670834,romin_123,"2026-08-14 01:25:19",593.8,2,romin123
6261,16755344,"Alizen James","2026-08-23 18:34:30",593.8,2,alizenjames
6262,16737986,"Edris Yawar #2","2026-09-05 09:32:08",593.6,2,edrisyawar
6263,16663784,Aniketh2k7,"2026-08-10 06:02:02",593.5,2,aniketh2k7
6264,16672493,ChloeeeeY,"2026-08-23 06:17:03",593.5,2,chloeeeey
6265,16696724,arkmid,"2026-09-09 13:11:46",593.5,2,arkmid
6266,16716402,"Shashvat Singham","2026-09-26 22:53:59",593.4,2,shashvatsingham
6267,16876021,"Jeff Law #2","2026-09-17 23:31:28",593.3,2,jlaw99
6268,16777746,"Daniel Bandy","2026-08-29 02:04:01",593.3,2,goddangitboby
6269,16739167,Yeyuqing0913,"2026-09-07 00:36:15",593.2,2,yeyuqing0913
6270,16926169,LeoBode,"2026-09-28 19:23:14",593.1,2,lebo124
6271,16639492,"Vishnu R Mohan","2026-08-08 20:36:19",593.1,2,vishnurmohan
6272,16624277,"D S S Kumar","2026-08-10 03:22:55",592.7,2,satrusskumar
6273,16623886,onepunch999,"2026-08-01 07:30:37",592.7,2,onepunch999
6274,16687883,CherylStoned,"2026-08-11 22:53:28",592.6,2,cherylstoned
6275,16630559,khan,"2026-08-02 12:18:56",592.6,2,khansolov
6276,16655013,"Adrian Martinez 1111","2026-08-12 00:52:14",592.2,2,adrianmartinez1111
6277,16676308,DC,"2026-08-19 17:34:02",592.1,2,choudahchiun
6278,16676254,"Lazy Lagoon","2026-09-17 16:26:05",591.7,2,"mokshoswal137,taniyasankhe"
6279,16895824,"Dhruv lele","2026-09-20 05:41:57",591.7,2,dhruvlele
6280,16666833,DenisKoronchik,"2026-09-14 21:19:27",591.6,2,deniskoronchik
6281,16665984,hepialidae,"2026-08-10 16:05:19",591.6,2,hepialidae
6282,16673477,ArtFix,"2026-08-11 00:51:09",591.4,2,artfix
6283,16927491,Adilkhan1275,"2026-09-30 16:35:11",591.2,2,adilkhan1275
6284,16944372,bonvoyage-sugar,"2026-09-30 03:46:58",590.7,2,bonvoyagesugar
6285,16769767,bruhbruh,"2026-08-28 08:51:26",590.6,2,nguyendinhbach69
6286,16759623,"zhenglu wen","2026-08-26 06:24:09",590.3,2,zhengluwen
6287,16658224,"Daniel Gallardo Gómez","2026-08-07 08:17:24",590.2,2,danielgallardogmez
6288,16809158,"Kaito Sada","2026-09-30 03:27:09",590.2,2,kaitosada
6289,16929645,"GeneralShizha ","2026-09-20 10:27:45",590.1,2,generalshizha
6290,16706192,rustlers42,"2026-09-02 15:24:05",590.0,2,"lkshrsch,powerofcreation"
6291,16677105,"Chaitanya Yadav","2026-08-16 10:36:07",589.7,2,xhaitanya
6292,16660270,Ziel_Lux,"2026-09-30 14:46:04",589.4,2,nahbilafaith
6293,16664884,Abhijeetgg,"2026-08-12 08:53:50",589.4,2,abhijeetgg
6294,16761579,인간지능농장,"2026-09-30 05:37:50",589.3,2,"hagyeong22,pincheguapo"
6295,16633772,ayuma,"2026-08-03 06:01:01",589.2,2,onthoze
6296,16668354,"ashraf saiyed","2026-08-13 13:44:31",588.8,2,ashrafsaiyed58
6297,16708824,"Tanaka Chiromo","2026-08-20 11:12:22",588.7,2,tanakachiromo
6298,16757614,"Eduardo Molina","2026-09-06 04:04:22",588.7,2,eduardomolinaai
6299,16664219,JosephGuhlin,"2026-08-10 08:46:16",588.6,2,jguhlin
6300,16668711,"David Leati","2026-08-28 00:47:39",588.5,2,davidleati
6301,16655629,Mai_Konare,"2026-08-17 06:20:49",588.4,2,maikonare
6302,16923821,饕餮(๑´ڡ`๑),"2026-09-30 23:39:56",588.2,2,o4d47ii
6303,16660805,"Ramon van Dijk","2026-08-05 05:48:21",588.1,2,ramonvandijk
6304,16632994,primal,"2026-08-12 16:02:29",588.0,2,primalhost
6305,16664159,"james nazareth","2026-08-19 02:13:23",588.0,2,jamesnazareth
6306,16775652,"Dat Dinh","2026-09-14 02:48:43",587.9,2,dathbdinh
6307,16623128,AdamJonesJohnson,"2026-09-30 17:15:31",587.9,2,adamjonesjohnson
6308,16664003,"Nakul Rajpal","2026-08-05 06:29:24",587.6,2,nakulrajpal
6309,16669489,"Yichi Zhang","2026-08-28 19:31:07",587.4,2,yichizhang12
6310,16695633,"Kiran Kumar","2026-09-12 16:57:52",587.4,2,iamrkk
6311,16658702,sherlockwatson007,"2026-09-28 16:50:09",587.3,2,sherlockwatson007
6312,16658019,ไอติวบ้านปังมาเอาแช้มมมม,"2026-08-08 18:43:05",587.2,2,tewnabhat
6313,16724747,"Md.Mahfujul Karim","2026-09-30 02:01:55",587.1,2,mdmahfujulkarim
6314,16655340,LGarcia10,"2026-08-17 13:17:31",587.0,2,leonardogarcia10
6315,16658043,"Tran Huy Hoang1312","2026-08-05 01:58:39",586.8,2,tranhuyhoang1312
6316,16663238,"Francesco Zaccaria","2026-08-21 07:28:57",586.8,2,francescozaccaria
6317,16705348,"Howard lin","2026-08-20 23:01:36",586.7,2,howardlin007
6318,16869617,"Denis Chernyshov","2026-09-18 22:32:19",586.6,2,denischernyshov
6319,16879477,liuzewen123,"2026-09-29 08:57:26",586.6,2,liuzewen123
6320,16914138,"Amritesh Anand","2026-09-28 10:16:01",586.5,2,amriteshananad
6321,16798478,"Vinicius Pupin","2026-09-02 21:29:51",586.5,2,viniciuspupin
6322,16752362,"Shashank Jangid (G25AIT2100)","2026-09-29 06:26:47",586.4,2,shashankjangid
6323,16731516,Sumit0694,"2026-09-15 21:17:01",586.4,2,sumit0694
6324,16755568,KHuShIMaHajan,"2026-08-21 18:55:05",586.2,2,bymista4578
6325,16631353,"Shivam Shinde","2026-08-01 15:29:24",586.1,2,shindeshivam
6326,16686716,"menna hassanM","2026-09-30 19:11:56",586.1,2,mennahassanm
6327,16721960,"Lê Khang","2026-08-18 19:42:43",586.0,1,kobtdatten
6328,16657397,"QSS Technosoft AI Team","2026-08-05 07:47:00",586.0,2,"kunalthedev,nishantkumarabes,prathamydvv,prishagdev,shreyakchakraborty"
6329,16663210,"Marco Nasuelli","2026-09-13 15:58:07",585.9,2,marconasuelli
6330,16766888,"Alex #4","2026-08-24 14:42:19",585.8,1,alxndrvara
6331,16672103,"fred mahinay","2026-08-24 23:34:48",585.8,2,fredmahinay
6332,16768466,BenJung,"2026-09-16 09:44:23",585.8,2,"benjung2512,hyeonglvl,hyeonho028,limjoonsoo"
6333,16708189,Facouse,"2026-08-11 16:09:17",585.8,2,facouse
6334,16793189,"Akash Mohan Chaudhary","2026-09-01 18:29:57",585.4,2,akashmohanchaudhary
6335,16786043,Palimpsesto,"2026-09-08 23:44:50",585.1,2,denzelfuentes
6336,16701036,"Tiandong Wang","2026-08-19 11:45:32",584.7,1,condone
6337,16695822,"Ahmad Elawady","2026-08-18 20:06:59",584.6,2,aielawady
6338,16663998,"Harith Al-Ani","2026-08-24 00:09:54",584.4,2,abo3losh
6339,16702411,"Aryuemaan Chowdhury","2026-08-21 07:05:31",584.4,1,aryuemaanchowdhury
6340,16776928,aiexpert1120,"2026-09-01 16:48:18",584.3,2,aiexpert1120
6341,16714208,TirumalaMarri,"2026-08-29 00:04:15",584.3,2,mtreddy
6342,16668269,"Rashi Jain07","2026-08-05 17:46:37",584.3,1,rashijain07
6343,16724002,Yahia717,"2026-08-20 20:48:31",584.3,2,yahia717
6344,16749236,"Michael Müller","2026-09-29 05:25:09",584.2,2,michaelmller
6345,16657570,"Guruprasad Parasnis","2026-08-10 12:04:57",584.1,2,guruprasadparasnis
6346,16809800,XYZ-Siddhartha,"2026-09-19 15:57:03",584.1,2,siddharthaganguly26
6347,16660491,"Ryan Hancock","2026-08-08 09:56:54",584.0,2,rychanfox
6348,16808242,keowpwpwkeo,"2026-09-07 18:23:50",584.0,2,keowpwpwkeo
6349,16658655,HbjaHbja,"2026-08-12 12:18:51",583.9,2,hbjahbja
6350,16916387,Nathan,"2026-09-18 14:01:04",583.6,2,nathanpradostapia
6351,16844262,"S Aishvarya","2026-09-25 19:23:59",583.4,2,saishvarya
6352,16633928,ghostiee11,"2026-08-01 01:33:25",583.3,1,ghostiee11
6353,16790257,"Shivam Kushwaha","2026-08-30 11:55:08",583.3,2,shivamk21
6354,16791960,Boladi,"2026-09-10 00:53:38",583.3,2,boladi
6355,16686715,"Adrien Secondaire","2026-08-08 15:54:58",583.1,2,adriensecondaire
6356,16636808,"Kaito Ichikawa","2026-09-18 10:15:37",582.8,2,kaitoichikawa
6357,16884815,"Idrees Asghar","2026-09-29 02:37:18",582.6,2,adiladil1275
6358,16699292,"Siddharth Kumar Gopal","2026-08-14 16:35:03",582.6,2,siddharthkumargopal
6359,16928702,UnkaiNene,"2026-09-24 18:17:23",582.5,2,unkainene
6360,16655140,Efthimios,"2026-09-28 06:41:13",582.5,2,efthimiosfousekis
6361,16655595,ashsah,"2026-08-31 08:37:35",582.4,2,ashsah
6362,16763838,"L. Barriga","2026-09-09 10:57:18",582.0,2,lbarriga
6363,16639679,"Felix Allistar","2026-09-30 01:21:42",582.0,2,felixallistar
6364,16648215,"Terrence Chuwe","2026-08-03 13:32:15",581.8,2,terrencechuwe
6365,16741121,"Vignesh Nehru","2026-09-22 07:58:54",581.7,2,vigneshnehru
6366,16664457,yaohongfu,"2026-08-10 12:30:43",581.6,2,yhfwww
6367,16784154,JoshJML,"2026-09-03 05:39:26",581.6,2,joshjml
6368,16663736,"Life Is Roblox","2026-08-17 18:58:37",581.5,2,alexlisenko
6369,16713249,"vedant patnala","2026-08-27 22:38:03",581.4,2,vedantpatnala
6370,16716365,Murphy,"2026-08-21 14:00:29",581.3,2,taeyounglimdt
6371,16757211,dacho,"2026-09-30 00:18:15",581.2,2,slothcafe
6372,16712870,"Jose Gibson","2026-08-13 20:09:11",581.0,2,josegibson
6373,16799391,"Mehdi El M.","2026-09-07 14:08:22",581.0,2,mehdielm
6374,16669298,"Dinesh Naveen Kumar Samudrala","2026-09-30 11:45:59",580.9,2,dnkumars
6375,16699091,Umkaaa,"2026-09-15 14:04:55",580.9,2,umkaaa
6376,16718133,KaranjeetSingh1110,"2026-09-16 15:31:45",580.8,2,karanjeetsingh1110
6377,16665759,"Shawn Zhang","2026-08-21 10:18:20",580.8,2,shawnzhang0318
6378,16925564,"shikigami yao","2026-09-25 13:52:11",580.7,2,shikigamiyao
6379,16781377,AgriMind,"2026-09-30 21:28:16",580.7,2,slimaneguermat
6380,16654328,"QQ Farm","2026-08-28 12:59:12",580.6,2,"huiiyu,titirmt"
6381,16664709,kai,"2026-08-18 23:29:11",580.5,2,sungwo101
6382,16781447,"Cody Schrank","2026-08-31 04:38:57",580.5,2,codyschrank
6383,16797395,"LCNN JJ","2026-09-17 16:38:59",580.3,2,supremebeast08
6384,16854414,handsomeHBS,"2026-09-28 14:38:27",580.2,2,handsomehbs
6385,16686787,"Lars Kammeijer","2026-08-07 21:31:11",580.1,2,larskammeijer
6386,16677701,"Coşkun Bağrıaçık","2026-08-10 00:02:25",580.1,2,cbagriacik
6387,16777228,"Zach Locke","2026-09-18 10:25:06",580.0,2,zachlocke
6388,16677366,Gmmastermind,"2026-08-07 01:19:13",579.9,2,gmmastermind
6389,16855646,Seshu,"2026-09-09 14:49:33",579.8,2,seshuthota
6390,16866712,Ddm_demo,"2026-09-20 14:16:05",579.1,2,ddmdemo
6391,16780484,"Edmond Kirsch","2026-09-01 17:30:28",579.1,2,edmondkirsch
6392,16664116,"Bogdan Sburlea","2026-09-29 12:28:30",578.9,2,bogdan1405
6393,16671646,Luche,"2026-08-08 04:23:32",578.8,2,henrylucky
6394,16823681,Yielder,"2026-09-10 16:59:40",578.7,2,georgepapasideris
6395,16777222,"José Daniel Ara","2026-08-27 00:12:53",578.7,2,josdanielara
6396,16947797,"Chris Croft","2026-09-25 12:42:53",578.5,2,chriscroft
6397,16787200,"HayDay Protestors","2026-09-23 16:59:25",578.2,2,"aaronjoshuaemmanuel,anjulasankalpa,chamathjayashanka,ghostd,prabhashanmadurawala"
6398,16705401,"Nguyen Hong","2026-09-30 14:34:38",578.2,2,nguyenhongbubu
6399,16667514,"Kakarott 10","2026-08-06 09:05:43",578.1,2,kakarott10
6400,16767934,"taha berk","2026-08-26 15:21:51",578.1,2,tahaberkterekli
6401,16757280,"manos papagiannidis","2026-09-09 08:30:46",577.9,2,manospapagiannidis
6402,16713061,Yuk!,"2026-09-30 15:21:19",577.9,2,mitsuyukiokamura
6403,16675888,"Rob Gonzalez","2026-08-08 14:58:43",577.8,2,robg475
6404,16764149,"Manish Rai","2026-09-30 00:03:13",577.7,2,magiuscain
6405,16676928,"Bernardo Carvalho","2026-09-30 14:26:51",577.6,1,bernarcarv1975
6406,16651593,"huanxian chen","2026-08-11 11:13:05",577.5,2,huanxiachen
6407,16656460,dlutwzh,"2026-08-08 06:48:33",577.3,2,dlutwzh
6408,16667258,"Firman Imam","2026-08-09 02:36:56",577.2,2,piririp
6409,16692896,"Guy Lev","2026-08-20 19:18:52",577.2,2,sarthobi
6410,16714100,SuperMercat,"2026-09-09 15:13:08",577.2,2,supermercat
6411,16883048,"Amit Gunjan","2026-09-29 00:10:43",577.0,2,daydreamerthinks
6412,16724355,hansama.qht,"2026-09-19 15:23:36",576.7,2,hansamaqht
6413,16727241,Yogesh2850,"2026-08-17 09:55:08",576.7,2,yogesh2850
6414,16679887,ScriptRed,"2026-08-09 00:36:30",576.7,2,scriptred
6415,16795923,KaluzaKlein,"2026-09-14 10:50:35",576.5,2,kaluzaklein
6416,16745109,deflexor,"2026-08-27 21:35:07",576.2,2,deflexor050
6417,16916743,"Low Aik Khoon","2026-09-30 21:08:59",576.0,2,izuneliu
6418,16727059,ksankeerth1,"2026-09-03 02:28:22",575.8,2,ksankeerth1
6419,16750447,Morpheus0303003,"2026-08-24 16:58:42",575.7,2,morpheus0303003
6420,16760025,DEBI,"2026-09-30 22:54:58",575.7,2,"mayarabdelfattah,omarelmaghraby03"
6421,16665476,"Zhanghao Chen69","2026-08-19 12:42:33",575.7,2,zhanghaochen69
6422,16622993,"Yaroslav Tanko","2026-08-18 04:34:12",575.6,2,yaroslavtanko
6423,16768058,"Ibrahim Anaz","2026-09-27 19:44:28",575.6,2,ibrahimanaz
6424,16719696,"Spencer Farrand","2026-08-17 18:40:28",575.6,2,spencerfarrand
6425,16685938,"Gautier Fauchart","2026-08-12 05:57:21",575.4,2,gautierfauchart
6426,16669393,"ÖMER FARUK YILMAZ","2026-08-07 19:54:59",575.4,2,ofyzero
6427,16623644,Accer_sz,"2026-08-02 00:27:32",575.0,2,accersz
6428,16731260,"Jeel Gajera","2026-08-18 07:44:44",574.8,2,jeelog
6429,16796625,Nepsirhc,"2026-09-12 11:15:35",574.6,2,nepsirhc
6430,16664790,"soumic 1088","2026-08-19 08:34:34",574.5,2,soumic1088
6431,16635021,RiLi,"2026-09-30 22:30:22",574.4,2,hisatosenda
6432,16856708,"Joseph Bruneau","2026-09-30 23:06:12",574.3,2,josephbruneau
6433,16805340,"Md. Rafiul Islam","2026-09-25 16:04:37",574.1,2,rafiulislamrafi
6434,16777065,"dani yemane","2026-09-17 20:43:13",574.0,2,daniyemane
6435,16656107,Aotokitsuruya,"2026-09-02 14:35:20",573.8,2,elct9620
6436,16659828,"Lebansty Valan","2026-08-21 14:14:56",573.8,2,lebanstyvalan
6437,16662128,BenPalmer59,"2026-08-11 19:16:24",573.7,2,benpalmer59
6438,16673151,skyblue01,"2026-08-27 07:56:10",573.6,2,skyblue01
6439,16700546,"Nightshade Family","2026-09-07 13:24:48",573.6,2,"gihanchamod17,vishmithasamarakoon"
6440,16888900,"Koh Endru","2026-09-19 12:08:24",573.5,2,kohendru
6441,16684436,Simon-the-sorcerer,"2026-09-30 21:22:31",573.5,2,simonwiller
6442,16655044,"Darius Kolycius","2026-08-04 09:49:01",573.4,2,dariuskolycius
6443,16733763,Gaurav,"2026-09-04 00:54:37",573.1,2,gauravahlawat
6444,16655039,"Andrew Yip","2026-08-06 20:14:49",572.7,2,yipcma
6445,16668819,"ahmedou sidi med","2026-08-19 00:05:55",572.7,2,ahmedousidimed
6446,16939496,"Haotian Niu","2026-09-26 06:35:52",572.5,2,haotianniu
6447,16927697,Mikiyaas,"2026-09-29 07:58:57",572.4,2,mikiyaas
6448,16724202,"Sooriya Senthilkumar","2026-08-23 05:25:47",572.2,2,sooriyasenthilkumar
6449,16663708,"Imran Ahamed","2026-09-23 19:36:27",572.1,2,immu4989
6450,16696916,Sundar,"2026-08-11 13:04:59",571.9,2,vsundar17697
6451,16810497,Garuda,"2026-09-07 06:32:01",571.8,2,santhoshreddypasnoor
6452,16806165,"Kaige Wei","2026-09-21 03:07:06",571.7,2,kaigewei0403
6453,16692401,"Abdurehman Iqbal","2026-08-14 09:13:08",571.7,2,abdurehmaniqbal
6454,16657172,Honkazu,"2026-08-28 16:55:46",571.5,2,janposlusny
6455,16685785,KSAI,"2026-09-07 14:42:54",571.3,2,kishan2112004
6456,16658051,SethuMadhavan004,"2026-09-30 03:58:56",571.2,2,sethumadhavan004
6457,16667630,Sparsh389,"2026-08-06 15:46:09",571.1,2,sparsh389
6458,16670651,Echare,"2026-09-28 15:49:21",571.0,2,echare
6459,16675832,"Dean Shalev","2026-08-09 04:12:47",571.0,2,deanshalev
6460,16664804,ryanovovo,"2026-08-05 18:02:38",571.0,2,ryanovovo
6461,16661650,"Docker container","2026-08-15 18:52:39",570.9,2,yossefaymanzedan
6462,16666084,"Andaç Demirdelen","2026-08-09 19:18:08",570.9,2,andacdemirdelen
6463,16826098,Nomushin,"2026-09-11 13:22:26",570.8,2,nomushin
6464,16854582,BlackWizard00,"2026-09-08 15:32:36",570.7,2,blackwizard00
6465,16917921,xxxx333,"2026-09-29 13:36:20",570.7,2,xxxx333
6466,16735624,"Marc Rippee","2026-08-24 05:03:34",570.7,2,marcrippee
6467,16654746,"Michael Mullen","2026-08-06 11:08:31",570.6,2,mmullen200
6468,16702270,"Jonas Jaku","2026-09-09 06:37:15",570.5,2,jonasjaku
6469,16633466,"Aarush pandey","2026-08-25 19:17:14",570.1,2,aarushpandey
6470,16692994,turneja,"2026-08-08 23:50:13",570.0,2,turneja
6471,16655578,"Ahmed Merie","2026-08-13 00:11:40",569.9,2,aa7767
6472,16855755,"Jack Yap","2026-09-10 19:43:36",569.9,2,jackyap
6473,16687925,BillDoser,"2026-09-11 21:54:35",569.7,2,billdoser
6474,16692857,AbeLincoln1865,"2026-08-11 00:10:16",569.7,2,abelincoln1865
6475,16667818,AjayVarma555,"2026-08-09 15:14:45",569.7,2,ajayvarma555
6476,16748979,"Venkata Madhu Sai D ","2026-08-21 19:49:08",569.7,1,venkatamadhusaid
6477,16665932,"Fabian Birringer","2026-08-21 18:31:41",569.6,2,fabianbirringer
6478,16666648,"Sriram Reddy19","2026-08-06 08:40:07",569.6,2,sriramreddy19
6479,16689391,"Tejas Rajput","2026-08-08 17:21:18",569.4,2,tejasrajput123
6480,16695662,"Ollie Lowe2","2026-08-16 16:47:01",569.4,2,ollielowe2
6481,16717952,Aydar,"2026-08-29 21:28:35",569.3,2,aydara
6482,16786437,"Kiran Narayana K","2026-08-30 06:45:20",569.3,2,kirannarayanak
6483,16661225,"Monibee Fudgekins","2026-09-16 18:18:38",569.2,2,monibeefudgekins
6484,16680342,Game_khó_vkl,"2026-09-27 17:19:13",568.9,2,maruusha
6485,16766732,"Maziyar Abyari","2026-09-19 08:14:10",568.8,2,maziyarabyari
6486,16658377,Masaya,"2026-09-04 15:10:14",568.6,2,irrohas
6487,16725913,StarStone_233,"2026-08-16 07:22:12",568.5,2,starstone233
6488,16723729,"Lucas Cimiano","2026-08-29 17:21:55",568.4,2,lucascimiano
6489,16732529,"lixinglong ye","2026-09-09 07:46:16",568.4,2,lixinglongye
6490,16904550,ukiyois,"2026-09-16 19:54:20",568.0,1,ukiyois
6491,16911383,PurpleNightmare,"2026-09-30 23:31:16",567.9,2,purplenightmare
6492,16654454,"Haoxiang Li","2026-09-06 09:24:47",567.9,2,haoxiangli789
6493,16752324,"yunchuan liu","2026-09-06 22:21:06",567.9,2,hoteye
6494,16759265,AI老爸,"2026-09-06 15:42:27",567.8,2,tsengchienchih
6495,16661529,"AL Najafi","2026-08-08 03:39:39",567.7,2,alnajafi
6496,16671421,"Gryffin Wang","2026-08-08 23:08:40",567.7,2,gryffindoraf
6497,16759427,Dhruv,"2026-08-23 12:20:16",567.5,2,dtalati1
6498,16656884,"Jaime García","2026-09-30 19:44:35",567.4,1,jgarcia12
6499,16793489,hendracos,"2026-09-02 03:10:03",567.3,2,hendracos
6500,16638031,vlad101,"2026-08-21 15:10:27",567.3,2,vlad101
6501,16645297,Mark_RowSet,"2026-08-09 05:25:39",566.9,2,markrowset
6502,16713366,BANKAI,"2026-09-21 18:36:08",566.7,2,igors97
6503,16663922,MoongladeAI,"2026-09-14 03:49:11",566.7,2,moongladeai
6504,16697261,nbauerle,"2026-08-14 15:10:38",566.0,2,nbauerle
6505,16655449,tcvieira,"2026-08-06 18:20:34",566.0,2,tcvieira
6506,16735408,"Evan S","2026-08-18 20:06:05",566.0,2,evansc123
6507,16678157,"Ayush Kumawat","2026-08-14 13:10:02",565.9,2,ayushkumawat21
6508,16706456,"Michael van Mill","2026-08-12 09:58:40",565.9,2,michaelvanmill
6509,16687714,nabilux,"2026-08-09 13:27:11",565.8,2,eminesnabil
6510,16715473,cmrfrd,"2026-08-14 04:58:15",565.8,2,thecmrfrd
6511,16767932,"Mark #3","2026-09-24 12:07:36",565.8,2,markdjadchenko
6512,16771001,"0x1369 T-Farm","2026-08-31 04:38:04",565.8,2,xcryst
6513,16683282,ayushk_empire,"2026-08-14 11:50:15",565.5,2,ayushkempire
6514,16655521,"Hemadri Rajyaguru","2026-08-04 02:12:55",565.4,2,hemadrirajyaguru
6515,16792449,SKYisSKYisSKY,"2026-08-31 04:16:07",565.2,2,skyisskyissky
6516,16690869,"Yudai Hayashi","2026-08-23 09:14:30",565.2,2,yuhaya9
6517,16814805,Muzhi11,"2026-09-21 02:41:31",564.9,2,muzhi11
6518,16789898,"Trung Phạm Đức","2026-09-23 03:12:41",564.9,2,arscil
6519,16671256,"Navid Zaman","2026-09-08 13:58:31",564.8,2,navidzaman01
6520,16781242,"Bobby Clare","2026-09-03 17:04:16",564.8,2,bobbyclare
6521,16698034,Anatoliy_Fomin,"2026-08-12 12:57:18",564.8,2,anatoliyfomin
6522,16867608,"Paul M","2026-09-25 21:16:56",564.7,1,pillow5
6523,16671438,"Aot Chanthorn","2026-08-15 16:16:25",564.6,2,aotchanthorn
6524,16665990,daffaharil,"2026-08-11 07:56:55",564.5,2,"daffaharil,farhansiddiq"
6525,16713236,kingofeverything,"2026-09-30 23:27:10",564.5,2,"kingofeverything,skyyyang"
6526,16657105,"Mathijs Deelen","2026-08-05 01:16:34",564.3,2,mathijsdeelen
6527,16811935,"Bhargavaram Gajula","2026-09-05 18:08:56",564.3,2,bhargavaramgajula007
6528,16706455,"John Andrei Martinez","2026-08-18 18:55:04",564.3,2,johnandreimartinez
6529,16763113,sowhatwillwelearn,"2026-09-01 11:03:47",564.1,2,sowhatwillwelearn
6530,16659663,Chintakrinda_Naveen,"2026-09-22 04:04:37",564.0,2,naveen998
6531,16880672,"Bennett Hellman","2026-09-18 12:59:02",563.9,2,bennetthellman
6532,16786140,valgrinderror,"2026-09-26 15:35:01",563.9,2,valgrinderror
6533,16774890,SkoopSkoop,"2026-08-31 16:08:04",563.9,2,skoopskoop
6534,16730028,"Ken Qian","2026-08-17 03:10:15",563.9,2,kenqian
6535,16703310,"israel ntumba","2026-09-14 17:42:47",563.5,2,israelntumba
6536,16735476,"Matthew Liew","2026-08-18 08:02:11",563.4,2,matthewliew
6537,16674841,"Syna Bedi","2026-08-15 09:57:28",563.4,2,synabedi
6538,16742073,"nguyễn huệ anh","2026-09-15 15:55:00",563.3,2,akapatu
6539,16658905,"Anjaneya Tripathi","2026-09-30 18:14:11",563.3,2,anjaneyatripathi
6540,16651661,"Quyền Thịnh","2026-08-07 06:27:45",563.1,2,quynthnh
6541,16803726,Yaromir_Ko,"2026-09-08 13:25:00",563.1,2,ronanndex
6542,16756564,"Nicolas Defossé","2026-08-25 21:10:58",563.1,2,nicolasdefoss
6543,16823853,Zerbytheboss,"2026-09-30 08:39:55",563.0,2,zerbytheboss
6544,16730231,chandler14362,"2026-08-29 03:04:49",562.8,2,chandler14362
6545,16767632,"robin baldeo","2026-09-24 22:26:00",562.7,2,robinbaldeo
6546,16853993,"Christie Lam","2026-09-16 03:13:27",562.7,2,christielam
6547,16670615,Ahornsirup,"2026-09-06 21:03:14",562.6,2,ahornsirup
6548,16665154,"Omkar Pawar","2026-08-23 12:22:56",562.1,2,omkarrr7
6549,16687548,"Shubham Tibrewal","2026-09-22 07:13:23",561.8,2,researchai2026
6550,16777740,hoangnnh67,"2026-08-28 22:12:22",561.7,2,hoangnnh67
6551,16747180,KaiKogure,"2026-09-03 12:46:04",561.6,1,kaikogure
6552,16833040,"Vadim Demchuk","2026-09-05 06:07:54",561.5,2,vadimdemchuk
6553,16869733,narwhal,"2026-09-30 23:53:27",561.3,2,justinye0
6554,16848416,"Mayank Bhatia","2026-09-07 15:09:19",561.2,2,mikemayankb
6555,16694610,Kshitiz2002,"2026-08-11 15:44:41",560.9,2,kshitiz2002
6556,16677178,"YOUSSEF FAID","2026-08-11 21:10:38",560.8,2,yousseffaid
6557,16671940,LJazya,"2026-09-05 02:54:37",560.7,2,jihanelek
6558,16724819,Dwij12,"2026-08-20 18:28:01",560.7,2,dwij12
6559,16791701,"Tired Dad Data","2026-09-12 21:37:23",560.7,2,alexmaggard
6560,16755111,ingemarieke,"2026-08-21 15:04:53",560.6,1,ingemarieke
6561,16757806,Richardwe,"2026-09-30 08:25:18",560.6,2,richardwe
6562,16694064,RRK0123,"2026-08-17 05:30:52",560.6,2,rrk0123
6563,16717614,Dhanyashree1028,"2026-08-16 15:00:37",560.4,2,dhanyashree1028
6564,16654640,"Halil Akbas","2026-08-28 00:32:12",560.3,2,halilbrahimakbas
6565,16623745,chunluran,"2026-09-27 11:17:09",560.3,2,chunluran
6566,16661898,Farfadet,"2026-08-12 06:04:18",560.0,2,farfadet
6567,16753353,"Aayush Kumar","2026-09-30 20:55:49",560.0,2,devaayushkumar
6568,16738336,"Guo Xuehan","2026-09-02 05:44:05",559.9,2,zmllls
6569,16943628,"Michael Liu","2026-09-23 04:19:13",559.8,2,mliu1204
6570,16664731,UT,"2026-08-21 15:24:42",559.6,2,"sabapunch,wasshan"
6571,16629844,IsaacJinyu,"2026-08-01 15:39:55",559.5,2,isaacjinyu
6572,16675457,"Ramana Prabhu Sana","2026-09-27 23:58:05",559.3,2,ramanaprabhusana
6573,16734822,Zcy,"2026-09-20 12:04:41",559.1,2,laura831
6574,16699140,St.Valentine,"2026-08-18 09:49:04",558.9,2,stvalentin3
6575,16670070,"Kirill Molostov","2026-08-31 12:18:26",558.8,2,kirillmolostov
6576,16661318,"Zeel Kadvani","2026-08-25 11:17:53",558.6,2,zeelkadvani
6577,16673981,"Aarya Jadhav","2026-09-22 15:24:49",558.4,2,aaryajadhav0310
6578,16864562,otaniyu,"2026-09-15 00:53:18",558.4,2,otaniyu
6579,16689919,"Koren Ben Ezra","2026-08-08 17:49:55",558.3,2,korenbenezra
6580,16734595,"Abhimanyu Singh","2026-08-20 12:52:38",558.0,2,abhimanyusingh170702
6581,16946099,"CupidCloris Zeus","2026-09-29 13:21:58",557.7,2,cupidcloriszeus
6582,16793892,cjc0013,"2026-08-31 18:27:50",557.6,2,cjc0013
6583,16717850,"HeeGwan Lee","2026-09-06 11:51:49",557.5,2,heegwanlee
6584,16925954,"Ibrahim Emir Tosun","2026-09-20 10:48:22",557.3,2,tosunn
6585,16686222,"Nika Chaduneli","2026-08-10 01:21:09",557.3,2,nikachaduneli
6586,16679018,"Kushpreet Singh","2026-09-03 23:23:41",557.3,2,kush639
6587,16665042,Neo_0x3f,"2026-08-10 21:36:56",557.2,2,neo0x3f
6588,16697526,"Jurgen Sinjari","2026-08-10 21:21:26",557.2,2,jurgensinjari
6589,16672370,"Yash Barhanpurkar","2026-09-10 17:36:18",557.1,2,yashbarhanpurkar
6590,16851079,"Nathaniel Marshall","2026-09-08 02:04:22",556.9,2,nm4rshall
6591,16661210,vizyourdata,"2026-08-07 11:05:08",556.9,2,vizyourdata
6592,16668817,"Sean ODonnell","2026-08-08 03:27:47",556.9,2,sjean11
6593,16731616,"Mohamed Aashik 24","2026-09-14 19:24:28",556.8,2,mohamedaashik24
6594,16843393,"Rizki Syawaldi","2026-09-27 15:28:38",556.8,2,rizkisyawaldi
6595,16634204,"m-toshi desu","2026-08-01 06:20:37",556.7,2,mtoshidesu
6596,16660540,Minikotey,"2026-08-16 15:34:40",556.6,2,juliapatarishina
6597,16691518,"Sander Ee","2026-08-09 12:03:09",556.6,2,sanderee
6598,16666099,"Marcben James Samuel","2026-09-17 05:52:20",556.5,2,marcbenjamessamuel
6599,16654099,"Bhupin Thapa magar","2026-08-10 09:22:06",556.5,2,vupeenthapamagar
6600,16660345,"Aadhithya Ramesh","2026-08-06 08:49:10",556.4,2,aadhithyaramesh
6601,16728195,"6 GOD","2026-08-21 15:50:28",556.3,2,tertospacko
6602,16660600,"Beria Kalpelbe","2026-08-07 13:46:47",556.3,2,beriakalpelbe
6603,16668439,Lugas024,"2026-08-08 05:33:51",556.2,2,lugas024
6604,16670313,HamzZZzzZZa,"2026-08-06 22:01:28",556.0,2,memesalot
6605,16673359,hasshi7965,"2026-09-23 04:34:47",555.6,2,hasshi7965
6606,16658042,"Giampietro Pregnolato","2026-08-13 09:17:36",555.4,2,giampietropregnolato
6607,16922524,"Aleksandar Belic","2026-09-30 09:54:30",555.2,2,aleksandarbelic
6608,16665894,"Pedro Wu","2026-09-03 03:40:31",555.2,2,pedropei
6609,16732504,"porsche zheng","2026-08-18 08:19:41",555.2,2,porschezheng
6610,16891652,Cristian034,"2026-09-30 23:57:12",555.1,2,cristian034
6611,16632510,shi_koyo,"2026-08-04 08:58:56",554.8,2,shikoyo
6612,16682815,"Saiyam Bharara","2026-08-19 15:03:06",554.8,2,saiyambharara
6613,16664267,"Alan T. Andrea","2026-08-09 03:22:40",554.8,2,alantandrea
6614,16624888,okome_niigata,"2026-08-06 06:47:17",554.8,2,okomeniigata
6615,16837934,"Osman ILICA","2026-09-09 02:30:19",554.7,2,osmanilica
6616,16825667,"Lê Minh Dương","2026-09-08 05:45:07",554.6,2,minhduonq
6617,16875479,"Debasish Gorai","2026-09-30 15:22:42",554.5,2,debasishgorai
6618,16928039,"Hideki Fujiwara","2026-09-27 22:06:38",554.5,2,hidekifujiwara
6619,16926090,"Amr Fadhilah Abiyyu Alif Basysyar","2026-09-21 00:35:25",554.5,2,amrfadhilah
6620,16674106,Nanga_rendu_peru,"2026-09-27 02:12:33",554.5,2,"dineshak07,jaikrishna007"
6621,16657798,"Ian Kim","2026-08-06 05:07:10",554.2,2,ianpkim
6622,16775770,"Ashish Kumar","2026-08-27 17:18:58",554.0,1,whoashish115
6623,16840445,"Danko Schroeder","2026-09-30 20:58:03",553.9,2,dankoschroeder
6624,16882160,"John Doe #2","2026-09-12 18:04:56",553.9,1,realgrape
6625,16670356,"Dziriyin wa9il","2026-08-25 19:56:56",553.9,2,"akumanomu,alioualaeddine"
6626,16663656,"Andrii Kavetskyi","2026-08-20 21:48:20",553.7,2,andriykavetsky
6627,16671942,"JIVRAJ SINGH","2026-09-05 02:33:23",553.7,2,jivrajsingh
6628,16660138,"Sanchit Handa","2026-09-12 18:45:23",553.6,2,"harmanjotsingh8,sanchithanda182006"
6629,16770096,Program,"2026-09-30 23:36:13",553.5,2,panagiotapanora
6630,16913155,DT,"2026-09-20 14:19:20",553.5,2,"bhd233,vatlegend"
6631,16689033,arman1o1,"2026-09-01 05:01:27",553.4,2,arman1o1
6632,16659367,"Tayyab Aamir","2026-08-06 10:59:49",553.1,2,duketi
6633,16707037,"Cedoque BAGBONON","2026-09-20 10:27:32",553.1,2,cedbag
6634,16664041,"an Expired Engineer","2026-08-17 12:02:21",553.0,2,sanggusti
6635,16662120,"Harpal Gujral","2026-08-25 18:07:07",553.0,2,harpalgujral
6636,16892496,"Alif Mahmud 1993","2026-09-15 16:35:27",552.9,2,alifmahmud1993
6637,16731447,"Rúben Martins","2026-08-19 20:55:42",552.9,2,rubenmartins10
6638,16634316,"Cao Tùng Lâm","2026-09-01 07:16:08",552.9,2,liamislazy
6639,16693233,"Noah Wheeler","2026-09-22 23:13:00",552.7,2,nwheeler806
6640,16755548,"Manuel Ramos","2026-08-27 19:06:26",552.7,2,aizpask13
6641,16717671,Jeremy,"2026-09-22 22:01:27",552.6,2,lukeenness
6642,16841559,dal7,"2026-09-09 04:32:12",552.6,2,purelyconceptual
6643,16858948,"Nizar Fathurohman","2026-09-26 10:17:47",552.5,1,nizarfathurohman
6644,16711567,"Finn Brooks","2026-08-15 04:40:11",552.4,2,finnbr
6645,16662015,"ryan panda","2026-09-23 20:03:28",552.4,2,hollowpurple
6646,16743382,"Pavan Rangisetti","2026-09-15 03:42:00",552.4,2,pavanrangisetti
6647,16689398,Reesh,"2026-08-11 08:55:10",552.0,2,rishileung
6648,16635746,"jeon hyeon woo","2026-08-13 15:32:43",551.9,2,jeonhyeonwoo
6649,16888433,SINKO1,"2026-09-25 20:49:06",551.9,2,sinko1
6650,16796164,harsh,"2026-09-30 09:35:37",551.8,2,harshdeshwar
6651,16665692,Straw_hats,"2026-09-01 07:40:19",551.8,2,"charanno,tvigneshreddy"
6652,16665471,"Dennis Navamani","2026-08-25 11:10:08",551.5,2,dennisnavamani
6653,16711868,"Mark Cooper","2026-08-16 13:09:02",551.4,2,markjcooper
6654,16674504,"Arunabh Gupta","2026-08-18 11:10:33",551.3,2,"arunabhsgupt4,eggsysy"
6655,16662094,"moncef elm","2026-09-23 09:09:03",551.3,2,moncefelm
6656,16670708,"Mohammad Usman Sajid","2026-09-03 18:26:11",551.3,2,mohammadusmansajid
6657,16844527,"Suyog Gund","2026-09-12 18:30:05",551.1,2,suyoggund
6658,16840365,"Pranjal Morwal","2026-09-30 21:55:03",551.0,2,pranjalmorwal
6659,16897043,"Suyog Dahal","2026-09-26 15:45:17",551.0,2,uzumakidahal
6660,16858529,TUdo,"2026-09-30 23:45:06",550.9,2,ericjianfengzhang
6661,16684886,HTHub,"2026-08-08 00:12:47",550.8,2,adegokesaidi
6662,16694134,"Sophia Leng","2026-08-24 20:04:10",550.8,1,sophialeng9
6663,16635377,het2554,"2026-09-13 07:55:05",550.6,2,crazy2554
6664,16621811,"Shaun Andrade","2026-08-01 00:44:42",550.5,2,shaunandrade
6665,16730461,"Mubin Shaikh","2026-08-19 06:09:17",550.5,2,shaikhmubin
6666,16671237,"Jose Alejandro Rivera Jaramillo","2026-08-07 18:13:13",550.5,2,alejandroriveraj
6667,16793913,"Vrushal Patil","2026-09-06 11:13:36",550.2,2,vrushalpatil
6668,16897403,"Abel Markose","2026-09-18 03:08:38",550.2,2,"abelmarkose,sreehari3301"
6669,16811603,hundun,"2026-09-04 09:48:18",549.9,2,zhongh4oyang
6670,16663909,HDPark,"2026-08-17 04:48:41",549.8,2,hdpark
6671,16730030,"Jared Wilder","2026-08-17 14:23:15",549.8,2,jaredwilder
6672,16892008,#FeedThePuffer,"2026-09-21 02:24:32",549.8,2,"andrdalbosco,gabmaury"
6673,16658937,SebastianQbiak,"2026-08-05 06:20:18",549.8,2,sebastianqbiak
6674,16702993,PLM,"2026-08-30 13:58:34",549.3,2,"ileabogdan,popu23,razvaniga,rvaurs"
6675,16825999,"Atsushi Yoshikawa","2026-09-07 02:06:13",549.2,2,atsushiyoshikawa
6676,16674950,Davide,"2026-09-03 09:22:38",549.2,2,quanttony
6677,16659341,Aryan88097,"2026-08-05 17:26:57",549.0,2,aryan88097
6678,16704437,babybuffalo,"2026-08-25 16:11:16",549.0,2,babybuffalo
6679,16819076,"Keyur Gohel","2026-09-29 00:41:10",549.0,2,venuzdonoa
6680,16732307,"Shobha Vashishtha","2026-08-17 12:32:07",549.0,1,shobhavashishtha
6681,16655027,"Artem Zenkevich","2026-08-16 13:09:58",548.9,2,artemzen
6682,16665133,"Abhishek Dubey","2026-08-10 13:28:57",548.8,2,abhishekdubey911
6683,16845009,"Nyasha Gandah","2026-09-15 06:20:21",548.7,2,nyashagandah
6684,16669595,evanca,"2026-08-08 12:27:56",548.6,2,evanca
6685,16846408,"Arpit Gole","2026-09-16 02:21:23",548.5,2,connecttoarpitgole
6686,16934151,"Aayu wadhwani","2026-09-30 22:59:58",548.4,2,"aayuwadhwani,keshavbhatnager"
6687,16918629,humblegod,"2026-09-30 23:53:05",548.2,2,sophatodom
6688,16935929,"Bhavesh Kolhe","2026-09-23 08:47:28",548.2,2,bhaveshkolhe
6689,16712410,aysfshn,"2026-09-09 15:09:08",548.1,2,aysfshn
6690,16655527,"Saurabh Kumar","2026-08-06 08:14:52",548.0,2,sk25oct
6691,16881624,RetrainMap,"2026-09-12 20:08:45",548.0,2,retrainmap
6692,16773779,"Daichi Tanaka","2026-08-31 03:38:48",547.7,2,daichit64
6693,16657016,"MD. AS-AID RAHMAN","2026-08-26 15:57:49",547.6,2,mdasaidrahman
6694,16695799,Vaycheslav,"2026-09-22 08:05:40",547.5,2,vaycheslav
6695,16654761,"Mohammed Mukthar","2026-08-05 02:06:15",547.4,2,mohammedmukthar9
6696,16855052,pk954061458,"2026-09-14 10:37:54",547.4,2,pk954061458
6697,16863952,"Kuei-Hsien Chu","2026-09-10 06:14:39",547.4,2,formosa21
6698,16664134,"Pelayo Fernández","2026-08-07 10:36:48",547.4,2,pelayofdez
6699,16658686,"Alpesh Kumar","2026-08-08 06:12:31",547.3,2,alpeshkumar
6700,16770674,"Arpit Jain","2026-09-02 11:44:36",547.1,2,arpitjain5
6701,16729202,Sven,"2026-08-27 21:55:40",547.1,2,sventleman
6702,16707078,"Loïc & Zach","2026-08-24 20:25:24",546.9,2,"locmmeteau,zachariedubus"
6703,16668648,"Mason R. Brito","2026-09-10 16:58:25",546.8,2,masonrbrito
6704,16686613,Zubatch,"2026-08-15 20:11:39",546.8,2,zubatch
6705,16793802,"Andrew Lam","2026-09-01 09:07:56",546.8,2,andrewlam23
6706,16789914,AkikJana,"2026-09-07 16:37:53",546.7,2,firewaterair
6707,16668211,"Alejandro Hernández Mairal","2026-09-03 13:28:29",546.4,2,alherma7
6708,16712380,Rdjarbeng,"2026-09-30 21:21:51",546.2,2,rdjarbeng
6709,16885464,"Javier Hernáez","2026-09-19 18:09:39",546.1,2,javierhernaez
6710,16886077,"Rajan Aggarwal","2026-09-17 15:19:02",545.9,2,rajanaggarwal11
6711,16682915,"igeo kK","2026-09-12 23:10:17",545.9,2,igeokk
6712,16739449,SelvapriyankaRam,"2026-08-24 18:44:21",545.9,2,selvapriyankaram
6713,16844385,"Michael Leo Tan","2026-09-08 02:56:03",545.8,2,michaelleotan
6714,16797356,"Thalía Cantero","2026-09-15 15:41:27",545.7,2,thalicantero
6715,16664313,CompilingCoder,"2026-08-06 09:38:17",545.5,2,compilingcoder
6716,16625047,BOBQWERA,"2026-08-02 06:34:18",545.4,2,bobqwera
6717,16688175,aarav221w,"2026-08-25 23:40:16",545.4,2,aarav221w
6718,16738261,"Samuel Moreira","2026-08-24 14:11:40",545.4,2,samuelmoreira420
6719,16724904,"Carlos Eduardo De Paula Arantes","2026-08-15 15:48:43",545.3,2,carloseduardo1753
6720,16831074,BiNar,"2026-09-27 09:04:57",545.3,2,durbinar
6721,16652635,panacea9320,"2026-08-05 10:45:06",545.1,2,panacea9320
6722,16667011,"Chung Yu Jin","2026-09-21 05:44:32",544.9,1,chungyujin24
6723,16731996,Chloe,"2026-08-18 02:58:05",544.9,2,chenchloehaimo
6724,16755529,"Rafea Almejrab2025","2026-08-29 16:06:34",544.9,2,rafeaalmejrab2025
6725,16668175,el_dedalus,"2026-08-06 14:48:01",544.5,2,eldedalus
6726,16756677,"Pyzh Vladislav","2026-08-24 10:19:44",544.4,2,pyzhvladislav
6727,16937197,men-of-culture,"2026-09-24 06:52:33",544.4,2,leejianrong
6728,16727376,"Roko Torbarina","2026-08-18 18:31:57",544.3,2,rokotorbarina
6729,16809136,"Xander Lee","2026-09-04 13:56:48",544.2,2,xndlee
6730,16642994,"Danila Galkin","2026-08-13 19:22:17",544.2,2,danilagalkin
6731,16796810,JosephErikRibeiro,"2026-09-21 21:23:50",544.2,2,josepherikribeiro
6732,16765031,"Allen JL Li","2026-08-27 06:12:23",544.0,2,allenjlli
6733,16725871,"Patrice Santiago","2026-09-03 22:19:56",544.0,2,patricesantiago
6734,16733046,Afordancja,"2026-08-24 18:22:42",543.9,2,afordancja
6735,16654351,"Manish Kumar","2026-08-04 07:45:22",543.9,2,manishkumarphd2000
6736,16658106,"Devam juthani","2026-08-05 08:18:14",543.8,2,devamjuthani
6737,16731009,"Joseph Paris","2026-08-24 05:32:21",543.6,2,josephkparis
6738,16883182,xvzfbr0,"2026-09-29 02:32:20",543.4,2,xvzfbr0
6739,16718363,"Jarbas Camurça","2026-08-28 11:15:44",543.3,2,pjarbas
6740,16728799,JulianHahn28,"2026-08-17 21:26:57",543.2,2,julianhahn28
6741,16671779,"Syed Jawad","2026-09-06 12:12:28",543.1,2,syedjawad11
6742,16760604,"Thananut Phiboonbanakit","2026-08-25 14:04:44",542.9,2,tphiboonbanakit
6743,16660005,DreamX5678,"2026-08-06 07:55:06",542.8,2,dreamx5678
6744,16662421,"Aparna Mantha","2026-08-06 17:23:34",542.7,2,aparnam91
6745,16745571,"Yifan Xie","2026-09-03 13:55:15",542.7,2,yifanxie
6746,16681149,Lee14k,"2026-08-19 17:00:35",542.5,2,lee14k
6747,16808696,마짱MAZZANG,"2026-09-04 09:41:16",542.5,2,mazzang
6748,16691552,"Koshtubh Singh Parihar","2026-08-09 03:19:39",542.4,2,koshtubhsinghparihar
6749,16697941,"Raphael Coelho","2026-08-16 15:24:28",542.3,2,raphaelrrcoelho
6750,16707767,"Lai Eu Wen","2026-08-16 16:47:50",542.1,2,laieuwen
6751,16660319,fahimMK,"2026-09-19 16:43:05",542.1,2,fahimmk
6752,16805275,"Women or something","2026-09-30 18:11:37",541.7,2,"appalachianmounta1n,reneeschmidt"
6753,16845593,matsudaatom,"2026-09-07 14:44:59",541.7,2,matsudaatom
6754,16853582,"Qiao Ke","2026-09-09 09:44:44",541.7,1,bridgekk
6755,16722502,Abyss,"2026-08-27 11:26:49",541.6,2,sahiltks
6756,16708907,"[Deleted] 84526ff4-3aed-4b4b-a45f-a4486f01cb7b","2026-08-13 20:01:55",541.5,2,del=34c747d6ee8d2bd7
6757,16899050,SerenaLsr,"2026-09-16 03:35:02",541.4,2,serenalsr
6758,16681660,"Parham Ghazanfari","2026-08-07 20:18:18",541.4,1,parhamghazanfari
6759,16763088,mason.jr,"2026-08-25 04:29:36",541.3,2,haophanzx
6760,16847801,"Joachim Oliver Mampouya","2026-09-08 14:54:14",541.2,2,olivermam
6761,16779539,"Dmitri Bugakov","2026-08-27 16:34:42",541.0,2,dmitrybugakov
6762,16676360,"Chris Kang","2026-08-17 10:07:49",540.9,2,rukawa917
6763,16639867,vibecoder,"2026-08-08 05:34:55",540.7,2,kunal808
6764,16655571,yuken,"2026-08-07 13:27:53",540.6,2,yukenai
6765,16730104,BartHeart,"2026-08-20 18:58:23",540.6,2,bartheart
6766,16621407,Kh0a,"2026-09-15 06:55:26",540.6,2,llkh0a
6767,16774524,ShinYingChua,"2026-09-13 15:35:15",540.5,2,shinyingchua
6768,16731173,AynRmio,"2026-09-17 08:48:38",540.5,2,aynrmio
6769,16655663,"Farmland Destroyer","2026-08-19 13:43:22",540.5,2,minghaopang
6770,16687390,"Mark Calvert","2026-08-08 09:51:55",540.4,2,markycalvert
6771,16655272,"Artur Sakhiullin","2026-08-09 14:27:52",540.4,2,artursakhiullin
6772,16659598,kudston,"2026-09-15 18:38:11",540.2,2,kudston
6773,16716941,林木子吖,"2026-08-24 09:28:59",540.1,2,linmuzi0108
6774,16738777,"Balwinder Singh1235","2026-08-20 10:21:34",540.0,2,balwindersingh1235
6775,16659418,"Fonge Bertin","2026-08-06 09:26:33",540.0,2,fongebertin
6776,16721877,SuzukiTakumi,"2026-09-28 18:46:15",539.9,2,suzukitakumi
6777,16700785,"VIVEK JAMI","2026-08-19 13:57:57",539.9,2,vivekjami
6778,16890342,Bin.Han,"2026-09-21 05:17:00",539.7,2,binhan0514
6779,16667565,BeeDeeR,"2026-09-23 01:13:42",539.3,2,beedeer
6780,16777056,"Seb boulba","2026-08-27 21:03:26",539.1,2,sebboulba
6781,16718366,RATriculture,"2026-08-28 19:15:28",538.7,2,tarasshchur
6782,16669597,农业农村部,"2026-08-10 19:11:08",538.5,2,"bingzhenghan,hrwan1,krasuszl"
6783,16750614,"Shivansh Chaudhary","2026-09-05 06:17:27",538.5,2,shivanshchoo
6784,16872064,"Jimmy Erickson","2026-09-13 19:43:54",538.2,2,jimmyerickson
6785,16782993,hayashida,"2026-09-07 14:01:36",538.2,2,daichihayashi
6786,16750666,"Mitali Yadav","2026-09-29 00:52:08",538.1,2,mitaliyadav18
6787,16728017,"medkhalil hawachi","2026-09-29 11:33:25",538.1,2,medkhalilhawachi
6788,16732725,MackTen,"2026-08-19 08:14:01",538.1,2,mackten
6789,16762994,AdvancedRising,"2026-09-13 14:54:28",538.0,2,advancedrising
6790,16941519,Dr.Hazbulla,"2026-09-24 14:05:45",538.0,2,drhazbulla
6791,16701034,notnorm,"2026-08-11 10:31:23",537.9,1,notnorm
6792,16733131,Rad&Nhu,"2026-09-30 23:50:34",537.7,2,vnt174
6793,16699689,"David Sedláček","2026-08-10 08:38:38",537.6,2,sibicek
6794,16763287,Sathishkumartheta,"2026-08-25 18:53:26",537.6,2,sathishkumartheta
6795,16673333,"Dimas Renggana","2026-08-06 23:40:39",537.6,2,dimasrenggana
6796,16671364,"Mike Riggs","2026-08-09 03:22:55",537.4,2,riggsasi
6797,16732609,"Filippo Paninforni","2026-08-19 18:30:22",537.2,2,filippopaninforni
6798,16673923,"Gabriele Giacometti","2026-09-10 12:15:50",537.1,2,gabrielegiacometti
6799,16854535,Dragon,"2026-09-09 16:48:11",537.0,2,dragon116rus
6800,16868576,DarkhanShakhan,"2026-09-15 20:17:01",536.9,2,darkhan1991
6801,16675066,Opticulture,"2026-08-16 12:19:48",536.9,2,"bajibaburowthu,ponnuripavankumar,radhakrishnadoredla,veereshkumar1219"
6802,16680297,"Ajay Singh","2026-08-08 04:33:24",536.9,2,ajaysinghg
6803,16862124,"Lei Yang23","2026-09-16 18:09:55",536.9,2,leiyang23
6804,16663766,"Anup Gautam","2026-08-08 01:29:10",536.8,2,anupanda
6805,16783367,hezhiqian,"2026-09-17 00:06:34",536.8,2,hezhiqian
6806,16785687,"AP SEM F STUDENTS","2026-08-31 03:52:37",536.8,2,"advaithn0518,rohanjeyavel,shrivatsamurugan,stitchsages"
6807,16726839,syunsuke,"2026-08-21 23:12:13",536.7,2,syunsuke1024
6808,16862542,"Mitchelle's Team","2026-09-30 21:54:05",536.6,2,mitchellluciana
6809,16655426,engin_zhou,"2026-08-05 15:21:18",536.6,2,enginzhou
6810,16732357,"Thales Augusto Leite de Souza","2026-08-23 23:43:38",536.3,2,thalestals
6811,16662313,"Maximus Sambucetti","2026-08-09 15:36:46",536.2,2,maximussambucetti
6812,16676155,"Adam Carnaffan","2026-08-07 16:48:03",536.1,2,adamcarnaffan
6813,16671420,"Chengchen Duan","2026-08-17 15:25:09",536.1,2,chengchenduan
6814,16726873,@F,"2026-08-16 01:43:22",536.1,1,atefbouzid
6815,16728743,Miki_Nuummiu,"2026-09-16 20:54:12",536.0,2,mikinuummiu
6816,16655651,"Kevin Cho","2026-09-14 16:40:58",536.0,2,chokevinjs
6817,16926556,Fufig,"2026-09-20 17:31:56",535.9,2,yafufig
6818,16748603,有本事出来单挑,"2026-09-28 08:54:18",535.8,2,qianzhonhao
6819,16744752,"Dean Johnson","2026-08-27 10:26:20",535.7,2,deanjohnson202
6820,16715495,Yashi003,"2026-08-24 04:44:40",535.7,2,yashi003
6821,16654723,"Trajko Todosov","2026-09-30 23:53:54",535.6,2,trajkotodosov
6822,16659951,"CHRISTOPHER CRILLY","2026-09-11 12:23:20",535.6,2,christophercrilly
6823,16770891,"Oleg Shatov","2026-09-05 16:34:56",535.0,2,bishkek
6824,16706413,"Song Research","2026-08-18 00:39:36",535.0,2,sangbong91
6825,16826099,"Aykut Çağlar","2026-09-15 16:08:32",534.9,2,aykutcaglar
6826,16947950,"William Caetano Hilário","2026-09-30 23:27:22",534.9,2,williamcaetanohilrio
6827,16733910,davidsmith42,"2026-08-19 23:59:03",534.8,2,ananthvydianath42
6828,16757407,"Dylan Bailes","2026-08-26 07:11:56",534.8,2,dylanbailes
6829,16732003,"HAO jia liu","2026-08-18 09:58:05",534.7,2,haojialiu
6830,16808750,ssssying,"2026-09-30 01:53:24",534.4,2,ssssying
6831,16666483,"Salih Erdem Kaymak","2026-08-08 17:32:38",534.3,2,saliherdemkaymak
6832,16690736,omarkami007,"2026-08-11 18:40:45",534.0,2,omarkami007
6833,16851330,umar,"2026-09-16 03:04:16",534.0,2,umar4md
6834,16793680,prajval_p,"2026-09-01 01:03:39",533.8,2,prajvalp
6835,16937434,iit24m1520,"2026-09-23 06:17:13",533.8,2,iit24m1520
6836,16692995,RafaMartinaitis,"2026-08-22 11:50:10",533.7,2,rafaelmartinaitis
6837,16693988,"Pranav Gupta","2026-08-18 03:51:41",533.6,2,kumbhakarann
6838,16850246,"Makarand Gokhale","2026-09-24 01:08:26",533.6,2,makarandgokhale
6839,16686743,charmander,"2026-09-11 15:44:15",533.6,2,rahuladhi
6840,16704569,"Lorenzo Grattarola","2026-08-16 22:24:15",533.5,2,lorenzograttarola
6841,16667794,knadithyavr,"2026-08-13 12:24:05",533.5,2,knadithyavr
6842,16659309,irisV11,"2026-08-18 05:23:01",533.3,2,irisv11
6843,16686655,"Emir Baki Demirci","2026-09-26 00:48:25",533.2,2,emirbakidemirci
6844,16666249,Kawa_pt,"2026-09-08 22:24:25",533.1,2,kawapt
6845,16750751,AarizKh,"2026-09-09 16:28:15",533.1,2,aarizkh
6846,16866643,"Yan Slabodich","2026-09-15 08:02:34",533.0,2,yanskij
6847,16795609,2023314806_이승민,"2026-09-04 10:21:31",532.9,2,sminleeee
6848,16700441,"Houssem RIAHI","2026-08-27 14:54:09",532.8,2,houssemriahi
6849,16717817,"Nick Stoddart","2026-08-14 05:15:23",532.7,2,nickstoddart
6850,16656690,"Sushant Kumar (xWF)","2026-08-06 04:44:38",532.4,2,sushantkumarxwf
6851,16726080,"Arda Yasar","2026-08-19 06:02:10",532.4,2,ardayasar
6852,16783050,"Charles Chen","2026-09-29 16:02:31",532.2,2,charles2580
6853,16744534,"Leonardo Custode","2026-09-11 09:16:04",532.2,2,leocus
6854,16924174,"Brijesh Sankhavara","2026-09-19 07:12:58",532.1,1,brijeshsankhavara1
6855,16664415,"Imerson Krysthio","2026-08-12 05:37:03",532.0,2,imersonk
6856,16657104,"Bashar Gamal","2026-09-15 05:51:30",531.9,2,bashargamal
6857,16656871,"Pedro Henrique","2026-08-07 03:37:29",531.9,2,pedrohets
6858,16658009,"Lando Wang","2026-08-05 02:18:17",531.9,2,landowang
6859,16915490,"Rounak Mukherjee","2026-09-30 19:27:58",531.9,2,zade799
6860,16664119,FSzekut,"2026-08-07 00:03:04",531.9,2,fszekut
6861,16666597,Ramkumar4240,"2026-08-10 12:19:20",531.7,2,ramkumar4240
6862,16848263,Xenongas,"2026-09-08 14:23:14",531.6,2,xenongas1
6863,16670544,"William Rients","2026-08-06 00:01:02",531.6,2,williamrients
6864,16709318,"Jana Hagen","2026-08-26 18:00:16",531.5,2,janahagen
6865,16711760,"Shubham Penkar","2026-09-30 09:07:08",531.0,2,shubhampenkar
6866,16904690,"yuya #2","2026-09-17 07:21:26",531.0,2,pineandtree
6867,16930840,machineabao,"2026-09-22 19:18:24",531.0,2,machineabao
6868,16743438,嘎嘎滴辣晒,"2026-08-24 09:30:32",530.9,2,yuhangzhang0621
6869,16727009,B05801037,"2026-08-18 02:28:48",530.8,2,peteropop
6870,16640888,"Dhe Yeong","2026-09-30 20:50:02",530.8,2,dheyeong
6871,16665060,Pipeweed,"2026-08-27 18:14:40",530.6,2,pipeweed56
6872,16718445,"Hamza Elmorjani","2026-08-15 12:16:55",530.4,2,hamzaelmorjani03
6873,16670698,"Tamerlan Dadashov","2026-08-09 10:36:12",530.3,2,tamerlandadashov
6874,16744239,"Diogo Gomes ","2026-08-25 09:39:28",529.9,2,diogogomes
6875,16652899,Isha,"2026-09-29 15:47:40",529.7,2,aarohi20
6876,16789550,foundtion,"2026-08-30 13:19:22",529.6,2,foundtion
6877,16658477,"chathura prasadh9817","2026-08-06 07:18:04",529.5,2,chathuraprasadh9817
6878,16702820,"Plorek ","2026-08-28 11:28:11",529.4,2,plorek
6879,16633379,"Artem Prokhorov","2026-07-31 20:53:32",529.4,1,catfield123
6880,16728220,Naki,"2026-09-08 11:50:44",529.3,2,nanakiohashi
6881,16947326,"Sachin Sachdeva","2026-09-23 12:55:56",529.1,2,sachinsachdeva
6882,16684674,"Ch Muhammad Umer ","2026-08-11 08:11:36",529.0,2,chmuhammadumer
6883,16665622,one,"2026-08-11 04:10:11",528.8,2,richardsplayground
6884,16730740,"claude opus5🏆","2026-08-19 09:58:24",528.8,2,yinpinggao
6885,16690352,"Aled von Oppell","2026-09-24 16:04:36",528.8,2,aledgvonoppell
6886,16720143,"AMAN PANDEY","2026-08-16 13:57:00",528.7,2,amanapofficial
6887,16733873,"Shirish Chinchanikar","2026-08-30 15:53:12",528.5,2,"codemastersj,shirishchinchanikar"
6888,16774333,"Nazim Shoikot","2026-09-03 11:20:20",528.5,2,nazimshoikot71
6889,16697681,"Mahfujur Rahman Rakib","2026-08-10 05:14:21",528.5,2,mahfujurrahmanrakib
6890,16887280,"ronger zhu","2026-09-17 04:03:22",528.4,2,rongerzhu
6891,16639408,Invictus,"2026-08-11 22:44:04",528.3,2,nicho256
6892,16702118,"cemal özdeniz","2026-08-10 20:27:17",528.2,2,cemalzdeniz
6893,16691398,"Time to Win","2026-09-03 04:36:52",528.2,2,yatharthdurgapal
6894,16677303,"Chase Martyn","2026-08-19 02:05:12",528.1,2,chasemartyn
6895,16650930,"Govind Sharma","2026-08-24 09:25:23",528.1,2,govindsarswat
6896,16929796,"Emre Balsar","2026-09-20 11:03:09",528.0,2,emrebalasar
6897,16726684,"William Lee","2026-08-19 15:35:28",527.9,2,notyouravgwilly
6898,16659138,allenbcy,"2026-09-10 14:41:18",527.9,2,allenbcy
6899,16885124,"LABHESH YAWALKAR","2026-09-30 12:05:02",527.8,2,labheshyawalkar
6900,16637776,MarvelousXun,"2026-08-03 09:33:38",527.7,2,marvelousxun
6901,16657871,Lucienne,"2026-08-05 03:13:59",527.7,2,yangnianan
6902,16795256,"N Nelson","2026-09-05 14:29:25",527.7,2,napoliyannelson
6903,16658151,"Nguyễn Phúc Gia Bảo","2026-08-06 15:15:07",527.5,2,kevincrazy678
6904,16622938,"Farmville Redux","2026-08-03 18:58:04",527.5,2,daveconnor
6905,16877016,"Jasper Wessing","2026-09-18 14:08:07",527.5,2,jasperwessing
6906,16786297,isxinhe,"2026-09-19 16:25:26",527.5,2,isxinhe
6907,16727961,"Ebenezer Olumeyan","2026-08-22 15:54:00",527.5,2,eolumeyan
6908,16791027,"Ryan Cheung","2026-09-07 04:46:47",527.4,2,doggychip
6909,16640504,"Recep Öztürk","2026-08-26 11:19:31",527.3,2,rcpztrrk1
6910,16736261,"Saptanshu Samal","2026-08-22 12:02:42",527.2,2,saptanshusamal
6911,16658779,"Richard G Atkinson","2026-08-05 00:29:59",527.2,2,richardgatkinson
6912,16730649,Mink,"2026-09-20 22:14:02",527.1,2,"mahendransaeyohnn,mysterious5577"
6913,16880022,Abdulbosid,"2026-09-26 21:40:56",527.1,2,abdulbosid
6914,16714592,"Carey Casile","2026-08-14 18:34:16",527.0,2,ccasile
6915,16660670,"Chirag Bhatnagar","2026-08-31 09:21:45",526.8,2,chiragbhatn
6916,16700484,白井孝太郎,"2026-08-15 01:08:02",526.8,2,kotaroshirai
6917,16760190,"Florian Tigoulet","2026-08-24 12:37:14",526.8,2,floriantigoulet
6918,16654943,"Alexis Selorm Gbeckor - Kove","2026-08-10 11:44:58",526.7,2,advancedbeginner
6919,16747345,"Alex #3","2026-09-17 08:59:07",526.6,2,alexb99
6920,16712746,itsraininnnn,"2026-08-12 16:38:56",526.3,1,itsraininnnn
6921,16696526,"Reda HEDDAD","2026-09-05 21:17:22",526.3,2,redaheddad
6922,16883042,"Stefan Berger","2026-09-20 21:06:25",526.2,2,stefanberger1111
6923,16793150,Comet19,"2026-08-31 10:53:04",526.2,2,comet19
6924,16880707,Joy_22@1,"2026-09-25 18:15:40",526.0,2,joy221
6925,16841827,"pohang milk collector","2026-09-20 14:27:51",526.0,2,"duckhun,idearendil"
6926,16722366,"Aki Lit","2026-08-14 23:24:20",525.8,2,akilit
6927,16671680,"Joe Hall","2026-08-10 19:02:30",525.8,2,halljr
6928,16937883,Philip,"2026-09-21 21:27:47",525.8,2,timmi22194
6929,16743823,"Zeyu Huang_summer","2026-09-14 15:40:41",525.7,2,zeyuhuangsummer
6930,16692450,duckypants,"2026-08-23 20:36:59",525.7,2,duckypants
6931,16877886,"Mohamed el.harery","2026-09-16 00:51:49",525.6,2,mohamedelharery
6932,16690152,"The Ceris","2026-08-16 11:49:31",525.4,2,amedeopachera
6933,16669396,Fleo98,"2026-08-10 15:43:34",525.3,2,fleo98
6934,16762831,026,"2026-09-07 00:58:19",525.2,2,thahaarsh
6935,16730105,"Leonardo Palis","2026-08-17 03:35:05",525.2,2,leonardopalis
6936,16658775,"Vincent Pan","2026-08-29 12:55:20",525.1,2,"judithhong,vincentpan2005"
6937,16673191,juliye,"2026-08-10 03:49:13",525.1,2,juliye
6938,16660295,Pentos,"2026-08-10 00:06:56",525.0,2,nishiumi
6939,16702481,"Scott G","2026-08-13 15:19:02",524.9,2,verifiedscott
6940,16664142,"The Studio 1","2026-08-16 23:04:06",524.9,2,landonsheatsley
6941,16895374,JerryWang19,"2026-09-15 08:09:57",524.9,1,jerrywang19
6942,16775001,"Maarij Aqeel","2026-08-26 14:48:03",524.8,2,maarijaqeel
6943,16654085,"Bill Xu","2026-09-30 19:44:46",524.5,2,billll
6944,16712902,"Ethan Benjamin Cole","2026-08-13 12:19:26",524.3,2,ethanbenjamincole
6945,16660035,NoNamedeo,"2026-08-27 14:20:15",524.3,1,nonamedeo
6946,16674612,"Muhammad Dhiaz Rafilianza","2026-09-25 12:28:11",524.2,2,dhiazr
6947,16896490,"Yiman Gao","2026-09-21 08:15:16",524.1,2,yimangao
6948,16719172,"Victor Carriço","2026-08-24 03:35:14",524.0,2,kronossaurus
6949,16926574,"walid waccub","2026-09-19 22:12:00",524.0,2,walidwaccub
6950,16710512,FishWotou,"2026-08-19 04:45:40",523.9,2,fishwotou
6951,16631772,yuki,"2026-08-03 17:39:58",523.7,2,yururoi
6952,16699711,"maxscender ","2026-08-13 14:03:35",523.6,2,maxscender
6953,16697704,"Leonid Matetskiy","2026-08-09 21:39:06",523.6,2,leonidmatetskiy
6954,16662293,"Alejandro Fonda","2026-09-25 00:56:43",523.6,2,alejandrofonda
6955,16743815,"Asanka Pradeep","2026-08-23 14:32:46",523.6,2,asanakapr
6956,16741766,lrik00,"2026-09-15 13:27:32",523.5,2,lrik00
6957,16849108,raypratik,"2026-09-25 10:19:40",523.5,2,raypratik
6958,16667143,"Noct-Tech zombie","2026-08-06 13:46:51",523.1,2,jo3thaboss
6959,16857823,"Hà Công Nga ","2026-09-10 02:49:42",523.0,2,hcngnga
6960,16800950,"Mani Kanta Kalluru","2026-09-09 17:17:20",522.9,2,manikantakalluru
6961,16845161,"Abate etienne","2026-09-08 00:28:04",522.8,2,abateetienne
6962,16890221,"Kalebu Makombe","2026-09-14 10:07:31",522.8,2,kalebuomakombe
6963,16771283,taroyan-vamos,"2026-09-08 15:31:54",522.7,2,taroyanvamos
6964,16915731,INF2_josallo4_anpego3,"2026-09-20 16:30:53",522.5,2,josepsalvador
6965,16678633,"Tanishq Tayade","2026-09-14 21:39:04",522.5,2,tanishqtayade
6966,16749104,danielx119,"2026-08-20 16:36:00",522.4,2,danielx119
6967,16655899,"Dominic Tedrow","2026-08-17 20:37:28",522.3,2,dominictedrow
6968,16717245,bernard558,"2026-08-24 22:18:16",522.2,2,bernard558
6969,16653534,"Mohamed Amine Ettaki","2026-09-14 20:52:45",522.1,2,amine159
6970,16844670,"Zheng haoling","2026-09-07 04:22:40",522.1,2,zhenghaoling
6971,16676534,AlphaBound,"2026-08-25 05:26:32",522.0,2,somsubhrometya
6972,16697800,DR_Mkelvo,"2026-08-09 20:42:15",522.0,1,drmkelvo
6973,16675461,mins0_0,"2026-08-30 07:50:53",521.9,2,mins00
6974,16749764,Aquaflame,"2026-09-11 16:41:58",521.8,2,aquaflame
6975,16760226,"Erich Hofstötter","2026-08-24 15:49:06",521.2,2,erichhofsttter
6976,16860559,"Sara Lark","2026-09-30 01:13:05",521.1,2,saralark
6977,16715225,"Someswararao Tellakula","2026-08-17 01:15:37",520.4,2,someshtellakula
6978,16690940,NKryst,"2026-08-29 10:57:18",520.4,2,nkryst
6979,16621657,"Nikita Batuev","2026-09-22 23:14:25",520.4,2,batuevnikita
6980,16762206,"mohammad khanjani2026","2026-09-06 05:17:52",520.4,2,mohammadkhanjani2026
6981,16691164,"Krishna Saathwik","2026-08-13 13:50:40",520.3,2,krishnasaathwik
6982,16782187,"Margo Kim","2026-08-28 19:15:18",520.1,2,margokim
6983,16637894,"Leonardo Domingues","2026-09-25 17:28:07",520.1,2,leonardodomingues
6984,16710521,"Natpaphon Nukhunthod","2026-08-17 03:37:15",520.0,2,natpaphonnukhunthod
6985,16857732,bzczz123,"2026-09-17 09:52:43",520.0,2,bzczz123
6986,16658718,"Duong Bao Duy","2026-09-15 13:31:45",520.0,2,duongbaoduy
6987,16778145,TW_益民_li,"2026-09-03 12:28:49",520.0,2,liyimintw
6988,16670596,prabalsingh_23,"2026-08-26 02:33:14",519.9,2,prabalsingh23
6989,16740894,BetOnMe,"2026-08-19 14:40:02",519.7,2,betonme
6990,16907148,Blooriculture,"2026-09-30 13:11:31",519.7,2,"aarnsantosgonzlez,danireyna08,fernandopardoalonso,marcobarrancomoreno"
6991,16795997,"Boyu Wan","2026-09-04 04:58:57",519.7,2,pupudan
6992,16654098,"Mohd Zaki","2026-09-30 15:08:29",519.5,2,mdzaki08
6993,16743282,"Srivishnu Charan","2026-09-03 14:06:54",519.5,2,srivishnucharan
6994,16659181,Hongjie04,"2026-08-05 04:07:04",519.4,2,hongjie04
6995,16853288,ypl0lpy,"2026-09-09 07:56:50",519.3,2,ypl0lpy
6996,16839030,minedmap,"2026-09-07 20:19:52",519.3,2,minedmap
6997,16717716,"Диас Издибаев","2026-08-15 05:32:14",519.3,2,diasiz1
6998,16669165,"IT Neko","2026-08-14 13:17:33",519.2,2,"nirvaanaa,zhexuanyecust"
6999,16662875,Jimmy,"2026-09-21 04:29:42",519.2,2,jiyo4476
7000,16658074,"Qui Ngx","2026-08-05 05:57:15",519.1,2,quingx
7001,16661564,yang20251228,"2026-09-02 03:40:29",519.1,2,yang20251228
7002,16756858,"Rushi A.","2026-08-23 18:54:03",519.1,2,rushia
7003,16702359,"Ethan Pl","2026-08-11 19:43:21",519.0,2,ethanpl
7004,16726052,"Peter Mugoya","2026-09-28 04:50:06",519.0,2,petermugoya
7005,16675264,"Alon Bar Koter","2026-08-06 16:16:43",518.8,2,alonbarkoter
7006,16623112,Tians12,"2026-08-09 19:10:24",518.3,2,tiansang12
7007,16669028,"Atishay Kasliwal","2026-08-11 17:54:59",518.3,2,atishaykasliwal
7008,16663677,"Aghazie David","2026-08-07 00:32:14",518.3,2,aghaziedavid
7009,16841589,加藤正樹,"2026-09-06 01:59:11",518.2,2,masaki9920
7010,16744898,"Tore Erdmann","2026-09-19 16:19:24",517.8,2,toreerdmann
7011,16720788,Anson,"2026-09-05 19:45:48",517.8,2,anson0496
7012,16699756,"zhang xin","2026-09-23 02:00:57",517.8,2,zhangxin300
7013,16759246,wangfeifei_si,"2026-08-26 14:27:19",517.7,2,wangfeifeisi
7014,16663232,"Marco Mangan","2026-09-06 21:20:24",517.7,2,masmangan
7015,16932020,Syedxd,"2026-09-24 12:53:04",517.5,2,syedxd
7016,16677231,"Ahmed Bootaan","2026-08-06 18:08:52",517.4,2,ahmedbootaan
7017,16675074,ahiokk,"2026-08-07 07:58:44",517.3,2,ahiokk
7018,16752899,"Nicolò Alberti","2026-08-23 09:16:36",517.3,2,nicolalberti
7019,16635145,"Isaac Menard","2026-08-05 21:11:36",517.1,2,isaacmenard
7020,16660173,"PAULO HENRIQUE DE LIMA","2026-08-06 02:42:20",516.9,1,paulohenriquedelima
7021,16808641,papajams,"2026-09-28 07:06:23",516.8,2,papajams
7022,16787010,"Samir Patel","2026-09-04 02:59:28",516.3,2,mesamirpatel
7023,16756388,"Sam Scott","2026-08-22 22:04:06",516.3,2,shepard5
7024,16630837,"Vishal Sharma","2026-08-05 18:24:44",516.1,2,vishal40182
7025,16764330,"Koral Kulacoglu","2026-08-26 04:51:33",515.9,2,koralkulacoglu
7026,16827864,"Tùng Dương Bùi","2026-09-04 14:31:54",515.8,2,tdbui1209
7027,16740646,"Darren Chung","2026-08-25 18:00:27",515.7,2,chungdarren
7028,16687604,Harrislrobinson,"2026-08-11 00:25:10",515.5,2,harrislrobinson
7029,16682876,"Kartik Garg","2026-08-09 05:21:34",515.5,2,kartikgarg97
7030,16700885,"Malala Ramaha","2026-09-19 17:11:00",515.4,2,malalaramaha
7031,16688220,Aadi,"2026-08-24 23:10:37",515.3,2,aadicv
7032,16663551,"Germinator G-1000","2026-09-18 19:25:47",515.0,2,sinkingpoint
7033,16731887,"hoo aam","2026-08-21 05:37:16",514.9,2,hooaam
7034,16780513,"Hugo JOBÉ","2026-08-27 20:51:09",514.8,2,hugojob
7035,16794797,zzzyan10,"2026-09-21 02:45:51",514.8,2,zzzyan10
7036,16794491,"Sushant Pargaonkar","2026-09-02 02:59:45",514.8,2,sushantpargaonkar
7037,16685652,LeonDuue,"2026-09-01 06:55:54",514.7,2,leonduue
7038,16914880,"Mohammed Afreed Pasha","2026-09-30 13:33:43",514.7,2,mohammedafreedpasha
7039,16841858,"Aadit Agrawal","2026-09-08 07:23:56",514.2,2,aaditagrawal
7040,16738640,"Tjay Burger","2026-08-18 17:35:39",514.2,2,tjayburger
7041,16692680,"Marc-Luca ","2026-08-11 12:02:15",514.1,2,marcluca
7042,16669479,"Shifa Salsabiila","2026-08-09 02:56:11",514.1,1,shifasalsabiila
7043,16660360,"Joey Gonzales","2026-08-05 00:00:47",514.1,2,joeygonzales
7044,16656792,"Gnanaprakash R","2026-08-28 15:05:38",514.0,2,gnanaprakashr
7045,16806260,"Kotaro Furuno","2026-09-03 14:36:00",513.9,2,kotarofuruno
7046,16703129,"Pratik Vadher","2026-08-10 21:08:27",513.9,1,pratikvadher
7047,16632118,nk,"2026-09-11 09:55:01",513.8,2,nagatakengo
7048,16701795,Proshian,"2026-08-11 00:01:04",513.7,2,proshian
7049,16667025,"Anjitha Mekkayil Anand ","2026-08-28 05:59:46",513.5,2,anjithamekkayilanand
7050,16762010,"Ivan Piaternev","2026-09-29 14:40:21",513.2,2,iamvanya
7051,16659507,"Lokesh Lalan","2026-08-26 08:51:50",513.1,2,lokeshlalan
7052,16675585,"Jacob Joy","2026-08-11 12:13:06",512.9,2,jac0b1
7053,16674599,"Luka Duvanov","2026-08-19 22:03:46",512.8,2,nekkon
7054,16811259,"Aaryan Agarwal","2026-09-03 20:21:00",512.6,1,aaryanagarwal
7055,16663437,inversion,"2026-08-04 20:44:41",512.6,1,inversion
7056,16632504,"[Deleted] c2f6c5d5-ecb1-4f92-95d7-7c9f0fd3474f","2026-07-31 16:04:32",512.5,1,ryota517
7057,16763351,shutong114,"2026-09-20 18:38:08",512.5,2,shutong114
7058,16729531,alfphafarm,"2026-08-19 19:09:48",512.4,2,vudattumaniteja
7059,16773361,"tom yi","2026-09-24 08:56:59",512.3,1,tomyi1547
7060,16664750,"shubham kumar","2026-09-13 16:24:23",512.1,2,shubzk17
7061,16885591,Orange,"2026-09-13 11:30:58",512.1,2,orangecoppers
7062,16742172,"Felisitas Mellania","2026-09-11 06:39:04",512.0,2,felisitasmellania
7063,16761451,gulag,"2026-08-24 03:39:54",511.9,2,moglin
7064,16669470,"ASDM HUB","2026-08-12 20:13:20",511.9,2,jesushechavarria
7065,16716632,shini47,"2026-08-22 20:30:17",511.7,2,shini47
7066,16660850,"Khoa Le","2026-08-05 13:23:55",511.6,2,bryanle2025
7067,16663093,"Akul Sareen","2026-08-21 23:49:50",511.4,2,akulsareen
7068,16906705,"Gaurav Vyas","2026-09-30 17:13:49",511.2,2,ctogaurav
7069,16799485,"Bartholomew Jordan","2026-09-19 09:48:21",511.2,2,bartholomewjordan
7070,16656883,KK,"2026-08-05 10:27:15",511.1,2,kkonzyb
7071,16674540,"Pratik Priyanshu","2026-08-07 18:28:12",511.0,2,pratikpriyanshu5
7072,16832891,"Kana Kuroyanagi","2026-09-23 05:10:12",511.0,2,kanakuroyanagi
7073,16657400,indrapurnama,"2026-08-08 05:42:05",511.0,2,indr0008
7074,16709494,"Aditya Dushara","2026-09-10 22:24:55",510.9,2,adityadushara
7075,16748774,"hakan ulucan","2026-08-25 19:19:11",510.9,2,hakanulucan
7076,16674076,rigsutra,"2026-09-12 16:57:45",510.7,2,rigsutra
7077,16692637,"Blox Amaze","2026-08-09 09:47:42",510.4,2,bloxamaze
7078,16844334,lsnm,"2026-09-07 15:02:17",510.3,2,eliasnema
7079,16681509,"Kethan Sai","2026-09-18 09:53:32",510.3,2,kethansaikoneru
7080,16723037,"Red Cat","2026-09-10 19:23:50",510.3,2,severl
7081,16675900,"Pranav Advani","2026-09-29 16:35:07",510.2,2,pranavadvani
7082,16865918,yh00722,"2026-09-14 04:52:38",510.2,2,yh00722
7083,16652952,lackmind,"2026-09-04 18:46:11",510.2,2,lackmind
7084,16718565,Frankyface,"2026-08-13 18:54:37",510.1,1,frankyface
7085,16660214,ytddsyt1214,"2026-08-09 12:32:06",510.0,2,ytddsyt1214
7086,16775237,"Haruki Iwase","2026-09-12 14:38:17",509.9,2,harukiiwase
7087,16659645,Drakus_Julia,"2026-08-09 02:15:20",509.9,2,drakus74
7088,16892437,chukbert,"2026-09-26 06:29:07",509.9,2,chukbert
7089,16784966,oouiaa,"2026-09-03 21:53:59",509.9,2,tomofumihata
7090,16687448,"Israel Burns","2026-08-12 08:41:38",509.8,2,israelburns
7091,16736636,torch,"2026-08-18 10:35:29",509.6,2,rhtsingh
7092,16752665,"Dominik Toric","2026-09-14 17:20:14",509.6,2,dominiktoric
7093,16682076,"Igor Riegel","2026-09-02 14:49:12",509.6,2,igormriegel
7094,16843633,"Arbnor Grubi","2026-09-13 02:32:30",509.4,2,protocool
7095,16738923,Quantum,"2026-08-29 01:40:45",509.3,2,jawadxhassan
7096,16664605,"Nathaniel Shou","2026-08-05 17:51:47",509.2,2,nathanielshou
7097,16823519,GarciasN,"2026-09-07 18:43:18",509.2,2,garciasn
7098,16660419,"Kai-Shih Chiu","2026-08-06 12:54:22",509.0,2,kaishihchiu
7099,16840437,nick.ai007,"2026-09-10 06:36:01",508.8,2,nickai007
7100,16665462,ZSZ,"2026-08-12 13:55:00",508.7,2,zsuzsanna2
7101,16657807,"Ragav Rida","2026-08-07 16:22:34",507.9,2,ragavrida
7102,16786450,fujii,"2026-09-15 14:01:51",507.7,2,kojisoemi
7103,16666328,"Dornus !","2026-08-05 21:53:19",507.7,2,dornus
7104,16676259,Th_Gbay,"2026-08-19 20:42:35",507.5,2,thgbay
7105,16693522,shadycoderalltime,"2026-09-21 00:01:59",507.5,2,shadycoderalltime
7106,16666614,"Arjun Annamalai","2026-08-18 09:23:28",507.3,2,arjunannamalai
7107,16664143,"Lucas Henrique Mateo","2026-08-21 19:10:52",507.2,2,lucashmateo
7108,16621354,pengshy,"2026-08-06 04:54:01",507.2,2,dm15336142
7109,16683918,Thuytien,"2026-08-07 17:20:33",507.2,2,thuytien200529
7110,16662103,"Saravana Thiagarajan K","2026-08-05 21:43:42",507.1,2,saravanatk1984
7111,16927406,wmar,"2026-09-28 04:19:34",506.9,2,wmar38334
7112,16768178,Scarttish,"2026-08-26 22:44:26",506.8,2,scarttish
7113,16660119,"Dhruva Das","2026-08-05 17:05:52",506.7,2,dhruva77
7114,16926699,"Juliano Batistim","2026-09-30 05:04:58",506.6,2,julianobatistim
7115,16661432,"Ange Adantchede","2026-09-28 09:00:05",506.3,2,angeadantchede
7116,16666055,Axit,"2026-08-06 10:16:15",506.2,2,axitslab
7117,16697730,JCN2365,"2026-08-13 18:06:35",505.9,2,jcn2365
7118,16639244,"Romone Dunlop","2026-08-11 10:19:49",505.8,2,romonedunlop
7119,16645446,gogo98415,"2026-08-29 06:04:15",505.8,2,gogo98415
7120,16731729,"Sumit Bopche","2026-08-21 15:53:56",505.7,2,sumitbopche
7121,16630903,"Hrushikesh Pawar","2026-08-09 14:44:37",505.4,2,hrushikeshpawar
7122,16679771,Coolgolf,"2026-09-02 13:56:54",505.1,2,coolgolf
7123,16670274,"dankwa wadie","2026-09-01 08:45:40",505.0,2,dankwawadie
7124,16871854,"Tanvi Parsam","2026-09-13 16:07:41",504.9,2,tanviparsam
7125,16686150,"Aek KunKub","2026-08-14 05:21:43",504.8,2,aekkunkub
7126,16731013,"Abimael Firstana","2026-09-11 06:55:02",504.8,2,abimaelfirstana
7127,16790206,"bogdan chirkov","2026-09-15 13:46:30",504.7,2,bogdannchirkovv
7128,16661832,"Roberto Garcia","2026-08-08 15:09:39",504.7,2,robertogarciada
7129,16740272,"Ashley Vance","2026-09-28 19:10:19",504.6,1,ashleyvance
7130,16672463,"Muzammil Baloch","2026-08-07 12:45:39",504.5,2,muzammilbaloch
7131,16756987,"Joseph Paggeot","2026-08-24 04:32:57",504.3,2,josephpaggeot
7132,16661099,TheSven,"2026-08-06 17:05:25",504.3,2,thesven
7133,16634790,"Steven Lui","2026-08-03 12:22:08",504.1,2,stevenlui
7134,16946591,zahid11177700,"2026-09-25 05:38:44",503.8,1,zahid11177700
7135,16661858,"Lukas Lee e","2026-08-18 00:58:12",503.6,2,lukasleee
7136,16673324,Amaranta,"2026-09-21 18:08:18",503.5,2,ulyanovantonamaranta
7137,16685582,Wasaanyi,"2026-08-18 09:21:30",503.5,2,"cnakakeeto,wasaanyi"
7138,16680108,dentalsoup,"2026-08-07 09:03:47",503.3,2,afinemonkey
7139,16840480,jignesh13,"2026-09-16 19:33:04",503.3,2,jignesh13
7140,16693738,"Sonu Jha","2026-08-14 20:32:37",503.2,2,sonujha090
7141,16680562,devsloppy,"2026-08-10 20:02:19",503.2,2,twu1738
7142,16640077,larry54321zhao,"2026-09-09 08:48:32",503.2,2,larry54321zhao
7143,16855185,ArdiaNova,"2026-09-30 16:09:22",502.9,2,ardianova
7144,16673266,Preet,"2026-08-14 05:57:17",502.9,2,hpkaur34
7145,16881665,Nikki,"2026-09-30 23:57:57",502.8,2,negarhassantabar
7146,16719857,"Howey do it","2026-08-14 23:06:06",502.6,2,ronincoppins
7147,16777150,Eduardo2c,"2026-09-06 14:23:04",502.6,2,eduardo2c
7148,16660462,"Vishwanath N Iyer","2026-08-07 07:22:17",502.6,2,vishwanathniyer
7149,16756131,"Emre Atilgan","2026-08-24 20:20:06",502.4,2,emreatilgan
7150,16708625,"Lê Văn Pháp","2026-08-29 03:15:56",502.3,2,"linhsarah,lvnphp"
7151,16657401,korpo,"2026-08-25 20:18:13",502.3,2,krisko
7152,16654596,"khusham sheth","2026-08-13 05:28:55",502.2,2,khushamsheth
7153,16662751,ZeD,"2026-08-06 10:11:24",502.0,2,hussamcheema
7154,16769793,"Shivam Batra","2026-08-26 14:21:49",501.8,2,shivam744
7155,16663864,RamónLópez,"2026-09-25 21:45:37",501.7,2,lopeznomar
7156,16658344,SOONHANKWON,"2026-08-28 02:00:59",501.7,2,soonabletv
7157,16679364,VicD,"2026-08-14 20:16:52",501.4,2,durandv
7158,16679671,Ash0666,"2026-08-09 19:28:52",501.4,2,ash0666
7159,16658031,BSam79,"2026-09-12 09:12:39",501.4,2,bsam79
7160,16666988,"Sarthak Vedant Mohanty","2026-08-08 00:10:11",501.3,2,sarthakvedantmohanty
7161,16862188,KJ007123,"2026-09-10 07:02:20",501.3,2,kj007123
7162,16709885,"Manuel Pérez","2026-08-14 01:54:02",501.2,2,manuelperezzz
7163,16661550,SeriouS_K,"2026-09-24 08:28:49",501.2,2,serious101
7164,16658820,"Jonathan Ashenaf1","2026-08-11 16:59:20",501.0,2,jonathanashenaf1
7165,16722028,"Aw Ming Xuan","2026-08-16 09:24:48",500.8,2,awmingxuan
7166,16905582,Movilly,"2026-09-25 15:11:36",500.8,1,movilly
7167,16678602,"hassan manour","2026-08-07 12:52:23",500.7,1,hassanmanour
7168,16664348,"Rocket Zech","2026-08-29 08:23:04",500.1,2,isaactunglaw
7169,16670779,"Aditya Dube","2026-08-06 01:41:24",500.0,2,dubeaditya
7170,16865454,"Zhihuan Xue","2026-09-16 11:16:53",499.9,2,xuantianfengwu
7171,16662057,DeokJin,"2026-08-05 04:01:38",499.9,2,deokjin
7172,16638645,ChrisDavis,"2026-08-03 23:29:34",499.8,2,alpacas
7173,16735475,SunjaeLee02,"2026-08-19 08:12:41",499.7,2,sunjaelee02
7174,16907592,may2223,"2026-09-21 06:31:05",499.4,2,may2223
7175,16723125,"Shubham Dhapola","2026-08-16 13:35:23",499.4,2,shubhamdhapola24
7176,16740709,"Abimael Firstana #2","2026-09-11 07:19:13",499.4,2,abimaelfirstana99
7177,16740662,宣城市机械电子职业技术学院,"2026-09-15 02:05:22",499.3,2,chenzhengy
7178,16715897,shettynaisha,"2026-09-06 17:28:58",499.2,2,shettynaisha
7179,16774134,kokdonbaq,"2026-08-30 14:07:52",499.2,2,darkhan14
7180,16718042,"Muddassir Shah","2026-09-02 21:49:44",498.7,2,wisemanseed
7181,16738456,"Pritul Raut","2026-08-21 08:45:04",498.6,2,pritulraut
7182,16673712,"Alejandro Betato","2026-08-16 10:48:24",498.6,2,alejandrobetato
7183,16722252,pwdh2026,"2026-08-14 22:16:22",498.5,2,pwdh2026
7184,16735517,"Philipp k-s","2026-09-13 19:12:05",498.5,2,philippkeussenstrau
7185,16658116,Emmy,"2026-09-30 12:52:23",498.3,2,emmyone
7186,16889017,Bigwh3el,"2026-09-23 20:52:54",498.2,2,bigwh3el
7187,16664370,"Joel Arias","2026-08-06 17:29:01",498.1,1,j4rias
7188,16621523,"Victor Orihuel","2026-08-18 05:40:18",498.0,2,victororihuel
7189,16762881,Yuki0x80,"2026-09-22 14:30:53",497.8,2,saiyuki1919
7190,16659025,"Mohammed Naseef","2026-08-05 09:01:20",497.6,2,mohammednaseef
7191,16669408,"Josaphat Adjele","2026-08-31 17:26:56",497.5,2,josaphatadjele
7192,16767754,"Dr. T","2026-09-23 06:55:54",497.5,2,davinor
7193,16753887,"Hong Tang","2026-08-24 21:41:20",497.2,1,hongtang15
7194,16863015,"Carlos Jaime","2026-09-24 03:14:47",497.0,2,cjaime708
7195,16890133,Adsterr,"2026-09-19 07:58:59",496.8,2,adsterr
7196,16781545,"Jake Lin","2026-09-23 01:14:34",496.7,2,jakelinai
7197,16668509,HarryZ,"2026-09-13 04:29:04",496.6,2,mzhumzhu
7198,16778947,mart3104,"2026-09-05 15:31:43",496.6,2,mart3104
7199,16669545,"Rishabh Gupta","2026-08-06 18:19:04",496.5,2,rishabhguptajs
7200,16691271,"Ashler Herrick","2026-08-09 14:54:33",496.5,1,ashlerjohnherrick
7201,16664652,QuasarHeart,"2026-09-04 14:00:05",496.3,2,quasarheart
7202,16845760,Alyosha85,"2026-09-07 05:42:01",496.2,2,alyosha85
7203,16814952,"Ngọc Huyền","2026-09-29 12:05:44",496.2,2,ngchuynss
7204,16713033,Contact-Nade,"2026-09-10 07:44:18",496.1,2,"masanammedha,rayofc"
7205,16846845,Shunsuke,"2026-09-07 15:25:38",496.0,2,shunsukeisono
7206,16764600,"Tanmay Shingavi","2026-09-03 05:43:57",495.9,2,decodingafterlife
7207,16697346,"sayyid mogaka","2026-08-10 21:37:36",495.8,2,sayyidmogaka
7208,16761751,KrishnaKumar_AIML,"2026-09-02 14:38:24",495.8,2,krishnakumarcsr
7209,16743001,Nikhilasree,"2026-09-03 11:33:45",495.7,2,nikhilasree2003
7210,16668678,"Madhur Sabherwal","2026-08-14 02:47:14",495.6,2,madhur321
7211,16688134,"Marc Dakuginow","2026-08-13 01:40:44",495.5,2,marcdakuginow
7212,16725938,"Ben Cheng","2026-09-05 16:03:36",495.3,2,benczb
7213,16661066,"André Kuster","2026-08-06 00:54:20",495.2,2,andrkuster
7214,16915853,popwenman,"2026-09-19 08:21:09",495.2,2,popwenman
7215,16735702,opflare,"2026-09-04 23:47:49",495.0,2,opflare1144user
7216,16715711,"Shawon Biswas","2026-08-19 10:42:24",495.0,2,shawonbiswas11
7217,16660364,dadandsats,"2026-08-14 11:41:04",494.8,2,continuingdev
7218,16708230,"jose manuel Tinajero","2026-08-25 15:02:46",494.8,2,josemanueltinajero
7219,16895340,Prakhareshwar,"2026-09-22 15:22:36",494.8,2,prakharpathak12
7220,16671648,"[Deleted] 05e6ae2c-c72f-4044-b02f-dc74277e34ab","2026-08-09 07:21:22",494.7,2,del=871ca06d8c734ede
7221,16731635,懒惰的金枪鱼,"2026-09-23 06:45:21",494.5,2,jiaclv
7222,16720760,ysteh05,"2026-08-15 05:14:53",494.4,2,ysteh05
7223,16854398,"VALERIY MIKHALEV","2026-09-08 16:27:24",494.2,2,valeriymikhalev
7224,16896566,Bleriot11,"2026-09-15 15:08:27",494.1,2,bleriot11
7225,16655075,"Félix Rodríguez Roble","2026-08-04 09:16:25",494.0,2,flixrodrguezroble
7226,16696163,"Romain Durand","2026-08-17 19:00:46",493.9,2,romaindurand1607
7227,16688366,yokoikazumasa,"2026-08-08 19:25:58",493.9,1,yokoikazumasa
7228,16920613,"vietnam vo dich","2026-09-18 13:38:00",493.8,2,ctun12
7229,16623302,"Raffi Ardhi Naufal","2026-07-31 18:31:57",493.7,1,raffiardhi
7230,16664841,vohi01,"2026-09-26 06:42:32",493.5,2,vohi01
7231,16623316,"Ondrew Zudin","2026-08-06 23:08:41",493.5,2,ondrewzudin
7232,16661397,"T. Scharf","2026-08-05 02:54:36",492.9,2,scharf
7233,16630438,"Aayush Bansal","2026-09-27 17:00:31",492.6,2,aayushbansal0330
7234,16677585,Pan,"2026-08-07 13:54:22",492.6,2,mehdiacho
7235,16845696,Huskkky,"2026-09-07 03:47:13",492.5,2,huskkky
7236,16662043,"Hengcong Zhu","2026-08-05 14:46:24",492.4,2,hengcongzhu
7237,16630773,"An Hoang Vo","2026-09-05 14:49:25",492.3,2,anhoangvo
7238,16654890,"Josh Hipps","2026-08-06 14:16:49",492.2,2,joshuahipps
7239,16686149,"Luc Mantoux","2026-08-09 20:25:33",492.2,2,lucmantoux
7240,16799797,"Zimin Zhong","2026-09-23 15:17:43",492.1,2,"dracfy,lyylyy2,zhongzinmin"
7241,16867305,Prikat,"2026-09-30 19:24:36",492.1,2,prikat
7242,16726445,"James Patounas","2026-08-19 08:37:06",492.1,2,jamespatounas
7243,16725757,AchyutKishore123,"2026-09-29 09:14:40",492.0,2,achyutkishore123
7244,16688646,lakranitesh,"2026-08-08 12:49:18",492.0,2,lakranitesh
7245,16767800,awee,"2026-09-07 19:34:52",491.9,2,aweertw
7246,16700661,"Aakash Kavuru","2026-08-12 05:13:05",491.8,2,aakashkavuru
7247,16914539,Kou111111,"2026-09-18 10:32:09",491.6,2,kou111111
7248,16658738,Aman,"2026-08-05 11:12:10",491.2,2,amank95amank95
7249,16660361,"Abhishek Sharma","2026-09-26 16:41:40",491.2,2,abhisheksharma425
7250,16677360,"Jatin Chawla","2026-08-08 13:45:06",491.2,2,jatin221
7251,16714363,guohaowen,"2026-08-13 14:25:48",491.2,2,guohaowen1910
7252,16740248,KK_nut,"2026-08-25 03:26:52",491.2,2,k0k0nut
7253,16861492,Adi_271,"2026-09-10 09:47:25",491.0,2,adi271
7254,16641009,"Marius Kirschner","2026-08-03 08:41:47",490.9,2,mariuskirschner
7255,16867745,"Carlos Uño Magne","2026-09-13 15:09:49",490.9,2,carlosuomagne
7256,16717742,"Ghawwjsb Vsjsjsbs","2026-08-13 22:32:49",490.7,2,ghawwjsbvsjsjsbs
7257,16705183,"Tong Jiakai","2026-08-14 08:23:26",490.6,2,tongjiakai
7258,16674714,"Kaaleedass Manoharan","2026-09-30 12:07:29",490.4,2,kaaleedassmanoharan
7259,16872190,"Zephyr Pong","2026-09-11 11:07:15",490.4,2,zephyrpong
7260,16729157,HahaTaco,"2026-09-12 17:33:16",490.4,2,hahataco
7261,16720714,"Lithole Munangiwa","2026-08-19 11:23:49",490.2,2,litholemunangiwa
7262,16668022,"Lady and tech","2026-08-19 04:08:50",490.1,2,ladyandtech
7263,16730922,"Shengyuan Yin","2026-09-24 10:49:46",489.8,2,flaming0
7264,16925216,krigga,"2026-09-21 09:35:00",489.8,2,krigga
7265,16705149,"Allen Chun","2026-08-15 04:59:05",489.8,2,allenchun
7266,16658973,"not today","2026-08-05 05:57:14",489.6,2,cemhan44
7267,16676663,"This cat is called Fumi","2026-08-11 18:21:43",489.6,2,qwer556617123
7268,16786461,"Caleb Bredlow","2026-09-07 04:17:50",489.6,2,calebbredlow
7269,16884997,"Le Huy Tuong","2026-09-17 12:55:49",489.5,2,lehuytuong
7270,16629002,Alpro,"2026-09-08 23:32:24",489.5,2,"dogaakal,egekemalkaraca"
7271,16939706,"Priyanshu Patel","2026-09-22 17:54:24",489.5,2,"abuzarkhan99,priyanshupatel007"
7272,16760352,"Romain Bomba","2026-08-24 01:27:23",489.4,2,romainbomba
7273,16771972,"Vansh Ahlawat","2026-09-22 15:35:39",489.2,2,vansh5126
7274,16655424,Fayche,"2026-08-10 16:50:28",489.1,2,fayche
7275,16885828,U-Bex,"2026-09-28 14:55:58",489.0,2,shuichiurabe
7276,16672657,"Lochan Naik","2026-08-07 08:41:44",488.9,2,lochannaik
7277,16726913,"T T‗Worker","2026-08-22 11:08:14",488.8,2,ttworker
7278,16666371,jiten_topiwala,"2026-08-08 16:51:13",488.7,2,jitentopiwala
7279,16698292,"Dallas Manning","2026-08-17 14:29:53",488.6,2,dallasmanning
7280,16664913,"ABHISHEK KUMAR","2026-08-17 04:20:56",488.6,2,abhishek6545
7281,16726854,"Tâm La Thành","2026-08-27 08:55:02",488.5,2,tmlathnh
7282,16685349,Onelux,"2026-08-13 12:58:31",488.5,2,leehomhuang
7283,16888000,Akhilesh,"2026-09-19 00:03:29",488.3,2,akhilkas
7284,16657674,Warriors,"2026-08-29 14:12:29",488.3,2,"karthikreddykarri,kovvurisaimohanreddy,vikramadityaabhiram"
7285,16740534,"Gao Wenjiang","2026-09-02 09:48:37",488.3,2,gaowenjiang
7286,16857013,Dote,"2026-09-29 01:38:46",488.2,2,"shriramgunasekar,valid22"
7287,16793889,zhzz,"2026-09-01 11:28:52",488.1,2,ucsdzhengzeng
7288,16661928,"Nikhil raman K","2026-09-30 15:05:46",488.1,2,nikhilramank
7289,16696460,"Enzo 7mlk","2026-09-16 15:19:51",488.0,2,enzo7mlk
7290,16651167,ArmanVardanyan07,"2026-08-03 22:43:13",488.0,2,armanvardanyan07
7291,16699585,"Invisible Hand","2026-09-30 23:41:21",488.0,2,jimwong
7292,16723737,HaruhiroKazami,"2026-08-21 16:12:04",487.8,2,haruhirokazami
7293,16773942,"Malhar Shah","2026-09-30 11:01:31",487.7,2,"malharshah2511,veervohra123"
7294,16740840,"Huchen Jiang","2026-09-02 09:18:47",487.6,2,huchenjiang
7295,16833476,"Richard Pagan","2026-09-05 03:01:54",487.6,1,richardpagan
7296,16749038,Seuz,"2026-09-28 17:04:55",487.5,2,kohdawei
7297,16845148,"nasa Furiy","2026-09-07 08:24:40",487.4,2,nasafuriy
7298,16693207,"Vamshi Guntupalli","2026-08-11 22:40:36",487.4,2,vamshiguntupalli
7299,16633577,Boxy,"2026-08-15 18:55:40",487.0,2,boxyml
7300,16666709,JSQL,"2026-09-02 18:52:37",487.0,2,jeffreyschott
7301,16663777,"Mortis Beans","2026-08-24 05:27:44",486.9,2,mortisbeans
7302,16630335,"Solve Langseth","2026-08-05 06:48:57",486.8,2,solvelangseth
7303,16668589,"Gleb Naumkin","2026-08-05 22:46:26",486.7,1,glebnaumkin
7304,16724395,"Hampton Yeh","2026-08-22 04:07:32",486.4,2,hamptonyeh
7305,16698103,JJ,"2026-09-02 09:46:15",486.3,2,jianjinchen
7306,16678644,"Kanik Aggarwal","2026-08-13 19:01:16",486.1,2,roronoazoro200
7307,16723070,"Michael Fotopoulos","2026-09-30 14:48:40",486.1,1,michaelfotopoulos
7308,16728137,mchicen,"2026-08-20 16:48:10",486.0,2,"iyaiji,mchicen"
7309,16806084,"DSDgsdgs SDgsdfgs","2026-09-03 05:19:11",485.9,1,dsdgsdgssdgsdfgs
7310,16676320,"Khôi Trần","2026-08-29 14:14:57",485.9,2,khoitrn
7311,16685618,"Krupa Vardhan","2026-08-28 09:24:21",485.8,2,krupavardhan
7312,16692246,"Pamod Jayaneth","2026-09-08 05:13:09",485.8,2,pamodjayaneth
7313,16709880,"Javier Pérez Robles","2026-08-15 02:21:07",485.8,2,javierprezrobles
7314,16659813,"Uday Kumar R","2026-08-13 09:47:39",485.7,2,udaykumarramineni
7315,16664140,Sxwat,"2026-08-23 01:13:13",485.7,2,aybatov
7316,16657601,Simon,"2026-08-05 15:59:44",485.6,2,benten10
7317,16906032,Volkan,"2026-09-22 08:59:20",485.6,2,volkan97
7318,16712921,"Come Back","2026-08-20 00:45:45",485.4,2,amirhosseinltf
7319,16692480,"Khalis Murfid","2026-08-24 07:03:02",485.4,2,khalismurfid
7320,16631919,"Ghinwa Allaoui","2026-08-04 16:27:17",485.4,1,ghinwaallaoui
7321,16889005,Dino,"2026-09-23 08:43:11",485.3,2,ngohongthai
7322,16929820,sdssJ0,"2026-09-23 09:57:21",485.2,2,sdssj0
7323,16899234,vimes1984,"2026-09-17 01:19:19",484.6,2,vimes1984
7324,16718295,doinggyu,"2026-08-18 12:56:58",484.6,2,doinggyu
7325,16904318,"wofi poria","2026-09-18 01:33:18",484.5,2,wofiporia
7326,16640845,"tang yangzhou","2026-08-04 21:36:09",484.5,1,tangyangzhou
7327,16892255,"Jegors Čemisovs","2026-09-23 21:02:44",484.5,2,fortemate
7328,16669397,"Abed Kibbe","2026-09-13 06:09:10",484.5,2,abedkibbe
7329,16668562,"Anthony LOISEAU","2026-08-06 16:07:52",484.4,2,anthonyloiseau
7330,16692644,"Achille Gohin","2026-08-10 00:26:26",484.4,2,achillegohin
7331,16886832,"Ayush Patel","2026-09-13 16:25:18",484.4,2,ayushpatel02
7332,16878695,"Yang Lv","2026-09-25 05:41:36",484.3,2,lvyang199888
7333,16774317,A_yuki,"2026-09-21 16:26:27",484.3,2,yukiys
7334,16665257,"Ken Li","2026-08-09 12:59:32",484.3,2,kenliwt
7335,16661507,Siddharth1984,"2026-08-06 13:39:22",484.2,2,siddharth1984
7336,16920464,reddishregent,"2026-09-18 11:40:22",484.1,1,reddishregent
7337,16783713,Gale,"2026-09-05 02:29:43",484.1,2,na1vel
7338,16672078,vietlinhh02,"2026-08-08 07:46:53",483.7,2,vietlinhh02
7339,16662201,"Saumitra Verma","2026-08-04 18:28:36",483.7,2,saumitraverma
7340,16663188,"Ethan Feng","2026-08-05 22:09:38",483.6,2,xenon111231
7341,16679096,WilliamXylean,"2026-09-28 18:03:32",483.6,2,williamxylean
7342,16657981,"Arijit Kar","2026-08-18 11:05:52",483.6,2,demonicak
7343,16701250,T00bii,"2026-08-11 16:11:06",483.6,1,t00bii
7344,16696020,"Hugo Voisin","2026-08-11 16:08:06",483.5,2,hugovoisin
7345,16765380,jslee_homeofson,"2026-08-25 13:10:22",483.4,2,jsleehomeofson
7346,16637649,cameronezrajones579,"2026-08-15 15:49:12",483.4,2,cameronezrajones579
7347,16778579,"Jiajia Zhang","2026-08-29 18:19:12",483.2,2,jiajiazhang01
7348,16679958,Bum_Fy_Mz,"2026-08-13 20:31:44",483.1,2,bumfymz
7349,16635481,Jamaisvu,"2026-08-20 15:39:29",483.1,2,jamaisvu
7350,16733745,sokilya,"2026-09-30 05:49:38",483.0,2,sokilya
7351,16926609,SunriseL,"2026-09-20 07:56:01",483.0,2,sunrisel
7352,16922976,kotemendo,"2026-09-20 00:43:54",482.8,2,kotemendo
7353,16810343,"Aleksandr Borodin","2026-09-02 20:29:06",482.7,2,aleksandrbor
7354,16706985,Valmrnch,"2026-08-24 07:57:56",482.7,2,valmrnch
7355,16725847,"Shel Horta","2026-08-18 04:29:55",482.7,2,shelhorta
7356,16729914,Christina,"2026-09-14 11:16:46",482.5,2,geekycb
7357,16685570,"Micah Fernando","2026-08-07 19:46:31",482.5,2,micahfernando
7358,16682984,"Rishikesh Bharat Koli","2026-08-08 04:18:06",482.5,2,rishikeshbharatkoli
7359,16887274,Shakeel,"2026-09-14 09:55:20",482.5,2,shakeel787
7360,16761589,"Eren -","2026-08-27 08:48:44",482.4,2,erenozyurek
7361,16655072,Sonuaswar1,"2026-08-04 07:33:47",482.3,2,sonuaswar1
7362,16666637,"Uttam Limbani","2026-08-07 13:41:14",482.1,2,uttamlimbani
7363,16718338,"Oladimeji Adeyemi","2026-08-17 15:33:50",482.0,2,adeyemioladimeji
7364,16802663,ipefix,"2026-09-01 17:34:35",482.0,2,nmsis91
7365,16773402,齐乐,"2026-09-27 12:56:09",481.9,2,qile200107
7366,16667042,"Adarsh Mukundan","2026-09-20 14:16:32",481.9,2,aadarshmukundan
7367,16707159,"Toua Innocent TIA","2026-08-17 16:28:36",481.9,2,centino
7368,16848498,KeiroS,"2026-09-11 07:59:01",481.8,2,keiros
7369,16778703,kamaras,"2026-08-30 11:58:07",481.7,2,kamaras
7370,16628487,"Koichi HIRAOKA","2026-08-01 08:42:40",481.3,2,koichihiraoka
7371,16658327,pocari1,"2026-08-19 07:17:28",481.2,2,pocari1
7372,16644577,"Arthur Merritt","2026-08-04 07:11:11",481.1,2,jarthuph
7373,16623006,"Aaradhy Singhvi","2026-09-08 12:48:10",481.0,2,aaradhysinghvi
7374,16662643,Mohit_Singh,"2026-09-26 06:30:36",480.9,2,mohitsingh955
7375,16818158,Noza,"2026-09-16 04:36:09",480.5,2,harukanozato
7376,16914771,"Moritz Schobesberger","2026-09-17 15:21:34",480.5,2,moritzschobesberger
7377,16669118,"yunus yavuz","2026-08-05 21:51:21",480.5,2,yunusyvz
7378,16779813,zitihc,"2026-08-29 14:18:49",480.4,2,zitihc
7379,16674308,"Ayush Roy","2026-08-06 20:28:57",480.3,2,ayushroy39
7380,16669699,nikesh23,"2026-08-08 01:52:56",480.2,2,nikesh23
7381,16654970,"Maycon Coutinho","2026-08-27 21:28:32",480.2,2,coutinhomaycon
7382,16658014,Bharath,"2026-09-30 23:51:47",480.1,2,pes2ug23cs121
7383,16705480,Mint120,"2026-08-19 05:49:10",479.9,2,mint120
7384,16755101,"Thomas van der Meer","2026-08-26 11:19:19",479.7,2,tvdermeer
7385,16684024,"Work From Home 3.0","2026-08-14 12:33:30",479.6,2,"direct1,gongyiqian,jovansee,maxtankialok,n00bcak"
7386,16662060,"Richard Valino","2026-08-06 16:03:36",479.4,2,richardvalino
7387,16733785,"Stuart Gilbert","2026-08-30 01:52:41",479.4,2,stuartgilbert
7388,16947257,"Hassan Bazzoun-dev","2026-09-30 21:28:58",479.4,2,hassanbazzoundev
7389,16659183,"Leonard Yaw Mensah","2026-08-05 02:22:25",479.2,2,leonardyawmensah
7390,16705363,"Matt Hall","2026-08-16 01:44:32",479.1,2,matthall0
7391,16798775,Lissabon,"2026-09-07 03:36:41",479.1,2,lissabon
7392,16685800,"Sumit Ridhal","2026-09-05 11:44:15",479.0,2,sumitridhal
7393,16847740,FarmAre,"2026-09-07 17:31:01",479.0,2,abishekak
7394,16715942,_@HimShukla23,"2026-09-19 18:14:05",478.9,2,himshukla23
7395,16687293,"Aurelie Jodelle Kemme","2026-08-20 00:25:43",478.8,2,"audreydemafo,aureliejodellekemme"
7396,16752191,"Wenxuan Ye","2026-09-04 07:10:28",478.8,2,akomwins
7397,16686109,"Triple Tensor","2026-08-17 08:24:26",478.8,2,"adinathjagtap777,pds178,prajwalzolage05"
7398,16665865,"Agrippa Beaulieu","2026-08-08 19:09:28",478.6,2,agrippabeaulieu
7399,16656913,"Inna Davidov","2026-08-20 04:43:47",478.6,2,innadav
7400,16689372,"Kiran Yerpude","2026-08-12 05:39:43",478.6,2,kiranyerpude
7401,16632253,nasuuuuun,"2026-08-04 13:30:11",478.3,2,hikarumatsuzaki
7402,16868761,TboneBrown,"2026-09-11 17:14:42",478.3,2,tbonebrown
7403,16810019,M&S,"2026-09-02 17:19:11",478.2,2,"martinhma,yishusheng"
7404,16745655,巴啦啦能量,"2026-09-08 01:30:14",478.2,2,wsh10086
7405,16742059,dafei2025,"2026-09-03 09:19:34",477.9,2,dafei2025
7406,16660081,fakyyy,"2026-08-09 11:19:15",477.9,2,manideepreddyakula
7407,16701454,"André-Marie BEHANZIN","2026-09-15 11:42:17",477.9,2,andremariebehanzin
7408,16661934,"Viacheslav Kasatkin","2026-08-10 10:48:25",477.4,2,viacheslavkasatkin
7409,16675477,"Joanne Yun","2026-08-07 13:40:53",477.3,2,joannejyun
7410,16798918,"Toan Nguyen Mau","2026-09-07 08:39:35",477.0,2,toannguyenmau
7411,16777132,"Soham Dave","2026-08-27 14:51:01",476.6,2,sohamdave19
7412,16705661,"Toshiki Touda","2026-08-13 06:51:05",476.6,2,toshikitouda
7413,16794309,"Sanyam Jain","2026-09-25 22:15:39",476.4,2,sjain03
7414,16809985,"ADOLE Edache","2026-09-25 11:47:46",476.1,2,adoleedache
7415,16689908,Hyun777,"2026-08-14 01:11:17",475.9,2,hyun777
7416,16668612,"raffael prem","2026-08-06 08:02:13",475.8,2,raffaelprem
7417,16687538,aefinityaiinc,"2026-08-27 20:59:35",475.8,2,aefinityaiinc
7418,16885999,"Vansh #2","2026-09-20 14:22:18",475.8,1,vanshnavi
7419,16887642,"Dimitrios Giannoulis","2026-09-14 12:38:24",475.7,2,plagiagia
7420,16675060,"Xinger Gao","2026-08-31 08:52:07",475.6,2,xingergao
7421,16768100,"[Deleted] 2fceeac8-47e6-4861-9adc-c9ec6bbd9188","2026-09-30 00:43:53",475.4,2,del=919b17c867060ff3
7422,16780592,sergey,"2026-08-27 19:09:25",475.4,2,sadsdfsdf
7423,16656317,"Manu Rahi","2026-08-06 16:43:55",475.3,2,manurathi
7424,16659261,PromptEngineer48,"2026-08-04 16:44:46",475.3,2,promptengineer48
7425,16818405,MickyDot,"2026-09-08 08:16:06",475.0,2,mickydot
7426,16728014,Alpha223,"2026-09-05 15:51:24",475.0,2,alpha223
7427,16745065,MrEvidentYew,"2026-08-24 18:36:02",474.8,2,mrevidentyew
7428,16661596,t@got@go,"2026-08-10 06:24:24",474.8,2,kamdaanahessod
7429,16685028,"serene ng","2026-08-13 14:53:37",474.8,2,sereneng
7430,16931407,"Marcel S","2026-09-30 21:57:34",474.7,2,marcel78
7431,16730749,"Đông Hà","2026-09-23 10:43:32",474.5,2,phapsucongu
7432,16846143,germanyum,"2026-09-13 14:32:05",474.4,2,germanyum
7433,16736951,giacomovin,"2026-08-25 20:14:52",474.4,2,giacomovin
7434,16692750,"Hoya need job","2026-09-30 22:28:11",474.4,2,pranavwankhade
7435,16735251,AlviH47,"2026-08-19 14:25:48",474.3,2,alvih47
7436,16890884,"Michael Swartz","2026-09-14 17:50:04",474.3,2,michaelbruwerswartz
7437,16658925,CYBWithFlourish,"2026-08-06 15:56:28",474.2,2,cybwithflourish
7438,16875818,Mateollqw,"2026-09-12 22:08:38",474.2,2,mateollqw
7439,16795624,"Shashwat Khare","2026-09-02 01:46:54",473.9,2,shshwtkhr
7440,16883108,"Jaon Voller","2026-09-30 22:59:21",473.9,2,jaonvoller
7441,16752153,zhao569,"2026-09-17 08:34:24",473.9,2,zhao569
7442,16656470,Glimmeron,"2026-08-12 02:01:48",473.8,2,rishabhraushan
7443,16687237,Khalibryler,"2026-08-11 09:17:03",473.7,2,khalibryler
7444,16795284,"Kostas Tsolis","2026-09-14 09:14:56",473.3,2,tkostas
7445,16672473,goldfish,"2026-08-13 03:34:21",473.2,2,dolgfish
7446,16655630,askBillyWhatMamaDid,"2026-08-28 02:06:18",472.9,2,askbillywhatmamadid
7447,16662715,"Great Okwuma","2026-08-17 00:10:46",472.4,2,greatokwuma2
7448,16661443,"STEPHEN ASANTE OPOKU","2026-08-04 16:45:41",472.2,1,stephenasanteopoku
7449,16680799,zixma13,"2026-08-25 13:12:44",472.1,2,zixma13
7450,16663618,Anthaus,"2026-08-09 17:06:35",472.0,2,anthaus
7451,16876700,"Omar Mukhtar","2026-09-18 10:05:32",472.0,2,omarmukhtar3
7452,16749371,"Renisa Assyifa Putri","2026-08-21 05:24:07",472.0,1,renisaassyifaputri
7453,16658160,yunquer,"2026-08-17 07:18:53",471.9,2,yunquer
7454,16769648,"Alok Kumar","2026-08-28 18:04:50",471.9,2,shadowserpent
7455,16659681,"Aditya Seth","2026-09-04 13:12:36",471.8,2,adityaseth777
7456,16641622,datajanko,"2026-08-22 07:40:54",471.7,2,jankoch
7457,16691007,"Nhật Khoa Phạm","2026-08-14 16:15:43",471.7,2,pnk123456
7458,16843921,Ruijiehe1213,"2026-09-13 03:40:30",471.4,2,ruijiehe1213
7459,16657681,"Prince Raj","2026-08-11 22:49:02",471.2,2,princerajmdb
7460,16678083,"Abdeljalil Idalahaj","2026-09-05 04:28:08",471.1,2,abdeljalilidalahaj
7461,16659896,TedT,"2026-08-11 19:36:14",470.9,2,fdsaur
7462,16664706,olivbhxf,"2026-08-06 07:10:34",470.9,2,olivbhxf
7463,16648589,"Yilan Zhu","2026-08-05 11:23:23",470.9,2,yilanzhu
7464,16719257,"Alexander Morozov","2026-08-14 23:53:53",470.8,2,scanhex
7465,16729081,"Venkata Y","2026-08-19 00:45:13",470.7,2,venkatayerrapothu
7466,16661154,"gronky goobers","2026-08-15 14:39:05",470.6,2,"viktoriusontop,yoshisurjuise"
7467,16724470,"Mahdi Rafati","2026-08-24 15:32:51",470.6,2,mahdirafati
7468,16891695,yuruihito,"2026-09-16 14:04:22",470.4,2,yuruihito
7469,16658627,"Osman Can ÇETLENBİK","2026-08-05 15:25:30",470.4,2,osmancancet
7470,16798512,"Yuichiro Kinoshita","2026-09-30 14:32:36",470.3,2,yuichirokinoshita
7471,16688383,plong2101,"2026-08-18 06:21:34",470.2,2,plong2101
7472,16895121,Timmmmmmmy,"2026-09-17 05:51:31",470.2,2,"molic1,timmmmmmmy"
7473,16627463,dnish,"2026-08-05 07:37:16",470.1,2,dnishio
7474,16665364,"Shien Zhang","2026-08-06 06:50:46",470.0,1,shienzhang
7475,16665046,"Srish Jana","2026-08-06 18:12:59",469.7,2,srishjana
7476,16692263,"ADITYA CHAVAN","2026-08-09 17:44:15",469.6,2,adityasnr7
7477,16761521,"Artificial Silicon","2026-09-30 19:12:24",469.5,2,artificialsilicon
7478,16889078,"Md Waquar Ahmad","2026-09-16 02:52:56",469.3,2,mohdwaquarahmad
7479,16691466,"Jeeta Nandi ","2026-09-04 09:23:34",469.2,2,jeetanandi
7480,16683309,"Zealous Sebastian","2026-08-09 12:45:32",468.9,2,zealoussebastian
7481,16705415,"Mauro Najera","2026-08-11 05:30:13",468.3,2,mauronajera
7482,16621367,Numari,"2026-07-31 16:30:01",468.2,2,numaritaisei
7483,16644410,"Swaroop Kallakuri","2026-08-04 15:40:29",468.1,2,ksjpswaroop
7484,16686972,"Ankit Maurya","2026-08-23 07:05:44",468.1,2,"ankitmaurya16,rudraprasadsah"
7485,16668324,"Alden Jenish S","2026-08-06 14:02:09",468.0,2,aldenjenishs
7486,16695400,"Karam Khasawneh","2026-08-10 20:29:16",467.8,2,karamkhasawneh
7487,16726211,RepeatAfterMe,"2026-08-17 08:21:41",467.8,2,bekirsciftler
7488,16893233,"Garrick Lai","2026-09-15 08:44:07",467.6,2,garricklai
7489,16645841,Lucien,"2026-09-24 07:55:19",467.6,2,lucienhu6775765
7490,16632105,"shreyas sangalad","2026-08-02 12:01:08",467.6,2,spoortisangalad
7491,16733644,Gavilán,"2026-08-23 19:41:22",467.6,2,gaviln
7492,16725955,"Aditya Pandey","2026-08-17 00:10:10",467.6,2,adipandey777
7493,16632100,"Mohit Shirke","2026-08-07 17:55:11",467.5,2,orcivion
7494,16699707,"Afana Khalit putra","2026-08-11 08:57:25",467.4,2,afanakhalitputra
7495,16665080,"RAVI KUMAR696996","2026-08-05 06:14:29",467.3,2,ravikumar696996
7496,16668154,JuanEspana,"2026-08-09 11:38:32",467.0,2,juanespana
7497,16748554,"victor lucas","2026-09-29 09:42:15",466.9,2,lucsxd
7498,16880843,"Triều Đinh Hải","2026-09-12 19:41:11",466.8,2,triuinhhi
7499,16915747,xiao,"2026-09-17 17:03:40",466.7,2,xiao789
7500,16670218,"What is Coding?","2026-08-07 01:47:17",466.6,2,matthewshvarts
7501,16737532,lsystudyhard,"2026-08-22 12:16:47",466.6,2,lsystudyhard
7502,16721814,"DOAMBA Jean Edouard Odilon","2026-08-24 14:48:43",466.6,2,doamba
7503,16691807,lbs-vadar,"2026-08-26 18:29:57",466.5,2,lbsvadar
7504,16884418,xuechengzou,"2026-09-13 12:22:43",466.0,2,xuechengzouinkaggle
7505,16694171,"guanran wang","2026-08-11 05:57:12",465.9,2,guanranwang
7506,16843316,"Felipe Chiarini","2026-09-12 12:03:15",465.9,2,felipechiarini
7507,16947207,"Ayush Khandwe","2026-09-24 07:37:55",465.9,2,ayushkhandwe
7508,16947220,"Wincent Zhang","2026-09-27 16:01:09",465.9,2,wincentzhang
7509,16769170,"Hardik Savaliya211","2026-08-25 11:07:10",465.7,2,hardiksavaliya211
7510,16771171,Manfucci,"2026-09-12 14:08:47",465.7,2,manfucci
7511,16627009,c0sm1c,"2026-08-01 11:06:14",465.7,1,tanghao111
7512,16693795,kurt,"2026-08-30 15:22:47",465.6,2,syarht
7513,16717018,"Urvashi Bansal","2026-08-17 09:12:29",465.5,2,urvashibansal123
7514,16752081,"Ahmad Dehaini","2026-08-30 06:04:54",465.4,2,ahmaddehaini
7515,16653118,"Elmira Yekani","2026-08-18 17:05:20",465.4,2,elmirayekani
7516,16683837,"Blessed Ngorima","2026-08-18 09:40:53",465.4,2,blessedngorima
7517,16823067,Francisco,"2026-09-10 18:00:57",465.3,2,cheneblanc
7518,16933345,"Sourin Rakshit","2026-09-21 09:32:28",465.3,2,sourinrakshit01
7519,16886012,smartkdy7,"2026-09-13 11:37:51",464.9,1,smartkdy7
7520,16825996,"Alex Li","2026-09-04 08:02:19",464.9,2,alexli1998
7521,16673214,Boiga7,"2026-08-06 14:03:53",464.9,2,lewiselliot
7522,16658476,"goksel yesiller","2026-08-04 11:07:53",464.8,2,gokselyesiller
7523,16709487,Kohei,"2026-08-19 20:54:42",464.7,2,kshintani
7524,16763271,crwmble,"2026-09-30 23:20:32",464.7,2,crwmble
7525,16661930,zzangsunghyeon,"2026-08-08 16:22:21",464.4,2,zzangsunghyeon
7526,16674943,feyZERO,"2026-08-16 10:48:50",464.3,2,faezamora
7527,16888050,"Ayoub Fliless","2026-09-14 17:56:12",464.1,2,ayoubfliless
7528,16688873,cancel,"2026-08-18 06:50:33",463.8,1,rugaru
7529,16656689,"Vansh Gupta","2026-08-11 08:56:56",463.8,2,vanshrl9ine
7530,16701761,BalaVignesh,"2026-08-11 17:04:37",463.7,2,balavignesh
7531,16782747,goodgreen,"2026-09-30 08:05:10",463.7,2,goodgreen
7532,16693033,AgriBot,"2026-08-13 23:53:10",463.6,2,prcieuxcomlan
7533,16729152,Antoine,"2026-08-17 10:12:04",463.5,2,a11t01n3
7534,16768456,清水一希,"2026-09-30 23:54:35",463.5,2,kazukishimizu0427
7535,16890155,GSD,"2026-09-26 14:24:03",462.9,2,gsdeepakkumar
7536,16733948,novodude,"2026-09-06 18:41:26",462.5,2,novomont
7537,16663368,"Laurence Dale","2026-08-12 18:00:07",462.5,2,laurencedale
7538,16915448,asdfghjklbelinda,"2026-09-26 11:59:24",462.4,2,"asdfghjklbelinda,yyyemin,zhouqingwen"
7539,16662722,"Ajeet Jain","2026-08-07 06:32:10",462.4,2,jainajeet29
7540,16886765,LZWang,"2026-09-13 22:00:47",462.3,2,wlzwlz
7541,16920641,"Tailee Kim_7","2026-09-19 11:52:02",462.3,2,emilykim01
7542,16743494,"ROHAN Exploit","2026-09-08 11:13:08",462.3,2,rohanexploit
7543,16831839,404_Brains_Not_Found,"2026-09-20 12:36:19",462.3,2,"manavtejani,rohangadhiya1911,sakshamdubeynew,trushankvaghasiya"
7544,16784417,"Dallas Odem","2026-08-29 13:14:30",462.2,2,dallasodem
7545,16664211,"Ben Wilson","2026-08-06 23:57:29",462.2,2,crispyryse
7546,16729510,ARM,"2026-09-08 13:01:17",462.2,2,"midhun4126,mrohithjohn"
7547,16715769,Ethereallll1,"2026-08-14 15:21:12",462.1,2,ethereallll1
7548,16664502,"Alejandro Morales","2026-08-10 01:05:59",462.0,2,langley96
7549,16672798,yaphanqiii,"2026-08-27 07:55:23",461.6,2,yaphanqiii
7550,16636973,"Ali Ali G","2026-08-03 18:36:40",461.5,2,alialig
7551,16903680,"marwan na","2026-09-28 13:11:13",461.5,2,marwanna
7552,16662741,"Abhiraj Govind","2026-08-04 18:01:16",461.3,1,abhirajgovind
7553,16685722,"Jiahan Cao","2026-08-12 09:01:22",461.3,2,jiahancao
7554,16755781,NaveenManwani,"2026-08-28 05:37:31",461.2,2,naveenmanwani
7555,16858250,"ayush kumar","2026-09-14 10:35:32",461.1,2,ayushkumar1610
7556,16889822,CornReform,"2026-09-29 01:03:29",461.0,2,cornreform
7557,16794499,smileMAN13912339850,"2026-09-07 10:01:07",460.9,2,smileman13912339850
7558,16726044,"Lena Traczuk","2026-08-22 12:03:58",460.9,2,lenatraczuk
7559,16701046,"Thanakorn Kaewwiang","2026-08-14 17:13:39",460.8,2,deweytng
7560,16796273,"Kiplangat Vincent","2026-09-22 13:52:17",460.5,2,balvins
7561,16687942,"Arya Arun","2026-08-16 08:52:26",460.5,2,aryaarun07
7562,16791550,Team21,"2026-09-08 12:53:38",460.4,2,"fchen121,muktharam"
7563,16665511,phoenix_merk,"2026-08-05 09:46:25",460.4,2,phoenixmerk
7564,16733961,"Julia Fredo","2026-09-30 23:07:23",460.4,2,juliafredo
7565,16774035,"Shengfeng Wang","2026-08-26 07:28:46",460.3,1,shengfengwang
7566,16645870,"Barathan Aslan","2026-08-03 08:21:55",460.1,2,barathanaslan
7567,16682707,"AJAY KUMAR","2026-08-07 19:13:08",460.1,2,worldsslayer
7568,16656410,Sam,"2026-08-14 01:58:04",459.9,2,beartrader
7569,16631981,"Karen Letir","2026-08-10 09:21:51",459.8,2,karenletir
7570,16666652,"Mohamed Fanni","2026-08-17 00:51:38",459.6,2,"arachid,mohamedfanni,soukaynamokhtari"
7571,16675468,"atakan akgün","2026-08-13 15:32:32",459.6,2,atakanakg
7572,16668137,"Thomas De Sousa","2026-08-06 06:34:48",459.4,2,thomasdesousa
7573,16654974,"ACd Rooy","2026-08-11 06:35:28",459.3,2,acdrooy
7574,16775131,"Re Son","2026-08-27 14:29:31",459.3,2,lemelson
7575,16681778,kzeus@003,"2026-08-12 05:12:15",459.1,2,kzeus003
7576,16657528,"Symekah Shadrack Basweti","2026-08-05 10:17:09",459.0,2,symekah99
7577,16654485,"Mahbub Alam","2026-08-04 02:08:23",459.0,2,mahbubalam214
7578,16786351,"Pradeep P","2026-09-14 16:39:50",459.0,2,pradeeppuranam
7579,16725483,PQ_Marz,"2026-08-15 16:25:50",458.9,2,pqmarz
7580,16871538,freesoso,"2026-09-30 02:19:58",458.9,2,freesoso
7581,16661402,"Abin Biju","2026-08-11 18:00:35",458.6,2,abinbiju1
7582,16658115,SantaClaws,"2026-08-10 14:50:31",458.6,2,vovikdrg
7583,16789996,"Chen Jiaqi","2026-09-02 15:48:25",458.5,2,elaemchen
7584,16941927,想想偶像怎么做,"2026-09-24 08:47:33",458.5,2,fjt12138
7585,16825489,"Monishwar S","2026-09-30 19:23:35",458.4,2,monishwar2718
7586,16702281,"Dhruv Patel #2","2026-08-10 21:25:08",458.1,2,dhruvpatel1972
7587,16662938,CarlitrosParra,"2026-08-05 21:34:52",458.0,2,carlitrosparra
7588,16829729,NoobMaster69,"2026-09-06 09:12:58",458.0,2,thelegend007
7589,16871722,agenlu,"2026-09-30 19:20:54",458.0,2,agenlu
7590,16688296,"Michael Pollind","2026-08-28 13:30:32",457.9,2,mpollind
7591,16925815,"[Deleted] c3923c6e-1011-4da1-9c40-584a2fcbcc36","2026-09-20 01:04:14",457.9,1,del=0e85502e1e45d7da
7592,16768079,Sohee087,"2026-08-24 20:21:01",457.7,1,sohee087
7593,16661287,"Jacob Hanlon","2026-08-11 13:59:58",457.7,2,jacobhanlon
7594,16640399,Hubbahub,"2026-08-04 20:40:39",457.7,2,hubbahub
7595,16654347,"aarav maheshwari1","2026-08-26 05:57:03",457.5,2,aaravmaheshwari1
7596,16763898,"Tarık Sarıcı","2026-08-24 09:54:31",457.5,2,ssarici
7597,16666716,"Fanis Alexakis","2026-08-17 11:59:15",457.5,2,fanisalexakis
7598,16687602,"jithin manoj","2026-08-12 13:00:23",457.3,2,jithingmanoj
7599,16707986,Pones_kaggle,"2026-09-01 22:08:32",457.2,2,pyd966
7600,16718828,"Tejas Nisar","2026-08-23 17:04:45",457.2,2,tejasnisar
7601,16771340,pang,"2026-09-05 16:41:51",457.2,2,pangwenfeng
7602,16664252,"Huy Hoang","2026-08-15 03:59:40",456.9,2,themeend
7603,16888067,Van,"2026-09-21 01:29:39",456.9,2,lanxirye
7604,16662995,"carlos mario de oro aguado","2026-08-06 21:08:28",456.9,2,cdeoroaguado
7605,16725123,"Pham Quang Nghia","2026-08-22 15:00:51",456.9,2,phamquangnghia
7606,16764751,"Abhishek Parmar","2026-08-26 04:06:39",456.9,2,abhisheknparmar
7607,16660089,ChristosGrigoras,"2026-08-07 22:41:49",456.8,2,cgrigoras
7608,16709522,"Sanjay Dilip","2026-09-23 23:11:27",456.8,2,sanjaydilip
7609,16809898,wodDAOdun,"2026-09-14 07:14:35",456.7,2,kylaucode
7610,16631480,"Kumar Abhijeet","2026-07-31 13:29:40",456.7,1,krabhijeet
7611,16692168,"Kinshuk Aggarwal","2026-08-09 04:23:32",456.6,1,kinshukaggarwal
7612,16767147,"Hacker Trinity","2026-09-09 12:20:12",456.5,2,hackertrinity
7613,16762168,Lewbei,"2026-09-10 04:58:43",456.4,2,lewbei
7614,16676613,LCZ1996,"2026-08-29 02:02:59",456.4,2,lcz1996
7615,16715126,준환,"2026-09-10 11:28:25",456.3,2,paulguilbert
7616,16880689,yasmine0809,"2026-09-12 16:19:37",456.2,2,yasmine0809
7617,16809022,CheeseFunction,"2026-09-05 06:58:36",456.1,2,cheesefunction
7618,16724842,"Mikaela Gkolemi","2026-08-21 19:04:38",455.8,2,mikaelagkolemi
7619,16838619,HeroGod,"2026-09-05 12:25:27",455.7,2,herogod
7620,16768939,"Pratham Sonawane","2026-08-30 17:37:23",455.6,2,prathamsonawane1
7621,16744610,"Safiullah Baig","2026-08-20 13:16:58",455.5,1,safm1rza
7622,16700080,Kaushik,"2026-08-10 11:11:18",455.5,2,kgarumugam
7623,16931219,AzureYu,"2026-09-21 10:44:17",455.3,2,azureyu
7624,16908418,Ayush_1319,"2026-09-17 11:59:04",455.1,2,ayush1319
7625,16695692,Saadii2279,"2026-08-11 16:44:39",455.0,2,saadii2279
7626,16840624,Deepakexplores,"2026-09-11 17:51:43",455.0,2,deepakexplores
7627,16654984,"Guseinov Elvin","2026-08-08 21:44:00",455.0,2,guseinovelvin
7628,16656797,"رحيم محمد","2026-08-04 20:05:45",454.9,2,darkmaxedwe
7629,16656745,"BHARATH KOWSHIK ULLANGULA","2026-09-25 10:30:21",454.8,2,"bharathkowshik25,honeyharshith,kesanibhargavaram"
7630,16701847,"Xi Li","2026-09-30 22:56:43",454.8,2,bruhuh
7631,16797002,ZhixinLuo,"2026-09-01 14:16:09",454.5,2,zhixinluo
7632,16688662,"Faz Forward","2026-08-08 09:03:10",454.4,2,fazforward
7633,16693797,"Riyaz Ur Rehman","2026-08-17 02:21:15",454.4,2,riyazurrehman
7634,16774958,"Charles Wuytack","2026-08-27 14:58:07",454.3,2,charleswuytack
7635,16775236,hohohoZzZ,"2026-09-16 16:14:37",454.3,2,hohohozzz
7636,16805196,"Sebastian Griesbach","2026-09-22 11:47:22",454.2,2,sebastiangriesbach
7637,16707951,K_ChanHo,"2026-09-17 11:40:29",454.1,2,kchanho
7638,16671602,"Nithin Nambi","2026-08-07 00:09:31",454.1,2,nitthewit
7639,16761979,"Chaitany Patel","2026-09-17 14:59:29",453.9,2,chaitanypatel
7640,16783677,"Đặng Anh Thịnh","2026-08-28 08:31:12",453.7,1,nganhthnh
7641,16773194,NgNhan3110,"2026-08-27 09:36:17",453.7,2,ngnhan3110
7642,16892006,"Leul Hailemichael","2026-09-16 21:00:15",453.5,2,leulhailemichael
7643,16819549,APEX101,"2026-09-06 06:16:51",453.3,2,"akshitasrivastava1,irongm"
7644,16914972,cdwswb,"2026-09-19 02:25:22",453.2,2,cdwswb
7645,16655080,"Mohamed Judi","2026-09-07 19:18:31",453.1,2,mhjudi
7646,16649077,"Yifan Yang 135","2026-08-11 06:22:40",453.1,2,yifanyang135
7647,16670719,SimoImane,"2026-08-05 23:36:09",452.9,2,simoimane
7648,16719742,"Varun Dave","2026-08-31 22:56:07",452.9,2,"pranavtrivedi02,varundave95"
7649,16654885,"Jason Kong","2026-08-04 06:52:19",452.9,2,jasonkongie
7650,16696061,Mingyuan2002,"2026-09-22 04:17:12",452.8,2,mingyuan2002
7651,16744572,DivyanshAgg,"2026-08-31 19:30:49",452.8,2,divyanshagg
7652,16731636,関西人,"2026-08-24 06:23:14",452.6,2,m1333666888
7653,16883859,"Carlos Daniel Polanco","2026-09-19 18:45:16",452.4,2,carlospolanco00
7654,16779152,"taijiu int","2026-09-04 22:22:20",452.2,2,taijiuint
7655,16717601,"Mariem Fersi","2026-08-24 23:22:14",452.0,2,"mariemfersi,yassinebrahem2"
7656,16847224,Kfarmer,"2026-09-19 12:51:27",452.0,2,"cwy0904,jasonchao89,jaspersooks,makomek,peiyingtok"
7657,16632368,"Yuelin Bai","2026-08-03 08:15:12",451.9,2,paralym
7658,16630520,dimitris_x94,"2026-09-30 18:32:56",451.8,2,dimitrisx94
7659,16695102,whitelok,"2026-08-11 12:54:41",451.8,2,whitelok
7660,16826447,"Absara viswanathan","2026-09-07 06:16:20",451.5,2,viswanathanabsara
7661,16758970,"Jason Wong","2026-09-16 16:00:15",451.4,2,jsin27
7662,16706277,"ratat Zheng","2026-08-12 10:25:38",451.4,2,ratatzheng
7663,16623198,"Chris D'Mello (ineligible)","2026-07-31 17:32:46",451.3,1,cdmello
7664,16668813,zhaowang,"2026-08-06 05:19:52",451.2,2,zhaowangwang
7665,16661927,JHCodeQuest,"2026-08-25 11:36:46",451.2,2,josephkhassan
7666,16756561,"Eren Tekin","2026-09-14 23:41:50",451.1,2,erennntkn
7667,16627324,"Attack on Kaggle","2026-08-06 13:27:22",451.1,2,user19394494
7668,16774849,RiyadhLakadimu123,"2026-08-31 19:51:17",451.1,2,riyadhlakadimu123
7669,16840130,tkm_ktn,"2026-09-05 15:48:40",450.9,2,takumikotani
7670,16722561,Asia214,"2026-08-30 02:26:16",450.8,2,asia214
7671,16875460,"Safa Nasrin","2026-09-24 07:30:11",450.6,2,safanasri
7672,16659558,Ayuroshbo,"2026-09-23 09:28:54",450.5,2,ayuroshbo
7673,16804924,"Kevin L.","2026-09-09 07:04:46",450.5,2,zorgis
7674,16661950,moonmelonpizza,"2026-08-09 12:25:23",450.5,2,moonmelonpizza
7675,16679872,"Kirby Won","2026-09-22 22:10:05",450.4,2,kirbywon
7676,16719521,xarquin,"2026-08-25 03:16:23",450.4,2,xarquin
7677,16720049,"aditya emmadishetty","2026-08-14 13:20:54",450.4,2,adityaemmadishetty
7678,16661382,CBenaventte,"2026-09-02 13:35:27",450.4,2,cbenaventte
7679,16799023,"Alkava Ind","2026-09-28 10:43:31",450.3,2,alkavaind
7680,16639814,"Nikhil Krishna A","2026-09-07 07:37:56",450.3,2,techmasternikhil
7681,16656641,AndrewEly8,"2026-08-05 00:56:32",450.2,2,andrewely8
7682,16657383,"Shih Hua Chou","2026-08-18 03:51:08",450.1,2,shihhuachou
7683,16660060,AnkitGoyal,"2026-08-05 15:33:29",450.1,2,goyalankit
7684,16657929,Robert-zwr,"2026-08-05 11:15:48",450.1,1,robertzwr
7685,16645936,"Abhy Rejikumar","2026-08-22 19:26:23",450.0,1,abhyrejikumar
7686,16630163,"SEREENA JERRY","2026-08-06 08:59:17",449.8,2,serenajerry
7687,16741053,"Bui Minh Thanh","2026-09-07 18:50:23",449.8,2,buiminhthanh
7688,16678613,iBooNDK,"2026-08-09 19:03:37",449.4,2,iboondk
7689,16667517,"Recep Barkın Topcu","2026-08-31 05:30:02",449.2,2,recepbarkntopcu
7690,16722109,Navneet,"2026-08-14 14:02:35",449.1,2,zxcdfg
7691,16730099,KaminAster003,"2026-09-30 17:40:26",449.0,1,kaminaster003
7692,16664608,sid,"2026-08-07 18:18:04",448.7,2,sidshastri04
7693,16764151,Jpadilla987@gmail.com,"2026-08-25 21:00:27",448.4,2,jpadilla987gmailcom
7694,16883234,Cpleasance,"2026-09-14 00:24:24",448.4,2,cpleasance
7695,16694146,"JIlong Zhou","2026-08-26 15:04:38",448.4,2,acemaker
7696,16765688,jihunai,"2026-08-26 23:15:54",448.3,2,jihunai
7697,16678154,"Hashim Far","2026-08-08 04:20:32",448.1,2,hashimfar
7698,16654174,"Dharmeswar Basumatary","2026-09-09 11:09:15",447.9,2,dharmeswarbasumatary
7699,16847947,"Phongwit Sri","2026-09-22 04:30:08",447.9,2,phongwitsri
7700,16699207,"Bipin Rimal","2026-08-10 07:45:21",447.8,2,bipinrimal314
7701,16665424,taaaaanq,"2026-08-17 14:23:35",447.7,1,"chuayaplong,flashtigro,huayu05,taaaaanq"
7702,16876859,Broncat,"2026-09-15 02:27:28",447.5,2,broncat
7703,16641948,JustForFun,"2026-08-18 08:00:36",447.3,2,thangphung215
7704,16655069,"Jason Harrison","2026-08-05 20:56:59",447.3,2,jasonharrisonco
7705,16676482,GitLyf,"2026-08-16 12:47:59",447.3,2,"jaideva30,rohithkrishnaak"
7706,16851860,"Senih Bayankulu","2026-09-08 03:13:24",447.0,2,senihbayankulu
7707,16668606,"Hasith Kulathilaka","2026-08-31 19:09:39",446.9,2,hasithkulathilaka
7708,16776824,"Manuel Santiago Atencio","2026-09-27 13:35:09",446.8,2,manuelsatencio
7709,16668108,"Suresh Chandra Mangena","2026-08-11 09:32:31",446.8,2,sureshchandramangena
7710,16668461,SobanAli,"2026-08-19 15:49:03",446.6,2,soban256
7711,16843511,"JiaHui Ni ","2026-09-13 14:59:35",446.5,2,jiahuini
7712,16711812,"zhan renyi","2026-08-31 05:24:39",446.5,2,zhanrenyi
7713,16745574,"Yadunandan Raman","2026-08-22 12:20:06",446.4,2,yadunandanraman
7714,16870372,ALİHAKANÜNAL,"2026-09-23 14:59:55",446.3,1,needdata123456
7715,16663822,BhavyaSaini001,"2026-08-29 23:10:34",446.3,2,bhavyasaini001
7716,16659505,"Duleeka Mevan","2026-08-06 09:32:46",446.3,2,duleekamevan
7717,16755394,"Ruben Lucas","2026-08-21 21:50:16",446.1,2,rubenlucas
7718,16887058,"Michael Eberhard","2026-09-15 20:29:09",446.1,2,michaebe
7719,16655600,"VYSHAKH G NAIR","2026-08-04 21:31:24",446.0,2,vyshakhgnair
7720,16677524,"Phúc Phạm","2026-08-07 20:16:24",446.0,2,phucpham77
7721,16672105,"Natural Stupidity","2026-08-10 19:39:53",445.9,2,"parthb21,sujaygolla"
7722,16658149,X,"2026-09-21 13:42:54",445.7,2,lohithhb
7723,16661105,"Vignesh Murugan","2026-08-04 19:57:46",445.5,2,vigneshv1cky
7724,16658219,"Deepesh Pankaj","2026-09-28 07:15:16",445.4,2,deepeshpankaj
7725,16638883,LeiYang,"2026-08-03 15:04:07",445.4,2,leiyangcq
7726,16694314,"Ali Abbas Baig","2026-08-28 19:55:16",445.3,2,aliabbasbaig
7727,16665374,UmangDobhal03,"2026-08-06 03:46:29",445.0,2,umangdobhal03
7728,16737362,"moushun chen","2026-08-20 06:45:46",444.9,2,moushunchen
7729,16625808,"Etsushi Yamamoto","2026-08-09 16:50:41",444.9,2,etsushiyamamoto
7730,16664205,"shr Wei","2026-09-03 06:00:47",444.7,2,shrwei
7731,16867680,Asuka,"2026-09-11 05:45:46",444.6,2,asuka0langley0soryu
7732,16861019,CloriTeam,"2026-09-09 15:34:28",444.5,2,lorenzocomis
7733,16756812,"Alex Amirkhanyan","2026-08-24 05:51:16",444.4,2,aleksamirkhanyan
7734,16766803,"Kanishk Sharma","2026-09-01 23:52:42",444.4,2,kan1shq198
7735,16668698,Addie,"2026-08-08 05:21:08",444.3,1,addie999
7736,16728933,dOvOb,"2026-09-08 14:51:10",444.0,2,waytosleep
7737,16663327,Gnr8tr,"2026-08-13 14:16:44",443.9,2,wilburjpereira
7738,16879532,kiwamizamurai,"2026-09-14 20:27:53",443.8,2,kiwamizamurai
7739,16636333,xiaoyang66,"2026-08-17 13:35:28",443.7,2,kennethhao8
7740,16691628,"Gavin Walsh (N1DGE11)","2026-08-08 16:07:24",443.7,2,gavinwalshn1dge11
7741,16649421,Eltormtace,"2026-08-14 04:35:15",443.4,2,eltormtace
7742,16663267,"Sravya Isukapatla","2026-08-11 10:14:54",443.3,2,sravyaisukapatla
7743,16707437,"Ivan Plekhanov","2026-08-11 12:03:11",443.3,1,nnob0dy
7744,16924763,mimigerbachof,"2026-09-30 23:53:08",443.2,2,mimigerbachof
7745,16762154,lli,"2026-09-07 19:04:26",443.0,2,colesuoseue
7746,16656431,"Venetta Smithen","2026-08-20 02:19:45",443.0,2,venettasmithen
7747,16714488,"HusseinNadem Nadem","2026-08-26 01:53:13",443.0,2,husseinnademnadem
7748,16885547,L0k1xd,"2026-09-13 10:04:10",443.0,2,l0k1xd
7749,16829367,"quant park","2026-09-15 10:29:07",442.8,2,quantpark
7750,16793465,"Farming Sols","2026-09-03 23:40:36",442.8,2,rishitreddypalle
7751,16786264,"THISHA S","2026-09-06 06:53:09",442.7,2,thishas
7752,16909602,jack1e32,"2026-09-18 02:32:58",442.7,2,jack1e32
7753,16897899,templar7245,"2026-09-27 09:45:16",442.7,2,templar7245
7754,16655881,"Zhuoran Zhao","2026-08-07 16:50:04",442.5,2,yearcakes
7755,16694330,"Jack Way","2026-08-10 11:48:42",442.5,2,jackway05
7756,16663594,"NGU BLACK SANTA","2026-08-05 15:23:10",442.5,2,ngublacksanta
7757,16706143,Adityaupadhyay0805,"2026-08-20 04:28:06",442.5,1,adityaupadhyay0805
7758,16646286,"C Aravindhan","2026-08-04 05:03:22",442.4,2,caravindhan
7759,16726155,miyawakiayaka,"2026-08-15 18:50:10",442.4,2,kanatakon
7760,16723072,Arthurt1,"2026-09-23 22:09:27",442.3,1,arthurt1
7761,16870864,"Overfitting Is All You Need","2026-09-18 09:25:23",442.2,2,ryylll
7762,16665436,Aeternum,"2026-08-15 18:31:32",442.1,2,"donbinoy2004,surajkumarks"
7763,16661460,Lucky,"2026-09-03 07:49:58",442.1,2,tmiya0107
7764,16792069,"Yen Hung1021","2026-09-03 16:09:33",441.9,2,yenhung1021
7765,16665184,woorym,"2026-08-10 03:04:12",441.8,2,woorym
7766,16767585,Hyena,"2026-08-25 22:17:26",441.5,1,hemant0
7767,16772455,dextrecity,"2026-08-30 11:37:56",441.4,2,"dextrecity,leo0pa"
7768,16765194,henry,"2026-08-24 13:39:29",441.4,2,zchenry
7769,16775214,"Sambhav R","2026-08-27 15:34:44",441.3,2,sambhavr
7770,16749271,"Shoki Suzuki","2026-09-30 23:43:42",441.2,2,shokisuzuki
7771,16662690,"Pablo Gomez Perez","2026-09-04 16:45:32",441.1,2,pablogp
7772,16661576,"Yash Jumde","2026-08-15 20:09:59",441.1,2,yashjumde
7773,16683934,"Teja Madala","2026-08-10 14:46:07",440.9,2,tejamadala
7774,16758526,"sudo give_me_the_prize","2026-08-24 16:34:02",440.8,2,ibrahimab2
7775,16794052,"Sarthak Mishra","2026-09-24 18:06:07",440.8,2,"aarushverma04,pg541425,sarthak25b15310182,yadavup50"
7776,16723490,"Panashe Arthur Mhonde","2026-08-22 11:41:19",440.7,2,panashearthurmhonde
7777,16661682,"Rishi Gupta","2026-08-05 07:46:38",440.7,2,rishigupta07
7778,16893255,"Amal Raj Singh","2026-09-19 08:37:00",440.6,2,amalrajsingh
7779,16675000,"Carl Bell","2026-09-16 20:55:33",440.6,2,allegedcarlbell
7780,16697568,"Sergey Fedorov","2026-08-20 21:25:34",440.5,1,bd01ar
7781,16936198,"Greedy Acres","2026-09-30 23:56:55",440.5,2,axelmd
7782,16938142,"Pavel Krotkov","2026-09-23 20:23:34",440.5,2,pashkal
7783,16623824,zhangende02,"2026-08-01 01:15:21",439.9,2,zhangende02
7784,16802580,WarlockCode,"2026-09-03 14:07:58",439.8,2,maktub83
7785,16690793,"MOHAMMAD ALRASHED","2026-08-08 18:33:34",439.6,2,mohammadalrashed
7786,16661449,"Samarjeet Singh","2026-08-23 04:32:19",439.4,2,samarjeet010
7787,16660899,"Clarence Trinidad","2026-09-16 18:28:20",439.2,2,claree007
7788,16665281,"[Deleted] 899172b8-e148-4564-ba8c-c46356105ab8","2026-08-05 09:55:11",438.9,2,del=cd7e9a4014b872ef
7789,16670387,"Oracle69 AI","2026-09-28 13:52:43",438.6,2,princeadewaleadewumi
7790,16798074,"Akkapop Prasompon","2026-09-09 12:17:36",438.5,2,akkapopprasompon
7791,16662790,"Derek Earnhart","2026-08-04 18:04:01",438.4,1,derekearnhart
7792,16626105,sasaki,"2026-08-24 02:34:55",438.3,2,rsasaki
7793,16757204,hhcjj,"2026-08-22 06:42:32",438.1,2,hhcjjkk
7794,16793145,KarlNUrban,"2026-09-05 12:19:50",438.0,2,karlnurban
7795,16729086,samanyu,"2026-08-23 10:13:11",437.9,2,samanyu1808
7796,16785010,"Victor Wangles","2026-09-30 21:21:46",437.9,2,victorwangles
7797,16666071,"Arda Yıldız","2026-08-20 09:33:54",437.8,2,xreina8
7798,16711823,Abi_e,"2026-09-07 09:47:37",437.7,2,abidjacquelineanadi
7799,16656573,"Ashiq Firoz","2026-08-17 18:20:11",437.7,2,ashiqfiroz
7800,16677166,Spectrobot,"2026-08-08 11:11:46",437.6,2,spectrobot
7801,16792392,pansya,"2026-09-20 10:00:15",437.4,2,pansya
7802,16645302,LuCcc,"2026-08-03 09:45:35",437.4,2,luuuuccccc
7803,16697448,"Mykola Mazniuk","2026-08-15 17:57:39",437.3,1,mykolamazniuk
7804,16709512,Rustamdurdyyev,"2026-08-31 19:59:56",437.1,2,rustamdurdyyev
7805,16653049,"Umut Doruk Öztürk","2026-09-02 09:52:16",437.1,2,umutdorukztrk
7806,16862497,DefiAudit,"2026-09-30 00:13:00",437.1,2,defiaudit
7807,16657312,"baolood herid","2026-08-06 13:13:48",436.8,2,baoloodherid
7808,16940818,Laiba,"2026-09-28 11:36:01",436.7,2,laibasm01
7809,16660455,"Alex Kapend","2026-08-05 08:42:26",436.6,2,alexkapend
7810,16657201,ShayML,"2026-08-08 09:02:05",436.6,2,shayml
7811,16674605,Versilogic,"2026-08-16 07:54:48",436.5,2,versilogic
7812,16728414,"Pedro Caycho","2026-08-16 12:40:26",436.4,1,pjcc1123
7813,16651042,Mira_332,"2026-08-27 04:58:29",436.3,2,ichiiohno
7814,16675631,"Aswini Gowda","2026-08-10 05:37:33",436.3,2,aswinigowda
7815,16657502,Jasmeen,"2026-08-16 08:59:05",436.2,2,jasmeen0207
7816,16700596,"Markel Iru","2026-08-13 15:52:53",436.2,2,markeliru
7817,16657794,"Aromal vK","2026-09-30 06:22:48",436.2,2,aromalvk
7818,16718517,"Jessica Yin","2026-08-17 00:10:31",435.9,2,jeqyin
7819,16713179,"Enise Zengin","2026-09-15 02:53:02",435.9,2,enisezengin
7820,16751058,"Henrique Loyola ","2026-08-21 05:29:59",435.7,2,henriqueloyola
7821,16639577,Haitaks,"2026-08-16 09:42:16",435.6,2,haitaks
7822,16713218,"Julien Baumgartner","2026-08-14 08:36:27",435.5,2,julienbaumgartner
7823,16663258,sawe,"2026-09-16 09:10:13",435.2,2,boiihhh
7824,16651872,Evgen21,"2026-08-05 14:03:50",435.1,2,evgen21
7825,16675686,"PRERIT MAURYA","2026-08-14 06:37:51",435.0,2,preritmaurya
7826,16852845,quantumgeek,"2026-09-12 06:54:58",435.0,2,yk1598
7827,16786280,Shambhavi21,"2026-09-30 15:46:37",434.9,2,shambhavi21
7828,16640516,"Alfandi Hassan","2026-08-08 03:41:33",434.7,2,alfandihassan
7829,16667722,Radhouen911,"2026-08-06 21:37:37",434.6,2,radhouen911
7830,16904320,"Flying Duck","2026-09-30 01:18:46",434.6,2,dreame1
7831,16936983,"hanlin zhu","2026-09-22 13:06:50",434.5,2,dhanlinzhud
7832,16773195,"Pham Nguyen Thanh Huy","2026-08-27 05:25:55",434.4,2,huyphmnguyenthanh
7833,16723075,"Cauã Freitas","2026-09-30 11:40:08",434.4,2,cauafreitas
7834,16760480,yat0i811,"2026-09-13 14:13:59",434.4,2,yat0i811
7835,16636719,"Naman Durve","2026-09-12 16:14:56",434.3,2,namancdurve
7836,16738218,kiyo,"2026-09-10 13:01:37",434.2,2,kiyohiro
7837,16623712,Dapp,"2026-08-03 23:09:19",434.2,2,lgloria
7838,16773020,HyperNeonByte,"2026-09-23 00:23:03",434.0,2,hyperneonbyte
7839,16655415,"Ivan Jarp","2026-08-29 17:07:03",434.0,2,ivanjarp
7840,16663622,sammuq1,"2026-08-10 23:56:19",433.9,2,sammuq1
7841,16757366,"Sean Connolly","2026-09-05 04:10:21",433.8,2,seanconnolly
7842,16701367,CryptoQuant1992,"2026-08-11 13:04:12",433.7,2,cryptoquant1992
7843,16625216,"Emre Can","2026-08-01 17:05:51",433.6,2,seicatsu
7844,16661323,mzyktkhs,"2026-08-10 13:21:59",433.6,2,mzyktkhs
7845,16762427,Raj_craj,"2026-08-30 20:27:00",433.6,2,rajcraj
7846,16631547,"Chong Xuan Ng","2026-08-08 15:38:52",433.5,2,chongxuanng
7847,16785352,"joão Vitor","2026-09-05 20:19:12",433.4,2,jaov30718
7848,16621572,"Abdulazeez AbdulMumeen","2026-08-05 10:59:27",432.9,2,ayobeen
7849,16859368,"Emmanuel King Christopher","2026-09-09 23:31:24",432.8,1,emmanuelkingchris
7850,16745980,"Arif Amijoyo","2026-08-30 07:54:40",432.5,2,arifamijoyo
7851,16811454,"Zakaria Taouil","2026-09-07 16:11:13",432.4,2,ztaouil
7852,16677047,LINOXYR,"2026-08-15 13:13:58",432.3,2,linoxyr
7853,16670155,Kiznaiver,"2026-08-23 14:27:19",432.3,2,kiznaiver
7854,16704597,"Wallace Switzer","2026-08-12 01:09:49",432.2,2,wallaceswitzer
7855,16687959,"Destin Nedjou","2026-08-27 05:45:33",432.1,2,destinnedjou
7856,16842936,"Sreejit Pradhan","2026-09-12 19:11:37",432.0,2,sreejitpradhan
7857,16664251,zzy123123,"2026-08-08 09:22:51",432.0,2,zzy123123
7858,16731790,"A random farmer","2026-08-18 02:19:53",431.9,1,hinatatokuda
7859,16692618,"Ali Zakaee","2026-08-09 10:13:02",431.8,1,itheequalizer
7860,16732200,"Louis WhoEat","2026-08-24 12:02:40",431.7,2,louiswhoeat
7861,16747670,"Luis Molina","2026-09-21 14:34:46",431.7,2,micuentadecasa
7862,16831819,"Roy Lampe","2026-09-24 11:46:45",431.7,2,roylampe
7863,16686093,"Muhammad Usman Butt","2026-08-07 22:00:04",431.6,2,debugdemon
7864,16628268,toxic_2499,"2026-09-14 13:39:02",431.5,2,toxic2499
7865,16668810,ZZZZGOD,"2026-08-07 19:11:09",431.4,2,zzzzgod
7866,16663040,"BARBARA GASKINS","2026-08-12 01:08:47",430.9,2,barbaragaskins
7867,16722793,Murphyzz,"2026-09-27 21:10:36",430.7,2,theophileperez
7868,16662111,"Mood Vikram","2026-09-05 23:15:35",430.6,2,"moodvikram,sidhantchauhan"
7869,16693003,ShirrleyChen,"2026-08-15 12:54:58",430.5,2,shirrleychen
7870,16845679,"Wenhai Tang (raisin)","2026-09-07 03:33:14",430.4,1,wenhaitangraisin
7871,16725957,"Ayman Tarig Mohammedosman Elgadi","2026-08-24 02:57:16",430.3,2,aymantarig17
7872,16730041,cracksbot,"2026-09-29 04:55:08",430.2,2,cracksbot
7873,16681637,nasu01,"2026-08-07 10:14:10",430.2,2,nasu01
7874,16638967,"Jenny Luo","2026-08-01 23:55:07",430.1,2,"jennyluo96,kyeoh92"
7875,16675916,Lorenzo176ITA,"2026-08-14 11:02:15",430.0,2,"alessiopap,lorenzo176ita"
7876,16708348,"Edilaine Arceno","2026-09-28 14:02:29",429.9,2,edilainearceno
7877,16665949,Rbda,"2026-08-06 14:18:03",429.4,2,brazvan
7878,16654458,"Likith Narakala","2026-09-10 20:27:03",429.4,2,likith17052004
7879,16659919,"SILVISTON EMMANUEL","2026-08-06 06:51:55",429.0,2,silvistonemmanuel
7880,16838929,Charlesm85,"2026-09-06 05:56:26",428.8,2,charlesm85
7881,16644765,MoeCode,"2026-09-12 16:46:28",428.8,2,syrianeagle
7882,16640814,"Kritika Adhikari","2026-08-07 09:25:26",428.7,2,kritikaadhikari
7883,16663707,DotBix,"2026-08-12 21:45:54",428.6,2,dotbix
7884,16706790,"Stas Chereshkevich","2026-08-19 12:23:33",428.5,2,staschereshkevich
7885,16728821,"Alen Maria Nirmal","2026-08-17 21:51:03",428.5,1,alenmarianirmal
7886,16668267,Saran,"2026-08-27 14:18:05",428.4,2,saran2
7887,16882021,"lucas honoratodesouza","2026-09-14 05:21:58",428.4,2,lucashonoratodesouza
7888,16724984,anish711,"2026-08-22 17:54:18",428.3,2,anish711
7889,16627313,"Zafer Liu","2026-08-03 05:13:39",427.9,2,zaferliu
7890,16654401,ChronoForensics,"2026-08-08 17:26:11",427.9,2,ryanwollmuth
7891,16760191,"Kushal Shiva1","2026-08-26 20:19:36",427.7,1,kushalshiva1
7892,16802949,Han2551,"2026-09-30 22:43:40",427.6,1,han2551
7893,16698029,"Meet Vachhani","2026-08-10 18:34:55",427.4,2,meetvachhani7
7894,16791617,"Neil Li","2026-08-30 00:10:32",427.2,1,neilliroub
7895,16778127,Nimmokumar,"2026-09-20 18:45:50",426.9,2,nimmokumar
7896,16667078,dprinzensteiner,"2026-08-05 14:06:26",426.9,2,dprinzensteiner
7897,16657664,"Nguyễn Anh Kiệt 28","2026-08-06 04:17:40",426.6,2,nguynanhkit28
7898,16715456,"wilson LUNG","2026-08-17 23:54:10",426.5,2,wilsonlung
7899,16659080,VENKY,"2026-08-07 17:22:03",426.3,2,venkateshthatha
7900,16659658,"Tim Wong","2026-08-06 02:02:30",426.2,2,wai0186
7901,16728318,T3jas06,"2026-08-22 19:45:13",426.1,2,t3jas06
7902,16719460,"Amon #2","2026-08-15 12:40:41",425.9,2,ezjameng
7903,16656627,"Soykot Podder","2026-08-14 05:39:06",425.8,2,diptopodder
7904,16786281,"Saumya Prasad","2026-09-24 19:16:29",425.8,2,saumyaprasad2004
7905,16880437,doublek,"2026-09-30 22:30:20",425.8,2,doublek
7906,16734096,"Cem Ali Görmez","2026-09-06 10:48:37",425.7,2,cemaligrmez
7907,16855836,"Srinivasan Raghavan","2026-09-08 18:07:38",425.6,1,srinivasan1812
7908,16640965,jidaoluckey,"2026-08-08 07:10:45",425.3,2,jidaoluckey
7909,16691761,"Evie Barker","2026-08-15 13:40:05",425.3,2,eviebarker
7910,16654394,sserges,"2026-08-08 20:46:14",424.9,2,sserges
7911,16661233,"Uriel Johnson","2026-08-05 08:45:24",424.9,2,urieljohnson
7912,16775069,JWlKIM,"2026-08-26 23:22:43",424.7,2,jwlkim
7913,16941095,"P. Sewmuthu Abewickrama Singhe","2026-09-30 05:01:28",424.7,2,psewmuthu
7914,16644053,Rafiozoo,"2026-08-03 19:26:40",424.4,2,rafiozoo
7915,16778886,"Sandeep Das","2026-08-31 09:48:37",424.1,2,sandypos
7916,16705510,"Palak Choudhary","2026-08-11 07:12:44",424.0,2,palak2564
7917,16923171,TTaoGaming,"2026-09-29 07:21:21",423.5,1,ttaogaming
7918,16659414,TTGP_TEAM,"2026-08-06 15:33:09",423.4,2,phttrntrnggia
7919,16717051,"Chirag Hosdurga","2026-08-13 13:38:41",423.2,2,chiraghosdurga
7920,16670464,halfpintcider,"2026-09-16 08:50:31",423.2,2,"amoghdeshpande2021,visspric7"
7921,16881765,"aakriti & tanya","2026-09-18 11:53:42",423.1,2,"aakritiinchaos,tanyac1"
7922,16773264,LA28,"2026-09-03 19:44:02",423.0,2,saisreelasyaappali
7923,16739711,SBC,"2026-08-20 10:16:10",422.9,2,"anusasaha2406,harshkumar3014,rahulmaity"
7924,16713723,"Jyot Buch","2026-08-12 23:09:41",422.8,2,jyotbuch
7925,16661434,AgriNova,"2026-09-30 15:23:14",422.8,2,"harshadsanjaydesai,sahilhasure"
7926,16662985,DanTheDataScienceMan,"2026-08-05 17:40:06",422.6,1,danthedatascienceman
7927,16654312,Xmeeeee,"2026-08-05 00:11:29",422.5,2,xmeeeee
7928,16656568,"FARIATHTHEEN F","2026-08-04 11:44:49",422.5,2,fariaththeenf
7929,16809943,"A Rook","2026-09-03 19:06:08",422.4,2,rookcastle
7930,16786101,Cai0Emanuel,"2026-08-29 01:11:51",422.2,1,cai0emanuel
7931,16671670,"Karla Ziegler","2026-09-24 00:26:42",422.2,2,karlaziegler
7932,16838460,"Yash Vardhan","2026-09-08 07:39:50",422.1,2,poruskapil1
7933,16670634,"Narayan Sharan","2026-09-12 06:55:27",421.8,2,narayansharan
7934,16798529,JimHan123,"2026-09-29 00:25:58",421.6,1,jimhan123
7935,16668331,"Maitreya Mohapatra","2026-09-23 22:26:09",421.1,2,maitreyamohapatra
7936,16690698,posty_melek,"2026-08-15 05:06:40",420.9,2,srisaraswati
7937,16722819,Anna,"2026-08-21 15:01:26",420.6,2,annatmp
7938,16669170,AsadUsmanFAST,"2026-08-05 22:37:33",420.5,2,asadusmanfast
7939,16930490,freesunp,"2026-09-21 02:48:31",420.3,2,freesunp
7940,16920156,RoboSAL,"2026-09-28 19:55:40",420.2,2,salouaouarhlent
7941,16668068,"Neural Harvest","2026-08-27 19:23:44",420.2,2,meghashyampawar
7942,16658521,"Vishal Dhariwal","2026-08-08 11:43:36",420.2,2,user412
7943,16891504,"Taha N Kaya","2026-09-14 14:03:21",420.2,1,tahankaya
7944,16681924,WEcoS,"2026-08-10 04:32:03",420.1,2,aungkhainghtun
7945,16685904,KavYaHD,"2026-08-10 13:02:45",420.1,2,kavyahd
7946,16918251,modolu,"2026-09-29 21:10:29",420.0,1,modolu
7947,16632855,Shreyash_Automation,"2026-08-21 00:06:49",419.9,2,shreyashautomation
7948,16641513,"Sameer Chakravedi","2026-08-15 16:06:11",419.9,2,sameerchakravedi
7949,16670986,"Anas Erami","2026-08-08 01:38:43",419.7,2,anaserami
7950,16853895,sailohith07,"2026-09-08 10:49:11",419.7,2,sailohith07
7951,16637342,SupremeWarrior108,"2026-09-20 19:21:39",419.6,2,supremewarrior108
7952,16723614,"James Atteh","2026-09-12 06:28:17",419.5,2,jamesatteh
7953,16676497,"Non-veg plants","2026-08-07 09:54:00",419.5,2,mohammadshadabshaikh
7954,16714240,"The Shovel","2026-08-26 03:21:18",419.1,2,"astapasta0,qotqat"
7955,16792630,Vipluv1,"2026-09-04 20:32:56",419.0,2,vipluv1
7956,16773043,"Petani Baik","2026-09-03 00:56:35",418.9,2,durrahandri
7957,16690221,"HISOKY DEV","2026-08-10 09:42:03",418.7,2,omarfahid
7958,16621437,AdamBelniak,"2026-08-03 18:15:21",418.6,2,adamos581
7959,16785568,"Sneha Bhargava4","2026-09-16 17:56:17",418.6,2,snehabhargava4
7960,16661194,"Sandeep Vanapalli","2026-08-04 15:37:06",418.6,2,mrleaf
7961,16662167,"Tara Singh Kharwad","2026-08-05 17:13:10",418.6,2,tarasi7261
7962,16683390,Christopher34,"2026-08-08 00:20:59",418.4,2,christopher34
7963,16667601,"Audrius Molis","2026-08-27 19:30:39",418.4,2,vienas
7964,16854332,kotaross,"2026-09-09 15:18:06",418.3,2,kotaross
7965,16674266,HamYad,"2026-08-06 18:19:46",418.3,2,hamyadlab
7966,16660697,"Dannis Wong11","2026-09-09 10:07:46",418.3,2,danniswong11
7967,16707331,"Simon Ziegs","2026-08-23 22:54:11",418.2,2,simonziegs
7968,16912864,zhzhang,"2026-09-19 12:54:48",418.2,2,lililizh11
7969,16691704,"Rahman Aliyev","2026-09-10 17:59:57",418.2,2,rahman4li
7970,16664129,"Mr M 8641","2026-08-06 18:57:45",418.1,2,mrm8641
7971,16675340,"SHAURYA SHARMA","2026-09-03 00:57:48",417.9,2,shauryas555
7972,16659520,"Play Code","2026-08-05 14:28:00",417.9,2,codenya
7973,16660484,"Waiswa Geoffrey","2026-08-31 08:29:58",417.8,2,waiswageoffrey
7974,16802750,"[Deleted] fafa60dd-8026-43cc-b656-34ca4625ef7d","2026-09-01 12:22:13",417.8,1,del=e2a734cecd171934
7975,16664004,"Me, Myself, and I","2026-08-11 03:57:46",417.6,2,notlunarxd
7976,16679904,"Joshua Bensemann","2026-09-30 06:01:01",417.5,2,qazcat
7977,16705276,layr0,"2026-08-14 00:53:11",417.2,2,layr0dotdev
7978,16699633,Nafmo,"2026-08-11 17:10:53",417.1,2,nafmo2
7979,16661360,"Jasper Jiss","2026-08-13 18:45:37",417.1,2,jasperjiss
7980,16880350,喜欢逢坂大河,"2026-09-16 08:36:54",417.0,2,yhsno69
7981,16944547,アライグマ,"2026-09-23 12:54:39",416.8,1,alaiguma
7982,16623271,"William Morley","2026-07-31 10:09:16",416.7,2,williamkmorley
7983,16761148,Deku,"2026-08-23 13:36:57",416.7,1,piyushsharma5654
7984,16665647,hr15de,"2026-09-25 08:52:49",416.7,2,hr15de
7985,16844010,"Nori Miya","2026-09-06 15:17:38",416.7,2,norimiya
7986,16656156,"Kshitij aucharmal","2026-08-06 04:35:27",416.4,2,narutoaucharmal
7987,16925537,pballurkar,"2026-09-19 13:08:26",416.4,1,pballurkar
7988,16730870,"Jiang Ryan","2026-09-03 03:37:12",416.4,2,jiangryan
7989,16729214,kisamaki0815,"2026-08-28 01:21:57",416.3,2,kisamaki0815
7990,16706054,"ErrorX Info","2026-08-20 11:30:03",416.1,2,"errorxinfo,shyampatel47"
7991,16716636,"Mahamane Lawaly","2026-08-13 10:22:51",416.0,1,mahamanelawaly
7992,16735177,shilpa.rpns,"2026-08-22 04:57:10",416.0,2,shilparpns
7993,16669117,"Shrikant Lambe","2026-08-10 23:31:50",415.7,2,shrikantlambe
7994,16795330,"Alejandro Villacampa","2026-09-02 17:32:11",415.7,2,avillacampa
7995,16670090,"Gianpaolo Nettis","2026-08-24 08:42:07",415.5,2,rakes7
7996,16684031,"Phillip Kamundia","2026-08-14 20:35:15",415.5,2,phillipkamundia
7997,16804902,"aitahmed amina","2026-09-08 16:15:15",415.5,2,aitahmedamina
7998,16759112,songxin,"2026-09-30 16:53:45",415.5,2,likewaterandwind
7999,16658520,drownedsnake,"2026-08-05 01:03:22",415.2,2,makerplay
8000,16732513,Taogege,"2026-09-22 09:17:12",415.1,2,"liyiyiyi6,taogege520"
8001,16663804,"Fredy Meyer","2026-08-05 20:19:51",415.1,2,alexmeyerm
8002,16917703,"Tommy Mac Bird","2026-09-29 09:46:33",415.1,2,tommymacbird
8003,16721940,DarkLayer,"2026-08-22 02:07:13",414.9,2,nnpaopao
8004,16669945,"Turab Zaidi","2026-08-07 13:27:44",414.8,2,turabzaidi
8005,16890098,"Binief Ta","2026-09-14 14:08:36",414.7,2,biniefta
8006,16717679,mureee,"2026-09-28 13:05:07",414.6,2,"hosyan3279,mureee54"
8007,16728845,"Mohamed Kaleel","2026-08-22 16:12:58",414.5,2,mdkaleel
8008,16665356,No1,"2026-09-30 06:38:11",414.3,2,prajyotr
8009,16845067,"Vineet Gupta","2026-09-14 09:08:20",414.3,1,"graceydugar,vineetgupta2023"
8010,16784400,K_DHEERAJ_11,"2026-08-31 02:58:38",414.2,2,kdheeraj11
8011,16669168,"Kingsley Jide","2026-08-31 21:30:18",414.1,2,kingsleyjide
8012,16696271,"Neeta Sanjay Gajabi","2026-08-09 14:48:42",414.0,2,neeta2574
8013,16892719,"Sandeep Guttavalli","2026-09-21 11:33:21",413.9,2,sandeepguttavalli
8014,16661966,Rocket,"2026-08-29 18:05:35",413.9,2,"aarchie4,nick16541,siddharthdongardive"
8015,16669434,"Saugat Kannojia","2026-08-07 11:45:47",413.8,2,saugatkannojia
8016,16664512,oggyiu,"2026-09-01 07:46:10",413.8,1,oggyiu
8017,16661628,PradipBanerjee,"2026-08-05 21:03:11",413.6,2,pradipbanerjee
8018,16681655,"Tae seong Gim","2026-08-14 14:14:10",413.5,2,taeseonggim
8019,16662095,"Buzz shocker","2026-09-13 20:28:48",413.4,2,buzzshocker
8020,16660923,naganikshith,"2026-08-06 08:01:09",413.3,2,naganikshith
8021,16776990,"Yash Kumar #2","2026-09-26 12:43:51",413.3,2,yashkumargunnersshot
8022,16625149,Rubylicious,"2026-07-31 07:53:00",413.3,2,labibahalya
8023,16666873,"linli duan","2026-08-12 15:06:42",413.2,2,linliduan
8024,16756900,Kome_Sh,"2026-08-30 13:40:56",413.1,2,komeshun
8025,16771725,"Rijusmit Biswas","2026-09-18 10:55:33",413.0,2,rijusmitbiswas
8026,16716589,"Shaik Adilazeez","2026-08-13 09:29:44",412.9,1,shaikadilazeez
8027,16780783,pri,"2026-09-30 20:18:13",412.6,2,priscilamaria5363
8028,16633097,"Matheus Bonjour Laviola da Silva","2026-08-02 11:08:21",412.6,2,matheusbonjour
8029,16709918,GUI666,"2026-08-26 16:17:40",412.6,2,gui666
8030,16660990,"Bunny Tang","2026-09-10 14:33:23",412.4,2,tanghung64
8031,16755159,"Kay Gijzen","2026-08-23 11:51:31",412.4,2,kaygijzen
8032,16841679,Chafuuu,"2026-09-09 16:26:02",412.3,2,chafuuu
8033,16639764,CortexExplorer,"2026-09-20 15:15:59",412.1,2,cortexexplorer
8034,16743032,"Sabarishvar S S","2026-09-03 17:49:08",412.1,1,sabarishvarss
8035,16689256,"Pavan Pusapati","2026-09-17 11:26:52",411.9,1,pavanpusapati
8036,16897961,"AIZOYA FarmBrain","2026-09-28 19:05:56",411.8,2,aizoya
8037,16858543,"Fakhar Mustafa","2026-09-10 05:07:39",411.7,2,fakhar90
8038,16630396,nancykibe11,"2026-09-30 22:57:20",411.6,2,nancykibe11
8039,16774878,Pierre,"2026-09-30 19:27:15",411.5,2,dhiamechi
8040,16663871,"Iyed Djebbi","2026-08-07 09:25:07",411.3,2,iyeddjebbi
8041,16908873,KelOliHar,"2026-09-18 20:02:58",411.2,2,kelolihar
8042,16897148,"Ikrame Ibn Hayoun","2026-09-15 14:26:06",410.9,2,ikrameibnhayoun
8043,16916293,Hun731r,"2026-09-17 20:49:12",410.8,2,hun731rkooki
8044,16698570,MurphyIIVan,"2026-08-10 03:35:41",410.8,2,murphyiivan
8045,16668095,Menna_Allah_Samy12,"2026-08-15 15:04:56",410.7,2,mennaallahsamy12
8046,16773032,fecrescencio22,"2026-09-02 21:07:10",410.6,2,fecrescencio22
8047,16664327,"Maged Hegazy","2026-08-06 13:13:28",410.6,2,magedhegazy
8048,16660330,wangyikai,"2026-08-09 07:59:45",410.6,2,wangyik
8049,16755677,"Rutwik Kumar M","2026-08-26 16:31:00",410.5,2,rutwikkumarm
8050,16768578,"Patrick Lzz","2026-08-25 02:56:30",410.2,2,patricklzz
8051,16661786,Nagaraju,"2026-08-10 01:53:04",410.2,2,orugantn
8052,16934824,Ken,"2026-09-21 09:28:50",410.2,2,kensuke77
8053,16885565,"Shiva Rupan S","2026-09-30 23:57:48",410.1,2,shivarupan20me
8054,16692128,gibocx,"2026-08-10 18:10:34",409.6,2,gibocx
8055,16938771,"Daniel Peng","2026-09-22 03:53:05",409.6,2,codewithdaniel1
8056,16656951,"[Deleted] 6015b650-8e16-4705-8036-db40bdd2d353","2026-08-04 09:08:05",409.5,1,del=084ea76838ad756b
8057,16676256,"Kotaro Nakamura","2026-08-11 22:18:41",409.3,2,kotaroma
8058,16735206,"Shiyal Kishan","2026-08-20 04:01:28",409.1,2,shiyalkishan01
8059,16925447,"Peter Tinashe Mundowa","2026-09-20 09:37:57",408.9,2,petermundowa
8060,16634060,"Chí Thành Đỗ","2026-08-02 05:11:58",408.9,2,chithanhdeptrai
8061,16892976,"Tony He","2026-09-19 17:41:31",408.7,2,tonyyang0504
8062,16848309,"Angela Wu","2026-09-09 03:56:03",408.6,1,angelawurx
8063,16726882,"Albert Yu","2026-08-17 00:01:53",408.6,2,yukinying
8064,16701871,"Raj Nandan","2026-08-10 15:13:30",408.3,1,imrajnandan
8065,16768174,lambdap,"2026-09-06 13:25:29",408.3,2,lambdap
8066,16807636,"Liu Panfeng","2026-09-05 00:30:20",408.3,2,liupanfeng
8067,16760377,"Yuxuan Qian","2026-08-29 23:45:28",408.2,2,yuxuanqian
8068,16907577,"Дмитрий Витальевич","2026-09-17 07:59:28",408.1,2,mtkrqt
8069,16651939,"Yogesh Jadhav","2026-09-17 06:54:06",408.0,2,dynamo14324
8070,16888455,Erin,"2026-09-14 02:55:17",407.8,2,eringobyte
8071,16692373,"Ornevis Montero","2026-08-20 01:59:43",407.6,2,ornevisbolaosmontero
8072,16669703,AnubhavBhadani142,"2026-08-15 06:32:19",407.2,2,anubhavbhadani142
8073,16665152,"Ahmed Karim","2026-08-17 11:32:15",407.1,2,versusic
8074,16745485,"Thamires dos Santos ","2026-09-25 01:42:25",407.1,2,thasantos
8075,16664044,IntentionalSayshara,"2026-09-27 17:50:47",407.0,2,jaelle
8076,16675232,"Rafif Ariq Rabbani","2026-08-27 19:37:32",407.0,2,rafifariqrabbani
8077,16735012,"Shuvam Swapnil Dash","2026-08-28 19:56:48",407.0,2,"shashwatmandal,shuvamswapnildash"
8078,16734601,sweetlesson,"2026-08-18 00:40:55",406.9,2,sweetlesson
8079,16725065,"Maxim Smirnov","2026-08-15 13:21:05",406.5,2,smirnoffmg
8080,16926880,KarthikeyaAnna,"2026-09-20 13:40:19",406.2,2,karthikeyaanna
8081,16662726,"Juan Carlos González Aguilar","2026-08-14 19:54:48",406.1,2,juancg
8082,16676803,"Josue Villao","2026-08-14 05:20:13",406.0,2,josuevillao
8083,16805621,"DIVYANSH KUMAR SINGH CHAUHAN","2026-09-02 04:04:53",405.4,2,capdiv
8084,16747782,"Muhammad Agam Febryan","2026-08-29 18:22:04",405.4,2,muhammadagamfebryan
8085,16698141,Zippo,"2026-08-16 05:44:18",405.1,2,gagemerrick
8086,16765863,MADUPU.SRINIDHI,"2026-09-05 10:31:08",405.1,2,madupusrinidhi
8087,16872182,yxxchh,"2026-09-11 13:18:38",404.8,1,yxxchh
8088,16662896,"Adrian Dubois","2026-09-21 03:33:43",404.8,2,adriandubois
8089,16759239,SunYaoXi,"2026-08-27 09:32:42",404.7,2,sunyaoxi
8090,16659269,"Bedirhan Dinçer","2026-08-10 20:26:46",404.7,2,bedirhandiner
8091,16713557,kaggri-kal-chal,"2026-09-16 18:53:51",404.6,2,"nainikaanish,shrivastavaaryan"
8092,16712488,"Vansh Bhura","2026-08-12 14:23:18",404.4,2,vanshbhura
8093,16732395,"Nikita Antonov","2026-08-23 08:33:03",404.2,2,nantonov
8094,16658498,cheesama,"2026-08-04 23:36:18",404.2,2,cheesama
8095,16666447,"Shuaib ayad Jasim Jasim","2026-08-06 20:51:47",404.0,2,shuaibayadjasimjasim
8096,16624414,"Chaitanya Jamble","2026-07-31 05:42:10",403.9,1,chaitanyajamble
8097,16658678,"Manav Aghera","2026-09-06 18:16:28",403.8,2,manavaghera
8098,16716002,"Preethi Gnanaprakasam","2026-08-14 09:10:46",403.7,2,preethignanaprakasam
8099,16641501,Sonal,"2026-08-08 22:07:46",403.6,2,sonalm13
8100,16761319,Yuvraj,"2026-08-23 07:29:44",403.5,1,yuvrajkr01
8101,16785555,"Jardel Araújo","2026-09-30 23:49:47",403.1,1,araujojardell
8102,16623054,"Max Bond ABE","2026-08-15 22:43:34",403.0,1,maxbondabe
8103,16683316,moonriver0922,"2026-08-11 07:04:11",403.0,2,moonriver0922
8104,16856112,"Thomas White","2026-09-08 19:39:13",402.9,1,leopardguy
8105,16657574,harikrishnacs,"2026-08-04 12:28:53",402.9,2,harikrishnacs
8106,16661014,manu,"2026-08-16 04:45:12",402.7,2,manupandit
8107,16652661,"Petru-Mihai Craciun","2026-08-05 14:55:07",402.7,2,petrumihaicraciun
8108,16795877,"Marco Polo","2026-09-16 00:02:55",402.6,2,zhesong1
8109,16729155,WangZihao5649,"2026-08-24 02:32:08",402.4,2,wangzihao5649
8110,16883044,"Muhammad Olamide","2026-09-16 10:59:44",402.2,2,muhammadolamide
8111,16630896,OpenBuilder,"2026-08-08 12:09:06",402.2,2,weijunguo
8112,16692782,"Andres Regino","2026-08-23 20:26:03",402.1,2,andresregino
8113,16706843,"yh z","2026-08-11 09:32:56",401.8,1,yhz123456
8114,16668522,"Moatez Litaiem","2026-08-06 16:57:54",401.7,2,moatezlitaiem04
8115,16892644,ElKnilcho,"2026-09-14 19:01:37",401.6,2,elknilcho
8116,16666132,andres555,"2026-08-28 14:36:21",401.5,2,"andres555,violalin"
8117,16625434,"Chirapathleo Saelim","2026-09-08 08:40:06",401.4,2,chirapathleosaelim
8118,16663976,"wangyang denis","2026-08-12 06:26:08",401.2,2,wangyangdenis
8119,16666878,aaronykchen,"2026-08-17 15:06:13",401.0,2,aaronyukuchen
8120,16719679,ZhiruiLuo,"2026-08-25 15:52:57",400.9,1,zhirluo
8121,16655783,KonaKonaz,"2026-08-04 09:36:57",400.8,2,konakonaz
8122,16654175,abhiv142,"2026-08-11 13:22:03",400.8,2,abhiv142
8123,16854266,もふもふ神,"2026-09-12 16:26:42",400.7,2,mohumohukami
8124,16726441,Enrique.rfm,"2026-09-14 16:40:46",400.6,2,enriquerfm
8125,16631609,dlougen,"2026-08-04 16:40:03",400.6,2,dlougen
8126,16686796,"Harinath Reddy A","2026-08-23 21:23:45",400.5,2,harynath
8127,16682906,Masiki,"2026-09-05 13:55:54",400.5,2,blackseed
8128,16671913,res67,"2026-08-07 16:22:30",400.5,2,junyeanyap
8129,16750435,"Oleksandr Zalievskyi","2026-08-23 18:34:59",400.3,2,sashaworker
8130,16675043,malibu_orange,"2026-09-05 13:27:13",400.3,2,malibuorange
8131,16918087,Kenyo8,"2026-09-21 07:47:02",400.3,2,kenyo8
8132,16653809,acbabc123,"2026-08-04 13:53:53",400.2,2,acbabc123
8133,16815817,haiy_qq,"2026-09-04 01:41:26",400.2,2,haiyqq
8134,16733343,"Ayam Dhotekar","2026-09-27 10:42:18",400.2,2,ayamdhotekar
8135,16623582,yunsuxiaozi,"2026-08-01 13:59:57",399.9,2,yunsuxiaozi
8136,16676327,shu10038,"2026-09-14 12:07:16",399.7,2,shu10038
8137,16657054,"ömer umut güngör","2026-08-05 06:10:22",399.6,2,merumutgngr
8138,16890511,"Alex Solonsky","2026-09-14 08:57:30",399.6,1,alexsolonsky
8139,16735934,"Uday Kiran003","2026-08-18 06:23:18",399.6,1,udaykiran003
8140,16660317,esgranja,"2026-08-04 18:58:48",399.5,1,esgranja
8141,16664352,"Shreyash Asati","2026-08-06 10:40:56",399.2,1,shreyashasati
8142,16663104,Sohan,"2026-08-23 14:42:40",399.2,2,sohansinghrawat
8143,16689017,"Mounica Challa","2026-09-17 19:39:39",399.2,2,mounicachalla
8144,16668185,"Swayam Chavan","2026-08-09 01:12:23",399.0,2,swamboy
8145,16664558,"Praneeth Annapureddy","2026-08-05 04:52:45",398.8,2,praneethannapureddy
8146,16776777,cerceanit,"2026-08-29 14:51:48",398.6,1,uaisamangeldi
8147,16941853,"Prem Raga1809","2026-09-23 18:27:49",398.5,2,premraga1809
8148,16663815,"Tetsuya Sasaki","2026-09-05 00:00:30",398.4,2,sasakitetsuya
8149,16758987,"Irtaza Ahmed Khan","2026-09-08 06:38:25",398.4,2,yrrebeere
8150,16927170,"çağrı okan","2026-09-19 23:33:54",398.3,2,cagrokan
8151,16655820,"Cory Tortorici","2026-08-08 15:20:42",398.1,2,corytortorici
8152,16726285,Dhananjay,"2026-08-15 18:48:20",398.0,2,dhananjaylakkawar
8153,16896794,Cidoai,"2026-09-18 08:45:45",397.9,2,cidoai
8154,16699436,"Oluwaseun O Adeya","2026-08-23 01:22:24",397.9,2,oluwaseunoadeya
8155,16932760,"Ian Hsu I guess","2026-09-23 01:09:40",397.8,2,ianhsuiguess
8156,16681441,"Lamiaa Al-bdrani","2026-08-07 04:25:50",397.7,1,lamiaaalbdrani
8157,16694497,Kawai,"2026-09-25 17:21:01",397.2,2,"lavendermoon19,sumitwod"
8158,16723411,CaZen,"2026-08-15 10:48:16",397.1,2,cathzwah
8159,16790718,"Carlos Alves","2026-09-02 04:29:42",397.0,2,carlosone
8160,16919693,Maham1199,"2026-09-30 12:17:53",396.9,2,maham1199
8161,16660343,"Mert Olgun899","2026-08-05 13:05:07",396.7,2,mertolgun899
8162,16790603,xinbao,"2026-09-22 05:21:16",396.6,2,zww123456
8163,16717420,"Muhammad Yasir Sarwar","2026-08-13 14:40:09",396.5,2,muhammadyasirsarwar
8164,16672292,"KARTIKEY PANWAR","2026-08-06 05:46:16",396.5,2,kartikeypanwar
8165,16702200,"ANGAD JANGIR","2026-08-11 02:01:38",396.4,2,angadjangir
8166,16696993,healer2408,"2026-08-15 07:10:57",396.3,2,healer2408
8167,16853371,JIAWEILI0001,"2026-09-23 15:42:25",396.3,2,jiaweili0001
8168,16671665,"Kobata Sota","2026-08-06 07:17:03",396.3,1,kobatasota
8169,16746562,"The Learning loop","2026-09-24 10:32:16",396.2,2,"jananikasenthilkumar,ssjaswanth"
8170,16911283,"Apratim Bajpai","2026-09-18 17:19:51",396.1,2,apratimbajpai
8171,16623528,"Faijur Rahaman","2026-08-20 09:40:07",396.0,2,faijurrahaman
8172,16708409,toshiconner,"2026-08-12 06:30:06",396.0,2,toshiconner
8173,16883188,gunnarrrr,"2026-09-30 13:05:25",395.9,2,gunnarrrr
8174,16748500,stimmie,"2026-08-30 16:11:56",395.7,2,stimmie
8175,16665228,Jason_Qian,"2026-08-05 16:00:43",395.5,2,jasonqia
8176,16656023,JD_Mello,"2026-09-06 01:41:52",395.5,2,jdmello
8177,16757351,SaiVenkatesh,"2026-09-05 10:30:00",395.5,2,nothingnew
8178,16621518,jaccobian,"2026-08-29 08:11:50",395.4,2,harshraj22
8179,16729522,all-coder,"2026-08-16 17:55:08",395.4,2,allcoder
8180,16668093,Sai_Dattu,"2026-08-07 07:35:01",395.3,2,saidattu2003
8181,16799224,"Tian Yan666","2026-09-03 14:48:42",395.3,2,tianyan666
8182,16721942,"Daniel Rodriguez Bothe","2026-08-18 16:57:00",395.2,2,danielrodriguezbothe
8183,16685615,Spectra,"2026-08-07 16:14:32",395.1,2,thomaskressig
8184,16629201,"GUILLERMO REY PANIAGUA","2026-08-01 16:41:58",395.1,2,guillermoreypaniagua
8185,16683761,"Chiefmen749 Aris","2026-08-10 07:42:42",394.5,2,saysplayz
8186,16809998,chzCharbs,"2026-09-15 08:14:49",394.5,2,chzcharbel
8187,16655997,tanatet8,"2026-09-05 11:00:05",394.4,2,tanatet8
8188,16786328,"DanishGW School","2026-09-02 03:50:19",394.4,2,danishgwschool
8189,16663286,"Fan Wang","2026-08-10 21:12:40",394.2,2,wangfan420
8190,16796102,yiliang,"2026-08-31 12:55:20",394.2,2,yilianglv
8191,16658391,"Jack #2","2026-09-30 14:31:45",394.1,2,jack1233
8192,16742009,"Mutyam kavyanjali","2026-08-19 10:25:06",394.0,1,mutyamkavyanjali
8193,16659659,"michael J king","2026-09-30 20:42:07",393.9,2,michaeljking
8194,16770440,"Tegar Putrayas Dentatama","2026-09-27 06:32:14",393.9,2,tegarputrayasd
8195,16665040,"Arnav Yashlaha","2026-08-05 05:44:26",393.8,2,arnavyashlaha
8196,16744018,"ZK Adam","2026-08-27 17:40:04",393.7,2,zkadam
8197,16785932,"Thomas Yi","2026-09-04 00:33:06",393.6,2,tyyslashd
8198,16926757,MengXun326,"2026-09-20 21:55:59",393.3,2,mengxun326
8199,16676205,"Alhassan Fedawy","2026-08-14 17:15:07",393.2,2,alhassanfedawy
8200,16693255,"Carlos Hideo Yamaguchi","2026-08-10 00:59:12",393.2,2,carloshy
8201,16666596,"Daumas Benjamin","2026-09-03 10:05:38",393.2,2,daumasbenjamin
8202,16728394,"Aisultan Davletkan","2026-08-16 13:01:38",393.0,1,aisdav
8203,16885346,"Michael Handal","2026-09-13 16:23:03",393.0,1,michaelhandal
8204,16632841,AGG,"2026-09-05 18:33:20",392.8,2,aleixgim
8205,16827781,c1626343198,"2026-09-04 14:50:37",392.5,2,c1626343198
8206,16804803,"01000110 01010101 01000011 01001011 00100000 01011001 01001111 01010101 00100001","2026-09-14 16:38:59",392.4,1,f01010101
8207,16664406,"MURDER GOOSE","2026-08-05 09:45:33",392.3,2,ujjwalar
8208,16660073,"Mahad Kakooza","2026-09-06 20:30:18",392.1,2,mahadkakooza
8209,16729996,"Michael Roust","2026-08-18 16:09:56",392.1,2,michaelroust
8210,16675215,"Viljen Apalset Vassbø","2026-08-06 22:24:44",392.1,2,viljenapalsetvassb
8211,16659018,"Ramziddin Toxirov","2026-08-11 04:58:03",392.0,2,ramziddintoxirov
8212,16721530,revv0o,"2026-08-15 13:58:34",391.9,2,revv0o
8213,16668241,"Shreyansh Kanotra","2026-08-08 19:56:15",391.8,2,shreyanshkanotra
8214,16763714,"shiv #2","2026-09-29 21:55:26",391.7,2,shivkumarr
8215,16736432,"Sarthak #2","2026-08-18 12:33:53",391.7,2,srthkdixit
8216,16706184,"Lingaraju Saikumar","2026-08-16 11:51:34",391.6,2,lingarajusaikumar
8217,16723947,"Ariel GNANSOUNOU","2026-09-30 23:55:10",391.5,2,arielgnansounou
8218,16678819,"Digant Kathiriya","2026-08-07 02:07:51",391.4,2,digantkathiriya
8219,16765643,canwind,"2026-09-30 00:52:04",391.4,2,canwind
8220,16666944,"Meghnath S","2026-08-11 01:56:22",391.3,2,meghnaths
8221,16751796,"Leo Pallorina","2026-08-23 14:06:17",391.3,2,lelelsp
8222,16695828,rihiRule,"2026-08-11 13:40:24",391.3,2,rihirule
8223,16696959,"Joe Filfli","2026-08-11 10:47:03",391.2,2,joefilfli
8224,16633984,"Mongkhon Hatit","2026-08-04 11:58:56",391.1,2,mongkolhatit
8225,16659588,"Priya J","2026-09-30 13:58:50",391.0,2,priyaj21
8226,16712906,"Sharad Garg","2026-08-13 14:54:43",390.8,2,sharadgarg
8227,16669346,"Jalpesh Vasa","2026-09-30 17:58:49",390.7,2,"deep1812,jalpeshvasa"
8228,16931956,Aari101,"2026-09-20 19:23:51",390.6,2,aari101
8229,16798347,"Mr Michael Chung","2026-09-14 19:39:17",390.6,2,mrmichaelchung
8230,16657520,"Joel De la Cruz Fuertes","2026-08-12 16:33:48",390.5,2,joeldcf
8231,16662133,"Ding Lifeng","2026-08-29 08:20:49",390.4,2,dinglifeng
8232,16702980,GCSudarshanReddy,"2026-08-15 17:32:06",390.4,2,gcsudarshanreddy
8233,16792685,李明,"2026-09-22 08:03:47",390.3,2,liming2026good
8234,16734431,"Maxwell Herron","2026-08-19 02:06:34",390.3,2,maxwellherron
8235,16930439,wessa0,"2026-09-22 13:42:39",390.1,2,wessa0
8236,16654947,"Ömer Hüseynov","2026-08-08 22:06:03",390.0,2,omarhuseynov
8237,16809931,"john crick","2026-09-16 02:07:20",389.7,2,johncrick
8238,16623503,"D Mohith","2026-08-01 01:06:22",389.6,2,dmohith
8239,16727022,Saharkh99,"2026-09-01 00:18:26",389.5,2,saharkh99
8240,16926614,"Mike Codispoti","2026-09-19 18:17:10",389.4,1,mikecodispoti
8241,16726168,"Shrey Modi","2026-08-15 19:42:14",389.3,2,shreymodi2
8242,16660420,tipofyzik,"2026-09-05 14:34:30",389.1,2,tipofyzik
8243,16657545,"Deepak Singh","2026-08-11 13:50:31",389.1,2,vihaannegi
8244,16768262,"Brayan Miranda G","2026-08-26 19:40:15",389.0,2,brayanmirandag
8245,16712259,geqiulin,"2026-08-13 04:46:11",389.0,2,geqiulin
8246,16871705,Bertholdt,"2026-09-30 08:50:04",388.9,2,bertholdt
8247,16662089,"Alonso Gallego Pacho","2026-08-27 13:27:36",388.9,2,alonsogallegopacho
8248,16675462,bkcoban,"2026-08-07 18:22:48",388.8,2,bkcoban
8249,16811013,"Sara Vahidestakhri","2026-09-03 00:32:07",388.5,1,saravahidestakhri
8250,16654290,"Srinivasa Ranga","2026-09-23 20:38:38",388.4,2,srinivasaranga
8251,16732041,"Vallapu Nandini","2026-08-17 10:22:47",388.3,1,nandinivallapu
8252,16919106,Jocelyn--JY03,"2026-09-23 05:45:05",388.1,2,jocelynjy03
8253,16653429,mktdev,"2026-08-10 12:19:54",388.0,2,mktdev
8254,16793391,"Muhammad Ussman","2026-09-24 20:18:29",388.0,2,muhammadussman
8255,16725349,"Saj Patel","2026-08-15 21:55:42",387.9,2,sajpatel15
8256,16632503,"Wei Hsiang Lin111","2026-08-01 07:42:33",387.9,2,weihsianglin111
8257,16763523,"Nam Khánh Lê","2026-09-02 06:28:44",387.9,2,"khanhss,khimbodoi"
8258,16715416,"Md. Adnan","2026-09-20 08:53:58",387.8,2,mdadnan96
8259,16805176,"Hritvika Tawde","2026-09-13 11:22:46",387.8,2,hritvikatawde
8260,16726765,"Ali Al-Killidar","2026-08-16 09:47:37",387.6,1,alialkillidar
8261,16656989,Crunchex,"2026-08-29 10:52:11",387.5,2,"asmo04,chinmaysoni48,codencry"
8262,16695095,"Jayanth Chowdary","2026-08-22 17:50:39",387.4,2,jayanthchowdary24
8263,16673583,"Priyanshu Jha","2026-08-16 08:10:08",387.4,2,codewithjha
8264,16665988,"Ronel maamoc","2026-08-31 09:37:13",387.4,2,ronelmaamoc
8265,16723068,Kaggricultors,"2026-09-28 22:09:46",387.4,2,"claralimasilva,roberthdouglasufc"
8266,16774921,"conor lowth","2026-08-28 10:46:42",387.4,2,conorlowth
8267,16784030,"Pooja Gera","2026-09-02 15:10:47",387.1,2,poojagera00
8268,16892509,"Konko M","2026-09-14 18:52:34",387.0,2,konkomaji
8269,16689970,"Константин Паращук","2026-08-08 09:15:08",387.0,1,kangchenxi
8270,16671773,"Sawyer Lundberg","2026-08-07 03:33:23",386.9,2,sawyerlundberg
8271,16715404,"karthik reddy","2026-09-04 01:34:50",386.7,2,karthikreddyp
8272,16780101,jjjhoon,"2026-08-28 04:04:26",386.6,2,jjjhoon
8273,16717912,"Anu Kumari","2026-08-13 18:03:07",386.4,1,anuk16020
8274,16715033,"Colton Byers","2026-08-17 10:41:50",386.2,2,coltonbyers
8275,16661751,"Shailaja J","2026-08-12 14:51:15",386.2,1,shailajaj
8276,16796474,"Chaitanya Mundhe ","2026-09-13 12:27:10",386.0,2,chaitanyamundhe
8277,16723779,Matheubern,"2026-09-07 02:24:32",385.9,2,matheubern
8278,16693307,"Vlad Gavrilov","2026-08-09 04:00:29",385.9,2,vladgavrilov
8279,16667759,"Nafis Fuad Shahid","2026-08-05 19:21:39",385.9,2,nafisfuadshahidd
8280,16633786,tuannm3812,"2026-08-28 08:00:42",385.9,2,tuannm3812
8281,16666958,TinkerBotics,"2026-08-05 20:29:19",385.1,2,salosojaedwin
8282,16716657,"Jasti Phani","2026-08-19 08:38:00",385.0,1,jastiphani
8283,16676397,Rohan_Joshi6404,"2026-08-13 13:58:56",384.9,2,rohanjoshi6404
8284,16856809,"Mateusz Kuzniar","2026-09-08 22:14:50",384.9,2,mateuszkuzniar
8285,16925224,Raosaheb,"2026-09-20 08:17:04",384.7,2,raosahebmore
8286,16690299,"EL GORRIM MOHAMED","2026-09-01 10:59:10",384.5,2,elgorrimmohamed
8287,16840626,"Christopher Márquez","2026-09-12 22:23:02",384.5,2,christophermrqz1174
8288,16840668,"Aratrika Ruhal","2026-09-13 23:35:13",384.4,2,aratrikaruhal
8289,16623135,mohduwaishchaudhary,"2026-07-30 22:05:45",384.4,2,muwaish5
8290,16706516,"Mohit Khade13","2026-08-26 16:03:22",384.4,2,mohitkhade13
8291,16943467,"Goose Gang","2026-09-27 12:52:06",384.2,2,"itzpk16,mohamedfarih,radeshl"
8292,16658535,khanna.rohit5,"2026-08-10 05:00:31",384.1,2,khannarohit5
8293,16660531,greySnow,"2026-09-10 23:39:09",384.0,2,shlomoron
8294,16623631,SeaEag1e,"2026-07-31 06:26:17",383.8,1,seaeag1e
8295,16705640,"Dongre Laxman","2026-08-12 12:36:29",383.8,2,dongrelaxman
8296,16690197,"Ankit Kushwaha_06","2026-08-18 08:10:12",383.7,2,ankitkushwaha06
8297,16670475,Adib,"2026-08-06 02:02:27",383.7,2,adibemohamed
8298,16669229,"Kayvan Sinha","2026-08-11 15:23:35",383.7,2,kayvansinha
8299,16738335,"Xuzhou Dong","2026-08-20 14:39:16",383.6,2,xuzhoudong
8300,16794302,bettta11,"2026-09-04 23:25:27",383.5,1,bettta11
8301,16665470,KanakoS,"2026-08-18 13:13:58",383.5,2,kanakos
8302,16673009,CruelShow,"2026-09-13 10:36:40",383.5,2,cruelshow
8303,16738441,"Moritz Huber","2026-08-30 21:00:10",383.5,2,moritzhuber
8304,16753895,Andrew98,"2026-08-22 13:10:58",383.4,2,vitem98
8305,16661453,"Disleve Kanku","2026-08-14 15:32:51",383.4,2,dislevekanku
8306,16656579,"Riad Rayhan","2026-08-15 06:40:35",383.3,2,riadrayhan
8307,16780057,"Njabulo Hope Makana","2026-09-30 19:37:02",383.1,2,njabulohopemakana
8308,16691790,"Akshay Sawant","2026-08-08 19:33:14",383.0,2,akshaysawant8983
8309,16716299,Biwaaa67,"2026-08-13 19:57:06",382.8,1,biwaaa67
8310,16920572,"Mahalakshmi boga","2026-09-26 12:26:50",382.6,2,mahalakshmiboga
8311,16757017,"William Green","2026-09-05 01:33:23",382.6,1,dskswu
8312,16735580,"Dhiya Nachimuthu","2026-08-30 06:13:38",382.5,2,dhiyanachimuthu
8313,16881479,GG,"2026-09-13 11:27:34",382.4,2,ggroth
8314,16759765,"Ososanwo Idris Olaitan","2026-09-11 18:38:06",382.4,2,ososanwoidrisolaitan
8315,16663981,"Steven Pun","2026-08-07 01:59:52",382.2,2,stevenpunn
8316,16657712,"samuel job Adeola ","2026-09-20 22:25:10",382.2,2,samueljobadeola
8317,16906242,ooobreak,"2026-09-30 23:29:51",382.2,1,ooobreak
8318,16630020,"Piotr Gabrys","2026-08-09 16:53:59",381.9,2,piotrekga
8319,16675385,Apex🦾,"2026-08-14 18:00:17",381.8,2,"raghadabdullara,renadahmadalamri,zzainh"
8320,16666066,Khush3e,"2026-09-16 23:20:51",381.8,2,khush3e
8321,16661659,"Ivan Zagorulko","2026-08-05 10:53:13",381.7,2,normaldaki278
8322,16719603,"sravan Tirumala","2026-08-14 03:05:43",381.6,1,sravantirumala
8323,16681209,AgenticBuilder,"2026-08-13 18:44:29",381.5,2,gau2112
8324,16689286,"Telman Yusifov","2026-08-09 07:08:46",381.5,2,yusifovtelman
8325,16790615,"Suryansh Vashisth","2026-08-31 10:38:54",381.5,2,songoku2005
8326,16653006,"anthony mbadiwe ikeme","2026-08-18 09:08:02",381.3,2,anthonymbadiweikeme
8327,16716702,"majjati khalid ","2026-08-19 14:12:32",381.3,2,khalidma
8328,16660515,"pooja sandali","2026-08-08 05:51:03",381.1,2,poojasandali
8329,16774592,"Oliad Dandana","2026-08-27 09:28:20",381.0,2,olidan
8330,16888733,"Sébastien Callegari","2026-09-14 03:49:42",380.9,1,sbastiencallegari
8331,16658202,"SNAEHATH P","2026-08-06 13:51:15",380.8,2,snaehath
8332,16659459,"Akandé Philippe ABIODOUN","2026-08-06 11:58:09",380.8,2,vrmelo
8333,16671911,"Dwi Eflatino","2026-08-16 10:44:17",380.7,2,eflatino
8334,16728839,Mharfe,"2026-09-06 23:26:08",380.6,2,mharfe
8335,16729351,vlad.shorodok,"2026-08-16 18:05:09",380.6,2,vladshorodok
8336,16681638,aadi_065_,"2026-09-27 03:50:16",380.4,2,aadi065
8337,16877297,"Aaryan Gole","2026-09-15 09:37:08",380.1,2,aaryangole
8338,16777612,"zebra G","2026-08-27 15:46:59",380.0,1,zebrag
8339,16808646,"Yimeng Wang","2026-09-27 15:09:20",379.8,2,yimengwang0814
8340,16749503,ally,"2026-08-23 11:48:49",379.7,2,phamngoclinh
8341,16751979,"Sasha Sam","2026-08-27 20:02:46",379.4,2,sashasam
8342,16664064,lookapmaka,"2026-08-10 17:19:05",379.3,2,lookapmaka
8343,16728945,"Suryansh Kulshreshtha","2026-09-28 11:01:16",379.2,2,"busyfellow,suryanshkulshreshtha"
8344,16738351,"Haidar Faruqi","2026-08-25 05:00:00",379.2,2,haidarfaruqi
8345,16710244,Bytemindd,"2026-08-26 10:20:45",379.1,2,"daisy023,sruthikanv,thasneemj,uthayanandhini,vajraparameswari"
8346,16839419,"Gunratna borkar","2026-09-05 23:32:33",379.1,2,gunratnaborkar
8347,16701713,"Максим Хованский","2026-08-10 14:35:38",378.8,1,yeezynaizi
8348,16793657,Xin_T,"2026-08-30 16:48:11",378.8,1,xint666
8349,16719296,Mr.TtT_Games,"2026-08-14 04:58:39",378.8,2,mrtttgames
8350,16709337,"Chris Turnbull","2026-08-11 22:15:57",378.7,2,christurnbull
8351,16919222,"Lakshmi Sayyapureddy","2026-09-20 12:41:09",378.3,2,lakshmisayyapureddy
8352,16644023,"Yiğit Efe Albaş","2026-08-02 18:34:39",378.2,1,yiitefealba
8353,16658366,kuroneko,"2026-08-04 10:43:29",378.1,2,kurorosuke
8354,16639916,BloomBerry,"2026-08-12 12:38:31",378.0,2,kagglepalandata
8355,16696939,"Keaton Zang","2026-08-10 21:24:20",377.9,1,keatonzang
8356,16653998,www1727,"2026-09-15 16:45:05",377.8,2,www1727
8357,16667615,"Zayd Mulani","2026-08-08 23:05:57",377.8,2,zaydmulani
8358,16839457,HugoLee_dreamer,"2026-09-14 01:18:31",377.7,2,hugoleedreamer
8359,16913940,"Mustafa Rehman","2026-09-21 09:33:59",377.7,2,mustafar34
8360,16666334,UnderBlade,"2026-08-05 09:56:11",377.6,2,"athillazaidan,kurtmikhael"
8361,16712633,"Andy Andy","2026-08-13 08:11:38",377.5,2,andy3373
8362,16726569,"Andrey Balvaneda","2026-08-17 20:59:45",377.3,2,andreybalvaneda
8363,16669102,Ritik,"2026-08-07 18:11:13",377.3,2,xritikx
8364,16791546,fatimakhlid,"2026-09-10 21:00:33",377.2,2,fatimakhlid
8365,16763400,"Parth Sarnobat","2026-09-24 18:54:48",377.2,2,parthsarnobat
8366,16691891,"Gagan Thakur","2026-08-16 04:36:51",377.1,2,gaganthakur2006
8367,16625418,"Hariprasanth Paranjothy","2026-08-01 05:52:19",377.0,2,hariprasanth8
8368,16661990,"Olaoluwa Abiodun","2026-08-05 14:57:07",377.0,2,laoluwaa
8369,16739939,crescent_star,"2026-09-09 04:42:10",376.9,2,cenzop
8370,16662964,"Tim Ogilvie","2026-08-13 13:18:59",376.9,2,timogilvie
8371,16654258,"Ashray Bagde","2026-08-13 08:13:00",376.5,2,ashrayaaaaa
8372,16685609,Abella,"2026-09-30 21:29:34",376.4,2,unnatibansal990
8373,16692825,"Saad Arain","2026-08-09 12:27:08",376.4,2,saad451
8374,16643278,"Giovani Moresco","2026-08-06 05:30:45",376.3,2,giovanimoresco
8375,16700627,"Benedict Ebito Boyubie","2026-08-10 11:03:38",376.1,1,bboyubie
8376,16660852,"K VISHALINI","2026-08-13 06:59:27",376.0,2,kvishalini
8377,16659720,Project_Kurukshetra,"2026-08-16 05:01:34",375.9,2,"chaitanyaterli05,lavanyayandapalli"
8378,16657438,"Udit Aggarwal1","2026-08-08 19:09:27",375.8,2,uditaggarwal1
8379,16661824,"Maksymilian Dec","2026-09-29 11:36:37",375.8,1,maxdec
8380,16864670,"Takahiro Cho","2026-09-10 04:55:10",375.4,1,takahirocho
8381,16818498,"AARYAN VISHAL","2026-09-07 11:53:23",375.3,2,aaryanvishal
8382,16668368,"Waleed Hasan","2026-08-12 01:42:22",375.2,2,whasan
8383,16867501,aueurm,"2026-09-11 05:07:13",375.0,2,aueurm
8384,16662646,"Jay Parsana","2026-08-09 18:07:10",375.0,2,jay051
8385,16690812,zhangkai_0121,"2026-08-09 01:40:21",375.0,2,zhangkai0121
8386,16662319,ethan.ai,"2026-08-13 18:16:35",374.9,2,ethanai
8387,16659247,cindrella_18,"2026-09-22 09:10:52",374.9,2,"ankithraj30,neharaj1518"
8388,16906688,"Qiao Ruicheng","2026-09-17 11:47:47",374.8,2,qiaoruicheng
8389,16684776,"D Rithika","2026-08-10 18:36:30",374.8,2,drithika
8390,16693098,broken_gpu,"2026-08-30 10:07:27",374.7,2,brokengpu
8391,16664514,"Henry Adjanor tetteh","2026-08-12 00:43:41",374.7,2,henryadjanortetteh
8392,16768884,z y f 007,"2026-08-31 05:39:35",374.6,2,zyf007
8393,16943142,"ravi AK","2026-09-27 11:50:08",374.6,2,raviak
8394,16689344,"Shalini Gangrade","2026-08-09 13:17:30",374.5,2,shalinig1
8395,16759916,"Jeevith G","2026-08-23 06:58:50",374.3,2,jeevithg090
8396,16629742,yun,"2026-08-15 09:10:21",374.2,2,yuyumarupython
8397,16662589,"Arunagirinadan Sudharshan","2026-09-27 18:51:57",374.1,2,sudhanaruna
8398,16701064,KMishra011,"2026-08-20 20:30:34",374.0,2,kmishra011
8399,16711374,Jascha,"2026-08-13 11:22:30",374.0,2,lippja
8400,16758681,"Sahil suman","2026-08-26 16:26:13",373.6,2,gruntingtorch
8401,16851939,"Naoya Mieno","2026-09-11 06:19:02",373.6,2,naoyamieno
8402,16638938,Light&Thunder,"2026-08-09 06:39:19",373.6,2,yerne39
8403,16763938,"joel paul","2026-08-26 02:05:07",373.5,2,joelpaulf
8404,16708896,"Alberto Scinetti","2026-08-13 19:18:11",373.4,2,albertoscinetti
8405,16655891,"Yukihito Ikoma","2026-08-27 03:55:41",373.3,2,yikoma
8406,16660929,ttkk,"2026-08-12 16:39:58",373.3,1,optimavia
8407,16666257,"Shijian Wen","2026-08-06 09:40:44",373.3,2,shijianwen
8408,16664818,"B M Dimpu Shree","2026-08-21 10:51:22",373.2,2,bmdimpushree
8409,16656902,"Ram Chandra Gupta","2026-08-05 10:18:41",373.2,2,ramchandra142
8410,16691753,"Jan Moilanen","2026-08-09 12:02:17",373.1,2,janmoilanen
8411,16686954,"Davie Mdumuka","2026-08-09 19:40:56",373.1,1,daviemdumuka
8412,16700685,"Preeti Dhotmal","2026-08-27 11:25:29",373.0,2,preetidhotmal
8413,16658304,"KETHAVATH Aadarsh","2026-08-05 21:00:45",373.0,2,kethavathaadarsh
8414,16904593,"VARADRAJ CHANDRAKANT PATIL","2026-09-29 08:32:16",372.9,2,varadraj06
8415,16667987,"Kunj Kansara","2026-08-05 13:41:26",372.9,1,kunjkansara
8416,16661717,"Yaswanth Ippili","2026-08-06 11:32:13",372.8,2,yaswanthippili
8417,16678298,"RITIK CHAUDHRY","2026-08-10 13:34:35",372.0,2,ritikchaudhry13
8418,16697627,abinandhan03,"2026-09-01 10:38:15",371.7,2,abinandhan03
8419,16686411,NeoCodes.Dev,"2026-08-23 23:53:10",371.7,2,neocodesdev
8420,16717797,"patan hashmi","2026-08-13 15:02:52",371.5,1,patanhashmi
8421,16779805,"Ákos Blaschek","2026-09-01 17:21:44",371.4,2,kosblaschek
8422,16662079,"Farrukh Hussain","2026-09-08 11:36:07",371.4,2,farrukhhussai
8423,16757336,Stevejustin,"2026-08-31 04:18:31",371.4,2,stevejustin
8424,16894573,VISHWAPRIYAI,"2026-09-26 05:20:43",371.3,2,vishwapriyai
8425,16897491,"Santipab Tongchan","2026-09-15 14:39:58",371.3,1,santipabtongchan
8426,16709299,"Divyanshu Choudhary","2026-09-04 13:13:32",371.2,2,divyanshuchoudhary25
8427,16669516,GorgeousCookie,"2026-08-06 09:17:13",371.0,2,axellindqvist
8428,16855738,"Anuj Gupta","2026-09-09 07:38:48",371.0,2,anuj6540
8429,16630662,Akshatjhawar777,"2026-08-05 12:18:30",370.9,2,akshatjhawar777
8430,16730589,山谷知輝,"2026-09-02 02:03:05",370.8,2,tomokiyamaya
8431,16671532,"Yuri Nakayama","2026-08-13 11:34:55",370.5,2,yurinakayama
8432,16664401,"Pranav Premchand","2026-08-05 03:07:24",370.2,1,pranavpremchand
8433,16796572,"Phan Van Hieu ","2026-08-31 14:23:03",370.2,2,phnvnh
8434,16634720,Thiyo,"2026-08-18 11:51:04",369.9,2,thimirajayasekara
8435,16659621,Ananya,"2026-09-27 17:41:15",369.9,1,ananya230106
8436,16693087,osprey2k,"2026-09-09 02:34:27",369.8,2,osprey2k
8437,16772511,"Max Gläser","2026-08-26 23:39:34",369.8,1,maxglser
8438,16663055,jainish_d24ce180,"2026-08-10 13:54:40",369.7,2,jainishshah35
8439,16695627,"Xu Lou","2026-08-09 13:01:23",369.7,2,xuxiaozhou666
8440,16660287,BhatNasir,"2026-08-04 16:29:18",369.6,2,nasir94
8441,16808705,Danielaijdkx,"2026-09-03 11:29:34",369.3,1,danielaijdkx
8442,16674278,"Niels de Gier","2026-08-07 15:57:04",369.1,2,nielsdegier
8443,16808233,"Yash Hingane","2026-09-04 12:53:43",369.0,2,yashhingane
8444,16697396,"Collective Win","2026-08-18 05:10:12",369.0,2,collectivewin
8445,16640810,まさやん,"2026-08-12 15:22:53",369.0,2,masayam1234
8446,16624879,indira,"2026-07-31 06:52:02",369.0,2,inansia
8447,16804231,illegalplumbing,"2026-09-16 02:55:22",368.9,2,illegalplumbing
8448,16700294,"SWAPNEEL BANERJEE","2026-09-24 15:53:50",368.6,2,swapneelbanerjee
8449,16628521,arai9953,"2026-08-24 22:46:57",368.6,2,arai9953
8450,16665400,FieldOps,"2026-09-30 06:45:03",368.4,2,sycpr1me
8451,16834632,casua132,"2026-09-05 07:56:17",368.3,1,casua132
8452,16665959,"Lourenz Baliber","2026-08-18 00:34:06",368.3,1,lourenz
8453,16696384,Sisu16,"2026-08-13 20:13:27",368.2,2,sisu16
8454,16747683,"Jianyu Lin","2026-08-27 13:05:05",367.2,1,jianyulin1999
8455,16714425,sileza,"2026-08-13 12:57:35",367.1,1,azelis
8456,16695479,Anandhasabesan,"2026-08-09 13:50:37",367.0,1,anandhasabesan
8457,16809202,amano,"2026-09-03 13:44:49",366.9,2,amanoshotaro
8458,16850232,"Kharchenko Bogdan","2026-09-09 18:57:16",366.8,2,kharchenkobogdan
8459,16639727,"Andres Mohali","2026-08-13 23:03:25",366.7,2,mohax3
8460,16624935,"Anjana mohan","2026-08-01 06:06:39",366.7,2,anjanamohan13
8461,16759225,"Andrea Jordan Paro","2026-08-24 11:24:14",366.6,2,andreajordanparo
8462,16666479,"Prajwal Nivangune","2026-08-09 18:33:51",366.6,2,prajwalnivangune
8463,16675801,"Neeraj Jha","2026-09-27 07:38:16",366.6,2,neerajjha1996
8464,16891519,SongShijieCC305,"2026-09-14 16:03:59",366.4,2,songshijiecc305
8465,16689877,Amr_Said1233,"2026-08-08 08:48:28",366.3,1,amrsaid1233
8466,16668431,"Harshpreet Singh #2","2026-08-06 01:06:28",366.2,1,harshpreetsingh45
8467,16732340,"BJ Kim","2026-08-19 15:17:16",366.2,2,doitdoit80
8468,16778939,"Stepan Antonov","2026-08-27 07:59:30",366.1,1,stepanantonov
8469,16664450,"Fritz Adelbertus","2026-08-10 01:13:44",366.0,1,fritzadelbertus
8470,16676726,"Manaswi Bansal","2026-08-16 06:28:05",366.0,2,manaswibansal
8471,16802866,"Antonio Di Cecco","2026-09-01 18:37:02",366.0,1,antdic
8472,16723046,"Pedro Joás","2026-09-30 21:52:47",365.9,2,pedrojos
8473,16673201,"Sanjay Varma Malladi","2026-09-30 18:52:11",365.8,2,sanjayvarmamalladi
8474,16666216,missss,"2026-08-06 06:49:00",365.8,2,missssb
8475,16875657,"Валерия Захарова","2026-09-12 23:53:56",365.7,2,melomanpanda
8476,16898808,katoue,"2026-09-16 21:47:46",365.2,2,katoue
8477,16670257,RonitKhanna333,"2026-08-12 12:22:11",365.0,2,ronitkhanna333
8478,16709179,"SATENDRA SINGH","2026-09-17 03:39:22",364.6,2,satendrasingh9876
8479,16773370,"Nishant #1","2026-08-26 06:11:42",364.5,1,nishanttomar110
8480,16660294,"Mohamed Amadu Bangura","2026-08-04 16:14:07",363.9,1,mohamedamadubangura
8481,16895317,MrUserm,"2026-09-25 18:18:10",363.7,2,mruserm
8482,16758093,_student,"2026-08-23 22:21:25",363.6,2,drvtalan
8483,16705696,"TS Farmer","2026-08-13 11:22:09",363.6,2,"shivangkainth,tusharsekhri27"
8484,16890562,Names231,"2026-09-14 16:08:48",363.6,2,names231
8485,16794088,"Felipe Colombarolli","2026-08-31 00:46:32",363.3,2,felipecolombarolli
8486,16927163,1234321,"2026-09-23 18:14:38",363.2,1,sakamoto1234
8487,16662081,Ayush_Bhaskar_25323010,"2026-08-08 19:49:56",363.0,2,ayushbhaskar25323010
8488,16658227,Gugu888,"2026-08-14 04:27:57",362.9,2,gugu888
8489,16701885,"Mehdi L.","2026-08-13 13:41:14",362.9,2,lmehdi
8490,16660318,"Aiman Al-Shalfi","2026-09-14 12:39:08",362.8,2,aimanalshalfi
8491,16661633,"Joseph Garcia","2026-08-19 16:28:08",362.8,2,josephpgar
8492,16706257,dlv,"2026-08-13 11:11:14",362.7,2,ducott1
8493,16793944,"Grupo 808","2026-08-30 22:36:59",362.7,1,grupo808
8494,16674012,ahankesumah,"2026-08-16 07:34:05",362.3,2,ahankesumah
8495,16668523,Bumblerrr,"2026-08-06 19:46:02",362.2,2,bumblerrr
8496,16661331,"John Wessel","2026-09-30 14:19:39",362.1,2,johnwessel
8497,16888334,"Ohene A","2026-09-14 17:36:00",362.0,2,pamo12
8498,16857871,SHP123SHP,"2026-09-10 03:20:57",361.8,2,shp123shp
8499,16662162,"THE predict","2026-08-13 21:18:25",361.3,2,vikaspal505
8500,16893490,"Thales Galuchi","2026-09-30 21:19:33",361.2,2,thalesgaluchi
8501,16664454,"Naga Vinay Avvaru","2026-08-05 07:04:44",361.1,2,anagavinay
8502,16739447,"Jacob Stambaugh","2026-08-19 17:53:29",361.1,2,jacobstambaugh
8503,16710417,"Aryant Jadhav","2026-08-15 18:57:18",361.1,2,aryantjadhav
8504,16794285,Penelope.pnlp,"2026-09-01 15:38:43",361.1,2,penelopepnlp
8505,16660489,"Luca Lullo","2026-09-24 06:56:17",360.9,2,lucalullo
8506,16802028,Dong,"2026-09-11 03:53:23",360.7,2,protostar
8507,16691565,"Blu cky","2026-08-09 19:13:27",360.6,2,llmdablucky
8508,16657063,"those how","2026-08-04 07:50:57",360.5,2,thosehow
8509,16803129,hdttnk,"2026-09-02 14:13:00",360.2,2,hdttnk
8510,16637762,"Greek olive oil","2026-08-09 19:56:48",359.9,2,alexanderchar
8511,16663990,"OURNO PAPA SALIF","2026-08-07 23:18:43",359.9,2,belfiremine
8512,16628404,theken,"2026-08-09 12:19:19",359.7,2,theken
8513,16941652,里奥梅东,"2026-09-25 10:55:28",359.5,2,lionalmedong
8514,16638704,"Lee Yen Fei","2026-09-01 03:31:45",359.5,2,leeyenfei
8515,16658882,"toukali samir","2026-08-07 13:43:05",359.4,2,toukalisamir
8516,16701060,"Paula Jimenez","2026-08-22 16:18:37",359.3,2,paulajimenez
8517,16668268,"Kunal Rout","2026-08-06 05:48:25",359.3,2,charlotte26
8518,16849620,rgbweston,"2026-09-07 18:00:17",359.2,1,rgbweston
8519,16729708,msmsuman,"2026-09-06 11:11:45",359.2,2,msmsumanmuskan
8520,16677747,"Yuvraj Bhatt","2026-08-10 08:38:11",359.2,2,bhattyuvraj22
8521,16735593,"timur tytrin","2026-08-18 07:37:46",358.5,2,timurtiutrin
8522,16670724,"Neel Patel","2026-08-14 19:33:43",358.4,2,n33lpat3l
8523,16695177,"Ajith Bagali","2026-08-15 12:23:37",358.3,2,ajithbagali
8524,16931682,"Vijay kumar Gandem","2026-09-20 18:04:40",358.2,2,vijaykumargandem
8525,16691027,"Jelle Maas","2026-08-08 14:58:19",358.2,2,jellemaas
8526,16758192,"Dev Monk","2026-08-29 14:03:22",358.1,2,devmonk63
8527,16907754,Shenghan,"2026-09-22 16:17:41",357.9,2,shenghanxie
8528,16729669,HYPEREUCLIDEAN,"2026-08-19 07:47:48",357.7,2,hypereuclidean
8529,16657056,"Jacob Ross Piedad","2026-08-06 12:15:14",357.2,1,jacobrosspiedad
8530,16677470,"Saish Walavalkar02","2026-08-09 12:44:51",357.0,2,"harichaudhari1,kaiserjayin,meetramjiyani,nirbhaygajabi30,saishwalavalkar02"
8531,16641606,"Tanisha Sahu","2026-08-02 14:39:27",356.8,2,tanisha3
8532,16654788,bumbum,"2026-08-14 12:59:51",356.8,2,krzysztoff1
8533,16690029,Nitesh_Prajapati2569,"2026-09-15 07:04:17",356.8,2,niteshprajapati2569
8534,16668159,ABDELGHANY,"2026-08-12 11:04:36",356.6,2,abdelghanyrageh
8535,16770085,AllenCheng329,"2026-08-25 10:05:43",356.6,1,allencheng329
8536,16722757,"Sebastian Adamatzky","2026-08-14 19:10:23",356.5,2,sebastianadamatzky
8537,16876529,"Νικόλαος Μπριάκος","2026-09-17 09:06:24",356.5,2,bnikos
8538,16727920,"Youssef Yacoup","2026-09-27 02:17:18",356.5,2,youssefyacoup
8539,16702771,n_samii,"2026-08-14 01:20:08",356.4,2,nsamii
8540,16667177,"Raunak Phull","2026-08-10 11:14:44",356.3,2,raunakphull4
8541,16716488,"Will Henderson290","2026-09-21 13:11:11",356.0,2,willhenderson290
8542,16654758,f--n,"2026-09-06 13:37:43",356.0,1,a17442473
8543,16705300,T3485D5T,"2026-09-03 08:20:18",356.0,2,"danijelbilalli,t3485d5t"
8544,16733318,"Anuj Bolewar","2026-08-18 11:11:01",355.7,2,anujbolewar
8545,16801437,"Koh Saito","2026-09-05 06:01:20",355.6,1,kohsaito
8546,16707987,"Big Balls Entertainment","2026-08-12 10:18:24",355.4,2,"pavivin,semenkolesnikov"
8547,16677761,"Rithuraj Nambiar","2026-08-06 18:11:41",355.3,2,rithurajnambiar
8548,16881853,Sleepyman,"2026-09-15 09:22:24",355.3,2,alishakeri1
8549,16663674,"Mason Mahar","2026-08-30 04:00:17",355.3,2,masonmahar
8550,16867163,"Harikesh Shukla","2026-09-29 15:17:19",355.2,2,harikeshshukla
8551,16745497,"Handsome Heretic","2026-08-21 19:14:30",355.1,2,handsomeheretic
8552,16758663,"Light In","2026-08-22 19:18:51",355.1,2,lightin45
8553,16622943,"Erwin Huizenga","2026-09-06 15:04:57",355.1,2,erwinh
8554,16764608,messibeatgravity,"2026-08-24 05:34:05",354.8,1,messibeatgravity
8555,16684225,"Aum Savaliya","2026-08-10 20:10:02",354.7,2,aumsavaliya
8556,16778908,"PATIL ADITYA PANDURANG","2026-09-29 13:22:04",354.6,2,"jagdalepranavsagar,patiladityapandurang,pavankadam7005"
8557,16740197,Winssk,"2026-08-27 01:55:06",354.6,2,winssk
8558,16757236,"Erlanda Miko P","2026-08-23 07:02:01",354.5,2,snneva
8559,16770270,"salthiel nishimwe","2026-08-25 10:45:23",354.4,2,salthielnishimwe
8560,16779505,"Prasad Ovhal","2026-09-24 13:31:06",354.3,2,prasadovhal
8561,16670565,"Grant Biellak","2026-08-05 22:52:01",354.0,2,grantbiellak
8562,16738563,"Amrutha H","2026-09-28 12:44:44",353.7,2,amr13utha
8563,16782192,"Marcelo Correa","2026-09-25 11:24:09",353.7,2,mvcorrea
8564,16717522,kyunyoung,"2026-08-14 07:16:00",353.6,2,kyunyoung
8565,16732355,"Nagesh gite","2026-09-06 07:44:05",353.4,2,"kuberb,nageshgite,vasugupta1121"
8566,16685625,"silvan ion","2026-08-08 13:05:39",353.4,2,john1one
8567,16671512,"Darren Grendi","2026-08-10 00:38:51",353.3,1,darrengrendi
8568,16730191,rRTZZZ,"2026-08-17 02:43:14",353.3,2,rrtzzz
8569,16761784,"Ghaith Kammoun","2026-08-24 21:19:54",353.2,2,ghaithkammoun
8570,16817520,shreyansh0103,"2026-09-15 09:18:38",353.1,2,shreyansh0103
8571,16733007,"Not Found","2026-08-17 16:32:16",353.0,4,"ammarkhan05,zainabirfanansari"
8572,16682869,"Sepideh Rahmati","2026-09-14 09:43:57",352.9,2,sepidehrahmati
8573,16770522,honsomewakebera,"2026-09-30 15:31:26",352.6,2,honsomewakebera
8574,16704985,"Ethan Marchisano","2026-08-24 21:36:54",352.4,2,ethanmarchisano
8575,16721615,"Dai Dai","2026-09-08 07:59:14",352.3,2,jumpingdaidai
8576,16667105,"Vikram Tiwari","2026-08-10 11:12:26",352.1,2,vikramtiwari
8577,16937995,"Aleksandr Rybin","2026-09-21 22:21:56",351.9,2,aleksandrrybin
8578,16655737,Dharshini,"2026-08-08 15:00:05",351.9,2,dharshini1812
8579,16741746,"Ahmed Harfoush","2026-08-19 09:47:45",351.6,1,ahmed1harfoush
8580,16658367,"Prachii Sonii","2026-08-31 17:28:45",351.6,2,prachiisonii
8581,16687699,jegazhu,"2026-08-13 22:25:15",351.5,2,jegazhu
8582,16727326,AhmedMousaHassan2510,"2026-08-17 12:56:01",351.3,2,ahmedmousahassan2510
8583,16656190,"Akshaj Shandilya","2026-08-06 03:14:36",351.0,2,akshajshandilya
8584,16641330,"Takuya Yoshimi","2026-08-04 05:16:22",351.0,2,tkyysm
8585,16658286,"Jatin Gujarathi","2026-09-20 08:36:06",351.0,2,jatingujarathi
8586,16623540,TheDuck,"2026-09-30 19:25:29",351.0,2,jaxroth
8587,16630772,"Mitsuhiro Iizuka","2026-08-04 10:31:00",350.9,2,mitsuhiroiizuka
8588,16702935,"Defne Demir","2026-08-11 18:27:36",350.8,2,defnedemir
8589,16685207,"Koushik Thummu","2026-08-07 18:15:47",350.7,2,koushikthummu
8590,16796834,"Harsh Gupta #2","2026-09-09 19:20:48",350.7,2,harshgupta0415
8591,16662791,"Shiva Neshan yuva","2026-08-15 18:39:16",350.4,2,shivaneshanyuva
8592,16731108,"Vipparla Nandini","2026-08-17 06:29:48",350.4,1,vipparlanandini
8593,16716670,"Aremanda Yasaswini","2026-08-13 09:27:46",350.0,1,aremandayasaswini
8594,16790076,Jessewudao,"2026-09-04 16:54:58",350.0,1,"jessewudao,zongruixie"
8595,16660228,"Ochuwa Pearl Isa","2026-08-06 09:29:36",350.0,2,pearlisa
8596,16750743,"Nagimov Timur","2026-08-20 21:10:30",349.9,2,nagimovtimur
8597,16690947,"Veiled Star","2026-08-10 13:36:49",349.7,2,veiledstar
8598,16686726,"Skander Neffati","2026-09-19 12:40:23",349.7,1,skanderneffati007
8599,16831875,"Hamza Mughrabi","2026-09-06 19:10:53",349.5,2,hamzamughrabi
8600,16625770,"Đức Trung Trần","2026-08-24 11:01:33",349.5,2,ctrungtrn
8601,16658512,fatariq,"2026-08-10 21:18:35",349.4,2,fatariq
8602,16779823,"Jean Dem","2026-08-31 12:38:41",349.3,2,jeandem
8603,16657687,"Siddardha Shayini","2026-09-15 12:52:57",349.2,2,siddardhashayini3
8604,16661191,"Yudha Eka Saputra","2026-09-30 01:03:45",349.1,2,yudhaekasaputra
8605,16717447,zhiyue666,"2026-09-10 09:01:07",349.0,2,zhiyue666
8606,16933436,"Shi Chen","2026-09-22 07:39:57",348.9,2,hjhhhk
8607,16658960,"Amit Kumar","2026-08-06 05:44:30",348.8,2,anmitkumar
8608,16653001,"Alexey Kuleshov","2026-08-04 12:07:51",348.8,2,alexkulll
8609,16770758,"Maor talker","2026-08-26 20:18:59",348.5,2,maortalker20
8610,16690077,"GOMATHI PRIYA","2026-08-13 06:38:45",348.2,2,gomathipriyaraj22
8611,16799743,"Luc Tellier","2026-09-05 08:31:17",348.1,1,luctellier
8612,16757615,"Muhammad Umer Khan","2026-09-28 09:50:06",348.1,2,mehmedumer0028
8613,16794153,"harshita harshita","2026-08-31 17:47:11",348.0,2,harshitaharshitaaaa
8614,16673310,dffzno1,"2026-08-14 01:44:55",347.9,2,joyzip
8615,16656946,"Sambit Padhan","2026-08-05 10:10:10",347.7,2,sambitpadhan
8616,16918421,"Joseph Kosednar","2026-09-29 04:00:19",347.7,2,josephkosednar
8617,16755029,"Jashan Bajwa","2026-08-22 12:56:30",347.6,2,jashanbajwa
8618,16654808,Vishwajeet-maker,"2026-08-17 21:17:02",347.5,1,vishwajeetmaker
8619,16665449,AgroVisionAI,"2026-08-11 19:52:49",347.4,2,"aishwaryvarshney,bhuppisharma,kirtisharmaphd,pragyasingh59,priyasingh0590"
8620,16630007,"Yuankun Liu","2026-07-31 15:48:13",347.3,2,lyk1652
8621,16860003,"Aatif Sayyad","2026-09-10 21:31:13",347.2,2,aatifsayyad
8622,16848262,Philedo,"2026-09-12 14:33:59",347.2,2,philedo
8623,16668286,"Sabari V","2026-08-15 14:38:41",347.1,2,sabari112005
8624,16691153,"Hafsa Rouchdi","2026-09-26 12:25:36",347.0,2,hafsarouchdi
8625,16924761,"Chang Loukas","2026-09-24 06:22:27",347.0,2,changloukas
8626,16755264,wsdsby,"2026-08-21 15:16:42",346.7,2,wsdsby
8627,16675093,"Nikhil Srivastava","2026-08-15 08:47:12",346.5,2,nikhilsrivastavark
8628,16669218,"Shaik Sabiya","2026-08-12 09:15:22",346.4,2,shaiksabiya55
8629,16662267,"Fahim Montasir","2026-08-10 16:15:10",346.2,2,fahimmontasir
8630,16656919,Sumaiya,"2026-09-09 18:09:44",346.2,2,ayeshasummaiyya
8631,16661095,"AAYUSHMAAN PATEL","2026-08-09 08:16:53",346.1,2,aayushmaanpatel
8632,16682108,"Shadow Monarch","2026-08-17 06:45:10",345.9,2,avinashk01
8633,16634352,"sovit karki","2026-08-12 17:21:13",345.9,2,sovitkarki
8634,16780915,"Aravind S","2026-09-22 14:16:59",345.8,2,aravind20061981
8635,16670988,"Pavle Skoric","2026-09-24 21:18:17",345.6,2,pavleskoric
8636,16659394,"יוסף בש","2026-08-09 15:11:23",345.6,2,josiii123212
8637,16690098,"Akshay Kashyap","2026-08-10 17:10:28",345.6,2,akshaykashyapakku
8638,16715988,"Hsyn Kskn","2026-09-03 12:08:15",345.5,2,hsynkskn
8639,16638383,"Yunus Emre Sarıduman","2026-08-12 12:57:08",345.5,2,emresariduman
8640,16735307,"Ayush Dhabsa_real","2026-09-10 09:13:50",345.4,1,ayushdhabsareal
8641,16831170,"None #2","2026-09-05 04:16:51",345.1,2,mdmorshalinemojumder
8642,16688381,"Teresa Fitzgerald","2026-09-13 21:02:07",345.1,2,teresafitzgerald
8643,16673167,Karam96,"2026-08-08 11:40:36",344.6,2,karam96
8644,16894517,kuchinwei,"2026-09-17 14:52:52",344.6,2,kuchinwei
8645,16689349,"Adunola Abdulrahman","2026-08-10 17:38:47",344.6,2,adunolaabdulrahman
8646,16727480,MSAM,"2026-09-07 13:43:02",344.3,2,arashdeepsinghmaan
8647,16906238,Naaz,"2026-09-17 06:33:26",344.3,2,naaz03
8648,16710241,"Julien Serbanescu","2026-08-12 14:32:50",344.2,2,julienserbanescu
8649,16708723,zaltark,"2026-09-25 12:29:49",344.1,1,zaltark
8650,16794266,"Celestine Preetham Lawrence","2026-09-30 13:23:30",344.0,2,celestiallylvd1
8651,16639624,"Nishanth Rajan","2026-08-02 03:25:35",344.0,2,nishanthrajandev
8652,16723065,"Kaio Castro","2026-09-30 13:33:53",343.8,2,kaiocastro
8653,16657142,"Vishisht Gupta","2026-08-16 16:16:54",343.7,2,vishishtgupta
8654,16684677,"Sean Southwick","2026-08-27 14:45:32",343.6,2,seansouthwick
8655,16679850,AryaGarg23,"2026-08-09 03:33:14",343.3,2,aryagarg23
8656,16785676,Bilal11122,"2026-08-29 08:15:46",343.1,1,bilal11122
8657,16668479,"Muneera Mahjabeen","2026-09-30 15:42:35",343.0,2,muneeramahjabeen
8658,16662854,"NISCHAY SANJAY JIWANKAR 23115098","2026-08-13 05:38:18",342.9,2,nischay2908
8659,16661476,slowpoke,"2026-08-29 16:33:07",342.8,2,banboyechristains
8660,16723047,"Matheus Finger","2026-09-11 19:15:11",342.3,2,matheusfinger
8661,16656480,"Dip Biswas","2026-08-07 04:35:56",342.3,2,dipjacobiswas
8662,16664671,Acteus,"2026-08-06 00:01:12",342.2,2,acteus
8663,16670188,orivael,"2026-08-05 21:20:17",341.8,2,orivael
8664,16659410,TTH,"2026-08-07 08:21:16",341.4,2,tthungdz
8665,16655689,花朝,"2026-08-05 04:10:02",341.4,2,xhxyyds
8666,16937616,"ZIYU NI","2026-09-21 17:26:32",341.3,1,jacsonpercy
8667,16940601,ShreyanshK099,"2026-09-23 07:57:43",341.2,2,shreyanshk099
8668,16655257,"Afia Animah Fosu","2026-08-04 18:21:50",341.2,2,afiaanimahfosu
8669,16710564,"Clarice Harijanto","2026-08-14 04:28:13",341.2,2,clariceting
8670,16671714,"Donnell Layne","2026-08-07 15:40:35",341.1,2,jupiter1127
8671,16715097,"Yusuf Yavuz","2026-08-13 00:25:40",340.8,1,yusufyavuzz
8672,16622097,"Garrick C.P.","2026-08-10 18:12:06",340.7,2,garrickchinnis
8673,16668141,"Soichiro Mochizuki","2026-08-07 22:13:36",340.7,2,soichiromochizuki
8674,16662197,"Zehra Basaral","2026-08-07 10:42:57",340.5,2,zehrabaaral
8675,16711383,"Monika Kocianova","2026-08-14 11:01:11",340.4,2,monikakocianova
8676,16784379,超级陆战队,"2026-08-29 14:43:33",340.3,2,luyi61227
8677,16661891,BALLEN1337,"2026-08-04 19:22:30",340.0,2,ballen1337
8678,16898258,"Eugene Blackman","2026-09-22 22:46:05",339.9,2,eugeneblackman
8679,16940854,AmbujSingh11294,"2026-09-30 13:08:36",339.8,2,ambujsingh11294
8680,16763255,"I P Tharun Gowda","2026-09-16 17:24:11",339.5,2,iptharungowda
8681,16716594,"U Anand Williams","2026-08-13 09:19:09",339.5,1,uanandwilliams
8682,16891781,"mohamed saafan","2026-09-14 14:54:04",339.5,2,mohamedsaafan
8683,16934966,"Sai Sagar M.S","2026-09-28 10:35:16",339.3,1,saisagarms
8684,16747544,OliverYip,"2026-08-25 06:01:07",339.3,2,oliveryip
8685,16711573,"Sushmitha Vasantha","2026-08-13 09:08:29",339.0,1,sushmithavasantha
8686,16681188,"Tresor Mufalme.","2026-08-08 09:29:05",338.9,2,tresormufalme
8687,16656860,SamReiswig,"2026-09-02 04:04:09",338.9,1,sreiswig
8688,16794431,"Yash Apps","2026-09-08 04:12:52",338.8,2,yashwanthgajji
8689,16658817,"Andrew Glez","2026-08-04 12:10:17",338.8,1,andgos
8690,16905792,"Omar Tarek Fahmy","2026-09-16 10:59:04",338.8,1,omartarekfahmy
8691,16654213,"Hojin Jang","2026-08-20 09:59:20",338.7,2,hojinjang
8692,16771187,FernandoRB,"2026-08-26 15:53:49",338.6,2,fernandorb
8693,16641665,huangjunjia,"2026-08-04 14:12:26",338.3,2,huangjunjia777
8694,16655555,Bharath2411,"2026-09-03 07:14:26",338.2,2,bharath2411
8695,16730060,"Enzo Pio","2026-08-21 16:44:03",338.1,2,enzopio
8696,16664617,BarkeviousBingo,"2026-08-19 04:34:59",337.9,2,barkeviousbingo
8697,16673825,h_jun,"2026-08-10 06:21:12",337.8,1,lhjoon77
8698,16896549,"Nived P A","2026-09-15 16:39:35",337.7,2,nivedpa
8699,16666275,HeatS33ker,"2026-08-15 14:37:36",337.5,2,byronokou
8700,16898498,"Prakash Bandi","2026-09-21 01:59:35",337.2,2,prakashbandi
8701,16656932,"Thivvin Raj","2026-08-13 03:53:35",337.2,2,thivvinraj
8702,16795677,"Carol bright","2026-08-31 09:30:28",337.2,2,carolbright
8703,16882081,Aabualella,"2026-09-13 00:58:37",337.0,1,aabualella
8704,16671519,"Mandhati Sai ganesh","2026-08-06 06:36:45",337.0,2,mandhatisaiganesh
8705,16628409,"yann sadowski","2026-07-31 09:39:25",337.0,1,yannsadowski
8706,16666997,"Krishnamurthy Venkatasubramanian","2026-08-05 15:09:46",336.9,2,krishnamurthyvenkat
8707,16680015,"Khôi Trương","2026-08-10 01:11:55",336.8,1,kiykhoi
8708,16933048,"Anusuya Gurusamy","2026-09-23 04:45:03",336.6,2,anusuyagurusamy
8709,16732873,"Yash Rana","2026-08-18 04:57:04",336.5,2,yashrana24
8710,16679392,Dickie,"2026-08-09 09:05:10",336.5,2,dickieho
8711,16695592,"André Luiz Pedroso","2026-08-09 11:59:19",336.5,1,andreluizpedroso
8712,16633475,betagammashtrit,"2026-08-29 16:24:03",336.5,2,betagammashtrit
8713,16852606,Hallucinators,"2026-09-27 15:33:45",336.4,2,samikshakamdi
8714,16624029,"Miguel Angel Rodriguez Fonseca","2026-08-07 03:55:38",336.2,2,miguelangelrodriguez
8715,16683087,qiuchenglong,"2026-08-07 09:25:48",336.2,2,qiuchenglong
8716,16634219,"Michael J Hammel","2026-08-01 11:37:10",336.1,2,michaeljhammel
8717,16779769,"Pravin jeyavel","2026-09-14 05:39:48",336.1,2,pravinjeyavel
8718,16732296,"duong nguyen","2026-08-20 14:51:38",335.9,1,duongnguyen161
8719,16721529,"Danny De Bree","2026-08-20 09:46:36",335.9,1,dannydebree
8720,16866482,"Sunday Ibidapo","2026-09-10 21:46:49",335.6,1,sundayibidapo
8721,16877927,"EFE ULKER","2026-09-12 00:13:05",335.5,2,efeulker
8722,16668673,"kyran sinha","2026-08-14 14:21:34",335.3,2,kyransinha
8723,16709754,"Simon Preuss","2026-08-12 16:39:55",335.3,2,simonpreuss01
8724,16716585,"tejaswini kakollu","2026-08-13 09:12:37",335.1,1,tejaswinikakollu
8725,16681397,"Vishal Dubey","2026-08-11 08:51:13",335.0,2,visha1dubey
8726,16726381,"Adriana Redondo","2026-08-15 19:39:41",334.8,1,adrianaredondo
8727,16723273,"Bradley ZODOME","2026-08-19 07:06:18",334.7,2,bradleyzodome
8728,16718662,Safin,"2026-08-22 17:50:27",334.6,2,safinlynx
8729,16728261,"Smit Deshaval","2026-08-24 17:44:12",334.6,2,smitdeshaval11
8730,16716713,"T Vamsi Krishna","2026-08-13 09:37:43",334.6,1,vamsee3763
8731,16660397,Divyansh82Raj,"2026-08-04 15:01:28",334.5,2,divyansh82raj
8732,16896207,"Bùi Cao Trí","2026-09-15 16:17:43",334.3,1,bicaotr
8733,16666115,"Iam Intolerable","2026-08-06 07:48:28",334.2,2,iamintolerable
8734,16722122,Abhas20,"2026-08-19 10:02:51",333.9,2,abhas20
8735,16771216,"Hugo Ponce","2026-08-25 17:54:30",333.5,2,hugoskn
8736,16666218,"sugan Chandrasekar","2026-08-16 11:02:09",333.2,2,suganchandrasekar
8737,16752067,neuroxaker,"2026-08-22 14:50:32",333.0,2,neuroxaker
8738,16702742,"Kavyanshu Singh","2026-08-11 10:47:02",332.9,2,kavyanshusingh
8739,16677804,"Pravin Takpire","2026-08-11 08:17:51",332.8,2,pravintakpire
8740,16638343,"Phong Khoi","2026-08-04 12:20:52",332.7,2,phongkhoi
8741,16711497,"Korvi sai kumar","2026-08-13 08:02:21",332.7,1,korvisaikumar
8742,16665460,"Shubham kumar jha","2026-08-23 07:36:36",332.6,2,shubhamjhakr
8743,16674725,"rajan jha","2026-08-13 12:05:42",332.5,2,rajan1673
8744,16870467,wentingyun,"2026-09-11 10:21:01",332.4,1,wentingyun
8745,16783322,kentaro,"2026-08-29 03:55:45",332.4,2,kentarokujo
8746,16730745,"Aymerou Yaya Koné","2026-09-30 01:26:52",332.4,2,aymerouyayakon
8747,16780268,"SAI ESHWAR S","2026-08-29 06:26:11",332.3,1,saieshwars
8748,16903827,"joy lul","2026-09-24 06:52:11",332.3,1,joylul
8749,16772089,"Ana Riquele","2026-09-29 18:37:30",332.0,2,anariquele
8750,16796468,suin7328,"2026-09-05 02:05:08",331.9,2,suin7328
8751,16735966,kyone,"2026-08-18 08:09:32",331.8,1,xtraky
8752,16870360,"Tedi Septiana","2026-09-14 06:57:54",331.5,2,tediseptiana
8753,16692710,"Baran Haydar","2026-08-12 06:56:50",331.3,2,baranhaydar
8754,16641140,NITISH_GOYAL1,"2026-08-27 06:42:29",331.1,2,nitishgoyal1
8755,16792567,"Karan Rai","2026-09-30 22:50:17",331.1,2,karanrai248
8756,16668091,Solidscripts.io,"2026-09-24 02:14:47",331.0,2,juancamera1
8757,16844410,ナポレオン,"2026-09-07 15:46:40",330.7,2,naporeondesu
8758,16657883,jps,"2026-08-06 08:36:04",330.6,2,jahaziel
8759,16665996,AVATAR3905,"2026-08-06 18:14:01",330.4,2,avatar3905
8760,16658519,"David kinyanjui","2026-08-31 07:10:00",330.2,2,davidkinyanjui
8761,16696419,detectivseb,"2026-08-12 10:34:45",330.1,2,detectivseb
8762,16662577,"Shreyash Suryawanshi","2026-09-02 19:42:31",330.1,2,shreyashsuryawanshi
8763,16735393,Dai_Research,"2026-08-18 10:40:17",330.0,2,dairesearch
8764,16895685,yuyiduo,"2026-09-28 08:56:01",329.5,1,yuyiduo
8765,16652422,Kite,"2026-08-17 16:26:55",329.3,1,kiteyinlong
8766,16912504,"Zongyi Zhou/ Joe","2026-09-22 15:24:35",329.1,1,zongyizhoujoe
8767,16890029,"Siqing Jing","2026-09-15 02:53:04",329.0,2,siqingjing
8768,16844246,"CS Abhinay","2026-09-17 08:56:32",328.9,2,csabhinay
8769,16759115,chabinhwang,"2026-08-22 14:33:59",328.9,1,chabinhwang
8770,16635130,Pongsaky,"2026-08-01 12:56:02",328.7,2,gantanch
8771,16668696,Fabian,"2026-09-03 15:52:06",328.5,1,fabiantoh98
8772,16659260,hitesh,"2026-08-05 19:29:28",328.5,2,shahhs
8773,16660099,Desireog71,"2026-08-08 15:01:19",328.4,2,desireog71
8774,16659428,"koneti Anusharani","2026-09-28 12:50:49",328.2,1,anusha1103
8775,16879281,"Monesh M","2026-09-25 19:41:47",328.2,2,moneshm908
8776,16721948,ziszim,"2026-08-26 14:38:30",328.0,2,ziszim
8777,16671613,Tyler_026,"2026-09-26 09:44:50",327.8,2,tyler026
8778,16633737,nrg,"2026-08-04 20:19:50",327.8,1,nargizaskarbekkyzy
8779,16876354,A_Mose,"2026-09-12 08:57:15",327.7,2,mmameh
8780,16841549,"Ayush Kumar #4","2026-09-06 03:30:02",327.7,2,akyushumar
8781,16778526,starkhushi,"2026-08-27 07:01:28",327.4,2,starkhushi
8782,16659688,Daniel,"2026-08-05 12:21:37",327.3,2,danielyazgi
8783,16848598,"Work 3","2026-09-12 09:26:57",327.2,2,nanisriram
8784,16675324,"Attempt Seven","2026-08-10 10:13:50",327.2,2,attemptseven
8785,16755126,"Goosing around","2026-09-30 19:36:13",327.1,2,"annood,davidterkuile"
8786,16733886,LuisMV8,"2026-09-19 16:51:14",327.1,2,luismv8
8787,16693147,"Oliver Curtis1","2026-08-09 14:51:57",326.3,2,olivercurtis1
8788,16757338,Dewakaran,"2026-08-22 05:34:35",326.1,1,dewakaran
8789,16927652,"Mukilan A.R.","2026-09-27 03:40:27",325.9,2,mukilanar
8790,16641294,YogeshG22,"2026-08-03 17:58:51",325.8,2,yogeshg22
8791,16658733,luoqiuy,"2026-08-04 10:46:04",325.8,2,luo912
8792,16758426,"Attique Ansari","2026-08-22 11:50:42",325.8,2,attiqueansari
8793,16883375,"Sam Robin Singh E","2026-09-14 22:42:51",325.6,2,samrobinsinghe
8794,16735080,"SARTHAK PATIL","2026-09-02 19:23:03",325.2,2,sarthakpatil23
8795,16652230,BorisSpider,"2026-08-13 11:34:46",325.2,2,borisspider
8796,16716497,xpxg,"2026-08-16 17:04:22",325.2,2,deepxchat
8797,16622809,"German Vdovin","2026-08-03 00:38:01",325.1,2,ertrerhtytmnbdsefdw
8798,16655250,"Juan Pablo Ponce","2026-08-08 03:34:18",325.1,2,juanpabloponce28
8799,16754141,SicilyTing,"2026-09-08 14:53:25",325.1,2,sicilyting
8800,16723569,"Trishanth Mellimi","2026-08-15 07:09:55",325.0,2,trishanthmellimi
8801,16624235,appu2431,"2026-08-11 15:56:41",325.0,2,appu2431
8802,16698188,"Smartex Dan","2026-09-29 22:38:41",325.0,2,smartexdan
8803,16661351,"Adekojo Adeyemi","2026-08-04 15:25:52",324.9,1,adekojoadeyemi
8804,16662647,"Ruben Maya","2026-09-23 22:06:52",324.7,2,rubenmaya
8805,16778327,WangYingChen,"2026-08-28 03:11:28",324.5,1,wangyingchen
8806,16913989,Sanatan21,"2026-09-18 11:41:17",324.2,2,sanatan21
8807,16947575,Rekh_Sharath_Chandra,"2026-09-26 07:37:12",324.1,2,rekhsharathchandra
8808,16682342,"Jebez Oswald","2026-08-10 05:38:15",324.0,2,jebezoswald
8809,16653105,James,"2026-08-17 16:52:18",323.9,2,jamesquirk
8810,16656608,"Jeffrey Dilley","2026-08-04 15:40:08",323.8,1,jeffreydilley
8811,16668340,"Sibi Vishnu","2026-08-08 10:35:33",323.8,2,sibivi
8812,16654330,"Perumalla Pujitha","2026-08-12 18:09:24",323.8,2,perumallapoojitha
8813,16762854,J8young,"2026-08-26 13:52:54",323.6,1,j8young
8814,16656472,angusdddsa,"2026-08-04 06:04:22",323.6,2,angusdddsa
8815,16741512,Offenders,"2026-08-30 15:08:39",323.6,2,"karthicchockalingams,shakil2411,shehnaaz01"
8816,16685164,cleanledger,"2026-08-07 13:38:23",323.5,2,cleanledger
8817,16731458,"Arthur Baygildin","2026-08-17 10:06:55",323.3,1,arthurbaygildin
8818,16664819,"SUBHASRI  S","2026-09-30 14:23:45",323.1,2,subhasri2007
8819,16739702,"Vasantha Kumar552","2026-08-19 07:22:10",322.8,2,vasanthakumar552
8820,16855459,"Shune Lae lae Khaing","2026-09-11 17:55:19",322.6,2,shunfloryn
8821,16629476,NOOBS,"2026-08-09 19:58:48",322.4,2,"patelkrishna8,sakshamranawade,shravanideshpande25"
8822,16660980,"João Marcelo Curi","2026-08-05 18:31:19",322.2,2,joomarcelocuri
8823,16770039,"Yevhen Tsyba","2026-09-23 06:25:44",322.1,2,yevtsy
8824,16669176,"Karakam Sridevi","2026-08-11 07:44:48",321.8,2,karakamsridevi
8825,16661157,Shenlai,"2026-09-17 14:02:50",321.4,2,shenlai
8826,16876167,"kjl jkl","2026-09-17 15:51:01",321.3,2,kjljkl
8827,16662874,"Dev Shah","2026-08-08 01:52:52",321.1,2,imdevshah11
8828,16677950,"Rounak Laddha","2026-08-15 01:47:41",321.0,1,rounakladdha
8829,16668592,"Ashutosh jatav","2026-08-09 13:34:45",321.0,2,ghost1412
8830,16646644,BeyondBirthday,"2026-08-09 06:39:01",320.9,2,near07
8831,16636643,"Babul Kumar","2026-08-02 07:46:50",320.9,2,babulkumar07
8832,16706181,"Juvenal Pedro Baptista","2026-08-16 14:58:40",320.9,2,juvenalpedrobaptista
8833,16716649,"Meghana Busse","2026-08-13 09:33:08",320.8,1,meghanabusse
8834,16705798,"orhun uygun","2026-09-24 08:48:21",320.8,2,orhunuygun
8835,16721675,stork8i,"2026-08-14 13:16:26",320.7,1,stork8i
8836,16682632,Sebastiaan,"2026-08-27 18:24:40",320.7,2,sebastiaanreinders
8837,16729572,"Aswin Ramanathan","2026-08-17 16:17:38",320.6,1,aswinramanathan
8838,16660568,Fascetta,"2026-08-07 20:48:53",320.6,2,fascetta
8839,16926528,"Badri Vishal","2026-09-19 18:42:19",320.6,2,badrivishal90
8840,16795399,"Diksha Phartyal","2026-09-30 05:46:40",320.5,1,dikshaphartyal
8841,16696439,VaraPrabha,"2026-08-10 04:36:00",320.4,2,galiveetipoornima
8842,16669725,chosunghwan,"2026-08-06 03:52:24",319.9,1,chosunghwan
8843,16688859,"Muhammad Fayaz Khan","2026-08-08 06:36:02",319.8,2,mfayazkhan
8844,16690183,ankit8924praj,"2026-08-14 15:43:56",319.7,2,ankit8924praj
8845,16768551,"AAYUSHMAAN SINHA","2026-08-25 02:43:00",319.3,2,aayushmaansinha
8846,16682229,"mayuri sarangi","2026-08-29 14:03:36",318.9,2,mayurisarangi
8847,16659312,qwertyDmitry,"2026-08-05 13:44:24",318.7,2,qwertydmitry
8848,16716322,zhaimh,"2026-08-14 02:43:21",318.6,2,zhaimh
8849,16700360,"Thanush Soma","2026-08-10 09:49:02",318.5,2,thanushsoma
8850,16662856,"Pranjal Arya","2026-09-11 09:30:08",318.4,2,pranjalaryaa
8851,16624102,Khadersha.sk,"2026-08-03 02:45:03",318.3,2,khadershask
8852,16777515,Abhimanyu21,"2026-08-27 13:33:38",318.1,2,abhimanyu21
8853,16662967,"Amalio Gomez","2026-08-04 22:07:16",317.8,1,amaliogomez
8854,16894314,curious007hi9387983,"2026-09-17 07:41:07",317.7,1,curious007hi9387983
8855,16692906,CodeZee,"2026-08-09 19:50:49",317.7,2,codewithzaeem
8856,16802128,"vaman soni","2026-09-02 10:08:49",317.6,1,vamansoni
8857,16640901,"[Deleted] bd667f15-dba3-41fc-af8c-337dda60f018","2026-08-20 23:01:51",317.2,2,kizmodo
8858,16659234,"MARY RAISA P","2026-08-27 07:06:43",317.2,2,"harinimala21,maryraisap,saha0102"
8859,16665907,"Jonathan Saina","2026-09-15 23:12:31",317.0,2,jonathansaina
8860,16747403,"Kanchan Chavan","2026-09-12 17:46:56",317.0,2,momovedant
8861,16661390,"Raúl García Gómez","2026-08-04 17:04:39",316.8,2,corso138
8862,16632620,"[Deleted] d9d74cbb-c76e-4fbb-a4bf-35e25b48627d","2026-08-08 16:00:16",316.5,2,del=c21e6a8a03ad3b3c
8863,16769110,tianlululing,"2026-08-26 13:09:45",316.4,2,tianlululing
8864,16683400,"wo zhe yi sheng ru lu bo bing","2026-08-10 16:53:48",316.3,2,"ivanlo103,panckck,waijai"
8865,16665980,cshara,"2026-08-06 08:41:16",316.2,2,cshara
8866,16663969,"Aarush Kute","2026-09-21 17:06:14",316.2,2,aarushkute
8867,16795163,"Nguyễn Đỉnh","2026-09-14 05:05:43",316.1,2,nguyendinh1507
8868,16628296,NoxMetenis,"2026-08-15 17:54:03",316.0,1,avasgaire
8869,16679389,"JOMIN URK21CS1077","2026-09-27 05:49:23",316.0,2,jominurk21cs1077
8870,16743604,KeswaniRohit,"2026-08-22 17:19:18",315.9,2,keswanirohit
8871,16661002,"Eliyas sk","2026-09-02 12:32:51",315.9,2,eliyassk
8872,16625011,"Heng Yu","2026-08-18 06:30:56",315.9,1,megalobox1
8873,16692427,"Infy ","2026-08-09 20:48:09",315.8,2,infydes
8874,16927761,"M Asghar Shakir","2026-09-21 04:04:32",315.7,2,masgharshakir
8875,16657616,"Manikumar Kundena","2026-09-20 17:25:19",315.6,1,manikumarkundena
8876,16896350,"Abdelghani M'BAREK","2026-09-20 11:26:09",315.6,1,abdelghanimbarek
8877,16688364,"Om Raval08","2026-08-21 02:57:23",315.6,2,omraval08
8878,16916821,"Amjath S","2026-09-19 18:03:15",315.5,2,amjaths
8879,16738581,"mr moradi1","2026-08-18 14:31:26",315.4,1,mrmoradi1
8880,16669188,Sebastián,"2026-09-25 21:30:33",315.3,1,sebatl
8881,16735751,"Hasan Taşkın","2026-08-24 19:36:02",315.1,2,hasantaskin
8882,16715791,CustardApple47,"2026-09-06 11:34:26",315.0,2,custardapple47
8883,16683178,soulasin,"2026-08-07 14:32:26",314.8,2,soulasin
8884,16657729,"Kandregula V S S V P Krishna Murthy","2026-08-08 15:29:35",314.7,2,kkandregula
8885,16689718,HumsAuraTech,"2026-08-21 17:11:42",314.6,2,humaima03
8886,16666590,"Hoàng Anh Tú","2026-08-12 23:59:58",314.4,2,anhtu9999
8887,16656135,"JAYASURYA R","2026-08-05 15:43:01",314.3,2,suryar261
8888,16728881,Ch.Manvita,"2026-08-16 16:33:52",313.8,2,chmanvita
8889,16670812,"Brian Toman","2026-08-09 15:56:22",313.6,2,briantoman
8890,16917267,"jean-thomas Dauchel","2026-09-18 21:41:23",313.5,1,jeanthomasdauchel
8891,16659533,"Pavan Desai","2026-08-10 16:29:20",313.3,2,pavancdesai
8892,16652805,"Rodrigo Batista da Silva","2026-08-13 13:35:19",313.2,2,eurodrigobatista
8893,16894000,"Vivek Silimkhan","2026-09-15 11:11:29",313.1,2,viveksilimkhan
8894,16686332,毛治钦,"2026-09-01 05:05:37",312.7,2,maozhiqinf
8895,16732936,"Kateryna Dudko","2026-08-25 12:15:40",312.6,2,dudkiina
8896,16936809,"Caleb Ibeh","2026-09-22 08:34:43",312.3,2,calebibeh
8897,16696800,"VEER GOMA","2026-08-14 15:42:47",312.2,2,novaxoxo
8898,16654688,"Terrell Millz","2026-08-10 16:08:33",312.2,2,terrellmillz
8899,16656732,"Shivam Kashyap","2026-08-04 05:28:03",312.2,1,shiyan0090
8900,16674394,"Ishant Mittal","2026-08-08 09:24:57",311.4,2,ishantmittal95
8901,16691936,"Adhar Chaudhari 07","2026-08-09 08:13:35",311.3,2,adharchaudhari07
8902,16792188,anisotropies,"2026-09-12 05:25:04",311.3,2,achan31
8903,16657658,"Esther Usman","2026-08-25 23:45:50",311.1,2,estherusman
8904,16655652,Emergence,"2026-08-10 03:21:04",310.7,2,daylighth
8905,16624990,"Tanjim Ahmed Kingshu","2026-08-02 07:05:52",310.1,2,tanjimahmedkingshu
8906,16660246,taqnik,"2026-08-08 11:54:39",310.0,2,taqnik
8907,16666171,"JD Crew","2026-08-06 12:52:58",310.0,2,"abhijnanpodder,ahsafabid"
8908,16855181,Komal_Rani,"2026-09-08 16:39:15",309.9,2,komalvinayak
8909,16655729,"Arnab Mallick","2026-08-04 02:41:48",309.5,2,arnabmallick24
8910,16706591,"Poorvi Shetty","2026-09-25 14:34:13",309.3,2,poorvishetty1
8911,16865101,"Hanlinh ","2026-09-11 03:58:09",309.3,2,hanlinh227
8912,16851029,john01234,"2026-09-08 04:57:12",308.7,2,john01234
8913,16686941,vishu,"2026-09-24 12:47:08",308.3,1,vedanthshetty
8914,16757689,YanXiaohan666,"2026-09-14 03:29:51",308.0,2,yanxiaohan666
8915,16785050,"MITHIL J URK26CS7067","2026-08-28 18:29:14",307.8,1,mithiljurk26cs7067
8916,16687403,"Raja Sai Vardhan","2026-08-09 08:19:22",307.7,2,rajasaivardhan
8917,16668471,Broomva,"2026-08-05 14:57:35",307.7,1,broomva
8918,16690775,"Prasanna Raut","2026-08-08 20:41:38",307.5,2,prasannaraut
8919,16785821,"Naresh Meena","2026-08-28 21:24:31",307.4,1,nareshmeena12
8920,16649794,"Wanzhu Zhao","2026-08-04 13:04:05",307.3,2,wanzhuzhaora
8921,16660436,turkenm,"2026-08-06 13:03:36",307.3,2,turkenm
8922,16673152,"Arijit Raj","2026-08-06 08:23:14",307.2,2,arijitraj02
8923,16823858,"James Mills","2026-09-23 17:08:00",306.9,2,jamesmills1975
8924,16660658,Shlok_Sharma0001,"2026-08-19 09:31:48",306.7,2,shloksharma0001
8925,16658011,"Arooba Hanif","2026-08-05 07:24:53",306.5,2,aroobahanif
8926,16868034,"Vivek Teja","2026-09-14 19:25:09",305.9,1,vivektejaraju
8927,16761977,Dripi71,"2026-09-30 21:52:26",305.7,2,dripi71
8928,16672020,"Arum Puri ","2026-08-18 14:03:33",305.6,2,arumpuri
8929,16866140,Mantis,"2026-09-22 16:59:18",305.6,2,orchidmantis
8930,16909521,"Rabs Cats","2026-09-17 02:10:02",305.3,1,rabscats
8931,16655811,"Duy Trần","2026-08-04 08:23:27",305.3,1,duyqtrn
8932,16664147,JordanM10,"2026-08-05 19:54:08",305.2,1,jordanm10
8933,16662428,"Sonu kumar","2026-08-24 05:18:49",305.2,2,sonukumar9142
8934,16676974,"Deveshwar U","2026-08-31 01:10:42",305.1,2,deveshwaru
8935,16710906,Krunal.ix,"2026-08-12 07:06:58",305.0,1,krunalix
8936,16854519,nmw,"2026-09-09 15:23:56",304.8,2,rubikkaggle
8937,16658319,"Huỳnh Nguyễn Trọng Tín","2026-08-06 06:23:40",304.7,2,tnhunhnguyntrng
8938,16623739,SarsaShen,"2026-08-05 07:12:00",304.7,2,sarsashen
8939,16740191,"Arjun Dhillon","2026-08-19 15:15:57",304.6,2,arjundhillon07
8940,16660341,"Nefise Aybar","2026-08-04 12:37:29",304.2,2,nefiseaybar
8941,16844194,小林周人,"2026-09-17 14:57:34",304.2,2,kobashu
8942,16941648,ITibe88,"2026-09-22 19:04:58",304.2,2,itibe88
8943,16706276,MitulbhBhatia,"2026-08-18 04:02:38",304.2,2,mitulbhbhatia
8944,16828390,Yuhuping,"2026-09-04 11:22:14",304.1,1,yuhuping
8945,16659523,"Ahmad Khidir","2026-08-27 22:33:31",304.0,1,ahmadkhidir
8946,16655919,"Tạ Minh Lễ","2026-08-04 06:46:45",304.0,2,tminhl
8947,16662659,"Chiziterem Eze","2026-08-11 12:20:48",303.8,2,chiziteremeze
8948,16859646,Andy2009,"2026-09-09 12:12:02",303.7,2,andy2009
8949,16838913,LunaT2,"2026-09-05 09:10:21",303.6,1,lunat2
8950,16783863,"Vivek Vardhan Reddy","2026-08-31 06:14:34",303.6,2,vivekvardhanreddy77
8951,16658897,"Teja Pattem","2026-08-07 10:42:44",303.5,2,tejapattem
8952,16759407,"Giovanni Colpani","2026-08-22 17:02:37",303.4,2,giovannicolpani
8953,16666577,"Jatin khandelwal112","2026-08-05 11:26:41",303.4,2,jatinkhandelwal112
8954,16635243,MlMlDev34,"2026-08-01 11:26:52",303.1,2,mlmldev34
8955,16672689,"Yusuf Yemez","2026-08-06 06:51:07",302.9,1,yusufyemez
8956,16845081,"Sera Ria Gomes","2026-09-10 12:28:43",302.7,2,serariagomes
8957,16689841,Pavani2325,"2026-08-08 10:00:56",302.4,2,pavani2325
8958,16792703,yuvansh,"2026-09-28 00:29:31",302.4,2,yuvansh
8959,16686700,"Hakkı selim Ak","2026-08-07 17:06:03",302.4,1,hakkselimak
8960,16678653,Wzjj98,"2026-08-06 19:31:39",302.3,1,wzjj98
8961,16767037,"Yubraj Sigdel","2026-08-24 15:45:56",302.0,1,yubraj11
8962,16778585,Deepa,"2026-09-27 10:42:27",302.0,2,deepa42639
8963,16793536,yukko08,"2026-09-25 12:09:25",302.0,2,yukko08
8964,16628190,Horizonx30,"2026-08-09 18:06:56",301.8,2,horizonx30
8965,16683136,"Stefano Ciaci","2026-08-16 14:47:29",301.8,2,stefanovcciaci
8966,16632558,RUI,"2026-09-18 11:34:17",301.7,2,zaiwubian
8967,16727044,"Kai Leisten","2026-08-16 10:19:42",301.6,2,kaileisten
8968,16694264,"Vansh Visariya","2026-08-10 09:00:11",301.4,2,vanshvisariya
8969,16700187,"adrian purnama","2026-08-10 10:50:45",301.1,1,adrianpurnama
8970,16936355,"Subinoy Hatai","2026-09-30 15:20:02",301.1,1,subinoyhatai
8971,16655446,"Ismael Omar Leonidas Hurtado Vargas","2026-08-04 00:07:01",301.0,1,ihurtadov
8972,16862308,"Furkan CAT","2026-09-10 15:07:24",300.8,2,furkancat
8973,16663738,"Handre Bezuidenhout","2026-08-04 23:27:08",300.6,2,handrebezuidenhout
8974,16714418,AdriMonFer,"2026-09-01 12:15:21",300.6,2,adrimonfer
8975,16928286,sofonias201012,"2026-09-20 09:33:20",300.3,1,sofonias201012
8976,16719709,Rishiii360,"2026-08-18 03:46:23",300.2,2,rishiii360
8977,16713082,"Siyam Molla","2026-09-06 08:06:43",300.1,2,siyammolla
8978,16675048,Wizard_King,"2026-08-06 19:35:41",299.5,2,anshumanrayy
8979,16655875,PLLZ,"2026-08-17 01:11:41",299.4,2,pllzzz
8980,16831106,asd1984,"2026-09-05 17:40:01",299.2,2,asd1984
8981,16749568,"Nana Hung","2026-08-23 02:17:34",299.0,2,nanahung
8982,16670881,"Amir Y. Sajjadi","2026-08-05 23:56:26",298.9,1,amirysajjadi
8983,16668012,"Aleksander Iżemski","2026-08-05 20:52:54",298.7,2,aizemski
8984,16639067,"ToMY F.","2026-08-11 11:34:31",298.7,1,tomyfdev
8985,16915613,MDM,"2026-09-17 16:03:54",298.6,2,themdm
8986,16676416,"Abhishek Mishra","2026-08-10 10:09:30",298.4,2,abhishekmishra23
8987,16742209,"melih Bektaş","2026-09-26 19:31:08",298.3,2,melihbekta
8988,16942208,"Artem Liahushchenko","2026-09-30 19:18:02",298.2,1,"artemliahushchenko,dmytromishchenko,ihorlubskyi"
8989,16741982,barry_Paddi,"2026-08-27 07:10:52",298.0,2,barrypaddi
8990,16677732,"Alessandro Mermali","2026-08-06 20:52:35",297.8,2,alessandromermali
8991,16683421,"Ruchita Yadav","2026-08-13 18:09:54",297.8,2,ruchitayadav20
8992,16691813,Hyezir4,"2026-08-10 08:36:47",297.8,2,hyezir4
8993,16823229,aper,"2026-09-05 08:42:58",297.6,2,todaya
8994,16858795,"Радик Владимирович Хорошев","2026-09-10 07:59:02",297.4,2,rodionkh
8995,16726021,"The Farm Game","2026-09-02 13:23:00",297.1,2,"tacostew,thomasbower6"
8996,16691667,jeremyllll,"2026-08-12 03:30:26",296.3,2,jeremyllll
8997,16661012,"Tesfahun Feleke","2026-09-24 09:04:19",296.3,2,tesfahunfeleke
8998,16839939,Lemonabc,"2026-09-05 12:56:42",296.1,1,lemonabc
8999,16677312,"Kavuri Sravya","2026-08-19 02:33:01",295.8,2,kavurisravya
9000,16698591,FestusKipkoech,"2026-08-28 18:58:28",295.6,2,festuskipkoech
9001,16774954,Ye_xz233,"2026-08-26 15:35:23",295.5,2,yexz233
9002,16662495,Earth,"2026-08-15 10:54:03",295.3,2,earthearth
9003,16623730,"Ethan Higgins","2026-07-31 02:25:21",295.0,2,ethanhigginz
9004,16694673,"B T Chinmayi","2026-08-27 19:47:10",295.0,2,btchinmayi
9005,16755632,"Adarsh Yadav","2026-08-21 16:34:37",294.7,1,adarsh12yadav
9006,16668271,"Shashank Raj","2026-08-06 14:27:00",294.7,2,ssr6156
9007,16668453,"Kawish Hassan","2026-08-05 16:51:03",294.6,2,kawishhassan
9008,16634016,"Adrien Thomas","2026-09-21 17:32:37",294.3,2,adrienthomas
9009,16661212,AnkitRaj4004,"2026-08-23 13:17:37",294.1,2,ankitraj4004
9010,16660369,"Dev MCP","2026-08-04 12:59:09",294.0,1,nishant2905
9011,16677034,gollapallysaikiraan2,"2026-09-18 21:45:24",293.9,2,gollapallysaikiraan2
9012,16682345,Gordy,"2026-08-31 07:39:13",293.8,2,gordyii
9013,16624553,"Abiram Bharathi S.A","2026-09-08 11:40:32",293.7,2,abirambharathisa
9014,16661690,codefusiondu,"2026-08-06 04:53:25",293.7,2,codefusiondu
9015,16698739,"Sahrul Adicandra","2026-08-11 04:06:08",293.6,2,sahruladicandra
9016,16660996,"Thịnh Nguyễn Chí Tiến","2026-08-08 01:49:40",293.4,2,thnhnguynchtin
9017,16791680,"Surja Sarker","2026-09-04 12:12:24",293.3,2,surjasarker
9018,16830884,"Khalil hafni","2026-09-14 23:51:56",293.0,1,hafnix
9019,16734670,Sparsh,"2026-08-22 01:48:51",292.9,2,sparshsinha24
9020,16715576,bhavnachavda21,"2026-09-29 18:39:58",292.9,2,bhavnachavda21
9021,16770232,MinhTran2346,"2026-09-07 14:12:04",292.9,2,minhtran2346
9022,16690166,"Niteshwar Mishra","2026-08-08 10:02:22",292.7,2,niteshwarmishra
9023,16730679,"Hoàng Trọng Hiếu","2026-09-13 08:32:32",292.7,2,hongtrnghiu
9024,16712958,"Chicken Little","2026-09-27 09:39:49",292.5,1,bcookie11
9025,16660308,zhangzhenman,"2026-08-25 06:14:26",292.4,1,zhangzhenman
9026,16757557,BitxWolf,"2026-08-22 19:06:48",292.4,2,bitxwolf
9027,16732280,"Akarsh kumar shukla","2026-08-18 20:38:35",291.9,1,akarshkumarshukla
9028,16659493,"Ori Glisko","2026-08-09 14:27:44",291.9,2,origlisko
9029,16765805,"sayyad karimun","2026-08-25 10:14:26",291.8,1,sayyadkarimun
9030,16633330,"danielle Ange","2026-08-12 16:26:03",291.7,2,danielleange
9031,16623405,nbarlow,"2026-08-12 20:01:08",291.4,2,nickbarlow
9032,16689943,"NAM NGUYỄN CÔNG","2026-09-24 12:41:05",291.1,2,namnguyenhcmut
9033,16664469,"Thorlapati Nikhil","2026-08-11 19:11:09",290.7,2,thorlapatinikhil
9034,16949156,"shamaev dimon PR-3-1","2026-09-23 19:16:32",290.6,1,shamaevdimonpr31
9035,16654407,"Serendeep Rudraraju","2026-09-04 03:17:43",289.6,2,serendeeprudraraju
9036,16657145,"Shudipto Trafder","2026-08-04 19:25:24",289.5,1,iamsdt
9037,16658320,"Justin Eight","2026-08-27 07:29:52",289.5,2,justineight
9038,16746121,Nononoi,"2026-08-21 07:18:02",289.5,1,nononoi
9039,16686789,Hay-gent,"2026-09-07 05:37:52",289.4,2,"alagusuriyas,gayathrisrimai"
9040,16763916,"Mohamed Nchourupouo","2026-08-24 09:28:47",289.4,2,mohamednchourupouo
9041,16777489,"Yousef Elbaz","2026-08-27 11:18:54",289.3,1,yousefelbaz
9042,16689923,Dhinesh,"2026-08-09 08:39:37",289.3,2,dhineshwarrs
9043,16668166,Pikachu,"2026-08-05 14:52:15",289.2,2,"arpankumarsinha,phantomboy69,subhojitpaul2006"
9044,16666056,"sarthak gupta1303","2026-08-05 11:01:04",289.1,2,"sarthakgupta1303,sathviktummalapenta"
9045,16659453,"Ishwar Rathod","2026-08-06 03:29:27",288.8,2,ishwarrathodofficial
9046,16784538,"mou1234568 fdsfds","2026-08-28 18:05:29",288.8,2,mou1234568fdsfds
9047,16623161,"Charles Kalaba","2026-08-08 13:06:02",288.6,2,charleskalaba
9048,16665661,Ikhbar,"2026-08-05 09:50:57",288.6,2,ikhbar
9049,16672168,"Justin Rutkowski","2026-09-13 08:13:41",288.5,2,justinrutkowski
9050,16659865,Rithikaaaaah,"2026-08-17 07:09:08",288.4,2,rithikaaaah
9051,16707179,"Achintya Rai","2026-08-12 11:15:16",288.4,2,achintyarai
9052,16796258,"Lanzhi Jiao","2026-09-03 08:31:13",288.3,1,lanzhijiao
9053,16671959,"Sintu Verma","2026-08-09 05:44:56",288.3,2,sintuverma
9054,16654348,rkeshwani,"2026-08-07 16:17:49",288.1,2,rkeshwani
9055,16807668,kilariHemalatha,"2026-09-05 04:33:19",288.0,1,kilarihemalatha
9056,16739356,Renuka,"2026-09-22 11:47:53",287.8,1,alphy1603
9057,16682559,"Punit Pritam Mohanty","2026-08-11 06:21:03",287.7,2,punitpritammohanty
9058,16681177,"Ivan Kevin Garcia Hernandez","2026-08-17 19:25:34",287.6,2,jedilgh
9059,16661551,SimonAx,"2026-08-10 09:41:59",287.2,2,simonaxel
9060,16631989,"VIDIT SHRIMALI","2026-07-31 17:13:46",287.0,1,viditshrimali
9061,16725769,NikunjMakhija_,"2026-08-19 13:01:57",286.8,2,nikunjmak
9062,16729246,"Ayodeji Akinola","2026-08-29 19:45:30",286.8,2,ayodejiakinola
9063,16777607,"je nap","2026-08-30 01:56:28",286.7,2,johnenapoles
9064,16912620,"Mitul Khemani","2026-09-17 09:25:17",286.4,2,mitulkhemani
9065,16676305,JTHEFROG,"2026-08-08 12:09:45",286.4,2,joshyuasa
9066,16662491,Rudra070311,"2026-08-11 17:06:39",286.4,2,rudra070311
9067,16654253,"Gaius K Biju","2026-08-03 18:51:18",286.3,2,gaiuskbiju
9068,16858496,"Aziz Alqwm","2026-09-28 06:36:01",286.2,2,azizalqwm
9069,16723045,"Albert Einstein F Muritiba","2026-09-27 17:33:52",286.1,2,spideryzarc
9070,16659696,"Lakshyaraj Singh Rathore","2026-09-05 18:47:32",286.0,2,lakshyarajrtm
9071,16810051,Reddi_twelve,"2026-09-03 23:26:30",285.8,1,redditwelve
9072,16665360,"Ayush Bhadauria","2026-08-19 11:11:51",285.5,2,ayushbhadauria50
9073,16658452,Hillclimber,"2026-09-13 01:50:22",285.4,2,driessmit1
9074,16838645,"Deepak #2","2026-09-06 10:20:54",284.8,2,deepakup85
9075,16713319,"David Tilman","2026-08-12 18:56:13",284.5,2,davidtilman
9076,16660992,"Vishnu Vardhan Dumpala","2026-08-05 18:17:30",284.4,1,vishnuvardhandumpala
9077,16669535,sakshitantak,"2026-08-08 05:16:32",284.4,2,sakshitantak
9078,16709165,"Yooraj Gole","2026-08-13 18:10:17",284.3,1,yoorajgole
9079,16789486,TanjiahaoXX,"2026-08-29 07:47:37",284.0,1,tanjiahaoxx
9080,16769212,"jason vetter","2026-08-25 05:48:22",284.0,1,jasonvetter
9081,16701924,"Uma maheshwari T","2026-09-23 15:36:09",283.9,1,umamaheshwarit
9082,16663351,MiguelS,"2026-08-07 15:25:29",283.7,2,lordm758
9083,16667033,"Geethika Sandireddy","2026-08-15 07:04:31",283.6,2,geethikasandireddy
9084,16670600,"Leon Lum","2026-08-20 14:58:27",283.5,2,leonlum
9085,16690055,"Prem Kumar","2026-09-02 05:56:28",283.5,2,premkumar099
9086,16882973,"Omar Tarek Abdelkader Ahmed El Belbeisy","2026-09-12 22:59:07",283.4,2,patmux
9087,16682262,"Pardeep Singh","2026-09-01 11:01:27",283.3,2,pardeep06
9088,16932204,"Doğuş Özel","2026-09-20 22:27:23",283.0,2,dozel7
9089,16774471,"Seymour Schmidt","2026-09-16 10:56:11",283.0,2,angrybread
9090,16725135,"clement cg","2026-08-19 07:54:00",282.8,2,clementcg
9091,16693821,"DARSHAN A","2026-08-11 18:02:26",282.8,2,ad12345kag
9092,16929788,"Yusuf Sanusi","2026-09-21 00:50:47",282.4,2,mindbender7
9093,16634769,Fivingone,"2026-08-03 03:47:43",282.4,2,fivingone
9094,16641866,"Prem Gandhi","2026-08-06 19:48:18",282.3,2,gprem352
9095,16761681,"Ming Myung","2026-08-24 05:12:56",282.2,2,vanhaminhquan
9096,16766823,suikkee,"2026-09-02 05:05:50",281.8,1,suikkee
9097,16794729,Copperford,"2026-09-08 00:41:27",281.8,2,copperford
9098,16797284,Alice7371,"2026-08-31 17:58:22",281.7,1,alice7371
9099,16681783,"Next billionaire ","2026-09-30 22:43:51",281.4,2,nextbillionaire
9100,16898267,Tannybro,"2026-09-20 09:31:41",281.3,2,tannybro
9101,16660473,"Owen M Kelley","2026-08-10 00:53:11",281.3,2,owenmkelley
9102,16716476,lnssan,"2026-08-20 13:05:18",281.3,2,lukanilssandmayr
9103,16658450,"Krish Singh","2026-08-05 16:11:00",281.1,2,krishsingh2283
9104,16705294,"zhenf Liu","2026-08-11 07:51:06",280.7,2,zhenfliu
9105,16681801,majj,"2026-08-11 03:07:46",280.4,2,m313786372
9106,16732315,"Filip Chladek","2026-08-17 13:37:38",280.3,2,filipchladek
9107,16662913,"IYAMPAYE ribert","2026-08-04 19:01:38",280.1,1,iyampayeribert
9108,16752152,abpp,"2026-09-30 19:15:02",280.0,2,abppyo
9109,16800468,Vaishnavi,"2026-09-01 11:13:30",280.0,1,vaishnavisri09
9110,16919058,"Bethany Stringer","2026-09-19 10:18:38",279.9,1,bethanystringer
9111,16667406,"Abdulrahman AlAsali","2026-08-05 13:20:41",279.1,1,abdulrahmanalasali
9112,16691354,"Vedika Gupta","2026-08-08 14:20:25",278.9,1,vedikagupta0
9113,16845556,"li Insomenia","2026-09-07 04:07:10",278.8,2,liinsomenia
9114,16665758,"Oladipo Bashir","2026-08-31 10:23:51",278.8,1,oladipobashir
9115,16721849,ayushai8714,"2026-08-28 09:36:41",278.7,2,ayushai8714
9116,16712257,Banarto,"2026-08-13 07:49:16",278.7,1,banarto
9117,16653903,Manav2805,"2026-08-04 09:25:08",278.3,2,manav2805
9118,16716592,"Poma Mikhail","2026-09-10 09:08:04",278.1,2,ambisinistra
9119,16655621,xia0910,"2026-08-08 11:03:21",277.9,2,xia0910
9120,16701902,"Matthew Souza Chong","2026-08-11 05:58:50",277.7,2,matthewsouzachong
9121,16672138,mostafa69ca,"2026-08-06 05:03:43",277.6,1,mostafa69ca
9122,16724743,"Dr. James Gambrah","2026-08-17 08:48:47",277.3,2,jamesgambrah
9123,16682454," Vandanaa R","2026-09-02 09:48:24",276.9,2,vandanaar
9124,16646076,"Ajeet Krishnasamy","2026-08-04 19:52:27",276.8,2,ajeetkrish
9125,16751311,JoangHZ,"2026-08-21 09:18:57",276.7,2,joanghz
9126,16784712,SIDDpat,"2026-08-30 08:13:50",276.6,2,siddpat
9127,16728465,"Abdurrahman Assegaf","2026-08-16 12:13:15",276.3,2,amanshop
9128,16665252,"Harsh Katara","2026-08-05 06:51:14",276.3,1,harshkatara
9129,16666353,"Pal Savani","2026-09-14 19:01:01",276.1,2,palsavani
9130,16707092,"Asharani Sahu","2026-08-11 11:19:08",275.8,1,asharanisahu
9131,16765570,"Akhand Soni","2026-08-24 12:47:42",275.8,1,akhandsoni
9132,16882182,":T Eh?","2026-09-13 09:16:32",275.4,1,goulustis
9133,16858604,"Ye Naing","2026-09-10 02:42:59",274.8,2,yenaing
9134,16707118,"DEVEN BAGADE","2026-08-11 11:24:10",274.3,2,devenbagade
9135,16654430,"Rishoban Y","2026-08-07 13:46:37",274.3,1,rishoban
9136,16698920,"Rishabh Bhartiya","2026-08-12 13:48:26",274.2,2,rishabhbhartiya
9137,16882689,Soodari,"2026-09-12 21:56:31",274.2,2,soodari
9138,16685996,"Universal Entropy","2026-08-07 16:22:28",274.2,1,fennerjw
9139,16656351,"Triet Ho","2026-08-07 07:27:33",274.0,2,trietho247
9140,16702052,"Beny Pratama Putra","2026-08-12 16:18:20",273.9,2,benypratamaputra
9141,16728948,L3MG,"2026-08-16 21:17:06",273.4,2,lemgyy
9142,16765997,"Diya Sharma","2026-09-13 18:08:07",273.1,2,diyasharmanexa
9143,16664718,Vedika_,"2026-08-11 18:28:09",272.6,1,lighjt
9144,16839430,EliaSav,"2026-09-06 15:33:34",272.6,2,eliasav
9145,16730086,HanaGhanem,"2026-09-20 22:15:11",272.5,2,hanaghanem
9146,16664218,"Nguyen Vu Tue Khang","2026-08-24 03:32:10",272.4,2,nguyenvutuekhang
9147,16665371,"Kevoh Mutwiri","2026-09-20 20:33:29",272.2,2,kevohmutwiri
9148,16676302,Arnav,"2026-08-08 06:10:01",271.9,2,arnav03101
9149,16690163,"Abhay Upadhyay","2026-08-08 18:05:54",271.4,2,abhay18s
9150,16658941,Matts6591,"2026-08-17 07:59:36",271.0,1,mathwithmatt
9151,16662403,"ulaş özen","2026-08-05 19:49:16",270.7,2,ulazen
9152,16633982,Nikunj1375,"2026-08-07 08:40:29",270.5,2,nikunj1375
9153,16656506,"Piyush Harde","2026-08-04 12:54:26",270.5,2,piyushharde
9154,16840168,"gratefully dumb","2026-09-30 21:59:21",270.3,2,gratefullydumb
9155,16663600,"Adrián Flores","2026-08-05 00:38:36",270.3,2,foward2892
9156,16684223,"Aayush Shah","2026-08-13 17:57:28",270.0,2,aayushshah265
9157,16662054,"phantom of shubh","2026-08-11 07:54:46",269.9,1,shubhamkumar123490
9158,16720606,Williamtime,"2026-08-17 03:11:34",269.8,2,williamtime
9159,16711610,cc_z_kaggle,"2026-08-12 09:33:23",269.7,1,cczkaggle
9160,16809426,"The Nafl","2026-09-10 11:20:55",269.5,2,nafalrust
9161,16785111,"JEFFREY KIRUBA J ","2026-08-28 18:07:41",269.4,1,jeffreykirubaj
9162,16675037,"Stanislav Pashkov","2026-08-08 20:50:16",269.0,2,stanislavpashkov
9163,16661290,"Kelian Esteve","2026-08-04 14:33:13",269.0,1,kelianesteve
9164,16712089,"yui seya","2026-08-12 12:17:02",268.9,2,yuiseya
9165,16721533,"Lakshya Sharma","2026-08-16 06:01:34",268.8,2,lakshyasharma007
9166,16904216,ACCCC114514,"2026-09-28 02:54:43",268.7,1,acccc114514
9167,16667773,ShashankJha,"2026-09-25 17:08:01",268.6,2,shankinfy
9168,16885028,"wen yimeng","2026-09-13 09:26:04",268.5,1,wenyimeng
9169,16658990,"Muhammad Burhan SE-45-02","2026-08-07 04:26:18",268.5,2,muhammadburhanse4502
9170,16711348,ticoraph,"2026-08-21 18:55:56",268.5,2,ticoraph
9171,16814858,"Sankalp Patidar","2026-09-15 08:57:20",268.3,2,sankalppatidar
9172,16784225,sulala,"2026-08-29 08:51:26",268.3,2,sulala
9173,16659975,"Rahul Sain","2026-08-05 18:54:58",268.3,2,rahulsain2001
9174,16706312,"shabbar taj","2026-08-11 16:35:57",268.1,2,shabbartaj
9175,16652397,"Aniket Kumar","2026-08-06 13:29:50",267.9,2,kalkiavatar3
9176,16661639,"Jayanth Kumar D","2026-08-06 13:36:46",267.8,2,jayanthkumard
9177,16659203,"Praful Nayak","2026-08-05 08:17:06",267.8,2,prafulnayak2003
9178,16661955,Bingos,"2026-08-05 11:43:07",267.7,2,bingos
9179,16652970,"Abhay sarkar","2026-08-05 14:40:05",267.6,1,abhaysarkarai
9180,16922872,EricWang,"2026-09-18 23:56:44",267.5,1,ericwang915
9181,16655315,SL,"2026-08-13 01:50:18",267.5,2,xndr007
9182,16792780,"Sreekar Reddy","2026-09-01 15:33:38",267.2,2,eshured
9183,16747086,Karma_350234,"2026-08-20 09:56:52",267.2,1,karma350234
9184,16666639,"Dheeraj Pranav","2026-08-24 19:38:42",267.0,1,dheerajpranav
9185,16818690,"Arionchen TitanTeam","2026-09-04 08:52:16",266.7,2,arionchentitanteam
9186,16675218,데미안과마루,"2026-08-18 14:16:13",266.4,2,siver3
9187,16692084,"Kaggri Farmers","2026-08-29 19:47:29",266.1,2,"jayant99acharya,satvikkolluru"
9188,16643303,sigireddyBalasai,"2026-09-12 11:40:23",265.8,2,sigireddybalasai
9189,16650070,"jakub slavíček","2026-08-04 12:58:40",265.5,2,jakubslavicek
9190,16661879,"Pham Truc","2026-08-07 07:21:46",265.2,1,genti1206
9191,16690187,"Amrita Singh","2026-08-08 10:34:51",265.0,2,amrita004
9192,16651668,Haiku,"2026-08-05 06:28:54",264.8,2,yangjiefu
9193,16773545,faithk7u,"2026-08-31 21:57:43",264.5,2,faithk7u
9194,16678362,"Mitiku Yohannes","2026-08-07 00:00:37",264.2,2,mitiku
9195,16893131,"Jenny Dinh","2026-09-30 16:25:49",264.2,2,"jeanguo000,jenny125,keytran8850"
9196,16658725,"syed jawad","2026-08-17 08:49:32",264.1,1,syedjawad663
9197,16723487,RoboDavo,"2026-08-19 00:36:17",264.1,2,robertdavidson1911
9198,16665114,"Francesco Benincasa","2026-08-05 09:56:52",264.1,2,francescobenincasa
9199,16662861,"Chirag Tutlani","2026-08-04 19:13:05",264.0,1,chiragtutlani
9200,16758856,"Ali Zaib","2026-08-27 20:12:02",263.8,2,alizaib001
9201,16794647,"Michael Cahill","2026-09-01 07:46:28",263.7,2,michael1232
9202,16674678,"Tinotenda Garikayi","2026-09-28 06:00:34",263.5,2,tinotendagarikayi
9203,16653054,Khongor2424,"2026-08-03 15:32:17",263.5,2,khongorkikaik21
9204,16925237,"Abdullah Ahmed saeed","2026-09-22 09:42:28",263.3,2,abdullahahmedsaeed
9205,16748410,Lemons,"2026-08-21 19:44:07",263.2,1,takahiromatoba
9206,16723583,"varun chindage","2026-09-25 01:13:18",262.8,2,stormy420
9207,16690514,"Aditya #3","2026-08-09 06:29:48",262.5,1,a0x1ab
9208,16757233,"Tet Toe Wai","2026-08-24 07:51:45",262.5,1,tettoewai
9209,16791786,BladeOffline,"2026-08-30 03:42:42",262.3,1,bladeoffline
9210,16810780,prachi.icy,"2026-09-27 15:56:31",261.9,2,prachinikalje
9211,16805109,"иван астахов","2026-09-10 21:30:35",261.7,2,iastakhov
9212,16668559,Goups,"2026-08-22 09:11:46",261.7,2,hervrenard
9213,16926905,"George Quadros","2026-09-21 21:56:55",260.9,2,georgequadros
9214,16942701,"Tasmin Ara Chowdhury","2026-09-29 19:08:41",260.7,2,tasminarachowdhury
9215,16701143,macneil,"2026-08-14 14:53:54",260.6,2,macneil
9216,16677629,"XIE Jintao","2026-08-06 18:47:28",260.5,2,xiejintao
9217,16922932,Anteee231,"2026-09-21 04:19:19",260.4,2,anteee231
9218,16669576,"zarnab waheed","2026-08-17 19:20:34",260.3,2,zarnabwaheed
9219,16670185,"Odilon Yehouenou","2026-08-13 20:23:58",260.1,2,odilonyehouenou
9220,16773858,"Kundan Kumar","2026-09-29 05:28:02",259.9,2,edkundan
9221,16657159,"Amey Malpurkar","2026-08-11 07:35:27",259.6,2,"ameymalpurkar,siddheshsadarao"
9222,16862268,"Vishal Harry","2026-09-12 21:26:48",259.5,2,vshr777
9223,16659581,"isah ridwan","2026-08-07 09:02:00",259.4,2,isahridwan
9224,16842088,"Hrithik Reddy","2026-09-07 09:46:01",259.4,1,hrithik22122
9225,16682623,"Aditya Paul","2026-08-14 12:44:45",259.3,2,adityapaul634
9226,16932531,"Ankur Agarwal","2026-09-20 22:56:55",259.2,1,ankur98
9227,16684308,Itsside_jay,"2026-08-07 11:46:48",259.1,1,itssidejay
9228,16712086,"Zubair Shafi","2026-08-16 23:23:04",258.8,2,zubairshafi5050
9229,16697373,"Sumit Bhattacharjee","2026-08-29 18:29:11",258.2,2,sumitbhattacharjee
9230,16765329,"Bart Woz","2026-08-31 14:18:24",257.9,2,bartwoz
9231,16684168,"Roaya Saed","2026-08-10 14:36:20",257.7,1,roayasaed
9232,16690882,"Meet P. Shah","2026-09-05 04:32:03",257.4,2,meet47
9233,16725104,ManasviVarma,"2026-08-23 10:20:35",257.3,1,manasvivarma
9234,16847927,"Laiba Hameed","2026-09-12 09:00:51",257.1,2,laibahameed08
9235,16724204,chestnut,"2026-08-21 02:15:17",257.0,2,yskkrbysh
9236,16656881,"Eugene Nyondo","2026-08-30 22:33:50",257.0,2,eugenenyondo
9237,16849173,"Sarvajith Adyanthaya","2026-09-07 16:51:17",257.0,1,sarvajithadyanthaya
9238,16660543,"BUTUH DUIT","2026-08-06 07:39:16",256.8,2,abulkahfi
9239,16687648,"RSJ CorneR","2026-09-23 19:07:08",256.6,2,rsjcorner
9240,16658065,"Parul Mittal","2026-08-06 13:55:51",256.5,1,pisces83
9241,16740950,Shaw,"2026-08-23 10:07:14",256.4,2,shaw06
9242,16730653,"Daham Dissanayake","2026-08-21 03:17:15",256.3,1,"dahamdissanayake,dinuginimnara"
9243,16668333,VishalVivek,"2026-08-07 09:46:17",256.3,1,vishal14332
9244,16746682,"julio cesar valencia","2026-09-24 04:19:19",256.1,2,juliocesarvalencia
9245,16657891,"Joshua Kinnah","2026-08-07 23:00:45",255.9,2,joshuakinnah
9246,16668464,Mauro,"2026-08-05 15:57:27",255.7,2,ilmaurino
9247,16713601,"Omar spok","2026-08-19 13:27:13",255.3,2,omarspok
9248,16762045,ADV,"2026-08-23 13:28:56",254.9,1,shuntianjiang
9249,16811014,"Overfit and Chill","2026-09-18 12:41:38",254.5,2,toyeshchakravorty
9250,16655003,"Paramjeet Kaur","2026-08-04 21:09:02",254.4,1,kauxp26
9251,16632319,Valentin,"2026-07-31 21:14:24",254.3,1,vaha94
9252,16661213,"Daniel Siersleben","2026-08-05 12:53:41",254.3,1,danielsiersleben
9253,16759726,Phoenix,"2026-08-22 19:43:10",254.2,1,seanht1
9254,16672670,RonTroy,"2026-08-13 04:46:15",253.7,2,rontroy
9255,16748712,"Amit Kumar Gupta","2026-08-21 13:33:00",253.7,2,eramitg
9256,16637025,kodalien,"2026-08-10 15:21:00",253.6,2,kodalien
9257,16683284,"Haha Farming","2026-08-07 14:38:04",253.4,1,"akshitharamesh,harinir1423"
9258,16684191,"Patel Aryan D","2026-08-10 07:36:13",253.4,2,patelaryand
9259,16771870,"kumi cho","2026-09-22 14:52:46",253.3,2,kumicho
9260,16750033,davidw001,"2026-08-20 17:13:07",253.2,1,davidw001
9261,16938753,"Kedar K0","2026-09-22 03:42:53",252.9,1,kedark0
9262,16756768,"Sayeed Ibrahim","2026-08-22 01:32:12",252.8,2,sayeedibrahim
9263,16939560,"Zhi Quan","2026-09-22 05:35:09",252.3,1,zhiquannn
9264,16654568,Samiksha_Chan1022,"2026-09-20 14:26:32",252.2,2,samikshachan1022
9265,16660529,Imaanga,"2026-08-10 11:41:21",252.2,2,imaangababy
9266,16840506,"Jayanth Earla","2026-09-10 16:46:21",251.7,2,jayanthearla
9267,16784605,"Iniyan M D R","2026-08-28 13:53:22",251.7,1,iniyanmdr
9268,16697283,Puranjay02,"2026-09-10 07:09:06",251.6,2,puranjay02
9269,16948168,"Анна Кондратенко","2026-09-23 16:03:20",251.6,2,"anetka2006,serhiibarsul"
9270,16677565,"Avish Sinha","2026-09-28 19:50:31",251.4,2,avish006
9271,16673753,hmmmSure,"2026-09-15 18:13:47",251.3,2,gerardnitt
9272,16669411,"Atta Ullah","2026-08-10 13:28:30",251.2,2,attaullahqau
9273,16659060,Pratham3gewg,"2026-08-06 18:26:51",250.7,2,pratham3gewg
9274,16690161,"Sudipto Event","2026-08-11 09:25:00",250.5,2,sudiptoevent
9275,16687151,harshi101,"2026-08-08 06:32:37",250.2,2,harshi101
9276,16643821,"arnav chaturvedi123","2026-08-02 22:16:08",249.9,2,arnavchaturvedi123
9277,16924232,Heshwa,"2026-09-19 08:08:28",249.8,2,heshwa
9278,16652276,Phare111,"2026-08-04 15:09:55",249.8,1,phare111
9279,16713204,Mohamedg,"2026-08-24 23:15:06",249.1,2,mohamedgcroesus
9280,16862181,"M chetin","2026-09-12 18:51:14",249.0,2,cetin95
9281,16942732,Hogwarts,"2026-09-30 13:11:57",248.7,1,"janakiramdavuluri,zoro86"
9282,16657378,doteeee,"2026-08-14 11:43:40",248.4,2,narendra
9283,16625775,liubingxin205,"2026-08-15 06:29:40",248.4,2,"hongjuw,liubingxin205"
9284,16707228,"Milind Bansal","2026-08-11 11:45:00",248.4,1,milindbansal18
9285,16748206,ArtlexYang,"2026-08-25 08:43:28",248.3,1,artlexyang
9286,16790545,Adnane,"2026-09-01 02:18:09",248.1,2,adnaneel
9287,16707372,"zidu cheng","2026-08-11 13:30:40",248.0,1,ziducheng
9288,16708091,"Dipak Kumar Samanta","2026-08-11 15:17:04",247.9,1,dipak889
9289,16669314,"Editor Jugnu AI","2026-09-06 08:31:32",247.2,2,editorjugnuai
9290,16667700,"Omar Mohammad","2026-08-05 15:52:54",247.0,2,omarmohammadw
9291,16663945,anyasri,"2026-09-22 18:19:28",246.8,2,anyasri
9292,16744954,charley8,"2026-08-22 06:23:36",246.7,2,charley8
9293,16665243,"Harshit Jha","2026-08-05 13:40:16",246.7,2,harshitjha28
9294,16676084,"Abir Majdi","2026-08-24 00:24:35",246.7,2,abirmajdi
9295,16659698,"Duy Anh Nguyễn","2026-08-07 10:23:27",246.5,1,duyanhnguyn
9296,16911725,"casey blanche","2026-09-18 23:50:00",246.4,2,caseyblanche
9297,16676007,"Lao KENAO","2026-08-15 01:15:48",246.2,2,laokenao
9298,16659001,"Tim Wanjohi","2026-08-12 11:43:16",245.5,2,timwanjohi
9299,16811524,PeiyuQian,"2026-09-11 16:00:55",245.4,2,peiyuqian
9300,16658357,heetmehta18,"2026-08-07 13:30:40",244.9,2,heetmehta0000
9301,16740795,Yanshaoo2026,"2026-08-19 08:40:17",244.9,1,yanshaoo2026
9302,16889340,aryansaini1612,"2026-09-15 04:04:12",244.4,1,aryansaini1612
9303,16676991,"Jack Hopkins","2026-08-19 19:11:37",244.4,2,jackhopkins
9304,16658489,小出和見,"2026-08-13 23:23:04",244.0,2,kzmk8d
9305,16624246,"xu j1ayang","2026-08-11 05:12:47",243.9,2,xuj1ayang
9306,16682422,"SABBIR HOSSAIN 2029","2026-08-16 14:23:24",243.9,2,sabbirhossain2029
9307,16686950,"Kittikhun Pachana","2026-08-08 00:16:11",243.8,2,kittikhunpachana
9308,16658620,"Dina Chettouh","2026-08-04 09:13:27",243.1,2,dinachettouh
9309,16762084,"Krishna Lokhande","2026-08-23 14:08:48",242.4,1,krishnalokhande8080
9310,16653997,"Alekya Valapushetty","2026-08-05 13:52:08",242.1,2,alekyavalapushetty
9311,16868524,"Chutayu Adhittayawong","2026-09-11 03:30:13",242.0,2,arteezy009
9312,16659804,"Gashahun Demise","2026-08-04 13:23:20",242.0,2,gashahundemiset
9313,16918745,Xstella,"2026-09-30 13:34:04",241.6,2,xstella
9314,16865663,GauravPramodJain,"2026-09-10 09:44:04",241.5,1,gauravpramodjain
9315,16635098,"Charvi Upreti","2026-08-15 05:43:59",241.3,1,charviupreti
9316,16920837,"Borys Koza","2026-09-18 13:00:28",240.9,1,boryskoza
9317,16666316,adityakr1001,"2026-08-05 09:33:41",240.8,1,adityakr1001
9318,16684535,Moonlight,"2026-09-07 14:16:17",240.7,2,rajesh1joc
9319,16761731,"James Hu","2026-08-23 17:50:28",240.5,1,cnjameshu
9320,16920587,"Agnieszka Jabłońska","2026-09-18 14:17:48",240.0,1,agnieszkajaboska
9321,16676501,"[Deleted] cf820879-5b51-45ff-9f0a-1d88833299b5","2026-08-08 08:32:10",239.9,2,kamraanmulani
9322,16772388,XiaozhenWu2002,"2026-08-29 16:21:55",239.4,2,xiaozhenwu2002
9323,16658676,"Abdul Roheem Abdul Warith","2026-08-04 18:59:04",239.4,1,albasoliyy
9324,16655508,bigsea,"2026-08-04 01:31:58",239.3,2,sakamakihiromi
9325,16923722,Coders,"2026-09-26 16:02:31",239.0,1,"dhanalakshmi33,sruthi007,subbanbeeepanagandla"
9326,16785175,SonOfNike,"2026-08-28 17:20:58",238.9,1,sonofnike
9327,16929949,"mohamed seddik sakai","2026-09-22 13:32:24",238.9,2,mohamedseddiksakai
9328,16805585,"Hrishikesh Dhuri","2026-09-28 05:44:45",238.4,2,hrishikeshdhuri19
9329,16849556,"Peter Bull","2026-09-08 12:41:45",238.3,2,peterbull
9330,16660471,"Obsessed Beings","2026-08-24 16:44:48",238.2,2,"meur99,muhammedsaeed315,obsessedbeing,studentwork01"
9331,16741555,"Rushikesh Shirwalkar","2026-08-19 11:02:46",238.2,2,rushikeshshirwalkar
9332,16623099,"Bovard Doerschuk-Tiberi","2026-07-30 21:04:23",238.1,1,bovard
9333,16809584,"Kinnal Rutu","2026-09-02 15:01:01",237.9,2,kinnalrutu
9334,16672982,"Enes Aytaç","2026-08-14 12:12:24",237.7,2,enesayta
9335,16658783,"Devesh Choudhury","2026-08-07 17:08:33",237.3,2,deveshchoudhury
9336,16657440,Lz7_129,"2026-08-04 15:26:01",237.0,1,lz7129
9337,16680789,Marouane,"2026-08-15 02:41:18",236.9,2,marouanealahyane
9338,16756174,"Mateo Coelho","2026-09-02 19:10:01",236.9,2,mathsco
9339,16664863,zzzhhcc,"2026-08-13 06:15:42",236.8,2,zzzhhcc
9340,16733752,Abhi,"2026-08-17 19:34:16",236.8,1,zeroday19
9341,16753817,Karmers,"2026-09-24 08:52:46",236.7,2,"prasenjittadake,swapnilpatil2737"
9342,16749514,"M Harini","2026-09-21 14:52:15",236.5,2,rvmharini
9343,16677788,DorianCo,"2026-08-06 18:10:06",236.3,2,dorianco
9344,16666553,DevChheda26,"2026-08-05 09:53:22",236.3,1,devchheda26
9345,16880785,"CHIDANANDA G L","2026-09-12 11:18:48",236.2,2,chidanandagl
9346,16627717,da_pond,"2026-07-31 08:33:57",235.9,1,dapond
9347,16780106,"Mirangga Jakti","2026-09-09 20:05:22",235.7,2,miranggajakti
9348,16658795,"Case Seller","2026-08-30 06:46:45",235.6,2,caseseller
9349,16679467,"Ahmed Zedan","2026-08-18 00:28:27",235.6,2,ahmedzedan11
9350,16683428,"Darsh Jilka","2026-08-19 09:03:08",235.0,2,darshjilka
9351,16813582,Soham_7391,"2026-09-16 09:59:13",235.0,2,soham7391
9352,16656198,N9uy3nPham,"2026-08-06 10:56:04",234.9,2,n9uy3npham
9353,16661831,vinit,"2026-09-30 15:09:23",234.9,1,vinitkp
9354,16655734,dworld,"2026-08-05 04:13:18",234.8,2,jagdishhalde
9355,16767173,AgriNexus,"2026-09-12 12:58:54",234.7,2,rashmirajput0102
9356,16666512,RexHuang936,"2026-08-07 08:51:41",234.7,2,rexhuang936
9357,16929898,"Senadie Damsini Fernando","2026-09-20 10:49:49",234.5,1,senadiefernando
9358,16663253,"Albert Benjamin Asare","2026-08-06 19:29:05",234.3,2,albertbenjaminasare
9359,16698562,Kyoko004,"2026-08-11 04:38:18",234.2,1,kyoko004
9360,16856961,"Victor Egbo","2026-09-10 08:38:48",234.2,2,victoregbo
9361,16798369,"Olabode James","2026-09-01 20:40:53",233.9,1,olabodejames
9362,16739918,POLAROID_86,"2026-08-18 21:56:04",233.8,2,polaroid86
9363,16769754,daguniang,"2026-08-26 00:44:59",233.8,2,daguniang
9364,16658888,NovaBytes,"2026-08-06 07:06:34",233.7,2,"drashtisingh14,kjjkjjk3107"
9365,16633483,"benkerrouche abdelbasset","2026-08-07 16:11:50",233.7,1,bassetkerouche
9366,16790992,"Matthew Knyazev","2026-08-29 17:53:40",233.6,1,matthewknyazev
9367,16774202,Wrs,"2026-08-26 09:21:40",233.6,1,wrsarch
9368,16654306,Shubham,"2026-08-03 19:09:40",233.5,2,sanjayshubham24
9369,16841154,Kinjal,"2026-09-05 22:13:51",233.3,2,kinjalparmar5009
9370,16681959,"shun takinami","2026-08-07 05:43:47",233.1,1,shuntakinami
9371,16660957,CREVATEC,"2026-08-11 09:30:33",232.8,2,"olakunleolalekan,samueloladeji"
9372,16867865,"ADITYA RAJ","2026-09-29 17:48:25",232.6,2,adityaraj2026yp
9373,16690494,StevenBeyen,"2026-08-13 07:55:32",232.4,2,beyensteven
9374,16665704,"Sreesanth M S","2026-08-05 07:12:05",232.3,1,sreesanthms
9375,16696266,"Pandarasamy Arjunan (Samy)","2026-08-09 14:16:03",232.0,1,samy101
9376,16733204,"Sompalli Akhil Kumar","2026-08-18 10:14:08",232.0,2,sompalliakhilkumar
9377,16731278,"hayim lusthaus","2026-09-25 20:20:52",232.0,2,haimlust
9378,16678355,"Tanuj Saxena","2026-08-07 10:10:24",231.9,2,tanujsaxena
9379,16942668,"Levreau Camille ","2026-09-28 12:35:00",231.9,2,"dechant,levreaucamille"
9380,16657426,"M.Mukunda Reddy","2026-08-17 06:18:11",231.8,2,mmukundareddy
9381,16724512,"Diw Gupta","2026-08-21 13:45:51",231.6,1,diwgupta
9382,16677517,justnyoike,"2026-08-10 01:12:56",231.6,2,justnyoike
9383,16662039,"Ajat Rosadi","2026-08-04 16:58:10",231.6,2,ajatrosadi
9384,16755664,"Shivam Rajdev","2026-09-04 19:28:36",231.5,2,shivamrajdev
9385,16661469,"Qiqi Xie","2026-08-06 20:53:32",231.3,2,qiqixie123
9386,16718890,"Andy Symonds","2026-08-19 23:04:11",231.2,2,andyivanhoe
9387,16936360,nicapotato,"2026-09-21 13:51:51",231.0,1,nicapotato
9388,16649650,"Ashish Barnawal","2026-08-11 04:08:04",230.7,1,klein4
9389,16757098,"Tharun kumar Jaya kumar","2026-08-30 02:29:39",230.6,1,tharunkumarjayakumar
9390,16761994,"Talha Sayyad faim","2026-08-23 11:32:37",230.6,1,talhasayyadfaim
9391,16841277,"Luis Garza Gonzalez","2026-09-08 05:07:26",230.5,2,luisgarzagonzalez
9392,16941661,Parthasaradhy,"2026-09-22 16:02:49",230.4,2,parthasaradhy
9393,16790483,"ivo nahuel jasinskas","2026-08-29 14:08:28",230.4,1,ivonahueljasinskas
9394,16668032,pat999,"2026-08-08 08:30:58",230.2,2,pat999
9395,16623823,"Julieta Rubis","2026-07-31 04:45:53",230.2,2,julietarubis
9396,16660450,"prashant prakash","2026-08-08 09:45:36",229.8,2,prashantprakash28
9397,16654853,"Saketh Rao","2026-08-03 21:43:14",229.7,1,sakethrao
9398,16703295,Yuting,"2026-08-13 20:42:16",229.7,2,yutinghanuxd
9399,16736084,"Kaishang Zhang","2026-09-02 13:41:28",229.3,2,kaishangzhang
9400,16755377,"Rishi Sutar","2026-09-29 17:34:44",229.3,2,rishisutar
9401,16809620,"Mohamed Alaa Elboraay","2026-09-02 19:11:42",229.2,2,mohamedalaa10
9402,16655813,minerppdy,"2026-08-04 06:06:58",229.2,1,minerppdy
9403,16649074,nanato,"2026-08-28 04:27:29",229.1,1,nanato
9404,16719618,Javierrcs,"2026-08-14 13:16:05",229.0,1,javierrcs
9405,16778813,ShotDownInMay,"2026-09-27 07:37:25",228.9,1,shotdowninmay
9406,16948529,"Daria Liubarets","2026-09-23 16:33:49",228.8,1,dariisss
9407,16739908,"Asfam Parvez Kawser","2026-09-10 09:42:54",228.7,2,asfamparvezkawser
9408,16708480,"Omar M.Moustafa","2026-08-11 18:55:58",228.6,2,omarmmoustafa
9409,16660144,"Léandre ELISHA","2026-08-09 12:25:44",228.5,2,landreelisha
9410,16680521,"Luis Enrique Dalmau","2026-09-30 21:09:37",228.4,2,luisenriquedalmau
9411,16641331,ushi,"2026-08-05 13:33:18",228.4,1,yuki508
9412,16708246,StudyForUse01,"2026-08-11 16:58:19",228.2,1,studyforuse01
9413,16882350,akacome,"2026-09-12 18:32:37",228.0,1,akacome
9414,16743603,tanmoypal11,"2026-08-19 15:19:36",227.9,1,tanmoypal11
9415,16672767,"FasterYouChase FasterIRun","2026-08-09 13:15:12",227.7,2,icoguser
9416,16683970,"Zakhar Homyakov","2026-08-07 11:14:41",227.6,2,zakharhomyakov
9417,16668654,"Zharkyn Makhanbet","2026-08-10 18:28:08",227.5,1,imadparadoxi
9418,16633833,"mohammad javad Kamali","2026-08-19 05:13:42",227.3,1,mohammadjavadkamali
9419,16806577,ShinYAM1002,"2026-09-06 17:33:20",227.3,1,shinyam1002
9420,16864283,"Nguyễn Cường","2026-09-20 11:41:20",227.3,2,nguyncngo
9421,16758007,stoicsatvik,"2026-08-22 12:37:48",227.0,1,stoicsatvik
9422,16673369,Frame,"2026-08-06 07:59:47",226.8,1,rainorwang
9423,16708814,"James #2","2026-09-30 19:12:28",226.5,2,jamesripoll
9424,16756743,"Ismail Alli Adekunle","2026-08-21 22:59:18",226.5,1,ismailalliadekunle
9425,16688231,"Antoine Matemane Mahirwe","2026-08-10 19:40:15",226.5,2,antoinemah
9426,16712844,"ray hengbo","2026-09-01 03:35:31",226.4,1,rayhengbo
9427,16658152,MingSUN007,"2026-08-04 13:46:29",226.3,2,mingsun007
9428,16762081,VKAUL3,"2026-08-23 12:09:08",226.2,1,vkaul3
9429,16687574,"Yash Raghuvanshi","2026-08-07 22:09:38",226.1,2,yashraghuvanshi25
9430,16669523,Jackson55171,"2026-08-05 18:21:00",226.1,2,jackson55171
9431,16727383,"Minchul Shin","2026-08-20 07:50:37",225.6,1,nashory
9432,16665614,MesonLabs,"2026-08-11 06:17:27",225.5,1,mesonlabs
9433,16887893,"Sridhar C","2026-09-13 20:12:56",225.5,2,sridharchinnasamy
9434,16663066,"Mithun Kore","2026-08-29 19:18:28",225.4,1,mithunkore
9435,16667691,alexanderctrl,"2026-08-18 10:10:51",225.3,2,alexanderctrl
9436,16716407,"Ibrahim Adamu Anka","2026-08-13 09:01:38",224.7,2,ibrahimadamuanka
9437,16818924,"super penguin king","2026-09-03 12:35:44",224.6,1,superpenguinking
9438,16712990,shreyaaaaa9,"2026-08-12 16:17:06",224.3,1,shreyaaaaa9
9439,16830761,Skarmory,"2026-09-04 13:05:56",224.3,1,syarnorke
9440,16819370,"István Csik","2026-09-03 13:39:36",224.2,2,istvncsik
9441,16822994,"Peter Danilov","2026-09-03 18:16:23",224.2,1,pndanilov
9442,16659572,"ABHILASH PRAHARAJ","2026-08-04 11:24:21",224.0,1,abhilashpraharaj
9443,16790137,sinchir0,"2026-08-30 12:52:05",223.7,1,sinchir0
9444,16728152,"Kenji Tai","2026-08-16 18:27:33",223.7,2,kenjitai
9445,16656692,"kinza aftab 714","2026-08-04 05:43:51",223.5,2,kinzaaftab714
9446,16691583,Caleb,"2026-08-09 14:32:52",223.5,2,collev
9447,16889111,"Abel Garza-Ramírez","2026-09-19 01:12:05",223.0,1,abelgarzaramrez
9448,16658644,"Hitarth Pandey","2026-08-09 03:04:42",223.0,1,hitarthpandey
9449,16632145,kazuki_kazukazu,"2026-07-31 14:53:13",222.9,1,kazukikazukazu
9450,16686316,"Ali mohon","2026-08-07 16:16:43",222.9,2,alimohon
9451,16831820,"Raihan Saladin","2026-09-12 17:21:34",222.1,2,raihansaladin
9452,16760903,"Derrick Lace","2026-08-23 04:23:40",222.0,2,derricklace
9453,16691322,"Anita rai98765","2026-08-16 19:05:43",221.9,2,anitarai98765
9454,16689903,wangbohuan,"2026-08-08 09:35:12",221.8,2,wangbohuan
9455,16771048,"Aditya Pawar","2026-08-25 16:55:04",221.6,1,aditya22102001
9456,16701041,"Meet Babariya","2026-08-10 14:21:06",221.5,1,meetbabariya
9457,16915237,"Greg Spitz","2026-09-29 23:25:11",221.3,2,gregspitz
9458,16689933,"Anjali Shah","2026-08-17 09:30:28",221.2,2,anjalishah0306
9459,16654318,"Aryan Raj Ayush","2026-08-23 08:34:14",221.1,1,aryanrajayush
9460,16654293,"Jatin N. Soni","2026-08-18 09:59:05",221.1,2,jatinsoni111
9461,16728350,fajarnadeem808,"2026-08-16 13:07:59",221.0,2,fajarnadeem808
9462,16660321,syafanidwina,"2026-08-05 00:41:33",221.0,1,syafanidwina
9463,16678647,"Zorawar Singh","2026-08-06 19:55:53",220.9,2,zorawarsingh677
9464,16783872,"Soupau Lev","2026-09-01 09:50:33",220.8,1,olivierauffret
9465,16894802,"phus sea","2026-09-15 16:23:01",220.8,2,phussea
9466,16624000,Leneen,"2026-08-31 16:02:47",220.8,1,leneen
9467,16729884,"Chaimaa Matrag","2026-09-05 19:51:34",220.8,2,chaimaamatrag
9468,16748092,Luckshith,"2026-08-20 12:59:43",220.7,2,luckshith
9469,16922345,"MESK WADHAH ABDULQADER ABDULQADER","2026-09-29 11:50:06",220.7,2,meskelemin
9470,16761134,mash3gt,"2026-08-23 06:10:12",220.6,1,shiroguitar
9471,16725288,mustafasadiqi,"2026-08-15 12:26:35",220.5,1,mustafasadiqi
9472,16656679,"Sadiqa Bibi","2026-08-27 09:52:29",220.4,2,sadiqabibidata
9473,16639684,Rubel,"2026-08-05 18:49:11",220.3,2,rubel01
9474,16784952,"Adria Barreto","2026-08-28 16:06:57",220.0,1,adriabarreto
9475,16670506,"Juan Andres Bravo Mejia","2026-08-05 21:40:17",220.0,1,juanandresbravomejia
9476,16850036,Sumzali083,"2026-09-07 19:23:11",220.0,1,sumzali083
9477,16695733,"Imad Zaanine","2026-08-11 02:11:15",219.7,2,imadzaanine
9478,16667063,"Amiksha S","2026-08-09 15:16:49",219.4,1,amikshas
9479,16632881,"Brisa Marina","2026-08-07 16:13:15",219.3,1,brisamarina
9480,16637845,"Hadjmohamd Seif","2026-08-08 21:47:53",218.7,2,hadjmohamdseif
9481,16667684,"Tim Neale","2026-08-06 13:01:12",218.7,1,timothyjneale
9482,16663191,"Arnav Anand","2026-08-04 19:53:08",218.6,1,arnavair27
9483,16779857,0x74,"2026-09-03 14:03:17",218.2,1,i0x74i
9484,16768507,"Dhanush Ballanki","2026-08-25 00:33:27",218.1,1,dhanushballanki
9485,16782525,"Ashish Mittal","2026-08-28 05:27:46",218.1,2,ashish1502g
9486,16687891,qklent,"2026-08-09 19:44:12",217.9,1,qklent
9487,16698399,liuzhangzhen,"2026-08-10 09:49:23",217.8,1,liuzhangzhen
9488,16738539,"Sharath S","2026-08-21 05:19:45",217.8,2,akicodes
9489,16663003,devzohaib,"2026-08-04 21:27:30",217.5,1,devzohaib
9490,16645300,szyulian,"2026-08-04 04:42:36",217.4,1,szyulian
9491,16740800,"Shiva Sai","2026-08-19 03:54:27",216.8,1,shivasai846
9492,16657777,"sandeep kumar","2026-08-04 11:41:21",216.7,2,sandeep088
9493,16751488,Klixel,"2026-08-21 03:35:28",216.5,1,klixel
9494,16644398,Nurkan123,"2026-08-16 21:20:24",216.4,2,nurkan123
9495,16684875,"Amitrakshar Mukherjee","2026-08-07 13:21:32",216.4,2,amitraksharmukherjee
9496,16665719,"[Armenia] Narek Petrosyan1","2026-08-05 07:49:34",216.4,1,narekpetrosyan1
9497,16669756,AlgSaid,"2026-08-05 18:54:07",216.3,1,imabdallah
9498,16755517,"NEHA SHARMA","2026-09-29 16:07:45",216.1,2,nehash0123gmailcom
9499,16942073,nagissan,"2026-09-22 14:10:52",215.3,2,nagissan
9500,16821068,"Danila Goncharenko","2026-09-03 15:22:12",215.2,2,danilegovich
9501,16796678,ka,"2026-08-31 16:16:03",215.1,1,kandruszek
9502,16728249,"Ahmet Kiraz","2026-08-17 07:23:30",214.9,1,ahmetqiraz
9503,16659280,"yahaya zayyan","2026-08-04 10:51:16",214.7,1,yahayazayyan
9504,16921430,"Vaibhav Nhayade","2026-09-20 06:49:01",214.6,1,nhayadevaibhav
9505,16660508,GSanthiago,"2026-09-30 10:12:15",214.6,1,gsanthiago
9506,16885883,"Stepan Kobaidze","2026-09-16 18:12:28",213.7,2,stepankobaidze
9507,16725615,carside,"2026-08-29 04:49:31",213.5,1,carside118
9508,16785434,"[Deleted] 044034de-be4c-465c-ad6d-a40fcc0bf77c","2026-08-28 18:05:21",213.4,1,del=78dbd787081be305
9509,16690286,imunderthetree,"2026-08-08 12:25:51",213.4,2,imunderthetree
9510,16658457,"Uchiha Eren","2026-09-26 14:33:34",213.4,2,lucsanjay
9511,16665264,Andyxie2050,"2026-09-25 00:58:20",213.1,2,andyxie2050
9512,16662105,PunnatatJAY,"2026-08-04 16:22:50",213.1,1,punnatatjay
9513,16655292,"Ingrid Fellah","2026-08-04 06:31:35",212.4,2,ingvor
9514,16712979,"Yusuke Tsukuda","2026-08-12 14:58:39",212.4,1,yusuketsukuda
9515,16660579,mayank,"2026-08-06 14:41:12",212.0,2,mayank921
9516,16714263,Lmfm24,"2026-08-12 20:38:01",212.0,2,lmfm24
9517,16711673,losingself,"2026-08-12 09:07:45",211.8,1,level14taken
9518,16760920,"Román Eliezer Pérez Ríos","2026-08-31 18:07:43",211.5,2,perezrios
9519,16654329,"Aby K Prakash","2026-09-17 17:04:51",211.5,1,abykprakash
9520,16822259,"Craig Goldswain","2026-09-07 14:52:01",211.5,2,craiggoldswain
9521,16659387,dharssshiniii,"2026-08-04 09:48:15",211.4,1,dharssshiniii
9522,16658567,"Sharif Mohamed (1)","2026-08-04 13:16:47",211.4,1,sharifmohamed1
9523,16661231,"R Ajay Kumar12","2026-08-04 14:12:11",210.8,1,rajaykumar12
9524,16667365,"leul dereje","2026-08-08 06:54:54",210.6,2,leuldereje
9525,16685128,"Rohan Hake","2026-08-10 12:48:36",210.4,2,rohanhake
9526,16665461,"Krishna Golwala","2026-08-24 18:39:08",210.4,2,krishnagolwala
9527,16661587,"Debashis Mohapatra","2026-08-05 09:05:50",210.3,2,debashismohapatra
9528,16817626,"Jaya Singh","2026-09-15 13:30:37",210.2,2,jayasingh12
9529,16762459,GNR_network,"2026-08-23 13:59:19",210.2,1,gnrnetwork
9530,16795353,BlurreA,"2026-08-31 06:42:30",209.7,1,blurrea
9531,16659900,"Abu Bakr","2026-08-04 18:30:29",209.6,2,mohamed32010
9532,16656595,"Sithija Amarathunga","2026-08-04 10:09:50",209.4,2,sithijaamarathunga
9533,16644210,"حسنين ساجد","2026-08-07 22:08:44",209.1,2,kutghngf98687er
9534,16785789,"Mateus Sousa do Carmo","2026-08-28 21:23:10",208.4,2,mateaadsaf
9535,16723467,"Vladas Verkelis","2026-08-15 14:23:42",208.4,1,vlaveris
9536,16659374,"[Deleted] 8f7327b9-2576-439b-bd6e-3f5fde366ebe","2026-08-04 10:12:44",208.4,1,del=8b215115eb53cbc1
9537,16653941,"Sachin Kumar Kushwaha","2026-08-11 08:45:11",208.3,2,sachinkumarkushwaha
9538,16897297,益田幸太,"2026-09-30 15:25:08",208.2,2,kotamasuda1010
9539,16683998,"Mahoraga save me","2026-08-07 22:09:22",208.1,2,yqngyv
9540,16737009,"Alexandre Pedrosa","2026-09-03 07:42:20",207.9,1,alexandrepedrosai
9541,16670004,Zinc-Eater,"2026-08-19 22:50:41",207.9,2,zans7331
9542,16906790,"Jean-Luc Hayes","2026-09-21 10:21:36",207.9,1,kingjuc
9543,16675104,"khwaja Moula'Ali","2026-08-06 11:30:49",207.6,1,khwajamoulaali
9544,16663459,"Cristian Yeanpaul Palomino Calderon","2026-08-06 04:14:17",207.4,2,dawo0t
9545,16655159,"Marcel Relaford","2026-08-13 01:26:26",207.3,1,marcelrelaford
9546,16762167,"Arkoday Roychowdhury","2026-08-24 01:29:19",207.2,2,arkodayroychowdhury
9547,16700832,Blitz,"2026-08-10 11:37:18",206.9,1,premshinde
9548,16699790,Aryanpal07,"2026-08-16 12:28:53",206.7,1,aryanpal07
9549,16675956,"Hassan Alghamoudi","2026-08-10 02:36:36",206.7,2,hassanabdulhafid
9550,16895191,"Oluwatobi Ojekanmi","2026-09-16 12:53:27",206.4,2,oluwatobiojekanmi
9551,16862356,Fitalabs,"2026-09-30 23:22:49",206.2,2,aleffita
9552,16623274,Mhmda81,"2026-08-03 00:10:04",206.0,2,mhmda81
9553,16654067,DataForge,"2026-08-05 10:19:25",205.9,2,"chanduchandini,goriparthiramatulasi,srilakshmipanitini,suryachakradhar"
9554,16668024,"Igor Burkov","2026-08-07 04:35:37",205.6,2,igorburkov
9555,16635610,JeffFosterUK,"2026-08-01 17:16:52",205.4,2,jefffosteruk
9556,16658383,"SIVA S","2026-09-30 06:40:14",204.4,2,codingmaster24
9557,16723726,"Erika Worrall","2026-08-15 23:09:17",204.4,1,erikaworrall
9558,16662353,"LAYAL ALNASHMI","2026-09-12 11:37:55",203.8,2,waitups
9559,16660291,"Abhijit Rajkumar","2026-08-04 13:27:44",203.4,2,abhijitrajkumar
9560,16684908,"Nidal Saleh","2026-08-08 14:08:20",203.4,2,nidalsaleh
9561,16937822,"Ehab Ibrahim Khalil Mohamed","2026-09-21 17:58:38",203.4,1,ehabkhalil0
9562,16666574,"hrishit prakash","2026-08-05 13:26:37",203.3,2,hrishitprakash
9563,16656633,N25H03A1028,"2026-08-05 05:18:45",203.3,1,pardhusadhu
9564,16665701,ManuelWick-Eckl,"2026-08-27 16:01:18",203.0,2,manuelw
9565,16633133,Holeneckles,"2026-09-30 20:38:23",202.9,2,holeneckles
9566,16671302,"Pratish Chaudhary","2026-08-10 00:35:01",202.7,1,pratishchaudhary
9567,16707519,"Pradnya Khanse","2026-08-11 12:52:07",202.6,1,pradnyakhanse
9568,16659910,"Shraddha Kumbhar","2026-08-07 09:55:58",202.5,2,raj113
9569,16745293,Harvey,"2026-08-22 04:20:10",202.3,2,celestia0113
9570,16684891,SARTHAK,"2026-08-14 19:07:26",202.1,1,s4rth4k01
9571,16918569,"Ashee Softworks","2026-09-18 05:59:35",202.0,1,asheesoftworks
9572,16811774,"Eduardo Hoffmann","2026-09-23 22:33:16",201.9,1,hoffmanna
9573,16778545,Mizunooo,"2026-09-10 10:16:12",201.9,2,mizunooo
9574,16750526,"Marcel Biezunski","2026-09-05 16:44:52",201.7,1,marcelbiezunski
9575,16707941,ニイエチカイン,"2026-08-14 15:28:42",201.6,2,j4ck99
9576,16725537,"Ayan Bashir Sheikh","2026-08-15 18:02:07",201.5,2,ayanbashirsheikh
9577,16632795,"vishwottam kudekar","2026-08-05 18:19:02",201.3,1,vishwottamkudekar
9578,16695937,Ryckiii,"2026-08-09 13:03:24",200.9,1,ryckiii
9579,16758090,"JOYMIE TALICUAD","2026-08-22 10:07:40",200.5,1,joymietalicuad
9580,16892144,"Ruichen Yin","2026-09-17 16:10:38",200.5,2,superaier
9581,16658761,!Aman212,"2026-08-04 12:10:28",200.2,2,aman9142424
9582,16654314,Mahamudul_Hassan_8012,"2026-08-03 18:33:07",199.7,2,mahamudulhassan8012
9583,16762162,"Shota Hirao","2026-08-23 12:34:05",199.7,1,shotahirao
9584,16698987,"Shree Ashok L","2026-09-01 05:16:16",199.6,2,"praneelbaskar,rishivarathan,santhoshkumarp24,shreeashok72"
9585,16768453,phicis8911,"2026-09-16 00:41:21",199.2,2,phicis8911
9586,16655634,Anjali,"2026-09-30 00:45:39",198.7,1,anjalinmali
9587,16710929,"Pooja Divekar","2026-08-16 08:22:48",198.6,1,poojadivekar123
9588,16798447,"Sage Harley","2026-09-29 05:41:32",198.2,2,sageharley
9589,16732342,"Viktor Antonov","2026-08-18 10:22:32",198.1,1,viktorantonov
9590,16731838,"zhexun Liu","2026-09-20 01:03:46",197.6,2,zhexunliu
9591,16666383,"Sindhi Vishal","2026-08-14 10:46:32",197.6,2,sindhivishal
9592,16716386,"Dev Marya","2026-08-13 09:26:18",197.0,1,devmarya
9593,16903922,"Lim Ba Su","2026-09-20 04:22:33",196.9,2,limbasu
9594,16861601,aliksey,"2026-09-11 17:22:46",196.9,2,aliksey
9595,16663658,oriolgalceran,"2026-09-16 05:10:58",196.8,2,oriolgalceran
9596,16663869,CYBER_TECH99,"2026-08-05 01:40:15",196.4,2,cybertech99
9597,16682051,"Noorjahan Siddiqui","2026-08-10 09:33:35",195.5,2,noorjahansiddiqui
9598,16663525,"Eric Hilary Smith","2026-09-22 16:36:18",195.1,2,erichilarysmith
9599,16915627,"Yash Pratap Singh","2026-09-17 14:59:02",194.9,1,yashpratapsingh10
9600,16632724,"Sayan Dutta","2026-08-04 07:47:42",194.2,1,sayan1507
9601,16773557,"Rudra kalyan","2026-08-26 09:08:54",194.1,2,rk1144
9602,16659703,"Ananya #2","2026-08-04 12:00:26",193.7,1,ananyax8
9603,16697020,"Hossam elden Mohamed","2026-08-15 01:13:51",193.1,2,hossameldenmohamed
9604,16676003,franck,"2026-08-06 14:59:55",193.0,2,bakura
9605,16949878,ZaitsevOleksandr,"2026-09-24 13:31:25",193.0,1,zaitsevoleksandr
9606,16784360,"Suraj Kumar","2026-09-08 10:20:42",192.8,2,suraj99km
9607,16662603,"Shem Gikunda","2026-08-06 17:24:48",192.6,1,shemgikunda
9608,16706557,"Nurullah Gundogdu","2026-08-11 17:52:07",192.5,2,nurullahgundogdu
9609,16706134,NK11FC,"2026-08-25 11:30:00",192.1,2,nk11fc
9610,16948546,MostatabiZahra,"2026-09-25 11:30:56",191.8,1,mostatabizahra
9611,16671342,"Danh Nguyen 1303","2026-08-09 14:47:52",191.3,1,danhnguyen1303
9612,16669060,Twansss,"2026-08-15 04:37:59",190.9,2,twansss
9613,16639615,rickzai,"2026-09-01 05:37:21",190.9,2,rickzai
9614,16675428,"Farhan Khairullah","2026-08-09 16:22:00",190.5,2,farhankhairullah06
9615,16656771,"thushara bandara","2026-08-07 04:13:43",190.4,2,dushyanthibandara
9616,16689364,"Udbhav Purwar","2026-08-11 10:12:00",190.1,1,udbhavpurwar
9617,16654482,SarahShams,"2026-08-14 16:36:06",189.4,2,sarahshams
9618,16666027,CropBOTS,"2026-08-13 16:12:42",189.0,2,"anshultickoo,itsmepooja,manuakumar,sapnajain115"
9619,16866478,aktk,"2026-09-10 16:43:56",189.0,2,aniltk
9620,16623846,"masatoshi hiraki","2026-07-31 07:52:39",189.0,2,masatoshihiraki
9621,16708194,"Amulya Kypa","2026-09-26 17:46:28",188.8,2,"aakankshakota,amulyakypa,gvvinaykrishna"
9622,16889817,"Om Patelxyz","2026-09-14 07:04:40",188.8,2,ompatelxyz
9623,16759675,TianKitty,"2026-08-27 04:43:06",188.2,1,tiankitty
9624,16671617,"Bennett Lien","2026-09-30 05:27:14",188.2,2,"bennettlien,liamspaulding"
9625,16623131,"Liam Carrig Newsam","2026-08-04 00:00:03",188.1,1,liamcarrignewsam
9626,16845903,"Tsubasa Hizono","2026-09-07 05:47:46",187.8,2,tsubasahizono
9627,16717586,wangjialu2333,"2026-08-15 09:29:36",187.7,1,wangjialu2333
9628,16676992,NIDHIHEER01,"2026-08-16 17:09:00",187.1,1,nidhiheer01
9629,16809006,Ilya,"2026-09-02 13:23:05",186.6,1,zhukov
9630,16748882,gsv,"2026-08-20 16:13:45",186.4,1,ram1o1
9631,16717555,"Mariem GLIOUEZ","2026-09-10 15:21:07",186.3,1,mariemgliouez
9632,16751141,DeadJed,"2026-08-26 11:10:40",186.2,2,deadjed
9633,16667550,"Oseni Sakariyau Oluwadamilare ","2026-08-23 10:05:56",186.1,2,sakabambam
9634,16656900,Hxrsh09,"2026-08-10 14:39:46",186.0,2,hxrsh09
9635,16698886,pied_piper,"2026-08-10 14:11:15",185.7,2,ahanhalder
9636,16672284,"Dhruv | AI/ML Engineer in Progress","2026-08-07 06:55:13",185.7,1,dhruvdipakchudasama
9637,16655786,leavts,"2026-08-04 02:35:50",185.6,1,leavts
9638,16928100,babakara,"2026-09-24 08:37:28",185.5,2,babakara
9639,16655762,"Idrisse Moundhir","2026-09-05 08:21:45",185.4,1,idrissemoundhir
9640,16777986,小雨姑娘,"2026-08-27 21:51:19",185.4,2,skewcy
9641,16661810,AGNES33,"2026-08-16 19:09:18",185.2,2,agnes33
9642,16684237,Zen_0910,"2026-08-07 17:07:02",185.0,1,zendeptrai
9643,16780411,K.Satwik,"2026-08-27 16:23:04",184.4,2,ksatwik3220
9644,16660749,"PavanK Saketh","2026-08-04 13:38:48",184.2,2,pavanksaketh
9645,16891082,"surya prakash Nayak2","2026-09-14 10:56:23",184.1,1,suryaprakashnayak2
9646,16665463,Seendon,"2026-08-06 19:19:25",184.1,2,informationminer
9647,16709957,"Lei Gao","2026-08-12 04:03:42",184.0,1,leigao31
9648,16743329,"Daniel Obioma emenike","2026-09-11 12:32:22",183.9,2,danielobiomaemenike
9649,16658311,zkskhurram,"2026-08-05 07:59:40",183.6,2,zkskhurram
9650,16667238,"Srija ganguluri","2026-08-07 10:14:48",182.7,1,srijaganguluri
9651,16913778,"Ugwushi Chijioke","2026-09-17 12:30:36",182.4,2,ugwushichijioke
9652,16701138,superpig,"2026-08-19 09:43:31",182.4,1,geniussuperpig
9653,16688190,"Win M","2026-08-08 00:28:18",182.3,1,winmet
9654,16640914,inconnu,"2026-09-17 12:01:07",182.0,2,kajarnaklokossou
9655,16889278,"Ari Kurniawan92","2026-09-14 08:32:53",181.9,1,arikurniawan92
9656,16711840,OverfitMilkCake,"2026-08-13 06:36:21",181.8,1,overfitmilkcake
9657,16662048,"Deekshitha Prabhakar","2026-08-06 18:15:45",181.6,2,deekshithaprabhakar
9658,16889852,"Abdikaliq osman","2026-09-16 00:48:05",181.5,2,abdikaliqosman
9659,16744221,Dizzy1829,"2026-08-29 04:15:48",181.4,1,dizzy1829
9660,16661494,"Arulmaniyan Rajavel","2026-08-22 13:46:58",181.3,2,arulmaniyanrajavel
9661,16656196,"Vishwash Golakiya","2026-08-27 01:07:00",181.3,1,vishwashgolakiya
9662,16794720,"paola hernandez55","2026-08-31 04:19:31",181.2,1,paolahernandez55
9663,16867344,"shayan yadegaridehkordi","2026-09-12 17:05:44",180.9,1,shayanyadegari32
9664,16741239,"fjf 1asd","2026-08-19 08:46:31",180.7,1,fjf1asd
9665,16735735,Rishabh@1304,"2026-09-12 10:08:51",180.5,2,rishabh1304
9666,16653906,swaroop41,"2026-08-04 05:53:29",180.5,2,swaroop41
9667,16661252,"Andrzej Walczak","2026-08-05 09:46:19",180.3,2,andrzej1983
9668,16948144,"Muhammad Ali Amir","2026-09-23 15:36:25",180.2,1,malialice
9669,16654256,"KONGARA PRASANTH","2026-08-04 03:40:27",179.6,2,prasanth2008
9670,16723404,"Mahdi Al Hajji","2026-08-20 02:13:12",179.3,2,mhh1430hacker
9671,16639465,"Gabriel Aguiar Leao","2026-08-02 00:23:49",179.2,1,"gabrielaguiarleao,marcositta"
9672,16654244,"Saad Nanawala","2026-08-03 18:17:33",179.0,1,saadnanawala
9673,16674093,"Hoàng Trần Đặng Minh","2026-08-06 08:54:38",178.9,1,hongtrnngminh
9674,16826118,shishuyang11,"2026-09-04 06:50:04",178.5,1,shishuyang11
9675,16744545,"Aditya Kumar Singh 013","2026-08-19 18:45:42",178.4,1,adityakumarsingh013
9676,16639692,"Nirmal Patel","2026-08-06 03:05:27",178.0,2,nirmalpatel02
9677,16633342,farm75,"2026-08-03 14:03:14",178.0,2,sakthi75
9678,16863892,brunoarpa,"2026-09-10 02:43:09",177.9,1,brunoarpa
9679,16823341,"Agnieszka Sobala","2026-09-03 20:15:55",177.4,1,agnieszkasobala
9680,16702060,Mcusac,"2026-08-13 19:42:54",177.2,1,mcusac
9681,16670674,"Foodle Jang","2026-08-19 22:14:34",177.1,2,foodlejang
9682,16687514,Dark_1926,"2026-08-07 20:30:33",177.1,1,dark1926
9683,16915882,BandaruLakshmi1234,"2026-09-17 16:50:15",177.0,1,bandarulakshmi1234
9684,16922154,"Olaoluwa Osho","2026-09-20 21:35:07",176.8,2,olaoluwaosho
9685,16838890,"Yisher Xia","2026-09-05 16:09:13",176.7,1,yisherxia
9686,16841294,"Annu Rana1","2026-09-09 18:12:34",175.9,1,annurana1
9687,16621290,"Muhammad Ahsan","2026-07-30 17:35:00",175.7,2,ahsanneural
9688,16858512,lkjmo123,"2026-09-09 06:45:18",175.7,1,lkjmo123
9689,16660309,"Hazem Mahmoud Elsayd","2026-08-04 16:34:31",175.5,2,hazemmahmoudelsaid
9690,16670747,"Aryan Kumar Chaudhary","2026-08-11 22:46:05",175.5,2,"aryankumarchaudhary,rakshitmundra"
9691,16685568,Secertive,"2026-08-08 17:59:52",175.5,1,secretiveplotter1863
9692,16898240,jimmy5566,"2026-09-15 17:41:24",175.2,1,jimmy5566
9693,16692652,"Harsith R","2026-08-08 20:26:56",175.1,1,chiefofpredicitions
9694,16663913,"Aanaa Kaliil","2026-08-05 15:15:31",175.0,2,aanaakaliil
9695,16687337,"sravani kamjula","2026-08-07 19:38:39",175.0,2,sravanikamjula
9696,16860921,jayjayfff,"2026-09-10 01:25:36",174.7,2,jayjayfff
9697,16636540,"Burkova Nastia","2026-08-01 13:34:02",174.4,2,"burkovanastia,ellvalerie"
9698,16936959,"Anthony Moorehead","2026-09-21 14:56:40",174.4,1,anthonymoorehead
9699,16741650,"LEGBA Adia Kpèchehoue Pierre Alex ","2026-09-27 12:19:34",174.4,2,alex609b
9700,16654827,"ADITYA KUMAR MISHRA","2026-08-03 20:07:22",174.2,1,aditya1kumarmishra
9701,16660146,4Solver,"2026-08-08 02:06:19",173.7,2,msfbiolinhares
9702,16760392,Владимир,"2026-08-23 00:19:23",173.4,1,vgkuvshinov
9703,16668506,"Louie Tang","2026-08-08 06:56:52",173.3,2,louietang
9704,16891711,"Michael Odoemelam1","2026-09-21 21:38:22",173.3,1,michaelodoemelam1
9705,16700992,Abhishek_1355,"2026-08-25 09:17:08",173.2,1,abhishek1355
9706,16644360,Mathous,"2026-08-02 20:28:00",172.5,1,mathisdac
9707,16660930,"Chung Ching Yeh","2026-08-04 14:44:34",172.1,2,chungchingyeh
9708,16696952,tronxz8,"2026-09-09 13:51:31",171.9,1,tronxz8
9709,16666037,"Matheus Marques","2026-08-06 06:03:28",171.5,2,mathmarquesbr
9710,16697628,"Yash Sharma","2026-08-17 15:33:32",171.4,2,yashsharma42
9711,16749225,"Hisyam Prasetyo","2026-08-27 11:26:07",171.2,2,hisyamprasetyo
9712,16662108,nhkien,"2026-08-05 06:52:18",170.9,2,nhkien
9713,16671985,"vishal waghchaure","2026-08-07 09:25:36",170.1,2,vishalwaghchaure
9714,16915181,snesne123,"2026-09-25 07:14:21",169.9,1,snesne123
9715,16881244,"Atharva Govind Salunke","2026-09-18 17:50:01",169.3,2,atharvagovindsalunke
9716,16664315,happy_boy_2007,"2026-08-12 09:04:40",168.8,1,happyboy2007
9717,16724325,Melancholian,"2026-08-15 06:43:12",168.7,1,kasaneru
9718,16759205,MartinaF95,"2026-09-22 12:55:32",168.5,1,martinaf95
9719,16859770,"Praful Tiwari1","2026-09-14 10:37:58",168.2,1,prafultiwari1
9720,16659283,"DILEEP POTHULA","2026-08-08 06:43:15",168.1,2,dileeppothula
9721,16653319,"Md. Rasel Meya","2026-08-06 14:42:18",167.8,2,raselmeya
9722,16651507,jappanini,"2026-08-03 09:14:04",167.1,1,jappanini
9723,16891769,Kurapapa,"2026-09-29 12:07:57",167.0,1,kurapapa52
9724,16807557,coolz,"2026-09-09 06:35:51",166.9,2,cooolz
9725,16663910,"Shivram Nekkanti","2026-08-07 14:38:04",166.8,1,shivramnekkanti
9726,16668438,"Sahil Suman","2026-08-16 17:09:20",166.6,1,sahilmanavraunak
9727,16712395,"Zuohong Pan","2026-08-12 12:15:40",166.6,1,pshuaibi
9728,16769470,HaHHYbYY,"2026-08-26 07:52:33",166.2,1,hahhybyy
9729,16912044,"[Deleted] 0b2c3d58-9494-483e-ad4c-1465b66166ca","2026-09-17 08:46:46",166.0,2,del=2e39a6893da554dc
9730,16657628,Hamo,"2026-08-07 12:00:21",165.2,2,mohamed2223
9731,16682689,HenryRichardson1,"2026-08-07 10:00:12",165.2,1,henryrichardson1
9732,16869551,"Adrien ple","2026-09-11 12:48:34",164.5,2,adrienple
9733,16831130,"Khushar Pal","2026-09-06 15:21:15",164.5,2,khusharpal
9734,16652159,Boson328,"2026-08-04 10:06:13",164.4,1,boson328
9735,16681610,"team maccy","2026-08-07 20:27:06",164.3,1,robertgama
9736,16668048,"Gazi Sayem Uddin Samir","2026-08-05 14:29:51",164.2,2,gazisayemuddinsamir
9737,16661689,"David Rao","2026-08-04 18:27:01",164.0,1,davidrao63
9738,16677786,"[Deleted] aec7dc1f-59cb-486f-998a-d2407e297536","2026-08-26 13:39:08",163.8,2,del=0fde9ba2630fee3c
9739,16877079,"Saptak Banerjee","2026-09-11 19:09:58",163.4,1,saptakbanerjee123
9740,16693318,meow3301,"2026-08-09 02:33:34",163.4,2,meow3301
9741,16792786,"Fusion Flux","2026-09-20 13:49:10",162.8,2,mithilleshkumar
9742,16756264,query_stop,"2026-08-27 00:24:14",162.8,2,jaared
9743,16677328,"Eng. Husnain","2026-08-08 13:13:23",162.7,2,enghusnain
9744,16890196,hello518123,"2026-09-14 08:51:52",162.6,1,hello518123
9745,16669473,"William Bickelmann","2026-08-05 17:47:13",162.4,1,williambickelmann
9746,16744461,"Adiratna Kamble","2026-08-21 22:05:13",162.2,1,adiratnakamble
9747,16655482,Apoorv007,"2026-08-04 01:55:41",160.8,1,apoorv007
9748,16795043,"SONU RAUT","2026-09-05 11:51:59",160.5,2,sonuraut
9749,16625043,"Ivan Litvak","2026-09-16 16:36:06",160.2,2,trydotatwo
9750,16769114,angayoung,"2026-08-25 07:22:00",160.0,1,joaga0603
9751,16945034,divinesouljoy,"2026-09-23 04:59:46",159.5,1,divinesouljoy
9752,16756887,"Rushika S","2026-09-13 12:26:14",159.3,1,rushikas
9753,16887039,"Angella Semu","2026-09-21 15:26:56",159.2,2,angellasemu
9754,16668379,dccgps,"2026-08-08 05:44:36",159.1,1,dccgps
9755,16727681,JanV123,"2026-09-06 05:37:07",159.0,2,janv123
9756,16750285,LeEmperor,"2026-08-22 04:36:18",158.6,2,leemperor
9757,16666414,salyamq,"2026-08-05 16:41:38",158.3,1,salyamq
9758,16657525,"Alae Lakhdar","2026-08-05 08:10:49",158.1,1,alaelakhdar
9759,16663438,"Varun Prajapati","2026-08-08 21:54:54",158.0,2,"krunalasari,varun2206"
9760,16679713,"John william Vicente 🇧🇷","2026-08-07 00:38:57",157.9,1,chrollo079
9761,16656287,sandip_shaw123,"2026-08-05 10:02:07",157.3,1,sandipshaw123
9762,16663333,"Iago Moura e Moreira","2026-08-04 20:05:06",154.8,1,iagomouraemoreira
9763,16663448,"Adel I.","2026-08-07 12:55:44",154.4,2,adelid
9764,16736759,"Lavesh Kadam","2026-08-18 10:55:05",153.5,1,laveshk314
9765,16871895,"Sahil Raval","2026-09-15 10:57:48",152.7,1,sahilraval1311
9766,16773358,yogeshgoudapatil,"2026-08-27 14:59:13",151.0,2,yogeshgoudapatil
9767,16653462,"Ruchi Scott","2026-08-12 12:19:19",146.5,2,ruchiscott
9768,16768568,Nour102006,"2026-08-27 04:46:00",146.4,2,nour102006
9769,16686902,"Aaditya Jain","2026-09-14 06:22:21",145.5,2,aadityajain2312
9770,16668018,"DAVID CHEW HL","2026-08-06 06:36:34",145.3,2,davidchewhl
9771,16793648,Sarda___,"2026-08-30 16:51:21",143.4,2,brainnotfound3
9772,16667968,ChronosData,"2026-08-18 14:25:43",143.4,2,codex5843
9773,16681056,"Aryan Jhingan","2026-08-11 18:53:48",141.6,2,aryanjhingan
9774,16715896,新木,"2026-08-18 05:25:46",141.5,1,sunchief
9775,16662334,"Andres Beltran","2026-08-04 22:58:11",141.1,2,andresbeltran05
9776,16851731,"Amar 5454","2026-09-14 10:28:42",140.8,2,amar5454
9777,16666706,baijiachang,"2026-08-05 11:04:21",140.7,1,baijiachang
9778,16756868,"Anisha Maurya","2026-09-05 19:29:41",140.5,2,anishamaurya
9779,16671827,"Shourya Gupta","2026-09-25 16:16:36",140.1,2,siriuspotter
9780,16707062,"G DOLANARASIMHA","2026-08-11 12:18:02",139.8,2,gdolanarasimha
9781,16725990,"Parth Tomar","2026-08-24 12:35:45",138.9,2,parthtomar193
9782,16718139,"shah jatin","2026-09-27 12:21:21",138.8,2,shahjatin
9783,16802348,Shergill_17,"2026-09-01 11:17:15",138.5,2,shergill17
9784,16683577,"Ankush Kumar M","2026-08-07 13:19:05",138.5,2,ankushkumarm
9785,16659929,"MAMADOU LY (LY BOUSSO 45)","2026-08-13 11:43:25",138.4,2,mamadoulylybousso45
9786,16858886,twispur,"2026-09-09 07:38:09",138.4,1,twispur
9787,16633003,"K Mukhiya ","2026-08-01 12:09:51",138.3,2,kmukhiya
9788,16655573,"Probablyaphilosopher ","2026-08-16 00:01:40",138.1,2,probablyaphilosopher
9789,16697466,"hunain shahid","2026-08-11 06:12:38",138.0,2,hunainshahid230
9790,16743630,TRP,"2026-09-01 17:06:48",137.4,2,tejratanpaulrocky
9791,16663265,"Darlington Ayakazi","2026-08-04 20:26:08",137.3,1,darlingtonayakazi
9792,16713329,qrcodeTH,"2026-08-13 08:22:40",137.3,2,thanaphumsaywonin
9793,16797105,"Rahul vats","2026-09-25 02:06:31",137.0,2,rahulvats20
9794,16913975,"Tom Dooley","2026-09-17 11:48:20",136.5,2,tomdooley123
9795,16662099,"The Algorithmist","2026-08-04 23:41:59",136.5,2,riyagheewala
9796,16851038,"Ivan Danut","2026-09-30 20:34:15",136.4,2,ivandanut
9797,16659036,"Mohammed Kaif","2026-08-04 10:41:22",136.3,2,mkaif001
9798,16679470,"GamaL Mahmoud","2026-08-08 13:33:52",136.1,2,gamalmahmoudtaha
9799,16640468,"Sohangkumar Patel","2026-08-26 15:00:44",136.0,2,samsamurai
9800,16662630,"M.mohamed Muhasir","2026-08-05 18:25:39",135.8,2,mmohamedmuhasir
9801,16723289,"Caio Saboia","2026-08-28 18:24:29",135.5,1,caiosaboia
9802,16750391,"Batuhan Yerebasmaz","2026-08-20 18:34:21",135.5,2,batuhanyerebasmaz
9803,16633551,"Subarno Sen","2026-08-25 04:42:35",135.5,2,lordfiftyfive
9804,16807010,cjsrudals,"2026-09-13 08:33:47",135.4,2,cjsrudals
9805,16677403,bababoy,"2026-08-15 14:55:17",135.3,2,adrienrenard
9806,16656954,"Marwan Elmetwally","2026-08-04 05:56:29",135.2,2,marwanelmetwally
9807,16855448,MaryKEREN,"2026-09-25 16:00:05",135.1,1,marykeren
9808,16632418,"Bretokce 3amich","2026-08-07 12:18:26",134.9,2,bretokce3amich
9809,16752481,"Thanh Toan","2026-08-21 08:33:13",134.5,2,tonnglthnh
9810,16864193,"[Deleted] b3063c6b-024a-4ece-902e-6edde232fe9f","2026-09-10 06:27:50",134.5,2,del=d26e59586a26ce18
9811,16883962,"Ilakk manoharan","2026-09-30 20:42:13",134.4,2,ilakkmanoharan
9812,16685093,"Huzaifa Inam","2026-08-07 13:47:15",134.2,2,huzaifainam
9813,16681895,Akshar,"2026-08-07 06:16:19",134.1,2,aks0625
9814,16843225,"Tobenna Okeke","2026-09-06 12:09:22",134.0,2,tobezzi
9815,16660285,"Sawan Kohli","2026-08-06 13:11:44",134.0,2,sawankohli
9816,16664586,"Owen Lim","2026-08-05 05:42:25",134.0,2,owenlim45
9817,16904721,"Creeper Thánh","2026-09-16 06:35:52",133.9,1,creeperthnh
9818,16913466,abc1zzz,"2026-09-26 13:58:53",133.8,2,abc1zzz
9819,16722089,"Saidjon Ramazonov","2026-08-16 05:51:50",133.6,2,saidjonramazonov
9820,16705360,Elahi,"2026-08-18 05:49:00",133.5,2,mmelahi
9821,16701997,zran1t,"2026-08-15 14:10:18",133.5,2,zran1t
9822,16658033,"sanjay Ghalagi","2026-08-27 15:29:34",133.4,2,sanjayghalagi
9823,16740144,Salmon,"2026-08-21 12:55:13",133.1,2,shin3110
9824,16701106,moshito,"2026-08-10 14:13:58",133.0,2,"danamaulana123,moshito,naufaldhiaulhaq01"
9825,16713896,"Quantum Fusion","2026-08-14 12:12:34",133.0,1,gugurobotics
9826,16690195,"Manshi Shukla","2026-08-08 10:12:24",132.7,2,manshishukla
9827,16712568,"Tanvi Dobariya","2026-08-14 17:39:52",132.4,1,tanvidobariya
9828,16773333,"Abdullah javed Javed","2026-09-05 03:13:57",132.4,2,abdullahjavedjaved
9829,16662269,"KAMLESH KUMAR POKHARNA","2026-08-06 17:25:51",132.4,2,kamleshkumarpokharna
9830,16657892,"Boonanan namna","2026-08-17 04:36:04",132.4,1,boonanannamna
9831,16777666,Lithops1112,"2026-09-05 08:20:21",132.3,2,lithops1112
9832,16886819,"Rebecca Shirievo","2026-09-16 17:29:07",132.2,2,rebeccashirievo
9833,16832928,"Ilgar Gurbanov","2026-09-10 12:41:23",132.1,2,ilgargurbanov57
9834,16658362,MHaurel,"2026-08-09 15:32:45",132.1,1,hetax17
9835,16784431,"Régis Meyssonnier","2026-08-28 14:47:27",132.1,1,rgismeyssonnier
9836,16669142,"Jaclyn Agee","2026-08-07 15:21:06",132.0,2,jaclynagee
9837,16674774,"Dine ALASSANE","2026-08-07 05:53:28",132.0,2,dinealassane
9838,16729148,"Marco M","2026-08-16 22:51:36",131.6,1,marcoms1000
9839,16654124,"Aditya Kumar Singh","2026-08-05 09:57:29",131.6,2,adityq121608
9840,16777407,"Fahrur Rozzi","2026-08-26 23:01:52",131.5,1,frozzi18
9841,16657322,"Ashwani Mahajan","2026-09-26 04:50:35",131.5,1,ashwanimahajan
9842,16623563,"Jocelyn Dumlao","2026-09-01 02:35:54",131.3,2,jocelyndumlao
9843,16667231,bettsy,"2026-08-05 12:12:35",131.3,2,bettsy
9844,16748453,LINJINYAN,"2026-09-06 14:25:23",131.2,2,linjinyan
9845,16661969,"Raja T","2026-09-30 14:06:44",131.1,2,rajathiagaraj
9846,16709910,Spinort,"2026-09-30 18:11:02",130.7,2,spinort
9847,16734896,pattikamo,"2026-08-27 10:52:28",130.7,2,pattikamo
9848,16629426,"Abdullah Qureshi","2026-07-31 10:00:44",130.7,2,abdullahqureshi120
9849,16663334,"sameer mughal","2026-08-29 20:12:57",130.4,2,sameermughal109
9850,16811685,benhur0905,"2026-09-25 23:59:07",130.3,2,benhur0905
9851,16662803,"Ashish Gawade","2026-08-04 19:11:19",130.3,2,ashishgawade
9852,16629441,Sofia_Gilka,"2026-09-18 14:41:35",130.2,2,sofiagilka
9853,16632111,"Arda Çiftçi","2026-08-04 20:03:37",130.0,2,ardaciftci
9854,16697339,"Muhammad Safwan Ahmad Saffi","2026-08-15 00:28:21",130.0,2,safwanahmadsaffi
9855,16635248,eosphor,"2026-08-01 09:46:59",130.0,2,eosphor
9856,16670777,"Aman Yitbark","2026-08-13 05:43:27",129.9,1,amanyitbark
9857,16690112,"Ayush Tripathi","2026-08-17 09:03:03",129.8,2,ayushtripathi112
9858,16814946,"Bekama Regasa Negewo","2026-09-03 07:30:36",129.7,1,bekamaregasanegewo
9859,16854169,"[Deleted] fe7af88d-d80f-4441-a8c5-3cca6b980e41","2026-09-09 12:41:02",129.7,2,del=0749851e202390c3
9860,16670662,"Gina Lee","2026-08-11 22:45:21",129.6,2,ginaleegdm
9861,16656278,"Bhuvaneshwari Rebba","2026-08-04 09:20:36",129.6,1,bhuvaneshwarirebba
9862,16659271,Hamish,"2026-08-12 12:48:51",129.6,2,hamishdickson
9863,16752120,"Görkem Tuğ","2026-08-24 10:45:35",129.5,2,grkemtu
9864,16739102,"Mithulya Kumarapeli","2026-08-30 03:53:39",129.4,1,sandalim
9865,16669311,Schoki,"2026-08-17 22:26:49",129.4,2,jensdnisch
9866,16793392,"reda elkrouchni","2026-09-02 16:16:05",129.4,2,redaelkrouchni2
9867,16737641,"PATIL ATHARV VIJAYKUMAR","2026-09-29 17:50:26",129.4,2,"atharv095022,patilsarthakvilas,sonuretusharsuresh"
9868,16690433,"Amar Amar Gupta","2026-08-15 10:08:37",129.1,2,amaramargupta
9869,16698307,AnasAl7,"2026-08-10 13:08:08",129.0,2,anasal7
9870,16904992,abdulkader1,"2026-09-27 06:44:06",128.8,2,abdulkader1
9871,16688165,"David @ Koantek","2026-08-25 23:53:17",128.6,2,artificialbrilliance
9872,16715354,"Alyssa Clark","2026-08-14 02:52:26",128.5,2,a1yssaclark
9873,16934489,Anushahs2026,"2026-09-21 08:28:06",128.3,2,anushahs2026
9874,16775493,"JOE DEVA JERRY D ","2026-08-26 15:41:55",128.2,1,joedevajerryd
9875,16849230,"Md. Mahim Babu","2026-09-18 11:27:55",128.0,2,mdmahimbabu
9876,16630041,"Devi prashad tripathi","2026-08-03 17:56:58",127.8,1,deviprashadtripathi
9877,16697712,"Daniel Hebenstreit","2026-09-06 11:53:20",127.8,2,danielhebenstreit
9878,16846069,"Bryce Muhlnickel","2026-09-30 23:07:04",127.8,2,tokenjunkielabs
9879,16691502,"DILANE FOGUE KAMGA","2026-08-08 15:20:05",127.8,1,dilanekamga
9880,16631135,"Fernando Liazar Luemba Salvador","2026-09-28 04:49:06",127.7,2,fernandollsalvador
9881,16717600,"Collistus Kibe","2026-08-21 22:13:38",127.6,2,collistuskibe
9882,16789570,wyananwyanan,"2026-09-16 03:05:19",127.6,2,wyananwyanan
9883,16658522,"Amna khanii23","2026-08-07 05:15:47",127.6,2,amnakhanii23
9884,16718605,"صفاء عبد الرقيب","2026-09-06 19:27:10",127.6,2,bssgirl
9885,16658693,leehuilong,"2026-08-06 12:49:22",127.5,2,leehuilong
9886,16712562,"Sagar Singh","2026-08-17 09:28:26",127.2,2,acrejzz
9887,16674390,yangluo1,"2026-08-08 01:31:08",127.2,2,yangluo1
9888,16770924,rohit,"2026-09-12 05:08:35",127.1,2,rohitsrinivasan31
9889,16686834,Kaabbil,"2026-08-09 16:14:49",127.0,2,"dr3aking,kaabbil"
9890,16791131,"Maria Carolina BRAY","2026-09-30 15:04:58",127.0,2,mariacarolinabray
9891,16641277,Zenieverse,"2026-08-30 05:09:04",126.9,2,zenieverse
9892,16624973,"Mrunmayee Kulkarni","2026-07-31 06:16:46",126.9,1,kulmrun
9893,16654490,"Furious Monk","2026-09-28 18:06:08",126.8,2,furiousmonk
9894,16656164,"Justin Schomer","2026-08-09 09:05:59",126.7,2,fathersecurity
9895,16630725,"vaibhav vyas","2026-08-06 10:56:52",126.7,2,vaibhavvyas0
9896,16893966,"Nguyễn Thái Duy","2026-09-15 08:12:14",126.7,1,nguyenthaiduytgu
9897,16657227,"Anusha Marla","2026-08-04 07:05:53",126.3,2,anushamarla
9898,16881320,allen17179869184,"2026-09-19 13:17:49",126.1,2,allen17179869184
9899,16680419,"Tech Changer","2026-08-17 12:31:58",126.0,1,johnbibin
9900,16677081,"Brandon Gaston","2026-08-12 23:49:58",126.0,1,mushmon
9901,16692568,"Muhammed Gulfam Toor","2026-08-13 19:04:32",126.0,2,gultoor
9902,16875898,"Sai Krishna Pakkir","2026-09-11 17:30:49",126.0,2,saikrishnapakkir
9903,16907555,"Pandidurai E","2026-09-17 16:08:13",125.9,2,pandiduraie
9904,16794292,"Taylor Clark","2026-09-29 05:10:48",125.9,2,taylorclark637
9905,16945119,Logicolist,"2026-09-23 13:03:16",125.8,1,logicolist
9906,16676026,"Bedashree Swarupa Das","2026-08-06 14:14:21",125.7,1,ashokkumardasbedashr
9907,16668495,Herisitraka,"2026-08-05 17:16:28",125.6,2,herisitraka
9908,16632458,"RAMAN BANSAL","2026-08-24 04:35:56",125.4,1,ramanbansal
9909,16810308,Congy,"2026-09-30 14:04:32",125.3,2,congyingma
9910,16697143,"Jeisa Mathew","2026-09-06 13:04:00",125.2,2,jeisamathew
9911,16662557,"Naman Sudershan","2026-08-05 13:21:08",125.2,2,namansudershan
9912,16662933,"Marcelo Pereira","2026-08-19 01:14:40",125.2,2,marcekkusrp
9913,16625029,Hilarus,"2026-08-01 15:59:02",125.0,2,hilagbag
9914,16664458,"Prantik Chandra","2026-08-05 05:47:10",124.9,1,prantikchandra
9915,16657344,"Ombayo fredrick","2026-08-04 14:04:04",124.9,2,ombayofredrick
9916,16654384,"Alladi Sai Kalyan Raman 24BCE1509","2026-08-30 09:33:11",124.8,2,alladisaikalyanraman
9917,16657306,"Krunal Chavda","2026-08-07 21:38:11",124.8,2,krunalchavda21
9918,16827437,kaedehs33-max,"2026-09-08 03:06:50",124.5,1,kaedehs33max
9919,16756875,"Meryem Kevser Keskin","2026-09-01 21:30:35",124.5,2,meryemkevserkeskin
9920,16861721,"SJ Gamsyy","2026-09-11 09:40:23",124.4,2,sjgamsyy
9921,16657462,"CROP CODERS","2026-08-10 18:00:28",123.9,2,"dhanvanthraj,raghavan9944,shanmugam666,sitha2345,sumaiyahibrahim"
9922,16785085,"THEEPAN S.S","2026-08-28 16:35:39",123.6,2,theepanss
9923,16634761,"CHARHBILI Moad","2026-08-07 13:44:23",123.5,1,charhbilimoad
9924,16658969,"Yuri Maslov","2026-08-04 10:11:45",123.4,1,yurimaslov
9925,16659062,"MOHAMMAD SUBHAN PASHA","2026-08-17 07:14:09",122.8,1,mohammadsubhanpasha
9926,16713002,"Adithya M","2026-08-13 15:42:17",122.6,2,adithya3907
9927,16658577,farmercode261,"2026-09-12 03:26:38",122.3,2,hifnikhakim
9928,16700771,"Disuru Coba Ama Jaki","2026-09-20 16:44:11",122.1,2,reiiihel
9929,16665223,"Sawon Mitra","2026-09-06 17:13:28",121.8,2,sawonmitra
9930,16841612,"Jordan #2","2026-09-10 16:51:25",121.7,2,jordantay
9931,16730380,"FOKRUL ISLAM LECTURER","2026-08-19 01:56:28",121.4,2,fokrulislamlecturer
9932,16904644,"HARSHVARDHAN CHANDRAKANT PATIL","2026-09-30 15:42:26",121.4,2,harshpatil2403215
9933,16664875,SaiSujitPunukollu,"2026-08-05 05:46:11",121.2,1,saisujitpunukollu
9934,16658401,"Aryan Lonare","2026-08-04 09:55:47",121.2,2,aryandyalullonare
9935,16738778,"DILIP BAVISKAR","2026-09-13 09:12:49",121.1,2,dilipbdilipb
9936,16672322,"khalil ur Rehman","2026-08-13 05:10:03",121.0,2,khalilurehman
9937,16662859,"Mohamed Zahran","2026-08-05 04:41:56",120.9,1,zrnking2012
9938,16658440,"Gloria Lourelynn S","2026-08-04 15:16:09",120.7,1,glorialourelynn
9939,16660978,"Maksym Khavil","2026-08-04 13:43:48",120.5,1,maksymkhavil
9940,16714589,xinsu9898,"2026-08-16 22:26:49",120.3,1,xinsu9898
9941,16667886,"Ubaid ur rehman 0345","2026-08-05 15:23:12",120.3,2,ubaidurrehman0345
9942,16721941,"Rita Ohabuenyi","2026-08-14 12:57:37",120.2,2,ritaohabuenyi
9943,16688288,"Ojo Oluwadamilare","2026-08-08 01:43:30",119.5,2,ojooluwadamilare
9944,16670462,"Talha Kayar","2026-08-15 15:24:03",119.3,2,talhakayar
9945,16784932,"Shefali Pradhan","2026-08-29 10:03:30",119.3,2,shefalipradhan
9946,16780986,Azizbek,"2026-09-01 14:26:45",119.1,2,miracle88
9947,16689389,Chukunder,"2026-09-24 12:38:14",119.0,2,"farbricated,sarikajivrajika"
9948,16902494,FoodieJam,"2026-09-21 01:38:58",118.7,2,foodiejam
9949,16943568,"Syed Measum Fakhir Ali","2026-09-30 08:26:42",118.1,2,syedmeasumfakhirali
9950,16729010,"karan sankhe","2026-08-16 15:15:45",117.9,2,karansankhe1356
9951,16658189,"Zale John","2026-08-26 00:48:24",117.3,2,zalejohn
9952,16658635,"Deepak Kumar ","2026-08-05 02:38:29",117.2,2,deepak2026ml
9953,16671232,"sms tcil","2026-08-07 13:03:30",116.9,1,smstcil
9954,16662662,"Joaquim Jose1","2026-08-04 17:57:03",116.7,1,joaquimjose1
9955,16757671,xxxxc47,"2026-08-22 08:25:52",116.6,1,xxxxc47
9956,16683903,Saju,"2026-08-17 11:31:45",115.6,1,sajutr
9957,16657578,raushancoursework,"2026-08-05 06:54:51",115.0,1,raushancoursework
9958,16882682,"BALQEES GHWANMEH","2026-09-18 20:24:43",114.3,2,balqeesghwanmeh
9959,16666018,"H vv sathwik","2026-09-24 09:27:00",112.1,2,hvvsathwik
9960,16661447,"Sibel Özbek","2026-08-04 20:50:27",112.1,1,sibelzbek
9961,16724995,dice1494,"2026-08-16 08:51:34",111.7,1,dice1494
9962,16680858,"Harshul Gupta","2026-08-21 04:40:05",111.4,2,harshulgupta77
9963,16662083,ihabkaggle,"2026-08-07 00:42:33",109.3,2,ihabkaggle
9964,16785398,"Vitória Freitas","2026-08-28 20:07:12",109.2,1,vitoriafreitas13
9965,16656210,"Sanjay Suthraye","2026-08-04 14:55:13",108.9,2,sanjaysuthraye96
9966,16802035,"sanchit atre","2026-09-01 09:31:07",108.1,2,sanchitatre
9967,16697716,ZEO,"2026-08-09 19:43:41",106.9,1,anuppatil29
9968,16705490,"KASTHURI DEVI M","2026-08-13 10:42:42",106.8,2,kasthuridevim
9969,16661500,"yagnit sutariya","2026-08-04 15:34:39",105.3,1,yagnitsutariya
9970,16772354,"Gleidistony Mendes","2026-09-18 12:01:25",105.0,2,gleidistonymendes
9971,16690188,Anurag,"2026-08-08 10:20:42",104.7,2,kumaranu2007
9972,16756344,"Pasindu Perera","2026-08-21 19:21:11",104.4,1,amavinperera
9973,16636855,"Wynn Koo","2026-08-01 14:03:04",99.3,1,yongfenggg
9974,16712406,"L Sangeetha","2026-08-18 01:56:24",97.1,2,lsangeetha
9975,16754111,"Kalpana Patki","2026-08-22 16:05:10",97.1,1,kalpanapatki
9976,16755329,SBedrosian123@,"2026-08-21 15:07:41",96.9,1,sbedrosian123
9977,16662714,"Amilcar Rodriguez","2026-09-01 04:22:39",93.2,2,amilcarskt
9978,16919907,"Álvaro Martínez González","2026-09-23 13:59:06",92.3,2,lvaromartnezgonzlez
9979,16653934,"Ayomide Abdulrahmon","2026-08-03 19:22:32",91.8,2,ayomideabdulrahmon
9980,16623660,"Taylor S. Amarel","2026-07-31 23:36:48",90.8,1,taylorsamarel
9981,16799001,"Trịnh Quang Minh","2026-09-01 05:16:32",90.8,1,trnhquangminh140
9982,16659871,"Abel Kpoton","2026-08-04 20:41:20",89.4,2,abelkpoton
9983,16690199,"Lavkush Yadav","2026-08-08 10:20:55",89.2,1,lavkushyadavcse
9984,16676977,"Akash Babu","2026-09-30 06:54:29",88.2,2,akashbabu17
9985,16662230,"Angus Mc Gregor","2026-08-13 21:25:46",88.0,2,angusmcgregor
9986,16737040,"Joseph Djian","2026-09-09 10:30:17",87.5,2,djian55
9987,16654556,anjipoo,"2026-08-05 15:33:04",87.0,2,anjana0812
9988,16683220,Kongali,"2026-08-10 01:24:37",86.4,2,kongali
9989,16848578,"Tuấn Anh","2026-09-09 04:28:16",86.1,2,tuananhdata
9990,16679979,Pranav6657,"2026-08-07 02:40:48",86.0,1,pranav6657
9991,16868591,"Lucas A. Rizzieri","2026-09-11 00:22:41",85.9,2,lucasarizzieri
9992,16623953,"Denuwan Wijesinghe","2026-08-01 07:57:04",85.6,2,denuwanwijesinghe
9993,16679847,"Julio Contreras","2026-08-21 20:29:09",85.1,2,juliocontreras
9994,16794281,"adilio freitas","2026-08-30 22:25:36",84.8,1,adiliofreitas
9995,16661160,"Roobhasridevi P","2026-08-04 14:31:22",84.4,1,roobhasridevi
9996,16664199,SomyaSingh_07,"2026-09-28 13:59:33",84.1,2,somyasingh07
9997,16723091,"Naiely Silva","2026-08-28 00:53:34",83.4,1,naielysilva
9998,16771841,"Panagiotis Alimisis","2026-09-14 19:04:58",82.3,2,palimisis6
9999,16659840,"Dasari Giri Gabrelu","2026-08-05 13:41:11",82.1,2,giridasari
10000,16654509,"Shruti Kondabathula","2026-08-07 18:17:56",82.0,2,shrutikondabathula
10001,16656643,"Willetta Dettore","2026-08-05 15:33:52",82.0,2,willettadettore
10002,16654559,"Kerem Ali AVCIOĞLU","2026-08-03 19:28:49",81.4,2,keremaliavciolu
10003,16656235,"Zain Ul Abideen Samo","2026-08-06 15:22:02",80.4,2,zainulabideensamo
10004,16662809,"Chukwu Excellent","2026-08-08 22:06:34",80.1,2,chukwuexcellent
10005,16680165,"Radwa ALkalifa","2026-08-23 08:39:37",79.6,2,radwahamada
10006,16640323,"KOUSHIK KUMAR DINDA","2026-08-29 01:55:31",79.0,2,koushikkumardinda
10007,16662123,hannhu40022,"2026-08-04 18:45:07",78.9,2,hannhu40022
10008,16735064,"Harshada Thorat 129","2026-08-18 03:58:34",78.7,1,harshadathorat129
10009,16674328,daniel,"2026-08-06 09:34:23",77.5,1,dkamgamegasoft
10010,16847667,"Tushar Barman","2026-09-12 20:30:34",77.2,2,tusharbarman
10011,16924962,XavierB5,"2026-09-19 10:26:33",76.9,1,xavierb5
10012,16743241,"Adhvaith KS","2026-09-02 14:30:35",76.9,1,adhvaithks
10013,16719809,"Milanto FR","2026-08-14 05:37:48",75.5,2,milantofr
10014,16886704,"mohammed alshokry","2026-09-15 14:06:43",75.0,2,mohammedalshokry
10015,16660342,"Adapa Gopireddy","2026-08-04 12:49:43",74.9,1,adapagopireddy
10016,16713435,"Visruti Patidar","2026-08-16 11:18:23",73.8,2,visrutipatidar
10017,16731986,Vugar3,"2026-08-17 10:51:29",73.5,2,vuqarxudvrdyev001342
10018,16707146,kaganou,"2026-08-11 13:19:53",73.3,1,kaganou
10019,16659097,noril09,"2026-08-04 11:56:35",73.2,2,noril09
10020,16748612,"Priyadharshini B","2026-08-24 12:06:18",73.1,1,priyadh29
10021,16731142,yshinok,"2026-09-16 23:32:47",72.5,2,yukishinohara0114
10022,16823197,Cowabunga,"2026-09-20 21:55:58",72.0,2,ameripreye
10023,16658299,"Bakar Prabowo!","2026-09-05 08:14:32",71.8,2,"galihrattn,kingki19,ranggacarkawan"
10024,16690499,SuperAI@2615,"2026-08-11 16:42:48",71.3,2,superai2615
10025,16633511,"joshan gladston","2026-08-01 01:19:57",71.1,2,joshangladston
10026,16662142,"Adnan Khan","2026-08-30 06:22:52",70.6,2,iamadnankhan313
10027,16626159,"Cảnh Đinh Tiến","2026-08-02 09:17:36",70.6,2,tourist110406
10028,16626218,"Srishti Gauraha","2026-08-08 05:40:23",70.6,1,srishtigauraha
10029,16775483,"Parv Malav","2026-08-26 16:20:27",68.8,2,parvmalav
10030,16857111,tfcygv,"2026-09-09 00:09:00",68.2,2,tfcygv
10031,16867334,"Connor Tran","2026-09-21 22:05:52",68.0,1,thlphero
10032,16746655,"Charan Reddy321","2026-08-25 06:27:38",67.9,1,charanreddy321
10033,16656685,"Shravani Hibare","2026-08-05 10:15:36",66.2,2,shrahib4725
10034,16800124,"Atharv Hirve","2026-09-20 08:44:54",65.9,2,atharvhirve14
10035,16621565,"salih chindo","2026-08-12 19:45:58",65.8,1,salihchindo
10036,16769419,dylanaki,"2026-09-23 14:48:32",65.6,2,dylanaki
10037,16658695,"Muskan Zahid","2026-08-04 14:14:02",65.2,2,artificial52
10038,16670547,"Maduako Prince","2026-08-05 22:53:03",65.1,2,maduakoprince
10039,16621770,"Rudraksh Zodage","2026-07-30 20:07:49",65.0,2,rudrakshzodage
10040,16662547,"hiteshsinh solanki","2026-08-05 07:59:16",64.7,2,hiteshsinhsolanki2
10041,16660494,"Hòa Phùng Ngọc GIa","2026-09-22 08:11:18",64.4,2,haphngngcgia
10042,16656815,"Atharva S. Naladkar","2026-08-06 06:46:40",64.1,2,atharvasnaladkar
10043,16662295,"benja cooper","2026-08-04 17:41:28",63.5,2,benjacooper
10044,16659451,anero98,"2026-08-22 20:47:29",63.5,2,anero98
10045,16677441,"ERREGUI YOUSSEF","2026-08-06 18:02:39",62.5,2,erreguiyoussef
10046,16885473,Razazazazaza,"2026-09-29 09:16:42",61.8,2,razazazazaza
10047,16665079,"Maguluri Keerthi","2026-08-05 06:16:03",61.7,2,magulurikeerthi
10048,16661098,"Muhammad aufa azmi","2026-08-04 15:18:35",61.0,2,muhammadaufaazmi
10049,16662455,"Nenavath Shashi","2026-08-04 18:04:52",60.6,2,nenavathshashi
10050,16659041,"uma mahesh23","2026-08-04 11:50:03",60.5,2,umamahesh23
10051,16841368,lware5829,"2026-09-05 20:57:52",60.5,1,lware5829
10052,16658297,"Charishma Pillapalem","2026-08-11 12:46:56",59.6,2,charishmapillapalem
10053,16657561,Roshdibenrojo83,"2026-08-04 07:19:05",59.4,2,roshdibenrojo83
10054,16717094,"[Deleted] 3efc3b54-b875-4c05-8e11-1214498e2853","2026-08-13 12:30:26",59.2,1,del=386289f87b91311f
10055,16623094,"Claudia Arias Gonzalez","2026-09-24 21:54:03",58.8,2,claudiaariasgonzalez
10056,16654363,"NIKHIL YADAV","2026-08-17 21:20:32",58.8,2,nikhilyadav232223
10057,16726311,"Prince Diwakar","2026-08-16 12:55:18",56.9,2,princediwaker
10058,16891699,Sriram102,"2026-09-19 05:31:23",56.1,2,sriram102
10059,16659582,"Srikanth Adivanna","2026-08-04 11:25:45",54.8,1,srikanthadivanna
10060,16765566,DIYANSH_JAIN7,"2026-09-03 10:56:38",54.3,1,diyanshjain7
10061,16727876,"Harrison Wachira","2026-08-16 08:50:03",53.7,1,harrisonwachira254
10062,16658666,"VMax Agents","2026-08-04 10:57:49",52.5,1,"akhiildheep,mithun5353"
10063,16735323,"Souvik Routh","2026-08-18 04:30:21",52.3,1,souvikrouth
10064,16660340,"pawan sondhiya","2026-08-07 06:22:38",52.2,2,pawansondhiya
10065,16656485,stunningvn,"2026-09-08 07:40:44",51.9,2,dedquoc
10066,16691729,"ADOLF FAUSTINE","2026-08-18 02:42:39",51.8,2,adolffaustine
10067,16762458,"Promise Matorofa","2026-08-24 10:00:04",51.0,2,promisematorofa
10068,16657303,"Tejas Tiwari","2026-08-04 07:32:17",50.8,1,tejaat
10069,16848280,"Oladipupo Olapoju","2026-09-08 00:24:32",49.8,2,pupoolapoju
10070,16731873,"Abhishek Singh Solanki","2026-08-19 07:24:47",49.6,1,realabhi5hek
10071,16798631,dzlabs,"2026-09-01 09:57:10",48.6,2,dzlabs
10072,16667489,"Cornol Lieto","2026-08-05 12:31:14",48.4,1,lietocornol
10073,16665345,saurabh10june,"2026-08-05 11:53:47",48.0,2,saurabh10june
10074,16659308,Attaerabi,"2026-08-05 07:52:52",47.0,2,attaerabi
10075,16661419,"Shivansh Soni","2026-08-04 15:08:01",47.0,2,shivanshsonii
10076,16662243,"Cepeda Braxton","2026-08-04 19:31:54",44.3,2,cepedabraxton
10077,16912163,"Umar Tabbsum","2026-09-17 14:36:46",44.0,2,umartabbsum
10078,16743822,Surya,"2026-08-19 16:21:21",43.4,1,suryapandian
10079,16938736,melonminning,"2026-09-30 22:54:09",41.2,1,"bigsandwich,lawblu"
10080,16621519,Ᏸ𐍂Ꭷ,"2026-07-30 17:30:30",40.9,2,dheerajkannaujiya
10081,16762766,"Eman Gope","2026-09-28 12:06:29",40.0,2,emangope
10082,16654711,"Rupam Bhattacharjee1","2026-08-14 16:43:07",39.4,1,rupambhattacharjee1
10083,16670552,"Harsh Chaudhary ml","2026-08-05 22:16:25",39.2,1,harshchaudharyml
10084,16858278,"Sukma Ramadhan A","2026-09-12 13:22:49",38.5,2,sukmaramadhana
10085,16925909,"Hopefrey Mosingi","2026-09-19 15:30:15",38.2,2,hopefreymosingi
10086,16670368,"Gary Gitton","2026-08-19 17:03:04",37.9,2,garygitton
10087,16785477,"ASHMIL P URK25CS7129","2026-08-28 18:26:11",37.3,1,ashmilpurk25cs7129
10088,16668691,BeltusTebid,"2026-08-05 16:01:45",37.1,1,beltustebid
10089,16808545,"Qinyong Wang","2026-09-02 11:53:03",35.0,2,magicwqy
10090,16663406,"Elshan Kazim","2026-08-16 08:38:43",34.5,1,elsnkazm
10091,16938479,"Илья Попов ","2026-09-22 22:54:01",34.4,1,wingedwolf7
10092,16632375,"Vivien Jiaqian Zhu 朱嘉倩","2026-09-24 07:28:48",33.0,2,vivienjz
10093,16656777,"Salam Alqerem","2026-08-31 10:59:33",32.4,2,salamalqerem
10094,16666072,Abinash,"2026-08-05 15:07:52",31.2,2,abinashsinha1726
10095,16736939,"Flandre 29","2026-08-26 08:23:01",30.5,2,flandre29
10096,16728931,Sathwik2006,"2026-08-16 14:25:36",30.3,2,sathwik2006
10097,16663277,"Mariana Mejía","2026-08-24 23:58:54",29.0,2,marianameja
10098,16840189,"Sneha yadav","2026-09-30 11:19:55",29.0,2,sneha463
10099,16794173,"Kamran Arshad","2026-08-31 07:19:49",29.0,2,kamranarshad
10100,16785053,"Rinosh Bethala","2026-08-28 17:52:26",28.2,1,rinoshbethala
10101,16657055,RedKiwi,"2026-08-05 05:57:34",26.2,2,tnmthai
10102,16691542,Tushar_SVC,"2026-08-11 04:12:09",24.8,2,tusharsvc
10103,16641109,zzgtylors,"2026-08-06 06:21:50",24.6,2,zzgtylors
10104,16698958,"Shanjaya SK","2026-08-28 15:25:11",24.4,1,"payuu03,shanjayask"
10105,16803074,"fumihito mori","2026-09-01 14:00:16",23.9,1,fumihitomori
10106,16707468,"SBJ 2205","2026-08-12 09:59:33",23.9,1,sbj2205
10107,16705637,"Vedant Ghodekar","2026-08-11 05:28:57",23.4,1,vedantghodekar
10108,16710773,Openaiskrip,"2026-08-12 07:54:38",22.9,2,openaiskrip
10109,16867026,"Aashish Bagmar","2026-09-11 05:14:45",22.1,2,aashishbagmar
10110,16666273,"Wondu Zerihun","2026-09-08 07:55:57",20.8,2,zerihun369
10111,16700316,"Pranav Waghmare","2026-08-11 16:29:05",20.1,1,waghmarepranav6
10112,16731524,"Tsyrenov Mergen","2026-08-17 09:42:39",18.9,1,tsyrenovmergen
10113,16633018,purelilyth,"2026-08-20 19:43:09",18.9,2,purelilyth
10114,16835282,nico23t,"2026-09-07 14:18:22",18.7,2,nico23t
10115,16659675,"M.Athallah Rafif Aldera","2026-08-06 12:40:14",18.6,2,mathallahrafifaldera
10116,16700342,"FRéeàíbrlghtO0óL Ho","2026-09-30 23:57:48",18.1,2,frebrlghto0lho
10117,16663897,jayaBhavagan,"2026-08-05 19:34:36",17.5,1,jayabhavagan
10118,16730708,ysakuragi,"2026-08-19 01:30:12",16.9,1,ysakuragi
10119,16719441,Gatranova,"2026-08-14 04:11:54",16.9,2,rafiabiyyuairlangga
10120,16660886,"Dr.Eldirdiri Fadol ","2026-08-05 05:30:48",13.5,2,dreldirdirifadol
10121,16663161,"Pial Mahmud","2026-08-17 10:38:21",12.9,2,pialgroup
10122,16658100,"Nanda Riansyah","2026-08-04 08:55:54",12.6,2,nandariansyah
10123,16656240,"SACHIN KUMAR","2026-08-10 03:13:24",12.1,2,sackm123
10124,16693819,"Hossein Shad Manaman","2026-08-12 03:14:58",11.4,2,hosseinshadmanaman
10125,16666836,"Emir Ayvaz","2026-08-07 05:57:00",9.8,2,emirayvaz
10126,16675209,lavica,"2026-08-11 13:23:03",9.4,2,lavica
10127,16761007,"Pankaj Nakhat","2026-08-23 11:48:21",9.3,2,pankajnakhat
10128,16679410,"Leke Glean","2026-08-07 17:29:04",8.6,2,lekeglean
10129,16640594,Win2207,"2026-08-07 12:05:07",8.3,2,win2207
10130,16687628,ruchit,"2026-08-28 11:22:16",7.9,1,ruchitkhade
10131,16668599,"Hafsa Anwaar","2026-08-05 17:43:21",7.4,2,hafsaanwaar
10132,16735237,"YASH CHIMAN","2026-08-18 04:20:24",2.8,1,yashchiman
10133,16678283,"Ajinkya Digurkar","2026-08-21 10:56:03",2.8,2,"ajinkyadigurkar,sakshiagrawal8818"
10134,16662013,"Future Innovators","2026-09-30 15:22:40",1.1,2,suthansrivarma
10135,16680428,"Surabhi veda","2026-08-07 01:49:35",0.6,1,surabhiveda
10136,16644474,"Vihaan Ahluwalia","2026-08-05 13:16:21",0.5,2,vihaanahluwalia
10137,16868098,"Arya Patil","2026-09-11 08:00:49",0.0,1,shutterstack
10138,16661711,"Wild Star217","2026-08-30 18:00:18",-1.3,2,wildstar217
10139,16846758,"Harish More","2026-09-07 07:44:25",-1.4,2,harishmore812
10140,16662721,"Manish Sharma","2026-08-12 17:44:16",-2.6,2,themihirsharma
10141,16661068,ZeViX,"2026-09-25 16:23:22",-3.4,2,"codinggeek101,vedantkhete"
10142,16932358,"Ilfat Hismatullin","2026-09-20 21:41:28",-4.6,1,izek123
10143,16673372,"Hadyan Adira","2026-08-14 03:16:30",-5.1,2,hadyanadira
10144,16698953,Locked_in_hell,"2026-08-13 18:31:55",-5.4,2,stealthknight
10145,16723050,"Ítalo Albuquerque","2026-09-11 18:32:23",-5.9,2,taloalbuquerque
10146,16839644,Mikhail,"2026-09-06 06:52:57",-5.9,1,mih2501py
10147,16867360,kagg24293,"2026-09-11 08:19:36",-6.3,2,kagg24293
10148,16665139,"Siddharaj Kulkarni","2026-08-16 05:23:21",-6.6,2,siddharajkulkarni
10149,16656753,"TAMAL SINGHA ROY","2026-08-05 07:57:48",-7.2,2,tamalsingharoy
10150,16684847,"M.Harshavardhan Raju","2026-08-09 16:15:49",-7.4,2,mharshavardhanraju
10151,16892319,"Shair Khan","2026-09-21 08:30:36",-8.4,2,datascikhan
10152,16716079,shaurya_pandey@19,"2026-08-13 09:27:49",-10.1,2,shauryapandey19
10153,16624064,"Hemant Ahlawat","2026-07-31 15:52:56",-10.3,2,happyahlawat
10154,16938443,"zhichen huang","2026-09-21 21:54:55",-12.3,1,zhichenhuang
10155,16667339,"Victor Chege","2026-09-01 13:56:51",-13.7,2,victorchege0
10156,16654087,Gabriela_Fernandes4,"2026-08-04 19:12:33",-14.1,1,gabrielafernandes4
10157,16924138,Shash,"2026-09-30 18:21:30",-14.7,2,shashcoder
10158,16673732,"Async Null","2026-08-06 16:55:26",-20.2,1,asyncnull
10159,16714192,"Nishanth Palugula","2026-08-14 06:51:09",-20.4,2,nishanthpalugula
10160,16916794,SHUJAT,"2026-09-21 14:59:47",-24.6,1,syedshujathussain
10161,16780027,rotto,"2026-09-01 13:18:33",-25.2,2,pirotototo4023
10162,16632413,"Varun Patil","2026-07-31 18:41:34",-25.9,1,varunpatil262005
10163,16716562,"Ananya Maurya","2026-08-13 10:01:25",-26.2,2,ananyamaurya
10164,16676428,wayzhengong27,"2026-08-08 06:34:59",-26.9,2,"kkkuek,wayzhengong27"
10165,16654026,"joju shaji","2026-08-09 16:36:43",-28.2,2,jojushaji
10166,16687620,Goktug1,"2026-09-18 18:47:26",-29.6,2,goktug1
10167,16633932,omikbop,"2026-08-02 12:36:52",-30.9,2,omikbop
10168,16784650,LukasM1,"2026-08-28 14:15:24",-33.6,1,lukasm1
10169,16675819,RohitS001,"2026-08-11 18:05:54",-33.8,2,rohits001
10170,16771156,"Ronald Ayamba","2026-08-25 19:16:26",-34.8,1,ronaldayamba
10171,16669011,"Siddiqui Rehan Ahmed Furqan","2026-08-07 05:24:38",-34.9,2,siddiquirehanahmed
10172,16633250,Myst19,"2026-08-03 13:25:15",-38.0,2,jakeschweikhart
10173,16811344,"Vineeth Nannuri","2026-09-10 05:19:07",-41.6,2,vineethnannuri
10174,16721567,"Neeraj Sharma","2026-09-04 07:21:50",-42.0,1,neerajsharma897
10175,16658745,"Shabby farms 2.0","2026-08-16 03:10:28",-43.2,2,rahulk5418
10176,16852322,"Harshit Varma45","2026-09-08 03:54:30",-43.6,1,harshitvarma45
10177,16778494,"Agda Niya","2026-08-28 06:43:07",-44.2,2,agdaniya
10178,16948861,"PRATHAMESH ARUN JADHAV","2026-09-24 03:10:19",-44.3,1,prathamesharunjadhav
10179,16747839,"Ich Schmid","2026-09-19 13:56:52",-45.0,2,ichschmid
10180,16657568,"Manpreet Singh","2026-08-08 13:45:41",-45.7,2,manpreet1994
10181,16720136,"Roaring Cotton","2026-09-15 20:07:58",-46.5,2,daviddavidelijah
10182,16944152,JanGO,"2026-09-29 20:27:09",-48.0,2,jankoai
10183,16659501,Duckey,"2026-08-04 13:02:16",-48.7,2,bokangletsapo
10184,16809774,farmci,"2026-09-02 16:59:50",-48.7,1,ermismel
10185,16683075,"Manuel lasarte León","2026-09-30 08:30:44",-48.9,2,manuellasarte
10186,16895738,suqingying,"2026-09-21 10:43:10",-50.5,1,suqingying
10187,16696104,"Harshit Meesari","2026-08-09 14:31:00",-50.6,1,harshitmeesari
10188,16943065,"LOKHANDE HARSH","2026-09-23 16:45:21",-52.5,1,lokhandeharsh
10189,16662922,BrandonDucar,"2026-09-12 23:12:40",-55.6,2,brandonducar
10190,16689555,"kelvin waruingi","2026-08-09 22:45:23",-55.9,2,kelvinwaruingi
10191,16660161,"Antimo Carlino","2026-09-08 19:09:46",-56.2,2,antimocarlino
10192,16888204,"yunus yalman","2026-09-24 19:48:59",-57.6,2,yunusyalman
10193,16644519,"Shambhu Shekhar Sinha","2026-08-12 18:55:43",-58.0,2,shambhushekharsinha
10194,16914127,"Aditya Jha","2026-09-20 04:35:47",-61.5,2,theadijha
10195,16885604,dualcore,"2026-09-22 09:54:46",-66.4,2,"shashankkalled,tridiv14"
10196,16721495,"404 Crop Not Found","2026-09-01 08:45:29",-69.5,2,"aiprojector,boazx15"
10197,16735078,"SUDHANSHU PATIL","2026-08-18 04:37:33",-76.8,2,sudhanshupatil10
10198,16661152,"Dr.Abdulbaset Musleh","2026-09-19 17:40:52",-77.0,2,drabdulbasetaledresi
10199,16941446,"Rehan Liaqat","2026-09-22 12:30:49",-79.0,1,rehanliaqat17
10200,16644439," علي ساجد","2026-08-02 21:40:07",-79.7,2,jdvdjdv97171ushd
10201,16708290,"Hrishikesh Thakare","2026-08-12 14:45:08",-79.7,1,hrishikeshthakare
10202,16780318,"Piyush Darinda","2026-08-27 17:28:07",-82.3,2,piyushdarinda
10203,16633417,"Handsonlabs Software Academy","2026-09-28 12:41:05",-82.8,2,tobimichigan
10204,16679250,srskat,"2026-08-16 08:26:30",-83.3,2,srskat
10205,16790678,Pujolaras,"2026-09-03 14:45:14",-87.4,1,pujolaras
10206,16654404,"Madhan Sidmal","2026-08-11 21:28:45",-88.5,2,madhansidmal
10207,16731488,"James Kimani","2026-08-27 13:18:20",-96.9,1,jaykim122
10208,16624666,"Avik Das","2026-08-21 08:57:10",-97.0,2,avikdas567
10209,16664822,"Prateek Singh","2026-08-05 05:30:22",-98.9,2,pra73ek
10210,16802203,"Sadaf Mughees","2026-09-21 09:16:16",-100.1,2,sadafmughees
10211,16732320,"Malik Muhammad Arbaz","2026-08-18 13:05:51",-103.5,1,malikmuhammadarbaz
10212,16659057,"Jolvin James","2026-08-07 08:04:22",-106.0,2,jolvinjames
10213,16676890,luciferingstar256,"2026-08-20 15:40:55",-106.9,1,luciferingstar256
10214,16792531,"subash jayakumar","2026-08-30 20:14:56",-112.8,2,subashjayakumar
10215,16689681,"Prakash Rajan","2026-08-09 16:37:56",-119.8,2,prakashai
10216,16663728,"Al'Humairah Ali","2026-08-10 17:28:01",-121.3,1,alhumairahali
10217,16755427,"Daksh Jain","2026-08-21 15:18:57",-122.1,1,dakshu081
10218,16629006,ymym_tymblack,"2026-08-22 09:44:39",-130.3,2,ymymtymblack
10219,16805234,Ryuzaki2325,"2026-09-01 19:44:54",-130.6,1,ryuzaki2325
10220,16622991,"Fedor Grigorev","2026-08-27 15:30:57",-136.0,1,fedorgrigorev
10221,16683041,Abhishektyagi649,"2026-08-07 08:37:09",-141.3,2,abhishektyagi649
10222,16685888,LeulYT,"2026-08-10 05:35:44",-145.5,2,leulyt
10223,16758417,AthulJenson,"2026-08-22 14:21:26",-148.3,1,athuljenson
10224,16808566,"contemporary dance","2026-09-02 22:44:14",-148.7,2,shigeria
10225,16885774,"Adama Savadogo","2026-09-14 17:34:16",-150.6,2,adamasavadogo
10226,16657035,"Christvin Mathew","2026-08-04 08:55:56",-153.8,2,christvinmathew
10227,16713011,"Tasmayu Swain","2026-08-14 15:49:35",-155.8,1,tasmayuswain
10228,16637499,Yuchen20,"2026-09-19 14:06:24",-160.2,2,yuchen2066
10229,16731829,"Alexandra Tricia","2026-08-19 07:03:33",-160.7,2,alexandratricia
10230,16709661,sapphirey,"2026-09-07 11:21:05",-174.8,2,sapphirey
10231,16719181,SaltyCode,"2026-08-16 04:56:22",-180.4,1,saltycode
10232,16707646,ppssbb09,"2026-09-17 13:40:43",-185.1,1,ppssbb09
10233,16723326,"jalisa Bass","2026-09-30 16:04:26",-187.2,2,jalisabass
10234,16695221,"Muhammad Daud Abbas","2026-08-12 20:04:32",-247.7,2,muhammaddaudabbas
10235,16717416,"Timofey Kalyak","2026-08-20 07:04:06",-259.6,1,timofeytweaky
10236,16660261,"YO_ONE CHAUHAN","2026-08-08 23:49:54",-260.0,2,yoonechauhan
10237,16668701,"Nihal Jamadar","2026-08-09 04:28:26",-260.0,2,nihaljamadar313
10238,16659864,"Twin Titans","2026-08-08 07:50:33",-260.7,2,"sivahokage,solaisararaju"
10239,16659881,SantosR,"2026-09-08 14:27:04",-261.6,2,santosr
10240,16794008,HyperPlanz,"2026-08-31 13:08:38",-262.4,2,domiandr000
10241,16665495,"sai chand Boppudi","2026-08-07 04:19:58",-263.6,2,saichandboppudi
10242,16692837,"Sai Uttam Gite","2026-08-09 11:36:32",-265.2,1,saiuttamgite
10243,16728276,"ROHAAN ASIF","2026-08-16 11:20:59",-265.8,2,ordinarydev007
10244,16724138,"Tuna Xiao","2026-09-07 15:05:12",-267.5,1,tunaxiao
10245,16930374,扣扣农场,"2026-09-30 16:55:00",-268.5,2,tsjzkzyzz
10246,16889642,"calvin Grimm","2026-09-14 06:15:04",-272.4,1,calvingrimm
